system:index,bedrock,clay,dem,erosion,hand,latitude,longitude,precip,sand,slope,soc,spatial_fold,suit_score,twi,typhoon,.geo
0,0.0,26.0,20.0,13.201485633850098,20.0,18.57208377350686,110.08607844719722,2179.86328125,42.0,0.7773006558418274,3.0,1.0,0.7242744381298731,14.059710502624512,45.0,"{""type"":""Point"",""coordinates"":[110.08810890232886,18.574191833817743]}"
1,0.0,23.0,119.0,23.05623435974121,54.0,19.259294965858295,110.07709529435607,2866.4794921875,48.0,0.9256881475448608,3.0,2.0,0.7348746931330788,13.826116561889648,38.0,"{""type"":""Point"",""coordinates"":[110.0762289804326,19.25878917967303]}"
2,0.0,29.0,782.0,66.88262939453125,660.0,19.115564520399175,109.21022104518073,2534.791015625,47.0,14.568042755126953,9.0,2.0,0.5953883884781569,10.527397155761719,39.0,"{""type"":""Point"",""coordinates"":[109.21153321873435,19.117709496100176]}"
3,0.0,32.0,399.0,51.56243133544922,202.0,19.052682450510808,109.40785040768702,2437.366943359375,36.0,7.013795375823975,4.0,2.0,0.6180364458383409,11.607999801635742,42.0,"{""type"":""Point"",""coordinates"":[109.40616044474183,19.05224947491745]}"
4,0.0,24.0,28.0,8.94935417175293,27.0,19.784809407068217,110.84066328585766,2094.12158203125,54.0,0.6697322726249695,5.0,4.0,0.7178465849372522,12.989968299865723,44.0,"{""type"":""Point"",""coordinates"":[110.83980343007184,19.78300707530415]}"
5,0.0,24.0,35.0,13.54639720916748,35.0,18.343013376056383,109.52463139462253,1771.470703125,54.0,1.763452172279358,3.0,0.0,0.6967386194299462,13.23155689239502,41.0,"{""type"":""Point"",""coordinates"":[109.52405400224609,18.34376687831744]}"
6,0.0,24.0,109.0,19.14653968811035,40.0,19.33116018858786,110.18489312845037,2928.958251953125,49.0,0.573488712310791,3.0,3.0,0.7527859818848739,14.311075210571289,38.0,"{""type"":""Point"",""coordinates"":[110.18299536923713,19.332992612559522]}"
7,0.0,31.0,319.0,47.80515670776367,169.0,19.232345507334713,109.5964966173521,2667.492431640625,38.0,4.545291423797607,4.0,2.0,0.6532771465333792,12.102145195007324,39.0,"{""type"":""Point"",""coordinates"":[109.59548037989083,19.231223206054857]}"
8,0.0,24.0,142.0,52.26589584350586,68.0,19.367092799952644,109.86599120258796,2726.19140625,47.0,4.330911636352539,4.0,3.0,0.6992966850931097,12.26711654663086,39.0,"{""type"":""Point"",""coordinates"":[109.86433697794055,19.368361250923613]}"
9,0.0,23.0,123.0,20.983489990234375,58.0,19.26827811869949,110.09057002361783,2866.4794921875,47.0,0.7491510510444641,3.0,2.0,0.7266353946460615,14.03529167175293,39.0,"{""type"":""Point"",""coordinates"":[110.08980111669506,19.26937602124172]}"
10,0.0,29.0,314.0,37.4849853515625,137.0,19.196412895969935,109.51115666536077,2535.598876953125,42.0,3.5432252883911133,4.0,2.0,0.6588224705156441,12.355506896972656,38.0,"{""type"":""Point"",""coordinates"":[109.51118107193278,19.19556017992289]}"
11,0.0,23.0,95.0,14.183964729309082,63.0,19.18742974312874,110.09057002361783,2791.02294921875,51.0,0.28679710626602173,4.0,2.0,0.7173127063902824,15.012548446655273,41.0,"{""type"":""Point"",""coordinates"":[110.09195616389174,19.188934739214496]}"
12,0.0,34.0,435.0,32.969444274902344,266.0,18.985308804201843,109.33598518495745,2292.1103515625,35.0,4.194196701049805,5.0,2.0,0.6142378066430689,12.098433494567871,43.0,"{""type"":""Point"",""coordinates"":[109.33751059806195,18.986191382380714]}"
13,0.0,26.0,21.0,5.1441192626953125,21.0,18.908952005051688,108.69818133323258,1517.1463623046875,48.0,0.38144540786743164,3.0,2.0,0.6849610910801633,14.771039009094238,45.0,"{""type"":""Point"",""coordinates"":[108.69825369182574,18.911193996435312]}"
14,0.0,21.0,5.0,4.209559917449951,5.0,19.0706487561932,108.65326556902659,1457.1580810546875,52.0,0.19089336693286896,2.0,2.0,0.6999609796190216,15.472503662109375,45.0,"{""type"":""Point"",""coordinates"":[108.65141591852057,19.07252513143445]}"
15,0.0,30.0,431.0,43.061439514160156,325.0,18.670898454760014,109.28657784433085,2066.3583984375,48.0,9.457006454467773,4.0,1.0,0.5756825243025971,11.281061172485352,45.0,"{""type"":""Point"",""coordinates"":[109.28477789125246,18.67036471379799]}"
16,0.0,26.0,891.0,32.168357849121094,839.0,18.80115417095734,109.77615967417603,2473.3369140625,45.0,4.279400825500488,5.0,1.0,0.5927996800101849,11.653231620788574,44.0,"{""type"":""Point"",""coordinates"":[109.77808464428385,18.799273336219024]}"
17,0.0,26.0,294.0,41.7866325378418,194.0,19.362601223532046,109.43030828978999,2637.860595703125,53.0,3.963064432144165,4.0,3.0,0.6664842926629352,12.25701904296875,37.0,"{""type"":""Point"",""coordinates"":[109.42906935415512,19.36197457933684]}"
18,0.0,30.0,37.0,14.748384475708008,34.0,19.308702306484875,110.47235401936865,2757.08837890625,35.0,0.34922704100608826,5.0,3.0,0.7535763415474521,14.830571174621582,41.0,"{""type"":""Point"",""coordinates"":[110.47400277738993,19.309877295542172]}"
19,0.0,28.0,567.0,53.13157272338867,511.0,19.12903924966097,109.13386424603056,2411.672119140625,48.0,9.053513526916504,7.0,2.0,0.6162504931063931,11.216785430908203,39.0,"{""type"":""Point"",""coordinates"":[109.13254875405079,19.129149918888597]}"
20,0.0,21.0,94.0,13.800429344177246,82.0,19.147005555343355,108.92725173068305,2238.19140625,60.0,0.8855273127555847,3.0,2.0,0.6717956012877122,13.885671615600586,41.0,"{""type"":""Point"",""coordinates"":[108.92561521850764,19.145648391904874]}"
21,0.0,25.0,24.0,9.967443466186523,27.0,18.805645747377937,110.33760672675072,2214.28857421875,49.0,0.3648683428764343,2.0,1.0,0.710482158503267,14.813736915588379,47.0,"{""type"":""Point"",""coordinates"":[110.33576305265233,18.80409987967682]}"
22,0.0,32.0,16.0,7.413508415222168,17.0,19.838708324115387,109.2281873508631,1764.58544921875,39.0,0.5304341912269592,2.0,4.0,0.7567086052936938,14.444181442260742,33.0,"{""type"":""Point"",""coordinates"":[109.23018151737165,19.83747232242967]}"
23,0.0,27.0,399.0,28.570220947265625,350.0,18.67988160760121,109.57403873524913,2192.7236328125,50.0,3.7796592712402344,4.0,1.0,0.5938076887814778,12.229805946350098,47.0,"{""type"":""Point"",""coordinates"":[109.57505530238564,18.67906145492204]}"
24,0.0,23.0,58.0,17.370037078857422,58.0,19.816250442012404,110.05014583583244,2527.185546875,51.0,0.9394810795783997,2.0,4.0,0.7479675397640931,13.57088565826416,34.0,"{""type"":""Point"",""coordinates"":[110.0483559827463,19.815380367891294]}"
25,0.0,28.0,133.0,27.405628204345703,118.0,19.061665603352004,110.22531731623576,2793.832275390625,42.0,1.4592705965042114,4.0,2.0,0.6546894392192257,13.362222671508789,44.0,"{""type"":""Point"",""coordinates"":[110.22559528208687,19.063524289382556]}"
26,0.0,26.0,307.0,32.42537307739258,122.0,19.084123485454995,109.69531129860525,2603.55419921875,49.0,2.6198055744171143,4.0,2.0,0.6577454588303276,12.66287899017334,40.0,"{""type"":""Point"",""coordinates"":[109.69328418781393,19.084731208754928]}"
27,0.0,26.0,1002.0,46.06382369995117,969.0,18.71581421896599,108.90479384858008,2107.58642578125,49.0,17.394710540771484,7.0,1.0,0.5204918687941693,10.083317756652832,46.0,"{""type"":""Point"",""coordinates"":[108.90506797361385,18.715198345873436]}"
28,0.0,28.0,149.0,31.773725509643555,75.0,19.344634917849653,109.87048277900857,2688.758056640625,43.0,2.1267435550689697,4.0,3.0,0.6966385707383438,12.975393295288086,40.0,"{""type"":""Point"",""coordinates"":[109.87173798477205,19.34560968613405]}"
29,0.0,28.0,24.0,15.461609840393066,24.0,19.313193882905473,110.50828663073344,2742.8125,42.0,0.44064852595329285,4.0,3.0,0.7688093989813913,14.587279319763184,40.0,"{""type"":""Point"",""coordinates"":[110.50947194196321,19.311627540285233]}"
30,0.0,27.0,641.0,74.15889739990234,587.0,19.030224568407817,109.10691478750698,2482.21875,50.0,15.853909492492676,7.0,2.0,0.5901290356273913,10.574423789978027,40.0,"{""type"":""Point"",""coordinates"":[109.10613890467933,19.03050901901774]}"
31,0.0,25.0,201.0,39.725242614746094,163.0,19.052682450510808,110.08158687077662,2750.775634765625,47.0,2.861685037612915,5.0,2.0,0.6361433164732975,12.645224571228027,46.0,"{""type"":""Point"",""coordinates"":[110.0808507779755,19.052105015404425]}"
32,0.0,21.0,42.0,15.343313217163086,41.0,19.847691476956584,109.66836184008167,2147.6484375,50.0,1.0882264375686646,2.0,4.0,0.7400545267817866,13.7103910446167,35.0,"{""type"":""Point"",""coordinates"":[109.66974063147195,19.849679701339134]}"
33,0.0,26.0,41.0,22.44775390625,38.0,19.29522757722308,110.37803091453611,2942.094970703125,50.0,0.8584315776824951,5.0,3.0,0.7592500505931253,13.94821834564209,38.0,"{""type"":""Point"",""coordinates"":[110.37969496395763,19.294064563214746]}"
34,0.0,30.0,201.0,39.4637565612793,69.0,19.205396048811124,109.8031091326996,2768.3896484375,42.0,2.899803400039673,6.0,2.0,0.7068480451923308,12.631969451904297,38.0,"{""type"":""Point"",""coordinates"":[109.80248567244,19.207136252549915]}"
35,0.0,28.0,494.0,14.031871795654297,427.0,18.590050079189254,109.47073247757538,2214.372314453125,48.0,1.0825767517089844,6.0,1.0,0.6050959538526716,13.4086275100708,46.0,"{""type"":""Point"",""coordinates"":[109.46907153289722,18.5881012464824]}"
36,0.0,22.0,31.0,7.140469074249268,32.0,19.88362408832137,109.65937868724046,2084.842041015625,43.0,0.057359881699085236,2.0,4.0,0.7556692602512779,16.659883499145508,34.0,"{""type"":""Point"",""coordinates"":[109.66000693037671,19.88454762950848]}"
37,0.0,26.0,506.0,83.11173248291016,477.0,18.720305795386587,109.93785642531753,2596.105712890625,48.0,14.176953315734863,4.0,1.0,0.5743101995012563,10.806183815002441,47.0,"{""type"":""Point"",""coordinates"":[109.93871005879517,18.719724775454154]}"
38,0.0,24.0,4.0,15.520272254943848,6.0,19.18742974312874,110.47684559578926,2753.08544921875,48.0,0.4176870584487915,2.0,2.0,0.788606144294199,14.670985221862793,40.0,"{""type"":""Point"",""coordinates"":[110.47682086684952,19.188676616392627]}"
39,0.0,25.0,165.0,71.38414764404297,161.0,18.473269092253716,109.65488711081986,2093.80322265625,50.0,15.982309341430664,3.0,1.0,0.575094320493075,10.92251205444336,44.0,"{""type"":""Point"",""coordinates"":[109.65492189971891,18.472007695706676]}"
40,0.0,30.0,430.0,41.465675354003906,384.0,18.697847913283596,109.58302188809029,2192.7236328125,47.0,7.335126876831055,4.0,1.0,0.5713606307387017,11.539554595947266,49.0,"{""type"":""Point"",""coordinates"":[109.58428450012562,18.697839375463193]}"
41,0.0,27.0,106.0,28.0811710357666,106.0,19.340143341429055,108.88233596647706,1954.684326171875,49.0,4.352654933929443,4.0,3.0,0.6181164148310702,12.28420352935791,42.0,"{""type"":""Point"",""coordinates"":[108.88187355252106,19.342373146342045]}"
42,0.0,27.0,13.0,15.954683303833008,16.0,19.007766686304834,110.51726978357459,2397.620361328125,38.0,0.8052111268043518,5.0,2.0,0.7700601844960518,14.00930404663086,39.0,"{""type"":""Point"",""coordinates"":[110.5187898273939,19.007796563207457]}"
43,0.0,30.0,153.0,8.790130615234375,24.0,18.778696288854356,109.22369577444249,2127.4619140625,40.0,0.3113425076007843,3.0,1.0,0.7149607181764117,14.894797325134277,44.0,"{""type"":""Point"",""coordinates"":[109.22578432594042,18.78065572827961]}"
44,0.0,30.0,78.0,9.865653991699219,78.0,19.537772703935353,109.17878001023655,2105.4130859375,46.0,0.5303816199302673,3.0,3.0,0.693005030896567,14.407913208007812,36.0,"{""type"":""Point"",""coordinates"":[109.1788414267337,19.537128892559814]}"
45,0.0,26.0,192.0,24.839250564575195,173.0,18.643948996236425,109.0260664119362,2040.185546875,45.0,3.1331355571746826,4.0,1.0,0.5995949923052062,12.560221672058105,47.0,"{""type"":""Point"",""coordinates"":[109.02698118913047,18.644596976215652]}"
46,0.0,28.0,58.0,10.064970970153809,56.0,19.838708324115387,110.31065726822715,2446.577880859375,43.0,0.19171778857707977,7.0,4.0,0.7479429112125973,15.160274505615234,35.0,"{""type"":""Point"",""coordinates"":[110.30998187531297,19.838229459184728]}"
47,0.0,28.0,268.0,17.300424575805664,203.0,19.23683708375531,109.98277218952347,2843.8681640625,42.0,0.5303300619125366,5.0,2.0,0.6783027944350439,14.287535667419434,38.0,"{""type"":""Point"",""coordinates"":[109.9844504693057,19.23543060580041]}"
48,0.0,30.0,1060.0,47.86807632446289,1006.0,19.0751403326138,109.11140636392759,2546.9794921875,48.0,11.912880897521973,8.0,2.0,0.5890209366934145,10.39822006225586,39.0,"{""type"":""Point"",""coordinates"":[109.11357199673016,19.07572918141118]}"
49,0.0,27.0,91.0,14.824658393859863,61.0,19.55573900961774,110.06811214151486,2707.701904296875,46.0,0.4299336075782776,4.0,3.0,0.745952708929012,14.610093116760254,35.0,"{""type"":""Point"",""coordinates"":[110.0661497610872,19.557196913501738]}"
50,0.0,38.0,803.0,13.23289680480957,634.0,18.985308804201843,109.30903572643388,2292.1103515625,33.0,0.9937329888343811,5.0,2.0,0.6126989256915061,13.212407112121582,41.0,"{""type"":""Point"",""coordinates"":[109.30927016204986,18.985018450169566]}"
51,0.0,26.0,111.0,36.15235137939453,111.0,18.63496584339523,110.07260371793546,2322.55029296875,49.0,3.9434585571289062,4.0,1.0,0.6263989828444924,12.380233764648438,45.0,"{""type"":""Point"",""coordinates"":[110.07091894807114,18.636350363642965]}"
52,0.0,25.0,97.0,24.49358367919922,89.0,19.308702306484875,110.3241319974889,2877.0341796875,46.0,1.0473518371582031,4.0,3.0,0.7063536436004255,13.715991973876953,36.0,"{""type"":""Point"",""coordinates"":[110.32270753254062,19.308263788781204]}"
53,0.0,35.0,80.0,11.3888521194458,81.0,19.515314821832362,110.66100022903373,2457.46142578125,38.0,0.43123024702072144,3.0,3.0,0.7111859405918068,14.164512634277344,36.0,"{""type"":""Point"",""coordinates"":[110.65950058455576,19.514978727543827]}"
54,0.0,24.0,206.0,17.618494033813477,140.0,19.4389580226822,109.52463139462253,2622.5146484375,54.0,0.8301437497138977,4.0,3.0,0.7028004734173672,13.880324363708496,33.0,"{""type"":""Point"",""coordinates"":[109.52334891988869,19.43788018061711]}"
55,0.0,30.0,318.0,57.72117233276367,296.0,18.82361205306033,110.13997736424443,2440.728515625,46.0,8.48511791229248,4.0,2.0,0.5871313404260915,11.473373413085938,49.0,"{""type"":""Point"",""coordinates"":[110.13805531592007,18.824980764120284]}"
56,0.0,29.0,16.0,10.438495635986328,16.0,19.730910490021046,110.73735702818391,2391.37744140625,46.0,0.4265555739402771,5.0,3.0,0.7627615149819855,13.729301452636719,41.0,"{""type"":""Point"",""coordinates"":[110.7377680963385,19.728825744608148]}"
57,0.0,24.0,503.0,52.0064811706543,456.0,18.6888647604424,108.9811506477302,2214.187255859375,50.0,10.090113639831543,5.0,1.0,0.5731086073994764,11.158941268920898,46.0,"{""type"":""Point"",""coordinates"":[108.98301188424502,18.688897569685818]}"
58,0.0,27.0,198.0,26.973495483398438,112.0,19.452432751943995,109.753701792073,2789.404296875,52.0,1.5977809429168701,3.0,3.0,0.6852459371069357,13.230525016784668,36.0,"{""type"":""Point"",""coordinates"":[109.75162039860568,19.45340035687753]}"
59,0.0,28.0,71.0,14.72049617767334,69.0,19.68599472581507,110.62955919408955,2445.071533203125,48.0,0.879525899887085,5.0,3.0,0.7239442417964771,13.460111618041992,36.0,"{""type"":""Point"",""coordinates"":[110.62876227557663,19.684157048114418]}"
60,0.0,26.0,238.0,71.34439849853516,122.0,19.286244424381884,109.68183656934343,2769.924560546875,52.0,7.812528133392334,4.0,3.0,0.6494233969401929,11.611369132995605,38.0,"{""type"":""Point"",""coordinates"":[109.68172799646972,19.284879254462037]}"
62,0.0,22.0,158.0,18.868955612182617,100.0,19.49734851614997,109.798617556279,2789.404296875,56.0,0.7281580567359924,4.0,3.0,0.6968484838028066,14.041996955871582,35.0,"{""type"":""Point"",""coordinates"":[109.79720372456535,19.498947118698858]}"
63,0.0,25.0,183.0,20.397504806518555,80.0,19.286244424381884,109.71776918070822,2696.286376953125,54.0,1.039331316947937,4.0,3.0,0.703086156396533,13.670318603515625,38.0,"{""type"":""Point"",""coordinates"":[109.71675343061881,19.284575932599108]}"
65,0.0,25.0,175.0,20.426042556762695,135.0,19.115564520399175,109.08894848182456,2333.70654296875,51.0,1.594566822052002,4.0,2.0,0.6590981567388324,13.247231483459473,39.0,"{""type"":""Point"",""coordinates"":[109.09103788783735,19.116511554460327]}"
66,0.0,31.0,757.0,46.695011138916016,757.0,18.60352480845105,110.1175194821414,2164.38232421875,44.0,12.3616361618042,6.0,1.0,0.5506675827274258,10.723270416259766,46.0,"{""type"":""Point"",""coordinates"":[110.1184404359314,18.60551126364394]}"
67,0.0,27.0,2.0,10.704126358032227,3.0,20.018371380939293,110.44989613726563,2306.356689453125,41.0,0.5025940537452698,3.0,4.0,0.7710937137788427,13.562321662902832,41.0,"{""type"":""Point"",""coordinates"":[110.4488704441638,20.01767514997959]}"
68,0.0,23.0,34.0,11.152180671691895,34.0,19.83421674769479,110.71489914608088,2236.168701171875,56.0,0.8235541582107544,4.0,4.0,0.7257455957702886,13.020301818847656,42.0,"{""type"":""Point"",""coordinates"":[110.71671391299512,19.836217419369646]}"
69,0.0,32.0,83.0,14.408860206604004,55.0,18.6888647604424,109.78963440343779,2309.415771484375,39.0,0.8416323661804199,4.0,1.0,0.6764739917462317,13.943132400512695,48.0,"{""type"":""Point"",""coordinates"":[109.7911429446481,18.689638289640534]}"
70,0.0,26.0,51.0,13.256790161132812,51.0,19.901590394003755,110.3196404210683,2543.720458984375,46.0,0.4880128800868988,4.0,4.0,0.7429305854595164,14.06762409210205,38.0,"{""type"":""Point"",""coordinates"":[110.31760082128389,19.901247824682613]}"
71,0.0,29.0,548.0,52.632896423339844,499.0,18.76971313601316,109.65488711081986,2290.165771484375,41.0,9.732526779174805,7.0,1.0,0.5772460623212358,11.159059524536133,46.0,"{""type"":""Point"",""coordinates"":[109.65642810140014,18.77147511696803]}"
72,0.0,25.0,26.0,11.204605102539062,29.0,18.84606993516332,110.3690477616949,2207.730712890625,51.0,0.5462853312492371,2.0,2.0,0.707008815544914,14.408957481384277,47.0,"{""type"":""Point"",""coordinates"":[110.36863461912026,18.84401288074261]}"
73,0.0,24.0,14.0,6.63753604888916,15.0,19.94650615820973,110.83168013301645,2042.39990234375,49.0,0.11471964418888092,3.0,4.0,0.7070318485374343,14.61414909362793,49.0,"{""type"":""Point"",""coordinates"":[110.83175170933038,19.94717795601446]}"
74,0.0,25.0,326.0,31.72211456298828,143.0,18.95835934567826,109.78514282701718,2592.58056640625,46.0,2.4619438648223877,3.0,2.0,0.642586615889142,12.711874008178711,43.0,"{""type"":""Point"",""coordinates"":[109.78498194034252,18.957600145282452]}"
75,0.0,28.0,222.0,77.58763122558594,222.0,18.585558502768656,110.09955317645904,2179.86328125,51.0,18.279897689819336,4.0,1.0,0.5661328307427479,10.743273735046387,45.0,"{""type"":""Point"",""coordinates"":[110.0974367747575,18.584758729263978]}"
76,0.0,33.0,115.0,15.700968742370605,88.0,19.4389580226822,110.35557303243309,2764.51123046875,38.0,0.48997512459754944,5.0,3.0,0.7104245375420128,14.444443702697754,36.0,"{""type"":""Point"",""coordinates"":[110.3537979340526,19.437788099908115]}"
77,0.0,26.0,36.0,14.099788665771484,39.0,18.35199652889758,109.63242922871689,1955.3919677734375,47.0,1.3518540859222412,3.0,0.0,0.6955900315416205,13.49690055847168,43.0,"{""type"":""Point"",""coordinates"":[109.6337886824026,18.35054315939883]}"
78,0.0,26.0,249.0,102.87861633300781,236.0,18.706831066124792,109.94234800173814,2596.105712890625,49.0,16.676387786865234,4.0,1.0,0.5796103133095403,10.823226928710938,47.0,"{""type"":""Point"",""coordinates"":[109.94014628008715,18.705045934949197]}"
79,0.0,27.0,218.0,15.077600479125977,74.0,18.720305795386587,109.29556099717206,2028.6820068359375,52.0,1.558953881263733,4.0,1.0,0.645558299140965,13.24218463897705,44.0,"{""type"":""Point"",""coordinates"":[109.29338892865378,18.72055326697001]}"
80,0.0,30.0,477.0,43.80859375,476.0,18.52267643288029,109.75819336849361,2170.055908203125,47.0,8.593852996826172,5.0,1.0,0.5819500538103969,11.342927932739258,45.0,"{""type"":""Point"",""coordinates"":[109.75750989771191,18.524249879779752]}"
81,0.0,24.0,99.0,14.750885963439941,48.0,19.66802842013268,109.73124390997003,2528.848876953125,53.0,0.6091139912605286,3.0,3.0,0.7721222872212932,14.256871223449707,31.0,"{""type"":""Point"",""coordinates"":[109.72951125304628,19.666646255840085]}"
82,0.0,28.0,11.0,10.017766952514648,12.0,20.099219756510053,110.63405077051016,2194.0322265625,40.0,0.7122549414634705,2.0,4.0,0.7391653191990027,12.792638778686523,44.0,"{""type"":""Point"",""coordinates"":[110.63609669697009,20.097250192482022]}"
83,0.0,25.0,329.0,30.928247451782227,332.0,18.60352480845105,108.85538650795348,1900.8468017578125,52.0,6.128632545471191,3.0,1.0,0.5774913439320916,11.794538497924805,46.0,"{""type"":""Point"",""coordinates"":[108.85470259008547,18.604536269951772]}"
84,0.0,24.0,136.0,17.41036605834961,115.0,19.528789551094157,109.46174932473417,2498.042724609375,55.0,0.9676715731620789,4.0,3.0,0.6872011474380827,13.771288871765137,36.0,"{""type"":""Point"",""coordinates"":[109.4603344825238,19.530256879872688]}"
85,0.0,26.0,140.0,12.935441017150879,124.0,19.093106638296184,108.94521803636547,2238.482666015625,47.0,0.7284843325614929,5.0,2.0,0.659924424245001,14.052778244018555,39.0,"{""type"":""Point"",""coordinates"":[108.94441950841458,19.09145105668399]}"
86,0.0,23.0,120.0,17.749876022338867,102.0,19.49734851614997,109.3898841020046,2462.10791015625,53.0,0.9960004687309265,4.0,3.0,0.6947140970156216,13.752280235290527,34.0,"{""type"":""Point"",""coordinates"":[109.38890000401823,19.49735805526821]}"
87,0.0,21.0,76.0,17.482818603515625,72.0,19.052682450510808,108.78801286164452,1675.258056640625,58.0,3.0857577323913574,2.0,2.0,0.6422771349902499,12.647212982177734,41.0,"{""type"":""Point"",""coordinates"":[108.78580939694214,19.05128483155416]}"
88,0.0,23.0,89.0,14.145076751708984,92.0,18.590050079189254,108.8194538965887,1735.5936279296875,57.0,2.0780913829803467,4.0,1.0,0.614354795010541,13.03530216217041,44.0,"{""type"":""Point"",""coordinates"":[108.81860245923248,18.59129296828444]}"
89,0.0,24.0,10.0,9.875076293945312,13.0,18.85954466442511,110.42294667874205,2183.305908203125,48.0,0.3648812472820282,3.0,2.0,0.73463952825005,14.802645683288574,45.0,"{""type"":""Point"",""coordinates"":[110.42304591936627,18.857318736615753]}"
90,0.0,27.0,764.0,49.49516296386719,605.0,18.6888647604424,109.35395149063982,2247.23046875,51.0,12.281630516052246,6.0,1.0,0.5593693070169801,10.722908020019531,45.0,"{""type"":""Point"",""coordinates"":[109.35262652323772,18.6869840305279]}"
91,0.0,30.0,767.0,53.51254653930664,704.0,18.80115417095734,109.82107543838197,2472.33447265625,42.0,10.022263526916504,4.0,1.0,0.580728320682389,10.928372383117676,44.0,"{""type"":""Point"",""coordinates"":[109.8228507292379,18.802187571664444]}"
92,0.0,30.0,7.0,33.508811950683594,9.0,18.675390031180612,110.41396352590084,2075.554443359375,45.0,4.784494876861572,4.0,1.0,0.7127495649576592,12.228521347045898,46.0,"{""type"":""Point"",""coordinates"":[110.41573768936262,18.674455200077887]}"
93,0.0,28.0,422.0,51.95479202270508,255.0,18.899968852210492,109.8031091326996,2438.19580078125,42.0,7.098029613494873,5.0,2.0,0.6037800894237548,11.578794479370117,45.0,"{""type"":""Point"",""coordinates"":[109.80403219225919,18.90188701788913]}"
94,0.0,31.0,290.0,51.432899475097656,271.0,18.468777515833118,109.60098819377271,2163.11669921875,40.0,9.377876281738281,5.0,1.0,0.5983236512317044,11.391033172607422,43.0,"{""type"":""Point"",""coordinates"":[109.5994647633437,18.467284740906017]}"
95,0.0,26.0,5.0,10.924931526184082,7.0,19.084123485454995,110.49032032505102,2602.69384765625,45.0,0.13426092267036438,4.0,2.0,0.7950802350566577,15.805365562438965,39.0,"{""type"":""Point"",""coordinates"":[110.48839596505985,19.085847143953476]}"
96,0.0,22.0,24.0,16.704421997070312,26.0,19.084123485454995,110.44091298442447,2721.12646484375,48.0,0.519780695438385,4.0,2.0,0.770560052528291,14.440570831298828,39.0,"{""type"":""Point"",""coordinates"":[110.44188203571895,19.08617032337692]}"
97,0.0,30.0,212.0,55.959598541259766,194.0,19.025732991987226,110.22531731623576,2726.271728515625,40.0,5.198604106903076,3.0,2.0,0.6290494614091596,12.039210319519043,45.0,"{""type"":""Point"",""coordinates"":[110.22358195179201,19.023501033889065]}"
99,0.0,27.0,670.0,30.990604400634766,626.0,18.71132264254539,108.91826857784184,2107.58642578125,49.0,5.800995826721191,7.0,1.0,0.5685173129960833,11.575923919677734,47.0,"{""type"":""Point"",""coordinates"":[108.9180138345341,18.713351941008355]}"
100,0.0,28.0,645.0,60.30595397949219,499.0,19.18742974312874,109.73573548639064,2790.97412109375,47.0,7.612120151519775,6.0,2.0,0.6198403552147376,11.32457160949707,40.0,"{""type"":""Point"",""coordinates"":[109.73567661916795,19.187835051313424]}"
101,0.0,28.0,477.0,83.55360412597656,286.0,19.088615061875586,109.67734499292288,2603.55419921875,49.0,14.587183952331543,4.0,2.0,0.606340720707051,10.799430847167969,40.0,"{""type"":""Point"",""coordinates"":[109.67703938290143,19.087641789634134]}"
102,0.0,29.0,129.0,26.311763763427734,101.0,19.6320958087679,109.58751346451089,2453.544921875,45.0,2.098217010498047,4.0,3.0,0.6890057896126803,13.00130844116211,34.0,"{""type"":""Point"",""coordinates"":[109.58683782770862,19.63158936741278]}"
103,0.0,30.0,716.0,67.24632263183594,560.0,19.01225826272543,109.80760070912021,2564.527099609375,45.0,13.125099182128906,5.0,2.0,0.5884837319057683,10.701698303222656,42.0,"{""type"":""Point"",""coordinates"":[109.80823659152249,19.014440931639566]}"
104,0.0,28.0,550.0,43.88788986206055,353.0,18.8820025465281,109.58751346451089,2262.84423828125,47.0,7.707315444946289,5.0,2.0,0.5897873517170104,11.394327163696289,44.0,"{""type"":""Point"",""coordinates"":[109.58675284631303,18.880233298112525]}"
105,0.0,29.0,662.0,36.002479553222656,595.0,18.62149111413344,109.4437830190518,2196.526611328125,43.0,6.427119255065918,6.0,1.0,0.5711007936375593,11.480011940002441,47.0,"{""type"":""Point"",""coordinates"":[109.44549458094268,18.621558303028593]}"
106,0.0,24.0,136.0,18.03970718383789,56.0,19.358109647111448,109.31352730285442,2379.5302734375,46.0,1.1002081632614136,3.0,3.0,0.7364554864839533,13.642898559570312,34.0,"{""type"":""Point"",""coordinates"":[109.31298443167019,19.358578815001056]}"
107,0.0,25.0,145.0,27.062271118164062,123.0,19.596163197403122,109.55607242956671,2520.502197265625,50.0,1.9922908544540405,4.0,3.0,0.687801627198117,13.043248176574707,35.0,"{""type"":""Point"",""coordinates"":[109.55813400403382,19.59408280713359]}"
108,0.0,27.0,246.0,34.81516647338867,90.0,18.85056151158392,109.3898841020046,2235.009765625,48.0,4.44471549987793,5.0,2.0,0.6235732414498295,12.174300193786621,45.0,"{""type"":""Point"",""coordinates"":[109.39018439051719,18.850336537340812]}"
109,0.0,22.0,144.0,14.9946870803833,111.0,19.591671620982524,109.85700804974675,2673.15380859375,53.0,0.4594675898551941,4.0,3.0,0.6992370632235074,14.511223793029785,35.0,"{""type"":""Point"",""coordinates"":[109.85604150413327,19.59319046700584]}"
110,0.0,26.0,40.0,11.736353874206543,40.0,19.708452607918062,109.35395149063982,2206.98876953125,50.0,0.6264535784721375,2.0,3.0,0.7557826989692231,14.263870239257812,33.0,"{""type"":""Point"",""coordinates"":[109.35411899819665,19.707676660264692]}"
111,0.0,27.0,385.0,26.403371810913086,381.0,18.49123539793611,109.19225473949831,1999.9703369140625,51.0,4.357638835906982,4.0,1.0,0.5951612750675912,12.09732437133789,44.0,"{""type"":""Point"",""coordinates"":[109.19347842275154,18.489529373329546]}"
112,0.0,22.0,59.0,15.917664527893066,55.0,19.703961031497464,109.56056400598732,2309.78955078125,55.0,0.9898107051849365,4.0,3.0,0.7439440500125163,13.795211791992188,33.0,"{""type"":""Point"",""coordinates"":[109.56231036923646,19.70321868034468]}"
113,0.0,28.0,189.0,72.17430877685547,171.0,19.29522757722308,110.25675835117994,2901.84375,45.0,6.528674602508545,3.0,3.0,0.6591373757159003,11.824628829956055,37.0,"{""type"":""Point"",""coordinates"":[110.25699012256622,19.295193205778354]}"
114,0.0,27.0,377.0,66.5826644897461,377.0,18.581066926348058,110.10853632930025,2383.8837890625,49.0,11.698628425598145,5.0,1.0,0.58859512353667,11.103516578674316,45.0,"{""type"":""Point"",""coordinates"":[110.11011910194128,18.582768407545707]}"
115,0.0,31.0,849.0,42.63288116455078,652.0,19.034716144828415,109.4347998662106,2463.69873046875,38.0,7.188111782073975,5.0,2.0,0.5941787598210347,11.178840637207031,42.0,"{""type"":""Point"",""coordinates"":[109.43664256744653,19.036400728242047]}"
116,0.0,28.0,352.0,71.51876068115234,352.0,18.65293214907762,110.19387628129158,2279.470703125,47.0,14.718353271484375,3.0,1.0,0.5781030303225813,10.8836030960083,44.0,"{""type"":""Point"",""coordinates"":[110.19519715998328,18.65320088395778]}"
118,0.0,24.0,32.0,12.413764953613281,28.0,19.24132866017591,108.8194538965887,1845.546142578125,50.0,1.2794829607009888,2.0,2.0,0.701091193051304,13.554269790649414,43.0,"{""type"":""Point"",""coordinates"":[108.81777206759024,19.242893764243167]}"
119,0.0,21.0,109.0,17.000995635986328,76.0,19.60963792666491,109.5964966173521,2453.544921875,55.0,0.8993586897850037,4.0,3.0,0.7174917832557995,13.861082077026367,35.0,"{""type"":""Point"",""coordinates"":[109.59750392503952,19.60795140667557]}"
120,0.0,29.0,69.0,35.1203727722168,67.0,19.034716144828415,110.38701406737727,2689.599853515625,40.0,2.405747413635254,5.0,2.0,0.7142183189167066,12.900696754455566,39.0,"{""type"":""Point"",""coordinates"":[110.38852442109906,19.035881219682924]}"
121,0.0,25.0,215.0,15.621574401855469,109.0,19.142513978922757,109.86599120258796,2606.7919921875,51.0,0.630933403968811,3.0,2.0,0.6624398145137962,14.148914337158203,42.0,"{""type"":""Point"",""coordinates"":[109.86526333931127,19.144168968442337]}"
122,0.0,31.0,99.0,22.519432067871094,75.0,19.57370531530013,110.51277820715399,2670.569580078125,39.0,1.3861254453659058,5.0,3.0,0.7221287054207874,13.14938735961914,36.0,"{""type"":""Point"",""coordinates"":[110.51478801691415,19.574325323943867]}"
123,0.0,24.0,76.0,39.990169525146484,75.0,18.751746830330767,110.166926822768,2412.878662109375,52.0,4.060100078582764,4.0,1.0,0.6518833398136149,12.37209415435791,47.0,"{""type"":""Point"",""coordinates"":[110.16917188339809,18.75393439716848]}"
124,0.0,26.0,516.0,47.85938262939453,318.0,18.71581421896599,109.42581671336939,2324.2294921875,50.0,7.962845802307129,4.0,1.0,0.5889766610013141,11.389193534851074,45.0,"{""type"":""Point"",""coordinates"":[109.42555312602731,18.71501232892257]}"
125,0.0,27.0,886.0,61.61668395996094,780.0,18.80115417095734,108.99911695341262,2373.494873046875,48.0,17.117834091186523,9.0,1.0,0.569442061667819,10.244187355041504,40.0,"{""type"":""Point"",""coordinates"":[108.99847104149681,18.802652444757076]}"
126,0.0,28.0,234.0,77.60443115234375,161.0,19.232345507334713,109.9558227309999,2843.8681640625,43.0,7.837750434875488,5.0,2.0,0.6489576561165715,11.61074447631836,38.0,"{""type"":""Point"",""coordinates"":[109.95650656613287,19.230457316603694]}"
127,0.0,37.0,59.0,11.24452018737793,59.0,19.60514635024431,109.34496833779866,2213.447021484375,38.0,0.63241046667099,4.0,3.0,0.7265845892258298,14.243245124816895,35.0,"{""type"":""Point"",""coordinates"":[109.3442674041414,19.604514803936375]}"
128,0.0,29.0,403.0,84.5201187133789,374.0,18.71581421896599,109.77166809775542,2564.09375,46.0,14.432060241699219,6.0,1.0,0.5703419064446983,10.867011070251465,49.0,"{""type"":""Point"",""coordinates"":[109.77081421791854,18.714692760626658]}"
129,0.0,29.0,78.0,15.652451515197754,68.0,19.57370531530013,110.58913500630416,2572.15234375,45.0,0.8074908256530762,4.0,3.0,0.7405866646839074,13.539048194885254,34.0,"{""type"":""Point"",""coordinates"":[110.58891233283205,19.57396443693994]}"
130,0.0,21.0,8.0,6.348546028137207,8.0,19.425483293420413,108.8194538965887,1722.59765625,54.0,0.33440911769866943,2.0,3.0,0.7297757130253394,14.910127639770508,41.0,"{""type"":""Point"",""coordinates"":[108.81802792817923,19.427454436930432]}"
131,0.0,30.0,167.0,51.90481185913086,150.0,19.043699297669612,110.22082573981515,2726.271728515625,39.0,4.477618217468262,4.0,2.0,0.6396936999702844,12.218021392822266,44.0,"{""type"":""Point"",""coordinates"":[110.22232205426165,19.045739310809658]}"
132,0.0,21.0,8.0,7.263974666595459,8.0,19.699469455076866,109.29106942075146,1968.7685546875,53.0,0.2108524739742279,2.0,3.0,0.7717397627167766,15.37134075164795,35.0,"{""type"":""Point"",""coordinates"":[109.29208427253995,19.697582444428104]}"
133,0.0,33.0,234.0,40.89284133911133,231.0,18.810137323798536,108.80597916732694,1864.8104248046875,40.0,9.892765045166016,5.0,1.0,0.5755484913104687,11.374150276184082,45.0,"{""type"":""Point"",""coordinates"":[108.80375885202886,18.811787090174835]}"
134,0.0,29.0,525.0,55.678768157958984,308.0,18.99429195704304,109.65039553439925,2482.761962890625,39.0,8.093160629272461,5.0,2.0,0.614666171173016,11.365438461303711,41.0,"{""type"":""Point"",""coordinates"":[109.65013100785028,18.993472048006883]}"
135,0.0,25.0,338.0,36.12242126464844,331.0,18.693356336862998,110.06362056509425,2235.971435546875,49.0,4.810320854187012,4.0,1.0,0.6004640715174326,12.031872749328613,46.0,"{""type"":""Point"",""coordinates"":[110.06554577871928,18.693934756727604]}"
136,0.0,27.0,161.0,42.52743911743164,133.0,18.54513431498328,109.34945991421921,2078.1171875,44.0,6.916835784912109,4.0,1.0,0.5950212940370201,11.784097671508789,46.0,"{""type"":""Point"",""coordinates"":[109.34913277640959,18.54327824863074]}"
137,0.0,21.0,90.0,8.481184005737305,80.0,19.191921319549337,108.94521803636547,2189.958740234375,55.0,0.1910209357738495,2.0,2.0,0.6689991118698262,15.421957969665527,42.0,"{""type"":""Point"",""coordinates"":[108.94553093227724,19.1936836254715]}"
138,0.0,27.0,42.0,41.41531753540039,35.0,18.8820025465281,110.27921623328291,2530.4072265625,51.0,3.8986825942993164,4.0,2.0,0.7102077095324053,12.432876586914062,46.0,"{""type"":""Point"",""coordinates"":[110.27968207224974,18.880810004333874]}"
139,0.0,29.0,148.0,77.56697845458984,143.0,19.26827811869949,110.33311515033012,3014.400634765625,49.0,6.8572797775268555,4.0,2.0,0.6648436848165784,11.800966262817383,36.0,"{""type"":""Point"",""coordinates"":[110.33525961002901,19.26874386902982]}"
140,0.0,37.0,685.0,22.13086700439453,678.0,18.441828057309536,109.52013981820193,2014.8121337890625,35.0,3.9014787673950195,7.0,1.0,0.5907457940267986,11.960515022277832,42.0,"{""type"":""Point"",""coordinates"":[109.52004533369141,18.442023417962066]}"
141,0.0,30.0,40.0,5.8714447021484375,41.0,19.820742018433002,109.32700203211624,1759.315673828125,37.0,0.2109060436487198,4.0,4.0,0.7308482824419372,15.352567672729492,33.0,"{""type"":""Point"",""coordinates"":[109.32704027402139,19.821870883633665]}"
142,0.0,28.0,188.0,49.271087646484375,188.0,18.52267643288029,110.05463741225304,2009.3021240234375,47.0,10.28027629852295,5.0,1.0,0.5889330375860939,11.364774703979492,44.0,"{""type"":""Point"",""coordinates"":[110.05458510374108,18.524772793663118]}"
143,0.0,21.0,203.0,12.279848098754883,63.0,18.65293214907762,109.20123789233952,2105.510986328125,59.0,0.8778001666069031,3.0,1.0,0.6561229266775689,13.826435089111328,46.0,"{""type"":""Point"",""coordinates"":[109.19937127416502,18.655069900051068]}"
144,0.0,28.0,28.0,14.925308227539062,28.0,19.254803389437704,110.5262529364158,2746.599853515625,46.0,0.4177775979042053,4.0,2.0,0.764293690505332,14.656675338745117,40.0,"{""type"":""Point"",""coordinates"":[110.52457822512272,19.25309151399801]}"
145,0.0,24.0,1289.0,48.729129791259766,1235.0,19.061665603352004,109.13835582245116,2546.9794921875,48.0,17.816423416137695,9.0,2.0,0.556413437597431,9.575439453125,40.0,"{""type"":""Point"",""coordinates"":[109.13722301389942,19.062991441354654]}"
146,0.0,29.0,5.0,8.170031547546387,6.0,20.031846110201087,110.64303392335137,2204.564208984375,41.0,0.2599071264266968,3.0,4.0,0.7446762829053959,13.816332817077637,45.0,"{""type"":""Point"",""coordinates"":[110.64112422237372,20.032835983120965]}"
147,0.0,24.0,237.0,12.141879081726074,235.0,18.482252245094912,109.11140636392759,1871.6771240234375,57.0,1.3757976293563843,4.0,1.0,0.6024650889713169,13.354757308959961,45.0,"{""type"":""Point"",""coordinates"":[109.11344957794239,18.48068614085912]}"
148,0.0,33.0,835.0,74.49589538574219,683.0,19.151497131763954,109.30903572643388,2588.606201171875,38.0,17.264617919921875,10.0,2.0,0.592273849582349,10.292336463928223,38.0,"{""type"":""Point"",""coordinates"":[109.308521927467,19.153600031030237]}"
149,0.0,25.0,19.0,11.521018981933594,22.0,18.949376192837065,110.45438771368623,2196.598876953125,44.0,0.5464888215065002,3.0,2.0,0.7418681250393706,14.393406867980957,41.0,"{""type"":""Point"",""coordinates"":[110.4543607440857,18.94928490760563]}"
150,0.0,24.0,133.0,14.892446517944336,119.0,19.111072943978577,108.90928542500069,2238.19140625,50.0,0.9728891253471375,4.0,2.0,0.6541150005215477,13.767765045166016,40.0,"{""type"":""Point"",""coordinates"":[108.90963518449354,19.110456890413193]}"
151,0.0,28.0,90.0,13.71293830871582,83.0,19.659045267291482,110.58015185346295,2505.88818359375,45.0,0.6263640522956848,5.0,3.0,0.7295967335718904,13.78178596496582,32.0,"{""type"":""Point"",""coordinates"":[110.5804270231459,19.657620797130466]}"
152,0.0,22.0,46.0,24.78997039794922,34.0,19.18293816670814,108.96318434204784,2490.10595703125,51.0,1.6483161449432373,2.0,2.0,0.7341314440112217,13.292688369750977,42.0,"{""type"":""Point"",""coordinates"":[108.96401058776351,19.182735216490112]}"
153,0.0,28.0,49.0,20.135210037231445,49.0,19.865657782638976,110.46337086652744,2497.436279296875,42.0,1.4817017316818237,7.0,4.0,0.740659346706109,12.932811737060547,38.0,"{""type"":""Point"",""coordinates"":[110.46196899068309,19.86364906743655]}"
154,0.0,31.0,271.0,28.20874786376953,166.0,18.82810362948093,109.93785642531753,2408.12158203125,39.0,2.561861753463745,4.0,2.0,0.6269812183721856,12.709883689880371,45.0,"{""type"":""Point"",""coordinates"":[109.93706326713288,18.828521454015785]}"
155,0.0,31.0,27.0,8.579448699951172,27.0,19.82972517127419,109.3943756784252,1827.7164306640625,40.0,0.6495612263679504,5.0,4.0,0.7460399986277936,14.235209465026855,34.0,"{""type"":""Point"",""coordinates"":[109.39624571374091,19.829080698904434]}"
156,0.0,31.0,567.0,26.179397583007812,524.0,18.74725525391017,109.69531129860525,2531.004150390625,40.0,2.257319688796997,6.0,1.0,0.6100904727650144,12.613614082336426,47.0,"{""type"":""Point"",""coordinates"":[109.69753799186392,18.747416415473804]}"
157,0.0,26.0,141.0,17.58125877380371,105.0,19.49285693972937,109.50217351251956,2528.1875,50.0,0.9257110953330994,4.0,3.0,0.6932633622695872,13.812528610229492,35.0,"{""type"":""Point"",""coordinates"":[109.50270535064382,19.49203305689246]}"
158,0.0,23.0,91.0,17.456478118896484,50.0,19.425483293420413,110.25226677475933,2806.944091796875,47.0,0.5160958170890808,5.0,3.0,0.7447847434903399,14.427422523498535,38.0,"{""type"":""Point"",""coordinates"":[110.25280430188846,19.42549314275195]}"
159,0.0,23.0,12.0,9.861963272094727,15.0,18.97183407494005,110.50828663073344,2171.498046875,49.0,0.36841607093811035,3.0,2.0,0.7537813801234863,14.79183292388916,40.0,"{""type"":""Point"",""coordinates"":[110.50719388354025,18.96993132545245]}"
160,0.0,21.0,198.0,14.544121742248535,61.0,18.675390031180612,109.20123789233952,2105.510986328125,58.0,1.207130789756775,3.0,1.0,0.6662263460424631,13.511005401611328,44.0,"{""type"":""Point"",""coordinates"":[109.20077652672236,18.67628090505709]}"
161,0.0,31.0,323.0,44.44852828979492,239.0,18.85056151158392,108.99911695341262,2231.401611328125,45.0,7.252624988555908,4.0,2.0,0.6154495010917169,11.628817558288574,41.0,"{""type"":""Point"",""coordinates"":[108.99800073869966,18.852716234961317]}"
162,0.0,27.0,872.0,72.7512435913086,722.0,19.15598870818455,109.77166809775542,2877.500244140625,46.0,11.967642784118652,6.0,2.0,0.5967524581007052,10.633834838867188,39.0,"{""type"":""Point"",""coordinates"":[109.77177961235493,19.154070771760306]}"
163,0.0,28.0,297.0,50.606136322021484,130.0,18.864036240845707,109.82107543838197,2438.19580078125,42.0,6.272100448608398,4.0,2.0,0.6130944300671288,11.793456077575684,45.0,"{""type"":""Point"",""coordinates"":[109.82158285386113,18.862149275761524]}"
164,0.0,27.0,70.0,23.2093505859375,58.0,19.111072943978577,110.23879204549758,2878.176513671875,47.0,0.9863185286521912,4.0,2.0,0.7073452835950975,13.792227745056152,44.0,"{""type"":""Point"",""coordinates"":[110.2366223497654,19.11083204446516]}"
165,0.0,29.0,473.0,75.26966857910156,337.0,18.706831066124792,109.49319035967835,2315.790771484375,47.0,17.223657608032227,4.0,1.0,0.5621526884753086,10.627588272094727,45.0,"{""type"":""Point"",""coordinates"":[109.49345541837334,18.70684721293794]}"
166,0.0,20.0,99.0,14.741225242614746,89.0,19.515314821832362,109.37640937274284,2454.439453125,55.0,0.6323950290679932,3.0,3.0,0.6996960008133035,14.219359397888184,36.0,"{""type"":""Point"",""coordinates"":[109.37730221884813,19.51714575971265]}"
167,0.0,27.0,36.0,11.534255027770996,36.0,19.86116620621838,110.3690477616949,2553.987548828125,42.0,0.25984516739845276,4.0,4.0,0.7665475618432064,14.711490631103516,37.0,"{""type"":""Point"",""coordinates"":[110.36978103064627,19.86329429673764]}"
168,0.0,30.0,433.0,40.91175079345703,256.0,19.057174026931406,109.74471863923185,2543.0322265625,46.0,4.588466167449951,4.0,2.0,0.6352599580201278,12.009754180908203,41.0,"{""type"":""Point"",""coordinates"":[109.7469496886053,19.059308251034402]}"
169,0.0,29.0,17.0,17.54908561706543,15.0,19.173955013866944,110.3690477616949,2941.341064453125,43.0,0.45886939764022827,4.0,2.0,0.7831770689649333,14.588542938232422,39.0,"{""type"":""Point"",""coordinates"":[110.36749324179094,19.174456111588054]}"
170,0.0,24.0,172.0,34.992759704589844,100.0,19.290736000802482,109.26411996222788,2483.17041015625,55.0,3.2861762046813965,4.0,3.0,0.6655400862806818,12.52517032623291,38.0,"{""type"":""Point"",""coordinates"":[109.26302947401285,19.289074184807134]}"
171,0.0,25.0,21.0,17.26741600036621,15.0,19.74887679570344,110.30167411538594,2634.835693359375,49.0,0.7943012118339539,2.0,4.0,0.8162385959572349,13.76718521118164,31.0,"{""type"":""Point"",""coordinates"":[110.30376886310037,19.747883354145706]}"
172,0.0,26.0,56.0,16.958147048950195,32.0,19.69048630223567,109.88395750827033,2706.15185546875,51.0,0.6509669423103333,3.0,3.0,0.7919081476631937,14.216093063354492,32.0,"{""type"":""Point"",""coordinates"":[109.88263331664646,19.690726677572258]}"
173,0.0,28.0,265.0,56.34634780883789,230.0,18.91344358147228,110.14896051708558,2530.906005859375,50.0,7.147738456726074,4.0,2.0,0.617354915354992,11.68332576751709,45.0,"{""type"":""Point"",""coordinates"":[110.15081552962442,18.914211893244982]}"
174,0.0,27.0,374.0,61.61075973510742,189.0,19.097598214716783,109.68632814576404,2603.55419921875,48.0,7.816601276397705,4.0,2.0,0.6342924202555386,11.516719818115234,40.0,"{""type"":""Point"",""coordinates"":[109.68498178572226,19.09852806056024]}"
175,0.0,24.0,139.0,18.75893783569336,64.0,19.304210730064277,109.91989011963511,2822.4560546875,54.0,0.7002902030944824,4.0,3.0,0.7203368034920428,14.092873573303223,39.0,"{""type"":""Point"",""coordinates"":[109.92183057699712,19.304644325621346]}"
176,0.0,28.0,77.0,16.434852600097656,53.0,19.677011572973875,109.89294066111154,2706.15185546875,49.0,0.6231849789619446,4.0,3.0,0.7726485883991555,14.24725341796875,31.0,"{""type"":""Point"",""coordinates"":[109.89095812369918,19.67890011825657]}"
177,0.0,29.0,56.0,16.834131240844727,53.0,19.77582625422702,110.51726978357459,2490.869140625,41.0,1.0281168222427368,6.0,4.0,0.749823555439783,13.317826271057129,35.0,"{""type"":""Point"",""coordinates"":[110.51538027277674,19.7754417474746]}"
178,0.0,23.0,17.0,7.434077262878418,18.0,19.91057354684495,110.79574752165166,2178.518310546875,53.0,0.13482317328453064,4.0,4.0,0.7213186785330854,14.445911407470703,47.0,"{""type"":""Point"",""coordinates"":[110.79652537522543,19.912511807504547]}"
179,0.0,23.0,131.0,13.165971755981445,77.0,19.034716144828415,109.0260664119362,2212.122314453125,54.0,0.80730801820755,3.0,2.0,0.6782365707381331,13.955594062805176,40.0,"{""type"":""Point"",""coordinates"":[109.02482141256677,19.036462976267035]}"
180,0.0,22.0,17.0,9.464752197265625,17.0,19.694977878656267,109.28208626791024,1968.7685546875,51.0,0.5429753661155701,2.0,3.0,0.7598750889121252,14.420235633850098,35.0,"{""type"":""Point"",""coordinates"":[109.2812173764362,19.69620418989696]}"
181,0.0,26.0,6.0,9.701228141784668,9.0,18.814628900219134,110.40498037305969,2134.3291015625,46.0,0.40605950355529785,2.0,1.0,0.7177260742428742,14.703872680664062,49.0,"{""type"":""Point"",""coordinates"":[110.40499182648334,18.813938985005734]}"
182,0.0,28.0,184.0,14.05577278137207,184.0,19.66353684371208,111.02032634268153,1885.4083251953125,46.0,7.887508869171143,7.0,3.0,0.5834140271597889,9.895957946777344,47.0,"{""type"":""Point"",""coordinates"":[111.02160352329238,19.661799850797532]}"
183,0.0,34.0,114.0,20.462156295776367,72.0,19.389550682055628,110.24328362191818,2851.4501953125,40.0,0.8586054444313049,4.0,3.0,0.7211106185416498,13.904414176940918,37.0,"{""type"":""Point"",""coordinates"":[110.24356608556502,19.387645518691244]}"
184,0.0,22.0,84.0,18.414100646972656,63.0,19.66802842013268,109.98726376594408,2649.8896484375,54.0,0.8029860258102417,3.0,3.0,0.7461475185090709,13.989544868469238,34.0,"{""type"":""Point"",""coordinates"":[109.98573569007013,19.668104606126505]}"
185,0.0,28.0,211.0,49.490814208984375,149.0,19.084123485454995,109.93785642531753,2595.52880859375,45.0,4.958903789520264,4.0,2.0,0.6404941877603471,12.087312698364258,43.0,"{""type"":""Point"",""coordinates"":[109.93946329376239,19.083047272421812]}"
186,0.0,29.0,696.0,33.11918640136719,629.0,18.59903323203045,109.46174932473417,2214.372314453125,42.0,5.517537593841553,5.0,1.0,0.5766939310881637,11.602025985717773,46.0,"{""type"":""Point"",""coordinates"":[109.45986248755335,18.597887314516]}"
187,0.0,30.0,374.0,66.1749496459961,269.0,19.007766686304834,109.9513311545793,2586.231201171875,45.0,9.22496223449707,4.0,2.0,0.6245063481741866,11.348593711853027,41.0,"{""type"":""Point"",""coordinates"":[109.94987202739401,19.005781646165683]}"
188,0.0,26.0,535.0,45.81437301635742,394.0,18.84606993516332,109.75819336849361,2473.3369140625,45.0,5.910462856292725,4.0,2.0,0.6025300412367469,11.674675941467285,45.0,"{""type"":""Point"",""coordinates"":[109.75675976495468,18.844795023702222]}"
189,0.0,24.0,203.0,24.95891761779785,108.0,19.205396048811124,109.1877631630777,2517.046630859375,52.0,1.7857871055603027,4.0,2.0,0.6672076006031862,13.11599349975586,39.0,"{""type"":""Point"",""coordinates"":[109.18992579509323,19.20429422733786]}"
190,0.0,31.0,33.0,18.860700607299805,34.0,19.820742018433002,109.54259770030495,1986.0738525390625,44.0,2.2302865982055664,4.0,4.0,0.7407385098642947,12.997674942016602,34.0,"{""type"":""Point"",""coordinates"":[109.54433562141753,19.82121920932224]}"
191,0.0,29.0,177.0,17.756511688232422,175.0,18.531659585721485,109.80760070912021,2166.52001953125,44.0,1.5800998210906982,4.0,1.0,0.6181723778487639,13.255081176757812,46.0,"{""type"":""Point"",""coordinates"":[109.80812000880138,18.532281275330167]}"
192,0.0,26.0,195.0,11.549959182739258,193.0,18.495726974356707,109.15632212813352,1999.9703369140625,54.0,0.9916337728500366,4.0,1.0,0.6185015521248538,13.709630012512207,44.0,"{""type"":""Point"",""coordinates"":[109.15568493109268,18.493989165133105]}"
193,0.0,25.0,6.0,4.604610919952393,7.0,19.259294965858295,108.73411394459737,1573.7174072265625,49.0,0.1720791757106781,3.0,2.0,0.7233492374420695,15.575692176818848,41.0,"{""type"":""Point"",""coordinates"":[108.73241923213712,19.25771636355272]}"
194,0.0,23.0,48.0,20.187271118164062,37.0,19.699469455076866,110.2073510105534,2679.3779296875,52.0,0.989783763885498,2.0,3.0,0.7978848439454643,13.648542404174805,29.0,"{""type"":""Point"",""coordinates"":[110.20549476834515,19.701176244451162]}"
195,0.0,33.0,23.0,8.501409530639648,26.0,18.998783533463637,110.47684559578926,2328.798583984375,39.0,0.12132896482944489,3.0,2.0,0.7515024939860839,15.896087646484375,40.0,"{""type"":""Point"",""coordinates"":[110.47531041722188,18.99681011445181]}"
196,0.0,23.0,6.0,7.401526927947998,9.0,18.29360603542981,109.69081972218464,1986.7235107421875,49.0,0.21449461579322815,3.0,0.0,0.7414505066112523,15.355360984802246,42.0,"{""type"":""Point"",""coordinates"":[109.69061319658228,18.294336629239407]}"
197,0.0,29.0,446.0,40.798606872558594,355.0,18.729288948227783,109.52912297104314,2257.9912109375,47.0,6.476812839508057,4.0,1.0,0.5855582534443741,11.653035163879395,47.0,"{""type"":""Point"",""coordinates"":[109.52838929072482,18.72820543529843]}"
198,0.0,27.0,277.0,55.97771453857422,99.0,19.15598870818455,109.56056400598732,2580.117919921875,42.0,6.10729455947876,4.0,2.0,0.6634139758472204,11.833944320678711,36.0,"{""type"":""Point"",""coordinates"":[109.56201874650355,19.156883955609985]}"
199,0.0,21.0,135.0,29.935787200927734,97.0,19.57370531530013,109.843533320485,2675.49267578125,55.0,1.9157638549804688,4.0,3.0,0.7006543587401295,13.088650703430176,34.0,"{""type"":""Point"",""coordinates"":[109.84496643981797,19.57311922981985]}"
200,0.0,28.0,580.0,55.34700393676758,505.0,18.702339489704194,109.0215748355156,2138.669677734375,49.0,14.355236053466797,7.0,1.0,0.5627907962037706,10.731927871704102,44.0,"{""type"":""Point"",""coordinates"":[109.02140564248704,18.702777569263596]}"
201,0.0,29.0,276.0,30.412120819091797,136.0,18.74725525391017,109.29106942075146,2028.6820068359375,50.0,5.112303733825684,4.0,1.0,0.5964633444426927,12.013594627380371,45.0,"{""type"":""Point"",""coordinates"":[109.29119220288683,18.748450267175507]}"
202,0.0,23.0,81.0,9.506576538085938,33.0,19.681503149394473,109.70878602786706,2528.848876953125,53.0,0.06091879680752754,3.0,3.0,0.7835301466349115,16.570201873779297,33.0,"{""type"":""Point"",""coordinates"":[109.71089567169045,19.679681432907646]}"
203,0.0,29.0,529.0,88.76631164550781,397.0,18.832595205901526,109.2371705037043,2395.0908203125,44.0,20.890836715698242,6.0,2.0,0.5530184291156508,10.374820709228516,45.0,"{""type"":""Point"",""coordinates"":[109.23835289064262,18.830958302607893]}"
204,0.0,27.0,231.0,31.38898468017578,103.0,18.868527817266305,109.85700804974675,2470.024658203125,44.0,2.7194600105285645,5.0,2.0,0.6284719636023965,12.676751136779785,46.0,"{""type"":""Point"",""coordinates"":[109.85761811556692,18.867734346918148]}"
205,0.0,31.0,401.0,13.103080749511719,401.0,18.450811210150732,109.21022104518073,2127.818359375,43.0,1.0557047128677368,6.0,1.0,0.6146555030732528,13.505090713500977,44.0,"{""type"":""Point"",""coordinates"":[109.20805861355845,18.449878753204644]}"
206,0.0,26.0,51.0,16.32307243347168,50.0,19.587180044561926,109.32700203211624,2269.310302734375,50.0,1.1359834671020508,3.0,3.0,0.7374140736727651,13.662154197692871,35.0,"{""type"":""Point"",""coordinates"":[109.32776890072125,19.587210799457367]}"
207,0.0,26.0,137.0,22.678050994873047,67.0,19.528789551094157,109.64590395797865,2538.433837890625,49.0,1.4563201665878296,4.0,3.0,0.7283666667191729,13.361774444580078,35.0,"{""type"":""Point"",""coordinates"":[109.64553469300132,19.527302672981325]}"
208,0.0,26.0,144.0,60.936065673828125,141.0,19.200904472390526,110.34658987959187,3040.168701171875,51.0,4.3901047706604,4.0,2.0,0.6704337021625246,12.252245903015137,37.0,"{""type"":""Point"",""coordinates"":[110.3443868115979,19.20212802058915]}"
209,0.0,22.0,28.0,14.321466445922852,14.0,19.74438521928284,110.04116268299128,2623.853515625,53.0,0.4304303526878357,3.0,4.0,0.8192114510376954,14.64616584777832,31.0,"{""type"":""Point"",""coordinates"":[110.04128781930163,19.743773126759315]}"
210,0.0,27.0,132.0,37.16004180908203,91.0,18.608016384871647,109.63242922871689,2348.092529296875,46.0,3.9885311126708984,5.0,1.0,0.6326404402224985,12.355953216552734,46.0,"{""type"":""Point"",""coordinates"":[109.63200506833832,18.606397713768768]}"
211,0.0,30.0,234.0,27.798662185668945,168.0,19.425483293420413,109.50666508894017,2622.5146484375,50.0,2.140110492706299,4.0,3.0,0.6955753329627181,12.91463851928711,33.0,"{""type"":""Point"",""coordinates"":[109.5055353570239,19.425960481710767]}"
212,0.0,29.0,233.0,43.52978515625,156.0,19.41200856415862,109.77615967417603,2721.21142578125,45.0,3.645904302597046,5.0,3.0,0.6758306548063906,12.381664276123047,36.0,"{""type"":""Point"",""coordinates"":[109.7772076471466,19.41302673312656]}"
213,0.0,30.0,721.0,74.5869369506836,667.0,19.043699297669612,109.09793163466577,2349.6279296875,48.0,21.482454299926758,7.0,2.0,0.5630133882280478,10.173399925231934,40.0,"{""type"":""Point"",""coordinates"":[109.09665354378787,19.043715609137866]}"
214,0.0,31.0,93.0,33.868106842041016,84.0,19.025732991987226,110.3196404210683,2664.699462890625,38.0,2.386810064315796,4.0,2.0,0.680098914386284,12.894246101379395,42.0,"{""type"":""Point"",""coordinates"":[110.31980109397328,19.02750114178791]}"
215,0.0,25.0,70.0,11.122543334960938,69.0,19.739893642862242,109.61446292303447,2390.171142578125,50.0,0.3441552519798279,3.0,3.0,0.734590356164104,14.84520149230957,33.0,"{""type"":""Point"",""coordinates"":[109.61656650598447,19.740441880540164]}"
216,0.0,31.0,30.0,7.267359733581543,32.0,19.645570538029695,110.97541057847559,1873.68408203125,44.0,0.7676920890808105,7.0,3.0,0.7001736944508906,12.678903579711914,44.0,"{""type"":""Point"",""coordinates"":[110.97410324157111,19.64758335186996]}"
217,0.0,27.0,714.0,51.1383056640625,654.0,18.590050079189254,109.54259770030495,2301.254638671875,49.0,11.140430450439453,6.0,1.0,0.5549098463349205,10.872568130493164,48.0,"{""type"":""Point"",""coordinates"":[109.54070660909487,18.59061360344366]}"
218,0.0,27.0,425.0,59.359405517578125,422.0,18.401403869524152,109.58302188809029,2056.27685546875,48.0,15.351080894470215,6.0,1.0,0.5676259059028477,10.785964965820312,43.0,"{""type"":""Point"",""coordinates"":[109.58523712617303,18.40117141358816]}"
219,0.0,33.0,1142.0,57.819732666015625,981.0,18.93590146357527,109.35395149063982,2464.67236328125,37.0,20.739959716796875,7.0,2.0,0.527464382335015,9.687145233154297,45.0,"{""type"":""Point"",""coordinates"":[109.35260773386975,18.933664325596624]}"
220,0.0,27.0,17.0,15.878249168395996,17.0,19.313193882905473,110.49481190147162,2757.08837890625,41.0,0.44097426533699036,6.0,3.0,0.778407366169839,14.60912036895752,40.0,"{""type"":""Point"",""coordinates"":[110.495959443906,19.31141915222324]}"
221,0.0,24.0,122.0,13.417289733886719,60.0,19.582688468141328,109.73573548639064,2668.286376953125,52.0,0.34001484513282776,4.0,3.0,0.7456850100189258,14.825901985168457,35.0,"{""type"":""Point"",""coordinates"":[109.7348375599324,19.58418067979258]}"
222,0.0,27.0,28.0,5.947805881500244,29.0,19.29971915364368,108.78352128522391,1620.2364501953125,52.0,0.4746939539909363,2.0,3.0,0.7030763315684493,14.548276901245117,40.0,"{""type"":""Point"",""coordinates"":[108.78364444949808,19.29947318959845]}"
223,0.0,24.0,65.0,12.049565315246582,65.0,19.65455369087089,109.40335883126642,2257.691162109375,53.0,0.6019782423973083,3.0,3.0,0.7214341671671369,14.289016723632812,35.0,"{""type"":""Point"",""coordinates"":[109.40402654949698,19.65242684164652]}"
224,0.0,29.0,373.0,61.72509002685547,296.0,19.277261271540688,109.93785642531753,2843.123779296875,46.0,6.164898872375488,5.0,2.0,0.6524810937947599,11.757184982299805,37.0,"{""type"":""Point"",""coordinates"":[109.93636755004022,19.27628262117963]}"
225,0.0,30.0,23.0,9.145546913146973,24.0,20.07676187440706,110.61608446482774,2194.0322265625,45.0,0.6133739948272705,3.0,4.0,0.7262699629809762,12.917196273803711,44.0,"{""type"":""Point"",""coordinates"":[110.61477204362438,20.07818747346882]}"
226,0.0,27.0,179.0,13.82520580291748,94.0,19.290736000802482,109.78514282701718,2657.0927734375,53.0,0.4588800072669983,4.0,3.0,0.6951156827049227,14.490496635437012,37.0,"{""type"":""Point"",""coordinates"":[109.78544036499034,19.29034005415096]}"
227,0.0,24.0,53.0,51.92430877685547,53.0,18.473269092253716,110.05014583583244,1874.7554931640625,54.0,12.53242015838623,4.0,1.0,0.6342920477148737,11.244159698486328,44.0,"{""type"":""Point"",""coordinates"":[110.05215703092718,18.47414699857364]}"
228,0.0,29.0,400.0,34.79214096069336,324.0,18.527168009300887,109.50666508894017,2112.104736328125,49.0,6.017431259155273,5.0,1.0,0.5959355492547006,11.761805534362793,44.0,"{""type"":""Point"",""coordinates"":[109.50835850485315,18.52678761922843]}"
229,0.0,29.0,152.0,21.5479679107666,149.0,18.414878598785947,109.27310311506909,1821.2890625,44.0,3.524186372756958,4.0,1.0,0.6105400577086194,12.467658996582031,42.0,"{""type"":""Point"",""coordinates"":[109.27188233925565,18.414302397972513]}"
230,0.0,27.0,71.0,12.85415267944336,63.0,19.71294418433866,110.49032032505102,2598.624267578125,49.0,0.4061093330383301,7.0,3.0,0.7609324076704259,14.380424499511719,32.0,"{""type"":""Point"",""coordinates"":[110.48933069547806,19.711196758489876]}"
231,0.0,25.0,322.0,119.44181823730469,284.0,19.043699297669612,110.08158687077662,2766.862060546875,46.0,17.833219528198242,4.0,2.0,0.5732518940535863,10.702136993408203,46.0,"{""type"":""Point"",""coordinates"":[110.08053022165214,19.04244698536739]}"
232,0.0,24.0,157.0,28.723360061645508,54.0,19.290736000802482,109.74471863923185,2696.286376953125,52.0,1.8142224550247192,4.0,3.0,0.729816481878102,13.129449844360352,38.0,"{""type"":""Point"",""coordinates"":[109.74420331840518,19.292802855510704]}"
233,0.0,25.0,74.0,10.348465919494629,52.0,18.873019393686903,108.85987808437409,2049.3916015625,46.0,0.5862511396408081,4.0,2.0,0.6747337654466631,14.310141563415527,46.0,"{""type"":""Point"",""coordinates"":[108.8579133697617,18.873652652357098]}"
234,0.0,24.0,126.0,26.277650833129883,71.0,19.452432751943995,109.83904174406439,2724.465087890625,53.0,1.5139741897583008,3.0,3.0,0.7178297213909637,13.329719543457031,37.0,"{""type"":""Point"",""coordinates"":[109.8392661603439,19.454079051892588]}"
235,0.0,23.0,191.0,63.7219352722168,116.0,19.29971915364368,109.94683957815869,2843.123779296875,55.0,5.721919059753418,4.0,3.0,0.654736066804568,11.956257820129395,39.0,"{""type"":""Point"",""coordinates"":[109.94893034646546,19.297645017185918]}"
236,0.0,28.0,87.0,21.623600006103516,68.0,19.456924328364593,110.51277820715399,2669.626953125,43.0,1.251852035522461,4.0,3.0,0.7171037629388185,13.260919570922852,39.0,"{""type"":""Point"",""coordinates"":[110.51502207091755,19.454994983644756]}"
237,0.0,25.0,13.0,7.197241306304932,14.0,19.928539852527344,110.79574752165166,2178.518310546875,47.0,0.06101345643401146,3.0,4.0,0.7210597277766272,15.247791290283203,48.0,"{""type"":""Point"",""coordinates"":[110.79612637262872,19.927525655832387]}"
238,0.0,29.0,274.0,31.272546768188477,272.0,18.760729983171963,108.75657182670034,1793.6463623046875,42.0,6.95952033996582,6.0,1.0,0.5788076808165851,11.704211235046387,45.0,"{""type"":""Point"",""coordinates"":[108.75843587008916,18.761210163680744]}"
239,0.0,25.0,46.0,15.18090534210205,29.0,19.582688468141328,110.19836785771219,2701.238037109375,47.0,0.4410996437072754,4.0,3.0,0.7841793058144036,14.611183166503906,35.0,"{""type"":""Point"",""coordinates"":[110.19850512680668,19.58203113126449]}"
240,0.0,30.0,363.0,50.81237030029297,185.0,19.142513978922757,109.55607242956671,2458.424072265625,38.0,6.420137882232666,4.0,2.0,0.636524323776244,11.723514556884766,39.0,"{""type"":""Point"",""coordinates"":[109.55572504143568,19.142534091088212]}"
241,0.0,28.0,23.0,17.781356811523438,24.0,19.362601223532046,110.64303392335137,2514.052001953125,48.0,1.084842562675476,6.0,3.0,0.7718299590756577,13.453886985778809,38.0,"{""type"":""Point"",""coordinates"":[110.64411659527289,19.36427691767024]}"
242,0.0,33.0,81.0,18.67512321472168,82.0,19.919556699686147,110.09057002361783,2504.107666015625,39.0,1.2413898706436157,2.0,4.0,0.7129766391385416,13.274084091186523,35.0,"{""type"":""Point"",""coordinates"":[110.09222426669724,19.921215266328765]}"
243,0.0,26.0,311.0,72.91232299804688,313.0,18.401403869524152,109.62793765229628,2163.504150390625,49.0,16.846445083618164,7.0,1.0,0.5842075239800221,10.770352363586426,41.0,"{""type"":""Point"",""coordinates"":[109.62804576922866,18.402414550676383]}"
244,0.0,24.0,69.0,9.104637145996094,63.0,19.173955013866944,108.83742020227112,1873.4566650390625,58.0,0.752274751663208,2.0,2.0,0.6770116679500742,14.063741683959961,40.0,"{""type"":""Point"",""coordinates"":[108.83835634063857,19.17314759052102]}"
245,0.0,30.0,87.0,20.35257911682129,86.0,19.78031783064762,109.9603143074205,2564.251220703125,43.0,1.161446452140808,4.0,4.0,0.7176249494716089,13.618589401245117,34.0,"{""type"":""Point"",""coordinates"":[109.96217161497064,19.782416607565548]}"
246,0.0,24.0,39.0,10.721170425415039,39.0,18.724797371807185,110.18040155202976,2193.443603515625,51.0,0.4845128357410431,4.0,1.0,0.7092880826859944,14.521401405334473,44.0,"{""type"":""Point"",""coordinates"":[110.1788327367444,18.726801211575857]}"
248,0.0,25.0,32.0,6.987011432647705,32.0,18.446319633730134,109.81209228554076,1813.286376953125,51.0,0.3795308768749237,3.0,1.0,0.6943797463207225,14.769696235656738,44.0,"{""type"":""Point"",""coordinates"":[109.81380421298353,18.4465982780538]}"
249,0.0,28.0,312.0,80.83606719970703,312.0,18.590050079189254,110.09955317645904,2179.86328125,49.0,20.333784103393555,4.0,1.0,0.5547840783818062,10.567665100097656,45.0,"{""type"":""Point"",""coordinates"":[110.09794137097177,18.58921068108046]}"
250,0.0,29.0,829.0,24.291179656982422,593.0,18.99429195704304,109.70429445144646,2643.14892578125,48.0,2.1159441471099854,4.0,2.0,0.6196860487226511,12.428485870361328,42.0,"{""type"":""Point"",""coordinates"":[109.70534161132122,18.9935447192489]}"
251,0.0,30.0,891.0,55.90212631225586,824.0,18.63496584339523,109.3943756784252,2238.749755859375,46.0,18.160993576049805,9.0,1.0,0.5328433616639691,10.175333023071289,46.0,"{""type"":""Point"",""coordinates"":[109.39452748413377,18.63714175759685]}"
252,0.0,28.0,30.0,14.03584098815918,30.0,19.69048630223567,110.69244126397791,2463.55126953125,47.0,0.7301433682441711,4.0,3.0,0.7618405258744024,13.683673858642578,38.0,"{""type"":""Point"",""coordinates"":[110.69254420814323,19.68937179778191]}"
253,0.0,23.0,31.0,10.795223236083984,34.0,18.895477275789894,110.3645561852743,2301.30419921875,53.0,0.381417453289032,4.0,2.0,0.7177891728789416,14.765318870544434,45.0,"{""type"":""Point"",""coordinates"":[110.36235943580697,18.8940327971281]}"
254,0.0,27.0,53.0,19.364137649536133,35.0,19.546755856776542,110.24777519833873,2757.623779296875,46.0,0.7791558504104614,3.0,3.0,0.7612421522894409,14.038089752197266,38.0,"{""type"":""Point"",""coordinates"":[110.24596825112432,19.548171604939107]}"
255,0.0,23.0,11.0,14.288714408874512,13.0,19.138022402502166,110.46337086652744,2697.676513671875,47.0,0.33974793553352356,3.0,2.0,0.7816031303982207,14.873430252075195,40.0,"{""type"":""Point"",""coordinates"":[110.46287539823447,19.139300727865944]}"
256,0.0,29.0,297.0,23.771814346313477,112.0,19.133530826081568,109.56505558240792,2458.424072265625,38.0,1.7571327686309814,4.0,2.0,0.6536765584800927,13.069576263427734,40.0,"{""type"":""Point"",""coordinates"":[109.56679302558352,19.134403474226435]}"
257,0.0,30.0,274.0,32.515079498291016,213.0,18.783187865274954,109.86599120258796,2632.68115234375,39.0,2.460059881210327,4.0,1.0,0.64237921690326,12.748456954956055,44.0,"{""type"":""Point"",""coordinates"":[109.86680202439692,18.781207435919814]}"
258,0.0,21.0,133.0,35.50395965576172,120.0,19.12454767324037,108.91377700142124,2238.19140625,60.0,4.407910346984863,4.0,2.0,0.6454975748422827,12.255000114440918,39.0,"{""type"":""Point"",""coordinates"":[108.91325384552245,19.123553587183103]}"
259,0.0,32.0,772.0,52.82966613769531,751.0,18.787679441695552,108.8688612372153,2087.0927734375,45.0,18.1464900970459,10.0,1.0,0.53673126343111,10.305645942687988,45.0,"{""type"":""Point"",""coordinates"":[108.86675961619149,18.788039480761974]}"
260,0.0,26.0,368.0,34.826744079589844,243.0,18.729288948227783,109.01708325909499,2138.669677734375,46.0,5.193350791931152,5.0,1.0,0.6060221761366524,11.933422088623047,43.0,"{""type"":""Point"",""coordinates"":[109.01490003629341,18.727539687212712]}"
261,0.0,26.0,498.0,62.11769485473633,328.0,18.922426734313476,109.4347998662106,2495.223388671875,49.0,9.772211074829102,4.0,2.0,0.5930068729700215,11.195599555969238,45.0,"{""type"":""Point"",""coordinates"":[109.43518263299283,18.922458657344922]}"
262,0.0,23.0,25.0,14.611300468444824,27.0,19.173955013866944,110.44989613726563,2817.7373046875,50.0,0.29297253489494324,3.0,2.0,0.7696716306664035,15.013327598571777,39.0,"{""type"":""Point"",""coordinates"":[110.44843097145795,19.172682131761427]}"
263,0.0,28.0,118.0,26.044702529907227,57.0,19.371584376373235,109.89743223753214,2726.19140625,42.0,1.4335063695907593,4.0,3.0,0.7259814085340225,13.389266014099121,39.0,"{""type"":""Point"",""coordinates"":[109.89859013730813,19.371054687895125]}"
264,0.0,28.0,314.0,30.367704391479492,311.0,18.42835332804774,109.42132513694878,1994.9188232421875,49.0,5.276378631591797,4.0,1.0,0.604971604459814,11.955748558044434,42.0,"{""type"":""Point"",""coordinates"":[109.42244010379977,18.42806560827225]}"
265,0.0,26.0,75.0,17.55138397216797,62.0,19.582688468141328,110.41845510232145,2729.42431640625,49.0,0.7456365823745728,5.0,3.0,0.7362956514231712,13.788680076599121,37.0,"{""type"":""Point"",""coordinates"":[110.41798351403958,19.584862924851915]}"
266,0.0,32.0,75.0,17.689897537231445,76.0,19.942014581789138,110.26124992760055,2495.271484375,40.0,1.2465403079986572,2.0,4.0,0.7018966758835512,13.056859016418457,39.0,"{""type"":""Point"",""coordinates"":[110.26307581088476,19.940887589167982]}"
267,0.0,33.0,78.0,37.186622619628906,75.0,19.537772703935353,109.25962838580728,2169.1025390625,41.0,5.136843204498291,4.0,3.0,0.6791208035651164,12.134659767150879,37.0,"{""type"":""Point"",""coordinates"":[109.25757283588005,19.536203335524092]}"
268,0.0,29.0,74.0,10.80017375946045,60.0,19.816250442012404,110.2073510105534,2412.112548828125,43.0,0.3257187604904175,9.0,4.0,0.7591483429110073,14.617718696594238,31.0,"{""type"":""Point"",""coordinates"":[110.20693072356735,19.816009717872063]}"
269,0.0,30.0,31.0,22.08806610107422,22.0,19.133530826081568,110.25226677475933,2858.58203125,40.0,0.8928512334823608,4.0,2.0,0.7635659824269658,13.914727210998535,41.0,"{""type"":""Point"",""coordinates"":[110.25265612853664,19.135580777922204]}"
270,0.0,24.0,22.0,11.214411735534668,11.0,19.726418913600448,110.17141839918861,2690.844970703125,44.0,0.08368592709302902,4.0,3.0,0.8252025112368586,16.060609817504883,31.0,"{""type"":""Point"",""coordinates"":[110.17147968089955,19.727894558987604]}"
271,0.0,24.0,41.0,11.795098304748535,41.0,19.389550682055628,108.84640335511227,1729.4710693359375,54.0,1.5038740634918213,3.0,3.0,0.6881391197686698,13.387371063232422,41.0,"{""type"":""Point"",""coordinates"":[108.84719447468416,19.389123435198822]}"
272,0.0,28.0,327.0,24.501188278198242,323.0,18.693356336862998,108.83292862585051,1989.4652099609375,49.0,3.785029411315918,4.0,1.0,0.6043740621598672,12.280229568481445,43.0,"{""type"":""Point"",""coordinates"":[108.8321350109582,18.691700075488754]}"
273,0.0,25.0,208.0,60.841182708740234,208.0,18.65742372549822,110.08158687077662,2235.971435546875,51.0,10.609503746032715,4.0,1.0,0.5931211802894295,11.319671630859375,45.0,"{""type"":""Point"",""coordinates"":[110.08357652452816,18.65524104430156]}"
274,0.0,33.0,102.0,11.198837280273438,100.0,19.564722162458935,109.37191779632224,2432.017333984375,44.0,0.38960546255111694,4.0,3.0,0.6880319270508806,14.701948165893555,36.0,"{""type"":""Point"",""coordinates"":[109.36969630625671,19.56543149143337]}"
276,0.0,22.0,22.0,8.38066291809082,22.0,18.473269092253716,110.0097216480471,1867.372802734375,56.0,0.5495322346687317,2.0,1.0,0.7035321686460337,14.405345916748047,45.0,"{""type"":""Point"",""coordinates"":[110.01062654806066,18.475352189630406]}"
277,0.0,29.0,409.0,73.43238067626953,400.0,18.536151162142083,109.65937868724046,2306.719970703125,49.0,16.256567001342773,4.0,1.0,0.5638951105343629,10.737626075744629,46.0,"{""type"":""Point"",""coordinates"":[109.65889404221282,18.538127386953875]}"
278,0.0,24.0,232.0,29.213788986206055,138.0,19.322177035746662,109.753701792073,2644.804443359375,50.0,1.986298680305481,4.0,3.0,0.6779863217721738,12.990604400634766,37.0,"{""type"":""Point"",""coordinates"":[109.75386814441342,19.322858365583222]}"
279,0.0,23.0,36.0,17.76560401916504,22.0,19.699469455076866,110.14446894066504,2663.0341796875,50.0,0.6989864110946655,2.0,3.0,0.8121039731908161,14.156638145446777,30.0,"{""type"":""Point"",""coordinates"":[110.146524197337,19.700788650857145]}"
280,0.0,26.0,161.0,25.814411163330078,127.0,19.223362354493517,110.09955317645904,2888.4677734375,49.0,1.2268787622451782,4.0,2.0,0.6761106773857115,13.518303871154785,39.0,"{""type"":""Point"",""coordinates"":[110.10083758778283,19.223555046882225]}"
281,0.0,26.0,395.0,63.11635208129883,228.0,18.895477275789894,109.798617556279,2474.704833984375,45.0,9.146388053894043,3.0,2.0,0.5942364456040181,11.341938972473145,46.0,"{""type"":""Point"",""coordinates"":[109.7993067747581,18.897382194020626]}"
282,0.0,27.0,383.0,49.675113677978516,296.0,18.661915301918818,109.33598518495745,2189.4697265625,50.0,9.373828887939453,4.0,1.0,0.5894250718384595,11.325748443603516,44.0,"{""type"":""Point"",""coordinates"":[109.33414280402124,18.66331671818849]}"
283,0.0,32.0,859.0,24.798160552978516,700.0,18.837086782322125,109.63692080513749,2360.517822265625,46.0,3.4454281330108643,5.0,2.0,0.5826189744243248,11.907144546508789,46.0,"{""type"":""Point"",""coordinates"":[109.6361281814971,18.83591095189955]}"
284,0.0,33.0,431.0,83.3711166381836,271.0,19.21437920165232,109.60997134661392,2705.318603515625,36.0,11.987361907958984,5.0,2.0,0.6208252788854551,11.038361549377441,39.0,"{""type"":""Point"",""coordinates"":[109.6101999012172,19.215784928825123]}"
285,0.0,21.0,4.0,9.262622833251953,7.0,18.85954466442511,110.45438771368623,2140.2490234375,49.0,0.2973126471042633,2.0,2.0,0.7385809326764983,15.010942459106445,45.0,"{""type"":""Point"",""coordinates"":[110.45470775226484,18.86092519294646]}"
286,0.0,28.0,256.0,79.55550384521484,234.0,19.191921319549337,109.08445690540395,2395.176025390625,43.0,13.616555213928223,5.0,2.0,0.6113650673473039,11.030997276306152,40.0,"{""type"":""Point"",""coordinates"":[109.08556442722588,19.19261117014061]}"
287,0.0,27.0,712.0,34.79959487915039,543.0,18.864036240845707,109.69531129860525,2354.347900390625,45.0,4.996339797973633,5.0,2.0,0.5897046724999424,11.686543464660645,45.0,"{""type"":""Point"",""coordinates"":[109.69423380533517,18.865856718771262]}"
288,0.0,26.0,78.0,10.046578407287598,49.0,18.612507961292245,109.69980287502585,2190.702880859375,45.0,0.38911569118499756,4.0,1.0,0.6870969494613545,14.717646598815918,46.0,"{""type"":""Point"",""coordinates"":[109.70134532920882,18.61313813298686]}"
289,0.0,27.0,252.0,46.339012145996094,82.0,18.899968852210492,109.45276617189296,2306.155517578125,45.0,6.268190383911133,4.0,2.0,0.6286794797893734,11.824543952941895,45.0,"{""type"":""Point"",""coordinates"":[109.45229525097072,18.901922649034]}"
290,0.0,28.0,164.0,43.99742126464844,140.0,19.079631909034397,108.91826857784184,2238.482666015625,46.0,6.145356178283691,4.0,2.0,0.6374245472294466,11.901500701904297,39.0,"{""type"":""Point"",""coordinates"":[108.91823146723459,19.07859234035321]}"
291,0.0,21.0,76.0,9.271470069885254,68.0,19.69048630223567,109.52463139462253,2291.41845703125,57.0,0.21578660607337952,4.0,3.0,0.7351487455572595,15.308438301086426,32.0,"{""type"":""Point"",""coordinates"":[109.52581995060154,19.68896926598947]}"
292,0.0,24.0,45.0,14.076854705810547,28.0,19.57370531530013,110.18040155202976,2701.238037109375,49.0,0.3441552519798279,4.0,3.0,0.7858368587717015,14.859954833984375,35.0,"{""type"":""Point"",""coordinates"":[110.18155473122815,19.572639082225724]}"
293,0.0,26.0,23.0,6.473945140838623,24.0,19.933031428947942,110.90803693216662,1798.4078369140625,49.0,0.6518370509147644,3.0,4.0,0.6667918593605848,12.67313289642334,52.0,"{""type"":""Point"",""coordinates"":[110.90662542623106,19.93199111185482]}"
294,0.0,32.0,574.0,52.93515396118164,572.0,18.42835332804774,109.47971563041654,2117.93798828125,40.0,13.338994026184082,7.0,1.0,0.5693710967150865,10.813395500183105,43.0,"{""type"":""Point"",""coordinates"":[109.48045972496251,18.426805069721386]}"
295,0.0,29.0,21.0,10.275568962097168,22.0,19.950997734630327,110.45887929010684,2367.281982421875,42.0,0.3817470371723175,3.0,4.0,0.7529642004899798,13.870573043823242,41.0,"{""type"":""Point"",""coordinates"":[110.4571735158042,19.948918916027]}"
296,0.0,30.0,208.0,31.295019149780273,79.0,18.73378052464838,109.08894848182456,2085.062744140625,41.0,4.418303966522217,4.0,1.0,0.6378807666527107,12.20520305633545,43.0,"{""type"":""Point"",""coordinates"":[109.08745354551957,18.7354223115717]}"
297,0.0,29.0,508.0,30.662708282470703,447.0,18.52267643288029,109.52013981820193,2112.104736328125,49.0,5.23530912399292,6.0,1.0,0.597302884670949,11.818684577941895,43.0,"{""type"":""Point"",""coordinates"":[109.51941353088019,18.521536712611184]}"
298,0.0,26.0,1010.0,67.41150665283203,813.0,19.01674983914603,109.56056400598732,2516.184326171875,49.0,19.916208267211914,8.0,2.0,0.5483243510657236,9.927175521850586,43.0,"{""type"":""Point"",""coordinates"":[109.56163516900479,19.015694049970726]}"
299,0.0,30.0,226.0,29.41008758544922,222.0,18.423861751627143,109.31801887927503,1952.53662109375,42.0,4.902035713195801,5.0,1.0,0.609665360976977,12.089122772216797,42.0,"{""type"":""Point"",""coordinates"":[109.31866493240479,18.42196739181286]}"
300,0.0,25.0,275.0,81.62509155273438,102.0,18.931409887154672,109.45725774831357,2358.443359375,50.0,15.225268363952637,3.0,2.0,0.5842334748012499,10.901690483093262,44.0,"{""type"":""Point"",""coordinates"":[109.45502156436187,18.931077647583763]}"
301,0.0,26.0,122.0,34.800804138183594,100.0,19.088615061875586,108.99013380057141,2437.5322265625,46.0,3.1786561012268066,4.0,2.0,0.657228583683583,12.589662551879883,40.0,"{""type"":""Point"",""coordinates"":[108.99233414323241,19.090389052453673]}"
302,0.0,23.0,94.0,32.38032531738281,68.0,19.533281127514755,109.52013981820193,2490.2451171875,53.0,2.676624298095703,4.0,3.0,0.726210555829883,12.778895378112793,34.0,"{""type"":""Point"",""coordinates"":[109.51830288090342,19.53217632556556]}"
303,0.0,31.0,164.0,30.43107032775879,164.0,18.495726974356707,109.96929746026171,1872.65283203125,42.0,5.7355570793151855,4.0,1.0,0.5966468335645311,11.971009254455566,44.0,"{""type"":""Point"",""coordinates"":[109.96872754696805,18.493814500944033]}"
304,0.0,24.0,326.0,16.482280731201172,300.0,18.670898454760014,108.9811506477302,2214.187255859375,53.0,1.35331392288208,5.0,1.0,0.6135011455819916,13.310698509216309,46.0,"{""type"":""Point"",""coordinates"":[108.97908060667928,18.67021705489956]}"
305,0.0,26.0,523.0,49.45353698730469,346.0,19.10208979113738,109.74022706281124,2712.27490234375,45.0,5.059401035308838,5.0,2.0,0.6397895811862817,11.84091567993164,39.0,"{""type"":""Point"",""coordinates"":[109.73955442748968,19.100016151315597]}"
306,0.0,27.0,132.0,17.0098934173584,119.0,19.533281127514755,109.41683356052818,2451.638671875,48.0,0.962439239025116,4.0,3.0,0.6846855300299555,13.779183387756348,36.0,"{""type"":""Point"",""coordinates"":[109.4189938337232,19.531223585971606]}"
307,0.0,25.0,21.0,25.838359832763672,21.0,18.643948996236425,110.21184258697394,2142.854248046875,48.0,2.746023416519165,3.0,1.0,0.7175922966999849,12.796346664428711,44.0,"{""type"":""Point"",""coordinates"":[110.21217614939938,18.644786798625923]}"
308,0.0,26.0,133.0,57.95051193237305,111.0,18.944884616416466,110.23430046907697,2777.8837890625,52.0,5.247478008270264,4.0,2.0,0.6296591992927933,12.079827308654785,46.0,"{""type"":""Point"",""coordinates"":[110.23220503958804,18.9436581965174]}"
309,0.0,23.0,12.0,5.018899917602539,15.0,18.51818485645969,108.80148759090633,1717.3165283203125,49.0,0.08336324244737625,2.0,1.0,0.722340370760986,16.226774215698242,41.0,"{""type"":""Point"",""coordinates"":[108.79928235271255,18.519033237179876]}"
310,0.0,27.0,209.0,28.485685348510742,56.0,19.142513978922757,109.82107543838197,2640.8818359375,47.0,1.950427770614624,4.0,2.0,0.7063231123680461,13.023860931396484,42.0,"{""type"":""Point"",""coordinates"":[109.8224297446343,19.14072856733577]}"
311,0.0,39.0,95.0,12.092704772949219,94.0,19.77133467780643,109.63242922871689,2234.395751953125,35.0,0.7313971519470215,5.0,4.0,0.6870744485222262,14.07632064819336,35.0,"{""type"":""Point"",""coordinates"":[109.63314699546302,19.769274921230572]}"
312,0.0,23.0,36.0,7.312643527984619,36.0,19.87913251190077,110.95295269637256,1780.53466796875,52.0,0.9349128007888794,6.0,4.0,0.6617785596908051,12.465397834777832,50.0,"{""type"":""Point"",""coordinates"":[110.9511183588271,19.878524423195753]}"
313,0.0,30.0,267.0,38.937904357910156,144.0,18.706831066124792,109.10691478750698,2100.1357421875,42.0,6.395556926727295,4.0,1.0,0.6052553712340686,11.79421329498291,43.0,"{""type"":""Point"",""coordinates"":[109.10484254419474,18.70735313461388]}"
314,0.0,23.0,127.0,21.66963005065918,72.0,19.4434495991028,110.04116268299128,2827.487548828125,51.0,0.8868027925491333,3.0,3.0,0.7147850135016186,13.864128112792969,38.0,"{""type"":""Point"",""coordinates"":[110.03912251899013,19.44435626634692]}"
315,0.0,25.0,182.0,11.572789192199707,101.0,19.259294965858295,109.87946593184972,2662.313232421875,51.0,0.18249113857746124,5.0,2.0,0.6901875501648985,15.410693168640137,37.0,"{""type"":""Point"",""coordinates"":[109.87854667163528,19.257336112664305]}"
316,0.0,30.0,83.0,10.897170066833496,76.0,19.582688468141328,110.59811815914537,2572.15234375,44.0,0.22943836450576782,3.0,3.0,0.7331324123956822,14.792717933654785,34.0,"{""type"":""Point"",""coordinates"":[110.59882175253922,19.584099967570495]}"
317,0.0,26.0,145.0,21.141334533691406,91.0,19.21437920165232,110.01870480088826,2879.177734375,47.0,0.8081463575363159,4.0,2.0,0.6936151446903679,13.945881843566895,38.0,"{""type"":""Point"",""coordinates"":[110.0174922614668,19.214080023171036]}"
318,0.0,26.0,36.0,12.84583854675293,37.0,19.510823245411764,110.73735702818391,2401.170166015625,46.0,0.6019288301467896,5.0,3.0,0.7600523409760297,13.871407508850098,36.0,"{""type"":""Point"",""coordinates"":[110.73621447622155,19.512819386175323]}"
319,0.0,25.0,4.0,8.169672012329102,5.0,19.950997734630327,110.66998338187494,2264.388916015625,46.0,0.13485142588615417,2.0,4.0,0.7402212297703304,14.636658668518066,47.0,"{""type"":""Point"",""coordinates"":[110.66915281076254,19.949060522275193]}"
320,0.0,24.0,432.0,89.69058990478516,419.0,18.67988160760121,109.87048277900857,2481.4453125,51.0,17.151165008544922,6.0,1.0,0.5644760839957867,10.663622856140137,47.0,"{""type"":""Point"",""coordinates"":[109.87177941141036,18.68012855798558]}"
321,0.0,27.0,6.0,7.049926280975342,6.0,19.479382210467584,108.97665907130965,2077.225341796875,49.0,0.129855215549469,2.0,3.0,0.7632500896522844,15.85722827911377,39.0,"{""type"":""Point"",""coordinates"":[108.97522798797806,19.480181991599363]}"
322,0.0,23.0,122.0,18.682228088378906,28.0,19.362601223532046,109.33149360853685,2379.5302734375,44.0,1.1314657926559448,3.0,3.0,0.7637663894041326,13.623503684997559,35.0,"{""type"":""Point"",""coordinates"":[109.3319184020929,19.362510772200615]}"
323,0.0,25.0,101.0,14.347278594970703,12.0,19.32666861216726,110.1130279057208,2943.840087890625,45.0,0.1823553889989853,4.0,3.0,0.7871639247279045,15.461743354797363,38.0,"{""type"":""Point"",""coordinates"":[110.11154914805054,19.327131720837023]}"
324,0.0,26.0,792.0,30.848440170288086,777.0,18.65742372549822,108.93623488352426,2069.6826171875,49.0,6.676217079162598,6.0,1.0,0.5557765216963606,11.314653396606445,47.0,"{""type"":""Point"",""coordinates"":[108.93577983388991,18.656289264556925]}"
325,0.0,29.0,56.0,13.798894882202148,55.0,19.757859948544635,110.58464342988356,2435.82958984375,41.0,0.6989941596984863,6.0,4.0,0.7412465333773698,13.70372486114502,36.0,"{""type"":""Point"",""coordinates"":[110.58309183215006,19.7561302232881]}"
326,0.0,27.0,560.0,13.729522705078125,546.0,18.54064273856268,109.19225473949831,2042.5535888671875,50.0,1.4238554239273071,5.0,1.0,0.5977884657014261,13.080625534057617,44.0,"{""type"":""Point"",""coordinates"":[109.1913034398869,18.539950668921808]}"
327,0.0,28.0,52.0,27.121688842773438,43.0,19.15598870818455,110.24328362191818,2873.6015625,43.0,1.2927988767623901,4.0,2.0,0.7412746894082272,13.53221607208252,40.0,"{""type"":""Point"",""coordinates"":[110.24550152666102,19.15569194623862]}"
328,0.0,39.0,126.0,21.420495986938477,111.0,19.784809407068217,109.753701792073,2417.629638671875,35.0,1.6883376836776733,5.0,4.0,0.6853692781878207,13.220656394958496,35.0,"{""type"":""Point"",""coordinates"":[109.75266618454253,19.784773271014576]}"
329,0.0,27.0,59.0,12.306286811828613,62.0,18.554117467824476,108.85089493153288,1896.08056640625,46.0,1.1862468719482422,4.0,1.0,0.6531683962612989,13.614131927490234,46.0,"{""type"":""Point"",""coordinates"":[108.84896664493556,18.554889791697548]}"
330,0.0,25.0,177.0,11.232074737548828,38.0,18.76522155959256,109.2775946914897,1999.565185546875,53.0,0.8892614841461182,4.0,1.0,0.6799110615049546,13.830105781555176,46.0,"{""type"":""Point"",""coordinates"":[109.27952579330642,18.76585427715063]}"
331,0.0,25.0,1194.0,44.09490203857422,997.0,19.01674983914603,109.51115666536077,2519.6494140625,43.0,11.531549453735352,9.0,2.0,0.5682497385095346,10.216452598571777,42.0,"{""type"":""Point"",""coordinates"":[109.51160373162975,19.01559740896832]}"
332,0.0,29.0,606.0,10.030925750732422,458.0,18.783187865274954,109.33598518495745,2089.902587890625,48.0,0.675868570804596,7.0,1.0,0.6020220074208885,13.786555290222168,44.0,"{""type"":""Point"",""coordinates"":[109.33816614977479,18.783467640047395]}"
333,0.0,24.0,90.0,9.717752456665039,82.0,19.4434495991028,109.13386424603056,2126.220703125,54.0,0.459282785654068,2.0,3.0,0.7019052763077348,14.544656753540039,33.0,"{""type"":""Point"",""coordinates"":[109.13541051431115,19.443630284249117]}"
335,0.0,22.0,42.0,10.788941383361816,34.0,19.65455369087089,110.35108145601248,2637.966796875,56.0,0.1298862099647522,2.0,3.0,0.801355824868959,15.562026023864746,30.0,"{""type"":""Point"",""coordinates"":[110.35058113343403,19.65646472077134]}"
336,0.0,22.0,14.0,7.206161022186279,14.0,18.387929140262365,109.08894848182456,1671.2060546875,53.0,0.5848767161369324,3.0,1.0,0.7239425170617066,14.34762191772461,40.0,"{""type"":""Point"",""coordinates"":[109.09002321647515,18.38817946999309]}"
338,0.0,32.0,416.0,42.112125396728516,412.0,18.423861751627143,109.52463139462253,2014.8121337890625,42.0,9.411142349243164,7.0,1.0,0.5848619002874341,11.29730224609375,43.0,"{""type"":""Point"",""coordinates"":[109.52294528570079,18.42286993375158]}"
339,0.0,26.0,166.0,32.581016540527344,142.0,18.79666259453675,110.09506160003843,2443.43408203125,50.0,3.011284828186035,3.0,1.0,0.6283759929227458,12.616494178771973,46.0,"{""type"":""Point"",""coordinates"":[110.09574703691139,18.797376563705175]}"
340,0.0,23.0,100.0,18.167417526245117,60.0,19.510823245411764,109.87048277900857,2661.990234375,53.0,0.7791178226470947,3.0,3.0,0.7308291718600386,14.010085105895996,38.0,"{""type"":""Point"",""coordinates"":[109.87201847460261,19.509662067773988]}"
341,0.0,27.0,364.0,56.52675247192383,210.0,19.034716144828415,109.8031091326996,2564.527099609375,48.0,7.036595821380615,4.0,2.0,0.6268868542398036,11.630261421203613,42.0,"{""type"":""Point"",""coordinates"":[109.80184848501418,19.035514330459456]}"
342,0.0,33.0,170.0,29.238292694091797,41.0,18.783187865274954,109.16530528097474,2066.447021484375,37.0,4.054052829742432,4.0,1.0,0.687100442110416,12.315869331359863,42.0,"{""type"":""Point"",""coordinates"":[109.16658714544536,18.783796354930075]}"
343,0.0,28.0,27.0,8.767132759094238,28.0,19.88362408832137,109.5920050409315,1938.7442626953125,41.0,0.4913169741630554,2.0,4.0,0.74990925582302,14.514435768127441,34.0,"{""type"":""Point"",""coordinates"":[109.59367672092566,19.885489289242717]}"
344,0.0,27.0,117.0,12.066752433776855,90.0,19.317685459326064,109.17428843381595,2365.332763671875,44.0,0.4628771245479584,4.0,3.0,0.6803936610005419,14.520482063293457,39.0,"{""type"":""Point"",""coordinates"":[109.17484373924063,19.317075932126812]}"
345,0.0,24.0,23.0,8.886266708374023,21.0,19.82972517127419,110.75532333386627,2241.902099609375,50.0,0.2934332489967346,7.0,4.0,0.7319243316109523,14.069148063659668,45.0,"{""type"":""Point"",""coordinates"":[110.75575918604895,19.831649545964893]}"
346,0.0,28.0,126.0,24.0328369140625,83.0,19.425483293420413,110.12201105856201,2794.316650390625,45.0,1.1824039220809937,3.0,3.0,0.7013694832321249,13.576998710632324,38.0,"{""type"":""Point"",""coordinates"":[110.12171514399877,19.423399643329077]}"
347,0.0,29.0,95.0,19.89015007019043,54.0,19.41200856415862,110.23879204549758,2850.493408203125,39.0,0.707204282283783,4.0,3.0,0.7383399559700745,14.10996150970459,38.0,"{""type"":""Point"",""coordinates"":[110.23851367206782,19.411904321330226]}"
348,0.0,23.0,259.0,57.95912170410156,99.0,18.783187865274954,109.40785040768702,2348.001220703125,53.0,8.623682975769043,4.0,1.0,0.6035432735474392,11.497251510620117,45.0,"{""type"":""Point"",""coordinates"":[109.40644126401524,18.783073621527]}"
349,0.0,31.0,142.0,12.586261749267578,102.0,19.479382210467584,109.96929746026171,2714.6357421875,40.0,0.23736824095249176,4.0,3.0,0.6871107855817457,15.172938346862793,38.0,"{""type"":""Point"",""coordinates"":[109.96914662790873,19.47751810111208]}"
350,0.0,27.0,44.0,10.718583106994629,42.0,19.76684310138583,110.49930347789223,2518.283447265625,39.0,0.18255482614040375,6.0,4.0,0.7723700271866012,15.057302474975586,34.0,"{""type"":""Point"",""coordinates"":[110.49746617276992,19.76858888758074]}"
351,0.0,27.0,39.0,14.969619750976562,40.0,19.4389580226822,110.66549180545434,2495.267822265625,43.0,0.7481129765510559,8.0,3.0,0.7459538715301173,13.651268005371094,40.0,"{""type"":""Point"",""coordinates"":[110.66397293545917,19.44004003762541]}"
352,0.0,26.0,15.0,7.450580596923828,17.0,19.672519996553277,110.84964643869881,2227.166259765625,50.0,0.08367098867893219,4.0,3.0,0.7567899655524146,15.335962295532227,40.0,"{""type"":""Point"",""coordinates"":[110.85113303296548,19.67376962784384]}"
353,0.0,24.0,18.0,8.837665557861328,19.0,19.924048276106745,110.73735702818391,2210.73193359375,47.0,0.37053194642066956,4.0,4.0,0.7123515397650728,13.432658195495605,49.0,"{""type"":""Point"",""coordinates"":[110.73707347701809,19.923741340556397]}"
354,0.0,22.0,57.0,22.07328987121582,41.0,19.569213738879533,110.39599722021848,2693.65576171875,54.0,1.2387622594833374,6.0,3.0,0.7548139301639647,13.29505729675293,38.0,"{""type"":""Point"",""coordinates"":[110.39729362640047,19.569720494266225]}"
355,0.0,28.0,9.0,12.589380264282227,10.0,19.924048276106745,110.5711687006218,2410.75634765625,44.0,0.7343442440032959,4.0,4.0,0.7646333798211616,13.172764778137207,42.0,"{""type"":""Point"",""coordinates"":[110.56905260134887,19.92589732265501]}"
356,0.0,29.0,27.0,24.270689010620117,29.0,19.04819087409021,110.43192983158326,2627.721435546875,42.0,1.4169973134994507,3.0,2.0,0.7668484956642847,13.441627502441406,38.0,"{""type"":""Point"",""coordinates"":[110.43313650602278,19.048550833653408]}"
357,0.0,24.0,146.0,8.82520580291748,127.0,18.554117467824476,109.07996532898335,1925.6435546875,56.0,0.6050246953964233,2.0,1.0,0.6081278895400869,14.234763145446777,46.0,"{""type"":""Point"",""coordinates"":[109.08019727103503,18.555562866608863]}"
358,0.0,21.0,30.0,6.330704689025879,30.0,19.74438521928284,110.95295269637256,1798.6541748046875,56.0,0.4875304698944092,2.0,4.0,0.6860717551533683,13.130647659301758,46.0,"{""type"":""Point"",""coordinates"":[110.95238800044967,19.745176209937433]}"
359,0.0,26.0,518.0,59.95119094848633,465.0,18.774204712433757,109.64590395797865,2488.5390625,47.0,9.230299949645996,4.0,1.0,0.5842902992718096,11.237632751464844,47.0,"{""type"":""Point"",""coordinates"":[109.64498717998521,18.7753175611294]}"
360,0.0,25.0,173.0,38.79450607299805,173.0,18.401403869524152,109.24615365654546,1931.7947998046875,54.0,7.902232646942139,4.0,1.0,0.6014225466586753,11.641844749450684,42.0,"{""type"":""Point"",""coordinates"":[109.24773658648917,18.399725162321015]}"
361,0.0,30.0,41.0,12.869678497314453,42.0,19.942014581789138,110.13548578782382,2497.936767578125,39.0,0.46506184339523315,2.0,4.0,0.7671607015128351,14.287263870239258,34.0,"{""type"":""Point"",""coordinates"":[110.13460481595372,19.942502423758167]}"
362,0.0,29.0,34.0,8.634652137756348,34.0,19.68599472581507,110.70591599323973,2389.419189453125,49.0,0.12989182770252228,5.0,3.0,0.7559962226978408,15.406678199768066,38.0,"{""type"":""Point"",""coordinates"":[110.70614614039935,19.686691105238335]}"
363,0.0,22.0,58.0,10.10799503326416,54.0,19.376075952793833,109.05301587045977,2049.8125,57.0,0.5990859866142273,3.0,3.0,0.7172506283482205,14.2979736328125,36.0,"{""type"":""Point"",""coordinates"":[109.05524109551041,19.37599273597756]}"
364,0.0,28.0,52.0,11.20644760131836,50.0,19.757859948544635,110.46786244294805,2518.283447265625,42.0,0.2694326639175415,7.0,4.0,0.767849568703628,14.660751342773438,33.0,"{""type"":""Point"",""coordinates"":[110.46777555579686,19.759087543798405]}"
365,0.0,29.0,111.0,58.65448760986328,95.0,19.01674983914603,110.25675835117994,2707.468017578125,40.0,5.342615127563477,3.0,2.0,0.6443295826433971,12.0752534866333,44.0,"{""type"":""Point"",""coordinates"":[110.258035651637,19.01512366194366]}"
366,0.0,27.0,530.0,57.37922286987305,415.0,18.774204712433757,109.5470892767255,2244.987548828125,50.0,12.474898338317871,4.0,1.0,0.5566312581345465,10.919358253479004,48.0,"{""type"":""Point"",""coordinates"":[109.54576512915044,18.77613651197103]}"
367,0.0,28.0,240.0,49.77012634277344,189.0,19.043699297669612,110.01870480088826,2687.15478515625,48.0,4.749629497528076,4.0,2.0,0.6349902689685513,12.111639976501465,44.0,"{""type"":""Point"",""coordinates"":[110.0204180455743,19.041852629458326]}"
368,0.0,24.0,182.0,13.009800910949707,167.0,18.482252245094912,109.31801887927503,1969.91015625,55.0,1.2573927640914917,4.0,1.0,0.6075789617041681,13.48044204711914,46.0,"{""type"":""Point"",""coordinates"":[109.31789470519396,18.480888200895826]}"
369,0.0,27.0,203.0,12.403316497802734,202.0,18.383437563841767,109.25513680938667,1786.646240234375,55.0,1.7155402898788452,4.0,1.0,0.6206402917868784,13.156149864196777,40.0,"{""type"":""Point"",""coordinates"":[109.25516177327496,18.38230932838275]}"
370,0.0,25.0,156.0,52.28814697265625,53.0,18.922426734313476,110.01870480088826,2690.609130859375,49.0,4.682286262512207,3.0,2.0,0.686819210632311,12.180051803588867,45.0,"{""type"":""Point"",""coordinates"":[110.01962790922937,18.9224169795127]}"
371,0.0,26.0,355.0,48.144039154052734,172.0,18.949376192837065,109.77615967417603,2694.43310546875,44.0,4.411733150482178,3.0,2.0,0.6327908723598461,12.106647491455078,43.0,"{""type"":""Point"",""coordinates"":[109.77506613406034,18.948099648988162]}"
372,0.0,27.0,376.0,56.800270080566406,374.0,18.419370175206545,109.46174932473417,2117.93798828125,48.0,12.573684692382812,4.0,1.0,0.5848462791671264,11.029906272888184,42.0,"{""type"":""Point"",""coordinates"":[109.46043244017254,18.418946779581095]}"
373,0.0,25.0,21.0,9.109827041625977,21.0,18.311572341112203,109.51564824178132,1771.470703125,45.0,0.7778988480567932,3.0,0.0,0.7254666309466313,14.058363914489746,39.0,"{""type"":""Point"",""coordinates"":[109.51787598834133,18.312416078314385]}"
374,0.0,28.0,123.0,11.90649700164795,110.0,19.55573900961774,109.4392914426312,2515.690185546875,48.0,0.3494967222213745,4.0,3.0,0.7007312904273484,14.797781944274902,34.0,"{""type"":""Point"",""coordinates"":[109.43850181190302,19.553531456118886]}"
375,0.0,27.0,287.0,49.689510345458984,107.0,18.917935157892877,109.50217351251956,2316.940185546875,46.0,7.137811660766602,4.0,2.0,0.6087373753933203,11.669824600219727,44.0,"{""type"":""Point"",""coordinates"":[109.50207828575695,18.919044565928164]}"
376,0.0,26.0,131.0,37.22914505004883,131.0,18.67988160760121,110.22531731623576,2200.1025390625,46.0,4.706911563873291,9.0,1.0,0.6191852602971932,12.190325736999512,45.0,"{""type"":""Point"",""coordinates"":[110.22403864701545,18.67913387827205]}"
377,0.0,26.0,219.0,49.73891067504883,42.0,19.259294965858295,109.53810612388435,2615.325927734375,47.0,4.830085754394531,5.0,2.0,0.7235022525778283,12.108556747436523,39.0,"{""type"":""Point"",""coordinates"":[109.53601933954195,19.258656658196866]}"
378,0.0,36.0,113.0,18.261323928833008,94.0,19.46590748120579,110.49930347789223,2712.433837890625,38.0,0.944373607635498,4.0,3.0,0.6792274250834542,13.521910667419434,41.0,"{""type"":""Point"",""coordinates"":[110.49818393620335,19.467047223353834]}"
379,0.0,27.0,119.0,27.778837203979492,36.0,19.308702306484875,110.1624352463474,2928.958251953125,46.0,1.3083785772323608,4.0,3.0,0.7536210521181501,13.480023384094238,38.0,"{""type"":""Point"",""coordinates"":[110.16306022907028,19.307217041585517]}"
380,0.0,23.0,158.0,19.29885482788086,62.0,19.286244424381884,109.30005257359267,2412.9814453125,57.0,1.337607979774475,3.0,3.0,0.7118519346679224,13.433749198913574,38.0,"{""type"":""Point"",""coordinates"":[109.3008923476116,19.285170654384412]}"
381,0.0,30.0,204.0,18.408008575439453,207.0,18.729288948227783,110.35557303243309,2169.647216796875,45.0,1.7418357133865356,5.0,1.0,0.6035620385150267,13.140283584594727,49.0,"{""type"":""Point"",""coordinates"":[110.35458661860588,18.731160105981655]}"
382,0.0,28.0,42.0,14.98101806640625,42.0,19.72192733717985,109.36742621990163,2206.98876953125,45.0,1.0412896871566772,3.0,3.0,0.7524324377164048,13.754490852355957,33.0,"{""type"":""Point"",""coordinates"":[109.36834510178024,19.723424813492333]}"
383,0.0,25.0,36.0,6.09653377532959,37.0,19.96896404031272,110.91702008500778,1795.6075439453125,48.0,0.5662193894386292,2.0,4.0,0.664259956580598,12.514264106750488,49.0,"{""type"":""Point"",""coordinates"":[110.91488065439927,19.969013725460083]}"
384,0.0,28.0,257.0,43.08677291870117,152.0,18.8775109701075,109.92438169605572,2476.207763671875,48.0,4.79564094543457,4.0,2.0,0.6276709767693925,12.090646743774414,44.0,"{""type"":""Point"",""coordinates"":[109.92550534416543,18.877027111801425]}"
385,0.0,27.0,49.0,12.855332374572754,49.0,19.757859948544635,110.62057604124834,2383.013671875,46.0,0.6494966745376587,5.0,4.0,0.7357873165147227,13.78357219696045,38.0,"{""type"":""Point"",""coordinates"":[110.61977067904357,19.755795606727762]}"
386,0.0,22.0,29.0,5.752581596374512,30.0,19.950997734630327,110.91702008500778,1795.6075439453125,56.0,0.37660208344459534,1.0,4.0,0.6633848282054983,13.108107566833496,51.0,"{""type"":""Point"",""coordinates"":[110.91864239822927,19.952003172352914]}"
387,0.0,34.0,74.0,14.73939323425293,70.0,19.78031783064762,109.89294066111154,2546.14453125,41.0,0.6475965976715088,4.0,4.0,0.7331591955986522,14.210614204406738,35.0,"{""type"":""Point"",""coordinates"":[109.8937825615639,19.782524869149295]}"
388,0.0,28.0,1070.0,73.61238098144531,1041.0,18.73378052464838,109.81209228554076,2611.4208984375,42.0,22.277442932128906,10.0,1.0,0.5218455379964485,9.72001838684082,48.0,"{""type"":""Point"",""coordinates"":[109.81212530175557,18.731688770861915]}"
389,0.0,28.0,82.0,43.63200378417969,81.0,18.49123539793611,109.70878602786706,1959.3653564453125,50.0,8.834681510925293,4.0,1.0,0.608697706993211,11.584735870361328,46.0,"{""type"":""Point"",""coordinates"":[109.70795055808888,18.492637695844213]}"
390,0.0,20.0,10.0,7.223728179931641,10.0,19.052682450510808,108.67572345112961,1457.1580810546875,54.0,0.9665235280990601,2.0,2.0,0.6915118307903521,13.847556114196777,45.0,"{""type"":""Point"",""coordinates"":[108.67354379417145,19.05322396006926]}"
391,0.0,22.0,29.0,22.055957794189453,20.0,19.6365873851885,110.23879204549758,2701.07666015625,50.0,1.036804437637329,4.0,3.0,0.7966744676001137,13.728529930114746,34.0,"{""type"":""Point"",""coordinates"":[110.24062013913061,19.634971110372483]}"
392,0.0,30.0,30.0,35.0037956237793,33.0,18.71132264254539,110.3690477616949,2169.647216796875,40.0,4.355580806732178,4.0,1.0,0.6823092823428145,12.31521987915039,48.0,"{""type"":""Point"",""coordinates"":[110.37111360235758,18.713156051096963]}"
393,0.0,23.0,67.0,14.774550437927246,36.0,19.483873786888182,110.3151488446477,2751.917724609375,51.0,0.3650597333908081,4.0,3.0,0.7620499524790437,14.788013458251953,38.0,"{""type"":""Point"",""coordinates"":[110.31680176817517,19.48294391277404]}"
394,0.0,22.0,171.0,12.6077299118042,123.0,19.479382210467584,109.53810612388435,2528.1875,56.0,0.3895602822303772,4.0,3.0,0.684951679101289,14.659346580505371,37.0,"{""type"":""Point"",""coordinates"":[109.53888440123363,19.47839813438094]}"
395,0.0,28.0,510.0,72.27359008789062,330.0,18.967342498519457,109.47073247757538,2463.91748046875,47.0,13.52393627166748,5.0,2.0,0.5884429085459015,10.852012634277344,43.0,"{""type"":""Point"",""coordinates"":[109.47286840326267,18.96707490907791]}"
396,0.0,23.0,20.0,6.8890061378479,21.0,19.735402066441644,110.94396954353141,1932.630126953125,51.0,0.37010282278060913,2.0,3.0,0.7051250379372688,13.429271697998047,46.0,"{""type"":""Point"",""coordinates"":[110.94593359565732,19.737439840849728]}"
397,0.0,27.0,225.0,53.9068603515625,225.0,18.360979681738776,109.4437830190518,2011.8353271484375,50.0,12.315668106079102,3.0,1.0,0.5926014737343246,11.155430793762207,41.0,"{""type"":""Point"",""coordinates"":[109.44325416430354,18.361772437211723]}"
398,0.0,30.0,566.0,69.00304412841797,360.0,18.71132264254539,109.47073247757538,2315.790771484375,48.0,16.757829666137695,5.0,1.0,0.5552510215369041,10.58119010925293,46.0,"{""type"":""Point"",""coordinates"":[109.47214523555202,18.712887653306765]}"
399,0.0,29.0,243.0,74.41966247558594,126.0,19.308702306484875,109.65937868724046,2709.17333984375,43.0,8.614968299865723,7.0,3.0,0.6531166978745999,11.50893783569336,37.0,"{""type"":""Point"",""coordinates"":[109.65725654934668,19.310115410285288]}"
400,0.0,23.0,140.0,22.129135131835938,104.0,19.623112655926704,109.83904174406439,2619.68115234375,52.0,1.2231380939483643,5.0,3.0,0.7056425673058246,13.53447151184082,33.0,"{""type"":""Point"",""coordinates"":[109.84105310623139,19.622318847745575]}"
401,0.0,27.0,43.0,12.53825855255127,35.0,19.708452607918062,110.47684559578926,2598.624267578125,49.0,0.36509108543395996,6.0,3.0,0.7887582069507835,14.527756690979004,33.0,"{""type"":""Point"",""coordinates"":[110.47706410152148,19.709847205861696]}"
402,0.0,22.0,197.0,11.429112434387207,64.0,18.697847913283596,109.21022104518073,2105.510986328125,56.0,0.7296557426452637,3.0,1.0,0.6648259161109711,14.01517105102539,44.0,"{""type"":""Point"",""coordinates"":[109.21051845079874,18.696633387031497]}"
403,0.0,22.0,58.0,21.951738357543945,47.0,19.677011572973875,110.17590997560922,2647.823486328125,49.0,1.0978728532791138,3.0,3.0,0.7729048658491274,13.653650283813477,32.0,"{""type"":""Point"",""coordinates"":[110.17811701716023,19.67920500603564]}"
404,0.0,27.0,539.0,90.0018081665039,510.0,18.71132264254539,109.78514282701718,2564.09375,48.0,17.686092376708984,5.0,1.0,0.5519533036881886,10.546398162841797,49.0,"{""type"":""Point"",""coordinates"":[109.78716778483329,18.712068392404333]}"
405,0.0,28.0,16.0,11.195255279541016,17.0,19.982438769574514,110.5217613599952,2388.8896484375,42.0,0.5025331377983093,4.0,4.0,0.7648447714097583,13.541669845581055,40.0,"{""type"":""Point"",""coordinates"":[110.52028671956356,19.98086709245169]}"
406,0.0,31.0,62.0,30.206417083740234,48.0,19.582688468141328,110.42294667874205,2729.42431640625,43.0,2.25628924369812,4.0,3.0,0.7453706993026797,12.69118881225586,37.0,"{""type"":""Point"",""coordinates"":[110.4226799181134,19.583626696506595]}"
407,0.0,32.0,40.0,15.139687538146973,41.0,19.973455616733318,110.15345209350619,2387.015869140625,39.0,0.9210609793663025,2.0,4.0,0.7465228730098397,13.60461139678955,37.0,"{""type"":""Point"",""coordinates"":[110.15486691355902,19.971642302947608]}"
408,0.0,27.0,68.0,31.392047882080078,65.0,18.980817227781245,110.35557303243309,2587.745849609375,43.0,2.2249646186828613,3.0,2.0,0.7022059260761182,12.97949504852295,42.0,"{""type"":""Point"",""coordinates"":[110.35646123425093,18.980604883458092]}"
409,0.0,21.0,133.0,22.412336349487305,81.0,19.456924328364593,110.02768795372947,2744.708740234375,54.0,1.0451900959014893,4.0,3.0,0.7045992583796155,13.696065902709961,38.0,"{""type"":""Point"",""coordinates"":[110.02660275826666,19.45861428981141]}"
410,0.0,30.0,50.0,11.39708137512207,51.0,19.91506512326555,110.14896051708558,2497.936767578125,41.0,0.31167301535606384,2.0,4.0,0.7528666831634478,14.680549621582031,35.0,"{""type"":""Point"",""coordinates"":[110.14883287793963,19.91427448428638]}"
411,0.0,24.0,25.0,12.379902839660645,27.0,18.441828057309536,109.73124390997003,1949.139404296875,53.0,1.1034072637557983,3.0,1.0,0.7146565116286318,13.706426620483398,42.0,"{""type"":""Point"",""coordinates"":[109.73330582164778,18.442958716465974]}"
413,0.0,28.0,119.0,10.132330894470215,86.0,19.623112655926704,109.5964966173521,2453.544921875,51.0,0.23738215863704681,4.0,3.0,0.7133687126840801,15.187064170837402,34.0,"{""type"":""Point"",""coordinates"":[109.59439265712044,19.621980287955708]}"
414,0.0,23.0,215.0,11.063365936279297,187.0,18.594541655609852,109.27310311506909,2002.8577880859375,56.0,0.8575500845909119,3.0,1.0,0.6126992361433399,13.842000961303711,45.0,"{""type"":""Point"",""coordinates"":[109.271532631396,18.592859414368608]}"
415,0.0,27.0,370.0,78.36827087402344,368.0,18.71132264254539,108.81496232016809,2103.400634765625,47.0,21.497482299804688,4.0,1.0,0.5530478762102653,10.465632438659668,43.0,"{""type"":""Point"",""coordinates"":[108.81369646229294,18.70940881308084]}"
416,0.0,26.0,629.0,82.7226791381836,575.0,19.043699297669612,109.13386424603056,2482.21875,50.0,18.46666717529297,5.0,2.0,0.585478422463265,10.423111915588379,39.0,"{""type"":""Point"",""coordinates"":[109.13537507689053,19.044087884462076]}"
417,0.0,30.0,105.0,17.10759925842285,106.0,19.906081970424353,110.19836785771219,2452.131591796875,43.0,1.1113759279251099,4.0,4.0,0.6904376040313029,13.365531921386719,35.0,"{""type"":""Point"",""coordinates"":[110.19666457303454,19.90422273252391]}"
418,0.0,28.0,1027.0,50.70781326293945,858.0,18.868527817266305,109.70429445144646,2547.5361328125,48.0,11.957618713378906,5.0,2.0,0.5614619223313433,10.440947532653809,45.0,"{""type"":""Point"",""coordinates"":[109.70247650718265,18.867694265464934]}"
419,0.0,27.0,25.0,10.206282615661621,9.0,19.753368372124037,110.09506160003843,2570.09765625,41.0,0.08369342237710953,3.0,4.0,0.8248769893737458,16.141956329345703,31.0,"{""type"":""Point"",""coordinates"":[110.0962478427331,19.752587264703436]}"
420,0.0,31.0,19.0,9.4393949508667,18.0,19.816250442012404,110.3645561852743,2490.967529296875,37.0,0.08371094614267349,8.0,4.0,0.792014650028482,16.01885414123535,36.0,"{""type"":""Point"",""coordinates"":[110.36456469015133,19.817328317299825]}"
421,0.0,29.0,29.0,6.647590637207031,31.0,19.650062114450293,110.97091900205498,1828.0675048828125,47.0,0.6324694752693176,3.0,3.0,0.696039347499357,12.87500286102295,44.0,"{""type"":""Point"",""coordinates"":[110.97216123130475,19.649772103244075]}"
422,0.0,24.0,104.0,15.959595680236816,21.0,19.358109647111448,110.1130279057208,2897.550537109375,51.0,0.3650030195713043,2.0,3.0,0.7791324279827934,14.765965461730957,37.0,"{""type"":""Point"",""coordinates"":[110.11509007539514,19.358662312562704]}"
423,0.0,24.0,46.0,14.439716339111328,46.0,19.569213738879533,109.01259168267438,1843.529541015625,47.0,1.6279590129852295,3.0,3.0,0.710643714368984,13.305122375488281,36.0,"{""type"":""Point"",""coordinates"":[109.01459042952777,19.569182076559354]}"
424,0.0,36.0,175.0,45.480594635009766,146.0,19.362601223532046,110.26574150402115,2888.4072265625,39.0,3.443430185317993,5.0,3.0,0.6794773241685755,12.476418495178223,36.0,"{""type"":""Point"",""coordinates"":[110.26692302590737,19.36364427632964]}"
425,0.0,33.0,642.0,33.106842041015625,640.0,18.39691229310356,109.34047676137806,1896.1163330078125,40.0,9.004462242126465,6.0,1.0,0.5747378532160256,11.156926155090332,41.0,"{""type"":""Point"",""coordinates"":[109.34104688067039,18.396100964064086]}"
426,0.0,23.0,195.0,7.994182586669922,193.0,18.37894598742117,109.2775946914897,1786.646240234375,57.0,0.6564690470695496,3.0,1.0,0.6239881764270585,14.122163772583008,40.0,"{""type"":""Point"",""coordinates"":[109.27792749013591,18.380681636750584]}"
427,0.0,24.0,24.0,10.18409252166748,25.0,19.88811566474196,110.72388229892209,2238.98388671875,53.0,0.5860974192619324,3.0,4.0,0.7188195879673684,13.37576961517334,46.0,"{""type"":""Point"",""coordinates"":[110.72374936904144,19.88636461425101]}"
428,0.0,27.0,149.0,35.53246307373047,127.0,18.76522155959256,110.1130279057208,2358.184326171875,49.0,3.8146815299987793,4.0,1.0,0.6133753159825209,12.390108108520508,48.0,"{""type"":""Point"",""coordinates"":[110.11122829735753,18.764711834141472]}"
429,0.0,26.0,51.0,14.207002639770508,44.0,19.245820236596508,108.90030227215948,2129.575927734375,53.0,1.1285548210144043,2.0,2.0,0.7085363357729949,13.668716430664062,41.0,"{""type"":""Point"",""coordinates"":[108.89975546988161,19.246941530858106]}"
430,0.0,28.0,160.0,54.24785614013672,157.0,19.223362354493517,110.35108145601248,2964.2275390625,49.0,4.024930000305176,4.0,2.0,0.6718339827755959,12.3294038772583,37.0,"{""type"":""Point"",""coordinates"":[110.35130400095329,19.223791904307685]}"
431,0.0,35.0,738.0,45.90856170654297,594.0,18.895477275789894,109.25064523296606,2187.18603515625,38.0,11.493586540222168,5.0,2.0,0.5592698600182001,10.817140579223633,45.0,"{""type"":""Point"",""coordinates"":[109.25185674512133,18.89338787653126]}"
432,0.0,28.0,55.0,19.425579071044922,54.0,19.694977878656267,110.66100022903373,2463.55126953125,46.0,1.4959867000579834,6.0,3.0,0.732023440104466,12.943565368652344,38.0,"{""type"":""Point"",""coordinates"":[110.6591757007506,19.692948631070767]}"
433,0.0,32.0,518.0,73.5826644897461,394.0,18.944884616416466,109.16979685739534,2437.744140625,38.0,14.27083969116211,7.0,2.0,0.5945686972783756,10.789626121520996,41.0,"{""type"":""Point"",""coordinates"":[109.17090704055484,18.946481025731888]}"
434,0.0,24.0,168.0,31.419118881225586,136.0,19.259294965858295,110.17141839918861,2854.202880859375,52.0,1.7875524759292603,4.0,2.0,0.6819375970066596,13.137349128723145,37.0,"{""type"":""Point"",""coordinates"":[110.17011167315428,19.260835297852314]}"
435,0.0,30.0,486.0,55.100929260253906,459.0,19.277261271540688,109.13386424603056,2382.4599609375,48.0,9.781899452209473,7.0,2.0,0.6216555917821164,11.204113960266113,38.0,"{""type"":""Point"",""coordinates"":[109.13554567223022,19.275163033859624]}"
436,0.0,23.0,15.0,6.864060878753662,16.0,19.942014581789138,110.83168013301645,2042.39990234375,52.0,0.18305543065071106,2.0,4.0,0.7004547546406411,14.144599914550781,50.0,"{""type"":""Point"",""coordinates"":[110.83008934256712,19.94290525269601]}"
437,0.0,25.0,14.0,3.598874807357788,14.0,19.030224568407817,108.64877399260598,1270.5904541015625,54.0,0.36405137181282043,3.0,2.0,0.6783378030844384,14.821748733520508,45.0,"{""type"":""Point"",""coordinates"":[108.64830177486385,19.02987657160579]}"
438,0.0,24.0,6.0,9.246033668518066,7.0,19.99142192241571,110.42294667874205,2397.700927734375,44.0,0.12207542359828949,2.0,4.0,0.781452604909868,15.031787872314453,39.0,"{""type"":""Point"",""coordinates"":[110.42316248430265,19.9924791661143]}"
439,0.0,26.0,1095.0,59.0106315612793,898.0,19.003275109884235,109.52013981820193,2519.6494140625,46.0,17.446081161499023,8.0,2.0,0.5557017207734106,9.947789192199707,42.0,"{""type"":""Point"",""coordinates"":[109.51914300788388,19.001181927543296]}"
440,0.0,23.0,50.0,11.44447135925293,50.0,19.85667462979778,110.05463741225304,2586.133544921875,53.0,0.22943836450576782,4.0,4.0,0.7655404895791671,14.9868745803833,34.0,"{""type"":""Point"",""coordinates"":[110.05260983151764,19.85846551095469]}"
441,0.0,31.0,567.0,48.793174743652344,370.0,19.034716144828415,109.41683356052818,2463.69873046875,39.0,7.063289165496826,5.0,2.0,0.614969861550474,11.468315124511719,41.0,"{""type"":""Point"",""coordinates"":[109.4189152356966,19.036721047645994]}"
442,0.0,23.0,60.0,23.543066024780273,57.0,19.317685459326064,110.39599722021848,2825.7041015625,51.0,1.0409694910049438,4.0,3.0,0.7310868015290156,13.724519729614258,39.0,"{""type"":""Point"",""coordinates"":[110.39378524538547,19.315712956758098]}"
443,0.0,22.0,70.0,16.185300827026367,54.0,19.66353684371208,110.07709529435607,2629.002197265625,52.0,0.59426349401474,3.0,3.0,0.7669112576773216,14.29894733428955,32.0,"{""type"":""Point"",""coordinates"":[110.07833105672862,19.663701853384193]}"
444,0.0,30.0,811.0,31.767484664916992,614.0,19.093106638296184,109.61446292303447,2495.953857421875,39.0,3.8326733112335205,5.0,2.0,0.6181039513828929,11.852699279785156,40.0,"{""type"":""Point"",""coordinates"":[109.61386502373736,19.094820629744476]}"
445,0.0,30.0,32.0,15.322834968566895,34.0,19.205396048811124,110.5307445128364,2732.099365234375,46.0,0.49926868081092834,4.0,2.0,0.7482016695752702,14.476104736328125,42.0,"{""type"":""Point"",""coordinates"":[110.53207366316639,19.206273149380895]}"
446,0.0,29.0,647.0,66.06031799316406,588.0,18.608016384871647,109.39886725484581,2238.749755859375,41.0,16.935237884521484,10.0,1.0,0.5494150124862135,10.499285697937012,46.0,"{""type"":""Point"",""coordinates"":[109.39911703346374,18.606002889534402]}"
447,0.0,21.0,123.0,32.92136764526367,110.0,19.133530826081568,108.93623488352426,2238.19140625,60.0,3.900444984436035,4.0,2.0,0.6434973247583269,12.383896827697754,40.0,"{""type"":""Point"",""coordinates"":[108.93788240795237,19.133336853339976]}"
448,0.0,23.0,30.0,12.112741470336914,21.0,19.60963792666491,110.38701406737727,2579.687255859375,53.0,0.30445486307144165,4.0,3.0,0.7893767384587195,14.719343185424805,36.0,"{""type"":""Point"",""coordinates"":[110.3864268390713,19.610160620643626]}"
449,0.0,23.0,163.0,18.370338439941406,127.0,19.501840092570568,109.46174932473417,2498.042724609375,57.0,1.0897477865219116,4.0,3.0,0.6894641753992379,13.635605812072754,35.0,"{""type"":""Point"",""coordinates"":[109.46168242604725,19.50116320299082]}"
450,0.0,22.0,22.0,14.561513900756836,17.0,19.23683708375531,108.85089493153288,2012.2239990234375,53.0,1.2781988382339478,2.0,2.0,0.7281897922301103,13.561070442199707,42.0,"{""type"":""Point"",""coordinates"":[108.84991551320569,19.236938026624582]}"
451,0.0,32.0,471.0,45.49143981933594,432.0,18.585558502768656,109.35395149063982,2199.771484375,42.0,8.594249725341797,4.0,1.0,0.5785945917588372,11.347575187683105,46.0,"{""type"":""Point"",""coordinates"":[109.3545104582513,18.586057743618674]}"
452,0.0,25.0,340.0,24.690977096557617,229.0,19.191921319549337,109.86149962616736,2692.3076171875,51.0,1.5097450017929077,4.0,2.0,0.6646125112177962,13.191402435302734,39.0,"{""type"":""Point"",""coordinates"":[109.86168725766728,19.191952968529446]}"
453,0.0,32.0,409.0,72.44831848144531,238.0,19.178446590287543,109.39886725484581,2572.3779296875,37.0,10.72765064239502,4.0,2.0,0.6341640722922283,11.168867111206055,37.0,"{""type"":""Point"",""coordinates"":[109.39764100592974,19.180242690071374]}"
454,0.0,21.0,27.0,9.342670440673828,24.0,19.838708324115387,110.84964643869881,2098.726806640625,55.0,0.7668282389640808,2.0,4.0,0.7056432130819708,12.684670448303223,47.0,"{""type"":""Point"",""coordinates"":[110.85046110227687,19.83966044578214]}"
455,0.0,23.0,115.0,11.52277660369873,75.0,19.043699297669612,108.94521803636547,2145.819580078125,49.0,0.622816264629364,2.0,2.0,0.6641003067000263,14.224897384643555,43.0,"{""type"":""Point"",""coordinates"":[108.94402619772885,19.04298471737088]}"
456,0.0,28.0,54.0,15.5010986328125,54.0,19.564722162458935,109.17878001023655,2135.87939453125,46.0,1.2544193267822266,3.0,3.0,0.7066604083851442,13.561185836791992,39.0,"{""type"":""Point"",""coordinates"":[109.177667241921,19.563669425235798]}"
457,0.0,26.0,234.0,50.041316986083984,117.0,19.367092799952644,109.62793765229628,2707.4736328125,47.0,4.45736837387085,4.0,3.0,0.6760220078148919,12.17938232421875,35.0,"{""type"":""Point"",""coordinates"":[109.62701447243217,19.367014936077517]}"
458,0.0,25.0,62.0,13.006267547607422,53.0,19.403025411317422,109.13835582245116,2126.220703125,49.0,0.8819793462753296,3.0,3.0,0.7303777133579782,13.908803939819336,34.0,"{""type"":""Point"",""coordinates"":[109.13792529597882,19.402863495466917]}"
459,0.0,28.0,126.0,30.334699630737305,79.0,19.209887625231723,110.05463741225304,2888.4677734375,46.0,1.6290957927703857,4.0,2.0,0.6996068669440025,13.25639533996582,39.0,"{""type"":""Point"",""coordinates"":[110.05598988699268,19.21020143094503]}"
460,0.0,25.0,50.0,18.554515838623047,49.0,18.953867769257663,110.34209830317133,2561.64013671875,49.0,0.926567792892456,4.0,2.0,0.7173939064179983,13.866552352905273,44.0,"{""type"":""Point"",""coordinates"":[110.34394292941384,18.952598419508885]}"
461,0.0,23.0,3.0,5.462790489196777,6.0,18.594541655609852,108.7116560624944,1617.68359375,50.0,0.29700297117233276,2.0,1.0,0.7172307074080083,14.941949844360352,43.0,"{""type"":""Point"",""coordinates"":[108.7126368045097,18.59320542929767]}"
462,0.0,25.0,46.0,11.821388244628906,46.0,19.600654773823713,109.26861153864849,2057.323974609375,49.0,0.8121650815010071,2.0,3.0,0.7256963191576559,14.000703811645508,36.0,"{""type"":""Point"",""coordinates"":[109.27034042824012,19.598438318325073]}"
463,0.0,28.0,50.0,12.363423347473145,41.0,18.63496584339523,109.91090696679396,2181.91943359375,43.0,0.7118351459503174,4.0,1.0,0.6958603563535798,14.130228996276855,46.0,"{""type"":""Point"",""coordinates"":[109.90951294844565,18.63429617462107]}"
464,0.0,26.0,143.0,21.074031829833984,84.0,19.200904472390526,109.99624691878529,2843.8681640625,42.0,0.7963263988494873,4.0,2.0,0.7015605200913339,13.961861610412598,38.0,"{""type"":""Point"",""coordinates"":[109.99821437304222,19.200735284672575]}"
465,0.0,28.0,42.0,9.940573692321777,42.0,19.784809407068217,110.99337688415795,1797.8966064453125,42.0,2.208204746246338,7.0,4.0,0.6528260745340941,11.591222763061523,50.0,"{""type"":""Point"",""coordinates"":[110.99287088081435,19.78288899447859]}"
466,0.0,27.0,81.0,38.82244110107422,64.0,19.133530826081568,110.17141839918861,2826.48486328125,43.0,2.443654775619507,4.0,2.0,0.6973761120797399,12.877888679504395,43.0,"{""type"":""Point"",""coordinates"":[110.17070277955027,19.13181046575328]}"
467,0.0,28.0,338.0,30.089853286743164,299.0,18.594541655609852,109.19225473949831,2098.09130859375,52.0,4.747623920440674,4.0,1.0,0.5934483211943129,12.045053482055664,46.0,"{""type"":""Point"",""coordinates"":[109.19141506505157,18.594711510777255]}"
468,0.0,28.0,747.0,48.3210334777832,635.0,19.12903924966097,109.20123789233952,2534.791015625,49.0,7.85064172744751,5.0,2.0,0.6197413383159236,11.196674346923828,38.0,"{""type"":""Point"",""coordinates"":[109.20084531773443,19.129959968665613]}"
469,0.0,30.0,314.0,85.01162719726562,211.0,18.93590146357527,110.0052300716265,2690.609130859375,44.0,11.79995346069336,4.0,2.0,0.6051827169978251,11.139445304870605,44.0,"{""type"":""Point"",""coordinates"":[110.00454097856237,18.935662031558547]}"
470,0.0,30.0,281.0,44.789878845214844,165.0,19.29522757722308,109.67734499292288,2769.924560546875,48.0,3.922006845474243,5.0,3.0,0.6630170469560934,12.276342391967773,38.0,"{""type"":""Point"",""coordinates"":[109.67630013948644,19.295439946340682]}"
471,0.0,28.0,85.0,13.73035717010498,86.0,19.87913251190077,110.17141839918861,2476.890869140625,40.0,0.5735798478126526,2.0,4.0,0.7093529881955534,14.043120384216309,35.0,"{""type"":""Point"",""coordinates"":[110.17306580162676,19.879613419752182]}"
472,0.0,29.0,1217.0,24.89261245727539,1128.0,19.10208979113738,109.16530528097474,2578.6181640625,47.0,3.7506885528564453,10.0,2.0,0.6035788476971692,11.309709548950195,40.0,"{""type"":""Point"",""coordinates"":[109.16538879329508,19.101873799744084]}"
473,0.0,27.0,17.0,15.878249168395996,17.0,19.313193882905473,110.49481190147162,2757.08837890625,41.0,0.44097426533699036,6.0,3.0,0.778407366169839,14.60912036895752,40.0,"{""type"":""Point"",""coordinates"":[110.49573872895311,19.313052739838184]}"
474,0.0,29.0,920.0,58.954036712646484,830.0,19.10658136755798,109.17428843381595,2578.6181640625,47.0,13.102058410644531,9.0,2.0,0.590512433203728,10.48422908782959,40.0,"{""type"":""Point"",""coordinates"":[109.17422135236174,19.104456921539075]}"
475,0.0,22.0,15.0,9.04207992553711,17.0,18.392420716682963,109.83005859122318,1821.729736328125,53.0,0.6995774507522583,2.0,1.0,0.7239626640802472,14.167956352233887,41.0,"{""type"":""Point"",""coordinates"":[109.83099742488999,18.39086202954339]}"
476,0.0,28.0,65.0,9.461912155151367,58.0,19.71743576075925,110.62057604124834,2455.90869140625,45.0,0.13468915224075317,6.0,3.0,0.7453986528156977,15.342162132263184,35.0,"{""type"":""Point"",""coordinates"":[110.62030721384541,19.717507615028175]}"
477,0.0,29.0,666.0,14.585692405700684,575.0,18.666406878339416,109.48420720683714,2197.08154296875,46.0,1.298069715499878,5.0,1.0,0.5831265630356901,13.080018997192383,48.0,"{""type"":""Point"",""coordinates"":[109.48350570260787,18.66773607039547]}"
478,0.0,22.0,159.0,17.528547286987305,86.0,19.501840092570568,109.78514282701718,2636.749755859375,54.0,0.7481148838996887,4.0,3.0,0.7125909031085665,14.014328002929688,35.0,"{""type"":""Point"",""coordinates"":[109.78404427266688,19.502376744905085]}"
479,0.0,23.0,85.0,11.514037132263184,37.0,19.650062114450293,109.75819336849361,2563.073974609375,55.0,0.250287264585495,3.0,3.0,0.7844822207335999,15.154732704162598,32.0,"{""type"":""Point"",""coordinates"":[109.75846681297625,19.648471511331802]}"
480,0.0,25.0,16.0,10.048704147338867,19.0,18.899968852210492,110.42743825516266,2183.305908203125,48.0,0.4015127122402191,3.0,2.0,0.7363623480311656,14.703458786010742,43.0,"{""type"":""Point"",""coordinates"":[110.42689245760218,18.90047963634395]}"
481,0.0,27.0,34.0,9.263145446777344,31.0,18.594541655609852,109.98277218952347,2126.263427734375,42.0,0.3441552519798279,3.0,1.0,0.7009351795184358,14.866378784179688,47.0,"{""type"":""Point"",""coordinates"":[109.98173706975649,18.59663286047426]}"
482,0.0,26.0,51.0,20.169679641723633,51.0,18.720305795386587,110.13997736424443,2288.038330078125,51.0,1.6289606094360352,5.0,1.0,0.6924240123326474,13.3015718460083,45.0,"{""type"":""Point"",""coordinates"":[110.14061338851135,18.722170437569282]}"
483,0.0,26.0,5.0,10.940268516540527,5.0,20.013879804518695,110.3645561852743,2385.538818359375,44.0,0.42731767892837524,2.0,4.0,0.7774111811322284,13.780272483825684,40.0,"{""type"":""Point"",""coordinates"":[110.36296722081522,20.012848451715733]}"
484,0.0,26.0,65.0,10.452211380004883,58.0,19.726418913600448,110.60710131198658,2455.90869140625,46.0,0.23739223182201385,5.0,3.0,0.744184257723954,14.77541446685791,35.0,"{""type"":""Point"",""coordinates"":[110.6076323176289,19.72744393923247]}"
485,0.0,23.0,45.0,4.398643970489502,41.0,18.953867769257663,108.77453813238276,1649.291748046875,55.0,0.060648199170827866,2.0,2.0,0.678520414758894,16.595970153808594,43.0,"{""type"":""Point"",""coordinates"":[108.77425363685276,18.95605937309025]}"
486,0.0,28.0,29.0,12.22128677368164,30.0,19.91057354684495,110.48582874863041,2430.11767578125,44.0,0.6268228888511658,4.0,4.0,0.7516079034980181,13.363213539123535,40.0,"{""type"":""Point"",""coordinates"":[110.4842232217192,19.912236381347153]}"
487,0.0,26.0,274.0,28.281652450561523,167.0,19.335651765008457,109.41683356052818,2622.33447265625,53.0,2.120823383331299,4.0,3.0,0.6708242662416276,12.896995544433594,38.0,"{""type"":""Point"",""coordinates"":[109.41879510368874,19.33717134888165]}"
488,0.0,29.0,18.0,14.741349220275879,18.0,19.322177035746662,110.64303392335137,2518.05517578125,48.0,0.7293645739555359,5.0,3.0,0.7798649148306382,13.854752540588379,38.0,"{""type"":""Point"",""coordinates"":[110.64263711194391,19.320938329033645]}"
489,0.0,27.0,455.0,80.8513412475586,299.0,19.030224568407817,109.79412597985839,2512.29248046875,48.0,14.579164505004883,4.0,2.0,0.5940161209302585,10.817112922668457,42.0,"{""type"":""Point"",""coordinates"":[109.7950446449059,19.0318597804411]}"
490,0.0,34.0,30.0,12.490214347839355,31.0,19.933031428947942,109.60098819377271,1927.2308349609375,40.0,1.2388473749160767,5.0,4.0,0.7452291464830931,13.587716102600098,34.0,"{""type"":""Point"",""coordinates"":[109.60196676942113,19.932566419983747]}"
491,0.0,32.0,11.0,11.905367851257324,12.0,19.474890634046986,110.72388229892209,2374.67138671875,43.0,0.5852965712547302,9.0,3.0,0.7865061837720848,13.921682357788086,37.0,"{""type"":""Point"",""coordinates"":[110.72175356692706,19.476008475337775]}"
493,0.0,31.0,776.0,36.71529006958008,589.0,18.841578358742723,109.53810612388435,2284.2626953125,48.0,7.290558338165283,5.0,2.0,0.5708929195014734,11.242277145385742,46.0,"{""type"":""Point"",""coordinates"":[109.53842947293242,18.84234421319506]}"
494,0.0,25.0,255.0,20.38947868347168,214.0,18.62598269055404,109.33149360853685,2089.84423828125,54.0,2.357290744781494,4.0,1.0,0.6105648490498896,12.803953170776367,45.0,"{""type"":""Point"",""coordinates"":[109.33312252333252,18.624229132886413]}"
496,0.0,26.0,60.0,11.467339515686035,45.0,19.753368372124037,109.86599120258796,2546.14453125,51.0,0.2694264352321625,2.0,4.0,0.7664250105226552,15.095931053161621,34.0,"{""type"":""Point"",""coordinates"":[109.86398914393435,19.75188972396526]}"
497,0.0,28.0,461.0,69.67625427246094,346.0,19.209887625231723,109.2775946914897,2447.4287109375,50.0,12.912683486938477,5.0,2.0,0.6192028909056158,10.938640594482422,37.0,"{""type"":""Point"",""coordinates"":[109.27603324626381,19.210000945543435]}"
498,0.0,30.0,318.0,57.72117233276367,296.0,18.82361205306033,110.13997736424443,2440.728515625,46.0,8.48511791229248,4.0,2.0,0.5871313404260915,11.473373413085938,49.0,"{""type"":""Point"",""coordinates"":[110.13875881914721,18.82271404379199]}"
499,0.0,27.0,347.0,30.79001808166504,344.0,18.500218550777305,109.17428843381595,2042.5535888671875,52.0,5.225357532501221,4.0,1.0,0.59257378303804,11.942303657531738,45.0,"{""type"":""Point"",""coordinates"":[109.17463205170831,18.500531491357215]}"
500,0.0,31.0,164.0,51.387184143066406,164.0,18.608016384871647,110.06362056509425,2322.55029296875,43.0,7.275705337524414,5.0,1.0,0.6078103860588174,11.731106758117676,46.0,"{""type"":""Point"",""coordinates"":[110.06374807720191,18.6065348417556]}"
501,0.0,38.0,876.0,35.46309280395508,725.0,18.91344358147228,109.25513680938667,2179.9658203125,37.0,8.96583080291748,5.0,2.0,0.5544238010240243,10.924548149108887,46.0,"{""type"":""Point"",""coordinates"":[109.25705404795539,18.91536463902806]}"
502,0.0,31.0,18.0,14.66911506652832,21.0,19.003275109884235,110.47235401936865,2462.35546875,41.0,0.6759829521179199,4.0,2.0,0.7636115676450034,14.18132495880127,40.0,"{""type"":""Point"",""coordinates"":[110.47212884097785,19.003482799605237]}"
503,0.0,25.0,103.0,21.260007858276367,65.0,19.533281127514755,109.88844908469093,2661.990234375,51.0,1.101383090019226,6.0,3.0,0.7302721386762322,13.662046432495117,37.0,"{""type"":""Point"",""coordinates"":[109.8890090643901,19.53361735852059]}"
504,0.0,28.0,44.0,14.273487091064453,45.0,19.91057354684495,110.13997736424443,2497.936767578125,39.0,0.5971724987030029,2.0,4.0,0.7585595819163212,14.034905433654785,35.0,"{""type"":""Point"",""coordinates"":[110.14001086572036,19.911160835115073]}"
505,0.0,22.0,33.0,7.3137922286987305,32.0,19.205396048811124,108.77453813238276,1650.6527099609375,52.0,0.6338499188423157,2.0,2.0,0.6917264857375657,14.25621223449707,42.0,"{""type"":""Point"",""coordinates"":[108.77435067694942,19.20486946723087]}"
506,0.0,29.0,339.0,60.19571304321289,211.0,19.164971861025748,109.2775946914897,2445.3798828125,42.0,8.637763977050781,4.0,2.0,0.6385286900381683,11.440522193908691,37.0,"{""type"":""Point"",""coordinates"":[109.27869337900691,19.166640653751145]}"
507,0.0,24.0,32.0,15.657301902770996,24.0,19.66802842013268,110.35557303243309,2637.966796875,50.0,0.6118084192276001,2.0,3.0,0.8019235417833653,14.019892692565918,32.0,"{""type"":""Point"",""coordinates"":[110.35740065711292,19.669861458481574]}"
508,0.0,23.0,16.0,8.334010124206543,16.0,19.420991716999815,108.8239454730093,1722.59765625,51.0,0.7278684973716736,2.0,3.0,0.7145358336887896,14.127732276916504,42.0,"{""type"":""Point"",""coordinates"":[108.82217728447084,19.42205458144747]}"
509,0.0,28.0,265.0,63.46586990356445,211.0,19.052682450510808,109.0709821761422,2391.03076171875,48.0,9.989472389221191,5.0,2.0,0.6275292994785394,11.34359073638916,39.0,"{""type"":""Point"",""coordinates"":[109.06888583162171,19.053641490569202]}"
510,0.0,25.0,42.0,9.369165420532227,42.0,19.627604232347302,109.35395149063982,2290.14013671875,51.0,0.23738259077072144,2.0,3.0,0.7422787576828493,15.233137130737305,37.0,"{""type"":""Point"",""coordinates"":[109.35171385050968,19.6295968009963]}"
511,0.0,23.0,103.0,16.726205825805664,51.0,19.65455369087089,109.73573548639064,2528.848876953125,53.0,0.7938355803489685,3.0,3.0,0.7676469775532473,13.989551544189453,31.0,"{""type"":""Point"",""coordinates"":[109.73526948968843,19.65262262027811]}"
512,0.0,26.0,230.0,116.0425033569336,127.0,18.926918310734074,110.03217953015007,2690.609130859375,46.0,17.538232803344727,3.0,2.0,0.5841183768844812,10.782275199890137,45.0,"{""type"":""Point"",""coordinates"":[110.03140146228688,18.928735443608453]}"
513,0.0,27.0,20.0,8.092097282409668,14.0,19.807267289171207,110.78227279238985,2241.902099609375,48.0,0.182559996843338,5.0,4.0,0.7477449451381105,14.548259735107422,43.0,"{""type"":""Point"",""coordinates"":[110.78345385726054,19.80569112808894]}"
514,0.0,28.0,48.0,14.490934371948242,49.0,19.964472463892122,110.26124992760055,2526.0966796875,42.0,0.8438231348991394,2.0,4.0,0.7460602670652926,13.038223266601562,37.0,"{""type"":""Point"",""coordinates"":[110.25949524945949,19.96638667616858]}"
515,0.0,23.0,23.0,9.739605903625488,24.0,19.739893642862242,110.88108747364299,2075.61767578125,54.0,0.8950762748718262,5.0,3.0,0.724058765478909,12.707683563232422,43.0,"{""type"":""Point"",""coordinates"":[110.88214773130677,19.738568165101448]}"
516,0.0,27.0,271.0,28.48805809020996,179.0,19.164971861025748,109.90641539037335,2711.900634765625,47.0,1.8435648679733276,4.0,2.0,0.6583148394804517,13.039238929748535,41.0,"{""type"":""Point"",""coordinates"":[109.90776001635959,19.16544674628382]}"
517,0.0,30.0,55.0,12.06932258605957,54.0,19.587180044561926,110.65650865261313,2453.7880859375,45.0,0.5038583874702454,4.0,3.0,0.7606903784560726,14.032011985778809,32.0,"{""type"":""Point"",""coordinates"":[110.65867573480004,19.586538568013975]}"
518,0.0,22.0,48.0,15.749361038208008,37.0,19.582688468141328,110.3735393381155,2693.65576171875,56.0,0.5864993333816528,4.0,3.0,0.7657927361666542,14.05908489227295,37.0,"{""type"":""Point"",""coordinates"":[110.3732895876566,19.580728571858177]}"
519,0.0,23.0,54.0,9.871503829956055,57.0,18.57208377350686,108.8194538965887,1735.5936279296875,55.0,1.0712937116622925,2.0,1.0,0.6573582990645638,13.719035148620605,44.0,"{""type"":""Point"",""coordinates"":[108.81921453926977,18.571696842779406]}"
520,0.0,27.0,149.0,19.633541107177734,100.0,18.8820025465281,110.09057002361783,2444.752685546875,47.0,1.2701233625411987,4.0,2.0,0.641868332761831,13.491166114807129,45.0,"{""type"":""Point"",""coordinates"":[110.09212946101955,18.882702242072604]}"
521,0.0,27.0,400.0,12.08906364440918,400.0,18.63496584339523,110.12201105856201,2164.38232421875,48.0,0.8029860258102417,4.0,1.0,0.6207865599502941,13.779504776000977,43.0,"{""type"":""Point"",""coordinates"":[110.1214778793925,18.633361547289528]}"
522,0.0,26.0,35.0,11.762907028198242,34.0,18.60352480845105,110.01421322446765,2154.76318359375,43.0,0.6338290572166443,4.0,1.0,0.7032138029842044,14.255081176757812,46.0,"{""type"":""Point"",""coordinates"":[110.01463747286387,18.6035245561938]}"
523,0.0,22.0,14.0,4.393972396850586,14.0,18.890985699369296,108.67572345112961,1566.5909423828125,53.0,0.12125063687562943,2.0,2.0,0.6918470753643366,15.921195983886719,46.0,"{""type"":""Point"",""coordinates"":[108.67775353538705,18.890801250273718]}"
524,0.0,30.0,106.0,20.93667221069336,63.0,19.38505910563503,110.19836785771219,2841.232666015625,43.0,0.8620972037315369,3.0,3.0,0.73074963530538,13.905227661132812,37.0,"{""type"":""Point"",""coordinates"":[110.196772596724,19.383971714006957]}"
525,0.0,27.0,494.0,70.0496826171875,276.0,19.003275109884235,109.71776918070822,2481.734375,48.0,12.263690948486328,4.0,2.0,0.5933955447884689,10.966011047363281,43.0,"{""type"":""Point"",""coordinates"":[109.71793470336756,19.005375450036347]}"
526,0.0,25.0,21.0,10.056703567504883,22.0,19.901590394003755,110.6834581111367,2270.913818359375,50.0,0.49401459097862244,5.0,4.0,0.7216017965389819,13.55124282836914,47.0,"{""type"":""Point"",""coordinates"":[110.68258137828144,19.899431029702306]}"
527,0.0,24.0,31.0,11.231228828430176,31.0,19.870149359059575,109.70878602786706,2160.16162109375,46.0,0.5489019751548767,2.0,4.0,0.7637514204532297,14.401277542114258,33.0,"{""type"":""Point"",""coordinates"":[109.71059351538477,19.869288947962218]}"
528,0.0,23.0,20.0,8.676108360290527,20.0,18.527168009300887,109.98726376594408,1981.320068359375,53.0,0.4406212568283081,2.0,1.0,0.7131148930939442,14.62739372253418,45.0,"{""type"":""Point"",""coordinates"":[109.98575586836289,18.526104200370483]}"
529,0.0,25.0,62.0,28.200546264648438,41.0,19.560230586038337,110.166926822768,2701.238037109375,49.0,1.6778039932250977,4.0,3.0,0.7594670291520669,13.265523910522461,36.0,"{""type"":""Point"",""coordinates"":[110.16885561363853,19.56227188294791]}"
530,0.0,22.0,38.0,7.511541843414307,37.0,18.80115417095734,108.75208025027973,1725.241455078125,50.0,0.5416406393051147,2.0,1.0,0.6728724849492433,14.41051959991455,46.0,"{""type"":""Point"",""coordinates"":[108.75377406520039,18.801051012116673]}"
531,0.0,27.0,688.0,15.9485445022583,679.0,18.67988160760121,108.85538650795348,1983.4642333984375,49.0,2.1944308280944824,7.0,1.0,0.5764365594851877,12.534191131591797,46.0,"{""type"":""Point"",""coordinates"":[108.85661301038006,18.67845907356943]}"
532,0.0,27.0,19.0,14.879026412963867,18.0,19.18742974312874,110.39599722021848,2941.341064453125,44.0,0.23734042048454285,4.0,2.0,0.7853050547487123,15.246675491333008,38.0,"{""type"":""Point"",""coordinates"":[110.3972715085092,19.186958657213324]}"
533,0.0,26.0,138.0,47.78315353393555,106.0,19.18742974312874,110.10853632930025,2854.14404296875,49.0,3.489514112472534,4.0,2.0,0.6626172890633472,12.486283302307129,40.0,"{""type"":""Point"",""coordinates"":[110.10691492422805,19.187881124822926]}"
534,0.0,24.0,153.0,37.962669372558594,96.0,19.254803389437704,109.15632212813352,2583.607421875,53.0,3.238400936126709,4.0,2.0,0.6723707304668696,12.551800727844238,39.0,"{""type"":""Point"",""coordinates"":[109.15794493402714,19.255014862853354]}"
535,0.0,31.0,23.0,8.025726318359375,21.0,19.762351524965233,110.70591599323973,2278.43798828125,47.0,0.19163405895233154,6.0,4.0,0.756103703440679,14.519168853759766,40.0,"{""type"":""Point"",""coordinates"":[110.70765237646914,19.76227341557867]}"
536,0.0,31.0,1015.0,65.69000244140625,886.0,18.926918310734074,109.1877631630777,2437.744140625,42.0,21.748275756835938,10.0,2.0,0.5316252491806142,9.824155807495117,45.0,"{""type"":""Point"",""coordinates"":[109.18946856672845,18.92885644141752]}"
537,0.0,29.0,263.0,75.17025756835938,234.0,18.79666259453675,110.06811214151486,2443.43408203125,47.0,12.481886863708496,5.0,1.0,0.5910213425845915,11.1163969039917,46.0,"{""type"":""Point"",""coordinates"":[110.06728687185485,18.798868125262373]}"
538,0.0,30.0,461.0,55.700382232666016,461.0,18.365471258159374,109.3943756784252,1944.408203125,43.0,16.873096466064453,4.0,1.0,0.562960683082681,10.658756256103516,41.0,"{""type"":""Point"",""coordinates"":[109.39215518229041,18.36729146761569]}"
539,0.0,24.0,122.0,18.63062858581543,99.0,19.38056752921443,109.20572946876013,2389.856201171875,55.0,1.2743706703186035,4.0,3.0,0.6903587054154109,13.50452995300293,34.0,"{""type"":""Point"",""coordinates"":[109.2052386280949,19.381157366641265]}"
540,0.0,30.0,447.0,40.784332275390625,419.0,18.54513431498328,109.31801887927503,2078.1171875,44.0,8.178117752075195,5.0,1.0,0.5753807941415111,11.416484832763672,46.0,"{""type"":""Point"",""coordinates"":[109.3197333028969,18.545917765993213]}"
541,0.0,28.0,84.0,18.81144142150879,84.0,19.807267289171207,109.90641539037335,2486.51806640625,44.0,1.0752592086791992,5.0,4.0,0.7120855807162232,13.697513580322266,35.0,"{""type"":""Point"",""coordinates"":[109.90462789555087,19.807026823362797]}"
542,0.0,24.0,35.0,11.271873474121094,38.0,18.940393039995868,110.3735393381155,2392.823974609375,51.0,0.3486384153366089,4.0,2.0,0.7231666483979072,14.852853775024414,44.0,"{""type"":""Point"",""coordinates"":[110.37148553151785,18.942084197979646]}"
543,0.0,28.0,58.0,10.843110084533691,40.0,19.591671620982524,110.53972766567762,2670.569580078125,48.0,0.13460275530815125,6.0,3.0,0.778863005764076,15.513973236083984,34.0,"{""type"":""Point"",""coordinates"":[110.54003870038204,19.590327211568443]}"
544,0.0,24.0,84.0,11.84414005279541,36.0,19.677011572973875,109.69980287502585,2493.26318359375,53.0,0.34007248282432556,3.0,3.0,0.781050705641576,14.848777770996094,32.0,"{""type"":""Point"",""coordinates"":[109.69780231672303,19.676552102828566]}"
545,0.0,22.0,91.0,23.601667404174805,66.0,19.52429797467356,110.13548578782382,2720.608642578125,55.0,1.217003345489502,5.0,3.0,0.73724406577767,13.569445610046387,35.0,"{""type"":""Point"",""coordinates"":[110.13640803095659,19.523190973732788]}"
546,0.0,24.0,757.0,62.709659576416016,685.0,18.783187865274954,108.96318434204784,2306.2646484375,51.0,15.953258514404297,8.0,1.0,0.5618135445958381,10.457571029663086,43.0,"{""type"":""Point"",""coordinates"":[108.96157282083861,18.782181430466526]}"
547,0.0,24.0,283.0,53.3054313659668,168.0,19.277261271540688,109.3943756784252,2565.066650390625,54.0,6.115732669830322,3.0,2.0,0.6475023265530024,11.828476905822754,39.0,"{""type"":""Point"",""coordinates"":[109.3930181578612,19.279263794534355]}"
548,0.0,31.0,533.0,59.15933609008789,314.0,19.066157179772603,109.34945991421921,2361.239990234375,39.0,10.880876541137695,4.0,2.0,0.6027179838845694,11.057467460632324,40.0,"{""type"":""Point"",""coordinates"":[109.35032334620334,19.06515127290821]}"
549,0.0,39.0,42.0,17.974151611328125,42.0,19.874640935480173,109.94234800173814,2449.469970703125,33.0,1.2921353578567505,5.0,4.0,0.7587084981981393,13.264466285705566,35.0,"{""type"":""Point"",""coordinates"":[109.94084559318756,19.874979572673247]}"
550,0.0,26.0,721.0,15.553662300109863,552.0,18.864036240845707,109.69081972218464,2354.347900390625,45.0,1.083367109298706,5.0,2.0,0.5986432072046043,13.208903312683105,46.0,"{""type"":""Point"",""coordinates"":[109.6918346011226,18.86400853243638]}"
551,0.0,28.0,233.0,40.35249710083008,55.0,19.18742974312874,109.54259770030495,2535.598876953125,40.0,3.7153308391571045,4.0,2.0,0.7127602938703208,12.362749099731445,38.0,"{""type"":""Point"",""coordinates"":[109.54092181489692,19.186401480361422]}"
552,0.0,29.0,165.0,48.85549545288086,138.0,19.304210730064277,109.15632212813352,2365.332763671875,43.0,6.154346466064453,6.0,3.0,0.641128337756353,11.899397850036621,40.0,"{""type"":""Point"",""coordinates"":[109.15488449387315,19.30265620107592]}"
553,0.0,25.0,142.0,12.073042869567871,135.0,19.344634917849653,109.0305579883568,2064.29052734375,54.0,0.9256964921951294,3.0,3.0,0.6428271492878578,13.811923027038574,40.0,"{""type"":""Point"",""coordinates"":[109.03058636300528,19.34546977792779]}"
554,0.0,39.0,63.0,7.549953937530518,64.0,19.843199900535986,109.5964966173521,2002.4404296875,37.0,0.3501060903072357,5.0,4.0,0.7189047128568015,14.832210540771484,33.0,"{""type"":""Point"",""coordinates"":[109.59768176901882,19.84139328014061]}"
555,0.0,28.0,60.0,11.999262809753418,60.0,18.513693280039092,109.88844908469093,2046.2999267578125,45.0,0.8773276805877686,5.0,1.0,0.6706178691681575,13.915275573730469,45.0,"{""type"":""Point"",""coordinates"":[109.8886892700407,18.51231538741588]}"
556,0.0,29.0,35.0,11.523526191711426,35.0,19.79828413633001,110.55769397135998,2435.82958984375,39.0,0.38151225447654724,5.0,4.0,0.760869410378457,14.328325271606445,37.0,"{""type"":""Point"",""coordinates"":[110.55570723026027,19.797593846767136]}"
557,0.0,22.0,172.0,31.548707962036133,172.0,18.37445441100057,109.42581671336939,2011.8353271484375,56.0,4.86009407043457,3.0,1.0,0.6192503820095959,12.132532119750977,41.0,"{""type"":""Point"",""coordinates"":[109.42790463951808,18.373264829107228]}"
558,0.0,25.0,145.0,22.18041229248047,70.0,19.55573900961774,109.70878602786706,2668.286376953125,53.0,1.2304011583328247,3.0,3.0,0.7327120041499948,13.525442123413086,34.0,"{""type"":""Point"",""coordinates"":[109.7082724474847,19.554694021151544]}"
559,0.0,28.0,83.0,22.216306686401367,76.0,19.6365873851885,110.59811815914537,2561.440673828125,49.0,1.7926840782165527,5.0,3.0,0.7409107733852662,12.736562728881836,31.0,"{""type"":""Point"",""coordinates"":[110.59590275069388,19.63584960589368]}"
560,0.0,30.0,919.0,56.64719772338867,811.0,18.82361205306033,109.69980287502585,2337.958984375,45.0,16.6400146484375,5.0,2.0,0.5378659496924584,10.235353469848633,46.0,"{""type"":""Point"",""coordinates"":[109.69841284667758,18.82307621390786]}"
561,0.0,26.0,21.0,7.921472072601318,18.0,19.838708324115387,110.78676436881045,2241.902099609375,52.0,0.18293605744838715,4.0,4.0,0.7469794641871138,14.44468879699707,42.0,"{""type"":""Point"",""coordinates"":[110.78834875985763,19.838673786051693]}"
562,0.0,28.0,307.0,40.95207214355469,307.0,18.450811210150732,109.19674631591892,1999.9703369140625,45.0,8.138998031616211,5.0,1.0,0.5881470976693328,11.5232515335083,44.0,"{""type"":""Point"",""coordinates"":[109.19721878539087,18.45267717976866]}"
563,0.0,26.0,635.0,45.18145751953125,592.0,18.76522155959256,109.67734499292288,2290.165771484375,48.0,8.147250175476074,4.0,1.0,0.5752236077199795,11.264761924743652,46.0,"{""type"":""Point"",""coordinates"":[109.6757591149418,18.766138432098142]}"
564,0.0,26.0,236.0,48.47438430786133,155.0,18.85056151158392,110.0007384952059,2461.89013671875,48.0,5.6006083488464355,4.0,2.0,0.6160097566086472,11.948575019836426,46.0,"{""type"":""Point"",""coordinates"":[109.99925740118583,18.848554996756086]}"
565,0.0,25.0,323.0,57.65593719482422,269.0,18.949376192837065,109.04852429403917,2178.093994140625,47.0,10.887300491333008,7.0,2.0,0.6024716364520535,11.21580696105957,41.0,"{""type"":""Point"",""coordinates"":[109.05006239619655,18.951347955561083]}"
566,0.0,32.0,28.0,16.511577606201172,25.0,19.32666861216726,110.49032032505102,2757.08837890625,34.0,0.5158177018165588,5.0,3.0,0.7633287415906788,14.44586181640625,41.0,"{""type"":""Point"",""coordinates"":[110.4905081776872,19.324852844718396]}"
567,0.0,23.0,172.0,24.021942138671875,69.0,19.290736000802482,109.71776918070822,2696.286376953125,56.0,1.3770469427108765,3.0,3.0,0.7136073538529307,13.395858764648438,38.0,"{""type"":""Point"",""coordinates"":[109.71861020253277,19.29043735873941]}"
568,0.0,28.0,241.0,24.816457748413086,188.0,19.10208979113738,109.99175534236468,2791.88671875,47.0,1.3338992595672607,4.0,2.0,0.6489077025919351,13.383051872253418,44.0,"{""type"":""Point"",""coordinates"":[109.9918631416944,19.101883515292176]}"
569,0.0,27.0,40.0,18.541553497314453,32.0,19.043699297669612,110.3241319974889,2664.699462890625,45.0,0.7966423034667969,4.0,2.0,0.7529249822969835,14.023514747619629,41.0,"{""type"":""Point"",""coordinates"":[110.32260333563052,19.04556990569145]}"
570,0.0,29.0,182.0,18.70901870727539,163.0,18.5092017036185,109.5964966173521,2197.78662109375,44.0,1.6577261686325073,4.0,1.0,0.6193904339009417,13.203916549682617,46.0,"{""type"":""Point"",""coordinates"":[109.59769852608822,18.507073729723135]}"
571,0.0,28.0,304.0,37.40656280517578,239.0,19.01225826272543,109.97378903668232,2586.231201171875,49.0,3.5013365745544434,4.0,2.0,0.640463829958956,12.374360084533691,43.0,"{""type"":""Point"",""coordinates"":[109.97301044370329,19.010074300432745]}"
572,0.0,25.0,39.0,12.547139167785645,42.0,18.90446042863109,110.35108145601248,2392.823974609375,49.0,0.4884103238582611,4.0,2.0,0.7089578933464198,14.513388633728027,46.0,"{""type"":""Point"",""coordinates"":[110.35286873728724,18.90552452960968]}"
573,0.0,28.0,15.0,10.042661666870117,17.0,19.645570538029695,110.76430648670748,2321.650390625,48.0,0.36507511138916016,5.0,3.0,0.7754255406345348,14.365145683288574,37.0,"{""type"":""Point"",""coordinates"":[110.76382206933403,19.64352089487969]}"
574,0.0,36.0,584.0,87.40959930419922,479.0,18.940393039995868,109.98277218952347,2644.976318359375,37.0,16.90691566467285,4.0,2.0,0.5664844927470808,10.556509017944336,46.0,"{""type"":""Point"",""coordinates"":[109.9811791059455,18.94229167715151]}"
575,0.0,26.0,216.0,74.20821380615234,130.0,19.483873786888182,109.73573548639064,2788.158203125,53.0,8.17212963104248,4.0,3.0,0.6581460042007042,11.580205917358398,36.0,"{""type"":""Point"",""coordinates"":[109.73456527259597,19.4824168639843]}"
576,0.0,39.0,116.0,24.674034118652344,105.0,19.600654773823713,110.24328362191818,2701.07666015625,33.0,1.5126636028289795,4.0,3.0,0.6917695637526831,13.316339492797852,36.0,"{""type"":""Point"",""coordinates"":[110.2418228590038,19.598550821404956]}"
578,0.0,33.0,45.0,21.239131927490234,44.0,19.169463437446346,110.40947194948029,2817.7373046875,39.0,0.9180238246917725,4.0,2.0,0.7517171712720683,13.878750801086426,38.0,"{""type"":""Point"",""coordinates"":[110.40806940441112,19.171303477638702]}"
579,0.0,29.0,501.0,37.61006546020508,458.0,18.71132264254539,109.60997134661392,2279.778076171875,48.0,5.774980068206787,4.0,1.0,0.577060662280561,11.725581169128418,49.0,"{""type"":""Point"",""coordinates"":[109.61015164289714,18.71200610068641]}"
580,0.0,23.0,32.0,12.425572395324707,32.0,18.90446042863109,108.71614763891495,1649.8424072265625,53.0,1.8182979822158813,3.0,2.0,0.675085084304349,13.202654838562012,45.0,"{""type"":""Point"",""coordinates"":[108.71724223247638,18.90239722570763]}"
581,0.0,30.0,364.0,65.11552429199219,240.0,18.99429195704304,109.17878001023655,2304.637451171875,39.0,11.825631141662598,6.0,2.0,0.6074812584456137,11.101819038391113,40.0,"{""type"":""Point"",""coordinates"":[109.18042425679727,18.994717783400638]}"
582,0.0,22.0,94.0,33.04624557495117,67.0,19.60963792666491,109.91539854321451,2650.769287109375,52.0,2.2547414302825928,7.0,3.0,0.737212583631814,12.950627326965332,34.0,"{""type"":""Point"",""coordinates"":[109.91553807960477,19.610193972930436]}"
583,0.0,28.0,226.0,75.36188507080078,223.0,18.819120476639732,110.28370780970351,2386.62255859375,48.0,12.964654922485352,2.0,1.0,0.5907860283277306,11.101716995239258,45.0,"{""type"":""Point"",""coordinates"":[110.28466980587986,18.8170888068323]}"
584,0.0,26.0,19.0,8.760120391845703,21.0,19.66802842013268,110.85862959154002,2075.732177734375,51.0,0.5735798478126526,3.0,3.0,0.740509411194011,13.404918670654297,40.0,"{""type"":""Point"",""coordinates"":[110.85816043417132,19.666980164790104]}"
585,0.0,30.0,46.0,6.760653018951416,47.0,19.8252335948536,109.63242922871689,2066.845947265625,41.0,0.08371345698833466,5.0,4.0,0.7392073535433374,16.273073196411133,34.0,"{""type"":""Point"",""coordinates"":[109.63159566701994,19.827293259408467]}"
586,0.0,29.0,13.0,11.271520614624023,13.0,19.977947193153916,110.34658987959187,2519.441162109375,42.0,0.3495248854160309,2.0,4.0,0.7808569638696107,13.97005844116211,39.0,"{""type"":""Point"",""coordinates"":[110.34435474082383,19.977639942072592]}"
587,0.0,32.0,874.0,16.06290054321289,718.0,18.953867769257663,109.26861153864849,2152.4931640625,39.0,1.89212965965271,6.0,2.0,0.5842581135296732,12.490391731262207,44.0,"{""type"":""Point"",""coordinates"":[109.26656715580972,18.95596051359261]}"
588,0.0,31.0,63.0,12.710095405578613,60.0,19.60514635024431,110.61608446482774,2439.375,41.0,0.5863634347915649,5.0,3.0,0.757479271376115,13.873005867004395,31.0,"{""type"":""Point"",""coordinates"":[110.615236161235,19.603681941614454]}"
589,0.0,32.0,44.0,8.234485626220703,45.0,18.549625891403878,108.88682754289766,1793.880126953125,42.0,0.6757490634918213,3.0,1.0,0.6680991366277351,14.18577766418457,46.0,"{""type"":""Point"",""coordinates"":[108.88621058801215,18.55054647483856]}"
590,0.0,24.0,21.0,10.168667793273926,23.0,19.730910490021046,110.8900706264842,2075.61767578125,53.0,1.037413239479065,6.0,3.0,0.7300317222033832,12.563947677612305,42.0,"{""type"":""Point"",""coordinates"":[110.88922233506031,19.730461292772308]}"
591,0.0,26.0,289.0,42.44865417480469,213.0,18.79666259453675,109.96929746026171,2480.6611328125,51.0,4.706923484802246,4.0,1.0,0.6263314303834736,12.0877685546875,44.0,"{""type"":""Point"",""coordinates"":[109.96925441577329,18.798366495057316]}"
592,0.0,26.0,577.0,46.329410552978516,554.0,18.71132264254539,109.97828061310292,2481.07177734375,49.0,6.408149242401123,4.0,1.0,0.5901827064954414,11.558083534240723,47.0,"{""type"":""Point"",""coordinates"":[109.97655912986573,18.71184660221437]}"
593,0.0,31.0,9.0,9.287697792053223,10.0,19.928539852527344,110.0007384952059,2489.326904296875,40.0,0.0837424173951149,4.0,4.0,0.8029346612650341,16.02600860595703,35.0,"{""type"":""Point"",""coordinates"":[110.00270185143243,19.927417966178478]}"
594,0.0,27.0,599.0,60.96124267578125,594.0,18.482252245094912,109.2371705037043,2127.818359375,50.0,17.333972930908203,5.0,1.0,0.5508641387690152,10.517087936401367,44.0,"{""type"":""Point"",""coordinates"":[109.23898948752448,18.484461968038897]}"
595,0.0,23.0,108.0,13.483083724975586,72.0,19.57819689172073,109.5964966173521,2520.502197265625,53.0,0.46958404779434204,4.0,3.0,0.7279740557137783,14.511585235595703,35.0,"{""type"":""Point"",""coordinates"":[109.59506345420866,19.577472358735996]}"
596,0.0,29.0,59.0,10.343029975891113,52.0,19.8252335948536,110.13099421140322,2481.191650390625,39.0,0.18292054533958435,6.0,4.0,0.7625703647775932,15.20646858215332,33.0,"{""type"":""Point"",""coordinates"":[110.13261830035547,19.82571676994509]}"
597,0.0,24.0,22.0,6.963475704193115,22.0,19.88811566474196,110.9394779671108,1836.759521484375,50.0,0.6193579435348511,2.0,4.0,0.679562758336179,12.909778594970703,50.0,"{""type"":""Point"",""coordinates"":[110.94110124720736,19.889242502918194]}"
598,0.0,23.0,48.0,26.378684997558594,35.0,19.694977878656267,110.1624352463474,2647.823486328125,54.0,1.6377328634262085,2.0,3.0,0.7882424333614867,13.25967788696289,31.0,"{""type"":""Point"",""coordinates"":[110.16050464235977,19.69521965618695]}"
599,0.0,30.0,445.0,62.92592239379883,417.0,19.277261271540688,109.15183055171292,2583.607421875,48.0,9.304034233093262,7.0,2.0,0.6271551104680511,11.287009239196777,40.0,"{""type"":""Point"",""coordinates"":[109.14984812139733,19.276435855540583]}"
600,0.0,23.0,35.0,10.391685485839844,35.0,18.360979681738776,109.21471262160128,1863.8387451171875,58.0,0.9698202610015869,3.0,1.0,0.7095454241888183,13.829694747924805,40.0,"{""type"":""Point"",""coordinates"":[109.21627789434308,18.362384046768877]}"
601,0.0,28.0,288.0,14.219034194946289,183.0,18.84606993516332,109.94683957815869,2408.12158203125,46.0,0.7272709608078003,4.0,2.0,0.63357051450894,13.958142280578613,45.0,"{""type"":""Point"",""coordinates"":[109.94715380844391,18.844555631829486]}"
602,0.0,27.0,364.0,36.88909912109375,219.0,18.73378052464838,109.30454415001327,2217.32763671875,50.0,5.4491705894470215,4.0,1.0,0.6004049449563709,11.887946128845215,45.0,"{""type"":""Point"",""coordinates"":[109.30272513685956,18.733769801193905]}"
603,0.0,27.0,153.0,17.264307022094727,58.0,19.362601223532046,109.35844306706042,2513.419677734375,43.0,0.8588137626647949,4.0,3.0,0.7429577615742718,13.880074501037598,34.0,"{""type"":""Point"",""coordinates"":[109.3578189073257,19.360450322816092]}"
604,0.0,23.0,38.0,12.500787734985352,20.0,19.694977878656267,110.05014583583244,2629.002197265625,51.0,0.2597855031490326,3.0,3.0,0.8038645521385223,15.145289421081543,33.0,"{""type"":""Point"",""coordinates"":[110.05168663956081,19.697052551664356]}"
605,0.0,27.0,1055.0,51.92789840698242,936.0,18.82361205306033,109.61446292303447,2360.517822265625,48.0,16.5513916015625,7.0,2.0,0.5291680132414716,10.062756538391113,47.0,"{""type"":""Point"",""coordinates"":[109.6155152544289,18.825851190172845]}"
606,0.0,25.0,49.0,32.41028594970703,27.0,19.699469455076866,109.9558227309999,2649.8896484375,49.0,2.2142510414123535,3.0,3.0,0.7772686993388442,12.995546340942383,35.0,"{""type"":""Point"",""coordinates"":[109.9537494974733,19.70111621822768]}"
607,0.0,33.0,143.0,19.091005325317383,97.0,19.60963792666491,109.81209228554076,2619.68115234375,40.0,0.997630774974823,4.0,3.0,0.7048374781935451,13.736451148986816,34.0,"{""type"":""Point"",""coordinates"":[109.81359592113024,19.607414158974855]}"
608,0.0,31.0,1080.0,33.77644348144531,939.0,18.922426734313476,109.19674631591892,2437.744140625,41.0,6.707653522491455,7.0,2.0,0.5696199209185496,10.953238487243652,45.0,"{""type"":""Point"",""coordinates"":[109.19822749515778,18.922247696016385]}"
609,0.0,27.0,51.0,11.038097381591797,51.0,19.919556699686147,110.3241319974889,2543.720458984375,47.0,0.2506888508796692,2.0,4.0,0.7380836876819783,14.707891464233398,39.0,"{""type"":""Point"",""coordinates"":[110.32333721908999,19.921706818665122]}"
610,0.0,25.0,194.0,12.603190422058105,109.0,19.245820236596508,109.88844908469093,2751.41552734375,53.0,0.22943836450576782,4.0,2.0,0.6839167271767024,15.17408561706543,38.0,"{""type"":""Point"",""coordinates"":[109.88783521082392,19.245441727774125]}"
611,0.0,22.0,148.0,14.22822093963623,72.0,19.546755856776542,109.73573548639064,2663.781494140625,54.0,0.4060998857021332,4.0,3.0,0.7259589142276105,14.632206916809082,36.0,"{""type"":""Point"",""coordinates"":[109.73681942700112,19.545639534983223]}"
612,0.0,27.0,14.0,7.93028450012207,15.0,20.07676187440706,110.66100022903373,2163.34130859375,47.0,0.29361197352409363,2.0,4.0,0.7352498675170349,13.672123908996582,44.0,"{""type"":""Point"",""coordinates"":[110.65993095442522,20.074696485496997]}"
613,0.0,24.0,96.0,17.911903381347656,64.0,19.18742974312874,110.09506160003843,2791.02294921875,51.0,0.6180532574653625,4.0,2.0,0.7189379640835514,14.24411392211914,40.0,"{""type"":""Point"",""coordinates"":[110.09397207781377,19.187497849423842]}"
614,0.0,22.0,10.0,5.604144096374512,6.0,19.254803389437704,108.83742020227112,1856.0523681640625,52.0,0.06075863167643547,2.0,2.0,0.736509079754041,16.61444664001465,42.0,"{""type"":""Point"",""coordinates"":[108.83914745741876,19.255240763588592]}"
615,0.0,29.0,300.0,44.01557159423828,298.0,18.760729983171963,108.79699601448573,1793.6463623046875,48.0,13.226994514465332,6.0,1.0,0.5588957145653021,11.03126049041748,45.0,"{""type"":""Point"",""coordinates"":[108.79888333858719,18.761423754988428]}"
616,0.0,29.0,225.0,27.78848648071289,120.0,19.138022402502166,109.88395750827033,2606.7919921875,40.0,1.900922417640686,4.0,2.0,0.6522792931994852,13.039166450500488,43.0,"{""type"":""Point"",""coordinates"":[109.88348309794445,19.138563795938484]}"
617,0.0,32.0,28.0,26.14595603942871,28.0,19.80277571275061,109.42581671336939,1893.776123046875,39.0,4.0779128074646,5.0,4.0,0.7365761859397875,12.395938873291016,34.0,"{""type"":""Point"",""coordinates"":[109.42392025517334,19.80327466769519]}"
618,0.0,27.0,310.0,77.77255249023438,227.0,19.26827811869949,109.83005859122318,2698.496826171875,51.0,10.271387100219727,4.0,2.0,0.6374792164182524,11.284442901611328,38.0,"{""type"":""Point"",""coordinates"":[109.82913225997282,19.268078379308598]}"
619,0.0,24.0,76.0,25.49216651916504,68.0,19.34912649427025,110.3645561852743,2825.7041015625,50.0,1.217043161392212,5.0,3.0,0.7133053381968109,13.578402519226074,40.0,"{""type"":""Point"",""coordinates"":[110.36253390128702,19.34832925946615]}"
620,0.0,23.0,43.0,16.836448669433594,31.0,19.079631909034397,110.26574150402115,2778.37158203125,49.0,0.49890854954719543,4.0,2.0,0.7371871879830841,14.48978328704834,45.0,"{""type"":""Point"",""coordinates"":[110.26368445834652,19.079636545309608]}"
621,0.0,22.0,19.0,13.239442825317383,19.0,19.703961031497464,109.32700203211624,2037.394287109375,53.0,1.0277982950210571,2.0,3.0,0.7686185420856607,13.780895233154297,33.0,"{""type"":""Point"",""coordinates"":[109.32864034456206,19.705291648751803]}"
622,0.0,29.0,255.0,67.64823913574219,150.0,18.949376192837065,109.93336484889693,2522.96484375,44.0,9.212865829467773,5.0,2.0,0.6061676838706039,11.432758331298828,46.0,"{""type"":""Point"",""coordinates"":[109.93130910711743,18.948611637658466]}"
623,0.0,25.0,45.0,19.942426681518555,43.0,19.007766686304834,110.3735393381155,2689.599853515625,47.0,0.8785154223442078,5.0,2.0,0.7495102866009857,13.922748565673828,39.0,"{""type"":""Point"",""coordinates"":[110.37283083537605,19.009868070117168]}"
624,0.0,24.0,26.0,4.481128692626953,26.0,19.039207721249014,108.68021502755016,1402.97021484375,54.0,0.4026876986026764,2.0,2.0,0.675847568615779,14.713951110839844,44.0,"{""type"":""Point"",""coordinates"":[108.68168689512285,19.039624162292572]}"
625,0.0,25.0,29.0,14.614347457885742,31.0,19.0706487561932,110.42743825516266,2721.12646484375,48.0,0.3804243505001068,3.0,2.0,0.7647636651251726,14.769087791442871,39.0,"{""type"":""Point"",""coordinates"":[110.42683599165503,19.072420399616153]}"
626,0.0,30.0,106.0,34.45331573486328,51.0,19.41200856415862,109.93336484889693,2751.2607421875,38.0,2.217135429382324,3.0,3.0,0.7332890517724924,12.960200309753418,38.0,"{""type"":""Point"",""coordinates"":[109.93526235203566,19.414025135343664]}"
627,0.0,31.0,34.0,13.127351760864258,34.0,19.88811566474196,110.46337086652744,2497.436279296875,41.0,0.6327850818634033,6.0,4.0,0.7567201466254567,13.57458782196045,39.0,"{""type"":""Point"",""coordinates"":[110.46137584568567,19.88914503224463]}"
628,0.0,25.0,25.0,14.360223770141602,26.0,19.501840092570568,110.76879806312809,2266.287109375,48.0,1.0215113162994385,6.0,3.0,0.7639956741455513,13.352291107177734,36.0,"{""type"":""Point"",""coordinates"":[110.77096177473209,19.502804760197055]}"
629,0.0,23.0,173.0,10.841337203979492,44.0,18.702339489704194,109.13386424603056,2100.1357421875,56.0,0.6685672402381897,3.0,1.0,0.6884792738776263,14.117932319641113,44.0,"{""type"":""Point"",""coordinates"":[109.13599231172014,18.700686600666174]}"
630,0.0,24.0,223.0,29.907377243041992,83.0,18.697847913283596,109.26861153864849,2066.3583984375,55.0,4.3866472244262695,4.0,1.0,0.6272978937478678,12.202659606933594,44.0,"{""type"":""Point"",""coordinates"":[109.26795965066523,18.696092505722937]}"
631,0.0,24.0,24.0,12.19475269317627,27.0,18.949376192837065,110.43642140800387,2358.38232421875,48.0,0.4633064866065979,3.0,2.0,0.7460462342158719,14.555594444274902,41.0,"{""type"":""Point"",""coordinates"":[110.43624171245128,18.949612872964163]}"
632,0.0,24.0,88.0,17.030290603637695,44.0,19.6320958087679,109.6414123815581,2525.286376953125,54.0,0.863205075263977,3.0,3.0,0.7625585911763263,13.91481876373291,34.0,"{""type"":""Point"",""coordinates"":[109.64181991866755,19.63322663511623]}"
633,0.0,34.0,566.0,55.147216796875,393.0,19.007766686304834,109.31801887927503,2268.21240234375,37.0,11.603145599365234,4.0,2.0,0.5851578202179382,10.96407413482666,42.0,"{""type"":""Point"",""coordinates"":[109.31932854791964,19.00690572407798]}"
634,0.0,23.0,9.0,4.486415863037109,9.0,19.039207721249014,108.64428241618543,1270.5904541015625,54.0,0.6299464702606201,2.0,2.0,0.6826074974642373,14.27625560760498,45.0,"{""type"":""Point"",""coordinates"":[108.6425691441996,19.03731725856359]}"
635,0.0,26.0,119.0,25.363948822021484,105.0,19.120056096819773,108.94970961278602,2238.19140625,47.0,2.4696853160858154,4.0,2.0,0.6489564045087882,12.84427547454834,40.0,"{""type"":""Point"",""coordinates"":[108.95045515069387,19.117825461334355]}"
636,0.0,28.0,32.0,7.378897666931152,33.0,19.874640935480173,109.65039553439925,2084.842041015625,40.0,0.1299256831407547,3.0,4.0,0.7550050025644913,15.841682434082031,34.0,"{""type"":""Point"",""coordinates"":[109.65140260985007,19.873171983499947]}"
637,0.0,25.0,39.0,26.797109603881836,39.0,18.401403869524152,109.14733897529231,1858.1837158203125,55.0,4.657138347625732,2.0,1.0,0.6821252220391936,12.256206512451172,42.0,"{""type"":""Point"",""coordinates"":[109.14717860580994,18.402580467474568]}"
638,0.0,22.0,126.0,17.73856544494629,109.0,19.29522757722308,109.03504956477741,2129.14208984375,57.0,1.6409265995025635,4.0,3.0,0.6455337151068304,13.24915599822998,40.0,"{""type"":""Point"",""coordinates"":[109.03487704672189,19.294572163201558]}"
639,0.0,31.0,104.0,17.125885009765625,102.0,19.52429797467356,110.60710131198658,2505.265380859375,43.0,1.1492308378219604,4.0,3.0,0.6892372128073523,13.161441802978516,36.0,"{""type"":""Point"",""coordinates"":[110.60908821112835,19.525213373913882]}"
640,0.0,25.0,15.0,7.97915506362915,14.0,19.77582625422702,110.81820540375463,2094.12158203125,51.0,0.3441552519798279,5.0,4.0,0.7341129920687619,13.921751022338867,44.0,"{""type"":""Point"",""coordinates"":[110.81755588286353,19.77452202523874]}"
641,0.0,23.0,10.0,9.888744354248047,11.0,19.96896404031272,110.6834581111367,2264.388916015625,52.0,0.5610964298248291,6.0,4.0,0.7391571272055939,13.035665512084961,46.0,"{""type"":""Point"",""coordinates"":[110.68507183078682,19.967803259709246]}"
642,0.0,25.0,19.0,8.148896217346191,16.0,19.789300983488815,110.81371382733403,2094.12158203125,50.0,0.3702249228954315,5.0,4.0,0.7404306554611478,13.842724800109863,42.0,"{""type"":""Point"",""coordinates"":[110.81392387409768,19.789865222097493]}"
643,0.0,25.0,113.0,50.40697479248047,113.0,18.49123539793611,109.87497435542917,2018.012939453125,54.0,10.270607948303223,3.0,1.0,0.5923903406590993,11.412575721740723,44.0,"{""type"":""Point"",""coordinates"":[109.87450117026464,18.491378313004283]}"
644,0.0,22.0,69.0,26.42641258239746,69.0,18.365471258159374,109.36293464348103,1944.408203125,56.0,3.865938663482666,3.0,1.0,0.6683725697364241,12.425421714782715,39.0,"{""type"":""Point"",""coordinates"":[109.3638125447629,18.363241211189813]}"
645,0.0,28.0,368.0,40.69182205200195,223.0,18.76971313601316,109.30454415001327,2089.902587890625,50.0,7.8045196533203125,4.0,1.0,0.5811871147350699,11.52263069152832,46.0,"{""type"":""Point"",""coordinates"":[109.30403398730657,18.770793300588977]}"
646,0.0,19.0,51.0,9.285114288330078,49.0,19.084123485454995,108.78801286164452,1675.258056640625,60.0,1.0407884120941162,3.0,2.0,0.6769876600510698,13.74969482421875,41.0,"{""type"":""Point"",""coordinates"":[108.78987990316297,19.084661624538658]}"
647,0.0,29.0,18.0,12.6265230178833,18.0,18.23521554196204,109.52912297104314,1595.57666015625,43.0,2.073420524597168,4.0,0.0,0.7104434815279013,13.079361915588379,40.0,"{""type"":""Point"",""coordinates"":[109.52696345274175,18.234937603021415]}"
648,0.0,26.0,35.0,18.695724487304688,35.0,19.614129503085508,109.35844306706042,2290.14013671875,48.0,1.3713445663452148,2.0,3.0,0.7500606037853957,13.483162879943848,36.0,"{""type"":""Point"",""coordinates"":[109.3600678107888,19.61536536486375]}"
649,0.0,27.0,675.0,27.222593307495117,654.0,18.68437318402181,108.88233596647706,1983.4642333984375,49.0,5.602461338043213,6.0,1.0,0.5655780541605697,11.606346130371094,46.0,"{""type"":""Point"",""coordinates"":[108.88053506457655,18.683082124397398]}"
650,0.0,28.0,47.0,16.63205337524414,48.0,19.52429797467356,110.6789665347161,2457.46142578125,44.0,1.0639945268630981,5.0,3.0,0.7530880336501922,13.291732788085938,35.0,"{""type"":""Point"",""coordinates"":[110.68009233199302,19.525115958096187]}"
651,0.0,28.0,498.0,41.19254684448242,495.0,18.670898454760014,108.83292862585051,1989.4652099609375,48.0,9.907102584838867,4.0,1.0,0.566104198062379,11.181617736816406,45.0,"{""type"":""Point"",""coordinates"":[108.83271811174282,18.669503737529386]}"
652,0.0,27.0,765.0,46.37922668457031,532.0,18.926918310734074,109.67285341650228,2434.082763671875,46.0,7.979576110839844,5.0,2.0,0.5903045936557517,11.162101745605469,43.0,"{""type"":""Point"",""coordinates"":[109.67414923909355,18.926108230576418]}"
653,0.0,22.0,130.0,18.436767578125,75.0,19.470399057626388,109.83005859122318,2724.465087890625,54.0,0.7300291061401367,3.0,3.0,0.7212608931989086,14.056843757629395,36.0,"{""type"":""Point"",""coordinates"":[109.83210500923404,19.4701238981163]}"
654,0.0,29.0,58.0,11.464245796203613,47.0,19.793792559909413,110.12650263498261,2554.08056640625,40.0,0.2505006194114685,4.0,4.0,0.7752339002708006,14.892834663391113,32.0,"{""type"":""Point"",""coordinates"":[110.12766643646313,19.792359770994413]}"
655,0.0,40.0,534.0,34.632076263427734,491.0,18.5092017036185,109.54259770030495,2112.104736328125,32.0,6.680537223815918,9.0,1.0,0.5845807341886012,11.552033424377441,45.0,"{""type"":""Point"",""coordinates"":[109.54407626317004,18.509697643688117]}"
656,0.0,28.0,243.0,49.99592590332031,234.0,19.250311813017106,110.28370780970351,2901.84375,51.0,4.004146575927734,4.0,2.0,0.6588178281408921,12.281054496765137,39.0,"{""type"":""Point"",""coordinates"":[110.283401169125,19.24944142191887]}"
657,0.0,20.0,102.0,19.38946533203125,86.0,19.290736000802482,109.00810010625383,2129.14208984375,61.0,1.9089604616165161,3.0,3.0,0.6608013328948729,13.11241340637207,40.0,"{""type"":""Point"",""coordinates"":[109.00707237370042,19.28938817194448]}"
658,0.0,26.0,28.0,16.752290725708008,29.0,19.223362354493517,110.5307445128364,2732.099365234375,48.0,0.5767872333526611,3.0,2.0,0.7660876703758464,14.334135055541992,39.0,"{""type"":""Point"",""coordinates"":[110.52962008220403,19.223522665876125]}"
659,0.0,25.0,145.0,30.35325813293457,40.0,18.895477275789894,110.0007384952059,2461.89013671875,51.0,2.5908496379852295,4.0,2.0,0.7041965718068137,12.780268669128418,45.0,"{""type"":""Point"",""coordinates"":[110.00246619120294,18.896576270045813]}"
660,0.0,26.0,50.0,14.057623863220215,45.0,18.922426734313476,110.30167411538594,2462.37939453125,45.0,0.563515841960907,6.0,2.0,0.7146439045530835,14.363899230957031,45.0,"{""type"":""Point"",""coordinates"":[110.30327463926541,18.92307999404724]}"
661,0.0,25.0,225.0,24.81435775756836,124.0,19.322177035746662,109.36742621990163,2535.2509765625,55.0,1.8574784994125366,5.0,3.0,0.676458033896637,13.062301635742188,37.0,"{""type"":""Point"",""coordinates"":[109.36873848465906,19.32019663049771]}"
662,0.0,27.0,548.0,52.62971496582031,343.0,19.034716144828415,109.56954715882853,2516.184326171875,47.0,7.461103439331055,6.0,2.0,0.6182884638751944,11.428838729858398,41.0,"{""type"":""Point"",""coordinates"":[109.56934603243542,19.034182195890466]}"
663,0.0,29.0,349.0,41.015865325927734,171.0,19.15598870818455,109.53361454746374,2535.598876953125,39.0,4.072875022888184,4.0,2.0,0.6634584484971661,12.191144943237305,36.0,"{""type"":""Point"",""coordinates"":[109.53503002843968,19.155494147850145]}"
664,0.0,31.0,23.0,8.849662780761719,24.0,19.838708324115387,109.26411996222788,1704.720947265625,38.0,0.8910039067268372,3.0,4.0,0.7443346895652437,13.921436309814453,33.0,"{""type"":""Point"",""coordinates"":[109.26556563797509,19.83807232594628]}"
665,0.0,25.0,54.0,13.899332046508789,43.0,18.56759219708627,109.69081972218464,2151.471435546875,43.0,0.9078224301338196,4.0,1.0,0.6951309225844298,13.884641647338867,45.0,"{""type"":""Point"",""coordinates"":[109.6898986827925,18.56809034353395]}"
666,0.0,27.0,322.0,22.392066955566406,319.0,18.513693280039092,109.03954114119801,1882.650146484375,51.0,3.8349828720092773,4.0,1.0,0.5806567553468236,12.27058219909668,47.0,"{""type"":""Point"",""coordinates"":[109.04110452251584,18.51576325755096]}"
667,0.0,26.0,126.0,15.436824798583984,67.0,19.232345507334713,110.03217953015007,2879.177734375,45.0,0.3246898055076599,3.0,2.0,0.7187308541139621,14.8695650100708,39.0,"{""type"":""Point"",""coordinates"":[110.0307747265539,19.231731189044396]}"
668,0.0,23.0,154.0,48.67864990234375,89.0,19.33116018858786,110.20285943413279,2951.015380859375,52.0,3.2093498706817627,4.0,3.0,0.6832335104155968,12.560205459594727,38.0,"{""type"":""Point"",""coordinates"":[110.20376420817573,19.330927982564305]}"
669,0.0,29.0,6.0,9.947989463806152,8.0,19.60514635024431,110.89456220290481,2070.416748046875,41.0,0.7982341051101685,5.0,3.0,0.7516465857686971,13.093771934509277,41.0,"{""type"":""Point"",""coordinates"":[110.89294859817132,19.604451371765286]}"
670,0.0,26.0,690.0,28.842418670654297,614.0,18.751746830330767,108.93174330710366,2181.804443359375,49.0,4.568141937255859,6.0,1.0,0.5790892611932206,11.797492980957031,46.0,"{""type"":""Point"",""coordinates"":[108.93342227243046,18.750520043907496]}"
671,0.0,25.0,87.0,16.37066078186035,81.0,19.51980639825296,109.2371705037043,2256.702880859375,50.0,1.148074746131897,3.0,3.0,0.6954842893303664,13.630171775817871,36.0,"{""type"":""Point"",""coordinates"":[109.23772391709171,19.5210936083596]}"
672,0.0,25.0,107.0,20.36652946472168,73.0,19.200904472390526,110.09057002361783,2888.4677734375,51.0,0.7488600015640259,4.0,2.0,0.7073904995980249,14.045454025268555,40.0,"{""type"":""Point"",""coordinates"":[110.0909228647455,19.203008471864603]}"
673,0.0,27.0,599.0,60.96124267578125,594.0,18.482252245094912,109.2371705037043,2127.818359375,50.0,17.333972930908203,5.0,1.0,0.5508641387690152,10.517087936401367,44.0,"{""type"":""Point"",""coordinates"":[109.2391710756128,18.480587555714763]}"
675,0.0,23.0,16.0,7.973034381866455,19.0,18.51818485645969,108.82843704942991,1717.3165283203125,49.0,0.648430347442627,2.0,1.0,0.7111528664569007,14.243309020996094,42.0,"{""type"":""Point"",""coordinates"":[108.8270703911379,18.519083537841627]}"
676,0.0,32.0,70.0,8.469012260437012,69.0,19.793792559909413,109.67285341650228,2306.761474609375,40.0,0.1299111247062683,3.0,4.0,0.7216713892140072,15.819454193115234,35.0,"{""type"":""Point"",""coordinates"":[109.67471035227891,19.794285336004865]}"
677,0.0,29.0,28.0,15.876912117004395,29.0,19.35361807069085,110.64752549977192,2514.052001953125,49.0,0.8936489224433899,5.0,3.0,0.7661203138508692,13.63942813873291,38.0,"{""type"":""Point"",""coordinates"":[110.64775492845976,19.353837728698135]}"
678,0.0,22.0,129.0,19.994848251342773,107.0,19.209887625231723,109.08445690540395,2275.42138671875,49.0,1.5117418766021729,3.0,2.0,0.657899404008199,13.32934856414795,39.0,"{""type"":""Point"",""coordinates"":[109.08607619544438,19.20919360558915]}"
679,0.0,28.0,544.0,72.24202728271484,500.0,18.608016384871647,109.37191779632224,2238.749755859375,49.0,19.000673294067383,5.0,1.0,0.5455957799756407,10.46543025970459,46.0,"{""type"":""Point"",""coordinates"":[109.37272616526855,18.608132137521928]}"
680,0.0,29.0,14.0,18.851640701293945,14.0,19.317685459326064,110.65650865261313,2424.804443359375,38.0,1.308423399925232,4.0,3.0,0.7757161523248046,13.20226001739502,38.0,"{""type"":""Point"",""coordinates"":[110.65662016616746,19.31617339072211]}"
681,0.0,29.0,226.0,14.343161582946777,123.0,19.456924328364593,109.69980287502585,2735.858642578125,43.0,0.38099557161331177,4.0,3.0,0.6945138763630165,14.646169662475586,35.0,"{""type"":""Point"",""coordinates"":[109.70178321286751,19.458317884925616]}"
682,0.0,32.0,79.0,9.544829368591309,79.0,19.789300983488815,109.61895449945507,2234.395751953125,43.0,0.3500160872936249,5.0,4.0,0.7151255347373454,14.822949409484863,33.0,"{""type"":""Point"",""coordinates"":[109.6175123726899,19.788086106929374]}"
683,0.0,26.0,278.0,45.665870666503906,154.0,18.74725525391017,108.99013380057141,2247.393798828125,49.0,6.830465316772461,6.0,1.0,0.6259122248529925,11.7204008102417,40.0,"{""type"":""Point"",""coordinates"":[108.99117646641227,18.74858958627627]}"
684,0.0,24.0,184.0,25.989023208618164,78.0,19.0751403326138,109.90641539037335,2595.52880859375,50.0,1.6959283351898193,3.0,2.0,0.683588352433241,13.179845809936523,42.0,"{""type"":""Point"",""coordinates"":[109.90618967557862,19.07606231580884]}"
685,0.0,21.0,129.0,17.701627731323242,55.0,19.560230586038337,109.69980287502585,2643.464111328125,56.0,0.7527174949645996,3.0,3.0,0.7525410767549948,14.026851654052734,34.0,"{""type"":""Point"",""coordinates"":[109.70067242590619,19.559745975327623]}"
686,0.0,29.0,218.0,57.748085021972656,215.0,18.855053088004517,110.27921623328291,2530.4072265625,48.0,7.211557865142822,3.0,2.0,0.6145711058368155,11.705460548400879,46.0,"{""type"":""Point"",""coordinates"":[110.28063816529999,18.856308300502473]}"
687,0.0,26.0,729.0,39.79409408569336,671.0,18.805645747377937,109.7492102156524,2423.74072265625,46.0,5.818195819854736,5.0,1.0,0.5942440768318425,11.516871452331543,44.0,"{""type"":""Point"",""coordinates"":[109.75102061762165,18.80693588109704]}"
688,0.0,28.0,305.0,34.01389694213867,305.0,18.43284490446834,109.13835582245116,1858.1837158203125,47.0,7.574394226074219,5.0,1.0,0.5913430815438667,11.597436904907227,42.0,"{""type"":""Point"",""coordinates"":[109.1369038329943,18.4337093094629]}"
689,0.0,26.0,182.0,38.5369758605957,182.0,18.343013376056383,109.24615365654546,1760.4525146484375,53.0,10.35573673248291,5.0,0.0,0.5983635731684027,11.361129760742188,39.0,"{""type"":""Point"",""coordinates"":[109.24710747043127,18.342937969624142]}"
690,0.0,24.0,47.0,15.682197570800781,40.0,19.650062114450293,109.46174932473417,2340.887451171875,53.0,0.935687780380249,3.0,3.0,0.7627162991226843,13.858516693115234,33.0,"{""type"":""Point"",""coordinates"":[109.46249471901864,19.649410535481003]}"
691,0.0,24.0,20.0,9.065126419067383,21.0,19.924048276106745,110.75532333386627,2178.518310546875,53.0,0.570999264717102,5.0,4.0,0.7082125785897873,12.995645523071289,49.0,"{""type"":""Point"",""coordinates"":[110.75347283330261,19.924401488240303]}"
692,0.0,32.0,80.0,24.04688262939453,81.0,19.928539852527344,110.08607844719722,2504.107666015625,37.0,1.9123278856277466,3.0,4.0,0.7120398577068267,12.842572212219238,35.0,"{""type"":""Point"",""coordinates"":[110.0864355926631,19.928026862125776]}"
693,0.0,24.0,231.0,28.8721981048584,110.0,19.0751403326138,109.843533320485,2581.500732421875,52.0,2.135035753250122,4.0,2.0,0.654392556370267,12.918989181518555,42.0,"{""type"":""Point"",""coordinates"":[109.84206596189274,19.076626786849364]}"
694,0.0,28.0,335.0,19.761354446411133,226.0,19.21887077807292,109.25064523296606,2447.4287109375,49.0,1.4276142120361328,4.0,2.0,0.6656903233724075,13.250897407531738,37.0,"{""type"":""Point"",""coordinates"":[109.25197657879806,19.219843700265894]}"
695,0.0,27.0,686.0,54.83315658569336,473.0,18.868527817266305,109.60997134661392,2310.563720703125,49.0,12.085458755493164,4.0,2.0,0.5703546956825525,10.81549072265625,44.0,"{""type"":""Point"",""coordinates"":[109.61120147461033,18.86750545557839]}"
696,0.0,30.0,447.0,87.13827514648438,331.0,19.196412895969935,109.24166208012491,2567.65673828125,45.0,15.817944526672363,8.0,2.0,0.6142124098243058,10.737757682800293,38.0,"{""type"":""Point"",""coordinates"":[109.24114005802289,19.196629956096096]}"
697,0.0,28.0,415.0,39.113380432128906,399.0,19.21887077807292,109.0260664119362,2284.406494140625,46.0,5.540176868438721,4.0,2.0,0.6140118002462839,11.833846092224121,42.0,"{""type"":""Point"",""coordinates"":[109.02667052679091,19.218182249363448]}"
699,0.0,27.0,352.0,33.28059005737305,255.0,19.223362354493517,109.90641539037335,2784.114013671875,51.0,2.3984150886535645,4.0,2.0,0.668657609508858,12.719647407531738,37.0,"{""type"":""Point"",""coordinates"":[109.90705354860276,19.222060143831033]}"
700,0.0,27.0,360.0,13.344047546386719,301.0,19.147005555343355,109.96480588384111,2791.88671875,46.0,0.2495552897453308,4.0,2.0,0.6556777294468628,14.977376937866211,42.0,"{""type"":""Point"",""coordinates"":[109.96470645112356,19.1454541588289]}"
701,0.0,27.0,208.0,25.309974670410156,208.0,18.43284490446834,109.0305579883568,1777.2091064453125,45.0,4.864165782928467,4.0,1.0,0.6002176926904619,12.108642578125,42.0,"{""type"":""Point"",""coordinates"":[109.03253372619815,18.434041154700434]}"
702,0.0,27.0,296.0,62.801055908203125,177.0,19.29522757722308,109.44827459547236,2624.529541015625,51.0,7.7584452629089355,4.0,3.0,0.6478752095324384,11.579339981079102,38.0,"{""type"":""Point"",""coordinates"":[109.44736100329123,19.29744248766595]}"
703,0.0,29.0,462.0,42.859153747558594,436.0,18.751746830330767,110.07260371793546,2443.43408203125,45.0,5.503427028656006,4.0,1.0,0.5979632149284653,11.804756164550781,47.0,"{""type"":""Point"",""coordinates"":[110.0712815175664,18.75367972915205]}"
704,0.0,22.0,57.0,20.42783546447754,36.0,19.515314821832362,110.27921623328291,2802.476318359375,52.0,0.7845209240913391,4.0,3.0,0.76037524414303,14.02886962890625,38.0,"{""type"":""Point"",""coordinates"":[110.27953229349369,19.515766760671188]}"
705,0.0,30.0,2.0,9.01540470123291,3.0,20.000405075256907,110.1579436699268,2238.55224609375,43.0,0.2932208776473999,4.0,4.0,0.7863190144205925,14.57339859008789,37.0,"{""type"":""Point"",""coordinates"":[110.15924064481523,20.001093066409428]}"
706,0.0,36.0,917.0,25.58016586303711,768.0,18.908952005051688,109.25064523296606,2179.9658203125,38.0,4.946491241455078,5.0,2.0,0.5684578823933832,11.477076530456543,45.0,"{""type"":""Point"",""coordinates"":[109.25122442093382,18.910718124047268]}"
707,0.0,22.0,148.0,8.660802841186523,129.0,18.563100620665672,109.07996532898335,1925.6435546875,57.0,0.5457351207733154,2.0,1.0,0.6037429163485108,14.33665943145752,47.0,"{""type"":""Point"",""coordinates"":[109.07923570419771,18.56509876349847]}"
708,0.0,22.0,59.0,16.8378849029541,59.0,19.838708324115387,110.06362056509425,2527.185546875,53.0,0.877400279045105,4.0,4.0,0.7485477235638711,13.638482093811035,34.0,"{""type"":""Point"",""coordinates"":[110.06487936874139,19.838970040503074]}"
709,0.0,28.0,799.0,34.182804107666016,628.0,18.661915301918818,109.47073247757538,2197.08154296875,47.0,6.822732448577881,6.0,1.0,0.5709947043163213,11.28542423248291,45.0,"{""type"":""Point"",""coordinates"":[109.46958503007903,18.660637504469765]}"
710,0.0,25.0,44.0,13.083542823791504,44.0,18.554117467824476,109.93785642531753,2116.165771484375,46.0,0.8741124868392944,4.0,1.0,0.6882778120163852,13.928359031677246,46.0,"{""type"":""Point"",""coordinates"":[109.9377099064577,18.552069709790715]}"
711,0.0,26.0,128.0,17.391685485839844,128.0,19.362601223532046,108.85538650795348,1887.7611083984375,55.0,2.4160566329956055,6.0,3.0,0.6212659772368345,12.860730171203613,42.0,"{""type"":""Point"",""coordinates"":[108.85458782859342,19.362425698421983]}"
712,0.0,31.0,142.0,16.472543716430664,111.0,19.33116018858786,110.24328362191818,2951.015380859375,37.0,0.3649963438510895,3.0,3.0,0.6896357399683478,14.742655754089355,37.0,"{""type"":""Point"",""coordinates"":[110.24546231819427,19.3313435166715]}"
713,0.0,28.0,940.0,39.57465362548828,786.0,18.724797371807185,109.35395149063982,2303.38623046875,48.0,9.193203926086426,8.0,1.0,0.563283297395075,10.823214530944824,45.0,"{""type"":""Point"",""coordinates"":[109.35246847388704,18.723186804676413]}"
714,0.0,29.0,65.0,10.785701751708984,65.0,19.55573900961774,109.22369577444249,2241.722412109375,47.0,0.4903239905834198,3.0,3.0,0.7165605554590799,14.494183540344238,36.0,"{""type"":""Point"",""coordinates"":[109.22555430513515,19.55668405904054]}"
715,0.0,22.0,14.0,7.303445339202881,14.0,18.76522155959256,108.72063921533555,1745.72412109375,53.0,0.49354588985443115,2.0,1.0,0.7057833234952171,14.517416954040527,45.0,"{""type"":""Point"",""coordinates"":[108.71954581370233,18.76392902846981]}"
716,0.0,23.0,18.0,5.41055154800415,20.0,19.708452607918062,110.96193584921377,1798.6541748046875,53.0,0.1720791757106781,2.0,3.0,0.6989069775344109,14.199654579162598,46.0,"{""type"":""Point"",""coordinates"":[110.96221636522299,19.70821731238836]}"
717,0.0,22.0,13.0,6.238839626312256,16.0,18.338521799635792,109.71327760428761,1778.34765625,52.0,0.2484264075756073,2.0,0.0,0.7242562176782391,15.204480171203613,41.0,"{""type"":""Point"",""coordinates"":[109.7115852859288,18.340035250891255]}"
718,0.0,20.0,75.0,18.111799240112305,59.0,19.277261271540688,109.01259168267438,2129.14208984375,61.0,1.6904672384262085,2.0,2.0,0.6925506741973189,13.25027847290039,40.0,"{""type"":""Point"",""coordinates"":[109.01097173458811,19.27696962020085]}"
719,0.0,30.0,241.0,48.51853561401367,117.0,18.79666259453675,109.08894848182456,2119.48779296875,40.0,8.61427116394043,4.0,1.0,0.6182253163672065,11.510343551635742,39.0,"{""type"":""Point"",""coordinates"":[109.08939093129666,18.79766029790295]}"
720,0.0,20.0,120.0,19.53061294555664,104.0,19.55124743319714,109.46624090115478,2574.75048828125,55.0,0.9805492162704468,4.0,3.0,0.6924208771146213,13.767918586730957,36.0,"{""type"":""Point"",""coordinates"":[109.46524407732292,19.552394616145424]}"
721,0.0,25.0,1095.0,38.860164642333984,1060.0,18.74725525391017,109.89743223753214,2321.724365234375,48.0,10.289437294006348,6.0,1.0,0.5419290222808258,10.496546745300293,47.0,"{""type"":""Point"",""coordinates"":[109.89956851241611,18.748606176788435]}"
722,0.0,34.0,610.0,67.42017364501953,458.0,18.980817227781245,109.20572946876013,2402.91064453125,37.0,14.334988594055176,7.0,2.0,0.592394964104792,10.70746898651123,40.0,"{""type"":""Point"",""coordinates"":[109.20451767705096,18.98193387231693]}"
723,0.0,24.0,92.0,10.34744644165039,57.0,19.71294418433866,109.72226075712882,2490.99609375,51.0,0.1720791757106781,3.0,3.0,0.7578309982905208,15.525182723999023,32.0,"{""type"":""Point"",""coordinates"":[109.72023819781985,19.714586704176032]}"
724,0.0,28.0,495.0,44.32072448730469,315.0,18.886494122948697,109.50666508894017,2218.97705078125,47.0,7.963800430297852,5.0,2.0,0.5853006434214225,11.405920028686523,45.0,"{""type"":""Point"",""coordinates"":[109.50760366997703,18.88576034854594]}"
725,0.0,27.0,100.0,67.84980010986328,81.0,19.10208979113738,110.13997736424443,2760.662841796875,51.0,6.795830726623535,4.0,2.0,0.655673302445725,11.839539527893066,44.0,"{""type"":""Point"",""coordinates"":[110.13929509380682,19.1013356462142]}"
726,0.0,25.0,220.0,26.335317611694336,208.0,18.99429195704304,108.83292862585051,1834.686279296875,54.0,5.047677516937256,4.0,2.0,0.6023439521397296,12.063621520996094,42.0,"{""type"":""Point"",""coordinates"":[108.83400456370818,18.992075762838695]}"
727,0.0,24.0,185.0,19.38534927368164,88.0,19.245820236596508,109.798617556279,2883.118896484375,55.0,0.7140254378318787,3.0,2.0,0.7032501064542365,14.044515609741211,36.0,"{""type"":""Point"",""coordinates"":[109.7970389129277,19.24497821326807]}"
728,0.0,26.0,10.0,5.046268939971924,10.0,18.37894598742117,109.16530528097474,1685.9166259765625,45.0,0.12966853380203247,2.0,1.0,0.7259606964878021,15.85637378692627,41.0,"{""type"":""Point"",""coordinates"":[109.16570754308057,18.379720657233825]}"
729,0.0,30.0,225.0,53.94106674194336,134.0,18.8820025465281,110.0097216480471,2461.89013671875,46.0,6.99349308013916,4.0,2.0,0.6164791728470028,11.731908798217773,45.0,"{""type"":""Point"",""coordinates"":[110.01188376863941,18.881018080770804]}"
730,0.0,32.0,427.0,88.08345794677734,242.0,19.10208979113738,109.51115666536077,2524.7421875,39.0,16.244735717773438,6.0,2.0,0.6056081622859839,10.72490119934082,39.0,"{""type"":""Point"",""coordinates"":[109.51318099857042,19.10402162921838]}"
731,0.0,23.0,113.0,16.393268585205078,85.0,19.362601223532046,109.22369577444249,2389.856201171875,51.0,0.9183064699172974,4.0,3.0,0.703401733665693,13.83779239654541,35.0,"{""type"":""Point"",""coordinates"":[109.22421621136417,19.361285024584543]}"
732,0.0,27.0,397.0,45.671993255615234,294.0,18.837086782322125,109.97378903668232,2427.01904296875,45.0,5.763225555419922,4.0,2.0,0.6085846274030424,11.807491302490234,45.0,"{""type"":""Point"",""coordinates"":[109.97480956224,18.838665409921038]}"
733,0.0,25.0,61.0,10.269655227661133,61.0,19.420991716999815,109.00360852983323,2060.9833984375,51.0,0.6018981337547302,2.0,3.0,0.7003047375797944,14.29151725769043,38.0,"{""type"":""Point"",""coordinates"":[109.00428824782948,19.421851438820962]}"
734,0.0,24.0,31.0,7.119439125061035,32.0,19.89260724116256,110.88108747364299,1914.9720458984375,51.0,0.514360249042511,3.0,4.0,0.6781338048530793,13.074739456176758,49.0,"{""type"":""Point"",""coordinates"":[110.88231893037612,19.894013075066706]}"
735,0.0,31.0,171.0,19.916423797607422,54.0,18.720305795386587,109.03954114119801,2138.669677734375,41.0,2.003206491470337,4.0,1.0,0.6797433436169248,13.021468162536621,43.0,"{""type"":""Point"",""coordinates"":[109.0406695276683,18.722095808018906]}"
736,0.0,27.0,508.0,43.47779083251953,442.0,18.787679441695552,109.99624691878529,2480.6611328125,47.0,5.4616804122924805,5.0,1.0,0.6070169126868877,11.776107788085938,45.0,"{""type"":""Point"",""coordinates"":[109.99606728096686,18.789608594880622]}"
737,0.0,30.0,254.0,58.61493682861328,199.0,18.922426734313476,108.93623488352426,2119.0771484375,42.0,12.062895774841309,5.0,2.0,0.5851572540444754,11.157633781433105,44.0,"{""type"":""Point"",""coordinates"":[108.93472989707166,18.92329228389785]}"
738,0.0,25.0,169.0,15.618874549865723,150.0,18.85056151158392,110.18489312845037,2438.314697265625,52.0,0.8340131640434265,3.0,2.0,0.6370201437300369,13.899324417114258,46.0,"{""type"":""Point"",""coordinates"":[110.18628350933831,18.851500155999542]}"
739,0.0,29.0,15.0,12.65910816192627,16.0,19.928539852527344,110.53523608925701,2465.413818359375,41.0,0.6496504545211792,5.0,4.0,0.7707935187704346,13.286377906799316,40.0,"{""type"":""Point"",""coordinates"":[110.5340449533409,19.930624003191994]}"
740,0.0,24.0,178.0,31.942232131958008,142.0,19.506331668991166,109.51115666536077,2490.2451171875,54.0,2.7937662601470947,4.0,3.0,0.6808334851712332,12.684003829956055,35.0,"{""type"":""Point"",""coordinates"":[109.51019524989172,19.5054514840836]}"
741,0.0,21.0,131.0,12.106647491455078,113.0,19.510823245411764,109.42132513694878,2451.638671875,54.0,0.3695984184741974,3.0,3.0,0.6865599323754735,14.736934661865234,36.0,"{""type"":""Point"",""coordinates"":[109.42177422684904,19.508929092541745]}"
742,0.0,24.0,167.0,12.924003601074219,116.0,19.434466446261602,109.36293464348103,2514.416259765625,56.0,0.47471970319747925,4.0,3.0,0.7018457490854916,14.464159965515137,33.0,"{""type"":""Point"",""coordinates"":[109.36296588410588,19.435520397650308]}"
743,0.0,27.0,33.0,9.868165969848633,33.0,19.115564520399175,108.72962236817676,1649.794921875,47.0,1.2473143339157104,2.0,2.0,0.6884800550303852,13.5791597366333,42.0,"{""type"":""Point"",""coordinates"":[108.72975163212914,19.114797764382523]}"
744,0.0,30.0,509.0,43.73029708862305,468.0,18.62149111413344,109.2326789272837,2188.451904296875,49.0,8.80650520324707,4.0,1.0,0.5754174427190413,11.292685508728027,46.0,"{""type"":""Point"",""coordinates"":[109.23260515010602,18.61935529542855]}"
745,0.0,29.0,48.0,23.479616165161133,48.0,18.253181847644434,109.52912297104314,1696.813720703125,46.0,4.769093990325928,4.0,0.0,0.6768841549705278,12.227076530456543,39.0,"{""type"":""Point"",""coordinates"":[109.52806479049946,18.251268156694334]}"
746,0.0,39.0,99.0,10.13375186920166,98.0,19.79828413633001,109.81209228554076,2481.65869140625,37.0,0.25050732493400574,5.0,4.0,0.699268939652984,15.14542007446289,35.0,"{""type"":""Point"",""coordinates"":[109.81136702501551,19.796711480430105]}"
747,0.0,31.0,240.0,33.13353729248047,116.0,18.76522155959256,109.06649059972159,2119.48779296875,42.0,4.820664405822754,5.0,1.0,0.6140358262479881,12.096725463867188,43.0,"{""type"":""Point"",""coordinates"":[109.06557851514978,18.765023926666817]}"
748,0.0,27.0,52.0,11.79610538482666,49.0,19.80277571275061,110.28819938612412,2518.41015625,43.0,0.3116392493247986,6.0,4.0,0.7724369437820787,14.679108619689941,32.0,"{""type"":""Point"",""coordinates"":[110.28754388153654,19.80491868072973]}"
749,0.0,28.0,29.0,13.355582237243652,30.0,19.852183053377182,110.51277820715399,2501.87548828125,45.0,0.5768122673034668,4.0,4.0,0.755908820803826,13.894949913024902,40.0,"{""type"":""Point"",""coordinates"":[110.51448855895403,19.851943889094528]}"
750,0.0,29.0,113.0,24.649904251098633,113.0,19.753368372124037,109.43030828978999,1996.835693359375,46.0,3.3833706378936768,5.0,4.0,0.6730716831678335,12.532617568969727,31.0,"{""type"":""Point"",""coordinates"":[109.43153082537177,19.75255401869761]}"
751,0.0,24.0,20.0,12.077655792236328,23.0,18.873019393686903,110.3690477616949,2301.30419921875,51.0,0.5302691459655762,4.0,2.0,0.7211489986680956,14.44218635559082,47.0,"{""type"":""Point"",""coordinates"":[110.37023593146772,18.87136715524948]}"
752,0.0,28.0,716.0,46.14495086669922,568.0,18.724797371807185,109.33149360853685,2217.32763671875,50.0,10.846410751342773,9.0,1.0,0.5669968792599573,10.898054122924805,45.0,"{""type"":""Point"",""coordinates"":[109.33350012343547,18.722967702370685]}"
753,0.0,33.0,1173.0,49.481773376464844,935.0,18.908952005051688,109.71327760428761,2573.859130859375,39.0,14.516403198242188,12.0,2.0,0.5576585537701886,10.015111923217773,44.0,"{""type"":""Point"",""coordinates"":[109.713301499258,18.9088345658752]}"
754,0.0,29.0,38.0,12.774996757507324,36.0,19.8252335948536,110.33760672675072,2446.577880859375,42.0,0.5172385573387146,5.0,4.0,0.7685122369170893,14.1832275390625,35.0,"{""type"":""Point"",""coordinates"":[110.33799485617273,19.823796944621776]}"
755,0.0,26.0,180.0,22.02760887145996,75.0,19.434466446261602,109.66836184008167,2767.37255859375,48.0,1.0402647256851196,3.0,3.0,0.7299438283096575,13.671330451965332,33.0,"{""type"":""Point"",""coordinates"":[109.66741918999136,19.43561691122577]}"
756,0.0,24.0,80.0,12.185013771057129,80.0,19.322177035746662,108.8733528136359,1954.684326171875,57.0,1.1468051671981812,3.0,3.0,0.6659843251570281,13.63547420501709,39.0,"{""type"":""Point"",""coordinates"":[108.87347341432806,19.32349805851161]}"
757,0.0,26.0,24.0,8.865387916564941,23.0,18.504710127197903,108.94521803636547,1817.0064697265625,48.0,0.703772783279419,3.0,1.0,0.6949963073402675,14.156781196594238,46.0,"{""type"":""Point"",""coordinates"":[108.94353372783115,18.506324282670555]}"
758,0.0,24.0,26.0,8.02649974822998,21.0,19.259294965858295,108.85538650795348,2004.221435546875,50.0,0.30916616320610046,2.0,2.0,0.7312937860683881,14.978240966796875,41.0,"{""type"":""Point"",""coordinates"":[108.85450470866016,19.25904315282163]}"
759,0.0,28.0,570.0,24.986282348632812,569.0,18.392420716682963,109.56505558240792,2010.4566650390625,48.0,4.322227478027344,5.0,1.0,0.5944208008991784,11.960104942321777,42.0,"{""type"":""Point"",""coordinates"":[109.56366094193466,18.391527883163125]}"
760,0.0,27.0,704.0,35.08243942260742,528.0,18.675390031180612,109.47522405399599,2197.08154296875,49.0,6.531302452087402,5.0,1.0,0.572193377354563,11.42449951171875,46.0,"{""type"":""Point"",""coordinates"":[109.47551622417465,18.674237143124607]}"
761,0.0,23.0,54.0,13.235231399536133,52.0,19.82972517127419,109.69980287502585,2147.6484375,51.0,0.8591322898864746,4.0,4.0,0.734051617163045,13.939775466918945,34.0,"{""type"":""Point"",""coordinates"":[109.70137083388781,19.83103920448165]}"
762,0.0,26.0,120.0,42.75035095214844,96.0,19.290736000802482,110.21184258697394,2895.6337890625,45.0,2.6966607570648193,4.0,3.0,0.6801377965247816,12.755620956420898,38.0,"{""type"":""Point"",""coordinates"":[110.21345510237872,19.292116570194718]}"
763,0.0,31.0,376.0,47.36356735229492,193.0,19.066157179772603,109.70878602786706,2543.0322265625,43.0,5.562921047210693,4.0,2.0,0.634938677770937,11.858475685119629,41.0,"{""type"":""Point"",""coordinates"":[109.70759637428378,19.06432403155084]}"
764,0.0,30.0,180.0,19.220626831054688,51.0,18.82361205306033,109.1832715866571,2295.6748046875,41.0,1.5020536184310913,4.0,2.0,0.6847159532216738,13.303853988647461,45.0,"{""type"":""Point"",""coordinates"":[109.18534138894506,18.824578188241915]}"
765,0.0,25.0,339.0,31.529794692993164,164.0,19.043699297669612,109.76268494491421,2512.29248046875,52.0,2.851954221725464,4.0,2.0,0.641093034510969,12.555451393127441,42.0,"{""type"":""Point"",""coordinates"":[109.76125653407563,19.04346847619943]}"
766,0.0,28.0,109.0,21.045900344848633,60.0,19.46141590478519,110.0052300716265,2744.708740234375,46.0,0.9800123572349548,4.0,3.0,0.7387675473630335,13.77518367767334,36.0,"{""type"":""Point"",""coordinates"":[110.00440708683456,19.461650005699617]}"
767,0.0,23.0,35.0,8.574915885925293,37.0,19.726418913600448,110.89456220290481,2075.61767578125,53.0,0.6120296716690063,3.0,3.0,0.7127942437254582,12.930793762207031,42.0,"{""type"":""Point"",""coordinates"":[110.89247000167352,19.725509661917503]}"
768,0.0,28.0,31.0,9.64504623413086,31.0,19.80277571275061,110.59362658272477,2398.02392578125,41.0,0.18255941569805145,6.0,4.0,0.7648764994534969,15.043584823608398,37.0,"{""type"":""Point"",""coordinates"":[110.59201765134497,19.80141978357123]}"
769,0.0,31.0,769.0,68.5627670288086,728.0,18.729288948227783,109.68183656934343,2531.004150390625,40.0,14.509906768798828,7.0,1.0,0.5542458064452541,10.544885635375977,48.0,"{""type"":""Point"",""coordinates"":[109.68154412055522,18.72899389220363]}"
770,0.0,24.0,57.0,41.45458984375,60.0,18.20377450701786,109.58302188809029,1732.1976318359375,49.0,10.398520469665527,4.0,0.0,0.6428407599830055,11.43352222442627,40.0,"{""type"":""Point"",""coordinates"":[109.5817563396702,18.20211309532917]}"
771,0.0,23.0,27.0,7.179022789001465,30.0,18.527168009300887,108.83292862585051,1717.3165283203125,52.0,0.5197572708129883,2.0,1.0,0.6943013457571588,14.458160400390625,43.0,"{""type"":""Point"",""coordinates"":[108.83328403167387,18.527920103500385]}"
772,0.0,29.0,382.0,65.35612487792969,227.0,19.021241415566628,109.20123789233952,2472.46826171875,42.0,9.883952140808105,5.0,2.0,0.6251745743311964,11.272476196289062,39.0,"{""type"":""Point"",""coordinates"":[109.20107394631395,19.02088949697376]}"
773,0.0,27.0,514.0,52.43599319458008,344.0,18.832595205901526,109.46174932473417,2279.518798828125,48.0,9.836804389953613,5.0,2.0,0.5725479631794702,11.176040649414062,47.0,"{""type"":""Point"",""coordinates"":[109.46169673281277,18.834096816057976]}"
774,0.0,33.0,653.0,46.6666259765625,461.0,19.097598214716783,109.40335883126642,2437.366943359375,35.0,7.251968860626221,5.0,2.0,0.608042492814271,11.366334915161133,41.0,"{""type"":""Point"",""coordinates"":[109.40269125230144,19.09942276875557]}"
775,0.0,25.0,31.0,19.73310089111328,19.0,19.066157179772603,110.25675835117994,2778.37158203125,46.0,0.7482815384864807,4.0,2.0,0.7544462702290805,14.091391563415527,44.0,"{""type"":""Point"",""coordinates"":[110.2567314860295,19.06820757256164]}"
776,0.0,31.0,411.0,54.12958908081055,254.0,19.18293816670814,109.6414123815581,2664.16552734375,37.0,5.85547399520874,4.0,2.0,0.6429576864259547,11.781116485595703,39.0,"{""type"":""Point"",""coordinates"":[109.64009931510753,19.184870387613454]}"
777,0.0,23.0,151.0,10.775501251220703,22.0,18.756238406751365,109.19674631591892,2066.447021484375,55.0,0.6882857084274292,2.0,1.0,0.7158718452995813,14.102699279785156,43.0,"{""type"":""Point"",""coordinates"":[109.19612852696415,18.756222910415442]}"
778,0.0,26.0,904.0,53.62343215942383,881.0,18.71581421896599,109.85700804974675,2321.724365234375,48.0,14.335931777954102,6.0,1.0,0.5360026319033141,10.409745216369629,48.0,"{""type"":""Point"",""coordinates"":[109.85869018033212,18.715415390251707]}"
779,0.0,24.0,38.0,8.099324226379395,37.0,18.84606993516332,108.76555497954155,1725.241455078125,51.0,0.6999265551567078,2.0,2.0,0.6812399261028443,14.15412712097168,44.0,"{""type"":""Point"",""coordinates"":[108.76420410753617,18.846903048271777]}"
780,0.0,24.0,32.0,5.571541786193848,32.0,19.847691476956584,110.94396954353141,1853.2218017578125,50.0,0.12196449935436249,3.0,4.0,0.6711287422829164,14.511619567871094,50.0,"{""type"":""Point"",""coordinates"":[110.94447305109283,19.849334693957033]}"
781,0.0,29.0,331.0,53.305580139160156,248.0,18.85954466442511,109.99624691878529,2521.72802734375,48.0,6.846798896789551,4.0,2.0,0.6096886416635581,11.681370735168457,46.0,"{""type"":""Point"",""coordinates"":[109.99757634877237,18.859698786875082]}"
782,0.0,27.0,477.0,35.857208251953125,280.0,18.886494122948697,109.58751346451089,2262.84423828125,46.0,5.0350341796875,5.0,2.0,0.5982319019196318,11.882513999938965,45.0,"{""type"":""Point"",""coordinates"":[109.58543534629715,18.887337776168643]}"
783,0.0,31.0,39.0,9.22756576538086,40.0,19.901590394003755,109.66387026366107,1957.33935546875,41.0,0.5861238837242126,4.0,4.0,0.7470169837367633,14.331003189086914,32.0,"{""type"":""Point"",""coordinates"":[109.6657619435407,19.903114885288947]}"
784,0.0,35.0,23.0,18.036109924316406,12.0,19.753368372124037,110.04565425941183,2577.628173828125,37.0,0.9197008013725281,4.0,4.0,0.8146240822326157,13.889731407165527,32.0,"{""type"":""Point"",""coordinates"":[110.04389768842374,19.75553102616142]}"
785,0.0,27.0,27.0,7.089782238006592,27.0,19.816250442012404,109.385392525584,1827.7164306640625,43.0,0.3500610291957855,2.0,4.0,0.744888319988255,14.853429794311523,34.0,"{""type"":""Point"",""coordinates"":[109.38722107208041,19.814528189801894]}"
786,0.0,31.0,47.0,11.111510276794434,47.0,19.870149359059575,109.83904174406439,2302.77392578125,43.0,0.45981964468955994,3.0,4.0,0.7503320741339793,14.569031715393066,34.0,"{""type"":""Point"",""coordinates"":[109.84013068751436,19.869026358653333]}"
787,0.0,30.0,691.0,89.30115509033203,658.0,18.74276367748957,110.03667110657068,2484.3701171875,44.0,22.705904006958008,5.0,1.0,0.5387438116469718,10.14079761505127,46.0,"{""type"":""Point"",""coordinates"":[110.03561909937139,18.741359834619143]}"
788,0.0,26.0,25.0,11.747172355651855,11.0,19.72192733717985,110.12650263498261,2690.45849609375,48.0,0.16736900806427002,3.0,3.0,0.823951569173905,15.554741859436035,31.0,"{""type"":""Point"",""coordinates"":[110.12869212751707,19.72392977508801]}"
789,0.0,25.0,170.0,12.438770294189453,41.0,18.729288948227783,109.20123789233952,2100.4375,53.0,0.9156437516212463,3.0,1.0,0.6954958158300899,13.805299758911133,43.0,"{""type"":""Point"",""coordinates"":[109.20219420186787,18.730873743309907]}"
790,0.0,27.0,39.0,20.727031707763672,30.0,19.084123485454995,110.28819938612412,2778.37158203125,45.0,0.8624715209007263,5.0,2.0,0.7464125815933698,13.944690704345703,43.0,"{""type"":""Point"",""coordinates"":[110.28980495923527,19.083722434866853]}"
791,0.0,25.0,137.0,18.07351303100586,78.0,19.227853930914115,110.01421322446765,2879.177734375,44.0,0.5155413150787354,3.0,2.0,0.7092168953407754,14.400413513183594,38.0,"{""type"":""Point"",""coordinates"":[110.01260518017256,19.226928657866704]}"
792,0.0,28.0,607.0,67.48824310302734,553.0,19.084123485454995,109.12937266960995,2546.9794921875,48.0,12.011187553405762,7.0,2.0,0.6071959451772683,10.893332481384277,40.0,"{""type"":""Point"",""coordinates"":[109.13052173294811,19.083619951556265]}"
793,0.0,25.0,195.0,8.460049629211426,193.0,18.49123539793611,109.0754737525628,1829.8240966796875,55.0,0.6996525526046753,2.0,1.0,0.5990359131396814,14.058449745178223,46.0,"{""type"":""Point"",""coordinates"":[109.07505430878689,18.493346533577927]}"
794,0.0,31.0,123.0,22.027029037475586,121.0,19.49285693972937,110.58913500630416,2601.67529296875,38.0,1.4525257349014282,3.0,3.0,0.6824445473911783,13.083080291748047,38.0,"{""type"":""Point"",""coordinates"":[110.5871824690006,19.493827074871746]}"
795,0.0,28.0,20.0,11.571810722351074,19.0,19.344634917849653,110.51277820715399,2742.8125,45.0,0.12158386409282684,5.0,3.0,0.7725603781031941,15.877342224121094,41.0,"{""type"":""Point"",""coordinates"":[110.51422121160314,19.343424381491005]}"
796,0.0,24.0,37.0,8.56559944152832,35.0,19.164971861025748,108.81047074374754,1873.4566650390625,56.0,0.6179719567298889,2.0,2.0,0.7061050414409222,14.279253959655762,41.0,"{""type"":""Point"",""coordinates"":[108.81183888342647,19.16480829969716]}"
797,0.0,23.0,148.0,17.72620964050293,112.0,19.51980639825296,109.56056400598732,2474.3330078125,54.0,0.9971651434898376,2.0,3.0,0.6833723515521001,13.733805656433105,36.0,"{""type"":""Point"",""coordinates"":[109.56057540608285,19.519345919100928]}"
798,0.0,29.0,378.0,36.44892120361328,332.0,18.760729983171963,110.0052300716265,2490.430419921875,46.0,3.8317952156066895,8.0,1.0,0.6234532379688404,12.231467247009277,45.0,"{""type"":""Point"",""coordinates"":[110.00616131221304,18.759640786600563]}"
799,0.0,28.0,87.0,21.312833786010742,78.0,19.66802842013268,109.49768193609896,2340.887451171875,49.0,1.7204294204711914,4.0,3.0,0.7111323510387594,13.225518226623535,34.0,"{""type"":""Point"",""coordinates"":[109.49889043531073,19.667060690365282]}"
800,0.0,30.0,511.0,59.0376091003418,390.0,19.35361807069085,109.47522405399599,2659.1064453125,48.0,8.056245803833008,4.0,3.0,0.6347046157155402,11.381416320800781,38.0,"{""type"":""Point"",""coordinates"":[109.47443222210731,19.35221741952578]}"
801,0.0,27.0,69.0,9.454523086547852,58.0,19.726418913600448,110.5262529364158,2567.053955078125,49.0,0.06093589961528778,5.0,3.0,0.7514555716451714,16.131607055664062,35.0,"{""type"":""Point"",""coordinates"":[110.52531105498238,19.728136308135173]}"
802,0.0,24.0,72.0,15.8897123336792,43.0,18.63047426697463,109.69980287502585,2190.702880859375,44.0,1.102941870689392,4.0,1.0,0.6910729784495813,13.679256439208984,46.0,"{""type"":""Point"",""coordinates"":[109.69895783855969,18.632303230527807]}"
803,0.0,22.0,94.0,13.01223373413086,76.0,19.681503149394473,109.5920050409315,2350.16064453125,53.0,0.5768053531646729,2.0,3.0,0.7211262016175569,14.314395904541016,33.0,"{""type"":""Point"",""coordinates"":[109.59219401382474,19.681314771150653]}"
804,0.0,26.0,444.0,38.45768737792969,442.0,18.48674382151551,109.1877631630777,1999.9703369140625,53.0,8.48904037475586,4.0,1.0,0.5786395702716034,11.380935668945312,44.0,"{""type"":""Point"",""coordinates"":[109.18745675748794,18.485034130094395]}"
805,0.0,43.0,71.0,16.05626106262207,68.0,19.82972517127419,109.71776918070822,2212.600830078125,34.0,1.4228585958480835,6.0,4.0,0.7142521007274997,13.42508316040039,35.0,"{""type"":""Point"",""coordinates"":[109.71848562679529,19.828937359717074]}"
806,0.0,23.0,30.0,8.284642219543457,30.0,18.581066926348058,110.0052300716265,2040.6658935546875,45.0,0.2678642272949219,2.0,1.0,0.6966744809590399,15.119321823120117,47.0,"{""type"":""Point"",""coordinates"":[110.00503518645793,18.58326612739793]}"
807,0.0,28.0,348.0,50.365333557128906,294.0,18.85954466442511,108.94970961278602,2168.96240234375,49.0,9.710782051086426,5.0,2.0,0.5945195005832843,11.31501579284668,43.0,"{""type"":""Point"",""coordinates"":[108.95059243156447,18.859238020555516]}"
808,0.0,32.0,25.0,12.681462287902832,25.0,19.924048276106745,109.76717652133482,2087.79443359375,39.0,1.0026865005493164,3.0,4.0,0.7656193581242924,13.61205768585205,33.0,"{""type"":""Point"",""coordinates"":[109.76677385820271,19.92219391618875]}"
809,0.0,30.0,57.0,11.681282997131348,55.0,19.82972517127419,110.31065726822715,2446.577880859375,45.0,0.43065693974494934,9.0,4.0,0.7496480785077841,14.351750373840332,35.0,"{""type"":""Point"",""coordinates"":[110.31056230839906,19.831588558771855]}"
810,0.0,24.0,75.0,10.072060585021973,75.0,19.335651765008457,108.90928542500069,2051.248779296875,56.0,0.6257849931716919,2.0,3.0,0.6610467950676797,14.244282722473145,43.0,"{""type"":""Point"",""coordinates"":[108.90839806851483,19.337804545872725]}"
811,0.0,22.0,18.0,9.625563621520996,20.0,18.724797371807185,110.33311515033012,2116.141357421875,49.0,0.3799248933792114,2.0,1.0,0.7081661992274547,14.776764869689941,48.0,"{""type"":""Point"",""coordinates"":[110.33384848144766,18.72261811702819]}"
812,0.0,28.0,143.0,48.576438903808594,69.0,19.335651765008457,109.90641539037335,2822.4560546875,48.0,3.8056163787841797,4.0,3.0,0.6957963064060443,12.39622974395752,40.0,"{""type"":""Point"",""coordinates"":[109.90829379492533,19.33558208673952]}"
813,0.0,25.0,15.0,10.456230163574219,6.0,19.71294418433866,110.25675835117994,2662.2060546875,47.0,0.057359881699085236,2.0,3.0,0.8299421713987789,16.399898529052734,31.0,"{""type"":""Point"",""coordinates"":[110.25531467327926,19.712805776805613]}"
814,0.0,29.0,31.0,8.14752197265625,31.0,19.506331668991166,109.01259168267438,1808.03857421875,47.0,0.6322812438011169,2.0,3.0,0.7291614961861899,14.25985336303711,36.0,"{""type"":""Point"",""coordinates"":[109.01180156886461,19.50629297896548]}"
815,0.0,22.0,89.0,11.803997039794922,80.0,19.38505910563503,109.13835582245116,2168.34912109375,57.0,0.6906251907348633,3.0,3.0,0.6976067657216501,14.137300491333008,35.0,"{""type"":""Point"",""coordinates"":[109.13766991300034,19.385262092460504]}"
816,0.0,25.0,294.0,19.57175064086914,240.0,18.60352480845105,109.19674631591892,2081.39404296875,54.0,2.2652885913848877,4.0,1.0,0.6036002651627622,12.81740951538086,46.0,"{""type"":""Point"",""coordinates"":[109.19891354551353,18.604008244124426]}"
819,0.0,29.0,175.0,43.4952392578125,172.0,18.837086782322125,110.28370780970351,2386.62255859375,47.0,5.222652912139893,4.0,2.0,0.6216131900287754,12.058311462402344,45.0,"{""type"":""Point"",""coordinates"":[110.28426740884106,18.836596397846836]}"
820,0.0,30.0,288.0,47.51762390136719,223.0,18.95835934567826,109.11140636392759,2281.40771484375,40.0,6.930979251861572,6.0,2.0,0.6311793260345949,11.698843955993652,39.0,"{""type"":""Point"",""coordinates"":[109.10995133027251,18.959075560193654]}"
821,0.0,23.0,132.0,9.654887199401855,111.0,19.470399057626388,109.20123789233952,2345.53076171875,57.0,0.25002321600914,4.0,3.0,0.6904180423774304,15.127188682556152,34.0,"{""type"":""Point"",""coordinates"":[109.20134656865655,19.472348992326477]}"
822,0.0,29.0,12.0,9.074528694152832,13.0,19.964472463892122,110.46786244294805,2367.281982421875,43.0,0.19185656309127808,3.0,4.0,0.7731444082110741,14.571296691894531,39.0,"{""type"":""Point"",""coordinates"":[110.46681221737461,19.963928287434904]}"
823,0.0,28.0,313.0,40.45227813720703,196.0,19.371584376373235,109.63242922871689,2707.4736328125,45.0,3.353590488433838,4.0,3.0,0.6760017397953446,12.411341667175293,35.0,"{""type"":""Point"",""coordinates"":[109.63437467458535,19.372252896989018]}"
824,0.0,27.0,90.0,12.748482704162598,70.0,18.62598269055404,109.78065125059658,2175.460205078125,43.0,0.7616937756538391,4.0,1.0,0.6561171595281619,14.038741111755371,47.0,"{""type"":""Point"",""coordinates"":[109.77971770084031,18.625620245668433]}"
825,0.0,25.0,106.0,13.429512977600098,102.0,19.34912649427025,109.0215748355156,2064.29052734375,55.0,1.1491059064865112,2.0,3.0,0.6434555648320762,13.617796897888184,40.0,"{""type"":""Point"",""coordinates"":[109.01992823170659,19.35085655404974]}"
826,0.0,28.0,301.0,55.40977478027344,173.0,18.868527817266305,109.86599120258796,2470.024658203125,45.0,7.212673187255859,5.0,2.0,0.6032742246983448,11.649679183959961,47.0,"{""type"":""Point"",""coordinates"":[109.86725350371033,18.867720041700096]}"
827,0.0,33.0,10.0,9.482699394226074,10.0,19.65455369087089,110.70142441681912,2389.419189453125,43.0,0.25029391050338745,9.0,3.0,0.7866215897460666,14.772073745727539,38.0,"{""type"":""Point"",""coordinates"":[110.70118451401791,19.653478770317133]}"
828,0.0,26.0,301.0,32.9903678894043,239.0,19.115564520399175,109.94234800173814,2684.6376953125,52.0,2.547092914581299,4.0,2.0,0.6403920343474598,12.695208549499512,44.0,"{""type"":""Point"",""coordinates"":[109.94067962045084,19.115997145381677]}"
829,0.0,25.0,21.0,8.320171356201172,16.0,19.807267289171207,110.80473067449287,2098.726806640625,49.0,0.38973528146743774,5.0,4.0,0.7360607881053624,13.788350105285645,43.0,"{""type"":""Point"",""coordinates"":[110.8046121726724,19.808349062018067]}"
830,0.0,26.0,40.0,6.217709541320801,39.0,18.527168009300887,108.90030227215948,1817.0064697265625,45.0,0.21035610139369965,2.0,1.0,0.6772968203014433,15.355178833007812,46.0,"{""type"":""Point"",""coordinates"":[108.90094439593763,18.526628853829887]}"
831,0.0,24.0,114.0,24.564998626708984,25.0,19.344634917849653,110.07260371793546,2859.404541015625,49.0,1.0914002656936646,5.0,3.0,0.7681425923641911,13.664461135864258,38.0,"{""type"":""Point"",""coordinates"":[110.07146247180397,19.34582493426368]}"
832,0.0,30.0,1.0,6.77379035949707,2.0,19.919556699686147,109.56056400598732,1870.0379638671875,45.0,0.29860568046569824,5.0,4.0,0.7748585277017389,15.027377128601074,35.0,"{""type"":""Point"",""coordinates"":[109.56114975401017,19.918999612845575]}"
833,0.0,23.0,25.0,12.83360767364502,26.0,19.389550682055628,110.62057604124834,2514.052001953125,50.0,0.41952624917030334,6.0,3.0,0.7722265361739651,14.402535438537598,38.0,"{""type"":""Point"",""coordinates"":[110.62076808646235,19.39133409026527]}"
834,0.0,24.0,111.0,10.177042961120605,111.0,18.899968852210492,108.75657182670034,1678.83251953125,56.0,1.338511347770691,2.0,2.0,0.597386096478658,13.462133407592773,45.0,"{""type"":""Point"",""coordinates"":[108.75858421976992,18.90171280095179]}"
835,0.0,28.0,300.0,31.67527198791504,222.0,18.805645747377937,109.86599120258796,2442.110107421875,41.0,2.9134275913238525,4.0,1.0,0.6389840747491609,12.56131649017334,42.0,"{""type"":""Point"",""coordinates"":[109.86554393100401,18.807026031786847]}"
836,0.0,25.0,39.0,12.027752876281738,39.0,18.477760668674314,109.73573548639064,1959.3653564453125,55.0,1.0910433530807495,2.0,1.0,0.6826804748825652,13.709558486938477,46.0,"{""type"":""Point"",""coordinates"":[109.73685613802898,18.47709356551454]}"
837,0.0,24.0,997.0,73.88423919677734,962.0,18.751746830330767,109.89743223753214,2632.68115234375,49.0,19.087200164794922,5.0,1.0,0.5349091807884426,9.990530014038086,47.0,"{""type"":""Point"",""coordinates"":[109.89916443398153,18.75350523851911]}"
838,0.0,24.0,192.0,43.220924377441406,60.0,19.223362354493517,109.74022706281124,2838.193359375,53.0,3.1068317890167236,3.0,2.0,0.7182797161203214,12.568669319152832,37.0,"{""type"":""Point"",""coordinates"":[109.74037427168736,19.22420625268106]}"
839,0.0,23.0,6.0,7.485358715057373,9.0,18.787679441695552,110.41396352590084,2083.126708984375,48.0,0.13406631350517273,3.0,1.0,0.7164701777761013,15.806232452392578,49.0,"{""type"":""Point"",""coordinates"":[110.41515719033127,18.78781611899939]}"
840,0.0,29.0,208.0,29.076913833618164,208.0,18.34750495247698,109.25064523296606,1700.951416015625,50.0,7.564044952392578,4.0,0.0,0.601340292923045,11.663704872131348,39.0,"{""type"":""Point"",""coordinates"":[109.25084191272146,18.348562528370127]}"
841,0.0,29.0,67.0,33.97848129272461,67.0,19.420991716999815,110.55320239493938,2639.311279296875,40.0,2.8656187057495117,4.0,3.0,0.7171637485320425,12.447895050048828,38.0,"{""type"":""Point"",""coordinates"":[110.5554015835645,19.422163348696614]}"
842,0.0,26.0,439.0,56.786190032958984,434.0,18.441828057309536,109.62344607587568,2163.504150390625,49.0,12.278424263000488,4.0,1.0,0.584502269992043,11.007564544677734,42.0,"{""type"":""Point"",""coordinates"":[109.62486980680652,18.44121904831477]}"
843,0.0,26.0,18.0,11.812193870544434,19.0,19.88362408832137,110.51726978357459,2501.87548828125,42.0,0.4015127122402191,5.0,4.0,0.7703266096592665,13.824342727661133,40.0,"{""type"":""Point"",""coordinates"":[110.51802507874831,19.883990448342097]}"
844,0.0,33.0,451.0,69.28895568847656,311.0,18.8775109701075,109.24615365654546,2281.71923828125,39.0,15.235990524291992,5.0,2.0,0.5728295978774175,10.774072647094727,44.0,"{""type"":""Point"",""coordinates"":[109.24723954082602,18.879721200874066]}"
845,0.0,29.0,601.0,59.35804748535156,578.0,18.71581421896599,110.01421322446765,2484.3701171875,46.0,10.291055679321289,4.0,1.0,0.5853110428201228,11.057087898254395,45.0,"{""type"":""Point"",""coordinates"":[110.01501418042044,18.71532711156531]}"
846,0.0,26.0,129.0,60.43113327026367,81.0,19.456924328364593,109.92438169605572,2728.1787109375,47.0,5.57999324798584,4.0,3.0,0.689644949623495,12.020487785339355,37.0,"{""type"":""Point"",""coordinates"":[109.92308947190438,19.45518035962857]}"
847,0.0,24.0,40.0,20.724117279052734,32.0,19.066157179772603,110.3151488446477,2755.8486328125,49.0,0.8688512444496155,4.0,2.0,0.7478172300063566,13.936736106872559,42.0,"{""type"":""Point"",""coordinates"":[110.31703030957938,19.064922030375133]}"
848,0.0,30.0,468.0,77.33384704589844,459.0,18.85056151158392,110.24328362191818,2599.125732421875,45.0,12.697500228881836,4.0,2.0,0.5906681391904975,10.950581550598145,45.0,"{""type"":""Point"",""coordinates"":[110.24133740272576,18.852644198738624]}"
849,0.0,29.0,147.0,43.1158447265625,132.0,19.025732991987226,110.25675835117994,2707.468017578125,41.0,3.3828630447387695,3.0,2.0,0.644843731328219,12.511805534362793,44.0,"{""type"":""Point"",""coordinates"":[110.25812145383625,19.025177431924686]}"
850,0.0,25.0,20.0,12.595488548278809,18.0,19.757859948544635,110.3735393381155,2531.422607421875,46.0,0.37640970945358276,3.0,4.0,0.8159890442954197,14.514776229858398,30.0,"{""type"":""Point"",""coordinates"":[110.3728613165806,19.757564474797825]}"
851,0.0,33.0,559.0,25.6243953704834,367.0,19.079631909034397,109.44827459547236,2437.366943359375,37.0,2.4505422115325928,5.0,2.0,0.6259319434444498,12.538119316101074,42.0,"{""type"":""Point"",""coordinates"":[109.4485393212649,19.08100425930274]}"
852,0.0,29.0,66.0,11.561314582824707,65.0,19.68599472581507,110.65650865261313,2463.55126953125,48.0,0.4411483407020569,5.0,3.0,0.7271780628393008,14.154808044433594,37.0,"{""type"":""Point"",""coordinates"":[110.65495285811761,19.68681707817495]}"
854,0.0,24.0,144.0,31.834068298339844,69.0,19.308702306484875,109.87497435542917,2688.758056640625,52.0,2.1564650535583496,3.0,3.0,0.7072307868450834,12.964615821838379,39.0,"{""type"":""Point"",""coordinates"":[109.87625245504651,19.30942752920056]}"
855,0.0,31.0,866.0,48.463253021240234,850.0,18.76971313601316,108.85987808437409,2087.0927734375,46.0,17.37974739074707,11.0,1.0,0.530088593859456,10.250876426696777,46.0,"{""type"":""Point"",""coordinates"":[108.86006271480085,18.7695736134624]}"
856,0.0,28.0,742.0,50.463775634765625,618.0,19.12454767324037,109.21022104518073,2534.791015625,49.0,8.443455696105957,5.0,2.0,0.6181100767768366,11.127850532531738,38.0,"{""type"":""Point"",""coordinates"":[109.21210355543462,19.124361076472713]}"
857,0.0,30.0,337.0,32.35749053955078,229.0,19.01225826272543,109.94683957815869,2522.26318359375,45.0,3.005472421646118,4.0,2.0,0.6457134133370561,12.50434398651123,41.0,"{""type"":""Point"",""coordinates"":[109.94671926709051,19.010307656083924]}"
858,0.0,26.0,16.0,7.9626688957214355,18.0,19.68599472581507,110.95295269637256,1828.0675048828125,48.0,1.0607237815856934,3.0,3.0,0.701047714339863,12.38757038116455,46.0,"{""type"":""Point"",""coordinates"":[110.9509651479402,19.686015520666565]}"
859,0.0,24.0,101.0,19.626298904418945,63.0,19.501840092570568,109.90192381395275,2689.060791015625,53.0,0.9089394211769104,4.0,3.0,0.72753010780684,13.855340957641602,38.0,"{""type"":""Point"",""coordinates"":[109.90033990617465,19.500500085875803]}"
860,0.0,33.0,58.0,24.6820011138916,43.0,19.57819689172073,110.41396352590084,2729.42431640625,40.0,1.58350670337677,3.0,3.0,0.748876822595689,13.048650741577148,38.0,"{""type"":""Point"",""coordinates"":[110.41309647737941,19.58011995694084]}"
861,0.0,25.0,22.0,13.261767387390137,23.0,19.49734851614997,110.7283738753427,2374.67138671875,47.0,0.6799020767211914,4.0,3.0,0.7693662295013577,13.762109756469727,37.0,"{""type"":""Point"",""coordinates"":[110.72891425073524,19.49956887772317]}"
862,0.0,25.0,33.0,8.689066886901855,33.0,18.549625891403878,109.9603143074205,1981.320068359375,47.0,0.42738062143325806,2.0,1.0,0.6934533483615026,14.650371551513672,46.0,"{""type"":""Point"",""coordinates"":[109.96094539669579,18.54809193929549]}"
863,0.0,26.0,27.0,9.03734016418457,26.0,18.54064273856268,108.94521803636547,1817.0064697265625,49.0,0.7460721135139465,4.0,1.0,0.6876314307535636,14.096671104431152,47.0,"{""type"":""Point"",""coordinates"":[108.94341328893577,18.538524764845793]}"
864,0.0,25.0,170.0,14.3978853225708,41.0,18.756238406751365,109.22369577444249,2127.4619140625,53.0,1.1692627668380737,3.0,1.0,0.7005468459694738,13.560745239257812,42.0,"{""type"":""Point"",""coordinates"":[109.22174944122617,18.755294727923637]}"
865,0.0,27.0,86.0,11.267983436584473,76.0,19.74438521928284,109.94234800173814,2655.540283203125,49.0,0.16738148033618927,4.0,4.0,0.7399222222364678,15.556469917297363,33.0,"{""type"":""Point"",""coordinates"":[109.94283681539551,19.743461883521064]}"
866,0.0,24.0,210.0,14.739559173583984,191.0,18.527168009300887,109.30005257359267,2078.1171875,55.0,1.3406240940093994,4.0,1.0,0.6074956663192659,13.398329734802246,47.0,"{""type"":""Point"",""coordinates"":[109.30124198824198,18.52570541729011]}"
867,0.0,21.0,32.0,5.477348327636719,32.0,19.039207721249014,108.72063921533555,1642.5703125,55.0,0.2684609293937683,2.0,2.0,0.6881551461778687,15.115934371948242,43.0,"{""type"":""Point"",""coordinates"":[108.7185030654159,19.03947990108533]}"
869,0.0,28.0,642.0,54.98054504394531,589.0,18.814628900219134,108.92276015426245,2222.74951171875,48.0,13.22767162322998,9.0,1.0,0.5773896669690082,10.762625694274902,42.0,"{""type"":""Point"",""coordinates"":[108.92187312813722,18.813387328365817]}"
870,0.0,25.0,15.0,7.624875068664551,15.0,19.52429797467356,108.95869276562723,1869.7095947265625,52.0,0.42985138297080994,2.0,3.0,0.7479053097056396,14.655023574829102,37.0,"{""type"":""Point"",""coordinates"":[108.96029606840506,19.525682396229726]}"
871,0.0,22.0,73.0,10.85896110534668,65.0,19.313193882905473,108.90928542500069,2051.248779296875,57.0,0.712024450302124,3.0,3.0,0.6770787444453621,14.11635684967041,42.0,"{""type"":""Point"",""coordinates"":[108.91073996727425,19.31191713234776]}"
872,0.0,29.0,109.0,66.65836334228516,86.0,19.093106638296184,109.0215748355156,2169.21875,41.0,12.337756156921387,7.0,2.0,0.6295517513347666,11.226800918579102,40.0,"{""type"":""Point"",""coordinates"":[109.02323732821729,19.093588427223114]}"
873,0.0,20.0,47.0,12.313125610351562,43.0,19.68599472581507,109.46624090115478,2340.887451171875,61.0,0.5512599945068359,3.0,3.0,0.7610808528526642,14.387650489807129,33.0,"{""type"":""Point"",""coordinates"":[109.46490694399938,19.687854529918855]}"
874,0.0,35.0,887.0,31.042903900146484,756.0,18.886494122948697,109.21022104518073,2281.71923828125,39.0,5.859173774719238,5.0,2.0,0.5775677755511812,11.342039108276367,44.0,"{""type"":""Point"",""coordinates"":[109.20985775617781,18.887747613105176]}"
875,0.0,24.0,46.0,17.570697784423828,43.0,19.308702306484875,110.38701406737727,2825.7041015625,51.0,0.549990177154541,5.0,3.0,0.7507867829601784,14.390542984008789,39.0,"{""type"":""Point"",""coordinates"":[110.38841649128842,19.308891804122798]}"
876,0.0,28.0,678.0,52.642601013183594,614.0,18.65293214907762,109.53361454746374,2224.65185546875,49.0,12.83980655670166,5.0,1.0,0.5560213655035366,10.760468482971191,46.0,"{""type"":""Point"",""coordinates"":[109.53517937920444,18.653250399779832]}"
877,0.0,27.0,46.0,29.863632202148438,37.0,19.16048028460515,110.24777519833873,2873.6015625,42.0,1.4880330562591553,4.0,2.0,0.7472203456806662,13.395038604736328,40.0,"{""type"":""Point"",""coordinates"":[110.24993937489083,19.160731813461393]}"
878,0.0,25.0,987.0,36.37268829345703,900.0,18.819120476639732,109.753701792073,2473.3369140625,46.0,5.990194797515869,5.0,1.0,0.5772708313628625,11.196910858154297,45.0,"{""type"":""Point"",""coordinates"":[109.75316149737229,18.818364520834617]}"
879,0.0,29.0,151.0,42.23041915893555,141.0,18.57657534992746,109.82107543838197,2206.42822265625,42.0,5.84194803237915,5.0,1.0,0.6070198028097221,11.960658073425293,46.0,"{""type"":""Point"",""coordinates"":[109.82011584114115,18.575999170363374]}"
880,0.0,23.0,40.0,14.623456001281738,31.0,19.641078961609097,110.45438771368623,2659.6337890625,54.0,0.5039200782775879,5.0,3.0,0.7919258491381174,14.207780838012695,33.0,"{""type"":""Point"",""coordinates"":[110.45325343065889,19.64132894328525]}"
881,0.0,26.0,135.0,41.638465881347656,135.0,18.500218550777305,109.76717652133482,2170.055908203125,54.0,6.383506774902344,4.0,1.0,0.612704764457681,11.881272315979004,44.0,"{""type"":""Point"",""coordinates"":[109.7662626451819,18.5010843828727]}"
882,0.0,26.0,50.0,14.873650550842285,50.0,18.29809761185041,109.34945991421921,1522.4735107421875,46.0,3.011075019836426,6.0,0.0,0.6626225508011784,12.687152862548828,41.0,"{""type"":""Point"",""coordinates"":[109.35084318085393,18.298738264035915]}"
883,0.0,27.0,9.0,10.179076194763184,9.0,18.419370175206545,110.02319637730886,1809.15771484375,49.0,0.9916712045669556,3.0,1.0,0.727768282438332,13.822439193725586,42.0,"{""type"":""Point"",""coordinates"":[110.02341145234941,18.419607570789147]}"
884,0.0,25.0,8.0,10.03855037689209,8.0,19.24132866017591,110.55320239493938,2587.355712890625,46.0,0.057359881699085236,2.0,2.0,0.787464348220701,16.635770797729492,40.0,"{""type"":""Point"",""coordinates"":[110.55223768743912,19.241277978887815]}"
885,0.0,26.0,207.0,60.215850830078125,104.0,18.944884616416466,110.01421322446765,2690.609130859375,50.0,6.1924333572387695,4.0,2.0,0.6311435562638663,11.866358757019043,44.0,"{""type"":""Point"",""coordinates"":[110.01257970762553,18.946208005960646]}"
886,0.0,30.0,63.0,25.75223731994629,63.0,19.852183053377182,110.07260371793546,2586.133544921875,42.0,1.9592946767807007,6.0,4.0,0.7443243040539209,12.831671714782715,34.0,"{""type"":""Point"",""coordinates"":[110.07308819149698,19.853321594023214]}"
887,0.0,22.0,23.0,8.37013053894043,24.0,19.74438521928284,110.86312116796063,2075.61767578125,54.0,0.4417465329170227,2.0,4.0,0.723260204003815,13.597530364990234,43.0,"{""type"":""Point"",""coordinates"":[110.86474286353665,19.746068522818344]}"
888,0.0,26.0,91.0,15.81998348236084,85.0,19.762351524965233,109.94683957815869,2594.87451171875,48.0,0.632617712020874,4.0,4.0,0.7226924663398193,14.223835945129395,34.0,"{""type"":""Point"",""coordinates"":[109.94530225682159,19.760485545622913]}"
889,0.0,25.0,205.0,30.04123306274414,128.0,19.304210730064277,109.85700804974675,2688.758056640625,50.0,2.0017812252044678,4.0,3.0,0.6794308835986711,13.00044059753418,37.0,"{""type"":""Point"",""coordinates"":[109.85782577525326,19.306332588162235]}"
890,0.0,27.0,52.0,15.409089088439941,52.0,19.57370531530013,109.17878001023655,2135.87939453125,53.0,1.3316192626953125,2.0,3.0,0.7125396204007187,13.502619743347168,38.0,"{""type"":""Point"",""coordinates"":[109.18073804713437,19.571550202942024]}"
891,0.0,23.0,22.0,9.771831512451172,24.0,19.55573900961774,110.79574752165166,2271.791015625,48.0,0.29815199971199036,2.0,3.0,0.7710300211041967,14.586493492126465,35.0,"{""type"":""Point"",""coordinates"":[110.7977739338501,19.555037633254322]}"
892,0.0,27.0,76.0,46.268924713134766,73.0,19.232345507334713,110.35557303243309,2964.2275390625,50.0,3.006683111190796,4.0,2.0,0.7113064531813276,12.673221588134766,37.0,"{""type"":""Point"",""coordinates"":[110.35696249369502,19.23055916085922]}"
893,0.0,27.0,53.0,60.80426788330078,56.0,19.003275109884235,110.43642140800387,2627.721435546875,51.0,6.513582229614258,4.0,2.0,0.7063926764088677,11.890782356262207,40.0,"{""type"":""Point"",""coordinates"":[110.43737419290136,19.001689247131516]}"
894,0.0,29.0,314.0,56.96249008178711,206.0,18.98980038062244,109.91989011963511,2529.08935546875,42.0,7.033164024353027,4.0,2.0,0.6321418350498819,11.666143417358398,41.0,"{""type"":""Point"",""coordinates"":[109.9188497681394,18.991149113563]}"
895,0.0,28.0,110.0,33.013431549072266,55.0,19.429974869841004,109.85251647332615,2755.220458984375,43.0,2.081428050994873,4.0,3.0,0.7299934887554163,13.020988464355469,38.0,"{""type"":""Point"",""coordinates"":[109.85066553809273,19.431138232767537]}"
896,0.0,25.0,123.0,14.384793281555176,44.0,19.389550682055628,110.08607844719722,2907.533447265625,46.0,0.2154984027147293,4.0,3.0,0.7546046176890955,15.281331062316895,37.0,"{""type"":""Point"",""coordinates"":[110.0879935755371,19.388025032958193]}"
897,0.0,30.0,115.0,24.741762161254883,99.0,19.650062114450293,109.55607242956671,2350.16064453125,45.0,2.179518699645996,4.0,3.0,0.6847475078744482,12.971845626831055,34.0,"{""type"":""Point"",""coordinates"":[109.5568371101737,19.64800847866571]}"
898,0.0,24.0,111.0,12.047439575195312,54.0,19.60514635024431,109.67285341650228,2559.96923828125,48.0,0.2692224681377411,3.0,3.0,0.7591870078656908,15.066082954406738,33.0,"{""type"":""Point"",""coordinates"":[109.67144075109164,19.6048727235942]}"
899,0.0,23.0,112.0,17.09140396118164,84.0,18.49123539793611,109.36293464348103,2027.23046875,56.0,1.7939530611038208,4.0,1.0,0.6354285965070923,13.1685152053833,45.0,"{""type"":""Point"",""coordinates"":[109.36464309562008,18.491435427445783]}"
900,0.0,28.0,293.0,21.867433547973633,172.0,19.052682450510808,109.83455016764378,2581.500732421875,48.0,1.4054841995239258,4.0,2.0,0.6583678162634653,13.295736312866211,41.0,"{""type"":""Point"",""coordinates"":[109.83531008631118,19.054026014188253]}"
901,0.0,23.0,78.0,8.552051544189453,64.0,19.699469455076866,109.5920050409315,2350.16064453125,53.0,0.08367845416069031,3.0,3.0,0.7383966788671148,16.25455665588379,33.0,"{""type"":""Point"",""coordinates"":[109.59080932016607,19.70026571765034]}"
902,0.0,26.0,32.0,11.551297187805176,28.0,19.097598214716783,110.35557303243309,2773.377685546875,46.0,0.08351480960845947,4.0,2.0,0.770066341907001,16.28362274169922,39.0,"{""type"":""Point"",""coordinates"":[110.35338988179556,19.099594272269734]}"
903,0.0,26.0,233.0,76.08026885986328,188.0,19.281752847961286,109.1832715866571,2583.607421875,51.0,10.445507049560547,4.0,3.0,0.6367221123740797,11.319282531738281,39.0,"{""type"":""Point"",""coordinates"":[109.18122463863651,19.280738678843193]}"
904,0.0,30.0,22.0,6.682570457458496,23.0,19.80277571275061,109.2281873508631,1764.58544921875,39.0,0.36578568816185,2.0,4.0,0.7502405384136132,14.812382698059082,33.0,"{""type"":""Point"",""coordinates"":[109.22847703314677,19.801787841606657]}"
905,0.0,26.0,175.0,17.659643173217773,170.0,18.648440572657023,109.99175534236468,2182.07763671875,48.0,1.5033447742462158,3.0,1.0,0.6231709353467785,13.306169509887695,45.0,"{""type"":""Point"",""coordinates"":[109.99117419029257,18.64875455143109]}"
906,0.0,22.0,30.0,7.948044300079346,30.0,18.477760668674314,109.72226075712882,1959.3653564453125,56.0,0.36479076743125916,4.0,1.0,0.7018617746786018,14.810471534729004,45.0,"{""type"":""Point"",""coordinates"":[109.72172488694983,18.47831585478802]}"
907,0.0,28.0,132.0,19.702178955078125,70.0,19.587180044561926,109.73573548639064,2668.286376953125,48.0,0.9807648062705994,4.0,3.0,0.7354223185224116,13.760318756103516,34.0,"{""type"":""Point"",""coordinates"":[109.73639868272348,19.587562525305497]}"
908,0.0,23.0,42.0,8.972434043884277,44.0,18.446319633730134,109.76268494491421,1899.9327392578125,51.0,0.5767577886581421,4.0,1.0,0.6944791165669179,14.345359802246094,42.0,"{""type"":""Point"",""coordinates"":[109.76294776278556,18.44577920192701]}"
909,0.0,28.0,372.0,34.99979019165039,211.0,18.832595205901526,109.42132513694878,2312.353515625,49.0,4.491387367248535,6.0,2.0,0.6011542448117594,12.076437950134277,47.0,"{""type"":""Point"",""coordinates"":[109.42175902303424,18.833748759712307]}"
910,0.0,25.0,25.0,14.361408233642578,10.0,19.739893642862242,110.10853632930025,2690.45849609375,49.0,0.40611085295677185,3.0,3.0,0.8238922528471588,14.601155281066895,31.0,"{""type"":""Point"",""coordinates"":[110.1093903543738,19.73893645905848]}"
911,0.0,22.0,43.0,11.692951202392578,43.0,18.3160639175328,109.1877631630777,1706.57470703125,58.0,1.5557082891464233,3.0,0.0,0.6887192455360387,13.352298736572266,40.0,"{""type"":""Point"",""coordinates"":[109.18668003505528,18.317657564780085]}"
912,0.0,34.0,134.0,13.969805717468262,124.0,19.528789551094157,110.56218554778059,2658.862548828125,38.0,0.49024325609207153,4.0,3.0,0.6955616648279349,14.160362243652344,36.0,"{""type"":""Point"",""coordinates"":[110.56326527828914,19.528836982601156]}"
913,0.0,26.0,43.0,41.458770751953125,46.0,18.311572341112203,109.60547977019331,1942.6004638671875,46.0,7.539443492889404,2.0,0.0,0.6689364878204699,11.768531799316406,42.0,"{""type"":""Point"",""coordinates"":[109.60677264038075,18.311961882291136]}"
915,0.0,25.0,1269.0,46.11444091796875,1072.0,19.01674983914603,109.52912297104314,2519.6494140625,44.0,15.373912811279297,11.0,2.0,0.5551654880319844,9.7737455368042,42.0,"{""type"":""Point"",""coordinates"":[109.5309659620172,19.01524408360339]}"
916,0.0,32.0,82.0,36.489051818847656,71.0,19.587180044561926,110.29718253896533,2757.476318359375,38.0,2.527465581893921,5.0,3.0,0.7083667149305328,12.804448127746582,39.0,"{""type"":""Point"",""coordinates"":[110.29593558443271,19.585632638508727]}"
917,0.0,25.0,57.0,11.564995765686035,56.0,18.554117467824476,109.91989011963511,2116.165771484375,47.0,0.6757513880729675,4.0,1.0,0.6749692450424393,14.178133964538574,46.0,"{""type"":""Point"",""coordinates"":[109.92209788918125,18.554298749940926]}"
918,0.0,28.0,61.0,19.56812286376953,56.0,18.63496584339523,109.96480588384111,2182.07763671875,43.0,1.7098877429962158,4.0,1.0,0.6700146239723036,13.247162818908691,47.0,"{""type"":""Point"",""coordinates"":[109.96554318796088,18.63322075457203]}"
919,0.0,23.0,18.0,16.158123016357422,20.0,19.164971861025748,110.44989613726563,2817.7373046875,50.0,0.41765695810317993,4.0,2.0,0.7779706469406216,14.662860870361328,39.0,"{""type"":""Point"",""coordinates"":[110.45184784858041,19.165328172396237]}"
920,0.0,27.0,1068.0,35.993316650390625,989.0,18.65293214907762,109.50666508894017,2224.65185546875,43.0,9.692290306091309,9.0,1.0,0.5463817419311361,10.5978364944458,46.0,"{""type"":""Point"",""coordinates"":[109.50514173212052,18.65109401085204]}"
921,0.0,26.0,48.0,13.140809059143066,48.0,19.416500140579217,108.97665907130965,2202.286865234375,48.0,0.796717643737793,2.0,3.0,0.7231550124239134,14.018735885620117,38.0,"{""type"":""Point"",""coordinates"":[108.97690103215324,19.415022318232158]}"
922,0.0,22.0,4.0,3.4898862838745117,5.0,19.259294965858295,108.64428241618543,1356.387939453125,56.0,0.1720791757106781,2.0,2.0,0.7117864963130535,15.487117767333984,41.0,"{""type"":""Point"",""coordinates"":[108.64513643633153,19.26084940887513]}"
923,0.0,26.0,134.0,23.28034210205078,127.0,18.729288948227783,110.09506160003843,2497.5400390625,52.0,1.659807562828064,4.0,1.0,0.6442801557304133,13.232776641845703,45.0,"{""type"":""Point"",""coordinates"":[110.09289885959319,18.72969150609099]}"
924,0.0,42.0,95.0,19.28089714050293,95.0,19.789300983488815,109.60547977019331,2234.395751953125,34.0,1.8565881252288818,7.0,4.0,0.6919580824033613,13.144485473632812,33.0,"{""type"":""Point"",""coordinates"":[109.603390191441,19.790692521407802]}"
925,0.0,27.0,24.0,9.664453506469727,25.0,19.924048276106745,110.49930347789223,2430.11767578125,46.0,0.2109520137310028,4.0,4.0,0.7590671278329886,14.459440231323242,40.0,"{""type"":""Point"",""coordinates"":[110.5005855576943,19.926045916883016]}"
926,0.0,25.0,132.0,12.496042251586914,79.0,19.358109647111448,109.29106942075146,2282.4091796875,44.0,0.5767925381660461,4.0,3.0,0.7084167800369788,14.291232109069824,34.0,"{""type"":""Point"",""coordinates"":[109.28940543318174,19.359237152266605]}"
927,0.0,30.0,793.0,41.323516845703125,712.0,18.805645747377937,109.69531129860525,2337.958984375,45.0,7.990417003631592,4.0,1.0,0.5652208356082393,11.13194751739502,47.0,"{""type"":""Point"",""coordinates"":[109.69475513759964,18.80756229687005]}"
928,0.0,24.0,137.0,16.168371200561523,99.0,19.043699297669612,108.90030227215948,2145.819580078125,47.0,1.27409029006958,3.0,2.0,0.6386203621105013,13.495505332946777,42.0,"{""type"":""Point"",""coordinates"":[108.89812652680502,19.044327103541885]}"
929,0.0,26.0,243.0,20.02322769165039,246.0,18.383437563841767,109.68183656934343,1968.9835205078125,53.0,2.7288084030151367,4.0,1.0,0.6163424439570535,12.665392875671387,42.0,"{""type"":""Point"",""coordinates"":[109.67992632104114,18.382889048133425]}"
930,0.0,27.0,139.0,20.84400177001953,114.0,19.322177035746662,110.24328362191818,2951.015380859375,44.0,0.6989369988441467,4.0,3.0,0.6887656861547098,14.094808578491211,37.0,"{""type"":""Point"",""coordinates"":[110.24247584505154,19.320814621122317]}"
931,0.0,31.0,533.0,61.16299819946289,531.0,18.41038702236535,109.32700203211624,1952.53662109375,42.0,20.94554901123047,6.0,1.0,0.549230114792078,10.368681907653809,41.0,"{""type"":""Point"",""coordinates"":[109.32723636202624,18.412313188035725]}"
932,0.0,31.0,354.0,13.837133407592773,196.0,18.95835934567826,109.83455016764378,2564.59375,40.0,0.5123297572135925,4.0,2.0,0.6442152375213436,14.262370109558105,44.0,"{""type"":""Point"",""coordinates"":[109.83450472620567,18.957606809465574]}"
933,0.0,25.0,32.0,15.312853813171387,23.0,19.730910490021046,110.21633416339455,2636.308349609375,50.0,0.5967220664024353,4.0,3.0,0.8135188173694278,14.044861793518066,30.0,"{""type"":""Point"",""coordinates"":[110.21792678150294,19.7323937227089]}"
934,0.0,25.0,32.0,9.191682815551758,35.0,18.90446042863109,110.36006460885369,2392.823974609375,51.0,0.13414253294467926,4.0,2.0,0.7232326065822732,15.809741973876953,45.0,"{""type"":""Point"",""coordinates"":[110.3617055165696,18.90589718047468]}"
935,0.0,31.0,416.0,52.74156188964844,354.0,18.922426734313476,108.98564222415081,2380.312744140625,40.0,8.05049991607666,7.0,2.0,0.6128656201228136,11.455902099609375,42.0,"{""type"":""Point"",""coordinates"":[108.98684962875922,18.92158581337286]}"
936,0.0,27.0,6.0,10.849987030029297,8.0,19.623112655926704,110.76879806312809,2321.650390625,42.0,0.4061042070388794,6.0,3.0,0.7864411247187508,14.291601181030273,37.0,"{""type"":""Point"",""coordinates"":[110.76945865930509,19.621299739545027]}"
937,0.0,28.0,56.0,15.426823616027832,55.0,19.77133467780643,110.55769397135998,2435.82958984375,40.0,0.8908908367156982,4.0,4.0,0.7389294711973998,13.461114883422852,36.0,"{""type"":""Point"",""coordinates"":[110.55788016965856,19.77283861574036]}"
938,0.0,30.0,497.0,84.74371337890625,328.0,19.142513978922757,109.65937868724046,2646.282958984375,40.0,13.68997859954834,5.0,2.0,0.60779774648695,10.849751472473145,40.0,"{""type"":""Point"",""coordinates"":[109.66142385509052,19.144022670622142]}"
939,0.0,27.0,96.0,20.79404067993164,61.0,19.546755856776542,110.03217953015007,2679.600341796875,48.0,1.0388246774673462,2.0,3.0,0.7413326212678443,13.724772453308105,35.0,"{""type"":""Point"",""coordinates"":[110.03047017986071,19.546456605654985]}"
940,0.0,29.0,665.0,36.830604553222656,459.0,18.693356336862998,109.4437830190518,2204.030029296875,49.0,7.127330303192139,7.0,1.0,0.5790954787383932,11.372875213623047,45.0,"{""type"":""Point"",""coordinates"":[109.44517871785966,18.69449239232402]}"
941,0.0,27.0,57.0,12.663880348205566,57.0,19.91057354684495,110.31065726822715,2543.720458984375,45.0,0.43087270855903625,4.0,4.0,0.736166392893273,14.16064453125,38.0,"{""type"":""Point"",""coordinates"":[110.31006489605636,19.91254001649894]}"
942,0.0,26.0,26.0,11.136526107788086,27.0,19.501840092570568,110.75532333386627,2266.287109375,48.0,0.5506364703178406,5.0,3.0,0.7595166804354628,13.969438552856445,37.0,"{""type"":""Point"",""coordinates"":[110.7530954231657,19.49977359323043]}"
943,0.0,22.0,124.0,40.144554138183594,108.0,19.245820236596508,109.0260664119362,2284.406494140625,56.0,4.870573997497559,4.0,2.0,0.6422878414935016,12.160294532775879,40.0,"{""type"":""Point"",""coordinates"":[109.02419117568704,19.24781273205082]}"
944,0.0,27.0,77.0,14.029790878295898,55.0,19.55124743319714,109.52013981820193,2514.0302734375,47.0,0.5427554845809937,4.0,3.0,0.7525193045425536,14.385446548461914,34.0,"{""type"":""Point"",""coordinates"":[109.51932302966367,19.553096930292412]}"
945,0.0,32.0,140.0,22.42329216003418,76.0,19.564722162458935,109.76717652133482,2650.3818359375,43.0,1.320447564125061,4.0,3.0,0.722373965604813,13.457895278930664,35.0,"{""type"":""Point"",""coordinates"":[109.76578058537032,19.566650151379367]}"
946,0.0,30.0,16.0,6.234131813049316,17.0,19.94650615820973,109.56954715882853,1870.0379638671875,40.0,0.18257789313793182,3.0,4.0,0.7561908660398141,15.367935180664062,35.0,"{""type"":""Point"",""coordinates"":[109.56797426507343,19.947126110254292]}"
947,0.0,22.0,128.0,17.18684959411621,76.0,19.470399057626388,109.85251647332615,2742.179443359375,54.0,0.5991755723953247,4.0,3.0,0.7171703900313479,14.255623817443848,37.0,"{""type"":""Point"",""coordinates"":[109.8512138293214,19.468174824212394]}"
948,0.0,23.0,9.0,8.793474197387695,12.0,18.819120476639732,110.41396352590084,2134.3291015625,52.0,0.28679710626602173,2.0,1.0,0.7147037540376415,15.04403305053711,49.0,"{""type"":""Point"",""coordinates"":[110.41452447104251,18.81811753206587]}"
949,0.0,30.0,506.0,40.529579162597656,291.0,18.980817227781245,109.64590395797865,2397.508544921875,39.0,5.255070686340332,5.0,2.0,0.6120616753057366,11.816502571105957,43.0,"{""type"":""Point"",""coordinates"":[109.64438624039259,18.982628761750398]}"
950,0.0,33.0,47.0,18.151647567749023,47.0,19.88362408832137,109.83455016764378,2302.77392578125,39.0,1.339619755744934,4.0,4.0,0.7473359939313378,13.499564170837402,34.0,"{""type"":""Point"",""coordinates"":[109.83632203480283,19.885630076134508]}"
951,0.0,20.0,24.0,7.619999885559082,24.0,19.753368372124037,110.9349863906902,1922.78173828125,57.0,0.6332635879516602,2.0,4.0,0.7001246405853538,12.882986068725586,46.0,"{""type"":""Point"",""coordinates"":[110.93692682843279,19.75415121711172]}"
952,0.0,30.0,259.0,78.09308624267578,81.0,19.133530826081568,109.45276617189296,2649.153076171875,37.0,9.717706680297852,4.0,2.0,0.6630343610381331,11.375751495361328,38.0,"{""type"":""Point"",""coordinates"":[109.45125229557621,19.134217012871396]}"
953,0.0,27.0,55.0,11.001948356628418,48.0,19.80277571275061,110.1130279057208,2481.191650390625,42.0,0.25051403045654297,4.0,4.0,0.7699113620008206,14.89511489868164,32.0,"{""type"":""Point"",""coordinates"":[110.11299487808085,19.80120144055729]}"
954,0.0,28.0,401.0,20.082443237304688,285.0,19.35361807069085,109.45725774831357,2659.1064453125,50.0,1.1563782691955566,4.0,3.0,0.6716325970522111,13.413983345031738,37.0,"{""type"":""Point"",""coordinates"":[109.45688644865999,19.35465897545408]}"
955,0.0,29.0,40.0,10.225118637084961,40.0,19.501840092570568,109.01259168267438,1808.03857421875,47.0,1.032366394996643,3.0,3.0,0.7134526839553571,13.764267921447754,37.0,"{""type"":""Point"",""coordinates"":[109.01309673637249,19.50260360831084]}"
956,0.0,22.0,17.0,12.162810325622559,20.0,18.944884616416466,110.46786244294805,2196.598876953125,49.0,0.6165446043014526,3.0,2.0,0.7438982064840844,14.273957252502441,41.0,"{""type"":""Point"",""coordinates"":[110.47009234869957,18.943428607618948]}"
957,0.0,24.0,20.0,10.669754981994629,21.0,19.735402066441644,110.82269698017524,2153.485107421875,51.0,0.8121803998947144,4.0,3.0,0.7316411584503401,13.05555248260498,43.0,"{""type"":""Point"",""coordinates"":[110.82468901750494,19.736644566072137]}"
958,0.0,32.0,76.0,26.13241195678711,61.0,19.57370531530013,110.23879204549758,2730.4365234375,39.0,1.4801684617996216,4.0,3.0,0.7284392950353598,13.382598876953125,38.0,"{""type"":""Point"",""coordinates"":[110.24080648735631,19.571536690448113]}"
959,0.0,29.0,419.0,65.44039154052734,241.0,18.985308804201843,109.77615967417603,2592.58056640625,45.0,9.104607582092285,4.0,2.0,0.6092475833389455,11.328751564025879,44.0,"{""type"":""Point"",""coordinates"":[109.77406605897217,18.98353619313225]}"
960,0.0,26.0,7.0,7.132776737213135,8.0,20.036337686621685,110.71040756966033,2086.052734375,47.0,0.19193634390830994,3.0,4.0,0.7354134104608832,14.115081787109375,45.0,"{""type"":""Point"",""coordinates"":[110.70966516916471,20.034617008522495]}"
961,0.0,25.0,149.0,27.302650451660156,95.0,18.940393039995868,109.03504956477741,2178.093994140625,48.0,3.0022835731506348,5.0,2.0,0.6435008052813258,12.630155563354492,41.0,"{""type"":""Point"",""coordinates"":[109.03621344443278,18.939706700796123]}"
962,0.0,29.0,109.0,66.65836334228516,86.0,19.093106638296184,109.0215748355156,2169.21875,41.0,12.337756156921387,7.0,2.0,0.6295517513347666,11.226800918579102,40.0,"{""type"":""Point"",""coordinates"":[109.02074439458588,19.094249270585017]}"
963,0.0,26.0,5.0,8.223642349243164,5.0,20.004896651677498,110.40498037305969,2306.356689453125,44.0,0.08376394957304001,3.0,4.0,0.7791605622734511,15.409814834594727,39.0,"{""type"":""Point"",""coordinates"":[110.40629558525671,20.005937120903624]}"
964,0.0,28.0,183.0,58.54074478149414,124.0,19.0751403326138,109.9513311545793,2688.872314453125,48.0,5.959649085998535,4.0,2.0,0.6380165032545402,11.920378684997559,43.0,"{""type"":""Point"",""coordinates"":[109.94992235180186,19.074956810170416]}"
965,0.0,23.0,192.0,19.713693618774414,177.0,18.99429195704304,108.84191177869172,1834.686279296875,56.0,3.090808153152466,3.0,2.0,0.609634854500741,12.57384967803955,42.0,"{""type"":""Point"",""coordinates"":[108.84262957754925,18.99239395584927]}"
966,0.0,31.0,4.0,7.536046981811523,5.0,19.959980887471524,110.79574752165166,2203.242919921875,39.0,0.13485771417617798,3.0,4.0,0.7328838749711841,14.474642753601074,48.0,"{""type"":""Point"",""coordinates"":[110.7971113962008,19.960752505349653]}"
967,0.0,26.0,125.0,11.162181854248047,124.0,19.501840092570568,109.16530528097474,2105.4130859375,55.0,0.7612355351448059,5.0,3.0,0.6751715952846883,14.018058776855469,34.0,"{""type"":""Point"",""coordinates"":[109.16752691682427,19.499995294552804]}"
968,0.0,28.0,37.0,10.150197982788086,38.0,19.96896404031272,110.28819938612412,2526.0966796875,44.0,0.18308669328689575,2.0,4.0,0.7571131133389494,14.582392692565918,38.0,"{""type"":""Point"",""coordinates"":[110.28853447552308,19.96991388701032]}"
969,0.0,23.0,17.0,10.019173622131348,17.0,18.57208377350686,110.06811214151486,2179.86328125,44.0,0.3494341969490051,3.0,1.0,0.7295565974448976,14.861001968383789,45.0,"{""type"":""Point"",""coordinates"":[110.06627791886919,18.57429254622299]}"
970,0.0,26.0,7.0,8.629051208496094,8.0,20.031846110201087,110.58015185346295,2204.6015625,41.0,0.31060662865638733,2.0,4.0,0.7458094342555529,13.633712768554688,44.0,"{""type"":""Point"",""coordinates"":[110.57843392767475,20.03023670659911]}"
971,0.0,32.0,102.0,33.06362533569336,102.0,19.784809407068217,109.99624691878529,2564.251220703125,39.0,2.630126953125,5.0,4.0,0.7043220486183919,12.791607856750488,32.0,"{""type"":""Point"",""coordinates"":[109.99797352698424,19.784622907770427]}"
972,0.0,28.0,362.0,66.86441040039062,238.0,18.886494122948697,109.06199902330098,2260.923095703125,41.0,12.84821605682373,7.0,2.0,0.5938446012586467,11.017704963684082,42.0,"{""type"":""Point"",""coordinates"":[109.0622649397384,18.885210980521403]}"
973,0.0,30.0,263.0,41.332725524902344,251.0,18.608016384871647,108.99462537699202,2042.376220703125,42.0,7.617405414581299,4.0,1.0,0.5717211256048843,11.620320320129395,49.0,"{""type"":""Point"",""coordinates"":[108.99364156683924,18.608913266092966]}"
974,0.0,22.0,191.0,10.516610145568848,51.0,18.67988160760121,109.24615365654546,2105.510986328125,56.0,0.5941882729530334,3.0,1.0,0.680177996836972,14.224417686462402,44.0,"{""type"":""Point"",""coordinates"":[109.24682639956565,18.68034696633506]}"
975,0.0,22.0,128.0,24.107091903686523,90.0,19.587180044561926,109.85251647332615,2673.15380859375,55.0,1.3524011373519897,4.0,3.0,0.7071060755604969,13.441391944885254,35.0,"{""type"":""Point"",""coordinates"":[109.85404193004895,19.588108649093186]}"
976,0.0,25.0,256.0,16.39579200744629,181.0,19.16048028460515,109.92438169605572,2711.900634765625,46.0,0.5584074258804321,4.0,2.0,0.6651011637074138,14.243996620178223,41.0,"{""type"":""Point"",""coordinates"":[109.92288189639967,19.158582375255016]}"
977,0.0,29.0,97.0,19.95191192626953,79.0,19.66353684371208,109.57403873524913,2350.16064453125,46.0,1.502166748046875,4.0,3.0,0.715262171060714,13.355230331420898,33.0,"{""type"":""Point"",""coordinates"":[109.57231448724363,19.663008857974344]}"
978,0.0,24.0,234.0,23.874019622802734,228.0,18.43284490446834,109.36293464348103,1958.181884765625,53.0,3.4992921352386475,3.0,1.0,0.6171767761763517,12.42215633392334,41.0,"{""type"":""Point"",""coordinates"":[109.36136146167904,18.434528255738744]}"
979,0.0,31.0,120.0,22.72539520263672,101.0,19.46141590478519,110.45438771368623,2712.433837890625,35.0,1.149173378944397,4.0,3.0,0.6795198545897042,13.569190979003906,39.0,"{""type"":""Point"",""coordinates"":[110.45234462601722,19.45923793633551]}"
980,0.0,28.0,65.0,9.61068344116211,65.0,19.87913251190077,110.3241319974889,2534.673828125,45.0,0.08372854441404343,9.0,4.0,0.7403534752985874,15.978546142578125,36.0,"{""type"":""Point"",""coordinates"":[110.323952334518,19.877948993159386]}"
981,0.0,27.0,32.0,20.703617095947266,32.0,18.42835332804774,109.17428843381595,1885.8837890625,45.0,2.7990095615386963,4.0,1.0,0.6994685402211849,12.770830154418945,42.0,"{""type"":""Point"",""coordinates"":[109.17306463854258,18.429470465493303]}"
982,0.0,25.0,14.0,8.294755935668945,14.0,18.401403869524152,109.20123789233952,1931.7947998046875,49.0,0.4384223222732544,2.0,1.0,0.7349627641100608,14.635855674743652,41.0,"{""type"":""Point"",""coordinates"":[109.19988480400062,18.403132913894122]}"
983,0.0,31.0,231.0,46.70307540893555,217.0,18.608016384871647,108.99911695341262,2042.376220703125,40.0,9.104039192199707,5.0,1.0,0.5695730628924689,11.4607515335083,49.0,"{""type"":""Point"",""coordinates"":[108.99694258930002,18.60596055989127]}"
984,0.0,23.0,32.0,12.202332496643066,32.0,19.600654773823713,109.31801887927503,2213.447021484375,51.0,0.6312344670295715,2.0,3.0,0.7521153863363431,14.260929107666016,36.0,"{""type"":""Point"",""coordinates"":[109.31593698502964,19.602689786816835]}"
985,0.0,27.0,255.0,48.91672134399414,157.0,19.416500140579217,109.70878602786706,2734.7783203125,44.0,4.185414791107178,4.0,3.0,0.6800915570753755,12.228643417358398,34.0,"{""type"":""Point"",""coordinates"":[109.71009496209595,19.418627967313455]}"
986,0.0,24.0,22.0,10.348453521728516,22.0,19.6365873851885,109.30903572643388,2213.447021484375,54.0,0.4414692521095276,2.0,3.0,0.7647243106320497,14.624316215515137,36.0,"{""type"":""Point"",""coordinates"":[109.30684161540614,19.63533583147761]}"
987,0.0,24.0,179.0,22.90876007080078,62.0,19.34912649427025,109.61895449945507,2724.589599609375,49.0,1.1470447778701782,17.0,3.0,0.7365831279533568,13.57422924041748,37.0,"{""type"":""Point"",""coordinates"":[109.61734825770327,19.350239352826854]}"
988,0.0,24.0,46.0,8.553682327270508,46.0,18.720305795386587,110.1624352463474,2193.443603515625,52.0,0.21487697958946228,3.0,1.0,0.6970404526037055,15.330403327941895,45.0,"{""type"":""Point"",""coordinates"":[110.16066616778178,18.719035541899125]}"
989,0.0,24.0,26.0,9.096258163452148,29.0,18.895477275789894,110.3735393381155,2301.30419921875,51.0,0.18188048899173737,5.0,2.0,0.7252643428720842,15.50877571105957,45.0,"{""type"":""Point"",""coordinates"":[110.37376630829168,18.895057863542963]}"
990,0.0,29.0,156.0,34.98333740234375,84.0,18.8820025465281,108.99013380057141,2231.401611328125,43.0,4.255847930908203,4.0,2.0,0.6530387458390204,12.275932312011719,41.0,"{""type"":""Point"",""coordinates"":[108.99117762626014,18.88261430519251]}"
991,0.0,30.0,26.0,14.222023010253906,26.0,19.89260724116256,109.81658386196136,2302.77392578125,42.0,0.8088115453720093,4.0,4.0,0.7741495111505889,14.016496658325195,34.0,"{""type"":""Point"",""coordinates"":[109.81495821231564,19.89270983652082]}"
993,0.0,23.0,81.0,13.442496299743652,81.0,19.35361807069085,108.94970961278602,1983.51708984375,55.0,1.2353427410125732,2.0,3.0,0.660908048313013,13.56048583984375,40.0,"{""type"":""Point"",""coordinates"":[108.9492506273779,19.35502668436359]}"
994,0.0,24.0,145.0,12.112371444702148,115.0,19.506331668991166,110.1130279057208,2720.608642578125,52.0,0.18255704641342163,4.0,3.0,0.7093884678941382,15.433625221252441,33.0,"{""type"":""Point"",""coordinates"":[110.1124658590727,19.50852566656345]}"
995,0.0,39.0,71.0,8.282275199890137,72.0,19.820742018433002,109.5515808531461,2002.4404296875,34.0,0.44194403290748596,5.0,4.0,0.7091324982788962,14.594508171081543,33.0,"{""type"":""Point"",""coordinates"":[109.5522933666768,19.819694343584917]}"
996,0.0,25.0,152.0,29.913555145263672,150.0,18.76522155959256,108.78352128522391,1793.6463623046875,53.0,6.275947570800781,4.0,1.0,0.5868468954300678,11.887835502624512,45.0,"{""type"":""Point"",""coordinates"":[108.78503516119432,18.763728630225742]}"
997,0.0,26.0,103.0,23.53357696533203,74.0,19.510823245411764,110.12650263498261,2720.608642578125,50.0,1.2520447969436646,6.0,3.0,0.7327282303997448,13.533799171447754,34.0,"{""type"":""Point"",""coordinates"":[110.12600563471455,19.51085476123206]}"
998,0.0,31.0,563.0,62.165985107421875,414.0,18.93590146357527,109.83005859122318,2485.090576171875,37.0,10.230198860168457,4.0,2.0,0.587227466662807,11.095629692077637,45.0,"{""type"":""Point"",""coordinates"":[109.82821612102909,18.936443891957765]}"
999,0.0,27.0,423.0,36.18447494506836,243.0,18.8820025465281,109.51115666536077,2218.97705078125,48.0,5.33937406539917,6.0,2.0,0.598773948962512,11.864985466003418,45.0,"{""type"":""Point"",""coordinates"":[109.51115086801306,18.882028859734813]}"
1000,0.0,27.0,201.0,21.199222564697266,184.0,18.868527817266305,110.21184258697394,2599.125732421875,49.0,1.2468767166137695,4.0,2.0,0.6478971270547337,13.476667404174805,45.0,"{""type"":""Point"",""coordinates"":[110.21250512099691,18.86717269720662]}"
1001,0.0,24.0,11.0,10.742562294006348,14.0,18.774204712433757,110.3735393381155,2132.868896484375,50.0,0.5452330708503723,2.0,1.0,0.7111966948959499,14.419538497924805,49.0,"{""type"":""Point"",""coordinates"":[110.37258696525633,18.77521902396946]}"
1002,0.0,35.0,80.0,29.507455825805664,80.0,19.043699297669612,110.39599722021848,2689.599853515625,36.0,1.9444299936294556,4.0,2.0,0.7051849356933808,13.107234954833984,38.0,"{""type"":""Point"",""coordinates"":[110.39568485877516,19.044416746938566]}"
1003,0.0,31.0,694.0,45.257774353027344,658.0,18.756238406751365,110.03217953015007,2490.430419921875,44.0,7.040339469909668,5.0,1.0,0.5918449892494589,11.358240127563477,45.0,"{""type"":""Point"",""coordinates"":[110.03096996123327,18.75564397260102]}"
1004,0.0,28.0,358.0,41.678409576416016,202.0,19.079631909034397,109.77615967417603,2516.873291015625,47.0,4.532546043395996,4.0,2.0,0.6426869886741675,12.077371597290039,40.0,"{""type"":""Point"",""coordinates"":[109.77772895395432,19.08103318786121]}"
1005,0.0,25.0,15.0,8.646492958068848,16.0,19.919556699686147,110.72388229892209,2210.73193359375,46.0,0.33495599031448364,4.0,4.0,0.7204448272627658,13.54038143157959,48.0,"{""type"":""Point"",""coordinates"":[110.7250152194571,19.91831810961619]}"
1006,0.0,27.0,661.0,28.6040096282959,583.0,18.810137323798536,109.72675233354943,2423.74072265625,45.0,3.110706090927124,5.0,1.0,0.5987245646355164,12.209829330444336,46.0,"{""type"":""Point"",""coordinates"":[109.72465521495045,18.809060906804444]}"
1007,0.0,28.0,181.0,41.20393753051758,150.0,18.93590146357527,110.1624352463474,2585.531982421875,47.0,3.772953987121582,4.0,2.0,0.6331654174996755,12.380974769592285,46.0,"{""type"":""Point"",""coordinates"":[110.16090215184566,18.93735316218881]}"
1008,0.0,19.0,76.0,15.311976432800293,66.0,19.12903924966097,108.8688612372153,2053.867919921875,61.0,1.3770376443862915,2.0,2.0,0.6859051387077627,13.454850196838379,39.0,"{""type"":""Point"",""coordinates"":[108.86760208192482,19.128627130487615]}"
1009,0.0,21.0,14.0,10.2299222946167,15.0,19.820742018433002,109.47971563041654,1959.9766845703125,54.0,0.6802979707717896,2.0,4.0,0.756786236732236,14.196479797363281,36.0,"{""type"":""Point"",""coordinates"":[109.47962413204104,19.822128058784305]}"
1010,0.0,26.0,23.0,10.20920181274414,24.0,19.874640935480173,110.67447495829555,2311.615478515625,44.0,0.42185425758361816,6.0,4.0,0.7359869280693757,13.70612907409668,44.0,"{""type"":""Point"",""coordinates"":[110.6765851362681,19.87354243765963]}"
1011,0.0,27.0,26.0,12.029531478881836,9.0,19.735402066441644,110.04565425941183,2623.853515625,49.0,0.2597999572753906,2.0,3.0,0.8250803510343516,15.152210235595703,31.0,"{""type"":""Point"",""coordinates"":[110.04601306557734,19.737261561814748]}"
1012,0.0,30.0,556.0,55.10321044921875,518.0,18.774204712433757,110.02319637730886,2490.430419921875,43.0,8.52534294128418,5.0,1.0,0.594508957479124,11.287088394165039,45.0,"{""type"":""Point"",""coordinates"":[110.02164075687594,18.77213644340682]}"
1013,0.0,31.0,250.0,36.9854736328125,125.0,18.724797371807185,109.06649059972159,2085.062744140625,40.0,5.943129062652588,4.0,1.0,0.6024808502841156,11.879533767700195,44.0,"{""type"":""Point"",""coordinates"":[109.06532250997546,18.724314850514823]}"
1014,0.0,28.0,258.0,42.217369079589844,203.0,19.389550682055628,109.96929746026171,2808.718505859375,47.0,3.2180604934692383,5.0,3.0,0.6711910524536022,12.490193367004395,37.0,"{""type"":""Point"",""coordinates"":[109.96993476108123,19.38889721187491]}"
1015,0.0,28.0,79.0,17.464065551757812,79.0,19.86116620621838,110.45438771368623,2497.436279296875,43.0,1.1315480470657349,5.0,4.0,0.7054508447193463,13.174071311950684,38.0,"{""type"":""Point"",""coordinates"":[110.45268554813501,19.861828778837477]}"
1016,0.0,23.0,121.0,17.872528076171875,68.0,19.277261271540688,110.17141839918861,2854.202880859375,52.0,0.5498856902122498,4.0,2.0,0.722016263519402,14.34577465057373,38.0,"{""type"":""Point"",""coordinates"":[110.16937181950433,19.27823509347783]}"
1017,0.0,27.0,10.0,6.297830581665039,11.0,20.000405075256907,110.71489914608088,2086.052734375,46.0,0.0,3.0,4.0,0.7236654635319419,15.317362785339355,47.0,"{""type"":""Point"",""coordinates"":[110.7166582161929,20.00164288632478]}"
1018,0.0,30.0,664.0,51.03431701660156,488.0,18.998783533463637,109.78065125059658,2592.58056640625,45.0,7.399914264678955,4.0,2.0,0.6104234837988943,11.335858345031738,42.0,"{""type"":""Point"",""coordinates"":[109.78031884605511,18.999599683387046]}"
1019,0.0,24.0,15.0,5.255252361297607,18.0,18.62598269055404,108.72962236817676,1728.5509033203125,49.0,0.12970924377441406,2.0,1.0,0.714903926437003,15.762870788574219,42.0,"{""type"":""Point"",""coordinates"":[108.72813949426096,18.62464995600739]}"
1020,0.0,30.0,501.0,56.508758544921875,412.0,19.025732991987226,109.15632212813352,2501.99462890625,42.0,8.31264591217041,6.0,2.0,0.6262381062416957,11.357681274414062,39.0,"{""type"":""Point"",""coordinates"":[109.15827632657214,19.02369080214609]}"
1021,0.0,30.0,561.0,58.63467025756836,429.0,18.97183407494005,109.20123789233952,2402.91064453125,39.0,10.234006881713867,5.0,2.0,0.6060163885733473,11.096929550170898,40.0,"{""type"":""Point"",""coordinates"":[109.20210704931387,18.969807129250995]}"
1022,0.0,24.0,14.0,8.669044494628906,15.0,19.739893642862242,110.91252850858717,1932.630126953125,53.0,1.0422154664993286,4.0,3.0,0.7160328995789639,12.407427787780762,45.0,"{""type"":""Point"",""coordinates"":[110.91035247771022,19.74025594412875]}"
1023,0.0,27.0,91.0,14.693909645080566,91.0,19.55124743319714,109.04403271761862,1843.529541015625,46.0,1.7775863409042358,2.0,3.0,0.6566992581332901,13.190409660339355,36.0,"{""type"":""Point"",""coordinates"":[109.0456913179916,19.552381962047782]}"
1024,0.0,24.0,29.0,11.282140731811523,30.0,19.739893642862242,110.82269698017524,2153.485107421875,53.0,0.9971005320549011,5.0,3.0,0.7212336651351433,12.836722373962402,43.0,"{""type"":""Point"",""coordinates"":[110.82290461181837,19.740789468793626]}"
1025,0.0,26.0,169.0,29.487533569335938,99.0,19.35361807069085,109.94234800173814,2757.36669921875,49.0,1.7957247495651245,4.0,3.0,0.6745071537826823,13.132152557373047,39.0,"{""type"":""Point"",""coordinates"":[109.94377858387703,19.353529613872798]}"
1026,0.0,29.0,394.0,42.547027587890625,374.0,18.8775109701075,110.19836785771219,2438.314697265625,45.0,5.239002227783203,4.0,2.0,0.6114558897151411,11.905656814575195,45.0,"{""type"":""Point"",""coordinates"":[110.1993527013681,18.876293069149714]}"
1027,0.0,28.0,367.0,47.77042007446289,250.0,19.367092799952644,109.64590395797865,2707.4736328125,48.0,4.6612324714660645,4.0,3.0,0.6633689619891264,12.042778015136719,36.0,"{""type"":""Point"",""coordinates"":[109.64696930301471,19.366059821898357]}"
1028,0.0,25.0,38.0,15.28351879119873,38.0,19.762351524965233,109.47522405399599,2058.042724609375,52.0,1.3770875930786133,3.0,4.0,0.7514776861994832,13.47723388671875,32.0,"{""type"":""Point"",""coordinates"":[109.47662615554077,19.761232023472257]}"
1029,0.0,24.0,36.0,8.039397239685059,39.0,18.536151162142083,108.84191177869172,1717.3165283203125,50.0,0.6909388899803162,2.0,1.0,0.6742430365601855,14.168218612670898,45.0,"{""type"":""Point"",""coordinates"":[108.84334121096992,18.536005299638397]}"
1030,0.0,24.0,38.0,16.473230361938477,27.0,19.71294418433866,110.18938470487097,2690.844970703125,48.0,0.594419538974762,3.0,3.0,0.8077110856534975,14.147502899169922,30.0,"{""type"":""Point"",""coordinates"":[110.18800270995888,19.71309282312017]}"
1031,0.0,29.0,36.0,8.626984596252441,36.0,18.59903323203045,110.03217953015007,2040.6658935546875,41.0,0.3648192584514618,5.0,1.0,0.6959886392683519,14.806902885437012,46.0,"{""type"":""Point"",""coordinates"":[110.0340626900983,18.599165142072813]}"
1032,0.0,27.0,36.0,11.292415618896484,37.0,19.83421674769479,110.58913500630416,2398.02392578125,41.0,0.4697864353656769,5.0,4.0,0.7516407208639293,13.64440631866455,38.0,"{""type"":""Point"",""coordinates"":[110.58843633151164,19.83261361889689]}"
1033,0.0,25.0,32.0,16.584909439086914,23.0,19.164971861025748,110.28370780970351,2862.3017578125,47.0,0.4212370216846466,4.0,2.0,0.7692249903591912,14.665432929992676,40.0,"{""type"":""Point"",""coordinates"":[110.28534269066601,19.166713785539724]}"
1034,0.0,31.0,442.0,54.900474548339844,318.0,18.97183407494005,109.17878001023655,2304.637451171875,37.0,9.416939735412598,6.0,2.0,0.6108838394964899,11.277022361755371,40.0,"{""type"":""Point"",""coordinates"":[109.17718225097525,18.973455038793656]}"
1036,0.0,28.0,11.0,8.770910263061523,12.0,19.870149359059575,109.55607242956671,1938.7442626953125,43.0,0.5041846036911011,2.0,4.0,0.7641976322109838,14.497814178466797,35.0,"{""type"":""Point"",""coordinates"":[109.55710939027581,19.87219467319026]}"
1037,0.0,30.0,224.0,63.08284378051758,196.0,18.563100620665672,109.35395149063982,2199.771484375,42.0,11.963418960571289,4.0,1.0,0.5816133667788526,11.185991287231445,46.0,"{""type"":""Point"",""coordinates"":[109.35339159672506,18.561990149469317]}"
1038,0.0,29.0,19.0,18.742839813232422,19.0,19.924048276106745,109.94234800173814,2396.488037109375,39.0,1.3127237558364868,4.0,4.0,0.777006470843173,13.266189575195312,36.0,"{""type"":""Point"",""coordinates"":[109.94058158434828,19.921898027759955]}"
1039,0.0,27.0,29.0,11.12055492401123,13.0,19.726418913600448,110.06811214151486,2652.2001953125,46.0,0.13469535112380981,4.0,3.0,0.817998653550371,15.807372093200684,32.0,"{""type"":""Point"",""coordinates"":[110.06968674304919,19.724960755705293]}"
1040,0.0,22.0,141.0,19.89778709411621,83.0,19.479382210467584,109.56954715882853,2557.77197265625,54.0,1.0851951837539673,4.0,3.0,0.7041809984441427,13.653542518615723,37.0,"{""type"":""Point"",""coordinates"":[109.56927499225277,19.479139341090242]}"
1041,0.0,29.0,244.0,21.89950180053711,239.0,18.54513431498328,109.83005859122318,2166.52001953125,43.0,2.2789828777313232,5.0,1.0,0.6076865698243816,12.845094680786133,47.0,"{""type"":""Point"",""coordinates"":[109.8288589663996,18.546014819643684]}"
1042,0.0,28.0,211.0,47.793296813964844,194.0,19.245820236596508,110.21184258697394,2882.9013671875,43.0,3.4344468116760254,3.0,2.0,0.6530596453806763,12.455944061279297,41.0,"{""type"":""Point"",""coordinates"":[110.21323071875554,19.247409272144544]}"
1043,0.0,29.0,209.0,56.574859619140625,184.0,18.899968852210492,108.8688612372153,2049.3916015625,43.0,12.068471908569336,5.0,2.0,0.5885174793115485,11.186755180358887,43.0,"{""type"":""Point"",""coordinates"":[108.86726949221189,18.8983676159699]}"
1044,0.0,29.0,991.0,54.77706527709961,811.0,18.98980038062244,109.4437830190518,2422.73974609375,41.0,14.573638916015625,6.0,2.0,0.5626911646374635,10.284333229064941,42.0,"{""type"":""Point"",""coordinates"":[109.44307816647816,18.989185463216412]}"
1045,0.0,24.0,44.0,15.25582504272461,35.0,19.618621079506106,110.32862357390951,2650.8330078125,50.0,0.5480378270149231,3.0,3.0,0.772170217153195,14.165224075317383,36.0,"{""type"":""Point"",""coordinates"":[110.32938768627707,19.61691322185594]}"
1047,0.0,25.0,47.0,18.732210159301758,38.0,19.72192733717985,110.22531731623576,2636.308349609375,51.0,0.9878027439117432,6.0,3.0,0.7867933293218753,13.529251098632812,32.0,"{""type"":""Point"",""coordinates"":[110.22545686553494,19.722438012205142]}"
1048,0.0,30.0,437.0,58.878562927246094,248.0,19.12454767324037,109.58751346451089,2458.424072265625,40.0,8.780731201171875,4.0,2.0,0.6198908646325896,11.351972579956055,40.0,"{""type"":""Point"",""coordinates"":[109.58662594949783,19.124903450803856]}"
1049,0.0,25.0,229.0,31.908132553100586,128.0,19.40751698773802,109.5920050409315,2627.42919921875,53.0,2.4679453372955322,4.0,3.0,0.6941612904464544,12.77524471282959,33.0,"{""type"":""Point"",""coordinates"":[109.59408127997354,19.40726169492592]}"
1050,0.0,27.0,252.0,43.05583572387695,118.0,19.21437920165232,109.3943756784252,2762.749755859375,45.0,3.341942071914673,4.0,2.0,0.674772920721706,12.456345558166504,36.0,"{""type"":""Point"",""coordinates"":[109.39366637352853,19.21230195532307]}"
1051,0.0,28.0,512.0,64.6349868774414,409.0,19.142513978922757,109.19225473949831,2578.6181640625,49.0,9.999748229980469,6.0,2.0,0.6287618769280547,11.160892486572266,38.0,"{""type"":""Point"",""coordinates"":[109.19158489280574,19.143825563270322]}"
1052,0.0,29.0,24.0,9.93395709991455,24.0,19.72192733717985,110.7328654517633,2391.37744140625,45.0,0.2931986153125763,4.0,3.0,0.757523898757128,14.355355262756348,40.0,"{""type"":""Point"",""coordinates"":[110.73097657527417,19.721808737695497]}"
1053,0.0,22.0,66.0,15.56896686553955,49.0,19.55124743319714,110.28370780970351,2757.476318359375,53.0,0.43129903078079224,4.0,3.0,0.747327145627749,14.602093696594238,38.0,"{""type"":""Point"",""coordinates"":[110.28590605724531,19.551252312322724]}"
1054,0.0,34.0,126.0,27.788297653198242,111.0,19.340143341429055,110.30616569180654,2877.0341796875,41.0,1.5128589868545532,4.0,3.0,0.6815708497299838,13.330456733703613,38.0,"{""type"":""Point"",""coordinates"":[110.30452861641764,19.340049966162265]}"
1055,0.0,26.0,517.0,94.66312408447266,432.0,19.245820236596508,109.91989011963511,2784.114013671875,49.0,14.625534057617188,5.0,2.0,0.6109377387026417,10.764813423156738,38.0,"{""type"":""Point"",""coordinates"":[109.92041420327783,19.245795902012244]}"
1056,0.0,21.0,28.0,10.395841598510742,28.0,19.66802842013268,109.34945991421921,2093.907958984375,57.0,0.56007981300354,2.0,3.0,0.750004914598761,14.382858276367188,36.0,"{""type"":""Point"",""coordinates"":[109.34728534534725,19.665785884010056]}"
1057,0.0,25.0,47.0,45.130455017089844,42.0,18.46428593941252,109.26861153864849,1937.287353515625,48.0,8.71571159362793,11.0,1.0,0.6713079774888489,11.619250297546387,43.0,"{""type"":""Point"",""coordinates"":[109.26671027576475,18.464177065608578]}"
1058,0.0,30.0,740.0,17.04983139038086,536.0,18.922426734313476,109.60547977019331,2311.570068359375,46.0,1.583059549331665,5.0,2.0,0.6021523576550489,12.810881614685059,44.0,"{""type"":""Point"",""coordinates"":[109.60701999383723,18.922541875606157]}"
1059,0.0,30.0,32.0,31.313669204711914,33.0,19.474890634046986,110.64303392335137,2528.822265625,39.0,3.142345905303955,5.0,3.0,0.7578024284588815,12.22144889831543,37.0,"{""type"":""Point"",""coordinates"":[110.64080515866164,19.475226810116094]}"
1060,0.0,28.0,722.0,79.33694458007812,490.0,18.97183407494005,109.72226075712882,2643.14892578125,44.0,15.282071113586426,6.0,2.0,0.5830311210438439,10.537330627441406,42.0,"{""type"":""Point"",""coordinates"":[109.72201097578416,18.971082898194584]}"
1061,0.0,25.0,175.0,17.49349594116211,98.0,19.29522757722308,109.87048277900857,2662.313232421875,52.0,0.7609332203865051,5.0,3.0,0.6900979064754273,13.987242698669434,37.0,"{""type"":""Point"",""coordinates"":[109.87166246382998,19.29453545314906]}"
1062,0.0,33.0,59.0,18.487422943115234,59.0,19.72192733717985,109.47971563041654,2328.15234375,42.0,1.388449788093567,4.0,3.0,0.7435222029946406,13.456686019897461,32.0,"{""type"":""Point"",""coordinates"":[109.47958209490727,19.723672960415644]}"
1063,0.0,27.0,118.0,16.54635238647461,61.0,19.60514635024431,109.74022706281124,2620.146484375,46.0,0.6800330877304077,4.0,3.0,0.7521748027416746,14.135165214538574,33.0,"{""type"":""Point"",""coordinates"":[109.73861324827034,19.60669287842448]}"
1064,0.0,28.0,16.0,8.258149147033691,16.0,19.735402066441644,110.76430648670748,2330.78369140625,48.0,0.12990064918994904,5.0,3.0,0.7691270587203134,14.894585609436035,39.0,"{""type"":""Point"",""coordinates"":[110.76296239847345,19.735725587242566]}"
1065,0.0,34.0,82.0,15.242327690124512,65.0,19.757859948544635,109.8031091326996,2481.65869140625,39.0,0.7555323243141174,6.0,4.0,0.7308990709435407,14.051665306091309,36.0,"{""type"":""Point"",""coordinates"":[109.8048468896965,19.758391402265072]}"
1066,0.0,28.0,108.0,27.96710205078125,100.0,19.29522757722308,110.3241319974889,3014.400634765625,46.0,1.2286545038223267,3.0,3.0,0.6914921146544831,13.549626350402832,36.0,"{""type"":""Point"",""coordinates"":[110.32493961566175,19.293380191179093]}"
1067,0.0,30.0,116.0,19.46124267578125,111.0,19.645570538029695,110.61159288840719,2439.375,46.0,1.6837351322174072,3.0,3.0,0.6951830370287535,12.767793655395508,33.0,"{""type"":""Point"",""coordinates"":[110.61102352435147,19.643413292652504]}"
1068,0.0,22.0,40.0,7.6677021980285645,40.0,19.097598214716783,108.7071644860738,1639.843994140625,55.0,0.7606479525566101,2.0,2.0,0.6769021165887237,14.069755554199219,43.0,"{""type"":""Point"",""coordinates"":[108.705596922885,19.09843896069465]}"
1069,0.0,25.0,381.0,80.11798095703125,234.0,19.178446590287543,109.798617556279,2877.500244140625,46.0,8.559473037719727,3.0,2.0,0.6271726147838734,11.419590950012207,40.0,"{""type"":""Point"",""coordinates"":[109.79934618635026,19.178872807363742]}"
1070,0.0,23.0,32.0,13.082215309143066,35.0,18.90446042863109,110.3645561852743,2392.823974609375,51.0,0.5302743315696716,4.0,2.0,0.7213899404349688,14.435223579406738,45.0,"{""type"":""Point"",""coordinates"":[110.3626520550478,18.90226687843451]}"
1071,0.0,28.0,27.0,22.431819915771484,13.0,19.77582625422702,110.13099421140322,2554.08056640625,43.0,1.5218226909637451,4.0,4.0,0.8093489526363024,13.112259864807129,32.0,"{""type"":""Point"",""coordinates"":[110.12892353388183,19.778043259355314]}"
1072,0.0,26.0,146.0,15.611363410949707,43.0,19.313193882905473,109.72226075712882,2654.894287109375,40.0,0.501423716545105,4.0,3.0,0.7577618605609205,14.422592163085938,36.0,"{""type"":""Point"",""coordinates"":[109.72293843222575,19.311435807290785]}"
1073,0.0,29.0,210.0,29.20120620727539,111.0,19.46141590478519,109.69980287502585,2735.858642578125,44.0,1.845649003982544,4.0,3.0,0.6885833144001103,13.078470230102539,35.0,"{""type"":""Point"",""coordinates"":[109.70103989328398,19.462190662720197]}"
1074,0.0,25.0,32.0,22.18617820739746,22.0,19.21437920165232,108.96318434204784,2425.395751953125,53.0,1.6029213666915894,3.0,2.0,0.750210418387468,13.328803062438965,41.0,"{""type"":""Point"",""coordinates"":[108.96504731733658,19.212465140328003]}"
1075,0.0,26.0,85.0,11.382895469665527,85.0,19.344634917849653,108.92725173068305,2051.248779296875,53.0,0.8357533812522888,3.0,3.0,0.6536938480888621,13.948944091796875,42.0,"{""type"":""Point"",""coordinates"":[108.92518792664309,19.343086350524793]}"
1076,0.0,31.0,18.0,9.948409080505371,17.0,19.816250442012404,110.3735393381155,2490.967529296875,36.0,0.13475751876831055,7.0,4.0,0.796652037993404,15.543500900268555,35.0,"{""type"":""Point"",""coordinates"":[110.37499875625403,19.8152132282714]}"
1077,0.0,27.0,316.0,13.870136260986328,230.0,19.01225826272543,109.9603143074205,2586.231201171875,49.0,0.5032140612602234,4.0,2.0,0.6523561780445081,14.30714225769043,43.0,"{""type"":""Point"",""coordinates"":[109.96142269965691,19.013471300927435]}"
1078,0.0,21.0,32.0,6.48121976852417,32.0,18.495726974356707,110.0007384952059,1867.372802734375,56.0,0.21034331619739532,2.0,1.0,0.6930633756419248,15.359901428222656,45.0,"{""type"":""Point"",""coordinates"":[109.99883171979464,18.493860229092853]}"
1079,0.0,24.0,219.0,48.3338508605957,100.0,19.209887625231723,109.82107543838197,2768.3896484375,54.0,4.072091102600098,4.0,2.0,0.6693897829778508,12.279951095581055,37.0,"{""type"":""Point"",""coordinates"":[109.82064803610275,19.20913225717581]}"
1080,0.0,21.0,8.0,4.952871799468994,8.0,19.01225826272543,108.65326556902659,1402.97021484375,54.0,0.4826904237270355,2.0,2.0,0.6922118659023622,14.543105125427246,45.0,"{""type"":""Point"",""coordinates"":[108.65420473088841,19.01007298925574]}"
1081,0.0,25.0,20.0,13.382709503173828,20.0,19.89260724116256,109.85700804974675,2415.255615234375,49.0,0.5971271991729736,4.0,4.0,0.7888390586717818,14.133926391601562,34.0,"{""type"":""Point"",""coordinates"":[109.85791013494351,19.894433712664185]}"
1082,0.0,25.0,180.0,12.415657043457031,95.0,19.29971915364368,109.78514282701718,2657.0927734375,54.0,0.2930593490600586,4.0,3.0,0.6946655100010638,14.938287734985352,37.0,"{""type"":""Point"",""coordinates"":[109.78643807148444,19.30182505161373]}"
1083,0.0,31.0,241.0,20.881357192993164,124.0,19.308702306484875,109.61895449945507,2724.589599609375,42.0,1.0475773811340332,4.0,3.0,0.6860446927241672,13.624747276306152,36.0,"{""type"":""Point"",""coordinates"":[109.61940945096072,19.30771042257185]}"
1084,0.0,27.0,280.0,30.780014038085938,156.0,18.886494122948697,109.87497435542917,2470.024658203125,49.0,2.8241164684295654,4.0,2.0,0.6290278915837964,12.606183052062988,45.0,"{""type"":""Point"",""coordinates"":[109.87374472313496,18.88639002785226]}"
1085,0.0,29.0,6.0,8.209754943847656,7.0,19.78031783064762,109.32251045569564,1807.3800048828125,42.0,0.5946331024169922,4.0,4.0,0.7722246659408153,14.33566951751709,33.0,"{""type"":""Point"",""coordinates"":[109.32168594579025,19.77933678986525]}"
1086,0.0,24.0,227.0,62.85948181152344,118.0,19.362601223532046,109.45725774831357,2659.1064453125,55.0,7.0634002685546875,3.0,3.0,0.6575413492153294,11.720551490783691,37.0,"{""type"":""Point"",""coordinates"":[109.45633406466605,19.36219769101449]}"
1087,0.0,29.0,117.0,36.21689224243164,93.0,19.007766686304834,110.166926822768,2683.997314453125,41.0,2.6049394607543945,6.0,2.0,0.6512605931366573,12.79211139678955,46.0,"{""type"":""Point"",""coordinates"":[110.16776446806064,19.009346741027063]}"
1088,0.0,26.0,16.0,12.433005332946777,17.0,19.8252335948536,109.52463139462253,1986.0738525390625,46.0,1.002838134765625,4.0,4.0,0.7606914504080089,13.807214736938477,35.0,"{""type"":""Point"",""coordinates"":[109.52286493049473,19.824693562954984]}"
1089,0.0,24.0,108.0,13.99204158782959,87.0,19.286244424381884,109.04852429403917,2129.14208984375,55.0,1.089429259300232,3.0,3.0,0.6580983682588484,13.66992473602295,41.0,"{""type"":""Point"",""coordinates"":[109.04821834121576,19.285851728540194]}"
1090,0.0,31.0,412.0,76.10807800292969,280.0,19.003275109884235,109.19674631591892,2501.99462890625,39.0,12.695324897766113,7.0,2.0,0.6172958407992106,10.993448257446289,39.0,"{""type"":""Point"",""coordinates"":[109.19884545349014,19.00145743497571]}"
1091,0.0,25.0,65.0,18.01412582397461,34.0,19.483873786888182,110.27921623328291,2756.677001953125,43.0,0.6084182858467102,4.0,3.0,0.7675192848365142,14.278374671936035,37.0,"{""type"":""Point"",""coordinates"":[110.27726150776684,19.481844825413276]}"
1092,0.0,28.0,346.0,62.56336212158203,309.0,19.32666861216726,110.21633416339455,2951.015380859375,47.0,5.514670372009277,5.0,3.0,0.6555669804861819,11.888809204101562,37.0,"{""type"":""Point"",""coordinates"":[110.21663508288215,19.32672419477005]}"
1093,0.0,23.0,189.0,17.759571075439453,116.0,19.41200856415862,109.53810612388435,2622.5146484375,57.0,0.8603338003158569,4.0,3.0,0.699299517950656,13.855533599853516,34.0,"{""type"":""Point"",""coordinates"":[109.53959093888973,19.410033113354736]}"
1094,0.0,31.0,253.0,51.412254333496094,256.0,18.3160639175328,109.64590395797865,1942.6004638671875,44.0,13.015216827392578,4.0,0.0,0.5772782487388572,11.079835891723633,43.0,"{""type"":""Point"",""coordinates"":[109.64749465988068,18.31650616784806]}"
1095,0.0,34.0,118.0,24.26095962524414,111.0,19.474890634046986,110.55769397135998,2601.67529296875,40.0,1.8787055015563965,4.0,3.0,0.6775007609076885,12.829750061035156,39.0,"{""type"":""Point"",""coordinates"":[110.5587106581877,19.47572321501354]}"
1096,0.0,29.0,549.0,18.851449966430664,509.0,18.841578358742723,108.90479384858008,2222.74951171875,48.0,1.9744397401809692,7.0,2.0,0.6085744844227692,12.762704849243164,44.0,"{""type"":""Point"",""coordinates"":[108.90572660634135,18.842320105153803]}"
1097,0.0,29.0,385.0,41.822227478027344,381.0,18.42835332804774,109.33598518495745,1952.53662109375,44.0,9.62550163269043,6.0,1.0,0.5861701545582986,11.2972993850708,42.0,"{""type"":""Point"",""coordinates"":[109.33545581906185,18.42630263435181]}"
1098,0.0,30.0,281.0,31.541128158569336,112.0,19.164971861025748,109.63692080513749,2664.16552734375,37.0,2.231987237930298,4.0,2.0,0.664948916856129,12.841111183166504,39.0,"{""type"":""Point"",""coordinates"":[109.63740483275598,19.166428540259595]}"
1099,0.0,26.0,180.0,57.278324127197266,153.0,18.80115417095734,110.07709529435607,2453.896240234375,48.0,7.16160774230957,4.0,1.0,0.6131623431295133,11.736954689025879,46.0,"{""type"":""Point"",""coordinates"":[110.07495372166093,18.801620359621698]}"
1100,0.0,26.0,38.0,34.416873931884766,35.0,19.151497131763954,110.34209830317133,2951.798828125,45.0,1.753566861152649,3.0,2.0,0.7519726284791849,13.235432624816895,39.0,"{""type"":""Point"",""coordinates"":[110.34209970220432,19.14939295559819]}"
1101,0.0,28.0,196.0,26.43016242980957,79.0,19.29522757722308,109.62793765229628,2701.53857421875,42.0,1.55046808719635,4.0,3.0,0.7096810302561145,13.261884689331055,36.0,"{""type"":""Point"",""coordinates"":[109.63018290509682,19.293224237335668]}"
1102,0.0,30.0,238.0,35.62873077392578,114.0,18.832595205901526,109.04852429403917,2249.57666015625,44.0,4.579415798187256,7.0,2.0,0.6414899187360805,12.149618148803711,39.0,"{""type"":""Point"",""coordinates"":[109.05060080042989,18.83269914326729]}"
1103,0.0,32.0,391.0,84.29512023925781,371.0,18.985308804201843,110.26124992760055,2625.502685546875,37.0,12.8345947265625,4.0,2.0,0.5935897388331474,10.99771785736084,45.0,"{""type"":""Point"",""coordinates"":[110.26038578011548,18.98346760731672]}"
1104,0.0,23.0,30.0,17.505456924438477,30.0,19.641078961609097,109.36742621990163,2290.14013671875,54.0,1.223273754119873,3.0,3.0,0.7572956529757616,13.600371360778809,36.0,"{""type"":""Point"",""coordinates"":[109.3655574217803,19.642593069347093]}"
1105,0.0,25.0,16.0,10.881804466247559,17.0,19.699469455076866,110.99337688415795,1828.0675048828125,46.0,2.376229763031006,3.0,3.0,0.6982619659066683,11.578292846679688,46.0,"{""type"":""Point"",""coordinates"":[110.99327935866026,19.69842658676324]}"
1106,0.0,24.0,303.0,30.2971248626709,106.0,18.985308804201843,109.55607242956671,2306.35986328125,50.0,3.2249038219451904,4.0,2.0,0.6299564288409246,12.457481384277344,42.0,"{""type"":""Point"",""coordinates"":[109.55496365161709,18.98386331010323]}"
1107,0.0,25.0,438.0,47.91788101196289,255.0,19.10658136755798,109.69531129860525,2646.282958984375,51.0,5.081639289855957,4.0,2.0,0.6445821019742487,11.903382301330566,39.0,"{""type"":""Point"",""coordinates"":[109.69437949809023,19.108486993591995]}"
1108,0.0,24.0,251.0,47.108585357666016,219.0,19.066157179772603,110.09506160003843,2750.775634765625,53.0,3.994067430496216,3.0,2.0,0.6315831104811805,12.278266906738281,45.0,"{""type"":""Point"",""coordinates"":[110.09434301239027,19.067564116458826]}"
1109,0.0,26.0,78.0,10.744003295898438,76.0,19.587180044561926,109.385392525584,2432.017333984375,52.0,0.29819080233573914,2.0,3.0,0.7194698275095224,14.983796119689941,35.0,"{""type"":""Point"",""coordinates"":[109.38678441288234,19.58791298723653]}"
1110,0.0,27.0,396.0,56.217185974121094,272.0,18.79666259453675,109.04403271761862,2110.38330078125,45.0,12.308574676513672,6.0,1.0,0.5942998993779417,11.037259101867676,40.0,"{""type"":""Point"",""coordinates"":[109.04374564063004,18.797600009631005]}"
1111,0.0,27.0,52.0,39.59739303588867,37.0,19.142513978922757,110.19387628129158,2826.48486328125,44.0,2.515237331390381,3.0,2.0,0.7280765366164214,12.866186141967773,43.0,"{""type"":""Point"",""coordinates"":[110.19445604697103,19.144726569772573]}"
1112,0.0,28.0,150.0,42.7978515625,91.0,19.164971861025748,109.97378903668232,2774.029052734375,48.0,3.284466028213501,4.0,2.0,0.6734906853110133,12.539520263671875,40.0,"{""type"":""Point"",""coordinates"":[109.97548957355085,19.16470277472818]}"
1113,0.0,33.0,48.0,15.400375366210938,49.0,19.93752300536854,110.09955317645904,2504.107666015625,39.0,0.8116167783737183,3.0,4.0,0.7542099731518375,13.724966049194336,35.0,"{""type"":""Point"",""coordinates"":[110.10109367038108,19.939548180198404]}"
1114,0.0,29.0,243.0,35.06880187988281,196.0,18.666406878339416,109.06199902330098,2091.1044921875,43.0,5.353088855743408,4.0,1.0,0.59627983583588,11.989425659179688,46.0,"{""type"":""Point"",""coordinates"":[109.0629734318714,18.666084939051547]}"
1115,0.0,28.0,37.0,10.150197982788086,38.0,19.96896404031272,110.28819938612412,2526.0966796875,44.0,0.18308669328689575,2.0,4.0,0.7571131133389494,14.582392692565918,38.0,"{""type"":""Point"",""coordinates"":[110.28923535171134,19.967493476957635]}"
1116,0.0,28.0,46.0,12.619232177734375,46.0,19.919556699686147,110.33311515033012,2543.720458984375,47.0,0.4598827660083771,3.0,4.0,0.7393762900045502,14.105788230895996,40.0,"{""type"":""Point"",""coordinates"":[110.33138580955207,19.92098559591496]}"
1117,0.0,27.0,79.0,10.896790504455566,79.0,19.38505910563503,108.88682754289766,1887.7611083984375,53.0,1.0595111846923828,3.0,3.0,0.6546390290342621,13.715264320373535,41.0,"{""type"":""Point"",""coordinates"":[108.88750251456541,19.383635977960477]}"
1118,0.0,32.0,130.0,22.554988861083984,89.0,18.6888647604424,109.67734499292288,2332.619873046875,40.0,1.897669792175293,5.0,1.0,0.6335503129481875,13.101234436035156,48.0,"{""type"":""Point"",""coordinates"":[109.6793117598704,18.68849220011939]}"
1119,0.0,28.0,249.0,32.89790344238281,170.0,18.886494122948697,110.04565425941183,2461.89013671875,48.0,3.1575746536254883,4.0,2.0,0.6291453546185906,12.515213012695312,45.0,"{""type"":""Point"",""coordinates"":[110.04582938905982,18.887608826631112]}"
1120,0.0,24.0,2.0,8.257014274597168,5.0,18.899968852210492,110.49930347789223,2140.2490234375,45.0,0.18188537657260895,2.0,2.0,0.7503239745961364,15.503520965576172,43.0,"{""type"":""Point"",""coordinates"":[110.49972012923824,18.900259869033512]}"
1121,0.0,30.0,408.0,45.22997283935547,411.0,18.289114459009213,109.6414123815581,1853.642333984375,48.0,13.938663482666016,7.0,0.0,0.5768683900586026,10.89954662322998,40.0,"{""type"":""Point"",""coordinates"":[109.64320197194435,18.28701581685724]}"
1122,0.0,26.0,61.0,12.966849327087402,52.0,18.63047426697463,109.91090696679396,2181.91943359375,44.0,0.7674263715744019,4.0,1.0,0.6826877648765356,14.048540115356445,46.0,"{""type"":""Point"",""coordinates"":[109.90985733483024,18.631043479370653]}"
1123,0.0,27.0,223.0,42.024658203125,56.0,19.29971915364368,109.52463139462253,2615.325927734375,48.0,3.8100509643554688,5.0,3.0,0.7252659994047815,12.344062805175781,36.0,"{""type"":""Point"",""coordinates"":[109.52300296570287,19.300063545679755]}"
1124,0.0,34.0,825.0,38.45985412597656,753.0,18.590050079189254,109.50666508894017,2301.254638671875,40.0,7.832195281982422,7.0,1.0,0.5642290965770628,11.118267059326172,47.0,"{""type"":""Point"",""coordinates"":[109.5088164870824,18.591813066216886]}"
1125,0.0,29.0,188.0,28.299070358276367,59.0,18.814628900219134,109.16530528097474,2295.6748046875,42.0,2.830721378326416,4.0,1.0,0.670035144032149,12.664467811584473,45.0,"{""type"":""Point"",""coordinates"":[109.16336530445516,18.81628269460703]}"
1126,0.0,23.0,28.0,14.352997779846191,28.0,19.29522757722308,110.56218554778059,2601.642333984375,52.0,0.4895491898059845,5.0,3.0,0.7649843974492254,14.361471176147461,40.0,"{""type"":""Point"",""coordinates"":[110.56376354163665,19.29408214395428]}"
1127,0.0,27.0,51.0,34.290611267089844,54.0,18.248690271223836,109.5920050409315,1732.1976318359375,52.0,8.409850120544434,4.0,0.0,0.6697134243021724,11.653162002563477,37.0,"{""type"":""Point"",""coordinates"":[109.59295413004233,18.249198179907104]}"
1128,0.0,25.0,144.0,22.739456176757812,90.0,18.998783533463637,108.91826857784184,2077.310791015625,49.0,2.585846424102783,3.0,2.0,0.643704630088851,12.78282642364502,41.0,"{""type"":""Point"",""coordinates"":[108.91685390396559,18.99704186759774]}"
1129,0.0,37.0,66.0,37.85633850097656,52.0,19.726418913600448,109.96480588384111,2685.04443359375,38.0,3.0495071411132812,4.0,3.0,0.7503541291375846,12.665000915527344,34.0,"{""type"":""Point"",""coordinates"":[109.96583287281976,19.725865671293164]}"
1130,0.0,25.0,70.0,11.076396942138672,66.0,19.46141590478519,109.11140636392759,2101.02392578125,53.0,0.6909685134887695,3.0,3.0,0.7103401345678035,14.148163795471191,35.0,"{""type"":""Point"",""coordinates"":[109.10939989370812,19.463372604670138]}"
1131,0.0,24.0,153.0,19.767484664916992,78.0,19.313193882905473,109.92438169605572,2822.4560546875,51.0,0.7554783821105957,3.0,3.0,0.6983714767367987,14.008292198181152,40.0,"{""type"":""Point"",""coordinates"":[109.92646636118202,19.314950004063977]}"
1132,0.0,22.0,181.0,16.643131256103516,111.0,19.429974869841004,109.55607242956671,2627.42919921875,54.0,0.676209568977356,3.0,3.0,0.7041997744079593,14.101485252380371,33.0,"{""type"":""Point"",""coordinates"":[109.5552628002207,19.427744139368613]}"
1133,0.0,28.0,92.0,12.539289474487305,92.0,19.820742018433002,109.92438169605572,2486.51806640625,38.0,0.37029632925987244,4.0,4.0,0.7095410290061621,14.758822441101074,34.0,"{""type"":""Point"",""coordinates"":[109.92288488638138,19.81961192282261]}"
1134,0.0,22.0,17.0,8.292350769042969,17.0,18.46428593941252,109.94683957815869,1976.6275634765625,54.0,0.3795560896396637,2.0,1.0,0.7165798035237014,14.778312683105469,45.0,"{""type"":""Point"",""coordinates"":[109.94463235736261,18.466500729342407]}"
1135,0.0,25.0,113.0,23.204322814941406,52.0,19.582688468141328,109.68632814576404,2643.464111328125,51.0,1.328127384185791,4.0,3.0,0.7505147741235739,13.468704223632812,35.0,"{""type"":""Point"",""coordinates"":[109.6847253292242,19.583305858640344]}"
1136,0.0,32.0,435.0,28.11309814453125,258.0,19.178446590287543,109.5920050409315,2580.117919921875,37.0,2.232013702392578,4.0,2.0,0.6594216210336227,12.730513572692871,38.0,"{""type"":""Point"",""coordinates"":[109.59403351458373,19.176605558370245]}"
1137,0.0,26.0,31.0,12.970480918884277,31.0,19.474890634046986,109.06649059972159,2019.1318359375,51.0,1.0965005159378052,3.0,3.0,0.7451591431667652,13.709226608276367,35.0,"{""type"":""Point"",""coordinates"":[109.06566871703215,19.47506629004741]}"
1138,0.0,29.0,759.0,38.81721115112305,759.0,18.608016384871647,110.13548578782382,2164.38232421875,46.0,8.726286888122559,5.0,1.0,0.5649746224293568,11.077428817749023,45.0,"{""type"":""Point"",""coordinates"":[110.13642900093807,18.606667791181156]}"
1139,0.0,29.0,163.0,46.34459686279297,150.0,19.290736000802482,110.27921623328291,2901.84375,44.0,3.2293598651885986,4.0,3.0,0.6798138917956877,12.548328399658203,36.0,"{""type"":""Point"",""coordinates"":[110.27946789567775,19.292387950029557]}"
1140,0.0,28.0,57.0,27.61931037902832,57.0,19.40751698773802,108.95869276562723,2202.286865234375,49.0,3.0582375526428223,4.0,3.0,0.7052794940068314,12.667461395263672,38.0,"{""type"":""Point"",""coordinates"":[108.95761605086622,19.408704880315735]}"
1141,0.0,24.0,35.0,7.1966657638549805,33.0,18.46428593941252,109.00810010625383,1784.72900390625,51.0,0.4385717213153839,3.0,1.0,0.6911282811702797,14.623358726501465,44.0,"{""type"":""Point"",""coordinates"":[109.00695086549719,18.466514950054794]}"
1143,0.0,29.0,137.0,99.1368408203125,111.0,18.98980038062244,110.15345209350619,2657.48486328125,41.0,13.338590621948242,5.0,2.0,0.6054668982064416,11.12894344329834,45.0,"{""type"":""Point"",""coordinates"":[110.152451885596,18.991883400768522]}"
1144,0.0,26.0,80.0,14.781180381774902,80.0,19.403025411317422,109.01708325909499,2060.9833984375,51.0,1.3210647106170654,2.0,3.0,0.6752425058375078,13.493972778320312,38.0,"{""type"":""Point"",""coordinates"":[109.0159548961084,19.403933513525157]}"
1145,0.0,22.0,66.0,7.982795715332031,60.0,19.088615061875586,108.82843704942991,1850.015380859375,59.0,0.5462601780891418,2.0,2.0,0.6753967206152358,14.3855562210083,41.0,"{""type"":""Point"",""coordinates"":[108.82725447313328,19.08649383081496]}"
1146,0.0,24.0,21.0,22.868844985961914,21.0,19.27276969512009,110.53972766567762,2746.599853515625,50.0,1.0941693782806396,6.0,2.0,0.7705497148289115,13.679475784301758,40.0,"{""type"":""Point"",""coordinates"":[110.54107170712035,19.27238707177675]}"
1147,0.0,31.0,392.0,68.84402465820312,266.0,19.263786542278893,109.60547977019331,2701.53857421875,38.0,8.34618854522705,5.0,2.0,0.6443403696867769,11.437138557434082,37.0,"{""type"":""Point"",""coordinates"":[109.603368279579,19.2641187501588]}"
1148,0.0,30.0,592.0,68.42047119140625,533.0,18.60352480845105,109.39886725484581,2238.749755859375,40.0,17.164833068847656,9.0,1.0,0.550977952624889,10.533565521240234,46.0,"{""type"":""Point"",""coordinates"":[109.39853511333565,18.604414140315235]}"
1149,0.0,24.0,13.0,5.187784671783447,16.0,18.57657534992746,108.75208025027973,1607.4908447265625,48.0,0.25013336539268494,3.0,1.0,0.70134626259962,15.107426643371582,44.0,"{""type"":""Point"",""coordinates"":[108.75394809817776,18.575034346659244]}"
1150,0.0,26.0,473.0,66.49787902832031,370.0,18.944884616416466,110.05463741225304,2648.177734375,47.0,8.810047149658203,4.0,2.0,0.6113089964741042,11.320828437805176,43.0,"{""type"":""Point"",""coordinates"":[110.05471381218942,18.943525628089834]}"
1151,0.0,26.0,314.0,30.218984603881836,217.0,18.60352480845105,109.1877631630777,2081.39404296875,52.0,4.607227802276611,3.0,1.0,0.5934763392896899,12.092035293579102,46.0,"{""type"":""Point"",""coordinates"":[109.18844405857529,18.605350821292824]}"
1152,0.0,28.0,24.0,11.122215270996094,24.0,19.91506512326555,110.39599722021848,2504.344970703125,42.0,0.2986000180244446,7.0,4.0,0.7619975952814991,14.3371000289917,41.0,"{""type"":""Point"",""coordinates"":[110.39608411522836,19.916413194249685]}"
1153,0.0,31.0,221.0,45.18477249145508,202.0,18.477760668674314,109.58302188809029,1994.966064453125,42.0,9.349943161010742,5.0,1.0,0.5803273565289976,11.440185546875,46.0,"{""type"":""Point"",""coordinates"":[109.58406455697576,18.47600053960435]}"
1154,0.0,31.0,388.0,52.44701385498047,196.0,19.097598214716783,109.56954715882853,2543.486572265625,38.0,6.323331832885742,5.0,2.0,0.6364039594361297,11.720670700073242,40.0,"{""type"":""Point"",""coordinates"":[109.57153585077563,19.09689860862207]}"
1155,0.0,26.0,105.0,46.80451202392578,99.0,18.57657534992746,108.97216749488905,2125.137451171875,51.0,7.716683864593506,3.0,1.0,0.5854922140540411,11.7080659866333,49.0,"{""type"":""Point"",""coordinates"":[108.97183194108926,18.574468456358357]}"
1156,0.0,27.0,46.0,15.926740646362305,40.0,19.793792559909413,110.28370780970351,2597.74560546875,45.0,0.6989989876747131,6.0,4.0,0.7858302096243595,13.875905990600586,32.0,"{""type"":""Point"",""coordinates"":[110.28389998714135,19.793819926876953]}"
1157,0.0,28.0,99.0,13.58530044555664,81.0,18.549625891403878,109.63242922871689,2180.203369140625,46.0,0.9196715950965881,5.0,1.0,0.6482413280679524,13.844812393188477,46.0,"{""type"":""Point"",""coordinates"":[109.63277429735587,18.55089073285588]}"
1158,0.0,24.0,5.0,8.272224426269531,8.0,18.3205554939534,109.71776918070822,1778.34765625,51.0,0.6435312628746033,2.0,0.0,0.7277670583133494,14.257209777832031,42.0,"{""type"":""Point"",""coordinates"":[109.71891759521246,18.31966074235485]}"
1159,0.0,28.0,307.0,69.86829376220703,269.0,19.173955013866944,109.11140636392759,2447.219970703125,49.0,11.391228675842285,5.0,2.0,0.6190768511248651,11.180534362792969,40.0,"{""type"":""Point"",""coordinates"":[109.1116400970237,19.175621432246615]}"
1160,0.0,29.0,502.0,24.5218563079834,357.0,18.783187865274954,109.31801887927503,2089.902587890625,48.0,3.6492228507995605,5.0,1.0,0.5919540127869162,12.185843467712402,45.0,"{""type"":""Point"",""coordinates"":[109.31816035090438,18.781153699751314]}"
1161,0.0,30.0,102.0,29.564050674438477,74.0,18.54064273856268,109.33598518495745,2078.1171875,43.0,3.956166982650757,4.0,1.0,0.6377432043223729,12.382475852966309,46.0,"{""type"":""Point"",""coordinates"":[109.33705032445837,18.542696152183687]}"
1162,0.0,30.0,321.0,43.6998176574707,160.0,18.890985699369296,109.81658386196136,2438.19580078125,39.0,5.052343368530273,7.0,2.0,0.6183816545062908,11.994492530822754,45.0,"{""type"":""Point"",""coordinates"":[109.81577484341192,18.8902613096805]}"
1163,0.0,32.0,120.0,15.109648704528809,111.0,18.612507961292245,109.88395750827033,2103.035400390625,39.0,1.2884650230407715,5.0,1.0,0.6198211101202621,13.49475383758545,46.0,"{""type"":""Point"",""coordinates"":[109.88372220355969,18.61425606588965]}"
1164,0.0,28.0,379.0,25.57070541381836,355.0,18.819120476639732,110.09955317645904,2453.896240234375,47.0,2.2084901332855225,4.0,1.0,0.6157100050858096,12.782760620117188,47.0,"{""type"":""Point"",""coordinates"":[110.1003593274742,18.817142982983498]}"
1165,0.0,30.0,207.0,26.500173568725586,187.0,18.46428593941252,109.5470892767255,2063.836669921875,44.0,3.593468427658081,5.0,1.0,0.6260307033854059,12.413161277770996,41.0,"{""type"":""Point"",""coordinates"":[109.54659796853284,18.4640691391094]}"
1166,0.0,28.0,683.0,30.87074089050293,534.0,18.74276367748957,109.34047676137806,2217.32763671875,49.0,5.08811616897583,7.0,1.0,0.5851647147409977,11.695749282836914,45.0,"{""type"":""Point"",""coordinates"":[109.33891211576777,18.743782268103498]}"
1167,0.0,25.0,14.0,6.752484321594238,15.0,19.982438769574514,110.81371382733403,2052.721435546875,52.0,0.1825825423002243,2.0,4.0,0.7156240172359172,14.149435997009277,47.0,"{""type"":""Point"",""coordinates"":[110.81284682538501,19.98202881717666]}"
1168,0.0,28.0,122.0,56.3613166809082,114.0,19.304210730064277,110.3196404210683,2877.0341796875,42.0,4.265397071838379,4.0,3.0,0.6775607029878872,12.29476261138916,36.0,"{""type"":""Point"",""coordinates"":[110.32043369678526,19.302163099709748]}"
1169,0.0,24.0,64.0,19.936552047729492,39.0,19.506331668991166,110.18489312845037,2692.258056640625,52.0,0.9125352501869202,3.0,3.0,0.7601066052901863,13.873556137084961,37.0,"{""type"":""Point"",""coordinates"":[110.1868255823708,19.50644362048426]}"
1170,0.0,25.0,41.0,9.238862037658691,40.0,18.84606993516332,108.77004655596215,1725.241455078125,48.0,0.9178534746170044,2.0,2.0,0.6769300857053091,13.881277084350586,44.0,"{""type"":""Point"",""coordinates"":[108.77133354288993,18.847751691559306]}"
1171,0.0,28.0,51.0,16.300617218017578,51.0,19.739893642862242,109.47073247757538,2328.15234375,47.0,1.0484226942062378,3.0,3.0,0.7534897082994876,13.742384910583496,32.0,"{""type"":""Point"",""coordinates"":[109.46966759680595,19.738220162733924]}"
1172,0.0,33.0,118.0,31.61257553100586,69.0,19.4434495991028,109.96480588384111,2755.9931640625,38.0,2.0226101875305176,4.0,3.0,0.7188450815538892,13.044794082641602,37.0,"{""type"":""Point"",""coordinates"":[109.96282579017358,19.442325043658126]}"
1173,0.0,20.0,57.0,6.710245132446289,54.0,19.0706487561932,108.79250443806512,1675.258056640625,58.0,0.4936683475971222,2.0,2.0,0.6722441002016173,14.492116928100586,41.0,"{""type"":""Point"",""coordinates"":[108.79427755152062,19.070923065068097]}"
1174,0.0,22.0,159.0,17.808387756347656,93.0,19.447941175523397,109.57853031166974,2627.42919921875,56.0,0.8113114833831787,3.0,3.0,0.7082986016320306,13.933222770690918,34.0,"{""type"":""Point"",""coordinates"":[109.57730821189298,19.44924000906241]}"
1175,0.0,28.0,43.0,8.054718971252441,43.0,19.78031783064762,109.41683356052818,1996.835693359375,44.0,0.334800124168396,2.0,4.0,0.7452744906987805,14.888686180114746,32.0,"{""type"":""Point"",""coordinates"":[109.41694315643264,19.778785353479826]}"
1176,0.0,29.0,927.0,47.34953689575195,808.0,18.80115417095734,109.57403873524913,2245.12109375,47.0,13.878331184387207,8.0,1.0,0.5383042948743385,10.416037559509277,47.0,"{""type"":""Point"",""coordinates"":[109.57455968998856,18.80042742159454]}"
1177,0.0,28.0,922.0,54.4934196472168,852.0,18.82361205306033,108.97216749488905,2373.494873046875,50.0,15.148249626159668,9.0,2.0,0.5603326265677525,10.33066463470459,43.0,"{""type"":""Point"",""coordinates"":[108.97178443802028,18.82432206833206]}"
1178,0.0,21.0,13.0,9.004849433898926,13.0,19.46141590478519,108.88682754289766,1876.3751220703125,53.0,0.5936300754547119,2.0,3.0,0.741062500380478,14.333340644836426,39.0,"{""type"":""Point"",""coordinates"":[108.88834694728382,19.462491849433594]}"
1179,0.0,30.0,297.0,58.554718017578125,232.0,18.91344358147228,108.98564222415081,2380.312744140625,42.0,8.835721015930176,5.0,2.0,0.6154991888482044,11.446799278259277,42.0,"{""type"":""Point"",""coordinates"":[108.98526771283241,18.91521616329896]}"
1180,0.0,29.0,47.0,14.787745475769043,44.0,19.739893642862242,110.47235401936865,2598.624267578125,39.0,0.5748113989830017,7.0,3.0,0.7826787645907267,13.997896194458008,32.0,"{""type"":""Point"",""coordinates"":[110.47227499658716,19.73861098555009]}"
1181,0.0,28.0,32.0,8.517784118652344,33.0,19.79828413633001,109.33598518495745,1807.3800048828125,41.0,0.630933403968811,3.0,4.0,0.7408320168252935,14.261405944824219,33.0,"{""type"":""Point"",""coordinates"":[109.33713022146051,19.79765163371903]}"
1182,0.0,25.0,159.0,11.213337898254395,118.0,18.8820025465281,110.09506160003843,2444.752685546875,50.0,0.3113715350627899,3.0,2.0,0.6447487525801858,14.890945434570312,45.0,"{""type"":""Point"",""coordinates"":[110.0928868086823,18.881188949005164]}"
1183,0.0,28.0,661.0,34.670738220214844,537.0,18.76522155959256,109.00810010625383,2110.38330078125,49.0,7.13906192779541,6.0,1.0,0.5910497600465967,11.374886512756348,41.0,"{""type"":""Point"",""coordinates"":[109.00614857547583,18.765201982601948]}"
1184,0.0,25.0,44.0,7.773671627044678,40.0,19.847691476956584,110.87210432080184,1996.09326171875,50.0,0.5751658082008362,3.0,4.0,0.6775988490523436,12.932153701782227,48.0,"{""type"":""Point"",""coordinates"":[110.87261764830802,19.84551472801407]}"
1185,0.0,28.0,37.0,28.28449058532715,37.0,19.416500140579217,110.54871081851877,2722.63525390625,43.0,1.8926113843917847,4.0,3.0,0.756016751618027,12.886448860168457,38.0,"{""type"":""Point"",""coordinates"":[110.54673378700677,19.418620167383768]}"
1186,0.0,21.0,24.0,8.521543502807617,24.0,19.60963792666491,109.2775946914897,2057.323974609375,53.0,0.30445486307144165,2.0,3.0,0.7534856924626084,14.994754791259766,36.0,"{""type"":""Point"",""coordinates"":[109.27726296595085,19.609348581010885]}"
1187,0.0,35.0,86.0,13.879341125488281,85.0,19.659045267291482,110.62955919408955,2445.071533203125,39.0,0.8096224665641785,4.0,3.0,0.7137482105627897,13.528900146484375,34.0,"{""type"":""Point"",""coordinates"":[110.6287237924371,19.65877123558596]}"
1188,0.0,23.0,155.0,16.287622451782227,100.0,19.46141590478519,109.47522405399599,2585.2421875,56.0,0.729988694190979,3.0,3.0,0.6959510597036921,14.041366577148438,35.0,"{""type"":""Point"",""coordinates"":[109.47519511632377,19.462614816761175]}"
1189,0.0,30.0,185.0,40.11286163330078,80.0,19.335651765008457,109.66387026366107,2709.17333984375,40.0,3.087728261947632,9.0,3.0,0.7061163315939184,12.579325675964355,36.0,"{""type"":""Point"",""coordinates"":[109.66581108373828,19.336814699069205]}"
1190,0.0,29.0,123.0,20.033565521240234,84.0,19.6320958087679,109.81209228554076,2619.68115234375,43.0,1.0367755889892578,4.0,3.0,0.7246548236319126,13.710309028625488,33.0,"{""type"":""Point"",""coordinates"":[109.81301256509249,19.631352504758247]}"
1191,0.0,25.0,176.0,34.994773864746094,94.0,19.403025411317422,109.3943756784252,2514.416259765625,54.0,3.20936918258667,4.0,3.0,0.6963000238303138,12.54633617401123,33.0,"{""type"":""Point"",""coordinates"":[109.39533139561114,19.403551861927827]}"
1192,0.0,28.0,149.0,43.21443176269531,132.0,19.084123485454995,110.17590997560922,2789.5146484375,41.0,3.0793681144714355,3.0,2.0,0.641003291520087,12.604756355285645,45.0,"{""type"":""Point"",""coordinates"":[110.17806007275776,19.083913042158443]}"
1193,0.0,26.0,160.0,13.969117164611816,31.0,18.73827210106898,109.19225473949831,2084.326171875,51.0,1.175211787223816,2.0,1.0,0.7045079573487587,13.561969757080078,43.0,"{""type"":""Point"",""coordinates"":[109.19137763066651,18.73884829769567]}"
1194,0.0,27.0,614.0,73.8639907836914,561.0,18.810137323798536,108.93174330710366,2222.74951171875,48.0,20.86765480041504,10.0,1.0,0.5523538817838785,10.304001808166504,43.0,"{""type"":""Point"",""coordinates"":[108.93135718337601,18.812042367581036]}"
1195,0.0,26.0,221.0,45.489471435546875,105.0,19.371584376373235,109.49319035967835,2659.1064453125,53.0,4.278634071350098,4.0,3.0,0.67383287286908,12.22899341583252,36.0,"{""type"":""Point"",""coordinates"":[109.4924732893774,19.372757090463477]}"
1196,0.0,25.0,71.0,15.898295402526855,63.0,19.196412895969935,108.90030227215948,2189.958740234375,54.0,1.2604522705078125,3.0,2.0,0.6855127629166134,13.546323776245117,42.0,"{""type"":""Point"",""coordinates"":[108.9006529216886,19.194729227992536]}"
1197,0.0,25.0,190.0,54.7803955078125,172.0,19.151497131763954,110.13997736424443,2854.14404296875,52.0,4.482879161834717,4.0,2.0,0.6420663836208482,12.202225685119629,43.0,"{""type"":""Point"",""coordinates"":[110.14041054633051,19.150982691508805]}"
1198,0.0,27.0,195.0,16.436866760253906,174.0,18.643948996236425,109.03504956477741,2040.185546875,46.0,1.6413074731826782,4.0,1.0,0.6049605297576564,13.205561637878418,47.0,"{""type"":""Point"",""coordinates"":[109.03345048512331,18.64454828664083]}"
1199,0.0,25.0,95.0,34.543025970458984,65.0,19.55124743319714,109.94683957815869,2702.39892578125,48.0,2.3338165283203125,4.0,3.0,0.7321785460387589,12.915517807006836,35.0,"{""type"":""Point"",""coordinates"":[109.94638966214816,19.55178215264343]}"
1200,0.0,24.0,47.0,14.353681564331055,47.0,19.49734851614997,108.99013380057141,2077.225341796875,52.0,1.1699551343917847,3.0,3.0,0.7161576504580189,13.635027885437012,38.0,"{""type"":""Point"",""coordinates"":[108.99219581971425,19.495162030335646]}"
1201,0.0,26.0,53.0,6.757481575012207,54.0,19.322177035746662,108.75657182670034,1611.6053466796875,51.0,0.646279513835907,3.0,3.0,0.6733597088311947,14.225088119506836,40.0,"{""type"":""Point"",""coordinates"":[108.75678743243057,19.321762834346153]}"
1202,0.0,28.0,785.0,31.72614097595215,579.0,18.67988160760121,109.45725774831357,2197.08154296875,48.0,5.948298454284668,6.0,1.0,0.5701194791910987,11.43830394744873,46.0,"{""type"":""Point"",""coordinates"":[109.45535371741431,18.679313007149972]}"
1203,0.0,40.0,121.0,16.61583709716797,121.0,19.838708324115387,109.91539854321451,2486.51806640625,34.0,0.9771929979324341,3.0,4.0,0.6957168660617346,13.770734786987305,34.0,"{""type"":""Point"",""coordinates"":[109.9170083308674,19.84010941798272]}"
1204,0.0,23.0,106.0,17.51805877685547,78.0,19.65455369087089,109.5964966173521,2350.16064453125,54.0,1.1493247747421265,4.0,3.0,0.7127853530789836,13.617607116699219,34.0,"{""type"":""Point"",""coordinates"":[109.59648110690789,19.654538947063063]}"
1205,0.0,27.0,204.0,32.92170333862305,27.0,19.259294965858295,109.49768193609896,2682.228515625,44.0,2.2963814735412598,8.0,2.0,0.7533102846271399,12.86366081237793,39.0,"{""type"":""Point"",""coordinates"":[109.4977432952324,19.257606708331306]}"
1206,0.0,25.0,60.0,25.332252502441406,39.0,19.54226428035595,110.22531731623576,2757.623779296875,48.0,1.2947595119476318,3.0,3.0,0.7537662658179679,13.525983810424805,38.0,"{""type"":""Point"",""coordinates"":[110.22420312493789,19.54248064077021]}"
1207,0.0,25.0,153.0,12.317106246948242,133.0,19.546755856776542,109.47522405399599,2498.042724609375,54.0,0.4195604920387268,4.0,3.0,0.6886369609112513,14.596475601196289,36.0,"{""type"":""Point"",""coordinates"":[109.47435423523106,19.544801139376712]}"
1208,0.0,21.0,8.0,7.017831325531006,8.0,18.284622882588614,109.45725774831357,1703.029052734375,52.0,0.4745074212551117,2.0,0.0,0.7369620138148858,14.560203552246094,39.0,"{""type"":""Point"",""coordinates"":[109.45571381995893,18.28267560394018]}"
1209,0.0,24.0,147.0,16.361026763916016,111.0,19.501840092570568,109.48420720683714,2498.042724609375,56.0,0.8690510988235474,4.0,3.0,0.6914432735268322,13.871967315673828,35.0,"{""type"":""Point"",""coordinates"":[109.48429070921757,19.500353554036877]}"
1210,0.0,27.0,18.0,12.836363792419434,20.0,19.57370531530013,110.7328654517633,2373.126708984375,52.0,0.729021430015564,6.0,3.0,0.792083632204721,13.695898056030273,33.0,"{""type"":""Point"",""coordinates"":[110.73238140751424,19.573521641377006]}"
1211,0.0,25.0,251.0,12.225979804992676,168.0,18.80115417095734,109.92438169605572,2408.12158203125,50.0,0.4689904749393463,4.0,1.0,0.6413795402912155,14.421849250793457,44.0,"{""type"":""Point"",""coordinates"":[109.92589547094758,18.800534048688746]}"
1212,0.0,23.0,10.0,10.707359313964844,11.0,19.820742018433002,109.47522405399599,1959.9766845703125,53.0,0.7845005393028259,2.0,4.0,0.7611142074086407,14.056246757507324,36.0,"{""type"":""Point"",""coordinates"":[109.47736585884611,19.81969455734128]}"
1213,0.0,32.0,360.0,59.06039047241211,200.0,19.18293816670814,109.63242922871689,2664.16552734375,38.0,6.70655632019043,4.0,2.0,0.642908663388137,11.681641578674316,39.0,"{""type"":""Point"",""coordinates"":[109.63408592365195,19.1809662784079]}"
1214,0.0,26.0,249.0,35.19453430175781,170.0,18.890985699369296,110.04565425941183,2461.89013671875,50.0,3.454202651977539,4.0,2.0,0.6234581320084386,12.425226211547852,46.0,"{""type"":""Point"",""coordinates"":[110.0439577538022,18.89095370937404]}"
1215,0.0,29.0,374.0,36.639225006103516,328.0,18.71581421896599,109.60098819377271,2279.778076171875,48.0,5.094522476196289,4.0,1.0,0.5867960524573137,11.948394775390625,49.0,"{""type"":""Point"",""coordinates"":[109.602557469993,18.71795888576216]}"
1216,0.0,23.0,108.0,15.661749839782715,68.0,19.659045267291482,109.64590395797865,2461.822021484375,52.0,0.7526414394378662,5.0,3.0,0.7372428501910845,14.03980827331543,33.0,"{""type"":""Point"",""coordinates"":[109.64481283814271,19.65832219592952]}"
1217,0.0,25.0,8.0,7.071712017059326,11.0,18.751746830330767,110.39150564379787,2132.868896484375,52.0,0.08342364430427551,2.0,1.0,0.7166712279465518,16.279468536376953,49.0,"{""type"":""Point"",""coordinates"":[110.38982356563992,18.7526203529478]}"
1218,0.0,19.0,60.0,16.913663864135742,49.0,19.57370531530013,110.32862357390951,2749.435791015625,58.0,0.5506401658058167,3.0,3.0,0.7419188397275543,14.342562675476074,39.0,"{""type"":""Point"",""coordinates"":[110.32799774211337,19.574934732587035]}"
1219,0.0,31.0,13.0,7.101303577423096,14.0,19.874640935480173,109.33598518495745,1803.2041015625,39.0,0.40611863136291504,2.0,4.0,0.7540984326080679,14.712970733642578,35.0,"{""type"":""Point"",""coordinates"":[109.33537114080819,19.875565774909642]}"
1220,0.0,23.0,155.0,22.80807876586914,91.0,19.560230586038337,109.77615967417603,2650.3818359375,51.0,1.2365778684616089,4.0,3.0,0.7049029508475377,13.514190673828125,35.0,"{""type"":""Point"",""coordinates"":[109.77801199463747,19.560185683892072]}"
1221,0.0,26.0,29.0,12.657832145690918,28.0,19.18293816670814,110.38701406737727,2941.341064453125,43.0,0.057359881699085236,3.0,2.0,0.7737739140650572,16.66104507446289,38.0,"{""type"":""Point"",""coordinates"":[110.38769447148567,19.184012635303027]}"
1222,0.0,30.0,333.0,24.271217346191406,249.0,18.693356336862998,109.05301587045977,2091.1044921875,41.0,3.0985333919525146,4.0,1.0,0.603134991212224,12.476614952087402,45.0,"{""type"":""Point"",""coordinates"":[109.05099581092577,18.691842384946938]}"
1223,0.0,24.0,147.0,11.799850463867188,89.0,19.46590748120579,109.56056400598732,2557.77197265625,51.0,0.2690325975418091,4.0,3.0,0.7142920524621661,15.04460620880127,34.0,"{""type"":""Point"",""coordinates"":[109.5617330538955,19.46464595702447]}"
1224,0.0,30.0,355.0,39.18170928955078,336.0,18.468777515833118,109.35395149063982,2027.23046875,47.0,7.988712310791016,4.0,1.0,0.5824461595488268,11.508355140686035,45.0,"{""type"":""Point"",""coordinates"":[109.3557348439078,18.468267327520575]}"
1225,0.0,26.0,78.0,19.94443702697754,63.0,18.590050079189254,109.798617556279,2095.855224609375,44.0,1.945026159286499,4.0,1.0,0.6640897655026717,13.108123779296875,45.0,"{""type"":""Point"",""coordinates"":[109.796550407305,18.587880387908477]}"
1226,0.0,28.0,570.0,24.986282348632812,569.0,18.392420716682963,109.56505558240792,2010.4566650390625,48.0,4.322227478027344,5.0,1.0,0.5944208008991784,11.960104942321777,42.0,"{""type"":""Point"",""coordinates"":[109.56633745046815,18.39376451454293]}"
1227,0.0,27.0,406.0,103.06718444824219,319.0,18.96285092209886,110.08607844719722,2701.497314453125,46.0,16.59942054748535,4.0,2.0,0.5836408197082952,10.71779727935791,44.0,"{""type"":""Point"",""coordinates"":[110.0850514440485,18.963506938085985]}"
1228,0.0,26.0,62.0,11.541913032531738,62.0,19.560230586038337,109.00810010625383,1843.529541015625,46.0,1.132476806640625,3.0,3.0,0.6937456511370009,13.658758163452148,36.0,"{""type"":""Point"",""coordinates"":[109.0086516350856,19.56199707240061]}"
1229,0.0,26.0,180.0,30.65393829345703,142.0,19.0751403326138,110.06811214151486,2750.775634765625,50.0,1.9583626985549927,4.0,2.0,0.6409451429396492,13.03841781616211,46.0,"{""type"":""Point"",""coordinates"":[110.06634442660086,19.07404471145765]}"
1230,0.0,24.0,34.0,19.047292709350586,14.0,19.694977878656267,110.0097216480471,2619.198974609375,47.0,0.8588094711303711,4.0,3.0,0.8085850227632352,13.951861381530762,33.0,"{""type"":""Point"",""coordinates"":[110.00915332177651,19.695138501315146]}"
1231,0.0,25.0,161.0,65.21493530273438,156.0,18.477760668674314,109.65039553439925,2093.80322265625,50.0,13.771947860717773,3.0,1.0,0.5821698517441178,11.080774307250977,44.0,"{""type"":""Point"",""coordinates"":[109.64897191247469,18.475737862920624]}"
1232,0.0,30.0,558.0,49.150638580322266,510.0,18.76971313601316,109.65937868724046,2290.165771484375,41.0,8.878437995910645,6.0,1.0,0.5787707348807137,11.24420166015625,46.0,"{""type"":""Point"",""coordinates"":[109.65848160923532,18.771451038676414]}"
1233,0.0,30.0,331.0,65.59955596923828,307.0,18.985308804201843,110.22082573981515,2783.8994140625,38.0,6.668030738830566,3.0,2.0,0.615933356461218,11.708074569702148,45.0,"{""type"":""Point"",""coordinates"":[110.22140499608548,18.98321763683531]}"
1234,0.0,25.0,34.0,9.911664962768555,33.0,18.57208377350686,109.98277218952347,2126.263427734375,46.0,0.4294798672199249,3.0,1.0,0.7072470525449055,14.644889831542969,45.0,"{""type"":""Point"",""coordinates"":[109.98489356280074,18.570548796354117]}"
1235,0.0,23.0,39.0,8.803067207336426,37.0,19.659045267291482,109.4437830190518,2257.691162109375,54.0,0.19152140617370605,4.0,3.0,0.7655147639046963,15.449565887451172,33.0,"{""type"":""Point"",""coordinates"":[109.44202497578193,19.659276577881112]}"
1236,0.0,31.0,386.0,54.467830657958984,181.0,19.115564520399175,109.34496833779866,2365.763671875,39.0,8.391627311706543,4.0,2.0,0.6192601512591699,11.436033248901367,40.0,"{""type"":""Point"",""coordinates"":[109.34370292861007,19.117726109038014]}"
1237,0.0,28.0,615.0,33.17073440551758,507.0,18.832595205901526,109.78514282701718,2473.3369140625,47.0,3.8182461261749268,4.0,2.0,0.6100118795899541,12.045687675476074,44.0,"{""type"":""Point"",""coordinates"":[109.78566494826872,18.834319398227148]}"
1238,0.0,20.0,197.0,23.55957794189453,106.0,19.46141590478519,109.65937868724046,2735.858642578125,59.0,1.2359851598739624,3.0,3.0,0.6869596367113036,13.488018989562988,36.0,"{""type"":""Point"",""coordinates"":[109.66111922111003,19.459313456041972]}"
1239,0.0,22.0,143.0,16.792753219604492,115.0,19.49734851614997,109.41683356052818,2501.4287109375,56.0,0.8586769700050354,3.0,3.0,0.6910881353931606,13.886467933654785,35.0,"{""type"":""Point"",""coordinates"":[109.41738576157111,19.496766224459027]}"
1240,0.0,26.0,57.0,20.993560791015625,36.0,19.506331668991166,110.24777519833873,2757.623779296875,47.0,0.9145111441612244,4.0,3.0,0.7643730084564173,13.875531196594238,37.0,"{""type"":""Point"",""coordinates"":[110.24881122441559,19.504341133378922]}"
1241,0.0,31.0,85.0,19.39247703552246,72.0,19.614129503085508,110.55769397135998,2561.440673828125,43.0,1.3135141134262085,3.0,3.0,0.7366720441063296,13.110554695129395,33.0,"{""type"":""Point"",""coordinates"":[110.55984436091407,19.614599866863497]}"
1242,0.0,28.0,19.0,6.8772292137146,19.0,19.77582625422702,109.3898841020046,1909.5064697265625,42.0,0.22943836450576782,3.0,4.0,0.7692945014834334,15.280536651611328,32.0,"{""type"":""Point"",""coordinates"":[109.38869257026771,19.77563828408895]}"
1243,0.0,33.0,583.0,57.83890914916992,451.0,18.98980038062244,109.19674631591892,2304.637451171875,40.0,12.342479705810547,7.0,2.0,0.5950443363031942,10.886031150817871,40.0,"{""type"":""Point"",""coordinates"":[109.19525271587996,18.991295559783865]}"
1244,0.0,31.0,206.0,41.496360778808594,209.0,18.670898454760014,110.4813371722098,1858.9532470703125,45.0,10.43990707397461,15.0,1.0,0.5828376587557289,11.315872192382812,45.0,"{""type"":""Point"",""coordinates"":[110.48192225372094,18.66915403495521]}"
1245,0.0,25.0,35.0,7.5388712882995605,36.0,19.874640935480173,110.78676436881045,2171.250732421875,50.0,0.18256863951683044,4.0,4.0,0.7040622310721889,14.101171493530273,46.0,"{""type"":""Point"",""coordinates"":[110.78613724470998,19.87600696962359]}"
1246,0.0,21.0,23.0,7.3137102127075195,23.0,19.120056096819773,108.74309709743858,1649.794921875,54.0,0.6338469386100769,2.0,2.0,0.7022908412391919,14.262017250061035,42.0,"{""type"":""Point"",""coordinates"":[108.74337376896653,19.122191509521226]}"
1247,0.0,38.0,165.0,50.5921630859375,138.0,19.358109647111448,110.26574150402115,2888.4072265625,36.0,4.066354751586914,5.0,3.0,0.681865062480047,12.315984725952148,35.0,"{""type"":""Point"",""coordinates"":[110.26618237377127,19.360288278663234]}"
1248,0.0,26.0,47.0,19.393091201782227,47.0,18.500218550777305,109.97828061310292,1981.320068359375,46.0,2.195831775665283,3.0,1.0,0.6754735624588329,13.005082130432129,45.0,"{""type"":""Point"",""coordinates"":[109.97792557477172,18.4984600219121]}"
1249,0.0,26.0,137.0,18.033496856689453,85.0,19.452432751943995,109.87048277900857,2742.179443359375,50.0,0.7143272757530212,4.0,3.0,0.7061423657094082,14.074264526367188,37.0,"{""type"":""Point"",""coordinates"":[109.87009923285211,19.45050002380168]}"
1250,0.0,30.0,448.0,73.01280212402344,426.0,18.917935157892877,110.19836785771219,2585.531982421875,45.0,11.515474319458008,4.0,2.0,0.590497966613341,11.066719055175781,46.0,"{""type"":""Point"",""coordinates"":[110.20015893471519,18.92006876810254]}"
1251,0.0,29.0,54.0,41.831153869628906,47.0,18.473269092253716,109.26861153864849,1937.287353515625,47.0,8.277826309204102,12.0,1.0,0.6678754405429158,11.66744613647461,43.0,"{""type"":""Point"",""coordinates"":[109.27031648978738,18.472770044353105]}"
1252,0.0,27.0,187.0,63.02692794799805,153.0,19.061665603352004,108.90030227215948,2238.482666015625,48.0,11.136312484741211,5.0,2.0,0.6068600730977687,11.283536911010742,42.0,"{""type"":""Point"",""coordinates"":[108.90132452056785,19.060278818655345]}"
1253,0.0,25.0,79.0,18.701923370361328,58.0,19.537772703935353,110.1579436699268,2692.258056640625,50.0,0.7994585037231445,5.0,3.0,0.7489935021316383,13.996941566467285,35.0,"{""type"":""Point"",""coordinates"":[110.15629633717457,19.536326653298843]}"
1254,0.0,33.0,106.0,25.671581268310547,86.0,19.41200856415862,110.34209830317133,2795.42333984375,40.0,1.385994791984558,5.0,3.0,0.695440895946105,13.430302619934082,39.0,"{""type"":""Point"",""coordinates"":[110.34037553440126,19.41136175575619]}"
1255,0.0,23.0,10.0,10.016621589660645,10.0,18.29809761185041,109.53361454746374,1696.813720703125,48.0,1.0830503702163696,2.0,0.0,0.7365081379797371,13.7337007522583,38.0,"{""type"":""Point"",""coordinates"":[109.53219955990122,18.299537810596316]}"
1256,0.0,25.0,51.0,17.007436752319336,41.0,19.24132866017591,108.93174330710366,2129.575927734375,54.0,1.5384674072265625,2.0,2.0,0.7146796651244239,13.358757019042969,40.0,"{""type"":""Point"",""coordinates"":[108.93029775070481,19.241732895450664]}"
1257,0.0,27.0,278.0,45.8522834777832,177.0,19.259294965858295,109.30454415001327,2412.9814453125,48.0,5.656705379486084,3.0,2.0,0.6456571040884632,11.910449028015137,38.0,"{""type"":""Point"",""coordinates"":[109.30553294012968,19.260905987486723]}"
1258,0.0,29.0,354.0,51.79843521118164,326.0,18.57208377350686,109.31352730285442,2116.587890625,48.0,11.082986831665039,4.0,1.0,0.5775798726544772,11.175616264343262,45.0,"{""type"":""Point"",""coordinates"":[109.3123607772911,18.572094390981036]}"
1259,0.0,28.0,750.0,57.36458969116211,535.0,18.926918310734074,109.65039553439925,2434.082763671875,46.0,11.741730690002441,5.0,2.0,0.5795000555411757,10.783278465270996,43.0,"{""type"":""Point"",""coordinates"":[109.64963191434404,18.926316049406953]}"
1260,0.0,24.0,218.0,11.337209701538086,177.0,18.62598269055404,109.31352730285442,2089.84423828125,55.0,0.7774810791015625,3.0,1.0,0.6224648835959997,13.938080787658691,44.0,"{""type"":""Point"",""coordinates"":[109.31206801203112,18.62416755638769]}"
1261,0.0,21.0,12.0,4.767416477203369,12.0,18.93590146357527,108.6667402982884,1517.1463623046875,52.0,0.24925492703914642,2.0,2.0,0.6862971249777081,15.201725006103516,47.0,"{""type"":""Point"",""coordinates"":[108.66773988435057,18.934210020139815]}"
1262,0.0,31.0,10.0,15.514843940734863,11.0,19.40751698773802,110.6834581111367,2495.267822265625,35.0,0.8090580701828003,4.0,3.0,0.7856205005023864,13.59877872467041,38.0,"{""type"":""Point"",""coordinates"":[110.68207601570079,19.406420244635903]}"
1263,0.0,29.0,674.0,42.25215530395508,617.0,18.693356336862998,108.99911695341262,2214.187255859375,48.0,8.9013671875,8.0,1.0,0.5698780791327468,11.139378547668457,46.0,"{""type"":""Point"",""coordinates"":[108.99745544059917,18.694873629984397]}"
1264,0.0,27.0,56.0,27.047361373901367,40.0,19.147005555343355,109.00360852983323,2185.85693359375,45.0,2.850238800048828,6.0,2.0,0.7120047513050226,12.738612174987793,41.0,"{""type"":""Point"",""coordinates"":[109.00330804100153,19.14602831406159]}"
1265,0.0,33.0,112.0,22.297475814819336,100.0,19.55573900961774,110.56667712420119,2572.15234375,39.0,1.6135666370391846,4.0,3.0,0.6950209166322279,12.986869812011719,35.0,"{""type"":""Point"",""coordinates"":[110.56594946753705,19.555187238093648]}"
1266,0.0,29.0,27.0,10.78188705444336,26.0,19.71743576075925,110.71040756966033,2391.37744140625,41.0,0.3495074212551117,7.0,3.0,0.7570112505995438,14.397796630859375,40.0,"{""type"":""Point"",""coordinates"":[110.71199173941042,19.718738577171855]}"
1267,0.0,27.0,206.0,46.37700271606445,171.0,18.940393039995868,110.14896051708558,2530.906005859375,47.0,4.794522762298584,5.0,2.0,0.6253190057334881,12.124425888061523,46.0,"{""type"":""Point"",""coordinates"":[110.15011492798746,18.942524459169697]}"
1268,0.0,27.0,771.0,44.2114372253418,711.0,18.590050079189254,109.5470892767255,2301.254638671875,48.0,9.012809753417969,8.0,1.0,0.5641099443774176,11.032442092895508,47.0,"{""type"":""Point"",""coordinates"":[109.5453350897517,18.591746431349844]}"
1269,0.0,27.0,70.0,23.2093505859375,58.0,19.111072943978577,110.23879204549758,2878.176513671875,47.0,0.9863185286521912,4.0,2.0,0.7073452835950975,13.792227745056152,44.0,"{""type"":""Point"",""coordinates"":[110.23673208376113,19.1122121080776]}"
1270,0.0,28.0,72.0,27.695777893066406,72.0,18.495726974356707,109.81658386196136,1876.545654296875,50.0,4.846640110015869,5.0,1.0,0.6372206927322944,12.196686744689941,44.0,"{""type"":""Point"",""coordinates"":[109.81639173212322,18.49442803783382]}"
1271,0.0,23.0,83.0,15.561235427856445,51.0,19.72192733717985,109.65937868724046,2467.998291015625,52.0,0.7296971678733826,3.0,3.0,0.7566537050368145,14.08586311340332,33.0,"{""type"":""Point"",""coordinates"":[109.66029127192014,19.721751705797384]}"
1272,0.0,29.0,667.0,48.21188735961914,611.0,19.12903924966097,109.13835582245116,2411.672119140625,49.0,8.665376663208008,7.0,2.0,0.6121292790844719,11.17314624786377,39.0,"{""type"":""Point"",""coordinates"":[109.13871278694292,19.130952935869644]}"
1273,0.0,31.0,378.0,72.75067901611328,201.0,19.24132866017591,109.57853031166974,2667.492431640625,39.0,9.487897872924805,4.0,2.0,0.6274433105997568,11.317076683044434,40.0,"{""type"":""Point"",""coordinates"":[109.57674259430067,19.240887421147086]}"
1274,0.0,36.0,86.0,25.114734649658203,85.0,19.72192733717985,109.56056400598732,2309.78955078125,40.0,2.463714838027954,4.0,3.0,0.7032609870614351,12.866705894470215,33.0,"{""type"":""Point"",""coordinates"":[109.56144885674736,19.722074331479323]}"
1275,0.0,24.0,78.0,30.504928588867188,40.0,19.115564520399175,110.05463741225304,2726.04931640625,49.0,1.8349326848983765,4.0,2.0,0.7186904290685283,13.166433334350586,45.0,"{""type"":""Point"",""coordinates"":[110.05569668219243,19.114038694859698]}"
1276,0.0,29.0,1252.0,48.086856842041016,1057.0,19.039207721249014,109.46174932473417,2538.265869140625,39.0,16.060516357421875,10.0,2.0,0.5544896619243604,9.762373924255371,42.0,"{""type"":""Point"",""coordinates"":[109.4621862064506,19.03896861204843]}"
1277,0.0,30.0,1342.0,25.258182525634766,1218.0,18.908952005051688,109.15632212813352,2437.744140625,39.0,6.053511619567871,12.0,2.0,0.5695477854021149,10.562600135803223,43.0,"{""type"":""Point"",""coordinates"":[109.15811162223845,18.907159706361956]}"
1278,0.0,27.0,50.0,16.44387435913086,50.0,19.447941175523397,109.05750744688038,2055.47314453125,49.0,1.5850071907043457,3.0,3.0,0.732029319708498,13.329526901245117,33.0,"{""type"":""Point"",""coordinates"":[109.05635173114926,19.447742580790184]}"
1279,0.0,26.0,347.0,13.205696105957031,286.0,18.73378052464838,109.56954715882853,2124.45361328125,51.0,1.044839859008789,4.0,1.0,0.6029703364607246,13.554630279541016,47.0,"{""type"":""Point"",""coordinates"":[109.5694145515488,18.734502282266092]}"
1280,0.0,25.0,9.0,8.656109809875488,12.0,18.837086782322125,110.40947194948029,2134.3291015625,52.0,0.2972862124443054,2.0,2.0,0.7235972692709381,15.01394271850586,47.0,"{""type"":""Point"",""coordinates"":[110.40813208217992,18.83817418232228]}"
1281,0.0,27.0,249.0,44.0593376159668,99.0,19.286244424381884,109.56056400598732,2608.364501953125,48.0,4.189988136291504,4.0,3.0,0.6693078305642337,12.231547355651855,37.0,"{""type"":""Point"",""coordinates"":[109.56164273061796,19.28414553618495]}"
1282,0.0,24.0,36.0,8.421045303344727,39.0,18.531659585721485,108.85987808437409,1793.880126953125,50.0,0.6424281597137451,3.0,1.0,0.6841893354388987,14.241022109985352,44.0,"{""type"":""Point"",""coordinates"":[108.85999860229337,18.530866558728086]}"
1283,0.0,26.0,269.0,26.330018997192383,178.0,18.8775109701075,110.0052300716265,2461.89013671875,49.0,2.15462327003479,4.0,2.0,0.6318467391987543,12.884547233581543,45.0,"{""type"":""Point"",""coordinates"":[110.00463455936358,18.877233563899342]}"
1284,0.0,23.0,240.0,11.490541458129883,201.0,18.608016384871647,109.33149360853685,2089.84423828125,56.0,0.7954465746879578,3.0,1.0,0.6210284258300371,13.900788307189941,44.0,"{""type"":""Point"",""coordinates"":[109.33093954242509,18.608133728237192]}"
1285,0.0,25.0,435.0,41.97316360473633,282.0,18.760729983171963,109.37191779632224,2255.222412109375,51.0,6.5164642333984375,5.0,1.0,0.5908926245014654,11.655266761779785,46.0,"{""type"":""Point"",""coordinates"":[109.37274387049301,18.760343255426722]}"
1286,0.0,31.0,542.0,39.046958923339844,533.0,18.527168009300887,109.21022104518073,2119.140869140625,48.0,8.291542053222656,4.0,1.0,0.5803030920794482,11.326936721801758,44.0,"{""type"":""Point"",""coordinates"":[109.20996986879788,18.525125274218304]}"
1287,0.0,26.0,6.0,11.170848846435547,9.0,18.706831066124792,110.3735393381155,2169.647216796875,44.0,0.5460132956504822,2.0,1.0,0.7236784994416912,14.40247917175293,48.0,"{""type"":""Point"",""coordinates"":[110.37460558479938,18.706978965680037]}"
1288,0.0,26.0,33.0,23.74027442932129,26.0,19.12903924966097,110.30616569180654,2856.007080078125,50.0,1.0635828971862793,4.0,2.0,0.7582093640487303,13.73855209350586,41.0,"{""type"":""Point"",""coordinates"":[110.30710368088377,19.128724337486222]}"
1289,0.0,26.0,49.0,22.323957443237305,28.0,19.537772703935353,110.22531731623576,2757.623779296875,46.0,1.0198668241500854,3.0,3.0,0.7680147582957724,13.771181106567383,38.0,"{""type"":""Point"",""coordinates"":[110.22323130008564,19.53903114651941]}"
1290,0.0,27.0,207.0,56.30751037597656,207.0,18.63047426697463,110.06362056509425,2322.55029296875,46.0,8.274617195129395,4.0,1.0,0.6052999142017188,11.57341194152832,45.0,"{""type"":""Point"",""coordinates"":[110.06161669515302,18.63219167406199]}"
1291,0.0,25.0,259.0,30.41083335876465,62.0,18.980817227781245,109.56056400598732,2306.35986328125,48.0,3.1785480976104736,4.0,2.0,0.674983890459693,12.501903533935547,42.0,"{""type"":""Point"",""coordinates"":[109.56068646537338,18.979357195339702]}"
1292,0.0,21.0,33.0,9.970685005187988,33.0,18.45979436299192,109.76268494491421,1918.9857177734375,58.0,0.7489013671875,2.0,1.0,0.692971308160416,14.089401245117188,45.0,"{""type"":""Point"",""coordinates"":[109.76364046956358,18.45769432491981]}"
1293,0.0,25.0,139.0,25.785804748535156,127.0,18.52267643288029,109.26411996222788,1950.45947265625,53.0,3.9097793102264404,4.0,1.0,0.604088849331449,12.371628761291504,45.0,"{""type"":""Point"",""coordinates"":[109.26484243001086,18.523205515810872]}"
1294,0.0,30.0,474.0,49.64970016479492,390.0,19.178446590287543,109.16081370455413,2419.364990234375,43.0,7.306487560272217,7.0,2.0,0.6319979322739747,11.509659767150879,38.0,"{""type"":""Point"",""coordinates"":[109.15939451553052,19.17753399820382]}"
1295,0.0,22.0,70.0,9.405583381652832,62.0,19.304210730064277,108.90479384858008,2051.248779296875,59.0,0.5197901725769043,2.0,3.0,0.6939874808570744,14.432853698730469,39.0,"{""type"":""Point"",""coordinates"":[108.9056653264569,19.302745062086235]}"
1296,0.0,30.0,2.0,10.832785606384277,3.0,19.99591349883631,110.49930347789223,2367.281982421875,38.0,0.46516039967536926,2.0,4.0,0.7786220702085627,13.639725685119629,40.0,"{""type"":""Point"",""coordinates"":[110.49812319925812,19.994853081233632]}"
1297,0.0,23.0,140.0,19.73014259338379,104.0,19.49734851614997,109.50666508894017,2528.1875,52.0,1.109489917755127,5.0,3.0,0.693134526640341,13.632018089294434,35.0,"{""type"":""Point"",""coordinates"":[109.50881366333027,19.49726037287975]}"
1298,0.0,29.0,317.0,43.87824249267578,150.0,18.873019393686903,109.81658386196136,2438.19580078125,37.0,4.9250288009643555,7.0,2.0,0.6144588297768419,12.022934913635254,46.0,"{""type"":""Point"",""coordinates"":[109.81741627658108,18.871689268003454]}"
1299,0.0,29.0,352.0,60.125221252441406,352.0,18.5092017036185,109.83005859122318,2166.52001953125,48.0,13.240588188171387,5.0,1.0,0.5743484966744633,10.99372673034668,45.0,"{""type"":""Point"",""coordinates"":[109.82950662459282,18.5085573148874]}"
1300,0.0,24.0,117.0,76.11750793457031,99.0,19.10658136755798,110.14896051708558,2760.662841796875,51.0,7.743757724761963,4.0,2.0,0.6304460901470551,11.697208404541016,44.0,"{""type"":""Point"",""coordinates"":[110.14691311170802,19.105384860385875]}"
1301,0.0,28.0,175.0,76.80819702148438,120.0,19.41200856415862,109.89743223753214,2755.220458984375,44.0,8.220504760742188,4.0,3.0,0.6555352041394923,11.600564956665039,37.0,"{""type"":""Point"",""coordinates"":[109.8987509899353,19.410989682678547]}"
1302,0.0,25.0,25.0,8.157536506652832,22.0,19.793792559909413,110.7328654517633,2278.43798828125,53.0,0.1674090027809143,3.0,4.0,0.7526774371775957,14.62732982635498,40.0,"{""type"":""Point"",""coordinates"":[110.733658273495,19.794237287535356]}"
1303,0.0,29.0,40.0,18.158695220947266,40.0,19.77133467780643,110.64752549977192,2383.013671875,37.0,1.3777207136154175,6.0,4.0,0.7396625591196805,13.013978958129883,39.0,"{""type"":""Point"",""coordinates"":[110.64935001416009,19.77335335153477]}"
1304,0.0,24.0,122.0,14.259967803955078,104.0,19.479382210467584,109.26861153864849,2264.14794921875,57.0,0.9493915438652039,2.0,3.0,0.6817800279446472,13.798990249633789,34.0,"{""type"":""Point"",""coordinates"":[109.2683412073579,19.478959748567974]}"
1305,0.0,29.0,18.0,8.633872985839844,18.0,19.74438521928284,110.76430648670748,2330.78369140625,45.0,0.18282771110534668,5.0,4.0,0.766567201314825,14.549806594848633,39.0,"{""type"":""Point"",""coordinates"":[110.76510260251099,19.742791765416424]}"
1306,0.0,29.0,248.0,38.1514892578125,246.0,18.814628900219134,108.79250443806512,1725.241455078125,43.0,10.70097541809082,5.0,1.0,0.5602380887312415,11.284637451171875,46.0,"{""type"":""Point"",""coordinates"":[108.79136935139122,18.816532265385852]}"
1307,0.0,25.0,40.0,8.32534408569336,40.0,19.178446590287543,108.76106340312094,1660.0650634765625,51.0,0.8856614828109741,2.0,2.0,0.6865844087593285,13.917570114135742,41.0,"{""type"":""Point"",""coordinates"":[108.7620120888183,19.17634382781215]}"
1308,0.0,27.0,343.0,38.210662841796875,157.0,19.093106638296184,109.47073247757538,2502.775146484375,41.0,3.6984243392944336,4.0,2.0,0.6455728299922756,12.292150497436523,40.0,"{""type"":""Point"",""coordinates"":[109.47202962587671,19.092157756434684]}"
1309,0.0,25.0,132.0,56.96860885620117,55.0,19.38056752921443,109.78963440343779,2665.989013671875,47.0,5.33716344833374,3.0,3.0,0.7189769418823637,12.063401222229004,37.0,"{""type"":""Point"",""coordinates"":[109.78939495443234,19.378380160180367]}"
1310,0.0,25.0,25.0,8.986454963684082,26.0,20.072270297986464,110.59362658272477,2270.44873046875,45.0,0.31172075867652893,3.0,4.0,0.7294215289286555,13.589493751525879,44.0,"{""type"":""Point"",""coordinates"":[110.59370709802197,20.073287924813524]}"
1311,0.0,30.0,229.0,69.93021392822266,170.0,18.99429195704304,110.02319637730886,2642.061279296875,44.0,8.530130386352539,4.0,2.0,0.621854692688746,11.528218269348145,44.0,"{""type"":""Point"",""coordinates"":[110.02388749729151,18.99462415622365]}"
1312,0.0,28.0,588.0,48.300899505615234,456.0,18.85056151158392,109.2371705037043,2281.71923828125,43.0,8.78470516204834,6.0,2.0,0.5857066621458125,11.229537963867188,44.0,"{""type"":""Point"",""coordinates"":[109.23921627303301,18.849743309047412]}"
1313,0.0,23.0,128.0,14.25692081451416,119.0,19.510823245411764,109.32251045569564,2262.759521484375,58.0,0.9411227703094482,4.0,3.0,0.6694931915143879,13.804051399230957,37.0,"{""type"":""Point"",""coordinates"":[109.3205052652518,19.510449602179193]}"
1314,0.0,24.0,26.0,9.941812515258789,26.0,18.57657534992746,110.04565425941183,2040.6658935546875,40.0,0.4840899705886841,3.0,1.0,0.7056488733423063,14.529834747314453,46.0,"{""type"":""Point"",""coordinates"":[110.04443084059851,18.57750828873438]}"
1315,0.0,29.0,254.0,47.01405715942383,76.0,19.169463437446346,109.53810612388435,2535.598876953125,39.0,4.825505256652832,5.0,2.0,0.6890943309690387,12.086414337158203,37.0,"{""type"":""Point"",""coordinates"":[109.53738643578848,19.168423841417706]}"
1316,0.0,26.0,67.0,13.258861541748047,60.0,19.730910490021046,110.60260973556598,2455.90869140625,51.0,0.6511110067367554,6.0,3.0,0.7409340914361864,13.76456069946289,35.0,"{""type"":""Point"",""coordinates"":[110.60244105387319,19.733038551632198]}"
1317,0.0,26.0,48.0,23.092060089111328,38.0,19.034716144828415,110.31065726822715,2664.699462890625,46.0,1.2180511951446533,4.0,2.0,0.7348238603320616,13.59414291381836,43.0,"{""type"":""Point"",""coordinates"":[110.30920456004633,19.032838551641213]}"
1318,0.0,22.0,31.0,17.117748260498047,31.0,19.71743576075925,109.46174932473417,2328.15234375,54.0,1.085922360420227,2.0,3.0,0.775931580996522,13.718923568725586,32.0,"{""type"":""Point"",""coordinates"":[109.46074941977581,19.719658363961752]}"
1319,0.0,28.0,368.0,37.426231384277344,260.0,18.976325651360646,109.91989011963511,2529.08935546875,44.0,3.661454439163208,4.0,2.0,0.6370306568443849,12.284321784973145,42.0,"{""type"":""Point"",""coordinates"":[109.92196181137915,18.974422850981785]}"
1320,0.0,30.0,138.0,31.291439056396484,85.0,19.416500140579217,110.10853632930025,2794.316650390625,41.0,1.878363013267517,4.0,3.0,0.6958158209718214,13.106523513793945,38.0,"{""type"":""Point"",""coordinates"":[110.1063339969512,19.41861187300494]}"
1321,0.0,25.0,146.0,49.70870590209961,64.0,19.313193882905473,110.17141839918861,2928.958251953125,48.0,3.3724899291992188,4.0,3.0,0.7108733987284863,12.515506744384766,38.0,"{""type"":""Point"",""coordinates"":[110.17121180786505,19.3129327894714]}"
1322,0.0,26.0,226.0,81.782470703125,218.0,19.286244424381884,110.30167411538594,3014.400634765625,50.0,7.413427352905273,4.0,3.0,0.6577188897340327,11.672322273254395,36.0,"{""type"":""Point"",""coordinates"":[110.30328807809092,19.284689914939587]}"
1323,0.0,30.0,784.0,41.52396011352539,631.0,18.73827210106898,109.35395149063982,2303.38623046875,47.0,8.600204467773438,9.0,1.0,0.5746846856845411,11.0667085647583,45.0,"{""type"":""Point"",""coordinates"":[109.35319237132244,18.73702391776481]}"
1324,0.0,20.0,129.0,17.385311126708984,111.0,19.528789551094157,109.4347998662106,2451.638671875,55.0,0.9257146120071411,5.0,3.0,0.6900631521488999,13.8199462890625,35.0,"{""type"":""Point"",""coordinates"":[109.43649122672157,19.528171290473036]}"
1325,0.0,30.0,13.0,10.175073623657227,15.0,19.120056096819773,110.5711687006218,2428.142822265625,41.0,0.2106022983789444,7.0,2.0,0.7550671920217042,15.35049819946289,44.0,"{""type"":""Point"",""coordinates"":[110.5719603714315,19.119155439265285]}"
1326,0.0,27.0,245.0,21.226037979125977,114.0,19.317685459326064,109.48420720683714,2691.92822265625,46.0,1.0847076177597046,4.0,3.0,0.6856295035587757,13.587258338928223,36.0,"{""type"":""Point"",""coordinates"":[109.4857423811708,19.316052590769036]}"
1327,0.0,25.0,36.0,14.624038696289062,35.0,18.751746830330767,110.18938470487097,2412.878662109375,46.0,0.6680275797843933,3.0,1.0,0.7120685849463739,14.201944351196289,47.0,"{""type"":""Point"",""coordinates"":[110.19122243329105,18.752724653276683]}"
1328,0.0,31.0,151.0,23.77831268310547,76.0,19.528789551094157,109.69081972218464,2661.629638671875,43.0,1.4214431047439575,4.0,3.0,0.7211444660369813,13.377318382263184,35.0,"{""type"":""Point"",""coordinates"":[109.68952374218821,19.530059716191314]}"
1329,0.0,27.0,27.0,16.111936569213867,28.0,19.6365873851885,110.71040756966033,2387.303466796875,52.0,1.2043805122375488,10.0,3.0,0.7712422941010253,13.185783386230469,36.0,"{""type"":""Point"",""coordinates"":[110.71031885661114,19.638720921503147]}"
1330,0.0,32.0,404.0,58.3293571472168,273.0,19.259294965858295,109.5964966173521,2608.364501953125,37.0,7.135189056396484,4.0,2.0,0.6481856021428716,11.586962699890137,37.0,"{""type"":""Point"",""coordinates"":[109.59492826336921,19.260454481782908]}"
1331,0.0,38.0,96.0,17.263080596923828,70.0,19.57370531530013,110.5262529364158,2670.569580078125,37.0,0.9130920767784119,4.0,3.0,0.7339092116440483,13.569339752197266,35.0,"{""type"":""Point"",""coordinates"":[110.5244991166553,19.574957566410927]}"
1332,0.0,26.0,33.0,7.877373695373535,33.0,19.46590748120579,108.91826857784184,1987.242919921875,47.0,0.3115393817424774,2.0,3.0,0.7253964729140628,14.966529846191406,39.0,"{""type"":""Point"",""coordinates"":[108.9203967804684,19.464009472870117]}"
1333,0.0,24.0,19.0,7.99177885055542,19.0,19.87913251190077,110.94396954353141,1836.759521484375,51.0,1.0347052812576294,2.0,4.0,0.681827215958854,12.403361320495605,50.0,"{""type"":""Point"",""coordinates"":[110.94486073239173,19.87702698794123]}"
1334,0.0,30.0,57.0,14.459822654724121,57.0,19.591671620982524,109.20572946876013,2241.722412109375,45.0,0.966838538646698,2.0,3.0,0.7187650358599589,13.819878578186035,37.0,"{""type"":""Point"",""coordinates"":[109.20518833876,19.59052422853973]}"
1335,0.0,31.0,1210.0,46.47213363647461,969.0,18.917935157892877,109.71327760428761,2573.859130859375,40.0,13.51103401184082,12.0,2.0,0.5585258062975538,10.023791313171387,44.0,"{""type"":""Point"",""coordinates"":[109.7132804640392,18.918459481490647]}"
1336,0.0,21.0,5.0,4.510566711425781,8.0,18.59903323203045,108.69818133323258,1587.7567138671875,54.0,0.12104114890098572,2.0,1.0,0.7136837639690238,15.83831787109375,43.0,"{""type"":""Point"",""coordinates"":[108.6987269987311,18.59999639938242]}"
1337,0.0,30.0,108.0,13.964510917663574,72.0,19.650062114450293,109.83005859122318,2675.355712890625,45.0,0.4183167517185211,4.0,3.0,0.7417898203680382,14.627198219299316,33.0,"{""type"":""Point"",""coordinates"":[109.831507145668,19.65055759886894]}"
1338,0.0,30.0,198.0,61.56270980834961,196.0,18.706831066124792,108.79250443806512,1929.0064697265625,44.0,16.824363708496094,5.0,1.0,0.5689139610764675,10.847237586975098,43.0,"{""type"":""Point"",""coordinates"":[108.79352212279396,18.706908781570284]}"
1339,0.0,25.0,17.0,6.788246154785156,18.0,19.874640935480173,110.80473067449287,2023.8233642578125,48.0,0.19175733625888824,2.0,4.0,0.7147355162779624,14.093643188476562,46.0,"{""type"":""Point"",""coordinates"":[110.80550132723312,19.873449561856027]}"
1340,0.0,45.0,101.0,19.800153732299805,101.0,19.847691476956584,109.75819336849361,2273.217529296875,31.0,1.8878742456436157,5.0,4.0,0.6867544492289621,13.12413501739502,33.0,"{""type"":""Point"",""coordinates"":[109.75841733988088,19.847590232922748]}"
1341,0.0,28.0,22.0,9.577016830444336,22.0,19.703961031497464,110.7328654517633,2391.37744140625,43.0,0.19157029688358307,3.0,3.0,0.7683479801670536,15.003643035888672,38.0,"{""type"":""Point"",""coordinates"":[110.73480775815909,19.703580865475104]}"
1342,0.0,28.0,148.0,12.95108413696289,130.0,19.560230586038337,110.55320239493938,2572.15234375,48.0,0.45953473448753357,5.0,3.0,0.6984658725114762,14.213396072387695,35.0,"{""type"":""Point"",""coordinates"":[110.55453478022324,19.56116656801813]}"
1343,0.0,24.0,136.0,35.85387420654297,83.0,19.470399057626388,110.05463741225304,2876.264404296875,52.0,2.1491189002990723,4.0,3.0,0.7009235373548187,12.972993850708008,37.0,"{""type"":""Point"",""coordinates"":[110.05293881754359,19.469216537477433]}"
1344,0.0,22.0,71.0,16.033790588378906,64.0,19.322177035746662,110.36006460885369,2825.7041015625,49.0,0.3823137879371643,4.0,3.0,0.7259250495354307,14.739455223083496,39.0,"{""type"":""Point"",""coordinates"":[110.36188499123232,19.321431846566085]}"
1345,0.0,26.0,56.0,15.814642906188965,56.0,19.55573900961774,109.20572946876013,2241.722412109375,51.0,1.1313915252685547,3.0,3.0,0.7155267969942165,13.663261413574219,38.0,"{""type"":""Point"",""coordinates"":[109.2069845398793,19.55464651818376]}"
1346,0.0,24.0,31.0,7.926314353942871,33.0,19.694977878656267,110.90803693216662,1916.9666748046875,50.0,0.691869854927063,4.0,3.0,0.7128245173598603,12.951568603515625,41.0,"{""type"":""Point"",""coordinates"":[110.90902465021323,19.69559312028686]}"
1347,0.0,34.0,635.0,38.9057502746582,443.0,19.097598214716783,109.3943756784252,2404.9130859375,37.0,5.617123126983643,5.0,2.0,0.6129115646357557,11.640183448791504,41.0,"{""type"":""Point"",""coordinates"":[109.39577206642349,19.097663214145616]}"
1348,0.0,30.0,372.0,27.668642044067383,323.0,18.71132264254539,109.58751346451089,2124.45361328125,47.0,3.9806067943573,5.0,1.0,0.5828161831843769,12.197606086730957,49.0,"{""type"":""Point"",""coordinates"":[109.58927379216654,18.711748723571947]}"
1349,0.0,23.0,223.0,31.789464950561523,109.0,19.263786542278893,109.37191779632224,2565.066650390625,54.0,2.5406291484832764,4.0,2.0,0.6611110692901233,12.750113487243652,40.0,"{""type"":""Point"",""coordinates"":[109.37390634574555,19.263053395336815]}"
1350,0.0,30.0,427.0,35.72128677368164,427.0,18.63496584339523,110.13997736424443,2164.38232421875,47.0,5.9308881759643555,4.0,1.0,0.5967623560683072,11.7562255859375,44.0,"{""type"":""Point"",""coordinates"":[110.14019361055895,18.63577703790798]}"
1351,0.0,29.0,450.0,80.88544464111328,396.0,19.066157179772603,109.08894848182456,2391.03076171875,49.0,17.77129364013672,5.0,2.0,0.5930241563706223,10.612076759338379,39.0,"{""type"":""Point"",""coordinates"":[109.09062988999416,19.065406664737583]}"
1352,0.0,23.0,50.0,9.240517616271973,50.0,18.49123539793611,109.83005859122318,1876.545654296875,56.0,0.7117961645126343,4.0,1.0,0.6765930810345584,14.13028335571289,44.0,"{""type"":""Point"",""coordinates"":[109.82880843614122,18.489483914644264]}"
1353,0.0,30.0,445.0,51.91017532348633,321.0,18.783187865274954,109.06649059972159,2119.48779296875,42.0,11.335755348205566,8.0,1.0,0.59223338749185,11.085171699523926,41.0,"{""type"":""Point"",""coordinates"":[109.06852181171253,18.783626743734562]}"
1354,0.0,25.0,31.0,11.75594711303711,34.0,18.90446042863109,110.39150564379787,2392.823974609375,51.0,0.4173111319541931,4.0,2.0,0.7275808722546095,14.675378799438477,44.0,"{""type"":""Point"",""coordinates"":[110.3929602024707,18.904425472710773]}"
1355,0.0,24.0,116.0,15.746006965637207,78.0,19.470399057626388,109.385392525584,2462.10791015625,55.0,0.8234622478485107,3.0,3.0,0.7239804833131966,13.944990158081055,33.0,"{""type"":""Point"",""coordinates"":[109.38444031443969,19.46954815761234]}"
1356,0.0,20.0,53.0,17.60776710510254,42.0,19.569213738879533,110.3241319974889,2749.435791015625,57.0,0.619453489780426,3.0,3.0,0.7498045615302902,14.22908878326416,39.0,"{""type"":""Point"",""coordinates"":[110.3257168887266,19.56727956066902]}"
1357,0.0,23.0,175.0,13.824231147766113,46.0,18.73378052464838,109.21022104518073,2100.4375,54.0,1.0901062488555908,3.0,1.0,0.6888929662998797,13.62769603729248,43.0,"{""type"":""Point"",""coordinates"":[109.21160893423608,18.736019035126507]}"
1358,0.0,30.0,5.0,23.340877532958984,7.0,18.67988160760121,110.41396352590084,2075.554443359375,43.0,2.6843485832214355,5.0,1.0,0.7232810723777571,12.809226989746094,46.0,"{""type"":""Point"",""coordinates"":[110.41422289176897,18.679819666478394]}"
1359,0.0,28.0,778.0,48.49039077758789,755.0,18.71132264254539,109.85251647332615,2321.724365234375,47.0,10.533707618713379,7.0,1.0,0.5550500334301316,10.866286277770996,48.0,"{""type"":""Point"",""coordinates"":[109.85202760571578,18.711704581049244]}"
1360,0.0,31.0,301.0,38.019248962402344,258.0,18.65742372549822,109.05750744688038,2091.1044921875,40.0,6.3484086990356445,4.0,1.0,0.5895863541625581,11.778512001037598,46.0,"{""type"":""Point"",""coordinates"":[109.05600216643009,18.658451951463615]}"
1361,0.0,26.0,222.0,35.70762634277344,119.0,19.420991716999815,109.70429445144646,2734.7783203125,46.0,2.4945483207702637,4.0,3.0,0.6892389270519262,12.769095420837402,34.0,"{""type"":""Point"",""coordinates"":[109.70349743916655,19.419107961449317]}"
1362,0.0,24.0,102.0,10.080499649047852,52.0,19.38505910563503,109.25513680938667,2282.4091796875,50.0,0.311515748500824,4.0,3.0,0.7414604235825124,14.925638198852539,34.0,"{""type"":""Point"",""coordinates"":[109.25488878878735,19.38649439839299]}"
1363,0.0,24.0,117.0,27.430278778076172,88.0,18.71132264254539,109.74471863923185,2552.35693359375,50.0,1.9079616069793701,4.0,1.0,0.6471783650080399,13.103804588317871,48.0,"{""type"":""Point"",""coordinates"":[109.74513763077165,18.709540537333393]}"
1364,0.0,27.0,67.0,12.081279754638672,70.0,18.65293214907762,108.80597916732694,1989.4652099609375,47.0,0.9869297742843628,3.0,1.0,0.6582404603290426,13.793390274047852,44.0,"{""type"":""Point"",""coordinates"":[108.80455162552836,18.653316131344344]}"
1365,0.0,29.0,18.0,4.670046329498291,19.0,19.358109647111448,108.78352128522391,1573.7412109375,45.0,0.21070392429828644,2.0,3.0,0.6995370930650684,15.366294860839844,43.0,"{""type"":""Point"",""coordinates"":[108.7834560419964,19.356173109586248]}"
1366,0.0,24.0,140.0,19.181570053100586,126.0,19.10658136755798,108.91826857784184,2238.19140625,48.0,1.527092456817627,3.0,2.0,0.6506206189380905,13.312440872192383,40.0,"{""type"":""Point"",""coordinates"":[108.91617955965133,19.106396382714987]}"
1367,0.0,25.0,457.0,41.78142166137695,409.0,18.6888647604424,108.98564222415081,2214.187255859375,51.0,6.934626579284668,6.0,1.0,0.5867524160439526,11.575651168823242,46.0,"{""type"":""Point"",""coordinates"":[108.98634327095417,18.69057429244307]}"
1368,0.0,29.0,878.0,42.175514221191406,876.0,18.73827210106898,108.81047074374754,2103.400634765625,49.0,13.333146095275879,6.0,1.0,0.5469285766043264,10.51535701751709,44.0,"{""type"":""Point"",""coordinates"":[108.81041331828344,18.738440362058334]}"
1369,0.0,27.0,75.0,27.46224594116211,60.0,19.043699297669612,110.25226677475933,2707.468017578125,43.0,1.5699959993362427,3.0,2.0,0.7016874121677503,13.324250221252441,44.0,"{""type"":""Point"",""coordinates"":[110.25261408972233,19.042504102346467]}"
1370,0.0,28.0,19.0,10.331341743469238,20.0,19.950997734630327,110.45438771368623,2367.281982421875,43.0,0.3817470371723175,2.0,4.0,0.7545567449616927,13.873409271240234,41.0,"{""type"":""Point"",""coordinates"":[110.4564481977005,19.95145415905112]}"
1371,0.0,26.0,20.0,8.723304748535156,22.0,19.659045267291482,110.86312116796063,2075.732177734375,50.0,0.5511682629585266,5.0,3.0,0.7408815714840846,13.44327163696289,40.0,"{""type"":""Point"",""coordinates"":[110.86257833807464,19.65799814922611]}"
1372,0.0,23.0,257.0,25.829666137695312,229.0,18.554117467824476,109.29556099717206,2002.8577880859375,55.0,3.7716825008392334,4.0,1.0,0.6003705956741077,12.33172607421875,45.0,"{""type"":""Point"",""coordinates"":[109.29707324344629,18.554369985265495]}"
1373,0.0,27.0,425.0,19.917417526245117,421.0,18.49123539793611,109.20572946876013,2127.818359375,50.0,2.297102689743042,4.0,1.0,0.607113063096758,12.709303855895996,44.0,"{""type"":""Point"",""coordinates"":[109.2070260574987,18.491430776429123]}"
1374,0.0,29.0,106.0,18.858440399169922,69.0,18.940393039995868,110.12650263498261,2530.906005859375,41.0,1.0116868019104004,6.0,2.0,0.6821326029921642,13.745192527770996,46.0,"{""type"":""Point"",""coordinates"":[110.1283602798857,18.939629471760632]}"
1375,0.0,27.0,442.0,39.46432113647461,412.0,18.724797371807185,109.96929746026171,2481.07177734375,47.0,4.449219226837158,4.0,1.0,0.6048784782421662,12.033852577209473,47.0,"{""type"":""Point"",""coordinates"":[109.97087429621699,18.725227054428377]}"
1376,0.0,32.0,419.0,57.43849563598633,256.0,19.142513978922757,109.67285341650228,2646.282958984375,37.0,6.733973503112793,6.0,2.0,0.641040893855775,11.634214401245117,39.0,"{""type"":""Point"",""coordinates"":[109.67456373070237,19.140496529886867]}"
1377,0.0,25.0,47.0,23.009531021118164,24.0,19.66353684371208,109.96480588384111,2649.8896484375,47.0,1.2197661399841309,5.0,3.0,0.800084879403063,13.593321800231934,32.0,"{""type"":""Point"",""coordinates"":[109.9632124347106,19.66480603661256]}"
1378,0.0,28.0,86.0,27.216304779052734,86.0,19.789300983488815,109.99624691878529,2564.251220703125,44.0,1.8709388971328735,4.0,4.0,0.7232984610923897,13.142196655273438,32.0,"{""type"":""Point"",""coordinates"":[109.99587442611586,19.790324978576734]}"
1379,0.0,23.0,51.0,15.948736190795898,33.0,19.672519996553277,110.06811214151486,2629.002197265625,55.0,0.6187000870704651,2.0,3.0,0.790668922535129,14.269879341125488,32.0,"{""type"":""Point"",""coordinates"":[110.069578273645,19.67388370944049]}"
1380,0.0,26.0,141.0,29.914962768554688,83.0,19.376075952793833,109.93785642531753,2757.36669921875,48.0,1.8033465147018433,4.0,3.0,0.6983439672406518,13.145447731018066,38.0,"{""type"":""Point"",""coordinates"":[109.93586028892821,19.37477393750217]}"
1381,0.0,27.0,581.0,60.43609619140625,576.0,18.48674382151551,109.22369577444249,2127.818359375,52.0,17.24640655517578,5.0,1.0,0.5523081598536529,10.537964820861816,44.0,"{""type"":""Point"",""coordinates"":[109.22463933143743,18.485105693952878]}"
1382,0.0,27.0,7.0,7.54050874710083,10.0,18.80115417095734,110.40498037305969,2134.3291015625,43.0,0.11471964418888092,2.0,1.0,0.7177527523396493,15.962076187133789,49.0,"{""type"":""Point"",""coordinates"":[110.40332066509114,18.80334529583702]}"
1383,0.0,25.0,1081.0,70.15103149414062,884.0,19.01674983914603,109.53361454746374,2519.6494140625,47.0,23.139835357666016,10.0,2.0,0.5415131020465213,9.661487579345703,42.0,"{""type"":""Point"",""coordinates"":[109.53448099811317,19.0152279474649]}"
1384,0.0,27.0,99.0,13.977663040161133,93.0,19.87913251190077,110.26574150402115,2497.82373046875,44.0,0.5970932841300964,4.0,4.0,0.6989271832661728,13.991741180419922,36.0,"{""type"":""Point"",""coordinates"":[110.26449025424725,19.880483408830287]}"
1385,0.0,26.0,311.0,71.67372131347656,306.0,18.473269092253716,109.65039553439925,2093.80322265625,50.0,18.20224952697754,3.0,1.0,0.5605362881202792,10.687901496887207,44.0,"{""type"":""Point"",""coordinates"":[109.6515593233578,18.472333384535958]}"
1386,0.0,27.0,86.0,11.569733619689941,76.0,19.277261271540688,108.94072645994487,2153.833740234375,51.0,0.7120141983032227,2.0,2.0,0.6872655579850089,14.108598709106445,38.0,"{""type"":""Point"",""coordinates"":[108.93887653949065,19.275025608172484]}"
1389,0.0,32.0,148.0,17.614025115966797,132.0,19.49734851614997,110.5217613599952,2669.626953125,43.0,0.9144240021705627,7.0,3.0,0.6817291697135709,13.525252342224121,39.0,"{""type"":""Point"",""coordinates"":[110.52289780866033,19.497713801235257]}"
1390,0.0,27.0,43.0,19.792036056518555,30.0,18.612507961292245,109.82107543838197,2143.948486328125,43.0,1.7939761877059937,4.0,1.0,0.6974035886289328,13.20971393585205,47.0,"{""type"":""Point"",""coordinates"":[109.8226688611072,18.614582561050387]}"
1391,0.0,25.0,36.0,10.425612449645996,36.0,18.729288948227783,110.17590997560922,2193.443603515625,51.0,0.4628489911556244,4.0,1.0,0.7040368829237165,14.568896293640137,46.0,"{""type"":""Point"",""coordinates"":[110.1775199120426,18.731029848494934]}"
1392,0.0,26.0,84.0,13.28341293334961,75.0,19.389550682055628,109.14284739887177,2168.34912109375,53.0,0.938811182975769,3.0,3.0,0.7025293991988568,13.833244323730469,35.0,"{""type"":""Point"",""coordinates"":[109.14098952022219,19.388573111101906]}"
1393,0.0,25.0,29.0,8.332544326782227,32.0,18.908952005051688,110.40498037305969,2358.38232421875,50.0,0.057359881699085236,3.0,2.0,0.733153753646483,16.66104507446289,43.0,"{""type"":""Point"",""coordinates"":[110.40604306070253,18.91092620433012]}"
1394,0.0,32.0,848.0,77.18456268310547,702.0,19.18293816670814,109.68183656934343,2764.2353515625,41.0,15.392021179199219,5.0,2.0,0.5836083168993181,10.399322509765625,40.0,"{""type"":""Point"",""coordinates"":[109.683160001055,19.1812522721567]}"
1395,0.0,27.0,331.0,41.33563232421875,287.0,18.581066926348058,109.17428843381595,2098.09130859375,52.0,7.758001804351807,4.0,1.0,0.5839483267526598,11.555066108703613,46.0,"{""type"":""Point"",""coordinates"":[109.17244947240997,18.58074420091924]}"
1396,0.0,29.0,164.0,59.305999755859375,167.0,18.280131306168023,109.62793765229628,1853.642333984375,48.0,17.785587310791016,5.0,0.0,0.5733776089290282,10.809792518615723,41.0,"{""type"":""Point"",""coordinates"":[109.6296492719982,18.279581703053626]}"
1397,0.0,27.0,369.0,54.85957336425781,360.0,19.27276969512009,110.28370780970351,2901.84375,50.0,4.80012321472168,4.0,2.0,0.6613271979186769,12.011837005615234,36.0,"{""type"":""Point"",""coordinates"":[110.28223718441653,19.274685313439157]}"
1398,0.0,28.0,39.0,7.116333484649658,40.0,19.820742018433002,109.34945991421921,1759.315673828125,39.0,0.4306330382823944,4.0,4.0,0.722313055372464,14.639293670654297,35.0,"{""type"":""Point"",""coordinates"":[109.34824684737764,19.821109297365098]}"
1399,0.0,29.0,143.0,29.807634353637695,73.0,19.367092799952644,109.89294066111154,2726.19140625,42.0,1.8509143590927124,4.0,3.0,0.7047935767433187,13.118152618408203,39.0,"{""type"":""Point"",""coordinates"":[109.89093770892514,19.365108519279634]}"
1400,0.0,28.0,86.0,20.86142349243164,73.0,18.57208377350686,109.81658386196136,2206.42822265625,42.0,1.8388705253601074,4.0,1.0,0.6549242163699256,13.15949821472168,46.0,"{""type"":""Point"",""coordinates"":[109.81469450587703,18.574256912191636]}"
1401,0.0,25.0,51.0,23.27582359313965,51.0,19.582688468141328,109.0305579883568,1843.529541015625,45.0,3.4798619747161865,3.0,3.0,0.6982433372569072,12.541560173034668,36.0,"{""type"":""Point"",""coordinates"":[109.02923226539941,19.583933952820477]}"
1402,0.0,23.0,12.0,5.665111064910889,12.0,18.93590146357527,108.67572345112961,1517.1463623046875,54.0,0.5122824311256409,2.0,2.0,0.6898926310079003,14.481305122375488,46.0,"{""type"":""Point"",""coordinates"":[108.6744576841933,18.933746768671956]}"
1403,0.0,22.0,25.0,6.308171272277832,25.0,19.74887679570344,110.94396954353141,1932.630126953125,56.0,0.23739443719387054,2.0,4.0,0.7008287010269388,13.861883163452148,46.0,"{""type"":""Point"",""coordinates"":[110.94350259895813,19.74972469239991]}"
1404,0.0,24.0,5.0,4.743224143981934,5.0,18.212757659859058,109.48869878325775,1634.9429931640625,51.0,0.13369931280612946,4.0,0.0,0.7346616914706848,15.828627586364746,40.0,"{""type"":""Point"",""coordinates"":[109.48926427111851,18.21258301651362]}"
1405,0.0,26.0,412.0,57.579833984375,234.0,19.007766686304834,109.76268494491421,2512.29248046875,50.0,7.9804368019104,4.0,2.0,0.6225794881907653,11.467747688293457,41.0,"{""type"":""Point"",""coordinates"":[109.76149293514247,19.006075370188775]}"
1406,0.0,25.0,170.0,61.116310119628906,115.0,19.434466446261602,109.83904174406439,2723.67626953125,46.0,5.679823398590088,4.0,3.0,0.6656042184716697,11.97705364227295,37.0,"{""type"":""Point"",""coordinates"":[109.83968678609476,19.43225663348977]}"
1407,0.0,26.0,35.0,11.228912353515625,32.0,18.60352480845105,109.9603143074205,2182.07763671875,45.0,0.5458130836486816,3.0,1.0,0.7022729046004428,14.404594421386719,47.0,"{""type"":""Point"",""coordinates"":[109.9619931402281,18.60167450515784]}"
1408,0.0,26.0,34.0,13.952656745910645,32.0,19.80277571275061,110.45438771368623,2461.522705078125,44.0,0.6513681411743164,5.0,4.0,0.7779776804136067,13.79426383972168,34.0,"{""type"":""Point"",""coordinates"":[110.45506370302199,19.803276680134818]}"
1409,0.0,24.0,166.0,18.069509506225586,66.0,19.27276969512009,109.30005257359267,2412.9814453125,55.0,1.182050108909607,4.0,2.0,0.7083116851017185,13.552390098571777,38.0,"{""type"":""Point"",""coordinates"":[109.300551144314,19.274235023752247]}"
1410,0.0,26.0,351.0,100.89581298828125,322.0,18.720305795386587,109.94234800173814,2596.105712890625,46.0,16.925874710083008,4.0,1.0,0.573138622775386,10.737213134765625,47.0,"{""type"":""Point"",""coordinates"":[109.94043652538666,18.721935659425835]}"
1411,0.0,26.0,70.0,19.115222930908203,35.0,19.474890634046986,110.31065726822715,2751.917724609375,46.0,0.7481141090393066,4.0,3.0,0.7655099157816407,14.068694114685059,37.0,"{""type"":""Point"",""coordinates"":[110.31030262834986,19.474391650159568]}"
1412,0.0,24.0,202.0,16.53744888305664,186.0,18.468777515833118,109.41234198410757,2098.366455078125,51.0,1.512600064277649,4.0,1.0,0.6128597233400348,13.282759666442871,46.0,"{""type"":""Point"",""coordinates"":[109.41140438835383,18.468865183442016]}"
1413,0.0,29.0,20.0,10.372450828552246,21.0,20.004896651677498,110.27023308044176,2326.393798828125,43.0,0.4629114866256714,2.0,4.0,0.7684281872642209,13.679207801818848,37.0,"{""type"":""Point"",""coordinates"":[110.27025828624703,20.00304470961551]}"
1414,0.0,30.0,43.0,12.435674667358398,44.0,19.51980639825296,110.73735702818391,2401.170166015625,43.0,0.5938122868537903,7.0,3.0,0.7578795788118603,13.878664016723633,35.0,"{""type"":""Point"",""coordinates"":[110.73871656836776,19.52061691853125]}"
1415,0.0,27.0,176.0,98.17555236816406,168.0,19.286244424381884,110.3196404210683,3014.400634765625,49.0,9.76117992401123,3.0,3.0,0.6506247417847983,11.42530345916748,36.0,"{""type"":""Point"",""coordinates"":[110.321720470051,19.2881381621183]}"
1416,0.0,26.0,14.0,10.902201652526855,14.0,19.942014581789138,110.38701406737727,2504.344970703125,47.0,0.3050905466079712,4.0,4.0,0.7715366340340376,14.104621887207031,41.0,"{""type"":""Point"",""coordinates"":[110.3883948130359,19.94396934843441]}"
1418,0.0,35.0,121.0,12.229259490966797,100.0,19.371584376373235,110.28819938612412,2888.4072265625,37.0,0.11471964418888092,5.0,3.0,0.6895299925007662,15.913022994995117,38.0,"{""type"":""Point"",""coordinates"":[110.28958843597256,19.372489014066492]}"
1419,0.0,37.0,77.0,11.747383117675781,77.0,19.838708324115387,109.9603143074205,2541.921875,34.0,0.3348653316497803,4.0,4.0,0.7352615237634264,14.760046005249023,33.0,"{""type"":""Point"",""coordinates"":[109.96066346383503,19.840249016313482]}"
1420,0.0,22.0,91.0,21.760177612304688,61.0,19.470399057626388,110.19836785771219,2799.3056640625,53.0,0.9196891784667969,6.0,3.0,0.7313503578109242,13.849620819091797,38.0,"{""type"":""Point"",""coordinates"":[110.19976575199465,19.47057786118118]}"
1421,0.0,29.0,26.0,14.236976623535156,27.0,19.55124743319714,110.71939072250149,2373.126708984375,47.0,0.9146522879600525,9.0,3.0,0.794153543487365,13.461915016174316,31.0,"{""type"":""Point"",""coordinates"":[110.7184847021279,19.550830726588458]}"
1422,0.0,24.0,143.0,18.204973220825195,49.0,19.308702306484875,109.30903572643388,2413.22265625,53.0,1.1560611724853516,4.0,3.0,0.7242248319366276,13.589025497436523,39.0,"{""type"":""Point"",""coordinates"":[109.30806926280547,19.306731963816983]}"
1423,0.0,27.0,221.0,41.87028503417969,136.0,19.447941175523397,109.75819336849361,2721.21142578125,51.0,3.503307342529297,3.0,3.0,0.6846996721896118,12.429533958435059,34.0,"{""type"":""Point"",""coordinates"":[109.75629295112792,19.447312608799944]}"
1424,0.0,25.0,19.0,9.880453109741211,22.0,18.899968852210492,110.43192983158326,2183.305908203125,48.0,0.38017648458480835,4.0,2.0,0.7336746416376959,14.756300926208496,43.0,"{""type"":""Point"",""coordinates"":[110.43153532009225,18.90065553820789]}"
1425,0.0,27.0,608.0,39.35303497314453,541.0,18.56759219708627,109.45725774831357,2214.372314453125,50.0,7.260390758514404,6.0,1.0,0.5771781302374921,11.405291557312012,46.0,"{""type"":""Point"",""coordinates"":[109.4574753125002,18.568823999013667]}"
1426,0.0,21.0,107.0,14.979394912719727,51.0,19.6320958087679,109.70878602786706,2620.146484375,55.0,0.5039097666740417,3.0,3.0,0.7684517152415797,14.44163990020752,32.0,"{""type"":""Point"",""coordinates"":[109.71007985054685,19.633515046040063]}"
1427,0.0,32.0,358.0,48.251380920410156,180.0,19.138022402502166,109.4437830190518,2480.975341796875,36.0,5.812965393066406,5.0,2.0,0.6454785059530097,11.827214241027832,38.0,"{""type"":""Point"",""coordinates"":[109.44392688077454,19.137856735077506]}"
1428,0.0,28.0,851.0,42.59146499633789,647.0,18.841578358742723,109.56954715882853,2245.12109375,47.0,10.09402847290039,6.0,2.0,0.556359922829053,10.831952095031738,46.0,"{""type"":""Point"",""coordinates"":[109.57093718382419,18.843621637145844]}"
1429,0.0,24.0,20.0,9.703527450561523,22.0,19.66802842013268,110.92151166142838,1916.9666748046875,50.0,1.1586227416992188,4.0,3.0,0.7241783392964933,12.600373268127441,41.0,"{""type"":""Point"",""coordinates"":[110.92003566090742,19.669788435510387]}"
1430,0.0,29.0,28.0,9.525534629821777,28.0,19.708452607918062,110.72388229892209,2391.37744140625,42.0,0.19157519936561584,3.0,3.0,0.7568779270287662,14.998133659362793,39.0,"{""type"":""Point"",""coordinates"":[110.72196964683023,19.707530590225552]}"
1431,0.0,28.0,176.0,93.85989379882812,159.0,18.890985699369296,110.22082573981515,2599.125732421875,49.0,14.188034057617188,4.0,2.0,0.5968956003268501,11.040321350097656,46.0,"{""type"":""Point"",""coordinates"":[110.2201534179858,18.891954612029075]}"
1432,0.0,27.0,207.0,36.733150482177734,195.0,19.205396048811124,110.22082573981515,2882.9013671875,50.0,2.3709521293640137,4.0,2.0,0.6635754668500494,12.829728126525879,40.0,"{""type"":""Point"",""coordinates"":[110.21873632711923,19.204905451468466]}"
1433,0.0,29.0,333.0,22.569961547851562,212.0,18.976325651360646,109.89294066111154,2447.836669921875,41.0,1.6905158758163452,4.0,2.0,0.6423434750017063,13.083195686340332,42.0,"{""type"":""Point"",""coordinates"":[109.89265276924404,18.974935989456814]}"
1434,0.0,27.0,529.0,49.20292282104492,415.0,18.841578358742723,109.74022706281124,2423.74072265625,44.0,7.12598180770874,4.0,2.0,0.5960846189213372,11.490951538085938,45.0,"{""type"":""Point"",""coordinates"":[109.74138863662667,18.839864969587147]}"
1435,0.0,23.0,11.0,8.220775604248047,14.0,18.855053088004517,110.50828663073344,2049.0703125,54.0,0.3084395229816437,3.0,2.0,0.7345764135723347,14.970109939575195,43.0,"{""type"":""Point"",""coordinates"":[110.50662734340968,18.85552711728757]}"
1436,0.0,31.0,87.0,27.831253051757812,69.0,19.614129503085508,110.53523608925701,2662.796142578125,39.0,2.0515904426574707,4.0,3.0,0.734860733050693,12.7666597366333,34.0,"{""type"":""Point"",""coordinates"":[110.53686548418825,19.61412672585048]}"
1437,0.0,30.0,473.0,64.60372924804688,417.0,18.855053088004517,108.96318434204784,2231.401611328125,46.0,15.023453712463379,7.0,2.0,0.5758574100892865,10.771740913391113,43.0,"{""type"":""Point"",""coordinates"":[108.96526947055764,18.854956536798873]}"
1438,0.0,29.0,603.0,19.74791145324707,386.0,18.890985699369296,109.64590395797865,2310.563720703125,45.0,1.877232313156128,5.0,2.0,0.6047766682528399,12.767302513122559,45.0,"{""type"":""Point"",""coordinates"":[109.6477350851312,18.890924008927207]}"
1439,0.0,24.0,69.0,10.298735618591309,67.0,19.362601223532046,108.99013380057141,2126.147705078125,55.0,0.5501697659492493,2.0,3.0,0.6883991027886593,14.376643180847168,40.0,"{""type"":""Point"",""coordinates"":[108.98985109798427,19.3622719363652]}"
1440,0.0,29.0,143.0,23.954044342041016,114.0,18.675390031180612,109.70878602786706,2373.108154296875,43.0,1.9531134366989136,6.0,1.0,0.6233178475179126,13.06436824798584,48.0,"{""type"":""Point"",""coordinates"":[109.70759063120357,18.675978794282255]}"
1441,0.0,31.0,69.0,20.261165618896484,70.0,19.942014581789138,110.25675835117994,2495.271484375,40.0,1.5591132640838623,3.0,4.0,0.7083312753519295,12.888382911682129,39.0,"{""type"":""Point"",""coordinates"":[110.25766999446945,19.93980233480134]}"
1442,0.0,34.0,85.0,21.75060272216797,83.0,19.596163197403122,109.40335883126642,2515.690185546875,43.0,1.5141133069992065,4.0,3.0,0.712458238040052,13.354530334472656,35.0,"{""type"":""Point"",""coordinates"":[109.40194099431382,19.594361427247307]}"
1444,0.0,28.0,692.0,36.723670959472656,639.0,18.76971313601316,108.91377700142124,2181.804443359375,49.0,7.3268022537231445,9.0,1.0,0.5770695757085663,11.319825172424316,45.0,"{""type"":""Point"",""coordinates"":[108.91171820509847,18.768080875447566]}"
1445,0.0,25.0,32.0,22.168943405151367,32.0,19.726418913600448,109.43030828978999,2253.834716796875,48.0,1.8781722784042358,3.0,3.0,0.7722777532911973,13.170234680175781,31.0,"{""type"":""Point"",""coordinates"":[109.4280812814199,19.725409093298623]}"
1446,0.0,26.0,189.0,29.21822166442871,178.0,18.52267643288029,109.06199902330098,1874.0784912109375,53.0,5.571672439575195,4.0,1.0,0.5736435827666146,11.984319686889648,49.0,"{""type"":""Point"",""coordinates"":[109.06272478974321,18.521297550972214]}"
1447,0.0,20.0,11.0,4.101046085357666,11.0,19.066157179772603,108.68021502755016,1457.1580810546875,58.0,0.1908886730670929,2.0,2.0,0.6973925127953496,15.469088554382324,44.0,"{""type"":""Point"",""coordinates"":[108.68127129522713,19.067766624303562]}"
1448,0.0,26.0,813.0,34.91044998168945,788.0,18.6888647604424,108.89581069573887,1983.4642333984375,49.0,9.815360069274902,6.0,1.0,0.5449489020421244,10.90182876586914,46.0,"{""type"":""Point"",""coordinates"":[108.89457371330623,18.690383136488194]}"
1449,0.0,27.0,59.0,12.74255657196045,57.0,19.820742018433002,110.3151488446477,2446.577880859375,44.0,0.501072108745575,5.0,4.0,0.743929733574771,14.198748588562012,35.0,"{""type"":""Point"",""coordinates"":[110.31522584419403,19.820072199596904]}"
1450,0.0,25.0,35.0,8.38095474243164,38.0,18.62149111413344,108.77453813238276,1617.42724609375,47.0,0.9376296997070312,3.0,1.0,0.6737500375452301,13.863456726074219,44.0,"{""type"":""Point"",""coordinates"":[108.77492914512155,18.6221300549733]}"
1451,0.0,28.0,163.0,80.53160858154297,151.0,19.178446590287543,110.22531731623576,2873.6015625,48.0,8.136622428894043,4.0,2.0,0.6423223025632022,11.618542671203613,40.0,"{""type"":""Point"",""coordinates"":[110.2245241953887,19.178892488989952]}"
1452,0.0,25.0,502.0,51.96402359008789,495.0,18.500218550777305,109.22369577444249,2119.140869140625,54.0,12.325294494628906,4.0,1.0,0.5699418864932074,10.954463005065918,44.0,"{""type"":""Point"",""coordinates"":[109.22483009706535,18.50050227620099]}"
1453,0.0,25.0,126.0,30.330520629882812,126.0,18.39691229310356,109.09793163466577,1671.2060546875,49.0,7.392614364624023,4.0,1.0,0.5958217022890919,11.738637924194336,41.0,"{""type"":""Point"",""coordinates"":[109.09927233300452,18.398602812041943]}"
1454,0.0,32.0,95.0,14.247458457946777,93.0,19.52429797467356,110.62506761766895,2505.265380859375,42.0,0.7502682209014893,6.0,3.0,0.7051212153335181,13.596528053283691,35.0,"{""type"":""Point"",""coordinates"":[110.62708687717566,19.5225263688452]}"
1455,0.0,26.0,178.0,14.869043350219727,47.0,19.35361807069085,109.55607242956671,2645.388916015625,48.0,0.5014894008636475,10.0,3.0,0.755951349840326,14.402335166931152,36.0,"{""type"":""Point"",""coordinates"":[109.55737546047688,19.35484644304403]}"
1456,0.0,21.0,40.0,17.274845123291016,40.0,18.369962834579972,109.21471262160128,1863.8387451171875,59.0,2.2558813095092773,2.0,1.0,0.698235435155108,12.982172012329102,40.0,"{""type"":""Point"",""coordinates"":[109.21513480463717,18.36928806136589]}"
1457,0.0,23.0,89.0,11.751129150390625,68.0,19.115564520399175,109.03504956477741,2185.85693359375,56.0,0.6702086925506592,2.0,2.0,0.6846755929193803,14.16731071472168,41.0,"{""type"":""Point"",""coordinates"":[109.0340183741433,19.11716069103541]}"
1458,0.0,33.0,74.0,11.392125129699707,75.0,19.789300983488815,109.19225473949831,1713.6287841796875,39.0,1.492265224456787,8.0,4.0,0.6867238600577772,13.375648498535156,33.0,"{""type"":""Point"",""coordinates"":[109.1924118964043,19.789119943074656]}"
1459,0.0,32.0,663.0,65.958984375,611.0,18.79666259453675,109.798617556279,2524.818115234375,39.0,12.284199714660645,4.0,1.0,0.5820369046051239,10.820024490356445,44.0,"{""type"":""Point"",""coordinates"":[109.79637973700642,18.796736618455913]}"
1460,0.0,25.0,125.0,52.15202331542969,38.0,19.308702306484875,110.12201105856201,2943.840087890625,49.0,3.5853798389434814,4.0,3.0,0.7355455261890277,12.467134475708008,39.0,"{""type"":""Point"",""coordinates"":[110.1227288336068,19.30880331811921]}"
1461,0.0,29.0,53.0,11.94368839263916,24.0,18.65293214907762,109.69531129860525,2332.619873046875,43.0,0.49770766496658325,4.0,1.0,0.7200440887856613,14.486324310302734,47.0,"{""type"":""Point"",""coordinates"":[109.69581409074026,18.651984178891876]}"
1462,0.0,22.0,31.0,20.01024627685547,31.0,19.32666861216726,110.58913500630416,2658.7890625,53.0,1.039584994316101,5.0,3.0,0.7632950441499131,13.490426063537598,39.0,"{""type"":""Point"",""coordinates"":[110.58966712207658,19.32854154725604]}"
1463,0.0,27.0,115.0,22.146440505981445,89.0,19.55124743319714,109.54259770030495,2514.0302734375,50.0,1.4795300960540771,4.0,3.0,0.7038346796322906,13.359485626220703,35.0,"{""type"":""Point"",""coordinates"":[109.54259287096045,19.553131198690526]}"
1464,0.0,27.0,26.0,7.683318614959717,26.0,19.60514635024431,109.13835582245116,1890.5634765625,47.0,0.40382999181747437,3.0,3.0,0.7370833558798231,14.711118698120117,37.0,"{""type"":""Point"",""coordinates"":[109.13624051225597,19.603442888106503]}"
1465,0.0,26.0,26.0,11.136526107788086,27.0,19.501840092570568,110.75532333386627,2266.287109375,48.0,0.5506364703178406,5.0,3.0,0.7595166804354628,13.969438552856445,37.0,"{""type"":""Point"",""coordinates"":[110.75698783469393,19.500719607282935]}"
1466,0.0,29.0,18.0,13.754385948181152,15.0,19.74887679570344,110.33311515033012,2634.835693359375,41.0,0.4217427670955658,3.0,4.0,0.8233095370831728,14.402565956115723,30.0,"{""type"":""Point"",""coordinates"":[110.33316045131487,19.75020578345021]}"
1467,0.0,28.0,34.0,11.23710823059082,31.0,19.730910490021046,110.45438771368623,2598.624267578125,41.0,0.18255025148391724,3.0,3.0,0.7967202918686067,15.227792739868164,32.0,"{""type"":""Point"",""coordinates"":[110.45487939714432,19.731724262634657]}"
1468,0.0,23.0,274.0,51.281795501708984,140.0,19.196412895969935,109.37640937274284,2572.3779296875,50.0,5.328026294708252,4.0,2.0,0.664977927838407,11.973387718200684,36.0,"{""type"":""Point"",""coordinates"":[109.37474030682856,19.196995450839378]}"
1469,0.0,31.0,163.0,30.655033111572266,144.0,18.63047426697463,109.03504956477741,2040.185546875,41.0,4.521988868713379,4.0,1.0,0.5966634522984922,12.210640907287598,47.0,"{""type"":""Point"",""coordinates"":[109.03656214358502,18.631855509292283]}"
1470,0.0,26.0,39.0,19.139490127563477,34.0,19.263786542278893,108.85089493153288,2004.221435546875,52.0,2.209784984588623,3.0,2.0,0.7096251741054337,13.003422737121582,41.0,"{""type"":""Point"",""coordinates"":[108.85306208004098,19.263874915026815]}"
1471,0.0,30.0,10.0,5.538552284240723,11.0,19.977947193153916,109.5920050409315,1808.7677001953125,41.0,0.12994441390037537,4.0,4.0,0.7560266096279509,15.585895538330078,36.0,"{""type"":""Point"",""coordinates"":[109.5901289409677,19.978402301582978]}"
1472,0.0,26.0,303.0,16.288314819335938,127.0,18.810137323798536,109.46624090115478,2279.518798828125,50.0,1.201490044593811,4.0,1.0,0.6141864957315184,13.445732116699219,47.0,"{""type"":""Point"",""coordinates"":[109.46581560341754,18.81100925398421]}"
1473,0.0,25.0,112.0,14.028995513916016,98.0,19.501840092570568,109.24615365654546,2256.702880859375,49.0,0.8390563726425171,2.0,3.0,0.6844837171583381,13.928669929504395,34.0,"{""type"":""Point"",""coordinates"":[109.2458405685974,19.502684547136433]}"
1475,0.0,30.0,285.0,27.491348266601562,229.0,18.926918310734074,108.94970961278602,2119.0771484375,44.0,3.6680169105529785,5.0,2.0,0.6108881233223586,12.340767860412598,44.0,"{""type"":""Point"",""coordinates"":[108.95179850761414,18.928204057264477]}"
1476,0.0,28.0,396.0,50.757293701171875,226.0,18.8820025465281,109.45276617189296,2306.155517578125,48.0,8.389591217041016,5.0,2.0,0.5854225760444746,11.428932189941406,47.0,"{""type"":""Point"",""coordinates"":[109.45221686321949,18.88343561041053]}"
1477,0.0,27.0,180.0,13.490476608276367,27.0,18.864036240845707,109.36293464348103,2235.009765625,47.0,0.8344717621803284,4.0,2.0,0.7194484651752192,13.891801834106445,43.0,"{""type"":""Point"",""coordinates"":[109.36082152873641,18.864126237818947]}"
1478,0.0,19.0,61.0,6.9906110763549805,57.0,18.96285092209886,108.78352128522391,1649.291748046875,59.0,0.5843334794044495,2.0,2.0,0.6578859399606324,14.321136474609375,43.0,"{""type"":""Point"",""coordinates"":[108.78250204913196,18.960740133669727]}"
1479,0.0,36.0,121.0,22.364816665649414,101.0,19.470399057626388,110.47684559578926,2712.433837890625,37.0,1.417694330215454,4.0,3.0,0.6744307955187703,13.109001159667969,40.0,"{""type"":""Point"",""coordinates"":[110.47888267334753,19.471228182709968]}"
1480,0.0,22.0,111.0,20.7955379486084,56.0,19.4389580226822,110.02768795372947,2827.487548828125,53.0,0.809207558631897,3.0,3.0,0.7339362816127841,13.965506553649902,38.0,"{""type"":""Point"",""coordinates"":[110.02597811304385,19.440324155156663]}"
1481,0.0,24.0,37.0,8.56559944152832,35.0,19.164971861025748,108.81047074374754,1873.4566650390625,56.0,0.6179719567298889,2.0,2.0,0.7061050414409222,14.279253959655762,41.0,"{""type"":""Point"",""coordinates"":[108.81268506415367,19.16607200362901]}"
1482,0.0,35.0,139.0,29.852523803710938,118.0,19.35361807069085,110.27023308044176,2888.4072265625,38.0,1.6720995903015137,5.0,3.0,0.6895461067299078,13.222299575805664,36.0,"{""type"":""Point"",""coordinates"":[110.26842112660381,19.355417818182303]}"
1483,0.0,28.0,174.0,17.190004348754883,174.0,18.527168009300887,109.78514282701718,2170.055908203125,46.0,1.486582636833191,5.0,1.0,0.6196733715761433,13.318020820617676,46.0,"{""type"":""Point"",""coordinates"":[109.7869354812928,18.52619051785498]}"
1484,0.0,29.0,299.0,71.61862182617188,194.0,18.949376192837065,109.94683957815869,2522.96484375,43.0,10.31881332397461,4.0,2.0,0.5990978499681584,11.287334442138672,46.0,"{""type"":""Point"",""coordinates"":[109.94790103863696,18.951058713878485]}"
1485,0.0,27.0,30.0,9.688321113586426,31.0,19.27276969512009,108.79250443806512,1620.2364501953125,47.0,1.2772423028945923,3.0,2.0,0.6853252335278924,13.557185173034668,43.0,"{""type"":""Point"",""coordinates"":[108.79385881179357,19.271768197312213]}"
1486,0.0,27.0,223.0,14.690095901489258,213.0,18.949376192837065,108.8239454730093,1824.740234375,50.0,2.001271963119507,4.0,2.0,0.6027657433538315,12.988991737365723,44.0,"{""type"":""Point"",""coordinates"":[108.82401249195638,18.950254900377455]}"
1487,0.0,33.0,59.0,18.487422943115234,59.0,19.72192733717985,109.47971563041654,2328.15234375,42.0,1.388449788093567,4.0,3.0,0.7435222029946406,13.456686019897461,32.0,"{""type"":""Point"",""coordinates"":[109.48125078863373,19.72297921156029]}"
1488,0.0,29.0,19.0,10.15692138671875,19.0,19.807267289171207,109.41234198410757,1893.776123046875,42.0,0.8055278062820435,4.0,4.0,0.7580240823026491,14.024613380432129,34.0,"{""type"":""Point"",""coordinates"":[109.41344821248929,19.806268909194728]}"
1489,0.0,25.0,184.0,51.22934341430664,174.0,18.68437318402181,109.91989011963511,2365.515625,51.0,6.737288951873779,4.0,1.0,0.6009628700003836,11.796086311340332,48.0,"{""type"":""Point"",""coordinates"":[109.91836091811112,18.682265346179424]}"
1490,0.0,30.0,502.0,59.70857620239258,310.0,19.084123485454995,109.56954715882853,2543.486572265625,40.0,8.534398078918457,5.0,2.0,0.6222938195135959,11.330171585083008,40.0,"{""type"":""Point"",""coordinates"":[109.56835212696224,19.08208521193919]}"
1491,0.0,28.0,59.0,13.302438735961914,59.0,19.569213738879533,109.0754737525628,1860.660400390625,47.0,1.4919542074203491,3.0,3.0,0.697042802330952,13.384756088256836,36.0,"{""type"":""Point"",""coordinates"":[109.07389328651178,19.570964170321723]}"
1492,0.0,29.0,156.0,39.902503967285156,141.0,18.473269092253716,109.60547977019331,2163.11669921875,43.0,5.709681034088135,5.0,1.0,0.6182148387982981,11.980587005615234,43.0,"{""type"":""Point"",""coordinates"":[109.60354208393632,18.474949689353135]}"
1493,0.0,25.0,136.0,14.87954044342041,67.0,18.8775109701075,110.07260371793546,2444.752685546875,50.0,0.711901843547821,4.0,2.0,0.6773277931807019,14.078285217285156,46.0,"{""type"":""Point"",""coordinates"":[110.07041213791223,18.875660934788886]}"
1494,0.0,32.0,12.0,8.877644538879395,13.0,19.88362408832137,109.31352730285442,1803.2041015625,41.0,0.7677570581436157,2.0,4.0,0.75842803955722,14.076674461364746,34.0,"{""type"":""Point"",""coordinates"":[109.31482561740849,19.88481360282635]}"
1495,0.0,23.0,16.0,4.523214817047119,16.0,18.8775109701075,108.69818133323258,1566.5909423828125,48.0,0.13412488996982574,2.0,2.0,0.6983297765037277,15.819132804870605,44.0,"{""type"":""Point"",""coordinates"":[108.69745638204425,18.876431183395034]}"
1496,0.0,31.0,86.0,16.577089309692383,76.0,18.84606993516332,108.83292862585051,1864.8104248046875,43.0,2.1841490268707275,4.0,2.0,0.6483806736374896,12.987281799316406,42.0,"{""type"":""Point"",""coordinates"":[108.83504595580665,18.84467840797356]}"
1497,0.0,29.0,32.0,11.632264137268066,32.0,19.69048630223567,110.71040756966033,2389.419189453125,48.0,0.5304081439971924,6.0,3.0,0.7574275773211927,14.00150203704834,38.0,"{""type"":""Point"",""coordinates"":[110.71105543697101,19.68987415827366]}"
1498,0.0,31.0,27.0,8.946573257446289,27.0,19.789300983488815,110.67447495829555,2337.715087890625,43.0,0.2438383251428604,7.0,4.0,0.7577008521363678,14.272314071655273,39.0,"{""type"":""Point"",""coordinates"":[110.67465317017384,19.789663061947092]}"
1499,0.0,27.0,451.0,113.99925994873047,326.0,19.21887077807292,109.76268494491421,2883.118896484375,49.0,17.365877151489258,4.0,2.0,0.6032078724570715,10.635897636413574,38.0,"{""type"":""Point"",""coordinates"":[109.76394390517606,19.216950872243547]}"
1500,0.0,29.0,685.0,67.94696044921875,647.0,19.034716144828415,110.07709529435607,2766.862060546875,45.0,9.997886657714844,4.0,2.0,0.5816342893124149,11.010822296142578,46.0,"{""type"":""Point"",""coordinates"":[110.07536135558045,19.033137007146355]}"
1501,0.0,27.0,159.0,13.26990032196045,89.0,19.416500140579217,109.37640937274284,2514.416259765625,41.0,0.42957064509391785,4.0,3.0,0.7145964117112507,14.569136619567871,33.0,"{""type"":""Point"",""coordinates"":[109.37862781860947,19.41426777391896]}"
1502,0.0,20.0,102.0,15.254820823669434,87.0,19.290736000802482,109.00360852983323,2129.14208984375,60.0,1.2420978546142578,2.0,3.0,0.6615148652827063,13.542384147644043,40.0,"{""type"":""Point"",""coordinates"":[109.00544366102233,19.290786733159322]}"
1503,0.0,22.0,25.0,9.579092025756836,25.0,19.650062114450293,109.21471262160128,2010.00830078125,52.0,0.5167343020439148,2.0,3.0,0.7441885332036767,14.465152740478516,37.0,"{""type"":""Point"",""coordinates"":[109.21332685661919,19.650625050862946]}"
1504,0.0,29.0,47.0,9.997552871704102,40.0,19.80277571275061,110.26574150402115,2518.41015625,39.0,0.11471964418888092,6.0,4.0,0.7836314853701023,15.682340621948242,32.0,"{""type"":""Point"",""coordinates"":[110.26360906770302,19.802712350307917]}"
1506,0.0,26.0,181.0,52.40415954589844,183.0,18.6888647604424,110.31065726822715,2105.15283203125,49.0,9.718377113342285,4.0,1.0,0.5818989345031522,11.426606178283691,47.0,"{""type"":""Point"",""coordinates"":[110.3099685844528,18.690805833801537]}"
1507,0.0,25.0,176.0,8.830129623413086,161.0,19.003275109884235,108.84191177869172,1987.6182861328125,56.0,0.5489838123321533,5.0,2.0,0.6302389144363045,14.31311321258545,42.0,"{""type"":""Point"",""coordinates"":[108.83999872157042,19.001585763156264]}"
1508,0.0,29.0,15.0,7.36745023727417,15.0,19.820742018433002,109.4347998662106,1893.776123046875,40.0,0.32572680711746216,4.0,4.0,0.7556311278361441,14.932412147521973,36.0,"{""type"":""Point"",""coordinates"":[109.43443361749601,19.81996300884832]}"
1509,0.0,27.0,778.0,46.968292236328125,725.0,18.778696288854356,108.90928542500069,2181.804443359375,49.0,12.15061092376709,8.0,1.0,0.5612774144016157,10.719693183898926,44.0,"{""type"":""Point"",""coordinates"":[108.91010296108844,18.780828435654996]}"
1510,0.0,21.0,11.0,16.186458587646484,13.0,19.18293816670814,110.5711687006218,2490.84033203125,52.0,0.7280105948448181,3.0,2.0,0.7601511547149663,14.0929594039917,43.0,"{""type"":""Point"",""coordinates"":[110.5723132685995,19.181040723328717]}"
1511,0.0,26.0,206.0,33.69856262207031,129.0,18.868527817266305,110.03667110657068,2461.89013671875,48.0,3.0984740257263184,4.0,2.0,0.6317676787927957,12.562353134155273,45.0,"{""type"":""Point"",""coordinates"":[110.03736236834852,18.870540316313296]}"
1512,0.0,28.0,91.0,22.105783462524414,83.0,19.753368372124037,109.97378903668232,2564.251220703125,46.0,1.3411296606063843,4.0,4.0,0.7287669948276626,13.472291946411133,32.0,"{""type"":""Point"",""coordinates"":[109.9753094219197,19.755159937888497]}"
1513,0.0,31.0,761.0,44.17826461791992,566.0,18.85056151158392,109.6414123815581,2310.563720703125,45.0,9.251518249511719,4.0,2.0,0.5706457610716127,11.015995025634766,45.0,"{""type"":""Point"",""coordinates"":[109.64136249884399,18.85212660351962]}"
1514,0.0,25.0,63.0,13.392139434814453,63.0,19.618621079506106,109.2326789272837,2123.479736328125,51.0,0.9653562903404236,4.0,3.0,0.7105959143283002,13.817867279052734,36.0,"{""type"":""Point"",""coordinates"":[109.23152539250908,19.616681067474477]}"
1515,0.0,28.0,21.0,7.412250995635986,24.0,18.751746830330767,110.3241319974889,2163.493896484375,49.0,0.12115024030208588,2.0,1.0,0.7031459093160096,15.917988777160645,49.0,"{""type"":""Point"",""coordinates"":[110.3246396684102,18.753253996598037]}"
1516,0.0,28.0,983.0,69.8703842163086,813.0,18.980817227781245,109.39886725484581,2479.211181640625,42.0,20.648426055908203,9.0,2.0,0.5549840046972047,9.923609733581543,41.0,"{""type"":""Point"",""coordinates"":[109.39743053939858,18.982608721603498]}"
1517,0.0,31.0,621.0,71.43575286865234,567.0,19.021241415566628,109.13386424603056,2482.21875,40.0,14.145637512207031,6.0,2.0,0.5998904057779425,10.711651802062988,39.0,"{""type"":""Point"",""coordinates"":[109.13487413863837,19.02173191297583]}"
1518,0.0,26.0,244.0,24.942195892333984,242.0,18.778696288854356,108.77902970880336,1793.6463623046875,54.0,5.11494255065918,4.0,1.0,0.585139309225708,12.034523963928223,45.0,"{""type"":""Point"",""coordinates"":[108.77730283406933,18.777597133424475]}"
1519,0.0,25.0,97.0,17.59197235107422,28.0,19.34912649427025,110.1624352463474,2928.958251953125,48.0,0.4591660797595978,4.0,3.0,0.7726729786325821,14.540690422058105,37.0,"{""type"":""Point"",""coordinates"":[110.16401286990765,19.34895961864959]}"
1520,0.0,28.0,76.0,14.268527030944824,75.0,19.60514635024431,109.39886725484581,2290.14013671875,49.0,0.8817649483680725,3.0,3.0,0.7104631405555657,13.900728225708008,35.0,"{""type"":""Point"",""coordinates"":[109.39913079557383,19.60606864768676]}"
1521,0.0,22.0,214.0,8.936864852905273,212.0,18.414878598785947,109.39886725484581,1958.181884765625,56.0,0.5454509258270264,3.0,1.0,0.6290241467795151,14.295162200927734,41.0,"{""type"":""Point"",""coordinates"":[109.3966396035412,18.415264916390306]}"
1522,0.0,26.0,36.0,13.720161437988281,36.0,19.793792559909413,110.62955919408955,2383.013671875,40.0,0.7087077498435974,5.0,4.0,0.7551402901537625,13.661097526550293,37.0,"{""type"":""Point"",""coordinates"":[110.62755916042393,19.794198208626636]}"
1523,0.0,25.0,11.0,10.17740535736084,14.0,18.868527817266305,110.39599722021848,2301.30419921875,47.0,0.2931329309940338,4.0,2.0,0.7416012423404119,15.04014778137207,45.0,"{""type"":""Point"",""coordinates"":[110.39730079533116,18.87045656925973]}"
1524,0.0,20.0,21.0,6.138110637664795,21.0,18.450811210150732,110.06811214151486,1874.7554931640625,53.0,0.11471964418888092,4.0,1.0,0.7171030569653334,15.972529411315918,43.0,"{""type"":""Point"",""coordinates"":[110.06858367303425,18.452904136222703]}"
1525,0.0,27.0,509.0,63.84672546386719,272.0,18.944884616416466,109.69081972218464,2434.082763671875,44.0,10.805370330810547,5.0,2.0,0.5908036814025635,11.084096908569336,44.0,"{""type"":""Point"",""coordinates"":[109.68970565363082,18.94569019796065]}"
1526,0.0,32.0,472.0,43.021270751953125,278.0,19.133530826081568,109.32251045569564,2365.763671875,39.0,6.108654499053955,6.0,2.0,0.6236136391788638,11.691922187805176,40.0,"{""type"":""Point"",""coordinates"":[109.3223338062191,19.131947333569155]}"
1527,0.0,25.0,93.0,11.006449699401855,85.0,19.4434495991028,109.13835582245116,2126.220703125,50.0,0.6180107593536377,3.0,3.0,0.698449200384201,14.245992660522461,33.0,"{""type"":""Point"",""coordinates"":[109.14012066469009,19.442725663176617]}"
1528,0.0,26.0,762.0,54.78406524658203,755.0,18.495726974356707,109.2281873508631,2127.818359375,53.0,17.461822509765625,8.0,1.0,0.544081658885373,10.356850624084473,44.0,"{""type"":""Point"",""coordinates"":[109.2274061146037,18.49495055584287]}"
1529,0.0,24.0,40.0,15.881162643432617,40.0,19.4389580226822,108.97216749488905,2202.286865234375,51.0,1.1486555337905884,2.0,3.0,0.7310597783846331,13.657503128051758,38.0,"{""type"":""Point"",""coordinates"":[108.97364793739146,19.44046623346418]}"
1530,0.0,28.0,176.0,70.67044830322266,148.0,18.54064273856268,109.32700203211624,2078.1171875,45.0,16.297496795654297,5.0,1.0,0.5654199818666639,10.894954681396484,46.0,"{""type"":""Point"",""coordinates"":[109.32633066356794,18.539516072861094]}"
1531,0.0,24.0,107.0,45.469459533691406,24.0,19.313193882905473,110.14446894066504,2943.840087890625,50.0,2.8482167720794678,3.0,3.0,0.7592210662322105,12.70879077911377,38.0,"{""type"":""Point"",""coordinates"":[110.14637896534786,19.31516914107279]}"
1533,0.0,26.0,71.0,35.56170654296875,71.0,18.39691229310356,109.01259168267438,1602.6798095703125,50.0,10.721762657165527,3.0,1.0,0.6215300726278138,11.393911361694336,40.0,"{""type"":""Point"",""coordinates"":[109.01122277250995,18.397358412426236]}"
1534,0.0,27.0,70.0,9.193846702575684,49.0,18.873019393686903,108.85538650795348,2049.3916015625,45.0,0.44077426195144653,4.0,2.0,0.6789297966731018,14.597753524780273,46.0,"{""type"":""Point"",""coordinates"":[108.85357110667913,18.87351508501645]}"
1535,0.0,24.0,52.0,18.879072189331055,51.0,18.76522155959256,110.19836785771219,2412.878662109375,53.0,1.2062894105911255,3.0,1.0,0.6865841041279457,13.6014986038208,48.0,"{""type"":""Point"",""coordinates"":[110.19846691368488,18.763851861171794]}"
1536,0.0,26.0,30.0,15.513304710388184,30.0,19.389550682055628,110.60260973556598,2514.052001953125,42.0,0.7071169018745422,5.0,3.0,0.7654271204133585,13.876628875732422,38.0,"{""type"":""Point"",""coordinates"":[110.60101608625273,19.389800602695512]}"
1537,0.0,24.0,36.0,17.415191650390625,26.0,19.6320958087679,110.47235401936865,2659.6337890625,53.0,0.8095847964286804,4.0,3.0,0.7956124642544224,13.736703872680664,33.0,"{""type"":""Point"",""coordinates"":[110.47317461784533,19.632020747186786]}"
1538,0.0,22.0,10.0,5.1787109375,10.0,18.37445441100057,109.16081370455413,1685.9166259765625,49.0,0.1338011473417282,2.0,1.0,0.7259210609506778,15.824999809265137,41.0,"{""type"":""Point"",""coordinates"":[109.16005841893005,18.374064388955667]}"
1539,0.0,25.0,12.0,41.92061996459961,14.0,18.693356336862998,110.33311515033012,2105.15283203125,51.0,6.225388526916504,5.0,1.0,0.6995816694901611,11.979870796203613,47.0,"{""type"":""Point"",""coordinates"":[110.33147590653546,18.692029462118064]}"
1540,0.0,35.0,126.0,16.06780433654785,109.0,19.33116018858786,110.28819938612412,2915.853271484375,38.0,0.41951364278793335,4.0,3.0,0.7002083555601946,14.61333179473877,35.0,"{""type"":""Point"",""coordinates"":[110.28791560148835,19.329815451831646]}"
1541,0.0,23.0,7.0,6.129441261291504,7.0,19.753368372124037,109.37191779632224,1909.5064697265625,47.0,0.08369342237710953,2.0,4.0,0.7787094296072671,16.295915603637695,33.0,"{""type"":""Point"",""coordinates"":[109.37397315679146,19.754903131263752]}"
1542,0.0,27.0,183.0,59.31998825073242,126.0,19.21887077807292,109.15632212813352,2517.046630859375,45.0,6.99050760269165,4.0,2.0,0.6568441021397398,11.75947380065918,37.0,"{""type"":""Point"",""coordinates"":[109.15412385381067,19.2170031753112]}"
1543,0.0,28.0,93.0,46.72370910644531,84.0,19.025732991987226,110.33760672675072,2664.699462890625,42.0,3.88562273979187,4.0,2.0,0.6824302309647402,12.405964851379395,40.0,"{""type"":""Point"",""coordinates"":[110.33805676070047,19.0279184313511]}"
1544,0.0,26.0,130.0,25.83331871032715,112.0,19.259294965858295,110.19387628129158,2854.202880859375,46.0,1.2250242233276367,4.0,2.0,0.686913523708409,13.539113998413086,37.0,"{""type"":""Point"",""coordinates"":[110.19356675178977,19.259268586593045]}"
1545,0.0,23.0,141.0,16.153852462768555,83.0,19.54226428035595,109.60997134661392,2538.433837890625,53.0,0.7303535342216492,4.0,3.0,0.7135843071262833,14.04959487915039,35.0,"{""type"":""Point"",""coordinates"":[109.61145214897083,19.543275714637097]}"
1546,0.0,27.0,96.0,53.131526947021484,96.0,18.52267643288029,110.05014583583244,2009.3021240234375,49.0,11.002644538879395,4.0,1.0,0.5956742530177161,11.352437973022461,44.0,"{""type"":""Point"",""coordinates"":[110.05060712620812,18.521450863356996]}"
1547,0.0,35.0,140.0,16.40487289428711,140.0,19.74438521928284,109.56954715882853,2309.78955078125,41.0,1.2122341394424438,4.0,4.0,0.6882865880433333,13.543428421020508,33.0,"{""type"":""Point"",""coordinates"":[109.568211551578,19.74577638960351]}"
1548,0.0,31.0,23.0,8.868646621704102,23.0,19.71294418433866,110.74634018102506,2391.37744140625,40.0,0.13468605279922485,3.0,3.0,0.7630285667059314,15.017473220825195,39.0,"{""type"":""Point"",""coordinates"":[110.74478097570734,19.714034238731674]}"
1549,0.0,29.0,864.0,42.218502044677734,679.0,18.832595205901526,109.52013981820193,2284.2626953125,45.0,9.51785945892334,5.0,2.0,0.5542939312157554,10.877355575561523,47.0,"{""type"":""Point"",""coordinates"":[109.5198557021763,18.834167921264307]}"
1550,0.0,20.0,93.0,12.339289665222168,83.0,19.16048028460515,108.93174330710366,2189.958740234375,62.0,0.7639086246490479,3.0,2.0,0.663949439783777,14.034029960632324,42.0,"{""type"":""Point"",""coordinates"":[108.93069211947717,19.15865096926752]}"
1551,0.0,27.0,413.0,63.38216781616211,370.0,18.76522155959256,109.71327760428761,2474.1943359375,46.0,9.598014831542969,4.0,1.0,0.5882159188293402,11.279518127441406,47.0,"{""type"":""Point"",""coordinates"":[109.71505409465641,18.767249499811346]}"
1552,0.0,25.0,21.0,18.12428092956543,21.0,19.874640935480173,110.02768795372947,2560.41650390625,49.0,0.990839958190918,4.0,4.0,0.7901565160100518,13.546058654785156,35.0,"{""type"":""Point"",""coordinates"":[110.02648586039994,19.87417269244375]}"
1553,0.0,27.0,183.0,59.006900787353516,186.0,18.343013376056383,109.65039553439925,1943.82275390625,52.0,15.7174072265625,3.0,0.0,0.572574172416805,10.928703308105469,43.0,"{""type"":""Point"",""coordinates"":[109.64820300669895,18.341975926378712]}"
1554,0.0,32.0,401.0,69.89945983886719,223.0,19.173955013866944,109.42132513694878,2631.47216796875,38.0,9.469257354736328,4.0,2.0,0.6400365221857466,11.30219841003418,37.0,"{""type"":""Point"",""coordinates"":[109.42047742684126,19.174933458746125]}"
1555,0.0,22.0,132.0,21.116912841796875,68.0,19.564722162458935,109.65937868724046,2643.464111328125,57.0,1.1318955421447754,3.0,3.0,0.7317718080157589,13.61697006225586,35.0,"{""type"":""Point"",""coordinates"":[109.66155432913833,19.56594889615588]}"
1556,0.0,26.0,188.0,19.3601016998291,169.0,18.500218550777305,109.32700203211624,2078.1171875,52.0,2.137826442718506,4.0,1.0,0.6103029475098396,12.945560455322266,46.0,"{""type"":""Point"",""coordinates"":[109.3268045481234,18.498094737473707]}"
1557,0.0,24.0,25.0,7.4159979820251465,26.0,18.513693280039092,108.8733528136359,1793.880126953125,52.0,0.4745483994483948,2.0,1.0,0.7036543578421189,14.550321578979492,43.0,"{""type"":""Point"",""coordinates"":[108.87200902029106,18.512854005140312]}"
1558,0.0,21.0,82.0,13.369307518005371,74.0,19.376075952793833,109.08445690540395,2049.8125,57.0,1.072588324546814,3.0,3.0,0.696097491476467,13.701199531555176,35.0,"{""type"":""Point"",""coordinates"":[109.08442252832634,19.377549033160008]}"
1559,0.0,34.0,922.0,50.95968246459961,868.0,19.003275109884235,109.10242321108637,2482.21875,40.0,11.617762565612793,9.0,2.0,0.5898798405064873,10.605864524841309,40.0,"{""type"":""Point"",""coordinates"":[109.10175272627282,19.004542013827432]}"
1560,0.0,24.0,115.0,27.939125061035156,62.0,19.18742974312874,110.01870480088826,2803.24365234375,51.0,1.5021017789840698,4.0,2.0,0.7200206838647468,13.344338417053223,39.0,"{""type"":""Point"",""coordinates"":[110.0173361807508,19.188014337967125]}"
1561,0.0,22.0,139.0,16.730615615844727,116.0,19.474890634046986,109.33149360853685,2361.01904296875,56.0,1.0483702421188354,3.0,3.0,0.686657656687071,13.689314842224121,34.0,"{""type"":""Point"",""coordinates"":[109.33320860405539,19.475658802671894]}"
1563,0.0,36.0,114.0,22.39794921875,84.0,19.49285693972937,110.42294667874205,2763.66943359375,35.0,1.1479007005691528,4.0,3.0,0.6977439105716581,13.574118614196777,39.0,"{""type"":""Point"",""coordinates"":[110.4243920729624,19.492616939454127]}"
1564,0.0,27.0,18.0,12.639307975769043,19.0,19.928539852527344,110.47235401936865,2430.11767578125,44.0,0.6699092984199524,2.0,4.0,0.7583839322223977,13.312410354614258,41.0,"{""type"":""Point"",""coordinates"":[110.47184639002698,19.929109698405657]}"
1565,0.0,27.0,320.0,33.29570388793945,175.0,18.805645747377937,109.31801887927503,2183.524658203125,48.0,4.595664978027344,5.0,1.0,0.6091255318942896,12.090377807617188,44.0,"{""type"":""Point"",""coordinates"":[109.31602614163768,18.80457477641713]}"
1566,0.0,23.0,18.0,4.273961067199707,18.0,18.864036240845707,108.69368975681198,1566.5909423828125,49.0,0.08345301449298859,2.0,2.0,0.7006090473573661,16.292469024658203,43.0,"{""type"":""Point"",""coordinates"":[108.69376151285438,18.86552048305216]}"
1567,0.0,26.0,29.0,9.279629707336426,25.0,19.40751698773802,109.09344005824516,2055.47314453125,49.0,0.45886939764022827,3.0,3.0,0.7565871464870352,14.581603050231934,35.0,"{""type"":""Point"",""coordinates"":[109.09400800767409,19.407077376308685]}"
1568,0.0,24.0,10.0,5.686826705932617,11.0,19.245820236596508,108.73860552101797,1665.411865234375,53.0,0.31147533655166626,2.0,2.0,0.7185481677288608,14.980026245117188,42.0,"{""type"":""Point"",""coordinates"":[108.73777721239925,19.245993614237317]}"
1569,0.0,30.0,79.0,21.2901554107666,45.0,18.65742372549822,109.68632814576404,2332.619873046875,43.0,1.6847444772720337,4.0,1.0,0.6856534250780895,13.251283645629883,48.0,"{""type"":""Point"",""coordinates"":[109.6843576604273,18.65735156196933]}"
1570,0.0,21.0,122.0,13.612397193908691,92.0,19.596163197403122,109.87048277900857,2673.15380859375,57.0,0.349499374628067,4.0,3.0,0.7145071232152269,14.798388481140137,34.0,"{""type"":""Point"",""coordinates"":[109.86978217284616,19.59553799321345]}"
1571,0.0,22.0,162.0,17.23280143737793,107.0,19.470399057626388,109.53810612388435,2528.1875,55.0,0.8624779582023621,4.0,3.0,0.6833117430995331,13.870171546936035,37.0,"{""type"":""Point"",""coordinates"":[109.53586199127189,19.47107217342335]}"
1572,0.0,23.0,85.0,17.85930824279785,52.0,19.66802842013268,109.61895449945507,2461.822021484375,55.0,1.0276395082473755,3.0,3.0,0.753791545695642,13.742220878601074,33.0,"{""type"":""Point"",""coordinates"":[109.61867082390079,19.668505659855725]}"
1573,0.0,26.0,355.0,50.620849609375,349.0,18.666406878339416,110.04565425941183,2247.961669921875,49.0,8.495060920715332,5.0,1.0,0.5885755696946711,11.446043968200684,46.0,"{""type"":""Point"",""coordinates"":[110.04411756481299,18.664528977045148]}"
1574,0.0,31.0,8.0,10.105029106140137,8.0,19.85667462979778,110.40048879663908,2498.208251953125,32.0,0.13478560745716095,3.0,4.0,0.7913851067661766,15.392786026000977,38.0,"{""type"":""Point"",""coordinates"":[110.40045454577192,19.8563183443598]}"
1575,0.0,22.0,7.0,5.283163547515869,8.0,19.23683708375531,108.7116560624944,1665.411865234375,47.0,0.1671038568019867,4.0,2.0,0.7239943434213902,15.604458808898926,42.0,"{""type"":""Point"",""coordinates"":[108.71342599185463,19.23597127231991]}"
1576,0.0,24.0,172.0,17.310848236083984,87.0,19.29522757722308,109.78065125059658,2657.0927734375,53.0,0.7382107973098755,4.0,3.0,0.7018612665803239,14.019462585449219,37.0,"{""type"":""Point"",""coordinates"":[109.78158957895862,19.2963217553275]}"
1577,0.0,29.0,43.0,8.702787399291992,44.0,19.96896404031272,110.24777519833873,2244.5625,39.0,0.244114950299263,2.0,4.0,0.7373128315897193,14.285951614379883,37.0,"{""type"":""Point"",""coordinates"":[110.24744101082668,19.969336559803576]}"
1578,0.0,30.0,76.0,10.0282564163208,76.0,19.54226428035595,109.08894848182456,1893.6778564453125,43.0,0.8234802484512329,3.0,3.0,0.6859652456718914,13.969123840332031,35.0,"{""type"":""Point"",""coordinates"":[109.09036620019248,19.543774729904328]}"
1579,0.0,22.0,172.0,19.395280838012695,102.0,19.434466446261602,109.57403873524913,2627.42919921875,55.0,0.9598334431648254,3.0,3.0,0.7034434351978207,13.7568941116333,33.0,"{""type"":""Point"",""coordinates"":[109.57442634260819,19.435752885780683]}"
1580,0.0,24.0,15.0,9.29300308227539,15.0,18.554117467824476,109.99624691878529,2126.263427734375,46.0,0.3334863781929016,3.0,1.0,0.7287943934887172,14.908868789672852,45.0,"{""type"":""Point"",""coordinates"":[109.99817162681826,18.5530821642845]}"
1581,0.0,38.0,88.0,12.89084529876709,88.0,19.83421674769479,109.9513311545793,2541.921875,35.0,0.4648658037185669,4.0,4.0,0.7173407532111973,14.53377628326416,34.0,"{""type"":""Point"",""coordinates"":[109.95072837291939,19.833144315712335]}"
1583,0.0,26.0,83.0,19.564863204956055,68.0,19.4434495991028,110.49930347789223,2699.34765625,46.0,0.9647570848464966,4.0,3.0,0.7185170499034764,13.524669647216797,39.0,"{""type"":""Point"",""coordinates"":[110.49814802383656,19.441702642911157]}"
1584,0.0,28.0,18.0,9.455499649047852,17.0,19.76684310138583,110.76430648670748,2238.98486328125,45.0,0.43171510100364685,3.0,4.0,0.7597331075002737,13.690569877624512,39.0,"{""type"":""Point"",""coordinates"":[110.76313407965304,19.766454764894814]}"
1585,0.0,28.0,91.0,19.02558135986328,84.0,19.66802842013268,110.60260973556598,2445.071533203125,46.0,1.5021673440933228,4.0,3.0,0.7116970833437357,12.905917167663574,34.0,"{""type"":""Point"",""coordinates"":[110.60433983174947,19.67018281038565]}"
1586,0.0,28.0,40.0,19.780256271362305,37.0,18.95835934567826,110.34209830317133,2561.64013671875,44.0,1.0577439069747925,4.0,2.0,0.7307482454054234,13.739977836608887,44.0,"{""type"":""Point"",""coordinates"":[110.34370646286803,18.960087797490775]}"
1587,0.0,33.0,116.0,26.063270568847656,106.0,18.639457419815827,109.843533320485,2143.948486328125,39.0,3.0427792072296143,5.0,1.0,0.6069388620064777,12.637109756469727,48.0,"{""type"":""Point"",""coordinates"":[109.84420653226921,18.639735201305125]}"
1588,0.0,28.0,21.0,13.374914169311523,21.0,19.596163197403122,109.06649059972159,1860.660400390625,45.0,1.4578579664230347,2.0,3.0,0.7409380454492068,13.430082321166992,36.0,"{""type"":""Point"",""coordinates"":[109.0675079071368,19.595095861809483]}"
1589,0.0,28.0,12.0,6.369320392608643,13.0,19.793792559909413,109.27310311506909,1736.6265869140625,42.0,0.3348151445388794,2.0,4.0,0.760389161066738,14.906618118286133,33.0,"{""type"":""Point"",""coordinates"":[109.27339582662822,19.79244464944581]}"
1590,0.0,38.0,636.0,59.92889404296875,610.0,18.5092017036185,109.56954715882853,2197.78662109375,34.0,16.4251651763916,6.0,1.0,0.5516688856092791,10.541571617126465,45.0,"{""type"":""Point"",""coordinates"":[109.57013181718985,18.511133971027355]}"
1591,0.0,23.0,35.0,12.843503952026367,35.0,18.8775109701075,108.73411394459737,1690.3201904296875,53.0,1.7907830476760864,2.0,2.0,0.6732995211970957,13.216167449951172,45.0,"{""type"":""Point"",""coordinates"":[108.73239047760967,18.87624013490463]}"
1592,0.0,29.0,44.0,12.548165321350098,44.0,19.789300983488815,110.55769397135998,2435.82958984375,43.0,0.5476582646369934,5.0,4.0,0.7496759201393789,13.958674430847168,37.0,"{""type"":""Point"",""coordinates"":[110.55691573848834,19.78986878627059]}"
1593,0.0,25.0,107.0,49.81064224243164,99.0,18.73378052464838,110.08607844719722,2497.5400390625,52.0,5.376335620880127,4.0,1.0,0.6275412544041163,12.071359634399414,46.0,"{""type"":""Point"",""coordinates"":[110.08665634793189,18.73218286133298]}"
1594,0.0,34.0,520.0,63.79438018798828,350.0,18.998783533463637,109.31352730285442,2292.1103515625,36.0,13.713213920593262,5.0,2.0,0.5786371622750286,10.829492568969727,43.0,"{""type"":""Point"",""coordinates"":[109.31389041680512,18.996685573484577]}"
1595,0.0,25.0,146.0,14.668794631958008,52.0,19.29971915364368,109.30903572643388,2412.9814453125,53.0,0.7644979953765869,4.0,3.0,0.7224440713378767,14.0007905960083,39.0,"{""type"":""Point"",""coordinates"":[109.309815256681,19.298907751668537]}"
1596,0.0,30.0,917.0,45.878509521484375,704.0,18.84606993516332,109.60098819377271,2360.517822265625,45.0,10.916707992553711,5.0,2.0,0.5559066025604595,10.675745010375977,46.0,"{""type"":""Point"",""coordinates"":[109.59905749450141,18.84599466550573]}"
1597,0.0,32.0,149.0,22.51506233215332,102.0,19.470399057626388,109.96929746026171,2714.6357421875,39.0,1.1783262491226196,4.0,3.0,0.6821489336307114,13.566207885742188,38.0,"{""type"":""Point"",""coordinates"":[109.97072422987185,19.472185628303574]}"
1598,0.0,27.0,19.0,13.303535461425781,19.0,19.308702306484875,110.61159288840719,2518.05517578125,46.0,0.4995666444301605,5.0,3.0,0.7751345472966324,14.232458114624023,39.0,"{""type"":""Point"",""coordinates"":[110.61197617673798,19.307902315908184]}"
1599,0.0,23.0,32.0,8.011383056640625,32.0,19.088615061875586,108.72063921533555,1639.843994140625,52.0,0.8216907382011414,2.0,2.0,0.6860577362828232,13.997214317321777,43.0,"{""type"":""Point"",""coordinates"":[108.71840944193819,19.090088113816133]}"
1600,0.0,23.0,25.0,9.741555213928223,28.0,18.873019393686903,110.35557303243309,2301.30419921875,52.0,0.2503647208213806,3.0,2.0,0.7201987602259275,15.189783096313477,46.0,"{""type"":""Point"",""coordinates"":[110.35507368293815,18.870849813790045]}"
1601,0.0,38.0,55.0,19.821760177612305,56.0,19.820742018433002,109.57403873524913,2002.4404296875,37.0,2.5070042610168457,4.0,4.0,0.7239383898940289,12.86770248413086,32.0,"{""type"":""Point"",""coordinates"":[109.57588764513783,19.8186885101708]}"
1602,0.0,29.0,49.0,11.621291160583496,42.0,19.811758865591806,110.26124992760055,2518.41015625,42.0,0.3116419315338135,2.0,4.0,0.7774757848175393,14.68142318725586,32.0,"{""type"":""Point"",""coordinates"":[110.26118519359274,19.81308216154246]}"
1603,0.0,30.0,101.0,26.452436447143555,68.0,18.594541655609852,109.65488711081986,2151.471435546875,42.0,2.9963600635528564,5.0,1.0,0.6528017442625101,12.661638259887695,46.0,"{""type"":""Point"",""coordinates"":[109.65674813840161,18.594204904215374]}"
1604,0.0,23.0,35.0,13.61440372467041,19.0,19.703961031497464,110.06362056509425,2652.2001953125,46.0,0.3116097152233124,3.0,3.0,0.8047854172052704,14.965139389038086,33.0,"{""type"":""Point"",""coordinates"":[110.06478127217319,19.703207850024686]}"
1605,0.0,32.0,118.0,38.650516510009766,15.0,18.91344358147228,110.04116268299128,2690.609130859375,40.0,2.984828233718872,5.0,2.0,0.7400904329164739,12.6551513671875,45.0,"{""type"":""Point"",""coordinates"":[110.0421401363494,18.911435926681946]}"
1606,0.0,26.0,45.0,13.462220191955566,28.0,19.618621079506106,110.50828663073344,2662.796142578125,51.0,0.4061039388179779,6.0,3.0,0.7917464105449015,14.419750213623047,34.0,"{""type"":""Point"",""coordinates"":[110.51041619386908,19.620281512733847]}"
1607,0.0,29.0,289.0,21.35450553894043,165.0,18.91344358147228,109.87497435542917,2501.319580078125,43.0,1.434978723526001,4.0,2.0,0.6314842175219895,13.277697563171387,46.0,"{""type"":""Point"",""coordinates"":[109.87559205208468,18.91444327881312]}"
1608,0.0,22.0,106.0,15.699775695800781,42.0,19.569213738879533,109.63692080513749,2574.686279296875,53.0,0.6183879971504211,3.0,3.0,0.7631747809302013,14.237515449523926,35.0,"{""type"":""Point"",""coordinates"":[109.63702778094805,19.570466983575304]}"
1609,0.0,25.0,327.0,60.707908630371094,231.0,18.706831066124792,109.0305579883568,2138.669677734375,51.0,13.056745529174805,5.0,1.0,0.5833858795073009,11.025911331176758,43.0,"{""type"":""Point"",""coordinates"":[109.03267050053378,18.708015646724622]}"
1610,0.0,20.0,38.0,8.376017570495605,38.0,19.847691476956584,110.73735702818391,2236.168701171875,55.0,0.18256518244743347,5.0,4.0,0.7195501481422935,14.520707130432129,43.0,"{""type"":""Point"",""coordinates"":[110.73814069454782,19.84926218359762]}"
1611,0.0,28.0,64.0,11.772418022155762,64.0,19.452432751943995,110.59362658272477,2601.67529296875,42.0,0.2433277815580368,4.0,3.0,0.7187584063968715,14.917203903198242,41.0,"{""type"":""Point"",""coordinates"":[110.59470280382453,19.454584403886837]}"
1612,0.0,26.0,161.0,28.480609893798828,84.0,19.33116018858786,109.81658386196136,2686.44921875,51.0,1.8678280115127563,4.0,3.0,0.6917133755084842,13.097799301147461,39.0,"{""type"":""Point"",""coordinates"":[109.81878998899393,19.331057597056635]}"
1613,0.0,27.0,447.0,62.45824432373047,422.0,18.71581421896599,109.96929746026171,2481.07177734375,48.0,9.730789184570312,7.0,1.0,0.5886413837650314,11.239795684814453,47.0,"{""type"":""Point"",""coordinates"":[109.97117552662783,18.71666644790044]}"
1614,0.0,24.0,25.0,15.2927885055542,24.0,18.57208377350686,109.96929746026171,2126.263427734375,47.0,1.148569107055664,3.0,1.0,0.7148312739783375,13.666302680969238,45.0,"{""type"":""Point"",""coordinates"":[109.97003844113914,18.57364214441945]}"
1616,0.0,28.0,42.0,9.665559768676758,43.0,19.843199900535986,109.28208626791024,1704.720947265625,42.0,1.0462230443954468,2.0,4.0,0.7163009862995147,13.749763488769531,34.0,"{""type"":""Point"",""coordinates"":[109.28036749605342,19.841286811977874]}"
1617,0.0,27.0,290.0,27.89564323425293,276.0,18.62598269055404,108.97216749488905,2042.376220703125,48.0,4.1157097816467285,5.0,1.0,0.5824273806202921,12.22183895111084,49.0,"{""type"":""Point"",""coordinates"":[108.9732472961305,18.626405957206988]}"
1618,0.0,22.0,25.0,7.732010841369629,25.0,20.112694485771847,110.6879496875573,2105.279052734375,56.0,0.3495340347290039,2.0,4.0,0.7242260721866601,13.432639122009277,43.0,"{""type"":""Point"",""coordinates"":[110.68785465594497,20.111588459406256]}"
1619,0.0,29.0,94.0,23.46491813659668,81.0,19.429974869841004,110.43642140800387,2717.21484375,38.0,1.193359136581421,3.0,3.0,0.7012217238270642,13.547897338867188,39.0,"{""type"":""Point"",""coordinates"":[110.43751657826839,19.42874916620877]}"
1621,0.0,23.0,213.0,11.480825424194336,213.0,18.392420716682963,109.41683356052818,2011.8353271484375,56.0,0.9118625521659851,3.0,1.0,0.6309277671006686,13.781881332397461,41.0,"{""type"":""Point"",""coordinates"":[109.41890742147561,18.393409417443003]}"
1622,0.0,29.0,609.0,61.363704681396484,571.0,19.147005555343355,109.09793163466577,2333.70654296875,48.0,13.641020774841309,7.0,2.0,0.5956886674151765,10.759994506835938,39.0,"{""type"":""Point"",""coordinates"":[109.09633546685025,19.145588403453647]}"
1623,0.0,26.0,415.0,18.260738372802734,409.0,18.616999537712843,108.8688612372153,1900.8468017578125,50.0,2.7050766944885254,3.0,1.0,0.5790064846379176,12.553121566772461,47.0,"{""type"":""Point"",""coordinates"":[108.8668849409571,18.616836743365]}"
1624,0.0,21.0,12.0,6.770452976226807,15.0,18.648440572657023,108.7116560624944,1728.5509033203125,52.0,0.4060506224632263,2.0,1.0,0.7085145204981271,14.62356185913086,44.0,"{""type"":""Point"",""coordinates"":[108.71066643277086,18.647080368941214]}"
1625,0.0,27.0,11.0,6.25809907913208,12.0,19.250311813017106,108.77902970880336,1620.2364501953125,43.0,0.4628738462924957,2.0,2.0,0.709641501309101,14.583306312561035,43.0,"{""type"":""Point"",""coordinates"":[108.78124273731606,19.24820046437558]}"
1626,0.0,28.0,108.0,11.54366683959961,77.0,19.60963792666491,109.58302188809029,2453.544921875,48.0,0.3650660216808319,3.0,3.0,0.7226780852288358,14.763362884521484,34.0,"{""type"":""Point"",""coordinates"":[109.5833504130147,19.6101890005108]}"
1627,0.0,40.0,32.0,21.181133270263672,32.0,19.88362408832137,109.93336484889693,2449.469970703125,34.0,1.802651286125183,5.0,4.0,0.768463697560383,12.939005851745605,35.0,"{""type"":""Point"",""coordinates"":[109.93217783235625,19.88538908223473]}"
1628,0.0,27.0,915.0,38.93751525878906,887.0,18.702339489704194,108.90479384858008,2107.58642578125,48.0,11.30976390838623,7.0,1.0,0.5380259781142758,10.641861915588379,47.0,"{""type"":""Point"",""coordinates"":[108.90346457459027,18.702244054017864]}"
1629,0.0,27.0,185.0,16.93184471130371,168.0,19.232345507334713,110.18938470487097,2886.337158203125,45.0,0.45886939764022827,4.0,2.0,0.6740549744546888,14.486698150634766,40.0,"{""type"":""Point"",""coordinates"":[110.18897984402062,19.234087728639267]}"
1630,0.0,25.0,56.0,11.079718589782715,56.0,19.928539852527344,110.30167411538594,2543.720458984375,45.0,0.21601849794387817,8.0,4.0,0.7411847355737511,14.830174446105957,38.0,"{""type"":""Point"",""coordinates"":[110.3021710504984,19.929927159345223]}"
1631,0.0,26.0,403.0,26.93126106262207,212.0,19.0706487561932,109.69081972218464,2603.55419921875,49.0,2.0004003047943115,4.0,2.0,0.6545698427379801,12.864176750183105,40.0,"{""type"":""Point"",""coordinates"":[109.6923259082206,19.06875254779783]}"
1632,0.0,29.0,570.0,60.222068786621094,419.0,18.890985699369296,109.30454415001327,2206.240478515625,41.0,14.01356315612793,7.0,2.0,0.5628949633758749,10.765525817871094,45.0,"{""type"":""Point"",""coordinates"":[109.30284639622869,18.889624647987603]}"
1633,0.0,21.0,39.0,22.434463500976562,28.0,19.71743576075925,110.19387628129158,2690.844970703125,54.0,1.2164700031280518,2.0,3.0,0.8029368598543493,13.371417999267578,30.0,"{""type"":""Point"",""coordinates"":[110.1949177376367,19.717527166603304]}"
1634,0.0,26.0,20.0,18.031349182128906,12.0,19.178446590287543,110.31065726822715,2951.798828125,45.0,0.458956778049469,4.0,2.0,0.7862178316048174,14.58662223815918,39.0,"{""type"":""Point"",""coordinates"":[110.31263499635385,19.17946447750164]}"
1635,0.0,29.0,73.0,12.962580680847168,59.0,19.816250442012404,110.19836785771219,2436.339111328125,45.0,0.5863968729972839,9.0,4.0,0.7606924656900423,14.03052043914795,31.0,"{""type"":""Point"",""coordinates"":[110.19767393868149,19.817934492452512]}"
1636,0.0,29.0,687.0,43.59749984741211,464.0,19.088615061875586,109.64590395797865,2495.953857421875,40.0,6.008906364440918,5.0,2.0,0.6222004096762501,11.52462387084961,39.0,"{""type"":""Point"",""coordinates"":[109.64665138151184,19.089820135284516]}"
1637,0.0,26.0,195.0,37.87258529663086,118.0,19.27276969512009,109.86599120258796,2662.313232421875,53.0,3.1533448696136475,3.0,2.0,0.674723759434335,12.551854133605957,37.0,"{""type"":""Point"",""coordinates"":[109.86400668444978,19.271649911324303]}"
1638,0.0,26.0,604.0,58.25212860107422,597.0,18.500218550777305,109.2326789272837,2119.140869140625,53.0,16.6069278717041,8.0,1.0,0.5546392621879354,10.558202743530273,44.0,"{""type"":""Point"",""coordinates"":[109.23420807724794,18.498476498285065]}"
1639,0.0,26.0,21.0,11.614961624145508,13.0,19.735402066441644,110.27921623328291,2662.2060546875,47.0,0.18281742930412292,2.0,3.0,0.821226755602209,15.236220359802246,31.0,"{""type"":""Point"",""coordinates"":[110.28029057896072,19.73513998624688]}"
1640,0.0,23.0,44.0,9.052515983581543,36.0,19.677011572973875,110.44091298442447,2566.09521484375,54.0,0.0,19.0,3.0,0.7924386585395461,16.37891960144043,34.0,"{""type"":""Point"",""coordinates"":[110.44071577092373,19.67870044943683]}"
1641,0.0,28.0,204.0,46.81174850463867,150.0,19.007766686304834,108.93623488352426,2145.819580078125,45.0,7.750779628753662,4.0,2.0,0.6157571684570821,11.641611099243164,41.0,"{""type"":""Point"",""coordinates"":[108.93779914179835,19.006819822616784]}"
1642,0.0,29.0,101.0,25.425838470458984,88.0,19.4389580226822,110.45438771368623,2699.34765625,37.0,1.4034419059753418,5.0,3.0,0.6979832906627726,13.381284713745117,38.0,"{""type"":""Point"",""coordinates"":[110.45524111626003,19.438102438281913]}"
1643,0.0,20.0,8.0,5.794003486633301,9.0,19.196412895969935,108.67572345112961,1459.2484130859375,55.0,0.5989168882369995,2.0,2.0,0.707434158953715,14.32734489440918,42.0,"{""type"":""Point"",""coordinates"":[108.67447158398268,19.198204604266472]}"
1644,0.0,23.0,63.0,11.2354154586792,53.0,19.304210730064277,108.94970961278602,2051.248779296875,57.0,0.7921296954154968,2.0,3.0,0.6944516181446052,14.015670776367188,41.0,"{""type"":""Point"",""coordinates"":[108.94795857022233,19.305787278406573]}"
1645,0.0,34.0,131.0,13.926070213317871,112.0,19.582688468141328,110.49930347789223,2688.187744140625,40.0,0.47474831342697144,4.0,3.0,0.7002392725405007,14.194961547851562,35.0,"{""type"":""Point"",""coordinates"":[110.49877754647349,19.580958350498044]}"
1646,0.0,28.0,10.0,5.80709171295166,10.0,19.51980639825296,108.96318434204784,1869.7095947265625,46.0,0.11471964418888092,3.0,3.0,0.7556923028404706,15.978863716125488,37.0,"{""type"":""Point"",""coordinates"":[108.96502581694061,19.51977441277701]}"
1647,0.0,23.0,100.0,46.09762191772461,72.0,18.5092017036185,109.35844306706042,2165.88720703125,54.0,6.925187587738037,4.0,1.0,0.6345017441092251,11.820502281188965,46.0,"{""type"":""Point"",""coordinates"":[109.35839195049185,18.510570230453656]}"
1648,0.0,31.0,40.0,14.881823539733887,40.0,19.91057354684495,109.87946593184972,2270.337890625,39.0,1.050552248954773,5.0,4.0,0.7468358802172524,13.473040580749512,36.0,"{""type"":""Point"",""coordinates"":[109.88028758697422,19.91116146281371]}"
1649,0.0,24.0,138.0,13.967236518859863,84.0,19.025732991987226,108.93174330710366,2145.819580078125,53.0,1.0341471433639526,3.0,2.0,0.660751338037879,13.703597068786621,41.0,"{""type"":""Point"",""coordinates"":[108.9298506243212,19.025724516475552]}"
1650,0.0,26.0,802.0,64.15241241455078,724.0,18.787679441695552,109.60997134661392,2488.5390625,48.0,13.920354843139648,5.0,1.0,0.5549861893277804,10.553970336914062,47.0,"{""type"":""Point"",""coordinates"":[109.6099831464121,18.787355160814514]}"
1651,0.0,29.0,31.0,10.886340141296387,31.0,19.582688468141328,109.25962838580728,2190.39306640625,42.0,0.5136732459068298,4.0,3.0,0.749484900099123,14.46761417388916,37.0,"{""type"":""Point"",""coordinates"":[109.25905691899774,19.583247380944446]}"
1652,0.0,23.0,29.0,7.320830345153809,29.0,18.837086782322125,108.72513079175616,1710.1644287109375,51.0,0.5498895049095154,2.0,2.0,0.694741599362725,14.400641441345215,43.0,"{""type"":""Point"",""coordinates"":[108.72440506194135,18.839308855331016]}"
1653,0.0,28.0,40.0,22.04227066040039,42.0,18.414878598785947,109.76268494491421,1899.9327392578125,45.0,3.0823912620544434,4.0,1.0,0.6921780824583019,12.66955852508545,41.0,"{""type"":""Point"",""coordinates"":[109.76429855085233,18.41503007292106]}"
1654,0.0,22.0,99.0,20.283172607421875,97.0,19.569213738879533,109.3943756784252,2432.017333984375,56.0,1.3457167148590088,4.0,3.0,0.6871709357638185,13.464048385620117,36.0,"{""type"":""Point"",""coordinates"":[109.39487171316505,19.568435772652073]}"
1655,0.0,23.0,273.0,15.157511711120605,166.0,19.33116018858786,109.40785040768702,2622.33447265625,56.0,0.5932261347770691,4.0,3.0,0.6775743155959723,14.172077178955078,38.0,"{""type"":""Point"",""coordinates"":[109.4058288692383,19.329085937199157]}"
1656,0.0,26.0,35.0,9.651196479797363,36.0,19.80277571275061,109.1832715866571,1713.7596435546875,46.0,1.02304208278656,5.0,4.0,0.7317959050052395,13.776259422302246,33.0,"{""type"":""Point"",""coordinates"":[109.18544229393088,19.800563149341148]}"
1657,0.0,25.0,40.0,13.571524620056152,26.0,19.23683708375531,109.00810010625383,2284.406494140625,51.0,0.7523216605186462,4.0,2.0,0.7413244473744034,14.080763816833496,41.0,"{""type"":""Point"",""coordinates"":[109.00751673150971,19.237078846332874]}"
1658,0.0,20.0,110.0,26.081195831298828,70.0,19.55573900961774,109.843533320485,2675.49267578125,56.0,1.4904371500015259,3.0,3.0,0.7244747042273756,13.35518741607666,36.0,"{""type"":""Point"",""coordinates"":[109.84234867478847,19.555787739430578]}"
1659,0.0,27.0,16.0,11.571258544921875,18.0,19.582688468141328,110.87210432080184,2071.21728515625,44.0,1.1788196563720703,3.0,3.0,0.7460745732582938,12.712652206420898,39.0,"{""type"":""Point"",""coordinates"":[110.87104856092168,19.580786875435752]}"
1660,0.0,25.0,318.0,68.97682189941406,292.0,18.71581421896599,109.9603143074205,2481.07177734375,48.0,10.055915832519531,5.0,1.0,0.5928715114402621,11.300531387329102,47.0,"{""type"":""Point"",""coordinates"":[109.96035254884508,18.71359598728917]}"
1661,0.0,26.0,52.0,17.792316436767578,35.0,19.60514635024431,110.49930347789223,2659.6337890625,48.0,0.8391016125679016,4.0,3.0,0.7755792343358715,13.68856143951416,35.0,"{""type"":""Point"",""coordinates"":[110.50109370382474,19.60512287361817]}"
1662,0.0,23.0,11.0,14.288714408874512,13.0,19.138022402502166,110.46337086652744,2697.676513671875,47.0,0.33974793553352356,3.0,2.0,0.7816031303982207,14.873430252075195,40.0,"{""type"":""Point"",""coordinates"":[110.46309672384766,19.137456244247623]}"
1663,0.0,29.0,289.0,46.64212417602539,103.0,19.12454767324037,109.39886725484581,2501.8837890625,42.0,5.165810585021973,4.0,2.0,0.6477987463980726,11.994279861450195,39.0,"{""type"":""Point"",""coordinates"":[109.40001065242664,19.125522214825885]}"
1664,0.0,28.0,16.0,8.828780174255371,17.0,20.08125345082766,110.63854234693076,2194.0322265625,43.0,0.44262486696243286,3.0,4.0,0.734971835073957,13.257134437561035,44.0,"{""type"":""Point"",""coordinates"":[110.63976902182603,20.082466592123637]}"
1665,0.0,24.0,147.0,6.766558647155762,18.0,18.74276367748957,109.15632212813352,2084.326171875,54.0,0.08342130482196808,2.0,1.0,0.7240512182320485,16.21554183959961,43.0,"{""type"":""Point"",""coordinates"":[109.15494768222942,18.743459679097977]}"
1666,0.0,27.0,169.0,11.609691619873047,40.0,18.720305795386587,109.17878001023655,2084.326171875,48.0,0.7957515120506287,2.0,1.0,0.6954136574364128,13.946292877197266,43.0,"{""type"":""Point"",""coordinates"":[109.17962671991081,18.719011968464763]}"
1667,0.0,23.0,168.0,14.337579727172852,164.0,18.43284490446834,109.29106942075146,1821.2890625,55.0,1.8455801010131836,3.0,1.0,0.614558678086992,13.10538101196289,42.0,"{""type"":""Point"",""coordinates"":[109.29246526097906,18.43203291574142]}"
1668,0.0,27.0,155.0,51.81259536743164,155.0,18.68437318402181,110.09506160003843,2235.971435546875,50.0,8.160453796386719,4.0,1.0,0.6000017300212455,11.620600700378418,46.0,"{""type"":""Point"",""coordinates"":[110.09609204147401,18.68586386061897]}"
1669,0.0,23.0,65.0,7.266181468963623,65.0,19.483873786888182,109.07996532898335,2019.1318359375,56.0,0.21558813750743866,3.0,3.0,0.7087253144349,15.315899848937988,35.0,"{""type"":""Point"",""coordinates"":[109.0813129691395,19.485076178093742]}"
1670,0.0,29.0,41.0,21.135093688964844,38.0,19.335651765008457,110.49930347789223,2757.08837890625,39.0,0.9196903705596924,5.0,3.0,0.7416127187850484,13.841155052185059,42.0,"{""type"":""Point"",""coordinates"":[110.50120076259662,19.335355387960124]}"
1671,0.0,26.0,167.0,30.896879196166992,113.0,19.061665603352004,109.98277218952347,2688.872314453125,51.0,2.134613037109375,3.0,2.0,0.653851031577811,12.960403442382812,43.0,"{""type"":""Point"",""coordinates"":[109.98436895717666,19.06244833216975]}"
1672,0.0,31.0,248.0,34.520809173583984,239.0,18.554117467824476,109.81209228554076,2206.42822265625,41.0,4.569448471069336,5.0,1.0,0.605887370804639,12.145179748535156,46.0,"{""type"":""Point"",""coordinates"":[109.81413378376337,18.55562078727708]}"
1673,0.0,27.0,971.0,92.48312377929688,738.0,18.967342498519457,109.72226075712882,2643.14892578125,41.0,26.541227340698242,12.0,2.0,0.5413834350247753,9.657347679138184,42.0,"{""type"":""Point"",""coordinates"":[109.72435862503585,18.969533902691087]}"
1674,0.0,25.0,677.0,56.40134048461914,576.0,18.814628900219134,109.63692080513749,2360.517822265625,49.0,11.284530639648438,5.0,1.0,0.5585859159881909,10.89440631866455,48.0,"{""type"":""Point"",""coordinates"":[109.63836333689328,18.8161504747764]}"
1675,0.0,29.0,376.0,64.54216766357422,195.0,19.115564520399175,109.48420720683714,2649.153076171875,40.0,7.728607177734375,4.0,2.0,0.6381792529369511,11.526728630065918,39.0,"{""type"":""Point"",""coordinates"":[109.48414556739793,19.113930894922998]}"
1676,0.0,25.0,70.0,27.8966121673584,70.0,18.3160639175328,109.50666508894017,1771.470703125,48.0,5.304038047790527,4.0,0.0,0.653387742252503,12.107219696044922,39.0,"{""type"":""Point"",""coordinates"":[109.50795022629684,18.31593488389538]}"
1677,0.0,26.0,1.0,8.144651412963867,2.0,20.02286295735989,110.64303392335137,2204.564208984375,43.0,0.21611134707927704,4.0,4.0,0.7502221593879823,14.009637832641602,45.0,"{""type"":""Point"",""coordinates"":[110.64103256664482,20.02154635081244]}"
1678,0.0,25.0,37.0,73.80140686035156,29.0,19.21437920165232,110.31065726822715,3040.168701171875,51.0,5.51948356628418,4.0,2.0,0.7458355298593814,12.08659553527832,38.0,"{""type"":""Point"",""coordinates"":[110.30997423508984,19.214591208362297]}"
1679,0.0,22.0,133.0,13.80993938446045,95.0,19.025732991987226,108.89581069573887,2139.3857421875,48.0,0.9196828603744507,2.0,2.0,0.6480174533552674,13.824016571044922,41.0,"{""type"":""Point"",""coordinates"":[108.89769801243281,19.02411926279952]}"
1680,0.0,25.0,38.0,15.28351879119873,38.0,19.762351524965233,109.47522405399599,2058.042724609375,52.0,1.3770875930786133,3.0,4.0,0.7514776861994832,13.47723388671875,32.0,"{""type"":""Point"",""coordinates"":[109.47659366487304,19.76251193529348]}"
1681,0.0,29.0,27.0,7.8110857009887695,28.0,19.807267289171207,109.26861153864849,1704.720947265625,38.0,0.6495410203933716,3.0,4.0,0.7404703311079344,14.235240936279297,33.0,"{""type"":""Point"",""coordinates"":[109.26868217031597,19.805428986619432]}"
1682,0.0,27.0,221.0,37.74656677246094,92.0,19.151497131763954,109.843533320485,2713.414306640625,50.0,2.9590063095092773,4.0,2.0,0.6610340803886081,12.598745346069336,42.0,"{""type"":""Point"",""coordinates"":[109.84372677791826,19.15303453671692]}"
1683,0.0,24.0,81.0,20.636308670043945,68.0,19.677011572973875,109.56505558240792,2350.16064453125,53.0,1.5456123352050781,4.0,3.0,0.7282126862850303,13.336326599121094,33.0,"{""type"":""Point"",""coordinates"":[109.56359598831212,19.67630566464645]}"
1684,0.0,23.0,36.0,13.50847339630127,34.0,18.54064273856268,108.97665907130965,1968.2413330078125,55.0,1.261971116065979,3.0,1.0,0.6756254313017858,13.565726280212402,49.0,"{""type"":""Point"",""coordinates"":[108.97585207609781,18.54209673302299]}"
1685,0.0,20.0,78.0,11.24806022644043,53.0,19.51980639825296,110.3151488446477,2769.88525390625,57.0,0.057359881699085236,2.0,3.0,0.7380995423991058,16.61228370666504,39.0,"{""type"":""Point"",""coordinates"":[110.31433955288985,19.51832687552496]}"
1686,0.0,27.0,57.0,11.125654220581055,57.0,19.398533834896824,108.92725173068305,1983.51708984375,47.0,0.8409125804901123,2.0,3.0,0.6905449520330235,13.95944595336914,40.0,"{""type"":""Point"",""coordinates"":[108.92764086818102,19.39951773218242]}"
1687,0.0,29.0,278.0,25.94782257080078,197.0,18.805645747377937,109.87497435542917,2442.110107421875,43.0,2.15382981300354,5.0,1.0,0.6397867119375367,12.878828048706055,43.0,"{""type"":""Point"",""coordinates"":[109.87490191228693,18.805904300439995]}"
1688,0.0,28.0,195.0,67.90048217773438,174.0,19.133530826081568,109.05301587045977,2333.70654296875,51.0,11.876485824584961,4.0,2.0,0.6174818135949273,11.212300300598145,40.0,"{""type"":""Point"",""coordinates"":[109.0542569584508,19.132557608881324]}"
1689,0.0,27.0,245.0,46.11387252807617,248.0,18.729288948227783,110.34658987959187,2116.141357421875,50.0,8.350886344909668,5.0,1.0,0.5752528437989669,11.539204597473145,49.0,"{""type"":""Point"",""coordinates"":[110.34615836373301,18.72964746042091]}"
1690,0.0,27.0,36.0,12.410746574401855,35.0,19.71294418433866,110.69693284039852,2435.53662109375,45.0,0.5169147253036499,4.0,3.0,0.7506284850948224,13.998152732849121,39.0,"{""type"":""Point"",""coordinates"":[110.69727375245047,19.7139995145845]}"
1691,0.0,25.0,250.0,25.40167999267578,149.0,19.335651765008457,109.37191779632224,2535.2509765625,54.0,1.9212472438812256,4.0,3.0,0.6738861136549914,13.012015342712402,37.0,"{""type"":""Point"",""coordinates"":[109.3729619151294,19.33384075443386]}"
1692,0.0,24.0,27.0,7.687210559844971,29.0,18.76522155959256,110.31065726822715,2163.493896484375,51.0,0.12115991860628128,2.0,1.0,0.6971588574452975,15.914437294006348,49.0,"{""type"":""Point"",""coordinates"":[110.3114688654002,18.764831078205116]}"
1693,0.0,24.0,67.0,12.28642463684082,47.0,19.71743576075925,109.6414123815581,2390.171142578125,53.0,0.48431089520454407,3.0,3.0,0.7586152821416517,14.505337715148926,33.0,"{""type"":""Point"",""coordinates"":[109.64324025233141,19.718857740401237]}"
1694,0.0,23.0,51.0,19.03580665588379,49.0,18.527168009300887,108.9811506477302,1968.2413330078125,56.0,2.278810501098633,4.0,1.0,0.6594790131559127,12.96560287475586,48.0,"{""type"":""Point"",""coordinates"":[108.97912620889232,18.52726211502206]}"
1695,0.0,34.0,565.0,31.953054428100586,563.0,18.419370175206545,109.34047676137806,1952.53662109375,41.0,7.4724626541137695,8.0,1.0,0.5884942646927951,11.413079261779785,41.0,"{""type"":""Point"",""coordinates"":[109.33945152038609,18.41866049517239]}"
1696,0.0,27.0,338.0,22.729305267333984,311.0,19.27276969512009,109.11140636392759,2382.4599609375,49.0,1.9465405941009521,7.0,2.0,0.6573316546450152,12.93855094909668,38.0,"{""type"":""Point"",""coordinates"":[109.10992798889978,19.27187368326745]}"
1697,0.0,26.0,184.0,37.760223388671875,187.0,18.594541655609852,108.85538650795348,1896.08056640625,50.0,7.813239574432373,3.0,1.0,0.5804700084824581,11.646323204040527,46.0,"{""type"":""Point"",""coordinates"":[108.85364653018398,18.593949808216372]}"
1698,0.0,25.0,66.0,13.131247520446777,69.0,18.65293214907762,108.80148759090633,1989.4652099609375,51.0,1.16132652759552,4.0,1.0,0.6594901051177513,13.631226539611816,44.0,"{""type"":""Point"",""coordinates"":[108.80307334166898,18.653091917448116]}"
1699,0.0,27.0,52.0,10.6507568359375,45.0,19.80277571275061,110.10853632930025,2481.191650390625,42.0,0.21089807152748108,4.0,4.0,0.7736057403559884,15.069585800170898,32.0,"{""type"":""Point"",""coordinates"":[110.10965593642068,19.803524890808195]}"
1700,0.0,28.0,50.0,12.136831283569336,42.0,19.699469455076866,110.48582874863041,2579.774658203125,41.0,0.29319682717323303,3.0,3.0,0.7729848220947821,14.741661071777344,34.0,"{""type"":""Point"",""coordinates"":[110.48699718778347,19.698671949475017]}"
1701,0.0,25.0,5.0,23.115386962890625,5.0,18.473269092253716,110.05463741225304,1874.7554931640625,52.0,3.442955732345581,4.0,1.0,0.7194334498068655,12.578932762145996,44.0,"{""type"":""Point"",""coordinates"":[110.05284116558363,18.47504725857627]}"
1702,0.0,21.0,38.0,17.165462493896484,31.0,19.76684310138583,110.07709529435607,2570.09765625,53.0,0.7793909311294556,3.0,4.0,0.7963658196254413,13.909205436706543,31.0,"{""type"":""Point"",""coordinates"":[110.07601448374167,19.766699659470355]}"
1703,0.0,22.0,61.0,6.582962512969971,56.0,19.10208979113738,108.82843704942991,1820.6370849609375,60.0,0.33972668647766113,2.0,2.0,0.6836018148549918,14.863489151000977,40.0,"{""type"":""Point"",""coordinates"":[108.82720262551948,19.1024245098531]}"
1704,0.0,24.0,130.0,12.77524471282959,102.0,19.425483293420413,109.2281873508631,2333.505615234375,56.0,0.6492020487785339,3.0,3.0,0.6962683188242184,14.174196243286133,32.0,"{""type"":""Point"",""coordinates"":[109.22743261395789,19.424379094975677]}"
1705,0.0,29.0,383.0,39.52146911621094,208.0,19.025732991987226,109.77166809775542,2512.29248046875,46.0,4.274684906005859,4.0,2.0,0.6330881415899419,12.11807918548584,42.0,"{""type"":""Point"",""coordinates"":[109.76966788549318,19.026547532888415]}"
1706,0.0,24.0,128.0,19.091808319091797,96.0,19.474890634046986,110.09057002361783,2876.264404296875,54.0,0.6725860238075256,3.0,3.0,0.6980472870878954,14.14003849029541,36.0,"{""type"":""Point"",""coordinates"":[110.08989679510903,19.473577949301443]}"
1707,0.0,28.0,35.0,15.784423828125,36.0,19.919556699686147,110.12201105856201,2497.936767578125,43.0,0.8052998185157776,2.0,4.0,0.7682654791571029,13.742776870727539,35.0,"{""type"":""Point"",""coordinates"":[110.12311938182741,19.917851294620924]}"
1708,0.0,22.0,96.0,14.799444198608398,52.0,19.618621079506106,109.62344607587568,2525.286376953125,55.0,0.5993174910545349,3.0,3.0,0.7543231931940579,14.27489948272705,34.0,"{""type"":""Point"",""coordinates"":[109.62478166638579,19.616490173803818]}"
1709,0.0,26.0,299.0,66.24142456054688,268.0,19.4434495991028,110.18040155202976,2893.05224609375,49.0,6.121039390563965,4.0,3.0,0.6554129189748047,11.816651344299316,37.0,"{""type"":""Point"",""coordinates"":[110.17849657588614,19.44489831588762]}"
1710,0.0,25.0,163.0,36.30849075317383,147.0,19.483873786888182,109.29556099717206,2264.14794921875,54.0,4.525671482086182,4.0,3.0,0.671445097431268,12.209823608398438,33.0,"{""type"":""Point"",""coordinates"":[109.2955280664238,19.483404788589485]}"
1711,0.0,31.0,233.0,25.525537490844727,56.0,19.24132866017591,109.48869878325775,2717.32958984375,40.0,1.5021090507507324,4.0,2.0,0.7243841793327254,13.269519805908203,38.0,"{""type"":""Point"",""coordinates"":[109.4870246282526,19.24325896807936]}"
1712,0.0,25.0,18.0,6.383382320404053,20.0,19.66802842013268,110.95295269637256,1828.0675048828125,49.0,0.4415499269962311,4.0,3.0,0.7146558864523036,13.259566307067871,43.0,"{""type"":""Point"",""coordinates"":[110.95257408227488,19.668286412481883]}"
1713,0.0,32.0,67.0,21.718660354614258,68.0,19.49734851614997,110.63405077051016,2528.822265625,39.0,1.7167279720306396,4.0,3.0,0.726109017565379,12.794809341430664,36.0,"{""type"":""Point"",""coordinates"":[110.63327225434749,19.49950559925341]}"
1714,0.0,24.0,115.0,23.503726959228516,41.0,19.29522757722308,110.06811214151486,2866.4794921875,47.0,0.9722850322723389,4.0,3.0,0.741203406160818,13.77944278717041,40.0,"{""type"":""Point"",""coordinates"":[110.06920021340858,19.29730858557835]}"
1715,0.0,23.0,126.0,19.74591064453125,107.0,19.479382210467584,109.2371705037043,2345.53076171875,57.0,1.507482647895813,4.0,3.0,0.6854411249766716,13.33401870727539,34.0,"{""type"":""Point"",""coordinates"":[109.23872552836592,19.481080171285853]}"
1716,0.0,29.0,24.0,37.55693435668945,15.0,19.12903924966097,110.25675835117994,2858.58203125,41.0,2.2391884326934814,4.0,2.0,0.7650140435394732,12.998908996582031,41.0,"{""type"":""Point"",""coordinates"":[110.25764033008421,19.12851804747905]}"
1717,0.0,30.0,55.0,10.547605514526367,53.0,19.77582625422702,110.49930347789223,2518.283447265625,41.0,0.210886150598526,6.0,4.0,0.7549923891681521,14.903010368347168,35.0,"{""type"":""Point"",""coordinates"":[110.50113456118386,19.773877479708226]}"
1718,0.0,28.0,49.0,9.036934852600098,49.0,19.4434495991028,108.91377700142124,2027.3701171875,43.0,0.4409771263599396,3.0,3.0,0.709271487304084,14.609701156616211,39.0,"{""type"":""Point"",""coordinates"":[108.9148287101773,19.444600505018425]}"
1719,0.0,29.0,108.0,37.75090789794922,71.0,18.95835934567826,110.13997736424443,2615.658203125,43.0,3.0269253253936768,4.0,2.0,0.6778407236013799,12.647221565246582,45.0,"{""type"":""Point"",""coordinates"":[110.14031737381538,18.95784189634731]}"
1720,0.0,27.0,204.0,19.338491439819336,31.0,18.926918310734074,109.46624090115478,2358.443359375,47.0,1.4104763269424438,4.0,2.0,0.7139756641820796,13.351401329040527,44.0,"{""type"":""Point"",""coordinates"":[109.46522228591917,18.928043399449592]}"
1721,0.0,23.0,541.0,52.92119598388672,477.0,18.79217101811615,109.6414123815581,2488.5390625,52.0,7.530275344848633,5.0,1.0,0.5893711006595703,11.425301551818848,47.0,"{""type"":""Point"",""coordinates"":[109.64150753493557,18.79241438915554]}"
1722,0.0,25.0,134.0,33.49199295043945,126.0,18.513693280039092,109.64590395797865,2180.203369140625,51.0,4.216663837432861,4.0,1.0,0.6072201066850779,12.298906326293945,47.0,"{""type"":""Point"",""coordinates"":[109.64813319462108,18.5158224071068]}"
1723,0.0,25.0,117.0,31.55843162536621,101.0,19.564722162458935,109.48869878325775,2574.75048828125,53.0,2.461081027984619,4.0,3.0,0.6996109127328233,12.848994255065918,33.0,"{""type"":""Point"",""coordinates"":[109.4889489081395,19.56545505285431]}"
1724,0.0,23.0,34.0,15.970962524414062,33.0,19.694977878656267,109.48420720683714,2340.887451171875,57.0,1.0024722814559937,3.0,3.0,0.7710674760595224,13.797157287597656,33.0,"{""type"":""Point"",""coordinates"":[109.48228764084539,19.69592947315474]}"
1725,0.0,23.0,32.0,4.963871955871582,32.0,18.82810362948093,108.72962236817676,1710.1644287109375,50.0,0.08344359695911407,2.0,2.0,0.6884541232464712,16.284475326538086,44.0,"{""type"":""Point"",""coordinates"":[108.72809784313237,18.828608200593003]}"
1726,0.0,27.0,167.0,19.066726684570312,121.0,19.488365363308773,109.52912297104314,2528.1875,55.0,1.2221260070800781,4.0,3.0,0.6861519865355162,13.518407821655273,36.0,"{""type"":""Point"",""coordinates"":[109.5302087154664,19.490204031883778]}"
1727,0.0,26.0,49.0,47.19527053833008,38.0,18.917935157892877,110.27472465686236,2566.105712890625,50.0,4.4593329429626465,4.0,2.0,0.7059771252254834,12.293937683105469,46.0,"{""type"":""Point"",""coordinates"":[110.27689073567377,18.916588613886333]}"
1728,0.0,29.0,287.0,39.16088104248047,176.0,19.003275109884235,109.91989011963511,2522.26318359375,42.0,3.8079018592834473,4.0,2.0,0.6453066613634879,12.301870346069336,41.0,"{""type"":""Point"",""coordinates"":[109.92043870017314,19.004056318880554]}"
1729,0.0,29.0,27.0,10.932811737060547,28.0,19.91506512326555,110.48582874863041,2430.11767578125,45.0,0.4421893060207367,3.0,4.0,0.7539550549228731,13.715028762817383,40.0,"{""type"":""Point"",""coordinates"":[110.48381091999927,19.912906686825167]}"
1730,0.0,31.0,729.0,52.40238952636719,550.0,18.8775109701075,109.48869878325775,2306.155517578125,46.0,12.36783504486084,6.0,2.0,0.564308247529049,10.750504493713379,45.0,"{""type"":""Point"",""coordinates"":[109.48730862941181,18.87861586530062]}"
1731,0.0,26.0,156.0,17.16300392150879,129.0,19.600654773823713,109.89294066111154,2616.3916015625,48.0,0.7528175711631775,5.0,3.0,0.6980308939486601,14.009943008422852,35.0,"{""type"":""Point"",""coordinates"":[109.8918675100667,19.599035184591404]}"
1732,0.0,21.0,70.0,17.38153648376465,50.0,19.533281127514755,110.35557303243309,2716.046630859375,57.0,0.6568179130554199,3.0,3.0,0.7398243056956189,14.160062789916992,39.0,"{""type"":""Point"",""coordinates"":[110.35360432853875,19.53487025587406]}"
1733,0.0,39.0,496.0,51.089115142822266,462.0,18.500218550777305,109.55607242956671,2197.78662109375,34.0,11.199956893920898,6.0,1.0,0.5707325587427265,11.057737350463867,46.0,"{""type"":""Point"",""coordinates"":[109.55476241271198,18.498382640571588]}"
1734,0.0,25.0,151.0,30.4388427734375,48.0,19.33116018858786,109.71327760428761,2654.894287109375,45.0,1.989912509918213,4.0,3.0,0.7449273866624972,13.040702819824219,36.0,"{""type"":""Point"",""coordinates"":[109.71241403323862,19.333144297663615]}"
1735,0.0,30.0,35.0,12.4877290725708,36.0,19.506331668991166,110.70142441681912,2401.170166015625,46.0,0.63386070728302,9.0,3.0,0.7641888792103018,13.820612907409668,36.0,"{""type"":""Point"",""coordinates"":[110.70255662059454,19.50777057849118]}"
1736,0.0,24.0,32.0,5.628592491149902,33.0,19.88811566474196,110.90354535574602,1836.759521484375,50.0,0.16746176779270172,3.0,4.0,0.6733208710479744,14.19459342956543,49.0,"{""type"":""Point"",""coordinates"":[110.9018050233534,19.890237622616148]}"
1737,0.0,29.0,68.0,47.748409271240234,53.0,19.052682450510808,110.23879204549758,2793.832275390625,40.0,3.493623733520508,4.0,2.0,0.7013802949380988,12.527559280395508,44.0,"{""type"":""Point"",""coordinates"":[110.23687760859161,19.053967557965496]}"
1738,0.0,25.0,165.0,30.964265823364258,165.0,19.344634917849653,108.84640335511227,1747.285400390625,53.0,7.192135334014893,6.0,3.0,0.5999462126100139,11.74215316772461,41.0,"{""type"":""Point"",""coordinates"":[108.8472115263855,19.345175953627678]}"
1739,0.0,28.0,123.0,51.708499908447266,126.0,18.271148153326827,109.64590395797865,1853.642333984375,48.0,13.59957504272461,6.0,0.0,0.5931178235672842,11.117465019226074,40.0,"{""type"":""Point"",""coordinates"":[109.64703456339795,18.26937677600967]}"
1740,0.0,27.0,420.0,54.44485092163086,296.0,18.79217101811615,109.03954114119801,2110.38330078125,45.0,11.884257316589355,6.0,1.0,0.5898155244076507,11.055547714233398,41.0,"{""type"":""Point"",""coordinates"":[109.03945122664355,18.79129951491177]}"
1741,0.0,32.0,429.0,56.460174560546875,224.0,19.111072943978577,109.36293464348103,2501.8837890625,38.0,7.847108364105225,4.0,2.0,0.6259100495767616,11.472043991088867,40.0,"{""type"":""Point"",""coordinates"":[109.36228429211354,19.112565393940088]}"
1742,0.0,29.0,19.0,9.074992179870605,19.0,19.74887679570344,110.78676436881045,2330.78369140625,48.0,0.2932007610797882,6.0,4.0,0.7657645500934307,14.075983047485352,39.0,"{""type"":""Point"",""coordinates"":[110.78877371940216,19.747000971181453]}"
1743,0.0,25.0,185.0,76.84282684326172,130.0,19.429974869841004,109.83455016764378,2723.67626953125,47.0,8.33441162109375,4.0,3.0,0.6546289723578281,11.580248832702637,37.0,"{""type"":""Point"",""coordinates"":[109.8329961414885,19.430850302654488]}"
1744,0.0,21.0,56.0,7.937667369842529,53.0,19.066157179772603,108.78801286164452,1675.258056640625,59.0,0.7889095544815063,3.0,2.0,0.6731559293360215,14.023880004882812,41.0,"{""type"":""Point"",""coordinates"":[108.78785658158093,19.068283119553477]}"
1745,0.0,30.0,533.0,65.78912353515625,456.0,18.814628900219134,109.81209228554076,2472.33447265625,38.0,11.07119369506836,4.0,1.0,0.5942991313661524,11.03969669342041,43.0,"{""type"":""Point"",""coordinates"":[109.81425392709212,18.815278665539584]}"
1746,0.0,22.0,12.0,5.250718116760254,12.0,18.855053088004517,108.69368975681198,1566.5909423828125,52.0,0.3084395229816437,2.0,2.0,0.7068735050221332,14.988672256469727,43.0,"{""type"":""Point"",""coordinates"":[108.69577266805156,18.85388052647533]}"
1747,0.0,30.0,747.0,89.06842803955078,718.0,18.71581421896599,109.81658386196136,2611.4208984375,41.0,20.098461151123047,7.0,1.0,0.5415071108079352,10.220675468444824,48.0,"{""type"":""Point"",""coordinates"":[109.81751629948027,18.715676841946028]}"
1748,0.0,31.0,108.0,25.543371200561523,111.0,18.37445441100057,109.60997134661392,1955.3919677734375,42.0,3.7659521102905273,4.0,1.0,0.615604795615844,12.42825698852539,43.0,"{""type"":""Point"",""coordinates"":[109.60982555460717,18.372319338969003]}"
1749,0.0,26.0,6.0,3.727705240249634,7.0,19.281752847961286,108.69818133323258,1439.1856689453125,49.0,0.12982065975666046,2.0,3.0,0.7146032802556014,15.857494354248047,41.0,"{""type"":""Point"",""coordinates"":[108.6988648927697,19.280294004194765]}"
1750,0.0,24.0,30.0,8.95865249633789,30.0,19.6320958087679,109.22369577444249,2123.479736328125,49.0,0.3115883469581604,2.0,3.0,0.7504175975897005,14.96811580657959,36.0,"{""type"":""Point"",""coordinates"":[109.2223039733051,19.633278873880524]}"
1751,0.0,28.0,171.0,68.93988800048828,156.0,19.15598870818455,108.99013380057141,2490.10595703125,43.0,9.118622779846191,6.0,2.0,0.6277887306717346,11.49781322479248,42.0,"{""type"":""Point"",""coordinates"":[108.99066744186592,19.1552460456719]}"
1752,0.0,23.0,66.0,7.029673099517822,65.0,19.120056096819773,108.79699601448573,1667.808837890625,57.0,0.6254057288169861,2.0,2.0,0.6630546753854014,14.25024127960205,40.0,"{""type"":""Point"",""coordinates"":[108.7991536381212,19.118042724401736]}"
1753,0.0,25.0,170.0,40.91938018798828,95.0,19.322177035746662,109.99624691878529,2850.193603515625,50.0,2.7562050819396973,4.0,3.0,0.6739779031786267,12.702630996704102,39.0,"{""type"":""Point"",""coordinates"":[109.99451368097847,19.323034835000474]}"
1754,0.0,25.0,160.0,35.53715515136719,57.0,18.922426734313476,110.05463741225304,2648.177734375,48.0,2.647157907485962,3.0,2.0,0.6908753040801406,12.749360084533691,45.0,"{""type"":""Point"",""coordinates"":[110.05458366220051,18.92336441096566]}"
1755,0.0,28.0,39.0,12.633940696716309,33.0,19.789300983488815,110.28370780970351,2597.74560546875,44.0,0.3495121896266937,9.0,4.0,0.7978569719583085,14.574440956115723,32.0,"{""type"":""Point"",""coordinates"":[110.28213979332851,19.788282978426555]}"
1756,0.0,24.0,207.0,32.99683380126953,85.0,18.729288948227783,109.0305579883568,2138.669677734375,51.0,4.410470485687256,3.0,1.0,0.6334853172983552,12.207632064819336,43.0,"{""type"":""Point"",""coordinates"":[109.03000530801259,18.730648574691426]}"
1757,0.0,28.0,27.0,11.157024383544922,27.0,19.784809407068217,110.70142441681912,2278.43798828125,48.0,0.7555356621742249,5.0,4.0,0.7463611887739572,13.117242813110352,40.0,"{""type"":""Point"",""coordinates"":[110.70307578027865,19.78551787679986]}"
1758,0.0,28.0,7.0,6.123433589935303,9.0,19.627604232347302,110.95744427279317,1873.68408203125,43.0,0.2597615122795105,5.0,3.0,0.7360647659532015,13.814688682556152,42.0,"{""type"":""Point"",""coordinates"":[110.95621861230568,19.62678527014874]}"
1759,0.0,26.0,34.0,12.334967613220215,34.0,19.596163197403122,109.08445690540395,1860.660400390625,48.0,1.2585339546203613,4.0,3.0,0.7234514260669174,13.569620132446289,37.0,"{""type"":""Point"",""coordinates"":[109.0849802259344,19.59484161743679]}"
1760,0.0,25.0,97.0,16.027706146240234,90.0,19.587180044561926,109.4437830190518,2515.690185546875,51.0,0.7555114030838013,5.0,3.0,0.7122697506690034,14.042671203613281,34.0,"{""type"":""Point"",""coordinates"":[109.44546104320327,19.58822415216794]}"
1761,0.0,26.0,181.0,8.421723365783691,172.0,18.45530278657133,109.30454415001327,1969.91015625,52.0,0.4745378792285919,3.0,1.0,0.6187413859556863,14.455670356750488,44.0,"{""type"":""Point"",""coordinates"":[109.30578215982528,18.457453166140425]}"
1762,0.0,26.0,53.0,13.635541915893555,53.0,19.389550682055628,108.83292862585051,1729.4710693359375,52.0,1.9585975408554077,3.0,3.0,0.6636443950888524,13.115988731384277,43.0,"{""type"":""Point"",""coordinates"":[108.83248051724604,19.39165169919562]}"
1763,0.0,29.0,713.0,21.23606300354004,565.0,18.760729983171963,109.33598518495745,2089.902587890625,49.0,3.3156628608703613,6.0,1.0,0.5767793985012286,12.097051620483398,46.0,"{""type"":""Point"",""coordinates"":[109.334496738696,18.761529604212484]}"
1764,0.0,28.0,478.0,23.69588851928711,472.0,18.62598269055404,108.8643696607947,1900.8468017578125,50.0,4.512227535247803,4.0,1.0,0.5701884244707718,11.991868019104004,47.0,"{""type"":""Point"",""coordinates"":[108.86547148546727,18.62615583973165]}"
1765,0.0,26.0,55.0,9.903526306152344,55.0,19.537772703935353,109.19674631591892,2105.4130859375,50.0,0.5017907023429871,3.0,3.0,0.7155980739434558,14.47697639465332,37.0,"{""type"":""Point"",""coordinates"":[109.1973381772746,19.53931558589034]}"
1766,0.0,29.0,41.0,16.86992835998535,41.0,19.77133467780643,110.64303392335137,2383.013671875,39.0,1.205920934677124,6.0,4.0,0.7436447538860489,13.146283149719238,38.0,"{""type"":""Point"",""coordinates"":[110.64290702683476,19.771259359029937]}"
1767,0.0,29.0,723.0,21.957080841064453,517.0,18.675390031180612,109.46624090115478,2197.08154296875,48.0,2.984039545059204,5.0,1.0,0.5826959586176282,12.192972183227539,46.0,"{""type"":""Point"",""coordinates"":[109.46739740880345,18.676531322616917]}"
1768,0.0,26.0,136.0,15.422582626342773,139.0,18.325047070373998,109.65937868724046,1943.82275390625,52.0,1.7526911497116089,4.0,0.0,0.6203823328259753,13.177057266235352,43.0,"{""type"":""Point"",""coordinates"":[109.65857270243393,18.324838148757042]}"
1769,0.0,22.0,17.0,3.372426986694336,17.0,19.039207721249014,108.65775714544719,1402.97021484375,54.0,0.06067930534482002,2.0,2.0,0.6874939675328374,16.611726760864258,44.0,"{""type"":""Point"",""coordinates"":[108.65778051708526,19.040796161698804]}"
1770,0.0,32.0,111.0,12.212657928466797,68.0,19.38505910563503,110.21633416339455,2851.4501953125,40.0,0.1216140165925026,2.0,3.0,0.7279117203590454,15.860774993896484,37.0,"{""type"":""Point"",""coordinates"":[110.2157675913811,19.38460908350579]}"
1771,0.0,30.0,40.0,11.64316463470459,40.0,19.76684310138583,109.40785040768702,1996.835693359375,43.0,0.915989875793457,2.0,4.0,0.7465605405441972,13.883893966674805,32.0,"{""type"":""Point"",""coordinates"":[109.40880772038831,19.766344787038364]}"
1773,0.0,23.0,122.0,16.045501708984375,69.0,19.34912649427025,109.27310311506909,2292.181396484375,46.0,0.9726057052612305,3.0,3.0,0.7093526755521649,13.77482795715332,36.0,"{""type"":""Point"",""coordinates"":[109.2716013774163,19.351165520267774]}"
1774,0.0,31.0,480.0,43.733436584472656,427.0,18.49123539793611,109.48420720683714,2086.542724609375,40.0,9.124588012695312,7.0,1.0,0.5767974612061305,11.279680252075195,45.0,"{""type"":""Point"",""coordinates"":[109.4861707054929,18.489661221475373]}"
1775,0.0,27.0,245.0,78.50686645507812,140.0,18.926918310734074,109.9603143074205,2644.976318359375,49.0,10.329312324523926,4.0,2.0,0.6056298010218953,11.322786331176758,46.0,"{""type"":""Point"",""coordinates"":[109.9584896477448,18.92648976784842]}"
1776,0.0,25.0,305.0,21.74205780029297,256.0,18.57208377350686,109.15183055171292,2098.09130859375,55.0,2.681198835372925,4.0,1.0,0.5979982641259255,12.64106559753418,47.0,"{""type"":""Point"",""coordinates"":[109.15301139462984,18.57019366185027]}"
1777,0.0,23.0,28.0,10.899867057800293,31.0,18.922426734313476,110.39150564379787,2392.823974609375,50.0,0.28679710626602173,2.0,2.0,0.7301304061427941,15.052186012268066,44.0,"{""type"":""Point"",""coordinates"":[110.39265529329693,18.92309394371503]}"
1778,0.0,21.0,108.0,47.11140060424805,94.0,19.21887077807292,109.00810010625383,2284.406494140625,52.0,5.852379322052002,3.0,2.0,0.6407845800018581,11.98536491394043,41.0,"{""type"":""Point"",""coordinates"":[109.00645879025888,19.22030337690486]}"
1779,0.0,31.0,60.0,47.56226348876953,58.0,19.04819087409021,110.38252249095666,2689.599853515625,40.0,3.9615402221679688,5.0,2.0,0.722611990419298,12.40625,38.0,"{""type"":""Point"",""coordinates"":[110.38448937081256,19.047980975404695]}"
1780,0.0,23.0,15.0,7.062353134155273,17.0,19.627604232347302,110.92151166142838,1947.63037109375,50.0,0.3044888973236084,3.0,3.0,0.7250016243889202,14.044211387634277,43.0,"{""type"":""Point"",""coordinates"":[110.92172644151948,19.62652920941489]}"
1781,0.0,29.0,365.0,47.67841720581055,311.0,19.043699297669612,109.07996532898335,2349.6279296875,48.0,7.158143043518066,7.0,2.0,0.630781480368205,11.612237930297852,39.0,"{""type"":""Point"",""coordinates"":[109.08064514779689,19.04376484312954]}"
1782,0.0,29.0,16.0,8.916468620300293,17.0,19.865657782638976,110.62955919408955,2350.22265625,42.0,0.18256747722625732,5.0,4.0,0.7556062183856809,14.554234504699707,42.0,"{""type"":""Point"",""coordinates"":[110.63167673510686,19.863829547900977]}"
1783,0.0,23.0,110.0,13.903406143188477,103.0,18.57208377350686,109.00810010625383,1913.0013427734375,56.0,1.5034135580062866,3.0,1.0,0.5980748482206517,13.346514701843262,48.0,"{""type"":""Point"",""coordinates"":[109.00771275320582,18.57002253568725]}"
1784,0.0,32.0,559.0,35.57232666015625,547.0,18.441828057309536,109.34047676137806,1952.53662109375,40.0,8.504288673400879,7.0,1.0,0.5803274490591332,11.287086486816406,42.0,"{""type"":""Point"",""coordinates"":[109.33965950504565,18.440808179897374]}"
1785,0.0,30.0,10.0,6.796430587768555,12.0,19.537772703935353,110.86761274438123,2022.80810546875,39.0,0.13456593453884125,5.0,3.0,0.7507998974420924,15.367725372314453,40.0,"{""type"":""Point"",""coordinates"":[110.86928003704105,19.53878451424222]}"
1786,0.0,28.0,11.0,14.151068687438965,3.0,19.699469455076866,110.31065726822715,2648.074462890625,42.0,0.4416307806968689,2.0,3.0,0.8361969705798091,14.361759185791016,30.0,"{""type"":""Point"",""coordinates"":[110.3112516892802,19.69882600348544]}"
1787,0.0,30.0,489.0,70.49886322021484,372.0,19.27276969512009,109.68632814576404,2769.924560546875,38.0,8.52364730834961,4.0,2.0,0.6323616177380306,11.341797828674316,38.0,"{""type"":""Point"",""coordinates"":[109.68636053237708,19.27150715498707]}"
1788,0.0,26.0,37.0,14.624238967895508,28.0,19.60963792666491,110.41845510232145,2626.0654296875,46.0,0.5166187286376953,5.0,3.0,0.7909683944578169,14.185193061828613,34.0,"{""type"":""Point"",""coordinates"":[110.41963376245484,19.609324384844932]}"
1789,0.0,24.0,57.0,14.237128257751465,60.0,18.581066926348058,108.79699601448573,1607.4908447265625,55.0,2.565202474594116,3.0,1.0,0.6420141389157474,12.843544006347656,44.0,"{""type"":""Point"",""coordinates"":[108.79702991146416,18.58068347220791]}"
1790,0.0,30.0,311.0,37.34900665283203,114.0,19.039207721249014,109.39886725484581,2377.56494140625,39.0,4.189204216003418,4.0,2.0,0.6343543367652773,12.18960952758789,41.0,"{""type"":""Point"",""coordinates"":[109.40026462501251,19.037731035487948]}"
1791,0.0,28.0,476.0,68.02374267578125,427.0,18.783187865274954,110.0097216480471,2490.430419921875,46.0,11.356865882873535,5.0,1.0,0.5895845863684122,11.059257507324219,45.0,"{""type"":""Point"",""coordinates"":[110.01154360597161,18.78238916392087]}"
1792,0.0,25.0,24.0,7.024442195892334,24.0,19.784809407068217,110.9394779671108,1922.78173828125,49.0,0.4600888192653656,3.0,4.0,0.6880919861872699,13.202472686767578,49.0,"{""type"":""Point"",""coordinates"":[110.93844653959928,19.783964519467922]}"
1793,0.0,25.0,169.0,50.052490234375,159.0,19.29971915364368,110.28819938612412,2901.84375,50.0,3.6000845432281494,4.0,3.0,0.6777041759176722,12.435614585876465,36.0,"{""type"":""Point"",""coordinates"":[110.2863058875612,19.298179656120837]}"
1794,0.0,23.0,30.0,5.7799763679504395,30.0,19.04819087409021,108.73411394459737,1642.5703125,50.0,0.3243730366230011,2.0,2.0,0.6902955199333501,14.92790412902832,43.0,"{""type"":""Point"",""coordinates"":[108.73495901609793,19.04935980131283]}"
1795,0.0,34.0,41.0,69.05170440673828,40.0,19.173955013866944,110.38701406737727,2941.341064453125,36.0,5.546847343444824,4.0,2.0,0.7343543180953639,12.07928466796875,38.0,"{""type"":""Point"",""coordinates"":[110.38834731581026,19.171843718324098]}"
1796,0.0,27.0,159.0,31.4587459564209,56.0,19.394042258476226,109.66836184008167,2744.517822265625,46.0,1.9977067708969116,4.0,3.0,0.739743224962477,13.031781196594238,35.0,"{""type"":""Point"",""coordinates"":[109.66856311019495,19.39208285313331]}"
1797,0.0,23.0,166.0,15.834564208984375,136.0,18.8775109701075,110.13099421140322,2355.274169921875,49.0,0.8938419818878174,4.0,2.0,0.637068887659912,13.831927299499512,45.0,"{""type"":""Point"",""coordinates"":[110.13059881472321,18.879595207393063]}"
1798,0.0,25.0,22.0,16.75397300720215,22.0,19.591671620982524,109.04403271761862,1843.529541015625,47.0,2.0960848331451416,3.0,3.0,0.7326772720465926,13.066171646118164,37.0,"{""type"":""Point"",""coordinates"":[109.0438889190367,19.593272794143317]}"
1799,0.0,26.0,612.0,59.49251937866211,369.0,18.980817227781245,109.69980287502585,2482.761962890625,47.0,9.948623657226562,4.0,2.0,0.5986817239319091,11.082039833068848,42.0,"{""type"":""Point"",""coordinates"":[109.70084373468941,18.980535560540137]}"
1800,0.0,29.0,86.0,9.762462615966797,84.0,19.865657782638976,110.27472465686236,2497.82373046875,44.0,0.13479185104370117,5.0,4.0,0.7125485894544026,15.490521430969238,36.0,"{""type"":""Point"",""coordinates"":[110.2760654951871,19.866639046168963]}"
1801,0.0,29.0,737.0,50.41498947143555,670.0,18.648440572657023,109.385392525584,2238.749755859375,49.0,12.718369483947754,7.0,1.0,0.5599704388273161,10.71379280090332,45.0,"{""type"":""Point"",""coordinates"":[109.38458985854578,18.647713805190058]}"
1802,0.0,28.0,26.0,8.319597244262695,27.0,19.852183053377182,109.34496833779866,1803.2041015625,39.0,0.5868833661079407,2.0,4.0,0.7381344545263627,14.337267875671387,35.0,"{""type"":""Point"",""coordinates"":[109.34698456294737,19.854010084221223]}"
1803,0.0,24.0,127.0,13.474461555480957,123.0,18.536151162142083,109.0215748355156,1882.650146484375,54.0,1.49815833568573,4.0,1.0,0.5960009751538182,13.339611053466797,48.0,"{""type"":""Point"",""coordinates"":[109.01980456433544,18.535879053884702]}"
1804,0.0,28.0,12.0,10.658001899719238,12.0,19.955489311050925,110.38252249095666,2467.777587890625,41.0,0.293217271566391,4.0,4.0,0.7761530938013684,14.147126197814941,40.0,"{""type"":""Point"",""coordinates"":[110.38425172095683,19.956679160880196]}"
1805,0.0,27.0,275.0,39.234981536865234,247.0,18.513693280039092,109.34047676137806,2078.1171875,52.0,7.068696022033691,4.0,1.0,0.5883409507127417,11.687812805175781,46.0,"{""type"":""Point"",""coordinates"":[109.34030736298288,18.513526132683133]}"
1806,0.0,26.0,459.0,53.09471130371094,335.0,18.756238406751365,109.03954114119801,2110.38330078125,46.0,11.644737243652344,5.0,1.0,0.5831143688629283,11.046774864196777,42.0,"{""type"":""Point"",""coordinates"":[109.03804321747519,18.7568520302888]}"
1807,0.0,32.0,336.0,17.339387893676758,190.0,19.205396048811124,109.6414123815581,2705.318603515625,39.0,0.7288452386856079,4.0,2.0,0.6728657030822796,13.922643661499023,38.0,"{""type"":""Point"",""coordinates"":[109.64292548241305,19.206216079282157]}"
1808,0.0,25.0,70.0,18.29093360900879,43.0,19.71294418433866,109.86149962616736,2655.966796875,51.0,0.8122201561927795,4.0,3.0,0.7744236934761837,13.986467361450195,33.0,"{""type"":""Point"",""coordinates"":[109.86165939694024,19.713459825675198]}"
1809,0.0,21.0,143.0,15.612780570983887,79.0,19.560230586038337,109.78065125059658,2650.3818359375,57.0,0.5597202181816101,4.0,3.0,0.7222472334604259,14.31446647644043,35.0,"{""type"":""Point"",""coordinates"":[109.7818491704681,19.558996937193534]}"
1810,0.0,23.0,17.0,8.191670417785645,19.0,19.72192733717985,110.84964643869881,2153.485107421875,55.0,0.3100205361843109,5.0,3.0,0.7410243375324911,14.023208618164062,42.0,"{""type"":""Point"",""coordinates"":[110.84993461450603,19.721707618736836]}"
1811,0.0,26.0,193.0,62.66476058959961,189.0,18.85056151158392,110.27023308044176,2530.4072265625,47.0,7.567322254180908,4.0,2.0,0.6193284760210529,11.672934532165527,45.0,"{""type"":""Point"",""coordinates"":[110.27125582984172,18.84897893618112]}"
1812,0.0,26.0,19.0,7.520355701446533,20.0,19.735402066441644,110.81371382733403,2153.485107421875,51.0,0.1916045993566513,5.0,3.0,0.7446757801595721,14.501411437988281,41.0,"{""type"":""Point"",""coordinates"":[110.81491795486198,19.73574412830753]}"
1813,0.0,25.0,129.0,11.169824600219727,109.0,19.38056752921443,109.17428843381595,2272.660400390625,54.0,0.513232409954071,4.0,3.0,0.6806740652084877,14.409843444824219,35.0,"{""type"":""Point"",""coordinates"":[109.17432027063957,19.378678566808205]}"
1814,0.0,27.0,41.0,10.439143180847168,38.0,18.60352480845105,109.97378903668232,2182.07763671875,42.0,0.438904732465744,3.0,1.0,0.6956753430610054,14.619098663330078,47.0,"{""type"":""Point"",""coordinates"":[109.97242585894422,18.601438105017625]}"
1815,0.0,27.0,243.0,18.9081974029541,122.0,19.034716144828415,109.86149962616736,2485.491455078125,47.0,1.1527204513549805,3.0,2.0,0.6560687183269412,13.527754783630371,41.0,"{""type"":""Point"",""coordinates"":[109.86075943690626,19.03627057508372]}"
1816,0.0,26.0,203.0,37.62799072265625,81.0,19.29522757722308,109.60098819377271,2701.53857421875,42.0,2.702200412750244,4.0,3.0,0.7016945194128543,12.70136833190918,36.0,"{""type"":""Point"",""coordinates"":[109.59927978865669,19.296886770933984]}"
1817,0.0,28.0,33.0,13.450922966003418,33.0,19.789300983488815,110.59362658272477,2435.82958984375,38.0,0.61226886510849,7.0,4.0,0.7636984909201522,13.83161449432373,37.0,"{""type"":""Point"",""coordinates"":[110.59582899086851,19.788872978605454]}"
1818,0.0,31.0,50.0,11.485214233398438,49.0,19.757859948544635,110.62506761766895,2383.013671875,43.0,0.5040544271469116,4.0,4.0,0.7356484346629607,14.036191940307617,38.0,"{""type"":""Point"",""coordinates"":[110.62325533413177,19.75640923964425]}"
1819,0.0,30.0,408.0,45.22997283935547,411.0,18.289114459009213,109.6414123815581,1853.642333984375,48.0,13.938663482666016,7.0,0.0,0.5768683900586026,10.89954662322998,40.0,"{""type"":""Point"",""coordinates"":[109.64062586523335,18.28975332490813]}"
1820,0.0,24.0,98.0,18.197826385498047,55.0,19.394042258476226,110.1624352463474,2841.232666015625,50.0,0.5851423740386963,4.0,3.0,0.7377211191962468,14.297629356384277,38.0,"{""type"":""Point"",""coordinates"":[110.16101120479324,19.392776280024524]}"
1821,0.0,27.0,601.0,49.59589385986328,486.0,18.783187865274954,109.55607242956671,2383.572998046875,49.0,8.493122100830078,4.0,1.0,0.5723643742702387,11.252579689025879,48.0,"{""type"":""Point"",""coordinates"":[109.55516603881708,18.782391073021017]}"
1822,0.0,30.0,20.0,17.65207290649414,20.0,19.906081970424353,109.86599120258796,2270.337890625,44.0,1.5079723596572876,3.0,4.0,0.7759550346584986,13.126716613769531,34.0,"{""type"":""Point"",""coordinates"":[109.86647171853039,19.90430844476716]}"
1823,0.0,29.0,336.0,69.58129119873047,315.0,19.138022402502166,109.05301587045977,2333.70654296875,50.0,13.765740394592285,4.0,2.0,0.6037397715056225,10.964715957641602,40.0,"{""type"":""Point"",""coordinates"":[109.05098000729977,19.137050714273553]}"
1824,0.0,23.0,72.0,26.87690544128418,49.0,19.618621079506106,109.97378903668232,2607.329345703125,51.0,1.6919889450073242,5.0,3.0,0.7687384925332192,13.251165390014648,32.0,"{""type"":""Point"",""coordinates"":[109.97273581222711,19.617403464467966]}"
1825,0.0,26.0,125.0,18.570480346679688,125.0,18.917935157892877,108.74758867385913,1649.8424072265625,48.0,3.5732951164245605,3.0,2.0,0.5836454821423462,12.470519065856934,46.0,"{""type"":""Point"",""coordinates"":[108.74554736263791,18.917905420576457]}"
1826,0.0,25.0,182.0,21.76634979248047,163.0,18.527168009300887,109.29556099717206,1950.45947265625,53.0,3.052194833755493,4.0,1.0,0.595556344745909,12.592835426330566,47.0,"{""type"":""Point"",""coordinates"":[109.29510126253611,18.52554100348769]}"
1827,0.0,40.0,55.0,17.859325408935547,55.0,19.865657782638976,109.77166809775542,2194.5634765625,34.0,1.634863257408142,4.0,4.0,0.7350540397157136,13.295598983764648,33.0,"{""type"":""Point"",""coordinates"":[109.77253202867769,19.86588487364591]}"
1828,0.0,26.0,469.0,45.260009765625,236.0,18.967342498519457,109.69081972218464,2482.761962890625,47.0,5.567878246307373,5.0,2.0,0.6177846167686393,11.787599563598633,43.0,"{""type"":""Point"",""coordinates"":[109.69000357101403,18.967569709595583]}"
1829,0.0,23.0,208.0,20.780302047729492,131.0,19.313193882905473,109.85251647332615,2688.758056640625,52.0,1.0114771127700806,4.0,3.0,0.6793044339080305,13.681427955627441,38.0,"{""type"":""Point"",""coordinates"":[109.8507512418814,19.313818582405464]}"
1830,0.0,26.0,237.0,51.078514099121094,85.0,19.286244424381884,109.49768193609896,2682.228515625,49.0,4.828568935394287,4.0,3.0,0.6824675679663326,12.097061157226562,37.0,"{""type"":""Point"",""coordinates"":[109.49625172438625,19.284588074285335]}"
1831,0.0,24.0,88.0,18.019224166870117,61.0,19.501840092570568,110.1579436699268,2692.258056640625,52.0,0.7391260266304016,5.0,3.0,0.7365164044149689,14.070023536682129,37.0,"{""type"":""Point"",""coordinates"":[110.15576503591129,19.503493834539277]}"
1832,0.0,26.0,436.0,47.94575500488281,427.0,19.034716144828415,108.81047074374754,1987.6182861328125,52.0,12.298206329345703,7.0,2.0,0.5824126710026102,11.008186340332031,41.0,"{""type"":""Point"",""coordinates"":[108.8124752484859,19.034670323592305]}"
1833,0.0,22.0,173.0,16.607606887817383,100.0,19.474890634046986,109.62793765229628,2748.82958984375,54.0,0.5475389361381531,5.0,3.0,0.6887229048509028,14.317649841308594,37.0,"{""type"":""Point"",""coordinates"":[109.62798237663603,19.474186442395233]}"
1834,0.0,26.0,131.0,16.390670776367188,104.0,19.618621079506106,109.86599120258796,2616.3916015625,53.0,0.7306997776031494,4.0,3.0,0.7035040490078424,14.055309295654297,34.0,"{""type"":""Point"",""coordinates"":[109.86678232104141,19.618914894468165]}"
1835,0.0,29.0,11.0,7.832280158996582,11.0,20.000405075256907,109.69980287502585,1772.4078369140625,41.0,0.6338788270950317,2.0,4.0,0.7504849704444793,14.000354766845703,36.0,"{""type"":""Point"",""coordinates"":[109.6998817394627,20.001312465506278]}"
1836,0.0,24.0,154.0,7.10042142868042,133.0,18.56759219708627,109.08894848182456,1925.6435546875,56.0,0.3079339563846588,2.0,1.0,0.6043064607963048,14.905180931091309,47.0,"{""type"":""Point"",""coordinates"":[109.08914644962313,18.565522322478813]}"
1837,0.0,30.0,4.0,9.886022567749023,4.0,19.89260724116256,110.42294667874205,2498.208251953125,38.0,0.12992893159389496,4.0,4.0,0.7879889764936555,15.408187866210938,40.0,"{""type"":""Point"",""coordinates"":[110.4249974044819,19.891996328026007]}"
1838,0.0,20.0,8.0,4.213976860046387,9.0,18.46428593941252,108.87784439005651,1648.22412109375,57.0,0.0,2.0,1.0,0.7209292448699556,16.67427635192871,42.0,"{""type"":""Point"",""coordinates"":[108.87671486444496,18.462720294453803]}"
1839,0.0,26.0,29.0,10.258627891540527,29.0,18.729288948227783,110.18489312845037,2193.443603515625,49.0,0.439208060503006,3.0,1.0,0.7116014990330899,14.625396728515625,46.0,"{""type"":""Point"",""coordinates"":[110.18649695946176,18.730853638969734]}"
1841,0.0,28.0,94.0,13.461031913757324,95.0,19.874640935480173,110.18489312845037,2476.890869140625,41.0,0.5509575009346008,3.0,4.0,0.6996538809315374,14.076176643371582,35.0,"{""type"":""Point"",""coordinates"":[110.18531247284726,19.872798537854596]}"
1842,0.0,25.0,93.0,16.588489532470703,71.0,18.778696288854356,110.12201105856201,2358.184326171875,52.0,1.0434386730194092,4.0,1.0,0.6645511201551444,13.722149848937988,47.0,"{""type"":""Point"",""coordinates"":[110.1227641292827,18.77721329935977]}"
1843,0.0,27.0,145.0,32.58344650268555,84.0,19.420991716999815,109.81658386196136,2723.67626953125,46.0,2.152061700820923,3.0,3.0,0.7036800696147395,12.966039657592773,36.0,"{""type"":""Point"",""coordinates"":[109.8175176706411,19.420279384284648]}"
1844,0.0,32.0,968.0,31.504085540771484,945.0,18.774204712433757,108.8733528136359,2087.0927734375,46.0,9.268166542053223,9.0,1.0,0.5461081158657428,10.77985954284668,46.0,"{""type"":""Point"",""coordinates"":[108.87143609846282,18.773538327771554]}"
1845,0.0,28.0,188.0,39.2862434387207,173.0,19.178446590287543,109.00360852983323,2212.23046875,44.0,5.273600101470947,4.0,2.0,0.6197441966555531,12.040270805358887,43.0,"{""type"":""Point"",""coordinates"":[109.00403871286444,19.177951568701967]}"
1846,0.0,29.0,26.0,9.59658145904541,26.0,19.816250442012404,110.44540456084502,2514.013671875,40.0,0.08371094614267349,6.0,4.0,0.7914887324785037,15.85317325592041,34.0,"{""type"":""Point"",""coordinates"":[110.44363025521977,19.817839158465837]}"
1847,0.0,27.0,34.0,8.916778564453125,19.0,18.608016384871647,109.8031091326996,2143.948486328125,43.0,0.28679710626602173,5.0,1.0,0.7259491497386046,15.048700332641602,45.0,"{""type"":""Point"",""coordinates"":[109.80380199554452,18.608888706074612]}"
1848,0.0,28.0,206.0,14.738646507263184,87.0,19.147005555343355,109.84802489690554,2640.8818359375,49.0,0.5421478152275085,4.0,2.0,0.6785959852194485,14.306425094604492,42.0,"{""type"":""Point"",""coordinates"":[109.84996149481273,19.145374252775905]}"
1849,0.0,31.0,782.0,62.85153579711914,613.0,18.976325651360646,109.35395149063982,2479.211181640625,37.0,13.103635787963867,7.0,2.0,0.5727654497789691,10.637567520141602,44.0,"{""type"":""Point"",""coordinates"":[109.35277181415971,18.97408830856911]}"
1850,0.0,31.0,491.0,59.416229248046875,397.0,18.976325651360646,110.0052300716265,2642.061279296875,44.0,7.941190242767334,4.0,2.0,0.6139169117084277,11.41197681427002,43.0,"{""type"":""Point"",""coordinates"":[110.00746507118068,18.978029247896917]}"
1851,0.0,30.0,631.0,53.49333190917969,403.0,19.088615061875586,109.29106942075146,2296.0068359375,40.0,10.789970397949219,5.0,2.0,0.5993106125526582,10.982251167297363,39.0,"{""type"":""Point"",""coordinates"":[109.29152141932511,19.087157976404157]}"
1852,0.0,34.0,790.0,78.31926727294922,636.0,19.147005555343355,109.30454415001327,2365.763671875,38.0,23.909299850463867,9.0,2.0,0.5632989112027589,9.98503303527832,38.0,"{""type"":""Point"",""coordinates"":[109.30366232371264,19.14481060345491]}"
1853,0.0,28.0,8.0,8.590150833129883,10.0,19.641078961609097,110.97091900205498,1873.68408203125,42.0,1.1165926456451416,4.0,3.0,0.7225985050271979,12.354085922241211,44.0,"{""type"":""Point"",""coordinates"":[110.97109759585025,19.639551754939138]}"
1854,0.0,22.0,18.0,6.2492451667785645,18.0,19.24132866017591,108.77902970880336,1650.6527099609375,53.0,0.4177594482898712,2.0,2.0,0.7045336455896442,14.681830406188965,43.0,"{""type"":""Point"",""coordinates"":[108.77959112949448,19.24259658281451]}"
1855,0.0,23.0,11.0,12.222128868103027,13.0,19.18742974312874,110.58913500630416,2490.84033203125,51.0,0.3490316867828369,2.0,2.0,0.761227126545668,14.828153610229492,43.0,"{""type"":""Point"",""coordinates"":[110.58731792832818,19.1862710954238]}"
1856,0.0,24.0,16.0,7.759183406829834,19.0,18.513693280039092,108.83292862585051,1717.3165283203125,48.0,0.6153138279914856,2.0,1.0,0.7112821581241852,14.295735359191895,42.0,"{""type"":""Point"",""coordinates"":[108.83176525704809,18.512323803303257]}"
1857,0.0,26.0,323.0,18.822721481323242,274.0,19.447941175523397,109.90192381395275,2751.2607421875,47.0,0.7843250036239624,4.0,3.0,0.6865348890085201,13.85841178894043,35.0,"{""type"":""Point"",""coordinates"":[109.90054741608493,19.44696888965887]}"
1858,0.0,25.0,462.0,80.57574462890625,280.0,18.890985699369296,109.78514282701718,2474.704833984375,47.0,14.530767440795898,4.0,2.0,0.5736667549898108,10.815174102783203,46.0,"{""type"":""Point"",""coordinates"":[109.7865025713688,18.891890082870727]}"
1859,0.0,24.0,216.0,22.210535049438477,39.0,19.209887625231723,109.45725774831357,2717.32958984375,48.0,1.0897066593170166,4.0,2.0,0.7505218397407307,13.601719856262207,37.0,"{""type"":""Point"",""coordinates"":[109.45755624110485,19.210821313932183]}"
1861,0.0,28.0,551.0,88.12545013427734,405.0,19.18742974312874,109.67285341650228,2764.2353515625,43.0,13.349407196044922,6.0,2.0,0.6097390176828468,10.83192253112793,39.0,"{""type"":""Point"",""coordinates"":[109.67213029009062,19.18804253742214]}"
1862,0.0,31.0,16.0,7.782065391540527,17.0,19.89260724116256,109.30005257359267,1803.2041015625,39.0,0.5304437279701233,3.0,4.0,0.7553068432696148,14.44416332244873,34.0,"{""type"":""Point"",""coordinates"":[109.3007546162363,19.891869595758116]}"
1863,0.0,27.0,722.0,69.51385498046875,614.0,18.832595205901526,109.76268494491421,2473.3369140625,45.0,14.758543968200684,5.0,2.0,0.5690583522718746,10.573838233947754,44.0,"{""type"":""Point"",""coordinates"":[109.76046682956716,18.83470660600888]}"
1864,0.0,27.0,208.0,41.604820251464844,206.0,18.45530278657133,109.22369577444249,2127.818359375,50.0,6.80592679977417,4.0,1.0,0.6045558023657249,11.770431518554688,44.0,"{""type"":""Point"",""coordinates"":[109.22276318257279,18.455610808334946]}"
1865,0.0,29.0,537.0,12.944327354431152,392.0,18.787679441695552,109.31352730285442,2089.902587890625,46.0,1.1487151384353638,5.0,1.0,0.6029848402505764,13.314533233642578,44.0,"{""type"":""Point"",""coordinates"":[109.31223004137158,18.785642626705833]}"
1866,0.0,24.0,119.0,17.18233871459961,81.0,19.510823245411764,109.89743223753214,2661.990234375,52.0,0.6990858912467957,5.0,3.0,0.7082209964987353,14.106918334960938,38.0,"{""type"":""Point"",""coordinates"":[109.89748537457314,19.51126063435063]}"
1867,0.0,23.0,35.0,21.959291458129883,25.0,19.223362354493517,108.95869276562723,2425.395751953125,55.0,1.5451444387435913,2.0,2.0,0.7461442372927036,13.363785743713379,41.0,"{""type"":""Point"",""coordinates"":[108.95704372661444,19.225603358799678]}"
1868,0.0,29.0,63.0,19.076114654541016,44.0,19.6320958087679,110.06811214151486,2616.7314453125,42.0,0.9189774990081787,4.0,3.0,0.764417709300506,13.867112159729004,35.0,"{""type"":""Point"",""coordinates"":[110.06868524637099,19.63324101506485]}"
1869,0.0,29.0,44.0,10.958988189697266,44.0,19.757859948544635,109.40785040768702,1996.835693359375,45.0,0.8097612261772156,2.0,4.0,0.7422835146416316,14.004839897155762,32.0,"{""type"":""Point"",""coordinates"":[109.40986257907996,19.757577518750004]}"
1870,0.0,32.0,577.0,44.730709075927734,409.0,19.115564520399175,109.28208626791024,2379.187255859375,39.0,6.940086364746094,6.0,2.0,0.6155279774520527,11.47761344909668,40.0,"{""type"":""Point"",""coordinates"":[109.28364121139954,19.11661282565604]}"
1871,0.0,30.0,297.0,23.976823806762695,244.0,18.783187865274954,109.85700804974675,2632.68115234375,38.0,1.4639043807983398,4.0,1.0,0.6408720530068199,13.252248764038086,45.0,"{""type"":""Point"",""coordinates"":[109.85568839339906,18.78457778994948]}"
1872,0.0,27.0,43.0,14.2805757522583,43.0,19.816250442012404,110.5217613599952,2430.559326171875,41.0,0.7299982905387878,5.0,4.0,0.7496882280952829,13.672165870666504,37.0,"{""type"":""Point"",""coordinates"":[110.52213834075819,19.816240552201027]}"
1873,0.0,29.0,60.0,21.634769439697266,53.0,19.38505910563503,110.47684559578926,2738.883056640625,37.0,0.9747823476791382,4.0,3.0,0.7405631812349517,13.771364212036133,38.0,"{""type"":""Point"",""coordinates"":[110.47464157732469,19.385484930639777]}"
1874,0.0,28.0,28.0,7.075279712677002,25.0,19.78031783064762,110.71040756966033,2278.43798828125,50.0,0.0,4.0,4.0,0.7549979608666764,15.694975852966309,39.0,"{""type"":""Point"",""coordinates"":[110.71230628508962,19.77913592268143]}"
1875,0.0,31.0,429.0,54.27873229980469,234.0,19.052682450510808,109.42132513694878,2437.366943359375,39.0,7.875162601470947,5.0,2.0,0.614194880223924,11.468430519104004,42.0,"{""type"":""Point"",""coordinates"":[109.41992983790922,19.05246045638931]}"
1876,0.0,24.0,39.0,18.07303237915039,30.0,19.645570538029695,110.45887929010684,2659.6337890625,53.0,0.8822062015533447,5.0,3.0,0.7913980763822753,13.648487091064453,33.0,"{""type"":""Point"",""coordinates"":[110.45947456820441,19.643948348693975]}"
1877,0.0,25.0,9.0,5.184109210968018,9.0,19.4434495991028,108.83292862585051,1722.59765625,49.0,0.1298488974571228,6.0,3.0,0.7367741316418619,15.855557441711426,40.0,"{""type"":""Point"",""coordinates"":[108.83138249016599,19.441567822814186]}"
1878,0.0,26.0,246.0,83.20162200927734,246.0,18.648440572657023,110.1624352463474,2291.5322265625,49.0,16.87519073486328,4.0,1.0,0.573765357610298,10.812664985656738,45.0,"{""type"":""Point"",""coordinates"":[110.16070861511186,18.648556728901497]}"
1879,0.0,29.0,60.0,17.484466552734375,51.0,19.650062114450293,110.30616569180654,2648.074462890625,44.0,0.8420701622962952,4.0,3.0,0.7751464883020269,13.678808212280273,31.0,"{""type"":""Point"",""coordinates"":[110.30780611013263,19.649606807136376]}"
1880,0.0,25.0,46.0,9.811652183532715,46.0,19.762351524965233,110.84066328585766,2094.12158203125,48.0,0.7336013913154602,5.0,4.0,0.6952750392998481,13.117316246032715,44.0,"{""type"":""Point"",""coordinates"":[110.84032818769599,19.760424849177852]}"
1881,0.0,26.0,192.0,46.299110412597656,89.0,19.425483293420413,109.70878602786706,2734.7783203125,47.0,3.756239414215088,4.0,3.0,0.6978440512454296,12.378400802612305,34.0,"{""type"":""Point"",""coordinates"":[109.70981983062336,19.42566619104579]}"
1882,0.0,29.0,65.0,11.068710327148438,63.0,19.8252335948536,110.28819938612412,2518.41015625,42.0,0.25113892555236816,6.0,4.0,0.7475010570532111,14.8848237991333,34.0,"{""type"":""Point"",""coordinates"":[110.2874769354441,19.825724819364623]}"
1883,0.0,32.0,65.0,19.84053611755371,66.0,19.49734851614997,110.63854234693076,2528.822265625,40.0,1.4541946649551392,4.0,3.0,0.7295202875602769,12.962711334228516,36.0,"{""type"":""Point"",""coordinates"":[110.64076204003487,19.49833904880824]}"
1884,0.0,24.0,168.0,16.288238525390625,69.0,19.232345507334713,109.8031091326996,2768.3896484375,55.0,0.5502877235412598,4.0,2.0,0.7227994339975883,14.315803527832031,37.0,"{""type"":""Point"",""coordinates"":[109.80440599138565,19.230437888258795]}"
1885,0.0,29.0,94.0,32.45695114135742,74.0,19.546755856776542,110.47235401936865,2689.10986328125,44.0,2.6376657485961914,4.0,3.0,0.7041758242383624,12.50950813293457,39.0,"{""type"":""Point"",""coordinates"":[110.47017206812448,19.545081464156763]}"
1886,0.0,21.0,6.0,7.116225719451904,8.0,18.67988160760121,110.35557303243309,2073.591064453125,56.0,0.11471964418888092,2.0,1.0,0.7297150517068899,15.967897415161133,46.0,"{""type"":""Point"",""coordinates"":[110.35467296791101,18.680390945008202]}"
1887,0.0,38.0,84.0,29.54733657836914,84.0,19.85667462979778,109.91989011963511,2449.469970703125,34.0,2.6904995441436768,4.0,4.0,0.7026839284551168,12.737483978271484,35.0,"{""type"":""Point"",""coordinates"":[109.9198832271369,19.857851044115222]}"
1888,0.0,26.0,28.0,5.96138334274292,29.0,19.924048276106745,110.90354535574602,1798.4078369140625,46.0,0.3495212197303772,4.0,4.0,0.6758620972206777,13.468098640441895,49.0,"{""type"":""Point"",""coordinates"":[110.90337207353565,19.923118107439247]}"
1889,0.0,29.0,66.0,18.166893005371094,62.0,19.77582625422702,109.85700804974675,2546.14453125,48.0,0.9920173287391663,2.0,4.0,0.7438927866508795,13.788841247558594,34.0,"{""type"":""Point"",""coordinates"":[109.85764850623929,19.774244575948156]}"
1890,0.0,26.0,103.0,34.389522552490234,73.0,19.147005555343355,110.10404475287964,2760.662841796875,44.0,2.151416778564453,4.0,2.0,0.6877247558695221,12.99213981628418,43.0,"{""type"":""Point"",""coordinates"":[110.1035131828554,19.14535465414466]}"
1891,0.0,31.0,36.0,15.248249053955078,38.0,19.057174026931406,110.40947194948029,2721.12646484375,40.0,0.4628645181655884,4.0,2.0,0.7525056619257975,14.568862915039062,40.0,"{""type"":""Point"",""coordinates"":[110.40815948913284,19.056842956291405]}"
1892,0.0,21.0,20.0,11.866382598876953,20.0,19.672519996553277,109.34945991421921,2093.907958984375,57.0,0.7661014199256897,2.0,3.0,0.7629965926767003,14.074225425720215,35.0,"{""type"":""Point"",""coordinates"":[109.34806195935991,19.67361587697667]}"
1893,0.0,21.0,21.0,10.51466178894043,17.0,19.250311813017106,108.83292862585051,1856.0523681640625,51.0,0.8624758720397949,3.0,2.0,0.7168333666372463,13.95513916015625,43.0,"{""type"":""Point"",""coordinates"":[108.83157128014663,19.249136987637314]}"
1894,0.0,33.0,53.0,13.726548194885254,54.0,19.86116620621838,109.30903572643388,1803.2041015625,38.0,1.7271050214767456,3.0,4.0,0.7031916216285187,13.241857528686523,35.0,"{""type"":""Point"",""coordinates"":[109.30977943703755,19.86145888043239]}"
1895,0.0,24.0,488.0,56.766815185546875,431.0,18.639457419815827,109.5470892767255,2143.720458984375,51.0,12.881464958190918,4.0,1.0,0.5609939027733817,10.920008659362793,46.0,"{""type"":""Point"",""coordinates"":[109.54499889764962,18.638428703699212]}"
1896,0.0,24.0,182.0,23.59492301940918,112.0,19.4434495991028,109.4392914426312,2572.291748046875,56.0,1.5907325744628906,3.0,3.0,0.6941802870637854,13.24519157409668,34.0,"{""type"":""Point"",""coordinates"":[109.43903574415053,19.44248650626252]}"
1897,0.0,22.0,18.0,8.474674224853516,18.0,19.71294418433866,109.32700203211624,2037.394287109375,54.0,0.34009450674057007,2.0,3.0,0.7725482531289383,14.887517929077148,33.0,"{""type"":""Point"",""coordinates"":[109.32632094292728,19.71321499750437]}"
1898,0.0,32.0,538.0,54.890384674072266,514.0,18.908952005051688,110.18489312845037,2585.531982421875,44.0,7.845946788787842,5.0,2.0,0.5987709159514805,11.386212348937988,46.0,"{""type"":""Point"",""coordinates"":[110.18658926389519,18.90671566988577]}"
1899,0.0,23.0,36.0,13.646291732788086,36.0,18.392420716682963,109.21022104518073,1863.8387451171875,55.0,1.5206012725830078,2.0,1.0,0.70554864492449,13.379222869873047,40.0,"{""type"":""Point"",""coordinates"":[109.21060434213825,18.390266105850035]}"
1900,0.0,25.0,6.0,5.1673712730407715,7.0,19.259294965858295,108.72513079175616,1573.7174072265625,48.0,0.2931625247001648,2.0,2.0,0.7221844675851801,15.042914390563965,41.0,"{""type"":""Point"",""coordinates"":[108.72665494153944,19.26040732564966]}"
1901,0.0,29.0,26.0,12.368330001831055,26.0,19.80277571275061,110.58015185346295,2398.02392578125,38.0,0.530427873134613,7.0,4.0,0.7700173290968823,13.981535911560059,37.0,"{""type"":""Point"",""coordinates"":[110.57815511369283,19.80474960506331]}"
1902,0.0,26.0,252.0,46.52523422241211,243.0,19.26827811869949,110.26574150402115,2901.84375,50.0,3.393869400024414,4.0,2.0,0.6694292825784016,12.44089126586914,37.0,"{""type"":""Point"",""coordinates"":[110.26529933056798,19.26673977115386]}"
1903,0.0,23.0,92.0,9.226249694824219,84.0,19.340143341429055,109.04852429403917,2064.29052734375,56.0,0.4628782272338867,3.0,3.0,0.6654667286580731,14.535654067993164,40.0,"{""type"":""Point"",""coordinates"":[109.04762683004816,19.341336107439787]}"
1904,0.0,27.0,327.0,46.91819381713867,210.0,19.38505910563503,109.60997134661392,2707.4736328125,47.0,4.2956414222717285,4.0,3.0,0.6669301756610868,12.1532621383667,36.0,"{""type"":""Point"",""coordinates"":[109.6093987209032,19.385825853252665]}"
1905,0.0,24.0,33.0,12.432696342468262,33.0,19.596163197403122,109.09793163466577,1860.660400390625,51.0,1.264400839805603,3.0,3.0,0.7238473212292252,13.56554889678955,37.0,"{""type"":""Point"",""coordinates"":[109.09720851943607,19.59727909015515]}"
1906,0.0,23.0,144.0,13.048826217651367,118.0,19.46590748120579,109.29106942075146,2264.14794921875,59.0,0.7991108298301697,4.0,3.0,0.6869881353202768,13.957749366760254,33.0,"{""type"":""Point"",""coordinates"":[109.29100915706802,19.466958948664654]}"
1907,0.0,27.0,155.0,25.473102569580078,87.0,19.429974869841004,109.385392525584,2514.416259765625,42.0,1.7551442384719849,4.0,3.0,0.7155251478593384,13.163829803466797,32.0,"{""type"":""Point"",""coordinates"":[109.38614868249482,19.43114035257088]}"
1908,0.0,22.0,145.0,19.009544372558594,109.0,19.501840092570568,109.50666508894017,2490.2451171875,54.0,1.089972972869873,4.0,3.0,0.689951349943975,13.646662712097168,35.0,"{""type"":""Point"",""coordinates"":[109.50666496807398,19.50390233899592]}"
1909,0.0,25.0,138.0,26.6486873626709,123.0,18.52267643288029,109.27310311506909,1950.45947265625,52.0,4.066070556640625,4.0,1.0,0.5991284778263816,12.332924842834473,46.0,"{""type"":""Point"",""coordinates"":[109.27307632874435,18.522425217552225]}"
1910,0.0,27.0,331.0,32.43528366088867,323.0,18.441828057309536,109.41683356052818,1994.9188232421875,51.0,5.952173233032227,5.0,1.0,0.6025348723907837,11.822565078735352,42.0,"{""type"":""Point"",""coordinates"":[109.41493137116765,18.442425840602525]}"
1911,0.0,39.0,68.0,35.25482177734375,57.0,19.587180044561926,110.22531731623576,2730.4365234375,35.0,2.6161515712738037,4.0,3.0,0.7418788011188568,12.817339897155762,35.0,"{""type"":""Point"",""coordinates"":[110.22428959882897,19.586838480302053]}"
1912,0.0,26.0,10.0,7.831502437591553,11.0,20.07676187440706,110.63405077051016,2194.0322265625,44.0,0.1720791757106781,3.0,4.0,0.7428985033181522,14.215402603149414,44.0,"{""type"":""Point"",""coordinates"":[110.63488116084878,20.078279754808197]}"
1913,0.0,28.0,482.0,93.87983703613281,410.0,19.27276969512009,109.21471262160128,2623.77197265625,47.0,17.00287437438965,4.0,2.0,0.6066615823943988,10.634228706359863,38.0,"{""type"":""Point"",""coordinates"":[109.21572876490856,19.27066354474489]}"
1914,0.0,23.0,172.0,15.568800926208496,124.0,19.46590748120579,109.44827459547236,2501.4287109375,59.0,0.8052831292152405,3.0,3.0,0.6941462825798053,13.932487487792969,34.0,"{""type"":""Point"",""coordinates"":[109.44870371344432,19.46537452921604]}"
1915,0.0,28.0,151.0,36.72666931152344,119.0,19.232345507334713,110.12201105856201,2998.0751953125,43.0,1.9679020643234253,4.0,2.0,0.6724733274371457,13.051834106445312,39.0,"{""type"":""Point"",""coordinates"":[110.12125039944686,19.23031331892498]}"
1916,0.0,29.0,488.0,30.540048599243164,339.0,18.810137323798536,109.33598518495745,2183.524658203125,47.0,4.532281398773193,6.0,1.0,0.5913758848759003,11.979534149169922,46.0,"{""type"":""Point"",""coordinates"":[109.33707451444283,18.812030540887363]}"
1917,0.0,28.0,169.0,47.19264221191406,150.0,18.90446042863109,108.85089493153288,1990.316650390625,43.0,9.368609428405762,4.0,2.0,0.590906096109832,11.471556663513184,44.0,"{""type"":""Point"",""coordinates"":[108.8520211275299,18.90326128939834]}"
1918,0.0,25.0,163.0,10.292025566101074,34.0,18.720305795386587,109.14733897529231,2100.1357421875,53.0,0.591375470161438,3.0,1.0,0.7049647798277188,14.246940612792969,43.0,"{""type"":""Point"",""coordinates"":[109.14854979423467,18.722463521257865]}"
1919,0.0,28.0,14.0,10.575413703918457,15.0,19.865657782638976,109.57403873524913,1938.7442626953125,43.0,0.793870210647583,4.0,4.0,0.7610443211763022,14.042073249816895,35.0,"{""type"":""Point"",""coordinates"":[109.57453222707669,19.86665771379594]}"
1920,0.0,23.0,57.0,9.89950180053711,55.0,19.74438521928284,109.65039553439925,2467.998291015625,51.0,0.12990225851535797,2.0,4.0,0.7513681518867128,15.827220916748047,34.0,"{""type"":""Point"",""coordinates"":[109.6516837669754,19.743916981475618]}"
1921,0.0,27.0,112.0,30.26288604736328,93.0,19.54226428035595,110.44091298442447,2730.252685546875,45.0,2.189732313156128,4.0,3.0,0.6835471799020024,12.681315422058105,39.0,"{""type"":""Point"",""coordinates"":[110.43889646385036,19.54319148827235]}"
1922,0.0,26.0,282.0,23.85768699645996,115.0,18.855053088004517,109.82107543838197,2438.19580078125,46.0,1.8321655988693237,4.0,2.0,0.6309272578181973,13.03799057006836,45.0,"{""type"":""Point"",""coordinates"":[109.82037905380965,18.853643174563842]}"
1923,0.0,30.0,14.0,13.642047882080078,15.0,19.447941175523397,110.7283738753427,2384.88720703125,42.0,0.7651310563087463,5.0,3.0,0.7798253412620058,13.651084899902344,37.0,"{""type"":""Point"",""coordinates"":[110.72638826363217,19.447830922612447]}"
1924,0.0,24.0,157.0,20.846921920776367,57.0,19.317685459326064,109.33598518495745,2413.22265625,51.0,1.4498751163482666,4.0,3.0,0.7220480683176882,13.353750228881836,37.0,"{""type"":""Point"",""coordinates"":[109.3352003010797,19.316015593663995]}"
1925,0.0,30.0,756.0,68.33848571777344,543.0,19.030224568407817,109.5964966173521,2516.184326171875,41.0,14.349822998046875,6.0,2.0,0.5849489351291669,10.569601058959961,41.0,"{""type"":""Point"",""coordinates"":[109.59743210706432,19.029869738297318]}"
1926,0.0,21.0,108.0,17.530977249145508,54.0,19.659045267291482,109.71776918070822,2528.848876953125,54.0,0.8457638025283813,4.0,3.0,0.7644386869026736,13.923142433166504,31.0,"{""type"":""Point"",""coordinates"":[109.71825128087563,19.657405342466166]}"
1927,0.0,31.0,139.0,37.806697845458984,69.0,19.358109647111448,109.91989011963511,2757.36669921875,40.0,2.6698062419891357,5.0,3.0,0.7064261505549836,12.75393295288086,39.0,"{""type"":""Point"",""coordinates"":[109.92199929116164,19.359035843397724]}"
1928,0.0,23.0,26.0,5.815900802612305,27.0,19.726418913600448,110.95744427279317,1798.6541748046875,54.0,0.32555800676345825,2.0,3.0,0.6946107793577491,13.543753623962402,45.0,"{""type"":""Point"",""coordinates"":[110.95765078043524,19.728391742491368]}"
1929,0.0,24.0,33.0,26.403749465942383,34.0,18.441828057309536,109.78963440343779,1899.9327392578125,52.0,4.036499500274658,4.0,1.0,0.6937295857913407,12.403275489807129,42.0,"{""type"":""Point"",""coordinates"":[109.79074610791982,18.440604898680995]}"
1930,0.0,24.0,12.0,4.662790775299072,12.0,18.76971313601316,108.69368975681198,1607.1688232421875,48.0,0.12973323464393616,2.0,1.0,0.7010613263234321,15.85472583770752,45.0,"{""type"":""Point"",""coordinates"":[108.69398290516749,18.768786568359097]}"
1931,0.0,26.0,25.0,11.305464744567871,9.0,19.726418913600448,110.10404475287964,2690.45849609375,46.0,0.11471964418888092,3.0,3.0,0.830846391491107,15.970215797424316,30.0,"{""type"":""Point"",""coordinates"":[110.10421480413599,19.728401457508873]}"
1932,0.0,30.0,627.0,50.19517135620117,421.0,18.697847913283596,109.42581671336939,2204.030029296875,47.0,11.787109375,6.0,1.0,0.5573359983610947,10.895095825195312,47.0,"{""type"":""Point"",""coordinates"":[109.42522802247305,18.699400704813808]}"
1933,0.0,30.0,180.0,41.970672607421875,178.0,18.76971313601316,108.75657182670034,1793.6463623046875,43.0,10.889497756958008,6.0,1.0,0.5725291415472719,11.31097412109375,45.0,"{""type"":""Point"",""coordinates"":[108.75607828086899,18.77083814853428]}"
1934,0.0,25.0,266.0,64.95342254638672,153.0,18.8775109701075,109.05301587045977,2260.923095703125,45.0,11.235034942626953,6.0,2.0,0.6034376156435436,11.222684860229492,42.0,"{""type"":""Point"",""coordinates"":[109.05166316688528,18.87582209598399]}"
1935,0.0,27.0,297.0,31.47015953063965,300.0,18.60352480845105,108.84191177869172,1809.532958984375,51.0,7.357255458831787,4.0,1.0,0.5714166793024853,11.632369041442871,46.0,"{""type"":""Point"",""coordinates"":[108.84200860527946,18.60147822330058]}"
1937,0.0,28.0,212.0,34.9986572265625,75.0,19.340143341429055,109.5515808531461,2651.04541015625,44.0,2.674422025680542,9.0,3.0,0.707717774483856,12.705889701843262,37.0,"{""type"":""Point"",""coordinates"":[109.55104348859275,19.34168708909203]}"
1938,0.0,23.0,10.0,6.086137294769287,13.0,18.60352480845105,108.72063921533555,1728.5509033203125,51.0,0.2931132912635803,2.0,1.0,0.7112911271985235,14.950745582580566,44.0,"{""type"":""Point"",""coordinates"":[108.71882956510247,18.605091016299358]}"
1939,0.0,23.0,138.0,9.194001197814941,111.0,19.4434495991028,109.25962838580728,2310.087890625,56.0,0.21554961800575256,3.0,3.0,0.6917510728394931,15.271842002868652,33.0,"{""type"":""Point"",""coordinates"":[109.25966861934256,19.4415816576694]}"
1940,0.0,27.0,22.0,8.002395629882812,22.0,19.807267289171207,110.71040756966033,2236.168701171875,49.0,0.18289987742900848,3.0,4.0,0.745805188215544,14.543378829956055,41.0,"{""type"":""Point"",""coordinates"":[110.71195560727263,19.80591396841125]}"
1941,0.0,23.0,45.0,23.03279685974121,48.0,18.68437318402181,108.73411394459737,1754.8397216796875,50.0,3.93338942527771,3.0,1.0,0.659850993654985,12.42223072052002,44.0,"{""type"":""Point"",""coordinates"":[108.7321907161292,18.68614401680667]}"
1942,0.0,27.0,571.0,68.12458038330078,338.0,19.057174026931406,109.6414123815581,2495.953857421875,46.0,12.034675598144531,3.0,2.0,0.6031060711820976,10.922277450561523,40.0,"{""type"":""Point"",""coordinates"":[109.6431573819532,19.05626028348545]}"
1943,0.0,24.0,293.0,37.79185485839844,180.0,19.21887077807292,109.27310311506909,2447.4287109375,54.0,4.039212226867676,4.0,2.0,0.65782774747275,12.23861026763916,37.0,"{""type"":""Point"",""coordinates"":[109.27299899103532,19.216994422312116]}"
1944,0.0,33.0,682.0,32.51784133911133,579.0,18.96285092209886,110.0097216480471,2642.061279296875,41.0,3.2595248222351074,5.0,2.0,0.6204046164252347,12.14356517791748,43.0,"{""type"":""Point"",""coordinates"":[110.01131035652033,18.964393734714395]}"
1945,0.0,24.0,35.0,13.54639720916748,35.0,18.343013376056383,109.52463139462253,1771.470703125,54.0,1.763452172279358,3.0,0.0,0.6967386194299462,13.23155689239502,41.0,"{""type"":""Point"",""coordinates"":[109.524075408549,18.343678263043632]}"
1946,0.0,22.0,53.0,16.603878021240234,43.0,19.614129503085508,110.44540456084502,2626.0654296875,54.0,0.7329268455505371,4.0,3.0,0.7715993188457949,13.823088645935059,34.0,"{""type"":""Point"",""coordinates"":[110.44479071626957,19.6128019982519]}"
1947,0.0,26.0,19.0,8.292555809020996,20.0,19.304210730064277,108.7071644860738,1668.0660400390625,51.0,0.8818879723548889,3.0,3.0,0.7157986028289,13.934032440185547,40.0,"{""type"":""Point"",""coordinates"":[108.70889507151063,19.305631514325434]}"
1948,0.0,27.0,169.0,45.470130920410156,115.0,18.949376192837065,108.99462537699202,2380.312744140625,45.0,5.317389011383057,4.0,2.0,0.634254607834277,12.04403018951416,42.0,"{""type"":""Point"",""coordinates"":[108.99598746796966,18.947297358437453]}"
1949,0.0,29.0,27.0,12.468544006347656,27.0,19.78031783064762,110.64303392335137,2383.013671875,37.0,0.5604569315910339,5.0,4.0,0.7530067008388881,13.904261589050293,40.0,"{""type"":""Point"",""coordinates"":[110.64224697168166,19.78108685021295]}"
1950,0.0,23.0,471.0,91.65856170654297,461.0,18.67988160760121,109.88844908469093,2481.4453125,52.0,18.201744079589844,5.0,1.0,0.5582965846770326,10.570235252380371,47.0,"{""type"":""Point"",""coordinates"":[109.88974517727404,18.678291660476923]}"
1951,0.0,26.0,209.0,20.530973434448242,69.0,18.778696288854356,109.28657784433085,1999.565185546875,50.0,2.5845983028411865,4.0,1.0,0.6416833143888215,12.742047309875488,45.0,"{""type"":""Point"",""coordinates"":[109.28784620503323,18.779847142180426]}"
1952,0.0,25.0,242.0,85.16112518310547,215.0,19.290736000802482,109.16081370455413,2583.607421875,50.0,12.243319511413574,4.0,3.0,0.6252651025846038,11.150311470031738,40.0,"{""type"":""Point"",""coordinates"":[109.15963987401646,19.291422232383177]}"
1953,0.0,22.0,66.0,8.361026763916016,64.0,19.762351524965233,109.65937868724046,2306.761474609375,49.0,0.060949619859457016,3.0,4.0,0.7321125750304804,16.57863426208496,34.0,"{""type"":""Point"",""coordinates"":[109.65821350685326,19.763832096245586]}"
1954,0.0,27.0,11.0,8.706798553466797,12.0,20.054303992304078,110.19387628129158,2173.5361328125,48.0,0.37670597434043884,2.0,4.0,0.765686636958119,13.897971153259277,38.0,"{""type"":""Point"",""coordinates"":[110.19373840526904,20.053850628944904]}"
1955,0.0,27.0,382.0,18.163864135742188,261.0,18.71581421896599,108.94970961278602,2107.58642578125,50.0,1.981730341911316,5.0,1.0,0.6059831693359051,12.889008522033691,45.0,"{""type"":""Point"",""coordinates"":[108.95146252838317,18.7171756012013]}"
1956,0.0,22.0,59.0,23.554380416870117,32.0,19.730910490021046,109.85700804974675,2655.966796875,53.0,1.2674834728240967,3.0,3.0,0.775401536481924,13.547872543334961,35.0,"{""type"":""Point"",""coordinates"":[109.85842952535639,19.72921751729702]}"
1957,0.0,27.0,895.0,68.98867797851562,743.0,19.057174026931406,109.20572946876013,2493.557373046875,48.0,18.140216827392578,7.0,2.0,0.5662092223736208,10.171900749206543,41.0,"{""type"":""Point"",""coordinates"":[109.20546957104813,19.055382725373736]}"
1958,0.0,29.0,572.0,68.27018737792969,385.0,18.886494122948697,109.5470892767255,2218.97705078125,47.0,18.158889770507812,5.0,2.0,0.5500523906480959,10.490632057189941,45.0,"{""type"":""Point"",""coordinates"":[109.54913064840453,18.886226930026385]}"
1959,0.0,24.0,24.0,10.533777236938477,22.0,18.419370175206545,108.99013380057141,1775.87890625,51.0,1.0820916891098022,3.0,1.0,0.7189304699470151,13.726516723632812,40.0,"{""type"":""Point"",""coordinates"":[108.98806037052184,18.420926323753964]}"
1960,0.0,26.0,21.0,9.483181953430176,22.0,19.87913251190077,110.6879496875573,2311.615478515625,46.0,0.31031644344329834,5.0,4.0,0.7335841617775212,14.016230583190918,45.0,"{""type"":""Point"",""coordinates"":[110.68740830793067,19.878110227876906]}"
1961,0.0,27.0,107.0,21.31917381286621,97.0,18.922426734313476,108.81496232016809,1824.740234375,48.0,3.3929591178894043,3.0,2.0,0.6076094367678462,12.533435821533203,44.0,"{""type"":""Point"",""coordinates"":[108.81614251736488,18.92182740978778]}"
1962,0.0,23.0,81.0,43.130348205566406,81.0,18.468777515833118,109.85700804974675,2018.012939453125,56.0,7.710196495056152,3.0,1.0,0.623415790809247,11.723383903503418,44.0,"{""type"":""Point"",""coordinates"":[109.8550803422207,18.467833508892454]}"
1963,0.0,17.0,8.0,11.504929542541504,8.0,18.46428593941252,110.07709529435607,1874.7554931640625,59.0,0.9918879866600037,3.0,1.0,0.7238063112547762,13.822793960571289,44.0,"{""type"":""Point"",""coordinates"":[110.07660744498538,18.464129466709025]}"
1964,0.0,25.0,82.0,13.740179061889648,61.0,18.868527817266305,108.85089493153288,2049.3916015625,46.0,1.0889147520065308,4.0,2.0,0.666689524109269,13.686089515686035,45.0,"{""type"":""Point"",""coordinates"":[108.85141297785181,18.866507383893016]}"
1965,0.0,27.0,50.0,13.558531761169434,50.0,19.77133467780643,110.62955919408955,2383.013671875,40.0,0.7006726264953613,6.0,4.0,0.7350725909698439,13.68095588684082,38.0,"{""type"":""Point"",""coordinates"":[110.62746870661486,19.77300263738283]}"
1966,0.0,31.0,14.0,9.083919525146484,14.0,19.955489311050925,110.36006460885369,2467.777587890625,38.0,0.08375000953674316,5.0,4.0,0.770970710151832,15.3974027633667,41.0,"{""type"":""Point"",""coordinates"":[110.35789670757393,19.956967614245958]}"
1967,0.0,28.0,71.0,18.010257720947266,68.0,19.24132866017591,110.35557303243309,2964.2275390625,50.0,0.5303308367729187,4.0,2.0,0.7295648049304468,14.412181854248047,37.0,"{""type"":""Point"",""coordinates"":[110.35705201825535,19.24082434385153]}"
1968,0.0,27.0,80.0,11.85023021697998,68.0,19.838708324115387,110.22531731623576,2412.112548828125,45.0,0.44122087955474854,5.0,4.0,0.7375186954666392,14.309454917907715,33.0,"{""type"":""Point"",""coordinates"":[110.22583683831631,19.839657386126824]}"
1969,0.0,32.0,471.0,45.49143981933594,432.0,18.585558502768656,109.35395149063982,2199.771484375,42.0,8.594249725341797,4.0,1.0,0.5785945917588372,11.347575187683105,46.0,"{""type"":""Point"",""coordinates"":[109.35491900717751,18.58517925328306]}"
1970,0.0,28.0,57.0,13.064167022705078,57.0,18.365471258159374,109.52013981820193,1973.0693359375,48.0,1.2163172960281372,3.0,1.0,0.680394172733102,13.590271949768066,42.0,"{""type"":""Point"",""coordinates"":[109.51824812773947,18.367246946665016]}"
1971,0.0,26.0,99.0,21.778928756713867,58.0,19.66802842013268,109.78065125059658,2563.073974609375,49.0,1.2998415231704712,3.0,3.0,0.7509676663390497,13.49874496459961,33.0,"{""type"":""Point"",""coordinates"":[109.77847919582283,19.66795183896439]}"
1972,0.0,27.0,36.0,10.134284019470215,36.0,19.964472463892122,110.30167411538594,2519.441162109375,44.0,0.1720791757106781,2.0,4.0,0.7590169563239928,14.645851135253906,38.0,"{""type"":""Point"",""coordinates"":[110.30031604307854,19.965024805713938]}"
1973,0.0,26.0,172.0,9.390392303466797,35.0,18.760729983171963,109.25513680938667,1999.565185546875,52.0,0.5943771004676819,4.0,1.0,0.6935792982151866,14.236197471618652,44.0,"{""type"":""Point"",""coordinates"":[109.25297061236044,18.758710594435257]}"
1974,0.0,28.0,56.0,13.448225975036621,40.0,19.672519996553277,110.51277820715399,2582.07080078125,45.0,0.4628946781158447,7.0,3.0,0.7816753955374245,14.280338287353516,33.0,"{""type"":""Point"",""coordinates"":[110.51116714360246,19.673695740355356]}"
1975,0.0,22.0,42.0,21.23223114013672,31.0,19.71294418433866,110.19836785771219,2690.844970703125,52.0,1.09136962890625,2.0,3.0,0.7999943940396786,13.477762222290039,30.0,"{""type"":""Point"",""coordinates"":[110.19620752333597,19.713900526100378]}"
1976,0.0,23.0,144.0,18.267101287841797,96.0,19.474890634046986,109.43030828978999,2501.4287109375,59.0,1.1084320545196533,3.0,3.0,0.6989709838962175,13.630487442016602,34.0,"{""type"":""Point"",""coordinates"":[109.42849858042756,19.476813299072703]}"
1977,0.0,29.0,102.0,20.91292953491211,102.0,19.501840092570568,110.61608446482774,2505.265380859375,39.0,1.585715889930725,3.0,3.0,0.682256178268427,12.841293334960938,37.0,"{""type"":""Point"",""coordinates"":[110.61806039582447,19.50367512386347]}"
1978,0.0,31.0,732.0,48.809349060058594,610.0,19.18742974312874,109.24166208012491,2567.65673828125,40.0,7.258406162261963,8.0,2.0,0.6262720196100104,11.290840148925781,38.0,"{""type"":""Point"",""coordinates"":[109.24376657177413,19.186111932279577]}"
1979,0.0,31.0,654.0,49.5229606628418,649.0,18.43284490446834,109.50666508894017,2014.8121337890625,41.0,14.836226463317871,5.0,1.0,0.5536469385227973,10.632279396057129,43.0,"{""type"":""Point"",""coordinates"":[109.50736020991279,18.43227051587103]}"
1980,0.0,25.0,51.0,13.16540813446045,51.0,19.703961031497464,109.36293464348103,2206.98876953125,49.0,0.7844451069831848,2.0,3.0,0.7421737941354244,14.032500267028809,33.0,"{""type"":""Point"",""coordinates"":[109.36291592518809,19.70526775595749]}"
1981,0.0,25.0,23.0,7.733132362365723,24.0,19.87913251190077,110.71489914608088,2238.98388671875,53.0,0.1348012387752533,4.0,4.0,0.7268365820890552,14.847003936767578,45.0,"{""type"":""Point"",""coordinates"":[110.71679143152265,19.876936772364203]}"
1982,0.0,26.0,300.0,18.417400360107422,288.0,18.62598269055404,108.93623488352426,1978.0338134765625,49.0,2.292574405670166,4.0,1.0,0.5837054476278727,12.801300048828125,49.0,"{""type"":""Point"",""coordinates"":[108.9368278442622,18.62766006383626]}"
1983,0.0,28.0,258.0,95.67506408691406,136.0,19.227853930914115,109.70878602786706,2838.193359375,47.0,11.720376014709473,4.0,2.0,0.6375774536479059,11.184609413146973,37.0,"{""type"":""Point"",""coordinates"":[109.7093906467146,19.228353339146434]}"
1984,0.0,29.0,748.0,40.60468292236328,568.0,18.832595205901526,109.50217351251956,2284.2626953125,46.0,7.879887580871582,5.0,2.0,0.5658574269450868,11.191912651062012,47.0,"{""type"":""Point"",""coordinates"":[109.50193484881518,18.8332765329007]}"
1985,0.0,28.0,427.0,109.83136749267578,289.0,19.205396048811124,109.74471863923185,2838.193359375,48.0,16.912372589111328,5.0,2.0,0.6030316183765722,10.682286262512207,39.0,"{""type"":""Point"",""coordinates"":[109.74684845573525,19.205044400628946]}"
1986,0.0,29.0,79.0,45.29426956176758,68.0,18.926918310734074,110.27921623328291,2566.105712890625,46.0,4.304259777069092,4.0,2.0,0.671597281211535,12.311697006225586,46.0,"{""type"":""Point"",""coordinates"":[110.27744387646112,18.925596861209375]}"
1987,0.0,32.0,778.0,27.164087295532227,559.0,19.039207721249014,109.25513680938667,2247.631591796875,40.0,4.11475133895874,7.0,2.0,0.6066204274625365,11.815923690795898,40.0,"{""type"":""Point"",""coordinates"":[109.25411694099,19.04026257342929]}"
1988,0.0,26.0,49.0,11.12181282043457,47.0,19.82972517127419,109.70878602786706,2212.600830078125,47.0,0.5142197608947754,4.0,4.0,0.7452465184478269,14.456036567687988,34.0,"{""type"":""Point"",""coordinates"":[109.70885380485964,19.831779406945593]}"
1989,0.0,22.0,106.0,26.300954818725586,83.0,19.10208979113738,109.03504956477741,2185.85693359375,57.0,2.858400344848633,2.0,2.0,0.6627677515125168,12.705822944641113,40.0,"{""type"":""Point"",""coordinates"":[109.03296446184413,19.102965010991365]}"
1990,0.0,23.0,172.0,12.588357925415039,134.0,19.066157179772603,110.07709529435607,2750.775634765625,52.0,0.1908886730670929,3.0,2.0,0.6490769360068822,15.372053146362305,46.0,"{""type"":""Point"",""coordinates"":[110.07617581135283,19.066669170744923]}"
1991,0.0,30.0,100.0,18.995235443115234,75.0,18.554117467824476,109.61895449945507,2172.4677734375,42.0,1.7127443552017212,4.0,1.0,0.6504676041256705,13.222159385681152,46.0,"{""type"":""Point"",""coordinates"":[109.61678063468148,18.552634291384685]}"
1992,0.0,23.0,10.0,10.894817352294922,11.0,19.847691476956584,109.52912297104314,1986.0738525390625,51.0,0.7534347176551819,4.0,4.0,0.7820194514205308,14.096656799316406,32.0,"{""type"":""Point"",""coordinates"":[109.52832714799557,19.849714833961254]}"
1993,0.0,23.0,41.0,5.65416955947876,41.0,19.304210730064277,108.80597916732694,1747.285400390625,51.0,0.18249668180942535,3.0,3.0,0.6938660828820521,15.496665000915527,41.0,"{""type"":""Point"",""coordinates"":[108.8060459145154,19.30607607805109]}"
1994,0.0,32.0,236.0,85.36405944824219,119.0,19.277261271540688,109.66836184008167,2769.924560546875,38.0,10.125086784362793,4.0,2.0,0.640721352801294,11.349140167236328,38.0,"{""type"":""Point"",""coordinates"":[109.67031550660406,19.27571912168089]}"
1995,0.0,27.0,414.0,43.53316116333008,260.0,19.084123485454995,109.78514282701718,2516.873291015625,46.0,4.884615898132324,4.0,2.0,0.6379487229062283,11.961225509643555,40.0,"{""type"":""Point"",""coordinates"":[109.78717256486148,19.083519499812468]}"
1996,0.0,27.0,170.0,17.58137321472168,67.0,19.27276969512009,109.75819336849361,2657.0927734375,53.0,0.8389571905136108,4.0,2.0,0.7194536275560638,13.892781257629395,38.0,"{""type"":""Point"",""coordinates"":[109.7599630080344,19.27264745744471]}"
1997,0.0,30.0,35.0,6.59724235534668,36.0,19.86116620621838,109.64590395797865,2020.71337890625,38.0,0.0837235078215599,3.0,4.0,0.7433712573102875,16.279380798339844,35.0,"{""type"":""Point"",""coordinates"":[109.64576624210837,19.862075421057735]}"
1998,0.0,27.0,17.0,7.654197692871094,17.0,19.753368372124037,110.99337688415795,1797.8966064453125,43.0,0.9767343401908875,2.0,4.0,0.6864365541128817,12.46556568145752,49.0,"{""type"":""Point"",""coordinates"":[110.99241131225891,19.75392842907869]}"
1999,0.0,22.0,6.0,3.9942545890808105,7.0,19.147005555343355,108.68021502755016,1430.3846435546875,52.0,0.18215596675872803,2.0,2.0,0.7049826607840372,15.518783569335938,43.0,"{""type"":""Point"",""coordinates"":[108.68111918567807,19.146572758401685]}"
2000,0.0,24.0,23.0,6.318948745727539,25.0,19.703961031497464,110.95744427279317,1798.6541748046875,52.0,0.5039923191070557,3.0,3.0,0.6927621161818929,13.113622665405273,46.0,"{""type"":""Point"",""coordinates"":[110.95551535480134,19.70531079970272]}"
2001,0.0,28.0,277.0,31.763648986816406,268.0,19.24132866017591,110.26574150402115,2969.8359375,48.0,1.7450734376907349,4.0,2.0,0.6663486374718253,13.090119361877441,39.0,"{""type"":""Point"",""coordinates"":[110.26453360159549,19.240289704412007]}"
2002,0.0,31.0,82.0,15.1720609664917,75.0,19.708452607918062,109.58302188809029,2309.78955078125,45.0,0.9877913594245911,4.0,3.0,0.720472750520657,13.783576011657715,33.0,"{""type"":""Point"",""coordinates"":[109.58219126527455,19.70687316449172]}"
2003,0.0,31.0,264.0,32.58356857299805,159.0,18.922426734313476,109.92438169605572,2522.96484375,42.0,2.9014291763305664,4.0,2.0,0.6282473310093554,12.58994197845459,46.0,"{""type"":""Point"",""coordinates"":[109.92568473493307,18.921491730589526]}"
2004,0.0,27.0,267.0,91.92594909667969,202.0,19.254803389437704,110.01421322446765,2883.73291015625,43.0,9.971199035644531,5.0,2.0,0.6340258417239597,11.344114303588867,39.0,"{""type"":""Point"",""coordinates"":[110.01236744111739,19.256929627572426]}"
2005,0.0,32.0,77.0,11.438200950622559,67.0,18.648440572657023,109.85251647332615,2103.035400390625,41.0,0.7480895519256592,5.0,1.0,0.6568477909682927,14.064556121826172,47.0,"{""type"":""Point"",""coordinates"":[109.85180827312526,18.648498836030186]}"
2006,0.0,25.0,87.0,20.437044143676758,49.0,19.54226428035595,109.91090696679396,2689.060791015625,48.0,0.944686233997345,4.0,3.0,0.7481258759863451,13.825203895568848,37.0,"{""type"":""Point"",""coordinates"":[109.91191970235278,19.543630589044778]}"
2007,0.0,27.0,151.0,49.62166976928711,46.0,18.90446042863109,109.97828061310292,2644.976318359375,44.0,4.470451354980469,4.0,2.0,0.6967619706300976,12.229674339294434,45.0,"{""type"":""Point"",""coordinates"":[109.97757486997475,18.90390290385119]}"
2008,0.0,24.0,30.0,7.751524448394775,31.0,19.928539852527344,110.85413801511942,1918.9842529296875,52.0,0.7410534620285034,2.0,4.0,0.6736689253740238,12.711895942687988,50.0,"{""type"":""Point"",""coordinates"":[110.85627124563109,19.927806424890747]}"
2009,0.0,31.0,455.0,66.5128173828125,299.0,18.980817227781245,109.83455016764378,2564.59375,37.0,9.553465843200684,4.0,2.0,0.6039511691095273,11.252388954162598,44.0,"{""type"":""Point"",""coordinates"":[109.83461606381195,18.980832869158892]}"
2010,0.0,27.0,388.0,45.96963882446289,379.0,18.675390031180612,109.9603143074205,2344.185791015625,48.0,6.6053690910339355,4.0,1.0,0.5929926124873361,11.67666244506836,47.0,"{""type"":""Point"",""coordinates"":[109.96135568334401,18.673897094018063]}"
2011,0.0,28.0,6.0,10.709901809692383,8.0,19.6320958087679,110.89456220290481,2070.416748046875,41.0,0.9573751091957092,4.0,3.0,0.7458991459748279,12.91195011138916,42.0,"{""type"":""Point"",""coordinates"":[110.89277963506899,19.632124858370016]}"
2012,0.0,36.0,701.0,75.77642822265625,555.0,19.18742974312874,109.68632814576404,2764.2353515625,37.0,12.98665714263916,5.0,2.0,0.5989344787306545,10.72705364227295,40.0,"{""type"":""Point"",""coordinates"":[109.68506762734684,19.186980264411453]}"
2013,0.0,25.0,15.0,14.90185546875,16.0,19.924048276106745,110.02319637730886,2489.326904296875,45.0,0.671098530292511,2.0,4.0,0.7872738458704353,13.940281867980957,36.0,"{""type"":""Point"",""coordinates"":[110.02439665382461,19.92362168219959]}"
2014,0.0,28.0,96.0,22.468746185302734,96.0,19.793792559909413,110.02768795372947,2577.628173828125,44.0,1.3316537141799927,3.0,4.0,0.7184860818522762,13.476370811462402,31.0,"{""type"":""Point"",""coordinates"":[110.02733364902608,19.794382463459023]}"
2015,0.0,28.0,12.0,14.150420188903809,12.0,18.43284490446834,109.92438169605572,1973.5533447265625,47.0,1.3679858446121216,5.0,1.0,0.7340674344578948,13.498923301696777,42.0,"{""type"":""Point"",""coordinates"":[109.92291728508106,18.433970505103634]}"
2016,0.0,24.0,29.0,11.933688163757324,29.0,19.60514635024431,109.30454415001327,2213.447021484375,54.0,0.6470885276794434,2.0,3.0,0.7556544578850287,14.237863540649414,36.0,"{""type"":""Point"",""coordinates"":[109.30393651284467,19.60552893888091]}"
2017,0.0,27.0,51.0,9.48357105255127,52.0,19.96896404031272,109.64590395797865,1873.9090576171875,48.0,0.8435640931129456,5.0,4.0,0.7100633096503968,13.68403148651123,36.0,"{""type"":""Point"",""coordinates"":[109.64800735735962,19.969540930499754]}"
2018,0.0,25.0,72.0,19.760711669921875,48.0,19.68599472581507,109.91090696679396,2648.017578125,52.0,0.9777738451957703,2.0,3.0,0.7709722522786262,13.7997407913208,32.0,"{""type"":""Point"",""coordinates"":[109.9120883526237,19.68721919984369]}"
2019,0.0,24.0,97.0,26.88884735107422,97.0,18.338521799635792,109.30454415001327,1730.5748291015625,55.0,5.718634605407715,4.0,0.0,0.6183968885776322,12.015310287475586,39.0,"{""type"":""Point"",""coordinates"":[109.30523874469567,18.336487116382308]}"
2020,0.0,25.0,480.0,54.19237518310547,406.0,19.030224568407817,109.14284739887177,2482.21875,50.0,7.688314914703369,5.0,2.0,0.6276292373201992,11.453429222106934,39.0,"{""type"":""Point"",""coordinates"":[109.14465805414133,19.02822217414944]}"
2021,0.0,25.0,14.0,7.656861782073975,14.0,19.52429797467356,109.00360852983323,1808.03857421875,52.0,0.5162250995635986,3.0,3.0,0.7502361024151791,14.472487449645996,36.0,"{""type"":""Point"",""coordinates"":[109.0021655700606,19.52411680288982]}"
2022,0.0,27.0,4.0,14.018592834472656,5.0,19.99142192241571,110.14446894066504,2391.9794921875,40.0,0.6805103421211243,3.0,4.0,0.7906353170810774,13.930113792419434,37.0,"{""type"":""Point"",""coordinates"":[110.14591111823881,19.991727009366258]}"
2024,0.0,29.0,35.0,16.647775650024414,36.0,19.950997734630327,110.09506160003843,2401.746826171875,40.0,1.043585181236267,2.0,4.0,0.7571031761731304,13.483529090881348,36.0,"{""type"":""Point"",""coordinates"":[110.09435718125893,19.95169446625122]}"
2025,0.0,34.0,29.0,24.757917404174805,29.0,19.89260724116256,109.83005859122318,2302.77392578125,39.0,2.3236353397369385,5.0,4.0,0.7652901177363973,12.918082237243652,34.0,"{""type"":""Point"",""coordinates"":[109.82918496738438,19.893336431742945]}"
2026,0.0,24.0,33.0,29.564300537109375,33.0,19.01674983914603,110.39599722021848,2689.599853515625,47.0,1.7566546201705933,4.0,2.0,0.756314958967442,13.23658561706543,39.0,"{""type"":""Point"",""coordinates"":[110.39375303503681,19.016630882254088]}"
2027,0.0,25.0,32.0,16.227170944213867,25.0,19.40751698773802,109.09793163466577,2055.47314453125,49.0,1.479365587234497,3.0,3.0,0.7523383195057669,13.409055709838867,35.0,"{""type"":""Point"",""coordinates"":[109.09751421431866,19.40962563679522]}"
2028,0.0,25.0,39.0,11.458841323852539,42.0,18.899968852210492,110.34658987959187,2329.390625,49.0,0.4300763010978699,4.0,2.0,0.7054281256581322,14.64058780670166,46.0,"{""type"":""Point"",""coordinates"":[110.34630038024106,18.898259060810762]}"
2029,0.0,32.0,500.0,55.30686569213867,456.0,18.581066926348058,109.39886725484581,2199.771484375,38.0,11.7796049118042,6.0,1.0,0.5726841146591461,11.002710342407227,45.0,"{""type"":""Point"",""coordinates"":[109.39811685664938,18.579413993156855]}"
2030,0.0,25.0,12.0,13.970125198364258,14.0,19.200904472390526,110.56667712420119,2587.355712890625,45.0,0.421267569065094,2.0,2.0,0.7698896581446769,14.639446258544922,42.0,"{""type"":""Point"",""coordinates"":[110.56679133796814,19.1987153774652]}"
2031,0.0,21.0,137.0,13.691221237182617,119.0,19.510823245411764,109.41683356052818,2451.638671875,55.0,0.5476715564727783,3.0,3.0,0.6853977478449818,14.339951515197754,36.0,"{""type"":""Point"",""coordinates"":[109.41738524486293,19.510437881142447]}"
2032,0.0,24.0,70.0,20.162067413330078,62.0,19.35361807069085,110.3690477616949,2855.66455078125,51.0,0.7384682297706604,5.0,3.0,0.7227085077920885,14.081672668457031,40.0,"{""type"":""Point"",""coordinates"":[110.3701115066151,19.355840135630878]}"
2033,0.0,22.0,8.0,8.153076171875,8.0,19.71294418433866,109.21471262160128,1952.33984375,52.0,0.3700520694255829,11.0,3.0,0.7768016474889702,14.808846473693848,35.0,"{""type"":""Point"",""coordinates"":[109.21569007075574,19.7119179631465]}"
2034,0.0,28.0,180.0,31.388933181762695,127.0,18.868527817266305,108.93623488352426,2168.96240234375,47.0,4.009086608886719,4.0,2.0,0.622444368415673,12.320718765258789,43.0,"{""type"":""Point"",""coordinates"":[108.9343084316614,18.866631189267967]}"
2035,0.0,27.0,1173.0,43.82817840576172,1003.0,18.980817227781245,109.40785040768702,2422.73974609375,40.0,12.658097267150879,8.0,2.0,0.5645453411192803,10.157360076904297,41.0,"{""type"":""Point"",""coordinates"":[109.40835650530468,18.980730597798942]}"
2036,0.0,24.0,91.0,24.550268173217773,58.0,19.54226428035595,109.98726376594408,2681.51220703125,50.0,1.3498157262802124,4.0,3.0,0.7404090371628965,13.46583366394043,36.0,"{""type"":""Point"",""coordinates"":[109.98901659663352,19.540372304985937]}"
2037,0.0,26.0,35.0,13.629124641418457,26.0,19.60963792666491,110.39599722021848,2579.687255859375,48.0,0.4747535288333893,4.0,3.0,0.7827550765026445,14.271238327026367,36.0,"{""type"":""Point"",""coordinates"":[110.39748708514226,19.610144850001323]}"
2038,0.0,26.0,72.0,35.7680778503418,43.0,19.49285693972937,110.39599722021848,2747.580810546875,46.0,2.388645648956299,3.0,3.0,0.7435610552551212,12.867215156555176,38.0,"{""type"":""Point"",""coordinates"":[110.39419177626392,19.49116126179855]}"
2039,0.0,24.0,11.0,9.211639404296875,11.0,18.311572341112203,109.54259770030495,1771.470703125,48.0,0.8029860258102417,4.0,0.0,0.737851198031822,14.032379150390625,39.0,"{""type"":""Point"",""coordinates"":[109.54373940016237,18.313187556007218]}"
2040,0.0,29.0,117.0,19.42070960998535,87.0,19.560230586038337,110.01870480088826,2724.590576171875,46.0,0.8766639828681946,4.0,3.0,0.713334498966791,13.881763458251953,35.0,"{""type"":""Point"",""coordinates"":[110.01700995347638,19.56112983087892]}"
2041,0.0,31.0,729.0,36.28325653076172,651.0,18.697847913283596,109.53361454746374,2224.65185546875,46.0,7.190948963165283,5.0,1.0,0.5704564241937589,11.303214073181152,46.0,"{""type"":""Point"",""coordinates"":[109.53154808642472,18.69930770371204]}"
2042,0.0,23.0,244.0,43.7589225769043,101.0,19.039207721249014,109.83005859122318,2564.527099609375,53.0,4.225164890289307,3.0,2.0,0.6477770653694398,12.226478576660156,41.0,"{""type"":""Point"",""coordinates"":[109.82818670832215,19.04000453126057]}"
2043,0.0,28.0,565.0,63.77013397216797,466.0,19.12454767324037,109.19225473949831,2578.6181640625,47.0,9.974363327026367,5.0,2.0,0.6250044004731472,11.119804382324219,38.0,"{""type"":""Point"",""coordinates"":[109.19406616720306,19.12255428517823]}"
2044,0.0,24.0,183.0,21.470256805419922,44.0,19.340143341429055,109.52912297104314,2618.505859375,49.0,1.159216046333313,7.0,3.0,0.7492184217208511,13.561125755310059,37.0,"{""type"":""Point"",""coordinates"":[109.5309054847438,19.338012327935363]}"
2045,0.0,28.0,675.0,44.30564498901367,608.0,18.558609044245074,109.45276617189296,2214.372314453125,48.0,9.467363357543945,6.0,1.0,0.5709368778930918,11.075736999511719,45.0,"{""type"":""Point"",""coordinates"":[109.45253254803187,18.559927037434285]}"
2046,0.0,30.0,31.0,8.988091468811035,32.0,19.91506512326555,109.68183656934343,1957.33935546875,42.0,0.5392903089523315,2.0,4.0,0.7506426288011223,14.418944358825684,33.0,"{""type"":""Point"",""coordinates"":[109.68072323246678,19.91393811115087]}"
2047,0.0,22.0,7.0,3.6817753314971924,7.0,18.97183407494005,108.6667402982884,1428.1148681640625,55.0,0.12130933254957199,2.0,2.0,0.6961116150072105,15.924732208251953,45.0,"{""type"":""Point"",""coordinates"":[108.66458636476267,18.97090396059711]}"
2049,0.0,30.0,23.0,9.145546913146973,24.0,20.07676187440706,110.61608446482774,2194.0322265625,45.0,0.6133739948272705,3.0,4.0,0.7262699629809762,12.917196273803711,44.0,"{""type"":""Point"",""coordinates"":[110.61472571781547,20.077897457006447]}"
2050,0.0,24.0,187.0,23.37994956970215,104.0,19.29522757722308,109.79412597985839,2657.0927734375,55.0,1.3957327604293823,4.0,3.0,0.683518695648135,13.372836112976074,37.0,"{""type"":""Point"",""coordinates"":[109.79527375999096,19.295003838830503]}"
2051,0.0,27.0,58.0,10.819169044494629,59.0,19.34912649427025,108.68021502755016,1466.39990234375,46.0,2.1785459518432617,3.0,3.0,0.6538462410521522,12.913804054260254,40.0,"{""type"":""Point"",""coordinates"":[108.67850051780653,19.350545757635686]}"
2052,0.0,26.0,30.0,10.690380096435547,30.0,18.52267643288029,109.96929746026171,1981.320068359375,51.0,0.7946891188621521,2.0,1.0,0.7000646404150105,14.031793594360352,45.0,"{""type"":""Point"",""coordinates"":[109.97103005177279,18.52443912332223]}"
2053,0.0,23.0,109.0,20.85646629333496,68.0,19.416500140579217,110.18938470487097,2893.05224609375,53.0,0.7649962902069092,4.0,3.0,0.7260072141839385,14.022915840148926,37.0,"{""type"":""Point"",""coordinates"":[110.19112424373279,19.414277281388127]}"
2054,0.0,30.0,165.0,73.7169418334961,111.0,19.38505910563503,110.14446894066504,2897.550537109375,42.0,6.741719722747803,5.0,3.0,0.656787051051298,11.807467460632324,38.0,"{""type"":""Point"",""coordinates"":[110.14664927622147,19.38713922070886]}"
2055,0.0,24.0,127.0,16.665979385375977,94.0,19.420991716999815,109.24615365654546,2333.505615234375,57.0,1.1611114740371704,3.0,3.0,0.7009915887725877,13.594560623168945,32.0,"{""type"":""Point"",""coordinates"":[109.24777771979478,19.419781602152984]}"
2056,0.0,26.0,40.0,13.483186721801758,40.0,19.928539852527344,110.33760672675072,2543.720458984375,42.0,0.5393279194831848,3.0,4.0,0.741580731794815,13.727469444274902,41.0,"{""type"":""Point"",""coordinates"":[110.33682989869504,19.929223006424607]}"
2057,0.0,23.0,11.0,5.658090114593506,10.0,18.441828057309536,108.91826857784184,1608.4014892578125,53.0,0.3647823929786682,2.0,1.0,0.7248420394387703,14.821467399597168,40.0,"{""type"":""Point"",""coordinates"":[108.91970621459743,18.44380560135385]}"
2058,0.0,23.0,192.0,20.426027297973633,95.0,19.21887077807292,109.84802489690554,2768.3896484375,55.0,0.9123567342758179,3.0,2.0,0.6854303723492046,13.794893264770508,38.0,"{""type"":""Point"",""coordinates"":[109.8491046525418,19.22031888552369]}"
2059,0.0,29.0,511.0,59.9554443359375,326.0,19.01225826272543,109.43030828978999,2463.69873046875,40.0,9.372471809387207,6.0,2.0,0.6109852023413264,11.22773265838623,41.0,"{""type"":""Point"",""coordinates"":[109.43070418973994,19.0117492680697]}"
2060,0.0,22.0,30.0,11.264100074768066,30.0,19.10658136755798,108.7116560624944,1649.794921875,52.0,1.4959509372711182,2.0,2.0,0.6910744483767718,13.399064064025879,42.0,"{""type"":""Point"",""coordinates"":[108.71212028562402,19.106664984210774]}"
2062,0.0,23.0,21.0,15.432828903198242,24.0,18.917935157892877,110.40947194948029,2358.38232421875,50.0,0.8209140300750732,3.0,2.0,0.7390733098464609,14.004534721374512,43.0,"{""type"":""Point"",""coordinates"":[110.41023367550481,18.91907377729772]}"
2063,0.0,24.0,48.0,28.84581184387207,35.0,19.178446590287543,108.97216749488905,2490.10595703125,49.0,2.1519925594329834,6.0,2.0,0.7337148955682493,13.024681091308594,42.0,"{""type"":""Point"",""coordinates"":[108.97201500712993,19.179916333323398]}"
2064,0.0,27.0,230.0,20.05347442626953,208.0,18.890985699369296,110.19387628129158,2438.314697265625,50.0,1.4163708686828613,3.0,2.0,0.6308313246991254,13.330290794372559,46.0,"{""type"":""Point"",""coordinates"":[110.19568152616908,18.892181864683447]}"
2065,0.0,24.0,74.0,22.35511016845703,44.0,19.74438521928284,109.69531129860525,2467.998291015625,50.0,1.4745601415634155,5.0,4.0,0.7586751576016514,13.387589454650879,34.0,"{""type"":""Point"",""coordinates"":[109.69496648423755,19.746368700186814]}"
2066,0.0,24.0,230.0,18.98434829711914,124.0,19.164971861025748,109.86599120258796,2692.3076171875,52.0,0.8610867857933044,4.0,2.0,0.6698279551246746,13.82807731628418,40.0,"{""type"":""Point"",""coordinates"":[109.86410121561741,19.165283844538834]}"
2067,0.0,28.0,70.0,15.429993629455566,63.0,19.730910490021046,110.62506761766895,2455.90869140625,46.0,0.9347795248031616,6.0,3.0,0.7273437943791493,13.400102615356445,37.0,"{""type"":""Point"",""coordinates"":[110.62446469837293,19.732014003334328]}"
2068,0.0,30.0,107.0,31.448659896850586,83.0,19.003275109884235,110.2073510105534,2726.271728515625,38.0,1.9640198945999146,3.0,2.0,0.6678533353228129,13.080923080444336,45.0,"{""type"":""Point"",""coordinates"":[110.20835858267347,19.003410545481742]}"
2069,0.0,25.0,58.0,24.061553955078125,38.0,19.659045267291482,110.02768795372947,2619.198974609375,48.0,1.3884403705596924,4.0,3.0,0.7780148635417138,13.457283020019531,33.0,"{""type"":""Point"",""coordinates"":[110.02569998787149,19.65714628036007]}"
2070,0.0,33.0,283.0,60.8470344543457,166.0,19.313193882905473,109.66387026366107,2709.17333984375,39.0,6.568488597869873,9.0,3.0,0.6601982174818368,11.756470680236816,37.0,"{""type"":""Point"",""coordinates"":[109.661862317353,19.31342435311636]}"
2071,0.0,31.0,533.0,73.78985595703125,473.0,18.563100620665672,109.54259770030495,2301.254638671875,42.0,17.62561798095703,5.0,1.0,0.548739902864467,10.554985046386719,47.0,"{""type"":""Point"",""coordinates"":[109.54447875349464,18.562185325650773]}"
2072,0.0,25.0,100.0,14.380707740783691,67.0,19.564722162458935,110.03667110657068,2724.590576171875,46.0,0.34949731826782227,5.0,3.0,0.7442129358370948,14.811800956726074,34.0,"{""type"":""Point"",""coordinates"":[110.03766924244485,19.56414918255569]}"
2073,0.0,24.0,199.0,10.8861665725708,93.0,18.65742372549822,109.25513680938667,2066.3583984375,49.0,0.6698805093765259,4.0,1.0,0.6266279575851071,14.099366188049316,45.0,"{""type"":""Point"",""coordinates"":[109.25706162432488,18.657803222001633]}"
2074,0.0,30.0,288.0,79.17542266845703,266.0,18.980817227781245,110.24328362191818,2783.8994140625,39.0,8.906595230102539,4.0,2.0,0.6107842389763514,11.444847106933594,45.0,"{""type"":""Point"",""coordinates"":[110.24290103915328,18.979019331167947]}"
2075,0.0,30.0,402.0,77.4708251953125,273.0,18.837086782322125,109.17878001023655,2295.6748046875,43.0,17.057273864746094,5.0,2.0,0.5659561091433402,10.691926002502441,45.0,"{""type"":""Point"",""coordinates"":[109.1773458707473,18.837370358591283]}"
2076,0.0,23.0,107.0,19.512544631958008,69.0,19.515314821832362,109.88395750827033,2661.990234375,53.0,0.9089560508728027,4.0,3.0,0.7249627527197491,13.851682662963867,37.0,"{""type"":""Point"",""coordinates"":[109.88429994648358,19.514122062223468]}"
2077,0.0,24.0,170.0,21.305999755859375,146.0,19.254803389437704,110.17141839918861,2854.202880859375,52.0,0.8688706755638123,4.0,2.0,0.686329850377951,13.857741355895996,37.0,"{""type"":""Point"",""coordinates"":[110.17059187292759,19.256024992888445]}"
2078,0.0,20.0,77.0,19.39280128479004,57.0,19.66353684371208,110.0052300716265,2619.198974609375,54.0,0.8877653479576111,2.0,3.0,0.7520787222966461,13.893348693847656,34.0,"{""type"":""Point"",""coordinates"":[110.00346567722828,19.662240371471498]}"
2079,0.0,27.0,258.0,18.097158432006836,167.0,19.15598870818455,109.91090696679396,2711.900634765625,43.0,0.7268742322921753,4.0,2.0,0.6641836580911158,13.978972434997559,41.0,"{""type"":""Point"",""coordinates"":[109.91237453355207,19.1561255582726]}"
2080,0.0,23.0,38.0,14.94493579864502,38.0,18.325047070373998,109.385392525584,1734.925537109375,55.0,2.1749792098999023,3.0,0.0,0.7074150991283144,13.0198974609375,37.0,"{""type"":""Point"",""coordinates"":[109.38692275923826,18.32354925854361]}"
2081,0.0,40.0,619.0,37.55963897705078,609.0,18.446319633730134,109.52463139462253,2014.8121337890625,32.0,9.526854515075684,6.0,1.0,0.5767606957055899,11.12004566192627,42.0,"{""type"":""Point"",""coordinates"":[109.52526642086198,18.44496795663902]}"
2082,0.0,30.0,266.0,42.051055908203125,88.0,19.18742974312874,109.51115666536077,2535.598876953125,41.0,4.193881511688232,4.0,2.0,0.6724975255919102,12.219240188598633,38.0,"{""type"":""Point"",""coordinates"":[109.50994563301062,19.18557936600905]}"
2083,0.0,28.0,570.0,19.389442443847656,446.0,18.76522155959256,109.01708325909499,2110.38330078125,49.0,2.4443631172180176,8.0,1.0,0.6086917733962292,12.531383514404297,42.0,"{""type"":""Point"",""coordinates"":[109.01525439875007,18.76563955951693]}"
2084,0.0,25.0,34.0,14.141338348388672,30.0,19.093106638296184,110.35557303243309,2773.377685546875,47.0,0.29291707277297974,4.0,2.0,0.7621836110562088,15.02758502960205,40.0,"{""type"":""Point"",""coordinates"":[110.35598091344788,19.095215913132947]}"
2085,0.0,32.0,33.0,5.017618179321289,34.0,19.816250442012404,109.25513680938667,1704.720947265625,35.0,0.11471964418888092,3.0,4.0,0.7353746112048156,15.965572357177734,33.0,"{""type"":""Point"",""coordinates"":[109.25328800123928,19.81643779972535]}"
2086,0.0,23.0,26.0,9.673903465270996,27.0,19.83421674769479,110.69244126397791,2288.14697265625,54.0,0.4015127122402191,3.0,4.0,0.746744464412362,13.750995635986328,40.0,"{""type"":""Point"",""coordinates"":[110.69377857928252,19.832380714849545]}"
2087,0.0,24.0,99.0,24.484825134277344,67.0,19.178446590287543,110.09506160003843,2791.02294921875,48.0,1.1594088077545166,4.0,2.0,0.7081776715395309,13.613112449645996,41.0,"{""type"":""Point"",""coordinates"":[110.0962804692948,19.178691206270486]}"
2088,0.0,25.0,354.0,25.388675689697266,163.0,19.034716144828415,109.70878602786706,2481.734375,51.0,2.051159143447876,3.0,2.0,0.6497709081811972,12.874777793884277,40.0,"{""type"":""Point"",""coordinates"":[109.71050913463847,19.033304432878086]}"
2089,0.0,26.0,262.0,75.60142517089844,240.0,18.805645747377937,110.13099421140322,2440.728515625,49.0,12.15503978729248,4.0,1.0,0.590886536870192,11.144437789916992,46.0,"{""type"":""Point"",""coordinates"":[110.13229214975979,18.805347035420393]}"
2090,0.0,22.0,78.0,9.798707962036133,74.0,19.34912649427025,108.96318434204784,2255.133544921875,58.0,0.33987367153167725,2.0,3.0,0.6842137791305954,14.85295295715332,41.0,"{""type"":""Point"",""coordinates"":[108.96486806020133,19.349633315031603]}"
2091,0.0,29.0,1435.0,24.810640335083008,1240.0,19.034716144828415,109.51115666536077,2519.6494140625,39.0,6.889952182769775,9.0,2.0,0.5735637650323215,10.174813270568848,41.0,"{""type"":""Point"",""coordinates"":[109.51337189746165,19.0345284245991]}"
2092,0.0,27.0,33.0,5.407556056976318,33.0,19.838708324115387,110.91252850858717,1853.2218017578125,49.0,0.12195760011672974,2.0,4.0,0.6736960646939956,14.509331703186035,49.0,"{""type"":""Point"",""coordinates"":[110.91448473794223,19.839908045306938]}"
2093,0.0,21.0,39.0,12.300108909606934,39.0,19.681503149394473,109.38090094916339,2212.09814453125,57.0,0.6693578362464905,2.0,3.0,0.7659286038501848,14.19820499420166,31.0,"{""type"":""Point"",""coordinates"":[109.37906964506507,19.681394379299373]}"
2094,0.0,31.0,349.0,27.521800994873047,171.0,19.169463437446346,109.52463139462253,2535.598876953125,36.0,2.1319222450256348,5.0,2.0,0.6719903459848636,12.839694023132324,36.0,"{""type"":""Point"",""coordinates"":[109.52629092657999,19.170801618151003]}"
2095,0.0,25.0,30.0,15.482399940490723,30.0,19.38505910563503,110.61608446482774,2514.052001953125,47.0,0.728808581829071,7.0,3.0,0.7668619098058491,13.846409797668457,38.0,"{""type"":""Point"",""coordinates"":[110.61711277985006,19.38587827039496]}"
2096,0.0,23.0,118.0,13.438637733459473,80.0,19.0706487561932,109.04403271761862,2169.21875,55.0,0.9185059666633606,2.0,2.0,0.6719814440905115,13.834519386291504,40.0,"{""type"":""Point"",""coordinates"":[109.04202812589648,19.071824721985678]}"
2097,0.0,33.0,1107.0,22.961177825927734,978.0,18.895477275789894,109.19225473949831,2323.998046875,40.0,3.908883571624756,10.0,2.0,0.5724680551781804,11.455257415771484,45.0,"{""type"":""Point"",""coordinates"":[109.19183382032743,18.89651146130285]}"
2098,0.0,28.0,287.0,29.856277465820312,70.0,19.025732991987226,109.63692080513749,2517.611083984375,45.0,2.495054006576538,4.0,2.0,0.6836621158329854,12.725480079650879,41.0,"{""type"":""Point"",""coordinates"":[109.6376244427417,19.02389114902508]}"
2099,0.0,29.0,36.0,9.964424133300781,36.0,19.964472463892122,110.29269096254473,2526.0966796875,44.0,0.1720791757106781,2.0,4.0,0.759465526014936,14.645851135253906,38.0,"{""type"":""Point"",""coordinates"":[110.2918611574849,19.963981492404006]}"
2100,0.0,28.0,657.0,51.57279586791992,590.0,18.643948996236425,109.385392525584,2238.749755859375,50.0,12.056248664855957,7.0,1.0,0.5662862872184857,10.84482479095459,45.0,"{""type"":""Point"",""coordinates"":[109.38350523234405,18.642824337736155]}"
2101,0.0,26.0,90.0,15.255602836608887,70.0,19.614129503085508,110.06362056509425,2616.7314453125,46.0,0.5384576916694641,4.0,3.0,0.7400951556656453,14.385605812072754,34.0,"{""type"":""Point"",""coordinates"":[110.06224705462995,19.611942955638945]}"
2102,0.0,27.0,239.0,48.891883850097656,213.0,18.967342498519457,110.19387628129158,2657.48486328125,49.0,4.718822479248047,3.0,2.0,0.6301380436458708,12.1188383102417,45.0,"{""type"":""Point"",""coordinates"":[110.19346727401722,18.96753201582922]}"
2103,0.0,20.0,11.0,12.120209693908691,11.0,19.66353684371208,109.32251045569564,2093.907958984375,55.0,0.755520761013031,2.0,3.0,0.7690774228795738,14.093317031860352,36.0,"{""type"":""Point"",""coordinates"":[109.3211621990128,19.66397121743814]}"
2104,0.0,29.0,447.0,65.89200592041016,293.0,18.985308804201843,109.84802489690554,2564.59375,42.0,9.433650970458984,4.0,2.0,0.6137676823844783,11.271392822265625,42.0,"{""type"":""Point"",""coordinates"":[109.84934679992041,18.985483388497425]}"
2105,0.0,26.0,62.0,14.109192848205566,63.0,19.88811566474196,110.13099421140322,2491.92822265625,44.0,0.5949766635894775,2.0,4.0,0.7415639472120295,14.024624824523926,34.0,"{""type"":""Point"",""coordinates"":[110.13086542831373,19.88875339204574]}"
2106,0.0,29.0,507.0,46.35468292236328,331.0,18.76971313601316,109.4347998662106,2348.001220703125,49.0,7.668933391571045,6.0,1.0,0.5935411725329102,11.434528350830078,45.0,"{""type"":""Point"",""coordinates"":[109.43492440312968,18.770841916277032]}"
2107,0.0,26.0,119.0,31.629186630249023,100.0,19.55573900961774,109.49768193609896,2574.75048828125,52.0,2.4947993755340576,4.0,3.0,0.6949440331973391,12.834145545959473,34.0,"{""type"":""Point"",""coordinates"":[109.4977083954545,19.556977915634874]}"
2108,0.0,21.0,58.0,12.086638450622559,24.0,19.726418913600448,109.8031091326996,2673.595703125,52.0,0.1720791757106781,3.0,3.0,0.7896052428747061,15.54545783996582,35.0,"{""type"":""Point"",""coordinates"":[109.80246983688563,19.724532953450062]}"
2109,0.0,28.0,199.0,44.945709228515625,125.0,19.35361807069085,110.0052300716265,2876.065185546875,45.0,3.1767780780792236,5.0,3.0,0.6698842173674254,12.541862487792969,38.0,"{""type"":""Point"",""coordinates"":[110.00671559566747,19.35406281022198]}"
2110,0.0,23.0,123.0,24.493635177612305,68.0,19.4389580226822,110.03667110657068,2827.487548828125,53.0,1.1569832563400269,4.0,3.0,0.7189224433688899,13.600582122802734,38.0,"{""type"":""Point"",""coordinates"":[110.03512188020625,19.44011412666627]}"
2111,0.0,29.0,10.0,9.181570053100586,11.0,19.89260724116256,109.57403873524913,1938.7442626953125,42.0,0.5768138766288757,2.0,4.0,0.7650998823039136,14.363802909851074,35.0,"{""type"":""Point"",""coordinates"":[109.57256607297916,19.89324745727948]}"
2112,0.0,28.0,79.0,22.777795791625977,79.0,19.789300983488815,109.99175534236468,2564.251220703125,46.0,1.4091088771820068,4.0,4.0,0.7336349939760385,13.43002700805664,32.0,"{""type"":""Point"",""coordinates"":[109.99088734287133,19.78796979901151]}"
2113,0.0,23.0,81.0,43.130348205566406,81.0,18.468777515833118,109.85700804974675,2018.012939453125,56.0,7.710196495056152,3.0,1.0,0.623415790809247,11.723383903503418,44.0,"{""type"":""Point"",""coordinates"":[109.85909569318396,18.46777225614903]}"
2114,0.0,26.0,45.0,22.01751708984375,24.0,19.569213738879533,110.14896051708558,2713.58056640625,46.0,1.0483888387680054,6.0,3.0,0.7927037894285626,13.745938301086426,34.0,"{""type"":""Point"",""coordinates"":[110.1496220973831,19.568399923761515]}"
2115,0.0,25.0,86.0,82.85083770751953,76.0,18.80115417095734,110.21184258697394,2413.697998046875,50.0,12.881752967834473,5.0,1.0,0.6151953622968955,11.19612979888916,48.0,"{""type"":""Point"",""coordinates"":[110.21103404756175,18.802239382849883]}"
2116,0.0,25.0,84.0,74.37467956542969,54.0,19.10208979113738,110.10404475287964,2760.662841796875,48.0,7.259789943695068,5.0,2.0,0.6803617004192435,11.782469749450684,45.0,"{""type"":""Point"",""coordinates"":[110.10282580334568,19.102737393659424]}"
2117,0.0,24.0,23.0,12.26319408416748,26.0,18.908952005051688,110.42294667874205,2358.38232421875,47.0,0.4628574550151825,3.0,2.0,0.7383160844258297,14.563033103942871,43.0,"{""type"":""Point"",""coordinates"":[110.42084660922713,18.908763474542127]}"
2118,0.0,27.0,239.0,25.467084884643555,123.0,19.138022402502166,109.85700804974675,2606.7919921875,51.0,1.7786215543746948,3.0,2.0,0.655936643775951,13.096501350402832,42.0,"{""type"":""Point"",""coordinates"":[109.85493629636069,19.139970904487964]}"
2119,0.0,23.0,63.0,21.845977783203125,49.0,19.681503149394473,110.13099421140322,2663.0341796875,53.0,1.1201428174972534,2.0,3.0,0.774046220073481,13.669120788574219,31.0,"{""type"":""Point"",""coordinates"":[110.12949053583588,19.679799030683615]}"
2120,0.0,26.0,149.0,28.072093963623047,128.0,19.29522757722308,110.23879204549758,2895.6337890625,43.0,1.3314565420150757,4.0,3.0,0.6849803826517926,13.443990707397461,37.0,"{""type"":""Point"",""coordinates"":[110.23866649781881,19.29589611555938]}"
2121,0.0,30.0,1060.0,47.86807632446289,1006.0,19.0751403326138,109.11140636392759,2546.9794921875,48.0,11.912880897521973,8.0,2.0,0.5890209366934145,10.39822006225586,39.0,"{""type"":""Point"",""coordinates"":[109.11085596917525,19.074924076182427]}"
2122,0.0,26.0,140.0,65.364013671875,143.0,18.257673424065032,109.66387026366107,1986.7235107421875,51.0,16.349712371826172,5.0,0.0,0.5852731190809474,10.914161682128906,41.0,"{""type"":""Point"",""coordinates"":[109.66443120967901,18.257652905711737]}"
2123,0.0,27.0,470.0,32.34634780883789,462.0,18.513693280039092,109.22369577444249,2119.140869140625,52.0,5.497373104095459,5.0,1.0,0.5938764850374297,11.799643516540527,44.0,"{""type"":""Point"",""coordinates"":[109.22312063917926,18.51356416386434]}"
2124,0.0,29.0,148.0,20.64780044555664,145.0,18.423861751627143,109.25513680938667,1821.2890625,52.0,3.6252870559692383,4.0,1.0,0.6062929326158689,12.441798210144043,43.0,"{""type"":""Point"",""coordinates"":[109.25626676742111,18.422721519056534]}"
2125,0.0,30.0,273.0,41.0471305847168,211.0,19.084123485454995,109.93336484889693,2595.52880859375,44.0,3.8991944789886475,4.0,2.0,0.6411599677841977,12.287617683410645,43.0,"{""type"":""Point"",""coordinates"":[109.93447421610027,19.0836429522833]}"
2126,0.0,30.0,285.0,33.98994827270508,285.0,18.325047070373998,109.36742621990163,1734.925537109375,48.0,9.628003120422363,4.0,0.0,0.6013852837848017,11.367635726928711,37.0,"{""type"":""Point"",""coordinates"":[109.36617093604472,18.325824360345706]}"
2127,0.0,32.0,17.0,9.29446792602539,18.0,19.72192733717985,110.76879806312809,2330.78369140625,39.0,0.29335615038871765,7.0,3.0,0.7632462582643805,14.078460693359375,40.0,"{""type"":""Point"",""coordinates"":[110.76785798137983,19.719834588054336]}"
2128,0.0,29.0,586.0,58.912689208984375,519.0,18.65742372549822,109.38090094916339,2247.23046875,48.0,13.956355094909668,5.0,1.0,0.5678327582519016,10.756155014038086,44.0,"{""type"":""Point"",""coordinates"":[109.38036806572411,18.658934048277466]}"
2129,0.0,32.0,19.0,8.341377258300781,20.0,19.93752300536854,109.58751346451089,1870.0379638671875,40.0,0.5609893202781677,3.0,4.0,0.7557141659490989,14.386443138122559,34.0,"{""type"":""Point"",""coordinates"":[109.58774659741384,19.93836987965479]}"
2130,0.0,28.0,61.0,18.294395446777344,53.0,19.753368372124037,110.5262529364158,2490.869140625,42.0,1.2200886011123657,5.0,4.0,0.7524201094119665,13.141993522644043,34.0,"{""type"":""Point"",""coordinates"":[110.52629896740969,19.751726148906535]}"
2131,0.0,28.0,215.0,37.84659194946289,172.0,18.581066926348058,109.12038951676874,2015.5345458984375,50.0,6.997348785400391,5.0,1.0,0.5805180796945089,11.737879753112793,48.0,"{""type"":""Point"",""coordinates"":[109.11998796236519,18.579804662326055]}"
2132,0.0,22.0,64.0,18.0893497467041,39.0,19.726418913600448,109.87497435542917,2655.966796875,54.0,0.7615687251091003,2.0,3.0,0.7690379996368294,14.054428100585938,35.0,"{""type"":""Point"",""coordinates"":[109.87375623571504,19.72787858244694]}"
2133,0.0,29.0,326.0,87.27490234375,329.0,18.98980038062244,110.40947194948029,2622.0673828125,45.0,13.294233322143555,6.0,2.0,0.6195087041503025,11.007935523986816,40.0,"{""type"":""Point"",""coordinates"":[110.41116965907878,18.990376002099882]}"
2134,0.0,26.0,1123.0,37.917152404785156,1022.0,18.810137323798536,109.60997134661392,2360.517822265625,48.0,9.958580017089844,6.0,1.0,0.5436217880398817,10.486367225646973,47.0,"{""type"":""Point"",""coordinates"":[109.61149151977861,18.81214362352653]}"
2135,0.0,29.0,296.0,17.931659698486328,291.0,18.54513431498328,109.83455016764378,2166.52001953125,43.0,1.6580640077590942,5.0,1.0,0.6068915691246833,13.12833023071289,47.0,"{""type"":""Point"",""coordinates"":[109.83444232839322,18.54621042685567]}"
2136,0.0,30.0,462.0,14.847051620483398,439.0,18.814628900219134,108.8733528136359,2190.21240234375,47.0,1.292292594909668,7.0,1.0,0.6278439152363509,13.256622314453125,41.0,"{""type"":""Point"",""coordinates"":[108.87455616402427,18.81346771211067]}"
2137,0.0,26.0,177.0,30.772438049316406,111.0,19.4389580226822,109.51115666536077,2622.5146484375,53.0,2.3461174964904785,4.0,3.0,0.6979243533759512,12.859501838684082,33.0,"{""type"":""Point"",""coordinates"":[109.5121082688124,19.440012232733903]}"
2138,0.0,25.0,90.0,13.976720809936523,93.0,18.648440572657023,108.8239454730093,1809.532958984375,51.0,1.7497459650039673,4.0,1.0,0.6141498126046616,13.206807136535645,45.0,"{""type"":""Point"",""coordinates"":[108.8238814659975,18.647115891042414]}"
2139,0.0,27.0,22.0,20.244060516357422,24.0,19.66353684371208,110.75083175744567,2313.453369140625,46.0,1.9519416093826294,5.0,3.0,0.760524509041595,12.68193531036377,37.0,"{""type"":""Point"",""coordinates"":[110.75078894070847,19.66152177729373]}"
2140,0.0,24.0,15.0,9.978693008422852,15.0,18.37894598742117,109.0709821761422,1671.2060546875,51.0,1.1921205520629883,2.0,1.0,0.71991345114403,13.634848594665527,40.0,"{""type"":""Point"",""coordinates"":[109.07311981721199,18.38105750149537]}"
2141,0.0,29.0,100.0,13.264634132385254,75.0,19.66353684371208,109.5920050409315,2350.16064453125,47.0,0.67948979139328,3.0,3.0,0.7222980521588869,14.146920204162598,33.0,"{""type"":""Point"",""coordinates"":[109.59293546500822,19.661677706342083]}"
2142,0.0,22.0,36.0,20.11767578125,27.0,19.677011572973875,110.22082573981515,2679.3779296875,53.0,0.9196988940238953,2.0,3.0,0.7965918771203495,13.84417724609375,32.0,"{""type"":""Point"",""coordinates"":[110.22229809695274,19.67786368022008]}"
2143,0.0,23.0,77.0,14.711645126342773,67.0,19.281752847961286,108.96767591846844,2329.22705078125,56.0,0.8584142327308655,2.0,3.0,0.7031437411547754,13.926974296569824,39.0,"{""type"":""Point"",""coordinates"":[108.968502158974,19.28216460093409]}"
2145,0.0,24.0,67.0,7.746043682098389,62.0,18.48674382151551,109.66387026366107,2093.80322265625,51.0,0.19029276072978973,3.0,1.0,0.6720559135207027,15.439520835876465,45.0,"{""type"":""Point"",""coordinates"":[109.6636435855845,18.48752582178287]}"
2146,0.0,33.0,566.0,100.76547241210938,397.0,19.138022402502166,109.66836184008167,2646.282958984375,38.0,20.178810119628906,6.0,2.0,0.58469703350283,10.381935119628906,40.0,"{""type"":""Point"",""coordinates"":[109.66764243892372,19.139073908051028]}"
2147,0.0,22.0,128.0,14.468867301940918,88.0,19.501840092570568,109.88395750827033,2661.990234375,53.0,0.41955065727233887,4.0,3.0,0.7004401265780523,14.61201286315918,38.0,"{""type"":""Point"",""coordinates"":[109.88417945934712,19.499998159669573]}"
2148,0.0,26.0,28.0,16.960926055908203,28.0,19.26827811869949,110.5711687006218,2601.642333984375,43.0,0.7286781072616577,5.0,2.0,0.7549255271938509,13.96369457244873,42.0,"{""type"":""Point"",""coordinates"":[110.56987463134483,19.26784052302973]}"
2149,0.0,27.0,327.0,78.82315826416016,164.0,19.12454767324037,109.76268494491421,2708.51123046875,44.0,9.756985664367676,4.0,2.0,0.6285776041348227,11.325023651123047,40.0,"{""type"":""Point"",""coordinates"":[109.7622750321648,19.123415805003305]}"
2150,0.0,29.0,81.0,47.75343322753906,81.0,18.697847913283596,110.21184258697394,2200.1025390625,46.0,7.166032314300537,5.0,1.0,0.6320091948468697,11.797404289245605,45.0,"{""type"":""Point"",""coordinates"":[110.21188644548974,18.696796132700005]}"
2151,0.0,30.0,280.0,28.561738967895508,213.0,18.536151162142083,109.46174932473417,2259.946044921875,42.0,3.1781117916107178,5.0,1.0,0.6164197092737801,12.487875938415527,45.0,"{""type"":""Point"",""coordinates"":[109.4618586027435,18.53548351435695]}"
2152,0.0,23.0,37.0,18.130290985107422,28.0,19.6320958087679,110.34658987959187,2650.8330078125,54.0,0.8876270055770874,4.0,3.0,0.7885324612875115,13.64389419555664,34.0,"{""type"":""Point"",""coordinates"":[110.34741358591216,19.630308241445036]}"
2153,0.0,24.0,51.0,29.353193283081055,54.0,18.401403869524152,109.70878602786706,1949.139404296875,56.0,4.6856184005737305,3.0,1.0,0.6704347651844711,12.243053436279297,42.0,"{""type"":""Point"",""coordinates"":[109.71031888980548,18.403613066412913]}"
2154,0.0,26.0,76.0,8.282610893249512,71.0,18.93590146357527,108.79250443806512,1632.623046875,48.0,0.9256570935249329,2.0,2.0,0.6303567515684699,13.852141380310059,45.0,"{""type"":""Point"",""coordinates"":[108.79029784081553,18.934384463947737]}"
2155,0.0,24.0,22.0,10.373555183410645,22.0,20.004896651677498,110.30167411538594,2384.69140625,48.0,0.3402756154537201,2.0,4.0,0.766650341076387,13.984156608581543,38.0,"{""type"":""Point"",""coordinates"":[110.30199745993137,20.00411351130978]}"
2156,0.0,28.0,379.0,29.315898895263672,166.0,18.95835934567826,109.6414123815581,2397.508544921875,45.0,2.909255266189575,5.0,2.0,0.6281852472460815,12.506808280944824,43.0,"{""type"":""Point"",""coordinates"":[109.64163284853123,18.959032521352068]}"
2157,0.0,24.0,15.0,11.216180801391602,16.0,19.488365363308773,110.74184860460451,2374.67138671875,51.0,0.42151471972465515,4.0,3.0,0.7742242298302294,14.24643611907959,38.0,"{""type"":""Point"",""coordinates"":[110.74372495077381,19.49047031443472]}"
2158,0.0,26.0,562.0,56.968284606933594,424.0,19.196412895969935,109.72226075712882,2790.97412109375,49.0,6.316928386688232,5.0,2.0,0.6281627800512454,11.585224151611328,40.0,"{""type"":""Point"",""coordinates"":[109.72204522398181,19.19565190151705]}"
2159,0.0,24.0,81.0,11.4766206741333,43.0,19.694977878656267,109.65039553439925,2493.26318359375,52.0,0.2933369576931,4.0,3.0,0.7743959209834731,14.998414039611816,32.0,"{""type"":""Point"",""coordinates"":[109.64832891374643,19.69331513928645]}"
2160,0.0,28.0,1037.0,30.60323143005371,1004.0,18.720305795386587,108.90479384858008,2107.58642578125,47.0,8.635383605957031,7.0,1.0,0.5433950305536122,10.759613990783691,46.0,"{""type"":""Point"",""coordinates"":[108.90460129610008,18.7217219875251]}"
2161,0.0,24.0,12.0,8.710673332214355,12.0,19.6320958087679,109.30005257359267,2213.447021484375,52.0,0.21573026478290558,2.0,3.0,0.7773740369992781,15.346174240112305,36.0,"{""type"":""Point"",""coordinates"":[109.30069024830699,19.63101727984509]}"
2162,0.0,30.0,264.0,30.82748794555664,267.0,18.194791354176665,109.5920050409315,1588.9339599609375,46.0,10.18286418914795,4.0,0.0,0.579669165089986,11.324687004089355,40.0,"{""type"":""Point"",""coordinates"":[109.5942220960466,18.19523189372928]}"
2163,0.0,28.0,928.0,31.33330535888672,912.0,18.751746830330767,108.85538650795348,2087.0927734375,47.0,7.987120628356934,7.0,1.0,0.5502967988063725,10.980645179748535,46.0,"{""type"":""Point"",""coordinates"":[108.85314210479488,18.751689222628436]}"
2164,0.0,26.0,714.0,53.09989547729492,558.0,18.74725525391017,109.37191779632224,2303.38623046875,51.0,11.905014991760254,6.0,1.0,0.5616065507795006,10.804365158081055,46.0,"{""type"":""Point"",""coordinates"":[109.37084852717311,18.748938504271692]}"
2165,0.0,28.0,77.0,17.33038902282715,67.0,19.40751698773802,110.43642140800387,2717.21484375,39.0,0.6108308434486389,4.0,3.0,0.7213689733626283,14.247379302978516,39.0,"{""type"":""Point"",""coordinates"":[110.43589654013304,19.406345164041678]}"
2166,0.0,29.0,425.0,109.09709930419922,295.0,19.209887625231723,109.78514282701718,2883.118896484375,41.0,15.147942543029785,6.0,2.0,0.6128600451444789,10.799936294555664,38.0,"{""type"":""Point"",""coordinates"":[109.78617644132201,19.21179676564398]}"
2167,0.0,28.0,445.0,76.848388671875,428.0,19.196412895969935,110.18489312845037,2890.72509765625,47.0,8.812756538391113,4.0,2.0,0.6196194793875901,11.342171669006348,41.0,"{""type"":""Point"",""coordinates"":[110.18474397636317,19.196719900059396]}"
2168,0.0,20.0,29.0,6.265443801879883,30.0,19.173955013866944,108.73411394459737,1659.1658935546875,56.0,0.4029559791088104,2.0,2.0,0.6999686443930904,14.711545944213867,41.0,"{""type"":""Point"",""coordinates"":[108.73307502121403,19.171820246497788]}"
2169,0.0,27.0,76.0,51.70972442626953,73.0,18.868527817266305,110.28819938612412,2530.4072265625,49.0,5.453123569488525,3.0,2.0,0.6545757646046585,12.075762748718262,47.0,"{""type"":""Point"",""coordinates"":[110.28975626476976,18.867363737064917]}"
2170,0.0,26.0,124.0,15.574122428894043,63.0,19.317685459326064,109.2775946914897,2292.181396484375,46.0,0.9750241637229919,4.0,3.0,0.7034020721718505,13.771116256713867,39.0,"{""type"":""Point"",""coordinates"":[109.27629872851129,19.319093655994635]}"
2171,0.0,25.0,90.0,16.060611724853516,48.0,19.394042258476226,110.18489312845037,2841.232666015625,47.0,0.4015127122402191,4.0,3.0,0.7558099560938148,14.679088592529297,36.0,"{""type"":""Point"",""coordinates"":[110.18611635227937,19.395596246156064]}"
2172,0.0,22.0,58.0,8.908849716186523,54.0,19.093106638296184,108.81496232016809,1850.015380859375,58.0,0.6989075541496277,3.0,2.0,0.6827152583044056,14.143847465515137,41.0,"{""type"":""Point"",""coordinates"":[108.8152479671888,19.09429711400925]}"
2173,0.0,25.0,90.0,16.52402687072754,49.0,19.41200856415862,110.24777519833873,2850.493408203125,45.0,0.41799038648605347,4.0,3.0,0.7456662895529257,14.63886833190918,38.0,"{""type"":""Point"",""coordinates"":[110.24809356242545,19.410827608145016]}"
2174,0.0,32.0,132.0,38.683467864990234,98.0,18.6888647604424,109.68632814576404,2332.619873046875,41.0,4.502955436706543,6.0,1.0,0.6141506863720306,12.234197616577148,48.0,"{""type"":""Point"",""coordinates"":[109.68721004202713,18.68777427276238]}"
2175,0.0,22.0,56.0,13.638959884643555,52.0,19.38505910563503,109.05301587045977,2049.8125,54.0,1.0893751382827759,3.0,3.0,0.7220455026359431,13.701115608215332,35.0,"{""type"":""Point"",""coordinates"":[109.05323342869902,19.387276388166484]}"
2176,0.0,26.0,65.0,14.810155868530273,65.0,19.4434495991028,110.58913500630416,2639.311279296875,43.0,0.503695011138916,3.0,3.0,0.7199713357513493,14.18883991241455,40.0,"{""type"":""Point"",""coordinates"":[110.58879803020972,19.444639442793456]}"
2177,0.0,27.0,32.0,21.79564094543457,32.0,18.42835332804774,109.89294066111154,1847.69287109375,51.0,3.405487060546875,3.0,1.0,0.6946301865866208,12.574324607849121,42.0,"{""type"":""Point"",""coordinates"":[109.8948293726329,18.4301195046674]}"
2178,0.0,32.0,871.0,48.149147033691406,770.0,18.819120476639732,109.68183656934343,2337.958984375,43.0,11.814099311828613,5.0,1.0,0.5501887658738276,10.648262023925781,47.0,"{""type"":""Point"",""coordinates"":[109.68167537296554,18.8178244369209]}"
2179,0.0,26.0,355.0,82.8077621459961,330.0,19.277261271540688,109.07996532898335,2311.630126953125,52.0,18.34310531616211,5.0,2.0,0.5877035765555223,10.648634910583496,40.0,"{""type"":""Point"",""coordinates"":[109.08180969416763,19.278951767430584]}"
2180,0.0,23.0,33.0,12.924752235412598,17.0,19.708452607918062,110.06362056509425,2652.2001953125,46.0,0.2510414123535156,3.0,3.0,0.8118783479424002,15.182440757751465,32.0,"{""type"":""Point"",""coordinates"":[110.06283848437364,19.70620995770373]}"
2181,0.0,24.0,24.0,10.009431838989258,24.0,19.6320958087679,109.36293464348103,2290.14013671875,51.0,0.2982463538646698,3.0,3.0,0.7682824915638053,15.015357971191406,36.0,"{""type"":""Point"",""coordinates"":[109.36321403080942,19.632935410449363]}"
2182,0.0,30.0,79.0,25.95213508605957,63.0,19.55573900961774,110.26124992760055,2757.476318359375,42.0,1.4095962047576904,2.0,3.0,0.7247647200856474,13.429680824279785,38.0,"{""type"":""Point"",""coordinates"":[110.26251786393247,19.555283225080498]}"
2183,0.0,24.0,112.0,12.738702774047852,78.0,19.41200856415862,109.2371705037043,2333.505615234375,57.0,0.656779944896698,4.0,3.0,0.7225540247059253,14.173625946044922,32.0,"{""type"":""Point"",""coordinates"":[109.23891072397298,19.409956992779627]}"
2184,0.0,28.0,41.0,11.366046905517578,40.0,19.82972517127419,110.33311515033012,2446.577880859375,44.0,0.3500835597515106,7.0,4.0,0.766089917175055,14.571271896362305,35.0,"{""type"":""Point"",""coordinates"":[110.33273153930759,19.831257319919047]}"
2185,0.0,26.0,59.0,16.997215270996094,53.0,19.21887077807292,108.8733528136359,2012.2239990234375,51.0,1.7928730249404907,3.0,2.0,0.6848345150987059,13.200923919677734,42.0,"{""type"":""Point"",""coordinates"":[108.87418896128264,19.218035880506715]}"
2186,0.0,21.0,22.0,7.504689693450928,23.0,19.919556699686147,110.83617170943705,2042.39990234375,57.0,0.37657061219215393,2.0,4.0,0.6916247009225055,13.407381057739258,50.0,"{""type"":""Point"",""coordinates"":[110.83520465539627,19.917595829166928]}"
2187,0.0,30.0,534.0,59.95283889770508,379.0,19.178446590287543,109.65488711081986,2764.2353515625,41.0,6.9150285720825195,4.0,2.0,0.631454854965225,11.517208099365234,39.0,"{""type"":""Point"",""coordinates"":[109.65536110005576,19.178701936079644]}"
2188,0.0,25.0,210.0,31.843809127807617,99.0,19.025732991987226,109.91090696679396,2522.26318359375,49.0,2.624601125717163,3.0,2.0,0.6549778645558805,12.726018905639648,41.0,"{""type"":""Point"",""coordinates"":[109.90869745200489,19.024570557774425]}"
2189,0.0,20.0,12.0,5.3108415603637695,12.0,18.864036240845707,108.6622487218678,1566.5909423828125,58.0,0.33958736062049866,2.0,2.0,0.6934499027606899,14.892464637756348,46.0,"{""type"":""Point"",""coordinates"":[108.66144294811993,18.862871210292028]}"
2190,0.0,22.0,144.0,14.689408302307129,96.0,19.488365363308773,109.5515808531461,2557.77197265625,54.0,0.5505911707878113,3.0,3.0,0.6957324999630788,14.330290794372559,36.0,"{""type"":""Point"",""coordinates"":[109.55237072420955,19.486462324833656]}"
2191,0.0,34.0,52.0,18.33393096923828,53.0,19.928539852527344,110.09955317645904,2504.107666015625,38.0,1.1943058967590332,3.0,4.0,0.7523662469213878,13.33549976348877,34.0,"{""type"":""Point"",""coordinates"":[110.0983957751929,19.92648766105873]}"
2192,0.0,24.0,3.0,7.403743743896484,6.0,18.783187865274954,110.43642140800387,2083.126708984375,44.0,0.11471964418888092,3.0,1.0,0.7289434914510167,15.963826179504395,47.0,"{""type"":""Point"",""coordinates"":[110.43604498037008,18.78176777384261]}"
2193,0.0,27.0,23.0,10.895383834838867,24.0,19.847691476956584,109.27310311506909,1704.720947265625,45.0,1.3111129999160767,2.0,4.0,0.737657593307145,13.535059928894043,34.0,"{""type"":""Point"",""coordinates"":[109.27201244462117,19.845974330663825]}"
2194,0.0,32.0,665.0,66.5521011352539,511.0,19.138022402502166,109.29106942075146,2379.187255859375,39.0,15.016297340393066,5.0,2.0,0.58456467921766,10.609582901000977,40.0,"{""type"":""Point"",""coordinates"":[109.29226044207527,19.136795996186294]}"
2195,0.0,25.0,338.0,26.85984230041504,317.0,18.666406878339416,108.9811506477302,2214.187255859375,52.0,3.160357713699341,4.0,1.0,0.6008072580357451,12.453289985656738,47.0,"{""type"":""Point"",""coordinates"":[108.9798292004273,18.667236756298898]}"
2196,0.0,28.0,14.0,14.094616889953613,14.0,19.91057354684495,109.82107543838197,2203.09765625,40.0,0.9786794781684875,3.0,4.0,0.7809388859368528,13.58012580871582,34.0,"{""type"":""Point"",""coordinates"":[109.82272296866732,19.91032540018129]}"
2197,0.0,27.0,196.0,28.459978103637695,180.0,19.088615061875586,108.91826857784184,2238.482666015625,47.0,3.1094729900360107,4.0,2.0,0.6463980117364946,12.565250396728516,39.0,"{""type"":""Point"",""coordinates"":[108.91660257725371,19.08861575254201]}"
2198,0.0,28.0,16.0,9.558204650878906,16.0,19.681503149394473,111.00685161341977,1885.4083251953125,41.0,1.4795185327529907,3.0,3.0,0.6965319810027348,12.05244255065918,48.0,"{""type"":""Point"",""coordinates"":[111.00483267137814,19.680460504679335]}"
2199,0.0,25.0,330.0,36.28030014038086,139.0,19.052682450510808,109.69531129860525,2603.55419921875,48.0,3.0888540744781494,4.0,2.0,0.6498664663108646,12.48186206817627,41.0,"{""type"":""Point"",""coordinates"":[109.6960624955389,19.053463751536874]}"
2200,0.0,26.0,178.0,93.91861724853516,154.0,19.15598870818455,110.12650263498261,2854.14404296875,50.0,10.543817520141602,4.0,2.0,0.6235889042035903,11.345269203186035,42.0,"{""type"":""Point"",""coordinates"":[110.12710144772029,19.154907784029078]}"
2201,0.0,21.0,55.0,12.60584545135498,55.0,19.820742018433002,110.05463741225304,2527.185546875,53.0,0.3764720857143402,2.0,4.0,0.7539349133183516,14.487778663635254,34.0,"{""type"":""Point"",""coordinates"":[110.05426816020453,19.821825953593155]}"
2202,0.0,27.0,25.0,8.655545234680176,27.0,18.751746830330767,110.30616569180654,2163.493896484375,53.0,0.3113349676132202,2.0,1.0,0.6988197828782454,14.971829414367676,49.0,"{""type"":""Point"",""coordinates"":[110.30574480929481,18.75393037039267]}"
2203,0.0,25.0,142.0,15.008427619934082,96.0,19.528789551094157,109.58751346451089,2474.3330078125,52.0,0.7144662141799927,2.0,3.0,0.693933584341017,14.070969581604004,35.0,"{""type"":""Point"",""coordinates"":[109.58805545331252,19.527843809438377]}"
2204,0.0,24.0,5.0,10.45657730102539,8.0,18.3205554939534,109.68632814576404,1943.82275390625,51.0,0.7673488259315491,4.0,0.0,0.7342274754246083,14.081221580505371,43.0,"{""type"":""Point"",""coordinates"":[109.68657807234602,18.321050055854077]}"
2205,0.0,28.0,9.0,13.979329109191895,9.0,19.304210730064277,110.62057604124834,2518.05517578125,46.0,0.5931429862976074,6.0,3.0,0.7872224541392117,14.068283081054688,39.0,"{""type"":""Point"",""coordinates"":[110.62105264064888,19.305717382964747]}"
2206,0.0,27.0,48.0,11.017974853515625,46.0,19.74887679570344,110.44540456084502,2645.993896484375,41.0,0.11471964418888092,6.0,4.0,0.781712747122082,15.681568145751953,32.0,"{""type"":""Point"",""coordinates"":[110.44642832525518,19.746640227901796]}"
2207,0.0,22.0,115.0,30.716014862060547,63.0,19.447941175523397,110.01421322446765,2827.487548828125,53.0,1.6866017580032349,3.0,3.0,0.7215406342935817,13.22842788696289,38.0,"{""type"":""Point"",""coordinates"":[110.01240388641698,19.448358094133127]}"
2208,0.0,27.0,98.0,27.43936538696289,89.0,18.495726974356707,109.26861153864849,1937.287353515625,50.0,4.336452960968018,4.0,1.0,0.6166078721384286,12.292795181274414,45.0,"{""type"":""Point"",""coordinates"":[109.27025390777708,18.494469347759647]}"
2209,0.0,29.0,307.0,39.290870666503906,279.0,18.536151162142083,109.30903572643388,2078.1171875,45.0,6.931042671203613,4.0,1.0,0.5822486628390627,11.685771942138672,47.0,"{""type"":""Point"",""coordinates"":[109.31009346647267,18.53822911412064]}"
2210,0.0,31.0,260.0,23.448619842529297,122.0,19.196412895969935,109.3898841020046,2572.3779296875,39.0,1.534285306930542,4.0,2.0,0.6813945367542916,13.23038101196289,36.0,"{""type"":""Point"",""coordinates"":[109.38870487968832,19.195192191977423]}"
2211,0.0,29.0,318.0,60.96565628051758,264.0,18.949376192837065,108.94970961278602,2119.0771484375,45.0,13.620694160461426,6.0,2.0,0.5775785800893949,10.988354682922363,44.0,"{""type"":""Point"",""coordinates"":[108.95052793327321,18.949015730772686]}"
2212,0.0,26.0,19.0,27.829256057739258,21.0,19.04819087409021,110.5262529364158,2397.620361328125,41.0,2.198904037475586,5.0,2.0,0.758054247678045,13.00074577331543,39.0,"{""type"":""Point"",""coordinates"":[110.5252898656142,19.0465473457534]}"
2213,0.0,23.0,49.0,10.12625789642334,49.0,18.720305795386587,110.1579436699268,2193.443603515625,52.0,0.4015127122402191,4.0,1.0,0.6934523846262467,14.703458786010742,45.0,"{""type"":""Point"",""coordinates"":[110.15937407565856,18.719534565123357]}"
2214,0.0,25.0,339.0,87.59086608886719,305.0,18.71132264254539,109.72675233354943,2552.35693359375,50.0,14.237517356872559,3.0,1.0,0.5755882208794637,10.927517890930176,48.0,"{""type"":""Point"",""coordinates"":[109.72685629103611,18.710809343579747]}"
2215,0.0,24.0,175.0,48.67535400390625,120.0,19.40751698773802,109.99175534236468,2755.9931640625,49.0,3.8791663646698,5.0,3.0,0.6688025971308573,12.356942176818848,38.0,"{""type"":""Point"",""coordinates"":[109.98995495315137,19.409282442491662]}"
2216,0.0,35.0,283.0,78.95445251464844,283.0,18.608016384871647,110.08158687077662,2322.55029296875,39.0,16.342567443847656,6.0,1.0,0.5771365184971788,10.82172966003418,45.0,"{""type"":""Point"",""coordinates"":[110.08153803898374,18.60687561145231]}"
2217,0.0,28.0,29.0,12.689417839050293,32.0,18.84606993516332,110.32862357390951,2214.28857421875,42.0,0.6999265551567078,4.0,2.0,0.7091116996228668,14.159364700317383,46.0,"{""type"":""Point"",""coordinates"":[110.32939700657766,18.84785020040018]}"
2218,0.0,25.0,19.0,8.870332717895508,18.0,18.419370175206545,108.98564222415081,1775.87890625,52.0,0.7949393391609192,3.0,1.0,0.7247622287310915,14.037846565246582,40.0,"{""type"":""Point"",""coordinates"":[108.9872833030229,18.41841407587428]}"
2219,0.0,30.0,273.0,31.192745208740234,149.0,18.82361205306033,109.0709821761422,2068.205810546875,42.0,4.690134048461914,6.0,2.0,0.6147720131154324,12.102234840393066,42.0,"{""type"":""Point"",""coordinates"":[109.06957237122039,18.821521350055225]}"
2220,0.0,27.0,221.0,49.48060989379883,168.0,19.120056096819773,109.99175534236468,2791.88671875,45.0,3.989530086517334,4.0,2.0,0.6336597904052303,12.29919719696045,45.0,"{""type"":""Point"",""coordinates"":[109.9907844294113,19.118828330062865]}"
2221,0.0,29.0,4.0,11.143688201904297,6.0,19.600654773823713,110.84964643869881,2165.605224609375,37.0,0.7613815069198608,5.0,3.0,0.7641378131828405,13.309234619140625,40.0,"{""type"":""Point"",""coordinates"":[110.85049360020844,19.599931293195382]}"
2222,0.0,28.0,555.0,80.19696807861328,426.0,18.85056151158392,109.1832715866571,2323.998046875,42.0,19.05199432373047,8.0,2.0,0.554951188857853,10.453375816345215,45.0,"{""type"":""Point"",""coordinates"":[109.182948064213,18.850942878008386]}"
2223,0.0,31.0,585.0,72.64730072021484,431.0,19.133530826081568,109.28657784433085,2379.187255859375,40.0,15.992398262023926,6.0,2.0,0.5864790771783945,10.6144380569458,40.0,"{""type"":""Point"",""coordinates"":[109.28780089036732,19.133577753521852]}"
2224,0.0,30.0,1118.0,37.427894592285156,993.0,18.899968852210492,109.16530528097474,2323.998046875,42.0,10.354337692260742,12.0,2.0,0.5541409967438196,10.454485893249512,45.0,"{""type"":""Point"",""coordinates"":[109.16542143903429,18.900228706244107]}"
2225,0.0,26.0,153.0,10.902482032775879,24.0,18.74725525391017,109.16530528097474,2084.326171875,49.0,0.6770355105400085,2.0,1.0,0.7146293729895992,14.11793041229248,43.0,"{""type"":""Point"",""coordinates"":[109.16596666020146,18.74670957566766]}"
2226,0.0,30.0,69.0,11.360344886779785,62.0,19.6365873851885,110.58015185346295,2561.440673828125,41.0,0.2692655920982361,3.0,3.0,0.7620230080718258,14.645724296569824,31.0,"{""type"":""Point"",""coordinates"":[110.58146786294166,19.63630103075685]}"
2227,0.0,26.0,353.0,71.98017883300781,236.0,19.26827811869949,109.39886725484581,2565.066650390625,51.0,10.569265365600586,4.0,2.0,0.633220203166042,11.22494125366211,38.0,"{""type"":""Point"",""coordinates"":[109.39792030370378,19.26767896052474]}"
2228,0.0,24.0,38.0,6.4651994705200195,39.0,19.89260724116256,110.8855790500636,1914.9720458984375,51.0,0.30499523878097534,2.0,4.0,0.6698455248197147,13.580894470214844,49.0,"{""type"":""Point"",""coordinates"":[110.88750825812913,19.89213508973064]}"
2229,0.0,22.0,11.0,9.240599632263184,14.0,18.91344358147228,110.44989613726563,2358.38232421875,51.0,0.12975747883319855,3.0,2.0,0.758328759615702,15.835976600646973,42.0,"{""type"":""Point"",""coordinates"":[110.45007573541427,18.915187089017465]}"
2230,0.0,21.0,56.0,22.77716827392578,45.0,19.66802842013268,110.19836785771219,2647.823486328125,53.0,1.198599100112915,4.0,3.0,0.771114705723475,13.567073822021484,33.0,"{""type"":""Point"",""coordinates"":[110.19627246893327,19.669525312883458]}"
2231,0.0,24.0,66.0,21.3939208984375,50.0,19.600654773823713,110.45887929010684,2659.6337890625,49.0,1.2059177160263062,6.0,3.0,0.7578237765414308,13.314908981323242,35.0,"{""type"":""Point"",""coordinates"":[110.45769302356638,19.60163476488834]}"
2232,0.0,30.0,86.0,16.509477615356445,79.0,19.618621079506106,110.59362658272477,2561.440673828125,40.0,0.8994038105010986,2.0,3.0,0.7297549582027458,13.423720359802246,33.0,"{""type"":""Point"",""coordinates"":[110.59371609799038,19.620858236041226]}"
2233,0.0,25.0,52.0,24.247756958007812,55.0,18.40589544594475,109.69081972218464,1980.6805419921875,51.0,3.213688373565674,4.0,1.0,0.6767185883421265,12.620726585388184,42.0,"{""type"":""Point"",""coordinates"":[109.6921324571033,18.405439241350347]}"
2234,0.0,26.0,172.0,34.286869049072266,87.0,19.097598214716783,109.91989011963511,2595.52880859375,49.0,2.7342991828918457,4.0,2.0,0.6617731005637295,12.709357261657715,44.0,"{""type"":""Point"",""coordinates"":[109.91838232783138,19.09749807630805]}"
2235,0.0,38.0,563.0,54.99650955200195,527.0,18.495726974356707,109.54259770030495,2063.836669921875,32.0,15.656241416931152,6.0,1.0,0.5509012144007478,10.655478477478027,45.0,"{""type"":""Point"",""coordinates"":[109.54238550825556,18.497458500163805]}"
2236,0.0,30.0,330.0,37.36005401611328,163.0,18.8775109701075,109.81658386196136,2438.19580078125,38.0,3.9089906215667725,6.0,2.0,0.6168728425384447,12.24579906463623,46.0,"{""type"":""Point"",""coordinates"":[109.81797986791383,18.876225951096558]}"
2237,0.0,29.0,87.0,17.164772033691406,87.0,19.479382210467584,110.59362658272477,2601.67529296875,41.0,0.842968225479126,4.0,3.0,0.702437536678501,13.65645694732666,38.0,"{""type"":""Point"",""coordinates"":[110.59444501232016,19.47782623568264]}"
2238,0.0,27.0,23.0,16.119930267333984,24.0,19.99142192241571,110.28819938612412,2526.0966796875,45.0,1.1172510385513306,2.0,4.0,0.7743441249455415,12.793747901916504,37.0,"{""type"":""Point"",""coordinates"":[110.28729446675085,19.993016781660263]}"
2240,0.0,26.0,596.0,63.31391143798828,500.0,19.115564520399175,109.1832715866571,2578.6181640625,51.0,10.174140930175781,6.0,2.0,0.6145507744309947,11.073095321655273,40.0,"{""type"":""Point"",""coordinates"":[109.18332428625689,19.117117898309633]}"
2241,0.0,28.0,892.0,71.51410675048828,838.0,19.039207721249014,109.10242321108637,2482.21875,48.0,19.96380043029785,8.0,2.0,0.5658157994827173,10.072168350219727,40.0,"{""type"":""Point"",""coordinates"":[109.10185516623896,19.03744490120782]}"
2242,0.0,24.0,96.0,26.419414520263672,58.0,19.15598870818455,110.05014583583244,2791.02294921875,46.0,1.307620882987976,4.0,2.0,0.7131225477241543,13.494589805603027,42.0,"{""type"":""Point"",""coordinates"":[110.04845205124744,19.154413341975854]}"
2243,0.0,28.0,22.0,18.89507484436035,20.0,19.735402066441644,110.38252249095666,2613.3740234375,39.0,0.9607059359550476,4.0,3.0,0.8113302157474537,13.576191902160645,31.0,"{""type"":""Point"",""coordinates"":[110.38381283557179,19.737082687096603]}"
2244,0.0,23.0,36.0,9.359071731567383,37.0,19.322177035746662,108.7116560624944,1668.0660400390625,56.0,1.117946982383728,4.0,3.0,0.6957812068322722,13.686942100524902,40.0,"{""type"":""Point"",""coordinates"":[108.71229972073043,19.320433912909984]}"
2245,0.0,28.0,8.0,8.590150833129883,10.0,19.641078961609097,110.97091900205498,1873.68408203125,42.0,1.1165926456451416,4.0,3.0,0.7225985050271979,12.354085922241211,44.0,"{""type"":""Point"",""coordinates"":[110.97065819312705,19.640518215914508]}"
2246,0.0,27.0,241.0,35.35336685180664,241.0,18.365471258159374,109.25513680938667,1786.646240234375,53.0,9.165966033935547,4.0,1.0,0.5947984880805657,11.447259902954102,40.0,"{""type"":""Point"",""coordinates"":[109.25470204036735,18.36332824654341]}"
2247,0.0,26.0,113.0,34.22869873046875,111.0,18.35199652889758,109.29106942075146,1786.646240234375,54.0,7.986300468444824,4.0,0.0,0.6058624036040311,11.66841983795166,40.0,"{""type"":""Point"",""coordinates"":[109.29023311602089,18.351382701006226]}"
2248,0.0,24.0,35.0,9.219768524169922,35.0,19.600654773823713,109.09793163466577,1780.1929931640625,51.0,0.82407146692276,4.0,3.0,0.7190764830671134,13.992574691772461,37.0,"{""type"":""Point"",""coordinates"":[109.09894875165693,19.60095970141431]}"
2249,0.0,27.0,596.0,29.422988891601562,509.0,18.65293214907762,109.41683356052818,2204.030029296875,47.0,4.268518447875977,8.0,1.0,0.5883559664353801,11.950413703918457,46.0,"{""type"":""Point"",""coordinates"":[109.41825635688157,18.651854318354374]}"
2250,0.0,24.0,187.0,61.087791442871094,128.0,19.10208979113738,109.9513311545793,2791.88671875,52.0,5.544411659240723,4.0,2.0,0.6337844121600291,11.990534782409668,44.0,"{""type"":""Point"",""coordinates"":[109.95175711427058,19.10432106857302]}"
2251,0.0,26.0,859.0,61.9752082824707,772.0,18.82810362948093,109.76268494491421,2473.3369140625,46.0,14.030184745788574,5.0,2.0,0.5640752342021035,10.483915328979492,44.0,"{""type"":""Point"",""coordinates"":[109.76054716371331,18.82856302724665]}"
2252,0.0,29.0,432.0,79.47901153564453,317.0,19.232345507334713,109.35395149063982,2762.749755859375,50.0,11.232515335083008,5.0,2.0,0.6323811678575644,11.104458808898926,37.0,"{""type"":""Point"",""coordinates"":[109.35579946281467,19.232107761335975]}"
2253,0.0,27.0,299.0,74.69486236572266,273.0,19.030224568407817,110.13997736424443,2775.8154296875,48.0,8.475191116333008,4.0,2.0,0.6077216574317359,11.487723350524902,46.0,"{""type"":""Point"",""coordinates"":[110.14001782781561,19.031058529940495]}"
2254,0.0,25.0,3.0,7.681063175201416,6.0,18.908952005051688,110.49930347789223,2196.598876953125,42.0,0.0606318935751915,3.0,2.0,0.7537976384999474,16.601497650146484,43.0,"{""type"":""Point"",""coordinates"":[110.50031774555397,18.909758739966893]}"
2255,0.0,23.0,161.0,16.515893936157227,147.0,19.488365363308773,109.30454415001327,2361.01904296875,53.0,1.0116699934005737,4.0,3.0,0.6817342621764378,13.711223602294922,35.0,"{""type"":""Point"",""coordinates"":[109.30373546611554,19.4889491928038]}"
2256,0.0,32.0,737.0,34.9185905456543,731.0,18.437336480888938,109.50666508894017,2014.8121337890625,39.0,8.708703994750977,5.0,1.0,0.5668985825482787,11.10138988494873,43.0,"{""type"":""Point"",""coordinates"":[109.50829158301146,18.43783209733544]}"
2257,0.0,26.0,162.0,18.473417282104492,138.0,18.8820025465281,110.1624352463474,2438.314697265625,52.0,1.197121024131775,4.0,2.0,0.6411065225433643,13.542236328125,45.0,"{""type"":""Point"",""coordinates"":[110.1637711517195,18.881103777597726]}"
2258,0.0,32.0,0.0,8.021574020385742,1.0,19.93752300536854,110.59362658272477,2410.75634765625,39.0,0.0,8.0,4.0,0.8091283102418383,15.736835479736328,44.0,"{""type"":""Point"",""coordinates"":[110.59498282387315,19.938494966286786]}"
2259,0.0,23.0,41.0,10.466802597045898,41.0,19.703961031497464,109.34945991421921,2037.394287109375,52.0,0.6314765810966492,2.0,3.0,0.7399663429673882,14.25529956817627,34.0,"{""type"":""Point"",""coordinates"":[109.34900678144707,19.701978515410442]}"
2260,0.0,29.0,27.0,7.063160419464111,27.0,19.91057354684495,109.69980287502585,1957.33935546875,40.0,0.2109460085630417,2.0,4.0,0.7576835870422008,15.359943389892578,33.0,"{""type"":""Point"",""coordinates"":[109.69825747066285,19.90878383163407]}"
2261,0.0,28.0,23.0,10.911676406860352,24.0,19.88811566474196,110.51277820715399,2501.87548828125,40.0,0.28679710626602173,6.0,4.0,0.7656865162625635,14.153717041015625,40.0,"{""type"":""Point"",""coordinates"":[110.51458999407116,19.88794018832713]}"
2262,0.0,24.0,56.0,9.528024673461914,54.0,19.173955013866944,108.80597916732694,1873.4566650390625,55.0,0.7787653803825378,2.0,2.0,0.6832101976318944,14.036823272705078,41.0,"{""type"":""Point"",""coordinates"":[108.80521967170361,19.172919600998537]}"
2263,0.0,23.0,50.0,9.643898963928223,43.0,19.376075952793833,109.0709821761422,2049.8125,56.0,0.5378100275993347,4.0,3.0,0.7309618496286903,14.410592079162598,36.0,"{""type"":""Point"",""coordinates"":[109.07206675159411,19.37828971950869]}"
2264,0.0,32.0,205.0,68.54456329345703,150.0,19.416500140579217,109.91539854321451,2751.2607421875,38.0,7.092029094696045,5.0,3.0,0.6546023711543169,11.730788230895996,38.0,"{""type"":""Point"",""coordinates"":[109.91655655693907,19.416385972220166]}"
2265,0.0,34.0,61.0,18.746166229248047,47.0,19.757859948544635,109.83005859122318,2481.65869140625,41.0,1.1726523637771606,4.0,4.0,0.7533497732643774,13.624479293823242,35.0,"{""type"":""Point"",""coordinates"":[109.83181929637983,19.759381077747168]}"
2266,0.0,29.0,199.0,34.15453338623047,179.0,18.473269092253716,109.40335883126642,2098.366455078125,49.0,5.297922611236572,4.0,1.0,0.5997835253177496,12.028585433959961,46.0,"{""type"":""Point"",""coordinates"":[109.40127194100906,18.47468501593871]}"
2267,0.0,30.0,8.0,13.616775512695312,9.0,19.977947193153916,110.48582874863041,2367.281982421875,41.0,1.02068030834198,3.0,4.0,0.7747798998504987,12.844949722290039,39.0,"{""type"":""Point"",""coordinates"":[110.48678958445907,19.977472115718648]}"
2268,0.0,31.0,107.0,16.630380630493164,105.0,19.51980639825296,109.21022104518073,2256.702880859375,45.0,1.2788063287734985,3.0,3.0,0.6816469895736375,13.510214805603027,34.0,"{""type"":""Point"",""coordinates"":[109.20962693379407,19.519458861631257]}"
2269,0.0,33.0,461.0,34.442535400390625,416.0,18.949376192837065,108.90928542500069,2119.0771484375,42.0,6.0891642570495605,7.0,2.0,0.5939825583275458,11.703699111938477,44.0,"{""type"":""Point"",""coordinates"":[108.91127250195052,18.949177103071687]}"
2270,0.0,23.0,140.0,13.36592960357666,107.0,19.591671620982524,109.86149962616736,2673.15380859375,53.0,0.3253185749053955,4.0,3.0,0.7001771549096625,14.858983039855957,35.0,"{""type"":""Point"",""coordinates"":[109.8594283390955,19.590246090054]}"
2271,0.0,23.0,136.0,26.60301971435547,84.0,19.456924328364593,109.86599120258796,2742.179443359375,55.0,1.5248104333877563,3.0,3.0,0.702668932883509,13.316414833068848,37.0,"{""type"":""Point"",""coordinates"":[109.86568834347398,19.45552696362848]}"
2272,0.0,28.0,278.0,34.05939483642578,100.0,19.169463437446346,109.57403873524913,2580.117919921875,41.0,2.7719273567199707,4.0,2.0,0.6664584593498654,12.62622356414795,38.0,"{""type"":""Point"",""coordinates"":[109.57354928007395,19.169073782495676]}"
2273,0.0,26.0,161.0,24.869338989257812,145.0,18.531659585721485,109.27310311506909,1950.45947265625,54.0,3.866419792175293,4.0,1.0,0.5985971005034979,12.369081497192383,46.0,"{""type"":""Point"",""coordinates"":[109.27238131282607,18.531369836516745]}"
2274,0.0,25.0,59.0,8.206716537475586,59.0,19.33116018858786,108.85089493153288,1954.684326171875,51.0,0.41788068413734436,3.0,3.0,0.6932978345522451,14.657610893249512,39.0,"{""type"":""Point"",""coordinates"":[108.84983405687277,19.331381493870246]}"
2275,0.0,25.0,45.0,27.479528427124023,43.0,18.99429195704304,110.3735393381155,2587.745849609375,48.0,1.7960638999938965,3.0,2.0,0.738887475232419,13.207379341125488,40.0,"{""type"":""Point"",""coordinates"":[110.37277075694824,18.992056062233775]}"
2276,0.0,29.0,1218.0,73.31229400634766,988.0,18.895477275789894,109.71776918070822,2547.5361328125,41.0,32.9857292175293,11.0,2.0,0.5016162083694434,9.015220642089844,44.0,"{""type"":""Point"",""coordinates"":[109.71779367344439,18.89382299990851]}"
2277,0.0,36.0,622.0,51.96309280395508,403.0,19.079631909034397,109.34047676137806,2361.239990234375,36.0,9.99661922454834,5.0,2.0,0.6017474143249422,11.068318367004395,40.0,"{""type"":""Point"",""coordinates"":[109.34081150461111,19.078646031946693]}"
2278,0.0,37.0,160.0,14.719369888305664,160.0,19.76684310138583,109.56505558240792,2150.156982421875,38.0,1.2664716243743896,4.0,4.0,0.6729943387529341,13.487160682678223,34.0,"{""type"":""Point"",""coordinates"":[109.5645621438894,19.76633574840893]}"
2279,0.0,19.0,72.0,16.734067916870117,59.0,19.6365873851885,110.17590997560922,2681.6298828125,55.0,0.5653412938117981,2.0,3.0,0.7559965248659911,14.347654342651367,33.0,"{""type"":""Point"",""coordinates"":[110.17394926821612,19.635574177332252]}"
2280,0.0,31.0,323.0,61.66166305541992,118.0,19.120056096819773,109.35395149063982,2501.8837890625,38.0,8.308382034301758,4.0,2.0,0.6301584264082071,11.491233825683594,40.0,"{""type"":""Point"",""coordinates"":[109.35467690330296,19.120312108061203]}"
2281,0.0,25.0,242.0,29.19051170349121,240.0,18.774204712433757,108.77902970880336,1793.6463623046875,55.0,6.515331268310547,4.0,1.0,0.5808609459316924,11.792195320129395,45.0,"{""type"":""Point"",""coordinates"":[108.77933548187339,18.77197591889783]}"
2282,0.0,27.0,426.0,58.1639518737793,309.0,19.277261271540688,109.41683356052818,2624.529541015625,49.0,7.269840240478516,4.0,2.0,0.6376429726499409,11.551612854003906,39.0,"{""type"":""Point"",""coordinates"":[109.41665766683172,19.278674947459873]}"
2283,0.0,39.0,108.0,14.605324745178223,107.0,19.80277571275061,109.78963440343779,2273.217529296875,37.0,1.0547288656234741,8.0,4.0,0.6828672393267924,13.702302932739258,35.0,"{""type"":""Point"",""coordinates"":[109.78825648785946,19.801360069875162]}"
2284,0.0,22.0,76.0,9.448114395141602,61.0,19.71294418433866,109.62344607587568,2390.171142578125,52.0,0.13468605279922485,2.0,3.0,0.7432574370950702,15.779784202575684,33.0,"{""type"":""Point"",""coordinates"":[109.622559889092,19.714059813048625]}"
2285,0.0,25.0,16.0,18.359344482421875,15.0,19.227853930914115,110.42743825516266,2911.83251953125,44.0,0.49933329224586487,4.0,2.0,0.7829588287643728,14.485414505004883,39.0,"{""type"":""Point"",""coordinates"":[110.42898152365242,19.22876058117517]}"
2286,0.0,28.0,15.0,17.32604217529297,17.0,19.043699297669612,110.46337086652744,2462.35546875,42.0,0.9176799058914185,4.0,2.0,0.7759428751324123,13.87736701965332,38.0,"{""type"":""Point"",""coordinates"":[110.46318288528393,19.045870999142977]}"
2287,0.0,23.0,92.0,12.35744571685791,80.0,19.147005555343355,108.92276015426245,2238.19140625,55.0,0.6714838743209839,4.0,2.0,0.6801756309091813,14.163604736328125,40.0,"{""type"":""Point"",""coordinates"":[108.92123493168324,19.147932691403874]}"
2288,0.0,27.0,277.0,21.763761520385742,172.0,18.814628900219134,109.9558227309999,2427.01904296875,50.0,1.6880306005477905,4.0,1.0,0.6313671842403319,13.123373031616211,45.0,"{""type"":""Point"",""coordinates"":[109.95652723989767,18.81407414113123]}"
2289,0.0,28.0,379.0,94.88782501220703,336.0,18.71132264254539,109.65039553439925,2531.004150390625,47.0,17.659440994262695,5.0,1.0,0.563211755923017,10.671908378601074,48.0,"{""type"":""Point"",""coordinates"":[109.64847916937919,18.712657448182064]}"
2290,0.0,25.0,199.0,28.949234008789062,102.0,19.46590748120579,109.70429445144646,2788.158203125,52.0,1.7240556478500366,4.0,3.0,0.6896185510634188,13.15377426147461,35.0,"{""type"":""Point"",""coordinates"":[109.70499412755385,19.467158797753093]}"
2291,0.0,28.0,334.0,52.97130584716797,333.0,18.45979436299192,109.65039553439925,2093.80322265625,48.0,11.457443237304688,4.0,1.0,0.585111656317513,11.155719757080078,43.0,"{""type"":""Point"",""coordinates"":[109.65050424208074,18.458158995552687]}"
2292,0.0,28.0,99.0,32.49869155883789,69.0,19.483873786888182,110.42294667874205,2763.66943359375,38.0,1.970645785331726,4.0,3.0,0.715504869488926,13.042916297912598,38.0,"{""type"":""Point"",""coordinates"":[110.42377707732113,19.486116717162375]}"
2293,0.0,32.0,37.0,16.913171768188477,38.0,19.933031428947942,110.10404475287964,2497.936767578125,39.0,0.9828643798828125,3.0,4.0,0.7704157215169772,13.541956901550293,34.0,"{""type"":""Point"",""coordinates"":[110.10386343978283,19.93388989574078]}"
2294,0.0,26.0,175.0,20.659236907958984,129.0,19.488365363308773,109.52463139462253,2528.1875,51.0,1.2945727109909058,5.0,3.0,0.685866128196172,13.455740928649902,36.0,"{""type"":""Point"",""coordinates"":[109.52368958502085,19.48812940586487]}"
2295,0.0,24.0,74.0,7.430895805358887,74.0,19.501840092570568,109.12038951676874,2039.7498779296875,56.0,0.23737041652202606,4.0,3.0,0.7045372741823176,15.2142972946167,34.0,"{""type"":""Point"",""coordinates"":[109.12062296476479,19.503942104438153]}"
2296,0.0,29.0,274.0,18.403610229492188,118.0,18.85056151158392,109.3943756784252,2235.009765625,47.0,1.634203314781189,4.0,2.0,0.6205795427802255,13.157830238342285,45.0,"{""type"":""Point"",""coordinates"":[109.39414924125387,18.851433336464787]}"
2297,0.0,31.0,88.0,24.981998443603516,59.0,18.666406878339416,109.70429445144646,2373.108154296875,42.0,2.1070492267608643,5.0,1.0,0.6709192016517291,13.022051811218262,48.0,"{""type"":""Point"",""coordinates"":[109.70579686144006,18.66708342740722]}"
2298,0.0,30.0,153.0,22.654672622680664,128.0,19.488365363308773,110.46786244294805,2712.433837890625,45.0,1.4286184310913086,5.0,3.0,0.673104842091703,13.0747652053833,40.0,"{""type"":""Point"",""coordinates"":[110.46934962403384,19.489846479562413]}"
2299,0.0,27.0,48.0,26.78104591369629,39.0,18.495726974356707,109.28208626791024,1937.287353515625,50.0,4.089776992797852,12.0,1.0,0.6774866978895633,12.381355285644531,46.0,"{""type"":""Point"",""coordinates"":[109.28184947639876,18.494817986290183]}"
2300,0.0,26.0,145.0,31.445568084716797,148.0,18.392420716682963,109.68183656934343,1968.9835205078125,50.0,5.13988733291626,3.0,1.0,0.613159507271516,12.093217849731445,42.0,"{""type"":""Point"",""coordinates"":[109.68298650039142,18.391187574276593]}"
2301,0.0,25.0,254.0,12.301614761352539,252.0,18.48674382151551,109.12937266960995,1871.6771240234375,57.0,1.4588758945465088,3.0,1.0,0.6004343371787046,13.284815788269043,45.0,"{""type"":""Point"",""coordinates"":[109.1289724628435,18.48513581384287]}"
2302,0.0,22.0,40.0,8.781192779541016,40.0,19.78031783064762,110.89456220290481,2054.05908203125,55.0,0.7514033317565918,2.0,4.0,0.6844685536471905,12.6744384765625,47.0,"{""type"":""Point"",""coordinates"":[110.89357544166602,19.778715120478992]}"
2303,0.0,31.0,12.0,6.6365251541137695,14.0,19.659045267291482,110.98439373131674,1828.0675048828125,39.0,0.5476085543632507,4.0,3.0,0.7124859075124671,13.057769775390625,45.0,"{""type"":""Point"",""coordinates"":[110.98257835661298,19.66015030050644]}"
2304,0.0,25.0,26.0,9.829787254333496,26.0,19.286244424381884,108.81496232016809,1856.0523681640625,52.0,0.838962972164154,2.0,3.0,0.7193275682041356,13.979890823364258,40.0,"{""type"":""Point"",""coordinates"":[108.81605016392095,19.28773947904947]}"
2305,0.0,22.0,89.0,19.138904571533203,64.0,19.51980639825296,110.14446894066504,2720.608642578125,53.0,0.779127299785614,4.0,3.0,0.740921904367017,14.016709327697754,35.0,"{""type"":""Point"",""coordinates"":[110.14528319401238,19.520466826398067]}"
2306,0.0,25.0,33.0,9.802915573120117,33.0,19.079631909034397,108.71614763891495,1639.843994140625,50.0,1.2455264329910278,2.0,2.0,0.6834402705281932,13.580594062805176,43.0,"{""type"":""Point"",""coordinates"":[108.71644614176985,19.08029733542142]}"
2307,0.0,27.0,295.0,77.73066711425781,198.0,19.263786542278893,109.798617556279,2657.0927734375,50.0,10.492668151855469,4.0,2.0,0.6378680789770178,11.273002624511719,38.0,"{""type"":""Point"",""coordinates"":[109.79843183941091,19.263302144832675]}"
2308,0.0,32.0,681.0,43.614715576171875,542.0,18.855053088004517,109.24615365654546,2281.71923828125,39.0,8.274373054504395,6.0,2.0,0.5822673747449132,11.207011222839355,44.0,"{""type"":""Point"",""coordinates"":[109.24642344822583,18.85415249217812]}"
2309,0.0,23.0,56.0,12.832542419433594,56.0,19.83421674769479,110.05912898867365,2527.185546875,52.0,0.42683228850364685,4.0,4.0,0.7540688320472416,14.361449241638184,34.0,"{""type"":""Point"",""coordinates"":[110.05745672071984,19.83432043904992]}"
2310,0.0,29.0,627.0,40.50000762939453,430.0,18.864036240845707,109.57403873524913,2262.84423828125,47.0,7.304889678955078,5.0,2.0,0.5823363272070888,11.382367134094238,45.0,"{""type"":""Point"",""coordinates"":[109.57463584842101,18.86334263479899]}"
2311,0.0,25.0,29.0,9.29684066772461,29.0,19.88362408832137,110.94846111995196,1836.759521484375,50.0,1.6741206645965576,2.0,4.0,0.6682300038292641,11.899024963378906,50.0,"{""type"":""Point"",""coordinates"":[110.9484819967676,19.883279638717152]}"
2312,0.0,23.0,75.0,24.67780303955078,49.0,19.506331668991166,110.3735393381155,2716.046630859375,47.0,1.264570951461792,5.0,3.0,0.7434306833384903,13.501768112182617,38.0,"{""type"":""Point"",""coordinates"":[110.37435674980382,19.505789578895612]}"
2313,0.0,25.0,90.0,27.484729766845703,64.0,19.506331668991166,110.43192983158326,2730.252685546875,50.0,1.7273168563842773,5.0,3.0,0.7196273021997679,13.05741024017334,39.0,"{""type"":""Point"",""coordinates"":[110.43348141044899,19.506044743184535]}"
2314,0.0,25.0,24.0,10.14616870880127,8.0,19.74887679570344,110.10404475287964,2690.45849609375,45.0,0.0,2.0,4.0,0.8273749255033425,16.51620101928711,31.0,"{""type"":""Point"",""coordinates"":[110.10562064084392,19.749917307016894]}"
2315,0.0,26.0,44.0,7.6229119300842285,44.0,19.173955013866944,108.75657182670034,1660.0650634765625,52.0,0.7675663232803345,2.0,2.0,0.682340739672799,14.058361053466797,41.0,"{""type"":""Point"",""coordinates"":[108.75757218573429,19.172062124254264]}"
2316,0.0,26.0,175.0,50.01466369628906,96.0,19.29522757722308,110.0052300716265,2883.73291015625,50.0,3.7403817176818848,4.0,3.0,0.6725513544216657,12.393482208251953,38.0,"{""type"":""Point"",""coordinates"":[110.00316102990601,19.29606894941522]}"
2317,0.0,26.0,250.0,43.999168395996094,145.0,18.886494122948697,109.92887327247632,2476.207763671875,48.0,4.7540483474731445,5.0,2.0,0.6242993151781226,12.104069709777832,45.0,"{""type"":""Point"",""coordinates"":[109.92726499679164,18.88804496048728]}"
2318,0.0,28.0,98.0,25.268951416015625,72.0,19.546755856776542,110.50828663073344,2669.798583984375,48.0,1.7877328395843506,7.0,3.0,0.7120692877488337,12.895626068115234,39.0,"{""type"":""Point"",""coordinates"":[110.5090781600199,19.547479697686658]}"
2319,0.0,27.0,763.0,27.52471923828125,742.0,18.67988160760121,108.88682754289766,1983.4642333984375,49.0,6.185329437255859,8.0,1.0,0.5601211165382056,11.421430587768555,46.0,"{""type"":""Point"",""coordinates"":[108.88798418125765,18.679079432463766]}"
2320,0.0,25.0,43.0,9.019031524658203,43.0,19.340143341429055,108.80597916732694,1747.285400390625,53.0,0.8935997486114502,2.0,3.0,0.6882761059659747,13.906891822814941,41.0,"{""type"":""Point"",""coordinates"":[108.80486432952591,19.33891287176211]}"
2321,0.0,28.0,417.0,41.2144660949707,371.0,18.760729983171963,110.01421322446765,2490.430419921875,46.0,4.69927453994751,6.0,1.0,0.616363416228317,11.997844696044922,45.0,"{""type"":""Point"",""coordinates"":[110.01365450448965,18.76252463401168]}"
2322,0.0,28.0,331.0,36.41838836669922,194.0,19.151497131763954,109.2775946914897,2445.3798828125,43.0,3.7523324489593506,5.0,2.0,0.6571099001437722,12.28611946105957,37.0,"{""type"":""Point"",""coordinates"":[109.27661304435745,19.15255134012032]}"
2323,0.0,26.0,89.0,12.18663215637207,89.0,19.838708324115387,110.09506160003843,2527.185546875,47.0,0.36512434482574463,3.0,4.0,0.7193647329164427,14.49161148071289,33.0,"{""type"":""Point"",""coordinates"":[110.09332939519572,19.83868519306568]}"
2324,0.0,24.0,237.0,23.521141052246094,131.0,18.62149111413344,109.15183055171292,2081.39404296875,55.0,2.952901601791382,3.0,1.0,0.6038025908878464,12.59030818939209,46.0,"{""type"":""Point"",""coordinates"":[109.15014163481207,18.619434471359995]}"
2325,0.0,24.0,44.0,28.91096305847168,39.0,18.79217101811615,110.2073510105534,2213.767822265625,53.0,3.107215642929077,4.0,1.0,0.6819382605108567,12.65918254852295,48.0,"{""type"":""Point"",""coordinates"":[110.20591202997879,18.79138651643401]}"
2326,0.0,24.0,44.0,6.741455078125,44.0,19.003275109884235,108.76106340312094,1723.43359375,54.0,0.46286195516586304,2.0,2.0,0.6783117199355077,14.564194679260254,43.0,"{""type"":""Point"",""coordinates"":[108.75918433731763,19.00177057391527]}"
2327,0.0,29.0,919.0,44.81698226928711,729.0,18.873019393686903,109.55607242956671,2262.84423828125,48.0,12.247488021850586,6.0,2.0,0.5518891020725446,10.555129051208496,45.0,"{""type"":""Point"",""coordinates"":[109.55603210676166,18.870944507220543]}"
2328,0.0,28.0,60.0,13.235885620117188,58.0,19.74887679570344,110.58913500630416,2529.674072265625,40.0,0.4875441789627075,5.0,4.0,0.7522545064519491,14.060338973999023,34.0,"{""type"":""Point"",""coordinates"":[110.58812341585175,19.748611726226137]}"
2329,0.0,24.0,131.0,12.382593154907227,92.0,19.04819087409021,108.90479384858008,2145.819580078125,48.0,0.7514142394065857,3.0,2.0,0.6489003524167339,14.027351379394531,42.0,"{""type"":""Point"",""coordinates"":[108.90688332593517,19.047283683892186]}"
2330,0.0,26.0,19.0,13.029348373413086,16.0,19.26827811869949,110.38701406737727,2942.094970703125,51.0,0.12981832027435303,5.0,2.0,0.7978334329435225,15.850038528442383,36.0,"{""type"":""Point"",""coordinates"":[110.38706271157817,19.268172379796308]}"
2331,0.0,27.0,361.0,57.127437591552734,253.0,18.643948996236425,109.2281873508631,2188.451904296875,53.0,12.155503273010254,4.0,1.0,0.573306973463235,11.075645446777344,46.0,"{""type"":""Point"",""coordinates"":[109.2285927258367,18.642363225784667]}"
2332,0.0,37.0,76.0,30.71100425720215,73.0,19.77133467780643,110.01421322446765,2577.628173828125,37.0,2.443911075592041,5.0,4.0,0.7377353150237645,12.880770683288574,32.0,"{""type"":""Point"",""coordinates"":[110.01349405263419,19.770240177142234]}"
2333,0.0,21.0,29.0,8.470190048217773,29.0,19.15598870818455,108.75208025027973,1660.0650634765625,54.0,0.8603338003158569,2.0,2.0,0.6995159927006414,13.952994346618652,41.0,"{""type"":""Point"",""coordinates"":[108.75226987064516,19.15431128960318]}"
2334,0.0,29.0,13.0,4.923365592956543,13.0,19.057174026931406,108.7071644860738,1639.843994140625,44.0,0.18246637284755707,2.0,2.0,0.7061618002811282,15.513063430786133,44.0,"{""type"":""Point"",""coordinates"":[108.70887297113501,19.05870499340241]}"
2335,0.0,31.0,729.0,56.53368377685547,605.0,18.940393039995868,109.12937266960995,2383.8369140625,41.0,12.013225555419922,5.0,2.0,0.5860979424098899,10.780492782592773,41.0,"{""type"":""Point"",""coordinates"":[109.13138633528085,18.941716895904932]}"
2336,0.0,30.0,334.0,18.160066604614258,327.0,18.60352480845105,108.90479384858008,1978.0338134765625,43.0,2.305838108062744,5.0,1.0,0.5823718582822057,12.771830558776855,49.0,"{""type"":""Point"",""coordinates"":[108.90408926587779,18.60161486986512]}"
2337,0.0,22.0,83.0,16.12158966064453,72.0,19.371584376373235,109.13835582245116,2168.34912109375,58.0,1.3160841464996338,3.0,3.0,0.6954733278953487,13.495955467224121,37.0,"{""type"":""Point"",""coordinates"":[109.13961658077785,19.372145776718273]}"
2338,0.0,31.0,31.0,16.196481704711914,32.0,19.479382210467584,110.66100022903373,2506.31201171875,38.0,0.9176799058914185,4.0,3.0,0.76569737871956,13.454139709472656,37.0,"{""type"":""Point"",""coordinates"":[110.66304406747045,19.47983496059558]}"
2339,0.0,26.0,189.0,30.187610626220703,148.0,18.751746830330767,109.74022706281124,2474.1943359375,45.0,2.478549003601074,4.0,1.0,0.6181096858335677,12.796876907348633,49.0,"{""type"":""Point"",""coordinates"":[109.74070692933282,18.751495729240126]}"
2340,0.0,28.0,1083.0,71.3962173461914,887.0,18.890985699369296,109.70878602786706,2547.5361328125,48.0,24.918441772460938,7.0,2.0,0.5273316016443622,9.574999809265137,44.0,"{""type"":""Point"",""coordinates"":[109.70944182293469,18.88965789944938]}"
2341,0.0,29.0,215.0,19.370744705200195,198.0,19.227853930914115,110.19836785771219,2886.337158203125,40.0,0.656722903251648,4.0,2.0,0.671172617307877,14.10884952545166,40.0,"{""type"":""Point"",""coordinates"":[110.20032886392032,19.228699452014027]}"
2342,0.0,26.0,5.0,6.994621276855469,7.0,19.6365873851885,110.96193584921377,1873.68408203125,45.0,0.5162250995635986,2.0,3.0,0.7264724930518319,13.132294654846191,44.0,"{""type"":""Point"",""coordinates"":[110.96337880976722,19.638062369500688]}"
2343,0.0,28.0,270.0,30.424800872802734,268.0,18.45530278657133,109.21920419802188,2127.818359375,50.0,4.3541789054870605,3.0,1.0,0.6085260491167145,12.178895950317383,44.0,"{""type"":""Point"",""coordinates"":[109.2199322885426,18.453541328919986]}"
2344,0.0,26.0,276.0,46.20452117919922,276.0,18.643948996236425,110.06811214151486,2322.55029296875,49.0,6.324744701385498,3.0,1.0,0.6073595230911372,11.799360275268555,45.0,"{""type"":""Point"",""coordinates"":[110.06795476866435,18.643689005823504]}"
2345,0.0,26.0,55.0,12.240252494812012,42.0,18.57208377350686,109.68632814576404,2151.471435546875,44.0,0.7118180394172668,4.0,1.0,0.6970329510422804,14.127310752868652,45.0,"{""type"":""Point"",""coordinates"":[109.68720859740769,18.572510197007762]}"
2346,0.0,25.0,236.0,39.24412155151367,215.0,18.940393039995868,108.8688612372153,1990.316650390625,55.0,7.781221866607666,4.0,2.0,0.5924561065046939,11.616754531860352,44.0,"{""type"":""Point"",""coordinates"":[108.86763085923346,18.93958996630737]}"
2347,0.0,27.0,35.0,10.462286949157715,35.0,19.434466446261602,108.94970961278602,2027.3701171875,47.0,0.6691411733627319,3.0,3.0,0.7292555718964341,14.200860977172852,38.0,"{""type"":""Point"",""coordinates"":[108.94869978631198,19.436034757434022]}"
2348,0.0,25.0,31.0,6.268069744110107,32.0,19.91057354684495,110.9304948142696,1798.4078369140625,48.0,0.5304468870162964,4.0,4.0,0.6673842517162889,12.837021827697754,50.0,"{""type"":""Point"",""coordinates"":[110.93254920602614,19.90980240671448]}"
2349,0.0,29.0,60.0,17.484466552734375,51.0,19.650062114450293,110.30616569180654,2648.074462890625,44.0,0.8420701622962952,4.0,3.0,0.7751464883020269,13.678808212280273,31.0,"{""type"":""Point"",""coordinates"":[110.30441533101299,19.648695446720172]}"
2350,0.0,29.0,28.0,24.09324073791504,30.0,19.052682450510808,110.45887929010684,2602.69384765625,43.0,1.4593032598495483,3.0,2.0,0.7567217411486408,13.405712127685547,40.0,"{""type"":""Point"",""coordinates"":[110.45827208191471,19.053276450726123]}"
2351,0.0,28.0,140.0,49.29130935668945,70.0,19.51980639825296,109.6414123815581,2538.433837890625,48.0,5.21775484085083,4.0,3.0,0.7096465978321176,12.081206321716309,35.0,"{""type"":""Point"",""coordinates"":[109.64132616812314,19.519997064331715]}"
2352,0.0,26.0,23.0,8.17786979675293,20.0,19.784809407068217,110.7283738753427,2278.43798828125,53.0,0.1916586458683014,3.0,4.0,0.7549587219965779,14.495087623596191,40.0,"{""type"":""Point"",""coordinates"":[110.72966517222522,19.785950773204213]}"
2353,0.0,23.0,22.0,6.696081638336182,25.0,18.661915301918818,108.72513079175616,1754.8397216796875,51.0,0.36775410175323486,2.0,1.0,0.6985199804427056,14.807015419006348,44.0,"{""type"":""Point"",""coordinates"":[108.72619855823253,18.66381104946118]}"
2354,0.0,23.0,34.0,9.910063743591309,34.0,19.87913251190077,110.76879806312809,2171.250732421875,45.0,0.6882857084274292,4.0,4.0,0.6956816770959836,12.77640438079834,48.0,"{""type"":""Point"",""coordinates"":[110.76824149423632,19.878455605142896]}"
2355,0.0,24.0,130.0,8.746853828430176,115.0,18.585558502768656,109.03954114119801,1913.0013427734375,53.0,0.5701544284820557,2.0,1.0,0.5995497836693464,14.304041862487793,48.0,"{""type"":""Point"",""coordinates"":[109.03990436173227,18.5833654941899]}"
2356,0.0,27.0,5.0,12.238171577453613,5.0,19.227853930914115,110.49481190147162,2834.917236328125,40.0,0.08354968577623367,3.0,2.0,0.7963950983611786,16.27971076965332,39.0,"{""type"":""Point"",""coordinates"":[110.4930610778239,19.229283146843677]}"
2357,0.0,27.0,5.0,14.739585876464844,5.0,18.42835332804774,109.91989011963511,1973.5533447265625,48.0,1.4512580633163452,3.0,1.0,0.7404592932872487,13.443822860717773,42.0,"{""type"":""Point"",""coordinates"":[109.92002222925136,18.429262229629032]}"
2358,0.0,24.0,46.0,11.293764114379883,35.0,19.60514635024431,109.47971563041654,2476.017578125,52.0,0.28679710626602173,4.0,3.0,0.7799930896535914,15.041690826416016,33.0,"{""type"":""Point"",""coordinates"":[109.47837042504054,19.606986250150964]}"
2359,0.0,26.0,135.0,19.18558120727539,111.0,19.26827811869949,110.18489312845037,2854.202880859375,48.0,0.6781418919563293,4.0,2.0,0.6894324834546697,14.12749195098877,37.0,"{""type"":""Point"",""coordinates"":[110.18323885335433,19.26690941346427]}"
2360,0.0,27.0,1297.0,59.86248016357422,1102.0,19.052682450510808,109.54259770030495,2569.274169921875,41.0,26.21791648864746,12.0,2.0,0.5362995353973283,9.131245613098145,40.0,"{""type"":""Point"",""coordinates"":[109.54195402973544,19.051717529174947]}"
2361,0.0,23.0,67.0,8.941625595092773,60.0,19.164971861025748,108.8733528136359,2049.886474609375,50.0,0.3819807469844818,2.0,2.0,0.6878652786137605,14.742703437805176,41.0,"{""type"":""Point"",""coordinates"":[108.87459855744048,19.163124680730334]}"
2362,0.0,22.0,118.0,43.492679595947266,47.0,19.286244424381884,110.166926822768,2854.202880859375,53.0,2.8816137313842773,4.0,3.0,0.7296396173575531,12.690403938293457,39.0,"{""type"":""Point"",""coordinates"":[110.16898868601754,19.284189797176438]}"
2363,0.0,29.0,5.0,7.958979606628418,6.0,19.986930345995113,110.85862959154002,1957.822021484375,42.0,0.700853168964386,3.0,4.0,0.7150701002837465,12.78386116027832,48.0,"{""type"":""Point"",""coordinates"":[110.8564579414367,19.988923144316306]}"
2364,0.0,33.0,520.0,42.77164077758789,515.0,18.437336480888938,109.45276617189296,2117.93798828125,38.0,8.812427520751953,7.0,1.0,0.5861396955602652,11.283114433288574,43.0,"{""type"":""Point"",""coordinates"":[109.45485353891408,18.43568550623996]}"
2365,0.0,26.0,70.0,13.317359924316406,70.0,19.91506512326555,110.28370780970351,2495.271484375,48.0,0.5392903089523315,4.0,4.0,0.7175158818045634,14.097580909729004,38.0,"{""type"":""Point"",""coordinates"":[110.28429559804995,19.916909532733317]}"
2366,0.0,26.0,62.0,11.920127868652344,62.0,19.901590394003755,110.30167411538594,2543.720458984375,45.0,0.3050125539302826,4.0,4.0,0.7352226840333744,14.6738920211792,37.0,"{""type"":""Point"",""coordinates"":[110.30076659951692,19.903735786059258]}"
2367,0.0,25.0,25.0,7.172753810882568,26.0,19.371584376373235,108.77453813238276,1573.7412109375,49.0,0.7648041844367981,2.0,3.0,0.6894029105582464,14.073029518127441,43.0,"{""type"":""Point"",""coordinates"":[108.77572980839766,19.37149802556231]}"
2368,0.0,27.0,1.0,12.37753677368164,1.0,19.928539852527344,109.97828061310292,2458.258544921875,39.0,0.40450116991996765,2.0,4.0,0.841143166347589,14.457066535949707,36.0,"{""type"":""Point"",""coordinates"":[109.97906769451711,19.929884988369743]}"
2369,0.0,24.0,28.0,7.735206604003906,27.0,18.48674382151551,108.95420118920663,1809.9920654296875,52.0,0.5113502144813538,3.0,1.0,0.6950426744619328,14.473888397216797,45.0,"{""type"":""Point"",""coordinates"":[108.95574122626067,18.48833685737023]}"
2370,0.0,27.0,282.0,34.3260612487793,95.0,18.91344358147228,109.5470892767255,2316.940185546875,47.0,3.9557137489318848,4.0,2.0,0.6258727039110082,12.267078399658203,44.0,"{""type"":""Point"",""coordinates"":[109.54889416876946,18.914661531330843]}"
2371,0.0,25.0,12.0,10.498973846435547,12.0,20.02735453378049,110.33760672675072,2384.69140625,45.0,0.35041582584381104,4.0,4.0,0.7709184204796996,13.968915939331055,40.0,"{""type"":""Point"",""coordinates"":[110.33883021433626,20.028120284662776]}"
2372,0.0,22.0,30.0,8.85309886932373,30.0,19.838708324115387,110.7283738753427,2236.168701171875,53.0,0.28679710626602173,3.0,4.0,0.731532446162542,14.081360816955566,42.0,"{""type"":""Point"",""coordinates"":[110.72761179189872,19.837969961660473]}"
2373,0.0,36.0,111.0,25.039108276367188,111.0,19.730910490021046,109.5515808531461,2309.78955078125,41.0,2.5053539276123047,4.0,3.0,0.6894095487521528,12.834805488586426,32.0,"{""type"":""Point"",""coordinates"":[109.5520369834095,19.73206474996401]}"
2374,0.0,22.0,37.0,14.082404136657715,28.0,19.6320958087679,110.3151488446477,2650.8330078125,55.0,0.4411228895187378,2.0,3.0,0.7846085449203648,14.3763427734375,35.0,"{""type"":""Point"",""coordinates"":[110.3139320462896,19.631905437450403]}"
2375,0.0,26.0,228.0,40.0911979675293,120.0,18.841578358742723,109.91539854321451,2408.12158203125,46.0,4.305914878845215,4.0,2.0,0.6226886909463545,12.21803092956543,45.0,"{""type"":""Point"",""coordinates"":[109.91417932874309,18.840407013552113]}"
2376,0.0,27.0,52.0,7.966134548187256,55.0,18.549625891403878,108.8688612372153,1793.880126953125,46.0,0.5767616033554077,3.0,1.0,0.6567982454604205,14.33948802947998,46.0,"{""type"":""Point"",""coordinates"":[108.87007772667201,18.549740237866533]}"
2377,0.0,25.0,83.0,21.916015625,46.0,18.59903323203045,109.63242922871689,2172.4677734375,46.0,2.0468692779541016,5.0,1.0,0.6830058878910044,13.054055213928223,46.0,"{""type"":""Point"",""coordinates"":[109.63099472622439,18.598604920160604]}"
2378,0.0,42.0,73.0,7.097360610961914,74.0,19.82972517127419,109.60098819377271,2066.845947265625,32.0,0.21091002225875854,5.0,4.0,0.7160406862794915,15.333085060119629,32.0,"{""type"":""Point"",""coordinates"":[109.60087122598429,19.8293014213718]}"
2379,0.0,26.0,657.0,65.10370635986328,545.0,19.04819087409021,109.19225473949831,2501.99462890625,50.0,12.26798152923584,7.0,2.0,0.6012285230503872,10.826881408691406,40.0,"{""type"":""Point"",""coordinates"":[109.190499413164,19.050206184356867]}"
2380,0.0,23.0,31.0,13.04780387878418,31.0,19.591671620982524,109.16530528097474,2135.87939453125,55.0,0.8945243954658508,3.0,3.0,0.7439584119230543,13.91285514831543,37.0,"{""type"":""Point"",""coordinates"":[109.1650901640428,19.59213779321431]}"
2381,0.0,25.0,231.0,30.44231414794922,157.0,18.648440572657023,109.26411996222788,2048.5068359375,56.0,4.82405948638916,4.0,1.0,0.6011698790449581,12.10195255279541,45.0,"{""type"":""Point"",""coordinates"":[109.26443480857662,18.647275454247414]}"
2382,0.0,31.0,16.0,11.162773132324219,17.0,19.60963792666491,110.70142441681912,2387.303466796875,47.0,0.4938907325267792,6.0,3.0,0.7973680089204653,14.087085723876953,33.0,"{""type"":""Point"",""coordinates"":[110.69976554258733,19.60757496311143]}"
2383,0.0,23.0,64.0,18.407785415649414,64.0,19.838708324115387,110.06811214151486,2527.185546875,52.0,1.0795302391052246,3.0,4.0,0.7410948321871369,13.42721939086914,34.0,"{""type"":""Point"",""coordinates"":[110.06993160506813,19.836469569472946]}"
2385,0.0,29.0,23.0,11.75219440460205,24.0,19.955489311050925,110.54421924209822,2388.8896484375,44.0,0.6496749520301819,4.0,4.0,0.7561478175432504,13.2742919921875,40.0,"{""type"":""Point"",""coordinates"":[110.54233872936683,19.956315354723426]}"
2386,0.0,32.0,161.0,32.94218826293945,86.0,19.528789551094157,109.68632814576404,2661.629638671875,41.0,2.452556848526001,4.0,3.0,0.7048336944934284,12.825187683105469,35.0,"{""type"":""Point"",""coordinates"":[109.68565664047446,19.528947436304257]}"
2387,0.0,27.0,93.0,12.918208122253418,71.0,18.60352480845105,109.73573548639064,2168.9169921875,44.0,0.8029860258102417,4.0,1.0,0.6631661662985917,13.984134674072266,45.0,"{""type"":""Point"",""coordinates"":[109.73634327688623,18.603080165849217]}"
2388,0.0,23.0,103.0,17.26373863220215,57.0,19.60963792666491,109.62344607587568,2525.286376953125,53.0,0.8543459177017212,3.0,3.0,0.7427137737653994,13.916081428527832,35.0,"{""type"":""Point"",""coordinates"":[109.62224291159382,19.608073404939038]}"
2389,0.0,26.0,132.0,15.951529502868652,105.0,19.429974869841004,109.21920419802188,2333.505615234375,55.0,1.0946968793869019,3.0,3.0,0.689894589239539,13.650394439697266,33.0,"{""type"":""Point"",""coordinates"":[109.22071745908069,19.432079439748485]}"
2390,0.0,29.0,167.0,52.94878387451172,113.0,18.998783533463637,109.06199902330098,2325.075439453125,40.0,7.172798156738281,9.0,2.0,0.6373177637086483,11.743612289428711,40.0,"{""type"":""Point"",""coordinates"":[109.05995918452801,18.997909981395477]}"
2391,0.0,27.0,463.0,39.87467575073242,420.0,18.774204712433757,109.94234800173814,2573.8310546875,45.0,4.0365519523620605,4.0,1.0,0.6235691482918233,12.115386962890625,44.0,"{""type"":""Point"",""coordinates"":[109.9405535557022,18.772226973968905]}"
2392,0.0,29.0,61.0,15.47012996673584,61.0,19.71743576075925,109.52013981820193,2307.94580078125,46.0,0.9887915253639221,5.0,3.0,0.7378828235176552,13.795060157775879,33.0,"{""type"":""Point"",""coordinates"":[109.51817356850535,19.718784009902024]}"
2393,0.0,24.0,44.0,14.877544403076172,27.0,19.57819689172073,110.20285943413279,2730.4365234375,47.0,0.37623289227485657,4.0,3.0,0.7867525631518674,14.77142333984375,35.0,"{""type"":""Point"",""coordinates"":[110.20159470113408,19.580377242062575]}"
2394,0.0,20.0,86.0,18.873300552368164,72.0,19.281752847961286,108.99911695341262,2329.22705078125,59.0,1.3412387371063232,2.0,3.0,0.6904712139986446,13.47521686553955,40.0,"{""type"":""Point"",""coordinates"":[109.0004378342098,19.280285045431604]}"
2395,0.0,26.0,48.0,20.019182205200195,40.0,19.77133467780643,110.25675835117994,2597.74560546875,49.0,1.1937806606292725,5.0,4.0,0.7828348973860141,13.339035987854004,32.0,"{""type"":""Point"",""coordinates"":[110.25554069559519,19.771768934533362]}"
2396,0.0,29.0,132.0,39.73411178588867,89.0,18.608016384871647,109.5964966173521,2285.13427734375,44.0,4.85407018661499,5.0,1.0,0.6238227612221304,12.15877914428711,47.0,"{""type"":""Point"",""coordinates"":[109.59490042735436,18.60651949617877]}"
2397,0.0,24.0,140.0,24.59433937072754,99.0,19.452432751943995,110.09955317645904,2876.264404296875,51.0,1.1048753261566162,4.0,3.0,0.6835348992297826,13.636186599731445,38.0,"{""type"":""Point"",""coordinates"":[110.10105452190074,19.45044057367918]}"
2398,0.0,31.0,833.0,37.45130920410156,655.0,19.133530826081568,109.65488711081986,2646.282958984375,38.0,4.411726951599121,6.0,2.0,0.6167719884376732,11.68785285949707,41.0,"{""type"":""Point"",""coordinates"":[109.65534710121227,19.13207171035719]}"
2399,0.0,27.0,482.0,57.32596206665039,315.0,18.899968852210492,109.40785040768702,2288.759521484375,46.0,10.791016578674316,6.0,2.0,0.5723916916807451,11.106947898864746,47.0,"{""type"":""Point"",""coordinates"":[109.40646508378322,18.901249761582385]}"
2400,0.0,22.0,24.0,5.88814640045166,25.0,18.513693280039092,108.87784439005651,1793.880126953125,54.0,0.18240144848823547,2.0,1.0,0.7058880704796641,15.507074356079102,43.0,"{""type"":""Point"",""coordinates"":[108.87818360361864,18.51176144310179]}"
2401,0.0,27.0,28.0,13.690033912658691,28.0,19.88811566474196,110.45438771368623,2497.436279296875,44.0,0.6020596623420715,3.0,4.0,0.7614857861976554,13.831717491149902,39.0,"{""type"":""Point"",""coordinates"":[110.45570197409104,19.89014454245776]}"
2402,0.0,28.0,119.0,53.02218246459961,105.0,19.147005555343355,108.95869276562723,2460.3837890625,46.0,6.189486503601074,5.0,2.0,0.6436373103083456,11.922233581542969,41.0,"{""type"":""Point"",""coordinates"":[108.95982825232673,19.14592141375811]}"
2403,0.0,26.0,72.0,19.168472290039062,31.0,19.429974869841004,110.26124992760055,2806.944091796875,44.0,0.6787949800491333,4.0,3.0,0.7655457839683515,14.164750099182129,38.0,"{""type"":""Point"",""coordinates"":[110.26061458960875,19.43145467243537]}"
2404,0.0,29.0,160.0,12.844218254089355,23.0,18.814628900219134,109.25064523296606,2085.013916015625,43.0,0.9663879871368408,5.0,1.0,0.7075382263282389,13.75765323638916,45.0,"{""type"":""Point"",""coordinates"":[109.24989950646733,18.816520921579944]}"
2405,0.0,26.0,35.0,7.263801097869873,36.0,19.88811566474196,110.8855790500636,1914.9720458984375,50.0,0.6126465797424316,3.0,4.0,0.6731676841675315,12.890474319458008,49.0,"{""type"":""Point"",""coordinates"":[110.88357875863647,19.887690297205214]}"
2407,0.0,24.0,59.0,13.372334480285645,50.0,18.554117467824476,109.68183656934343,2151.471435546875,44.0,0.8296263217926025,4.0,1.0,0.6829102458022813,13.971779823303223,46.0,"{""type"":""Point"",""coordinates"":[109.68370371415116,18.553471801399763]}"
2408,0.0,24.0,76.0,16.733200073242188,76.0,19.398533834896824,108.96767591846844,2126.147705078125,54.0,1.4784908294677734,2.0,3.0,0.6786894170088951,13.383733749389648,39.0,"{""type"":""Point"",""coordinates"":[108.96691795064001,19.397792449178212]}"
2409,0.0,33.0,435.0,61.18022155761719,389.0,18.59903323203045,109.385392525584,2199.771484375,41.0,13.895073890686035,5.0,1.0,0.564982704410447,10.882511138916016,46.0,"{""type"":""Point"",""coordinates"":[109.38563961121278,18.600071428650764]}"
2410,0.0,27.0,141.0,16.199260711669922,94.0,19.317685459326064,109.22369577444249,2436.3603515625,43.0,0.8405442833900452,4.0,3.0,0.6814457509031603,13.909056663513184,38.0,"{""type"":""Point"",""coordinates"":[109.22454046645002,19.31903737772038]}"
2411,0.0,25.0,73.0,10.143964767456055,72.0,19.74438521928284,109.61895449945507,2390.171142578125,53.0,0.2598031759262085,3.0,4.0,0.7314975762851141,15.124589920043945,33.0,"{""type"":""Point"",""coordinates"":[109.61840372508134,19.74602559146436]}"
2412,0.0,25.0,236.0,28.28736114501953,131.0,19.389550682055628,109.47522405399599,2659.1064453125,54.0,1.9870675802230835,4.0,3.0,0.691276715782176,12.987581253051758,34.0,"{""type"":""Point"",""coordinates"":[109.47695888494174,19.38861634480582]}"
2413,0.0,24.0,29.0,15.05762767791748,26.0,19.416500140579217,109.0754737525628,2055.47314453125,49.0,1.2708842754364014,3.0,3.0,0.7521870606241811,13.56275749206543,35.0,"{""type"":""Point"",""coordinates"":[109.07614001817426,19.414995648440872]}"
2414,0.0,22.0,133.0,39.87880325317383,84.0,19.4434495991028,109.99175534236468,2755.9931640625,52.0,2.7615482807159424,4.0,3.0,0.6931465662598351,12.723810195922852,38.0,"{""type"":""Point"",""coordinates"":[109.99056562285675,19.44133872980104]}"
2415,0.0,24.0,72.0,17.367536544799805,62.0,19.762351524965233,109.69531129860525,2306.761474609375,50.0,1.1615194082260132,3.0,4.0,0.7248010795896368,13.627494812011719,35.0,"{""type"":""Point"",""coordinates"":[109.6968760976993,19.760641206893176]}"
2416,0.0,33.0,532.0,65.02201080322266,359.0,19.003275109884235,109.34047676137806,2268.21240234375,38.0,14.797015190124512,4.0,2.0,0.5727316434057912,10.740407943725586,43.0,"{""type"":""Point"",""coordinates"":[109.3412739958017,19.00458477223934]}"
2417,0.0,33.0,137.0,99.20453643798828,136.0,19.169463437446346,110.38252249095666,2941.341064453125,40.0,10.597926139831543,5.0,2.0,0.6433300391409904,11.365747451782227,38.0,"{""type"":""Point"",""coordinates"":[110.38410926396165,19.171115720572875]}"
2418,0.0,34.0,789.0,25.933847427368164,642.0,18.917935157892877,109.2326789272837,2339.40185546875,39.0,3.455805540084839,5.0,2.0,0.5853585023684871,11.979596138000488,46.0,"{""type"":""Point"",""coordinates"":[109.23057764768002,18.918344531762354]}"
2419,0.0,23.0,15.0,17.093690872192383,15.0,19.726418913600448,109.38090094916339,2206.98876953125,49.0,1.243546485900879,4.0,3.0,0.7883154068081645,13.592602729797363,32.0,"{""type"":""Point"",""coordinates"":[109.38280407520196,19.72800367717156]}"
2420,0.0,32.0,68.0,20.360523223876953,67.0,19.852183053377182,110.31065726822715,2534.673828125,40.0,1.3884694576263428,5.0,4.0,0.7338171133988142,13.172330856323242,35.0,"{""type"":""Point"",""coordinates"":[110.31155653920256,19.85297914268282]}"
2421,0.0,26.0,465.0,48.089778900146484,456.0,18.482252245094912,109.61895449945507,2163.11669921875,50.0,9.576205253601074,4.0,1.0,0.5781447677095771,11.242227554321289,45.0,"{""type"":""Point"",""coordinates"":[109.61844776325934,18.480729982715328]}"
2422,0.0,20.0,107.0,11.345885276794434,99.0,19.32666861216726,109.01259168267438,2064.29052734375,59.0,0.7523889541625977,3.0,3.0,0.6422438203155271,14.040752410888672,41.0,"{""type"":""Point"",""coordinates"":[109.01161727048631,19.32448343161169]}"
2423,0.0,30.0,825.0,43.24440002441406,615.0,19.10208979113738,109.62793765229628,2632.5556640625,39.0,5.744217395782471,6.0,2.0,0.6171328061413939,11.43121337890625,40.0,"{""type"":""Point"",""coordinates"":[109.62965625256642,19.100610056218326]}"
2424,0.0,29.0,7.0,11.170549392700195,8.0,19.919556699686147,110.55320239493938,2410.75634765625,43.0,0.49402227997779846,3.0,4.0,0.7715914457969677,13.572154998779297,41.0,"{""type"":""Point"",""coordinates"":[110.55184474447441,19.9202073436986]}"
2425,0.0,23.0,109.0,32.04981994628906,107.0,18.495726974356707,109.03954114119801,1784.72900390625,55.0,6.811439037322998,4.0,1.0,0.5871538330791322,11.831761360168457,45.0,"{""type"":""Point"",""coordinates"":[109.03978550375146,18.49576308438255]}"
2426,0.0,30.0,199.0,79.02127838134766,179.0,18.98980038062244,110.25675835117994,2625.502685546875,38.0,9.858713150024414,4.0,2.0,0.6139614124915547,11.40046215057373,45.0,"{""type"":""Point"",""coordinates"":[110.25608496118184,18.987641275238452]}"
2427,0.0,33.0,412.0,31.552061080932617,393.0,19.0751403326138,110.15345209350619,2789.5146484375,37.0,2.160825729370117,4.0,2.0,0.6303691081163261,12.780272483825684,45.0,"{""type"":""Point"",""coordinates"":[110.15478700037632,19.073619884721815]}"
2428,0.0,32.0,458.0,38.9708366394043,412.0,18.702339489704194,109.5920050409315,2124.45361328125,45.0,7.542943954467773,5.0,1.0,0.5662000481826377,11.48989200592041,49.0,"{""type"":""Point"",""coordinates"":[109.59193034094885,18.701750250120007]}"
2429,0.0,26.0,302.0,84.38713073730469,301.0,18.52267643288029,109.753701792073,2170.055908203125,53.0,22.073476791381836,4.0,1.0,0.5452668622019324,10.484492301940918,46.0,"{""type"":""Point"",""coordinates"":[109.75523692041901,18.52310368338804]}"
2430,0.0,26.0,409.0,110.62490844726562,309.0,19.403025411317422,109.48420720683714,2705.88525390625,50.0,19.034469604492188,4.0,3.0,0.6157636743668642,10.56945514678955,35.0,"{""type"":""Point"",""coordinates"":[109.4859433657585,19.403426243998823]}"
2431,0.0,20.0,141.0,14.293512344360352,127.0,19.510823245411764,109.39886725484581,2454.439453125,53.0,0.5740659832954407,3.0,3.0,0.6851247000453837,14.290399551391602,36.0,"{""type"":""Point"",""coordinates"":[109.39729524795067,19.513003593310028]}"
2432,0.0,24.0,197.0,13.441357612609863,116.0,19.263786542278893,109.89294066111154,2662.313232421875,55.0,0.38218969106674194,3.0,2.0,0.682427378054895,14.661866188049316,38.0,"{""type"":""Point"",""coordinates"":[109.89482829084498,19.263156304968092]}"
2433,0.0,25.0,212.0,20.74038314819336,107.0,19.371584376373235,109.45725774831357,2659.1064453125,55.0,1.155224084854126,3.0,3.0,0.6913040527473933,13.545919418334961,35.0,"{""type"":""Point"",""coordinates"":[109.45639379028663,19.370297777169352]}"
2434,0.0,27.0,110.0,24.331621170043945,92.0,18.594541655609852,109.7492102156524,2146.941650390625,45.0,2.5889124870300293,4.0,1.0,0.6304809379783043,12.802563667297363,45.0,"{""type"":""Point"",""coordinates"":[109.74924278546966,18.594307825642687]}"
2435,0.0,23.0,21.0,11.081591606140137,21.0,19.277261271540688,110.60710131198658,2439.59814453125,50.0,0.2930437922477722,4.0,2.0,0.7593199142911529,14.76438045501709,41.0,"{""type"":""Point"",""coordinates"":[110.60543451408427,19.27631922743275]}"
2436,0.0,28.0,0.0,4.199460506439209,3.0,18.549625891403878,108.72962236817676,1608.940673828125,46.0,0.06050310656428337,3.0,1.0,0.7351483009183235,16.534879684448242,40.0,"{""type"":""Point"",""coordinates"":[108.72833743848778,18.551079893655164]}"
2437,0.0,29.0,438.0,71.213134765625,400.0,19.12454767324037,110.04116268299128,2773.7412109375,41.0,8.37819766998291,4.0,2.0,0.6045990620026052,11.398847579956055,45.0,"{""type"":""Point"",""coordinates"":[110.04085615099213,19.122676076871542]}"
2438,0.0,27.0,97.0,35.355323791503906,68.0,18.67988160760121,109.74471863923185,2373.108154296875,47.0,3.564570903778076,3.0,1.0,0.6529781620969993,12.490033149719238,48.0,"{""type"":""Point"",""coordinates"":[109.74548267964691,18.678891017301815]}"
2439,0.0,28.0,68.0,16.922527313232422,69.0,19.950997734630327,110.27921623328291,2526.0966796875,44.0,1.3320128917694092,2.0,4.0,0.7164132716243965,12.551624298095703,38.0,"{""type"":""Point"",""coordinates"":[110.27923025773687,19.949320205987686]}"
2440,0.0,26.0,275.0,35.30513000488281,249.0,18.661915301918818,109.00360852983323,2068.859619140625,52.0,5.897069454193115,4.0,1.0,0.5915356952065157,11.870585441589355,46.0,"{""type"":""Point"",""coordinates"":[109.00346161077172,18.660658037788615]}"
2441,0.0,26.0,19.0,11.860126495361328,19.0,19.281752847961286,110.62506761766895,2439.59814453125,47.0,0.4060850143432617,5.0,3.0,0.7708431010233175,14.439644813537598,39.0,"{""type"":""Point"",""coordinates"":[110.62388816789706,19.280477184866914]}"
2442,0.0,30.0,27.0,16.857669830322266,27.0,19.928539852527344,109.81209228554076,2203.09765625,41.0,1.4828643798828125,3.0,4.0,0.7593886147950462,13.138204574584961,35.0,"{""type"":""Point"",""coordinates"":[109.81314701950225,19.927945990358044]}"
2443,0.0,30.0,62.0,15.013585090637207,33.0,18.661915301918818,109.75819336849361,2309.415771484375,43.0,0.9152852296829224,4.0,1.0,0.6974540456463258,13.871729850769043,49.0,"{""type"":""Point"",""coordinates"":[109.7564783091089,18.66317949239776]}"
2444,0.0,23.0,15.0,11.995169639587402,18.0,18.84606993516332,110.40048879663908,2134.3291015625,52.0,0.7127894759178162,2.0,2.0,0.7103478404795438,14.14924430847168,48.0,"{""type"":""Point"",""coordinates"":[110.40127744294558,18.843829253732224]}"
2445,0.0,26.0,46.0,26.016469955444336,31.0,19.093106638296184,110.22082573981515,2793.832275390625,43.0,1.2633463144302368,4.0,2.0,0.7330744973993846,13.558793067932129,45.0,"{""type"":""Point"",""coordinates"":[110.21996200612409,19.09288064025737]}"
2446,0.0,26.0,57.0,10.456229209899902,56.0,18.5092017036185,108.96767591846844,1968.2413330078125,55.0,0.8413385152816772,2.0,1.0,0.6597497141958355,13.958939552307129,47.0,"{""type"":""Point"",""coordinates"":[108.96961986656528,18.509885385708873]}"
2447,0.0,28.0,92.0,16.204261779785156,91.0,19.510823245411764,110.61159288840719,2505.265380859375,41.0,0.914480984210968,3.0,3.0,0.6955772027498202,13.401421546936035,37.0,"{""type"":""Point"",""coordinates"":[110.6136078875527,19.509876373932062]}"
2448,0.0,37.0,105.0,16.847150802612305,88.0,19.371584376373235,110.3151488446477,2837.233154296875,36.0,0.5646542310714722,5.0,3.0,0.6928249437594829,14.329031944274902,40.0,"{""type"":""Point"",""coordinates"":[110.31548406452762,19.36941649775321]}"
2449,0.0,25.0,38.0,6.236205101013184,38.0,19.74438521928284,110.98888530773735,1798.6541748046875,45.0,0.41844746470451355,2.0,4.0,0.6679917253899008,13.264631271362305,48.0,"{""type"":""Point"",""coordinates"":[110.98943057157143,19.74386189276245]}"
2450,0.0,27.0,73.0,12.68615436553955,74.0,19.897098817583156,110.18489312845037,2476.890869140625,41.0,0.44214245676994324,3.0,4.0,0.7247243846531203,14.312899589538574,35.0,"{""type"":""Point"",""coordinates"":[110.1831463332769,19.898672529882298]}"
2451,0.0,34.0,642.0,59.13142013549805,435.0,19.025732991987226,109.2326789272837,2472.46826171875,36.0,10.679967880249023,8.0,2.0,0.6018763215199966,10.982880592346191,41.0,"{""type"":""Point"",""coordinates"":[109.23450614346628,19.027227839007953]}"
2452,0.0,29.0,146.0,27.641176223754883,22.0,18.814628900219134,109.07996532898335,2068.205810546875,39.0,3.5029685497283936,7.0,1.0,0.7181838820099108,12.477456092834473,41.0,"{""type"":""Point"",""coordinates"":[109.08163079487916,18.813085904695225]}"
2453,0.0,31.0,114.0,19.55816650390625,108.0,19.645570538029695,110.60260973556598,2439.375,43.0,1.6705089807510376,4.0,3.0,0.7049472416717375,12.777623176574707,31.0,"{""type"":""Point"",""coordinates"":[110.6044071695575,19.64431226143265]}"
2454,0.0,24.0,24.0,15.930551528930664,24.0,19.18742974312874,110.45438771368623,2753.08544921875,44.0,0.4289803206920624,2.0,2.0,0.7716969631256985,14.632575988769531,39.0,"{""type"":""Point"",""coordinates"":[110.45223961738466,19.18782053780459]}"
2455,0.0,29.0,184.0,16.606481552124023,97.0,19.488365363308773,109.69081972218464,2735.858642578125,45.0,0.6019211411476135,4.0,3.0,0.6993913469276641,14.215960502624512,35.0,"{""type"":""Point"",""coordinates"":[109.69169323755919,19.48766808923419]}"
2456,0.0,29.0,41.0,20.899755477905273,42.0,19.959980887471524,110.14446894066504,2391.9794921875,42.0,1.6781587600708008,3.0,4.0,0.7432477790606741,13.003717422485352,37.0,"{""type"":""Point"",""coordinates"":[110.14254522155296,19.95952495582718]}"
2457,0.0,27.0,68.0,27.434751510620117,44.0,19.623112655926704,109.9558227309999,2607.329345703125,47.0,1.8148473501205444,5.0,3.0,0.7741136419426516,13.183403015136719,32.0,"{""type"":""Point"",""coordinates"":[109.9579398680936,19.621351899036323]}"
2458,0.0,25.0,172.0,24.354217529296875,144.0,18.985308804201843,108.88233596647706,1984.775146484375,48.0,3.2799642086029053,4.0,2.0,0.6193766260257098,12.527066230773926,42.0,"{""type"":""Point"",""coordinates"":[108.88333051479634,18.985837974739024]}"
2459,0.0,30.0,44.0,21.832731246948242,39.0,19.34912649427025,110.45887929010684,2757.08837890625,41.0,1.013993501663208,4.0,3.0,0.7391878041111212,13.760379791259766,42.0,"{""type"":""Point"",""coordinates"":[110.45720967621615,19.347488041956247]}"
2460,0.0,27.0,72.0,33.510047912597656,49.0,19.65455369087089,109.96929746026171,2649.8896484375,46.0,2.372422456741333,7.0,3.0,0.7670658599642968,12.912878036499023,32.0,"{""type"":""Point"",""coordinates"":[109.96924780441833,19.655509274232394]}"
2461,0.0,25.0,80.0,21.482175827026367,48.0,19.16048028460515,110.07709529435607,2791.02294921875,46.0,0.8929483294487,4.0,2.0,0.7273423603628785,13.885733604431152,42.0,"{""type"":""Point"",""coordinates"":[110.07823010031701,19.162540040917424]}"
2462,0.0,24.0,13.0,15.509478569030762,13.0,19.694977878656267,109.31352730285442,2093.907958984375,52.0,1.299964427947998,2.0,3.0,0.7690787121790259,13.549368858337402,35.0,"{""type"":""Point"",""coordinates"":[109.31453347759779,19.694233818917425]}"
2463,0.0,29.0,655.0,36.5719108581543,588.0,18.60352480845105,109.46174932473417,2237.392578125,43.0,6.20154333114624,5.0,1.0,0.5781896321464413,11.522432327270508,46.0,"{""type"":""Point"",""coordinates"":[109.46112619101065,18.603774287394078]}"
2464,0.0,28.0,204.0,61.010223388671875,182.0,19.322177035746662,109.13835582245116,2342.458740234375,50.0,9.792985916137695,4.0,3.0,0.6285865677298967,11.404060363769531,39.0,"{""type"":""Point"",""coordinates"":[109.13863328248446,19.321930329706706]}"
2465,0.0,27.0,22.0,7.835958957672119,16.0,19.789300983488815,110.76879806312809,2238.98486328125,52.0,0.1828792244195938,6.0,4.0,0.7504605013496507,14.54349136352539,42.0,"{""type"":""Point"",""coordinates"":[110.7689210326064,19.790209341657118]}"
2466,0.0,28.0,448.0,44.97700881958008,303.0,18.706831066124792,109.31352730285442,2217.32763671875,49.0,8.089340209960938,5.0,1.0,0.5920886942421465,11.426780700683594,44.0,"{""type"":""Point"",""coordinates"":[109.31565629068429,18.708320412088803]}"
2467,0.0,25.0,18.0,6.628799915313721,18.0,19.528789551094157,108.96318434204784,1869.7095947265625,51.0,0.2508927583694458,3.0,3.0,0.7502351995175165,15.19172191619873,36.0,"{""type"":""Point"",""coordinates"":[108.96270030224277,19.526801847052248]}"
2468,0.0,21.0,43.0,12.151302337646484,43.0,19.677011572973875,109.36293464348103,2212.09814453125,57.0,0.6509189605712891,3.0,3.0,0.7442788049014394,14.22380256652832,35.0,"{""type"":""Point"",""coordinates"":[109.36440999149418,19.67515269593503]}"
2469,0.0,40.0,111.0,17.550493240356445,111.0,19.753368372124037,109.60547977019331,2234.395751953125,33.0,1.5108009576797485,5.0,4.0,0.6807272764102016,13.341001510620117,34.0,"{""type"":""Point"",""coordinates"":[109.60580798390981,19.753187261779367]}"
2470,0.0,24.0,108.0,36.110477447509766,100.0,18.54513431498328,109.67734499292288,2306.719970703125,54.0,4.066058158874512,4.0,1.0,0.6208691357518235,12.35134506225586,46.0,"{""type"":""Point"",""coordinates"":[109.67511458565099,18.546121274794206]}"
2471,0.0,28.0,11.0,13.878898620605469,11.0,19.470399057626388,108.94072645994487,1987.242919921875,47.0,1.2932381629943848,2.0,3.0,0.747441322140218,13.555707931518555,39.0,"{""type"":""Point"",""coordinates"":[108.94044730233752,19.469940705186957]}"
2472,0.0,31.0,26.0,10.157944679260254,27.0,20.085745027248258,110.61608446482774,2194.0322265625,46.0,0.9770967364311218,3.0,4.0,0.7216283865553402,12.442310333251953,44.0,"{""type"":""Point"",""coordinates"":[110.61702656773762,20.085574633569053]}"
2473,0.0,24.0,29.0,20.937231063842773,27.0,19.254803389437704,110.39150564379787,2942.094970703125,51.0,0.7065954804420471,3.0,2.0,0.7758865524796514,14.149880409240723,37.0,"{""type"":""Point"",""coordinates"":[110.39133251532147,19.254662155264658]}"
2474,0.0,25.0,7.0,14.258919715881348,7.0,19.23683708375531,110.55320239493938,2587.355712890625,48.0,0.46931949257850647,3.0,2.0,0.7874228842956321,14.534405708312988,40.0,"{""type"":""Point"",""coordinates"":[110.55470887438595,19.235371962122677]}"
2475,0.0,28.0,89.0,18.21072006225586,57.0,19.569213738879533,110.05014583583244,2707.701904296875,45.0,0.7456365823745728,3.0,3.0,0.7526923421501476,14.060650825500488,34.0,"{""type"":""Point"",""coordinates"":[110.05033054857772,19.5671884227592]}"
2476,0.0,29.0,284.0,58.58848190307617,284.0,18.473269092253716,109.87946593184972,2018.012939453125,50.0,15.24973201751709,5.0,1.0,0.5692040193167089,10.893895149230957,44.0,"{""type"":""Point"",""coordinates"":[109.87907668173972,18.47541260693963]}"
2477,0.0,24.0,142.0,31.628131866455078,68.0,19.286244424381884,110.04116268299128,2883.73291015625,53.0,1.7584506273269653,4.0,3.0,0.7102346111180702,13.17005443572998,39.0,"{""type"":""Point"",""coordinates"":[110.03901800388812,19.28472422754146]}"
2478,0.0,33.0,80.0,14.119263648986816,67.0,19.60963792666491,110.56218554778059,2561.440673828125,42.0,0.676306962966919,5.0,3.0,0.742318454754159,13.71448040008545,34.0,"{""type"":""Point"",""coordinates"":[110.56061910341884,19.611142433637717]}"
2479,0.0,26.0,6.0,7.908569812774658,7.0,20.031846110201087,110.72388229892209,2086.052734375,43.0,0.3495285212993622,4.0,4.0,0.7367654757548111,13.517862319946289,45.0,"{""type"":""Point"",""coordinates"":[110.72330566351134,20.03015382988808]}"
2480,0.0,23.0,143.0,50.80976104736328,127.0,19.18742974312874,109.0215748355156,2212.23046875,56.0,7.994070529937744,4.0,2.0,0.6221328702675589,11.648962020874023,41.0,"{""type"":""Point"",""coordinates"":[109.02175942285254,19.18803494780166]}"
2481,0.0,28.0,464.0,69.52433013916016,266.0,18.73378052464838,109.47073247757538,2315.790771484375,48.0,14.826825141906738,4.0,1.0,0.5610142025029706,10.792542457580566,47.0,"{""type"":""Point"",""coordinates"":[109.47006486719025,18.735678959751365]}"
2482,0.0,27.0,167.0,62.08578109741211,90.0,19.38505910563503,109.81209228554076,2706.6318359375,47.0,6.183136940002441,4.0,3.0,0.6754423274859523,11.893433570861816,37.0,"{""type"":""Point"",""coordinates"":[109.81162291464487,19.385238641344444]}"
2483,0.0,27.0,46.0,14.40661907196045,46.0,19.789300983488815,110.56667712420119,2435.82958984375,41.0,0.7404189705848694,6.0,4.0,0.7471820398492452,13.655269622802734,37.0,"{""type"":""Point"",""coordinates"":[110.56591012257223,19.790357971598393]}"
2484,0.0,23.0,4.0,7.325558662414551,7.0,18.74725525391017,110.41396352590084,2023.2283935546875,51.0,0.18172019720077515,2.0,1.0,0.7187399718460477,15.503264427185059,48.0,"{""type"":""Point"",""coordinates"":[110.41224093462354,18.74576014012663]}"
2485,0.0,29.0,77.0,16.7127742767334,67.0,19.398533834896824,110.43642140800387,2788.277099609375,39.0,0.5036442875862122,4.0,3.0,0.7262153235025681,14.44034194946289,38.0,"{""type"":""Point"",""coordinates"":[110.43423105403316,19.398355100182016]}"
2486,0.0,20.0,13.0,6.385285377502441,13.0,19.65455369087089,109.19225473949831,1837.4462890625,53.0,0.19151651859283447,2.0,3.0,0.7446789243675709,15.464654922485352,38.0,"{""type"":""Point"",""coordinates"":[109.19197459148732,19.65236048965835]}"
2487,0.0,26.0,6.0,8.502883911132812,7.0,19.942014581789138,110.79125594523106,2178.518310546875,44.0,0.3502718508243561,2.0,4.0,0.7230800581385528,13.515737533569336,49.0,"{""type"":""Point"",""coordinates"":[110.79251443340895,19.94295029229621]}"
2488,0.0,28.0,570.0,33.24017333984375,446.0,18.76971313601316,109.01708325909499,2110.38330078125,49.0,6.155030250549316,7.0,1.0,0.6001553954040626,11.60464859008789,41.0,"{""type"":""Point"",""coordinates"":[109.01494117049019,18.771848742569638]}"
2489,0.0,27.0,199.0,95.75625610351562,177.0,18.95835934567826,110.21633416339455,2783.8994140625,51.0,12.252079963684082,4.0,2.0,0.6043329803178971,11.177653312683105,45.0,"{""type"":""Point"",""coordinates"":[110.2154335952594,18.958323990636295]}"
2490,0.0,28.0,55.0,10.512500762939453,53.0,19.807267289171207,110.31065726822715,2446.577880859375,42.0,0.23740015923976898,6.0,4.0,0.7593973308797217,14.948884010314941,33.0,"{""type"":""Point"",""coordinates"":[110.31047974241777,19.808913339174833]}"
2491,0.0,31.0,324.0,53.4241828918457,270.0,18.940393039995868,109.05750744688038,2250.0380859375,40.0,9.106035232543945,7.0,2.0,0.6121894819018951,11.397435188293457,41.0,"{""type"":""Point"",""coordinates"":[109.05831772895714,18.939728792507683]}"
2492,0.0,23.0,104.0,8.319454193115234,96.0,19.32666861216726,108.9811506477302,2255.133544921875,59.0,0.1824994683265686,4.0,3.0,0.6559187347188176,15.459134101867676,42.0,"{""type"":""Point"",""coordinates"":[108.97895845012413,19.324713235593887]}"
2493,0.0,25.0,30.0,9.126848220825195,33.0,18.84606993516332,110.35557303243309,2207.730712890625,48.0,0.25949084758758545,3.0,2.0,0.7086725010368197,15.151081085205078,46.0,"{""type"":""Point"",""coordinates"":[110.35360957398186,18.844854784857514]}"
2494,0.0,26.0,129.0,26.44517707824707,50.0,19.308702306484875,110.02768795372947,2838.8310546875,51.0,1.3765344619750977,4.0,3.0,0.7331318509986748,13.42308235168457,39.0,"{""type"":""Point"",""coordinates"":[110.02745190142356,19.307314582929468]}"
2495,0.0,23.0,111.0,13.087241172790527,82.0,19.061665603352004,108.95869276562723,2437.5322265625,50.0,0.4854887127876282,2.0,2.0,0.6834567025702822,14.476448059082031,41.0,"{""type"":""Point"",""coordinates"":[108.95729958705778,19.061260756391736]}"
2496,0.0,33.0,520.0,74.24858856201172,384.0,19.21437920165232,109.66387026366107,2746.346923828125,38.0,10.306991577148438,5.0,2.0,0.625952186126921,11.123514175415039,38.0,"{""type"":""Point"",""coordinates"":[109.66319905466017,19.212820490613087]}"
2497,0.0,25.0,134.0,25.054393768310547,59.0,19.33116018858786,109.87946593184972,2688.758056640625,50.0,1.4349851608276367,3.0,3.0,0.7178027638507773,13.37839412689209,40.0,"{""type"":""Point"",""coordinates"":[109.88165050754034,19.33307411666641]}"
2498,0.0,27.0,41.0,9.391959190368652,39.0,19.79828413633001,110.47235401936865,2518.283447265625,44.0,0.057359881699085236,5.0,4.0,0.7668628445809768,16.217727661132812,36.0,"{""type"":""Point"",""coordinates"":[110.47355840567437,19.79853639809633]}"
2499,0.0,24.0,405.0,22.484004974365234,359.0,18.68437318402181,109.57853031166974,2192.7236328125,53.0,2.47896671295166,4.0,1.0,0.593556953121719,12.647980690002441,48.0,"{""type"":""Point"",""coordinates"":[109.57899619314209,18.6825532662708]}"
2500,0.0,30.0,598.0,37.843284606933594,392.0,18.6888647604424,109.42581671336939,2204.030029296875,47.0,7.025843620300293,6.0,1.0,0.5780716410284442,11.447175979614258,46.0,"{""type"":""Point"",""coordinates"":[109.42413319867086,18.68786771951339]}"
2501,0.0,23.0,92.0,13.521629333496094,55.0,19.708452607918062,109.72675233354943,2490.99609375,53.0,0.5007378458976746,2.0,3.0,0.7577956029693164,14.457032203674316,32.0,"{""type"":""Point"",""coordinates"":[109.72506570213034,19.709601927688514]}"
2502,0.0,22.0,88.0,19.68806266784668,84.0,19.32666861216726,108.90479384858008,2051.248779296875,58.0,2.1757640838623047,2.0,3.0,0.6531692162765533,12.989931106567383,41.0,"{""type"":""Point"",""coordinates"":[108.90421971219243,19.32454872169078]}"
2503,0.0,28.0,256.0,60.59968948364258,241.0,19.209887625231723,110.21184258697394,2882.9013671875,45.0,5.214137077331543,4.0,2.0,0.6482268910178721,12.007223129272461,40.0,"{""type"":""Point"",""coordinates"":[110.21110502734587,19.21153906459004]}"
2504,0.0,28.0,140.0,38.00445556640625,37.0,19.398533834896824,109.68183656934343,2744.517822265625,44.0,2.68746018409729,4.0,3.0,0.7588694791398545,12.746712684631348,35.0,"{""type"":""Point"",""coordinates"":[109.6818929598309,19.398711372966748]}"
2505,0.0,27.0,356.0,34.28244400024414,150.0,18.720305795386587,109.48869878325775,2315.790771484375,48.0,4.150824069976807,5.0,1.0,0.6070580807705921,12.167119979858398,46.0,"{""type"":""Point"",""coordinates"":[109.48792764356162,18.720940190223526]}"
2506,0.0,23.0,30.0,11.036649703979492,30.0,19.681503149394473,109.34496833779866,2093.907958984375,55.0,0.6693578362464905,2.0,3.0,0.7561359003039498,14.203444480895996,34.0,"{""type"":""Point"",""coordinates"":[109.34710199284446,19.68289711312422]}"
2507,0.0,32.0,147.0,21.62260627746582,145.0,19.54226428035595,109.26411996222788,2169.1025390625,45.0,2.3220059871673584,4.0,3.0,0.6574926520463015,12.888711929321289,37.0,"{""type"":""Point"",""coordinates"":[109.26610011374777,19.542882686387273]}"
2508,0.0,29.0,238.0,19.56998062133789,60.0,19.191921319549337,109.4392914426312,2631.47216796875,42.0,0.9954878091812134,4.0,2.0,0.7266499109064148,13.677743911743164,37.0,"{""type"":""Point"",""coordinates"":[109.43707240365342,19.190200646554636]}"
2509,0.0,30.0,56.0,17.338376998901367,49.0,19.376075952793833,110.45438771368623,2738.883056640625,41.0,0.6318928599357605,4.0,3.0,0.742611489578257,14.22618579864502,39.0,"{""type"":""Point"",""coordinates"":[110.45501446299247,19.374980508652143]}"
2510,0.0,27.0,291.0,55.44771194458008,289.0,18.590050079189254,108.88233596647706,1896.08056640625,50.0,16.039148330688477,3.0,1.0,0.5451791872866132,10.83604621887207,47.0,"{""type"":""Point"",""coordinates"":[108.88276663515751,18.59186540167861]}"
2511,0.0,28.0,4.0,8.498994827270508,5.0,20.013879804518695,110.49930347789223,2233.02978515625,42.0,0.22943836450576782,2.0,4.0,0.7646454263809398,14.343548774719238,41.0,"{""type"":""Point"",""coordinates"":[110.49811453571328,20.01497142464285]}"
2512,0.0,22.0,28.0,15.740144729614258,27.0,19.120056096819773,110.39150564379787,2834.1875,52.0,0.36873725056648254,3.0,2.0,0.7690485178596328,14.800871849060059,39.0,"{""type"":""Point"",""coordinates"":[110.39050727759447,19.12142146230068]}"
2513,0.0,23.0,74.0,10.573861122131348,72.0,18.832595205901526,108.77453813238276,1725.241455078125,59.0,1.3330540657043457,3.0,2.0,0.6387563807783639,13.488516807556152,44.0,"{""type"":""Point"",""coordinates"":[108.77639206198081,18.833888105028414]}"
2514,0.0,29.0,450.0,21.25656509399414,430.0,18.79666259453675,110.1579436699268,2412.878662109375,48.0,1.8018461465835571,4.0,1.0,0.6107581009573004,12.933327674865723,47.0,"{""type"":""Point"",""coordinates"":[110.15779125682418,18.795603258886743]}"
2515,0.0,28.0,252.0,71.56468200683594,198.0,19.111072943978577,109.97828061310292,2791.88671875,48.0,7.696949005126953,4.0,2.0,0.6176845181758661,11.617167472839355,45.0,"{""type"":""Point"",""coordinates"":[109.97823857484903,19.109334006953862]}"
2516,0.0,20.0,28.0,4.833445072174072,28.0,18.37894598742117,109.04403271761862,1602.6798095703125,56.0,0.1720791757106781,2.0,1.0,0.704098534913025,15.56301212310791,40.0,"{""type"":""Point"",""coordinates"":[109.04503477472875,18.376775055286224]}"
2517,0.0,32.0,560.0,57.41731643676758,373.0,19.15598870818455,109.60547977019331,2664.16552734375,38.0,7.3834967613220215,5.0,2.0,0.6344418395073419,11.42939567565918,38.0,"{""type"":""Point"",""coordinates"":[109.60435132272987,19.157271164673297]}"
2518,0.0,27.0,101.0,37.57876205444336,71.0,19.55124743319714,109.9513311545793,2679.235595703125,46.0,2.7838571071624756,4.0,3.0,0.7233556892109774,12.735323905944824,35.0,"{""type"":""Point"",""coordinates"":[109.95261377264602,19.551791653155714]}"
2519,0.0,22.0,96.0,14.976518630981445,51.0,19.510823245411764,109.86149962616736,2661.990234375,53.0,0.46288663148880005,4.0,3.0,0.7433067325565557,14.533224105834961,38.0,"{""type"":""Point"",""coordinates"":[109.86094236343328,19.512894914369987]}"
2520,0.0,23.0,41.0,16.616539001464844,27.0,19.694977878656267,110.14446894066504,2663.0341796875,54.0,0.6338675618171692,2.0,3.0,0.8066559107857088,14.251520156860352,30.0,"{""type"":""Point"",""coordinates"":[110.14468389402204,19.69387136767735]}"
2521,0.0,35.0,416.0,45.682132720947266,412.0,18.423861751627143,109.34496833779866,1952.53662109375,39.0,12.142916679382324,7.0,1.0,0.5823681626251597,11.036370277404785,41.0,"{""type"":""Point"",""coordinates"":[109.34282871660265,18.425271505567295]}"
2522,0.0,24.0,293.0,64.37550354003906,168.0,19.24132866017591,109.41234198410757,2669.045654296875,50.0,7.138699531555176,4.0,2.0,0.6536851970676009,11.665595054626465,37.0,"{""type"":""Point"",""coordinates"":[109.41148914673691,19.241158484333404]}"
2523,0.0,26.0,64.0,6.853228569030762,64.0,18.495726974356707,109.89743223753214,2018.012939453125,47.0,0.12968769669532776,3.0,1.0,0.6656885061992275,15.824736595153809,45.0,"{""type"":""Point"",""coordinates"":[109.89704118333084,18.49683058687388]}"
2524,0.0,25.0,190.0,13.413267135620117,181.0,18.513693280039092,109.25513680938667,1950.45947265625,54.0,1.3910061120986938,4.0,1.0,0.6099093473449819,13.374310493469238,45.0,"{""type"":""Point"",""coordinates"":[109.25308604273805,18.514338419161465]}"
2525,0.0,30.0,385.0,71.38052368164062,240.0,19.200904472390526,109.65937868724046,2746.346923828125,41.0,8.482501983642578,4.0,2.0,0.6386870405807827,11.425836563110352,38.0,"{""type"":""Point"",""coordinates"":[109.65977803751902,19.201797609414072]}"
2526,0.0,25.0,172.0,18.7734375,84.0,19.371584376373235,109.7492102156524,2708.50146484375,50.0,0.8066672682762146,4.0,3.0,0.7047005514623315,13.930769920349121,37.0,"{""type"":""Point"",""coordinates"":[109.74830293490834,19.369935810294006]}"
2527,0.0,26.0,129.0,17.744997024536133,104.0,19.286244424381884,110.20285943413279,2895.6337890625,48.0,0.5192724466323853,4.0,3.0,0.6860708095048487,14.39814281463623,38.0,"{""type"":""Point"",""coordinates"":[110.20259976525003,19.28761336986887]}"
2528,0.0,28.0,68.0,11.714284896850586,43.0,18.585558502768656,109.66387026366107,2151.471435546875,43.0,0.6681110858917236,5.0,1.0,0.6916404673606996,14.182994842529297,46.0,"{""type"":""Point"",""coordinates"":[109.66413747783987,18.58410914271904]}"
2529,0.0,31.0,86.0,20.199569702148438,62.0,19.66802842013268,109.91090696679396,2648.017578125,42.0,1.0370069742202759,4.0,3.0,0.7602346460462779,13.732544898986816,31.0,"{""type"":""Point"",""coordinates"":[109.90928267376202,19.668681779463437]}"
2530,0.0,32.0,838.0,48.51142120361328,647.0,18.702339489704194,109.48420720683714,2315.790771484375,46.0,12.351791381835938,6.0,1.0,0.5590788829349883,10.639180183410645,45.0,"{""type"":""Point"",""coordinates"":[109.48371359478259,18.70395055231172]}"
2531,0.0,25.0,1.0,8.98475170135498,4.0,18.8820025465281,110.45438771368623,2140.2490234375,46.0,0.2927737236022949,3.0,2.0,0.7473575927318845,15.028074264526367,44.0,"{""type"":""Point"",""coordinates"":[110.45619220703766,18.88137558597054]}"
2532,0.0,27.0,243.0,55.29869079589844,170.0,19.40751698773802,109.50666508894017,2622.5146484375,52.0,6.20696496963501,4.0,3.0,0.6744225994515987,11.84041976928711,34.0,"{""type"":""Point"",""coordinates"":[109.50669479138504,19.40550378363961]}"
2533,0.0,23.0,18.0,8.101224899291992,18.0,18.57208377350686,110.07260371793546,2179.86328125,44.0,0.11471964418888092,3.0,1.0,0.7293895108645743,15.974261283874512,45.0,"{""type"":""Point"",""coordinates"":[110.07377430239599,18.571742112624943]}"
2534,0.0,24.0,14.0,6.101130962371826,14.0,19.757859948544635,110.98439373131674,1797.8966064453125,51.0,0.4061118960380554,3.0,4.0,0.6968943279876954,13.349996566772461,48.0,"{""type"":""Point"",""coordinates"":[110.98527628562243,19.757507264742674]}"
2535,0.0,24.0,30.0,7.6563920974731445,29.0,18.49123539793611,108.95420118920663,1809.9920654296875,52.0,0.49726104736328125,3.0,1.0,0.6883048534429275,14.5006685256958,46.0,"{""type"":""Point"",""coordinates"":[108.95259317907572,18.490832071046885]}"
2536,0.0,28.0,356.0,34.95333480834961,200.0,19.084123485454995,109.77615967417603,2516.873291015625,46.0,3.365532636642456,4.0,2.0,0.6471864203598875,12.37744140625,40.0,"{""type"":""Point"",""coordinates"":[109.77426719708025,19.083747062845095]}"
2537,0.0,28.0,1357.0,34.29139709472656,1190.0,18.940393039995868,109.37640937274284,2464.67236328125,44.0,12.489361763000488,11.0,2.0,0.5383116621558912,9.788804054260254,46.0,"{""type"":""Point"",""coordinates"":[109.37424799011701,18.94104034586311]}"
2538,0.0,27.0,64.0,12.107613563537598,53.0,19.82972517127419,110.14896051708558,2481.191650390625,41.0,0.3703167736530304,2.0,4.0,0.7617772567685035,14.497246742248535,32.0,"{""type"":""Point"",""coordinates"":[110.14933438183363,19.829526142001793]}"
2539,0.0,31.0,98.0,20.939294815063477,87.0,19.627604232347302,109.50666508894017,2395.7138671875,46.0,1.6077919006347656,4.0,3.0,0.7086432555119492,13.286639213562012,33.0,"{""type"":""Point"",""coordinates"":[109.50677533163389,19.627071525864977]}"
2540,0.0,23.0,60.0,7.64795446395874,57.0,19.133530826081568,108.81496232016809,1820.6370849609375,57.0,0.5197827816009521,2.0,2.0,0.6863156287428607,14.43879508972168,39.0,"{""type"":""Point"",""coordinates"":[108.81524221194549,19.133428652225316]}"
2541,0.0,30.0,26.0,8.979850769042969,27.0,20.009388228098096,110.23430046907697,2187.4111328125,44.0,0.43218994140625,2.0,4.0,0.7531972914866079,13.739334106445312,37.0,"{""type"":""Point"",""coordinates"":[110.23380987048692,20.011411230462354]}"
2542,0.0,27.0,640.0,51.831302642822266,460.0,18.864036240845707,109.51115666536077,2218.97705078125,50.0,12.005538940429688,4.0,2.0,0.5550717765686595,10.864572525024414,47.0,"{""type"":""Point"",""coordinates"":[109.50950572145979,18.864832972533158]}"
2543,0.0,26.0,637.0,46.725486755371094,584.0,18.774204712433757,109.65039553439925,2290.165771484375,47.0,8.567940711975098,5.0,1.0,0.5700145874633215,11.211901664733887,47.0,"{""type"":""Point"",""coordinates"":[109.65196788622141,18.774122731943844]}"
2544,0.0,27.0,5.0,7.830526351928711,6.0,19.973455616733318,110.80473067449287,2052.721435546875,44.0,0.4196552336215973,4.0,4.0,0.7223916802591207,13.337213516235352,48.0,"{""type"":""Point"",""coordinates"":[110.8060792242947,19.971480525583207]}"
2545,0.0,24.0,5.0,4.137191295623779,6.0,19.18293816670814,108.69818133323258,1459.2484130859375,53.0,0.2153036892414093,2.0,2.0,0.7167124954554366,15.352168083190918,41.0,"{""type"":""Point"",""coordinates"":[108.70022758709433,19.180982972338676]}"
2546,0.0,28.0,104.0,15.890846252441406,91.0,19.434466446261602,110.42294667874205,2717.21484375,41.0,0.4999319911003113,5.0,3.0,0.7032589922166929,14.431159973144531,37.0,"{""type"":""Point"",""coordinates"":[110.42442075268448,19.43655941523998]}"
2547,0.0,27.0,655.0,57.82715606689453,565.0,19.138022402502166,109.16979685739534,2578.6181640625,49.0,9.146702766418457,7.0,2.0,0.6242945944486523,11.129207611083984,38.0,"{""type"":""Point"",""coordinates"":[109.16995556452667,19.13721260497655]}"
2548,0.0,29.0,280.0,40.91203308105469,175.0,18.91344358147228,109.97378903668232,2644.976318359375,42.0,3.5573770999908447,4.0,2.0,0.6329889876649143,12.374879837036133,45.0,"{""type"":""Point"",""coordinates"":[109.97584564650032,18.913041731556575]}"
2549,0.0,24.0,32.0,11.450420379638672,18.0,19.735402066441644,110.01421322446765,2623.853515625,49.0,0.16737648844718933,2.0,3.0,0.8106224338503024,15.588397979736328,32.0,"{""type"":""Point"",""coordinates"":[110.01580036287025,19.733316457818606]}"
2550,0.0,24.0,4.0,5.705472469329834,4.0,18.369962834579972,109.15183055171292,1685.9166259765625,47.0,0.24846921861171722,3.0,1.0,0.7332986494802056,15.20946979522705,41.0,"{""type"":""Point"",""coordinates"":[109.15285137492387,18.370156662280017]}"
2551,0.0,27.0,634.0,45.04953384399414,578.0,19.164971861025748,109.13386424603056,2447.219970703125,49.0,6.8149895668029785,5.0,2.0,0.6157063017110068,11.446252822875977,40.0,"{""type"":""Point"",""coordinates"":[109.1347784132121,19.166770616871265]}"
2552,0.0,23.0,227.0,52.549407958984375,126.0,19.304210730064277,109.37191779632224,2535.2509765625,55.0,5.92899751663208,4.0,3.0,0.6549329135169247,11.897128105163574,38.0,"{""type"":""Point"",""coordinates"":[109.37406077513954,19.303468793399304]}"
2553,0.0,31.0,56.0,11.227503776550293,50.0,19.362601223532046,110.44989613726563,2788.277099609375,38.0,0.057359881699085236,5.0,3.0,0.7405732462948073,16.625600814819336,40.0,"{""type"":""Point"",""coordinates"":[110.44782151313183,19.361138501796006]}"
2554,0.0,26.0,373.0,101.96896362304688,326.0,19.003275109884235,110.07709529435607,2766.862060546875,46.0,14.541275978088379,4.0,2.0,0.5821148572098322,10.881135940551758,46.0,"{""type"":""Point"",""coordinates"":[110.07919967618714,19.00129576137674]}"
2555,0.0,27.0,398.0,67.86678314208984,378.0,18.899968852210492,110.21184258697394,2599.125732421875,47.0,9.2904052734375,4.0,2.0,0.6010610560168457,11.323830604553223,46.0,"{""type"":""Point"",""coordinates"":[110.21308538243278,18.90187491715931]}"
2556,0.0,24.0,211.0,32.9737548828125,87.0,18.73827210106898,109.0260664119362,2138.669677734375,50.0,4.371967792510986,4.0,1.0,0.6318571192802223,12.213842391967773,43.0,"{""type"":""Point"",""coordinates"":[109.02534559371041,18.7366363167131]}"
2557,0.0,23.0,100.0,22.685823440551758,62.0,19.52429797467356,109.87048277900857,2661.990234375,53.0,1.2156460285186768,4.0,3.0,0.7317101972870952,13.565128326416016,37.0,"{""type"":""Point"",""coordinates"":[109.87148014589802,19.524035110212452]}"
2558,0.0,26.0,100.0,32.187557220458984,100.0,18.343013376056383,109.51115666536077,1771.470703125,53.0,7.262907981872559,4.0,0.0,0.6079678529366236,11.7723970413208,40.0,"{""type"":""Point"",""coordinates"":[109.50980583731699,18.344305534502134]}"
2559,0.0,22.0,104.0,11.741734504699707,82.0,19.120056096819773,109.05301587045977,2333.70654296875,58.0,0.5011124014854431,2.0,2.0,0.682184680442909,14.449028968811035,40.0,"{""type"":""Point"",""coordinates"":[109.05323853652911,19.11888543051969]}"
2560,0.0,29.0,51.0,14.094377517700195,51.0,19.847691476956584,110.33311515033012,2446.577880859375,42.0,0.6805126667022705,6.0,4.0,0.7555319447893026,13.898846626281738,34.0,"{""type"":""Point"",""coordinates"":[110.33360709454736,19.848083784545768]}"
2561,0.0,25.0,26.0,7.645602226257324,29.0,18.65293214907762,108.75208025027973,1797.787353515625,51.0,0.5197625160217285,3.0,1.0,0.6966341149004397,14.45872974395752,44.0,"{""type"":""Point"",""coordinates"":[108.7521850393963,18.650857846520676]}"
2562,0.0,23.0,247.0,44.13908386230469,223.0,18.949376192837065,108.8733528136359,1990.316650390625,57.0,9.30587100982666,5.0,2.0,0.5921099452321392,11.42786693572998,43.0,"{""type"":""Point"",""coordinates"":[108.87428390083068,18.947548147214096]}"
2563,0.0,29.0,111.0,12.981576919555664,57.0,19.178446590287543,109.99175534236468,2774.029052734375,41.0,0.21062707901000977,4.0,2.0,0.7278914345021342,15.311534881591797,40.0,"{""type"":""Point"",""coordinates"":[109.99077112402593,19.180431749180887]}"
2564,0.0,29.0,434.0,54.01334762573242,247.0,18.79217101811615,109.50666508894017,2244.987548828125,48.0,10.601861000061035,4.0,1.0,0.5679299404432219,11.162148475646973,48.0,"{""type"":""Point"",""coordinates"":[109.50579564919062,18.792313604747072]}"
2565,0.0,21.0,8.0,7.507855415344238,10.0,18.40589544594475,109.75819336849361,1899.9327392578125,51.0,0.30765363574028015,2.0,1.0,0.7383085392892814,14.99351978302002,41.0,"{""type"":""Point"",""coordinates"":[109.75614463472219,18.407834858414347]}"
2566,0.0,29.0,170.0,44.3033447265625,46.0,18.783187865274954,109.11589794034813,2046.830322265625,41.0,7.812171459197998,4.0,1.0,0.672151322714674,11.655350685119629,41.0,"{""type"":""Point"",""coordinates"":[109.11628617307453,18.78341305716066]}"
2567,0.0,21.0,148.0,15.227609634399414,122.0,19.515314821832362,109.47971563041654,2498.042724609375,56.0,0.6727234721183777,4.0,3.0,0.692118175089808,14.127442359924316,35.0,"{""type"":""Point"",""coordinates"":[109.478387997659,19.514807393437835]}"
2568,0.0,26.0,223.0,25.1007022857666,46.0,19.277261271540688,109.52912297104314,2615.325927734375,46.0,1.5805813074111938,4.0,2.0,0.740457668072098,13.22513484954834,37.0,"{""type"":""Point"",""coordinates"":[109.5308444223213,19.276030292782846]}"
2569,0.0,22.0,28.0,16.30644989013672,28.0,18.325047070373998,109.28657784433085,1700.951416015625,56.0,2.6021387577056885,4.0,0.0,0.707540905119168,12.846193313598633,39.0,"{""type"":""Point"",""coordinates"":[109.28685274495494,18.325704986443547]}"
2570,0.0,29.0,283.0,64.77366638183594,228.0,19.420991716999815,109.88395750827033,2755.220458984375,42.0,6.646057605743408,5.0,3.0,0.6561711415142458,11.74462604522705,37.0,"{""type"":""Point"",""coordinates"":[109.88341214154129,19.422271671360715]}"
2571,0.0,36.0,690.0,67.95944213867188,585.0,18.967342498519457,109.97378903668232,2576.3662109375,37.0,13.19546127319336,4.0,2.0,0.5897465243930097,10.720946311950684,42.0,"{""type"":""Point"",""coordinates"":[109.97155585511015,18.96696506070074]}"
2572,0.0,27.0,53.0,17.645652770996094,34.0,19.564722162458935,110.45887929010684,2688.187744140625,47.0,0.7981175780296326,5.0,3.0,0.7597253671537746,13.737868309020996,39.0,"{""type"":""Point"",""coordinates"":[110.46070284557365,19.56662251275692]}"
2573,0.0,29.0,303.0,19.741226196289062,175.0,19.15598870818455,109.27310311506909,2445.3798828125,43.0,1.343584418296814,4.0,2.0,0.667751116845636,13.333916664123535,37.0,"{""type"":""Point"",""coordinates"":[109.27462896552065,19.15439893417194]}"
2574,0.0,31.0,332.0,52.62037658691406,291.0,18.581066926348058,109.385392525584,2199.771484375,40.0,9.539170265197754,5.0,1.0,0.5884426782675305,11.344517707824707,45.0,"{""type"":""Point"",""coordinates"":[109.3863832619224,18.57993793713061]}"
2575,0.0,27.0,1040.0,54.30941390991211,846.0,19.066157179772603,109.21920419802188,2493.557373046875,42.0,13.729190826416016,8.0,2.0,0.5765972723935175,10.279966354370117,40.0,"{""type"":""Point"",""coordinates"":[109.22101416427338,19.067593284249114]}"
2576,0.0,24.0,81.0,16.142026901245117,77.0,18.563100620665672,108.9811506477302,2125.137451171875,53.0,1.3744299411773682,2.0,1.0,0.6375956149076346,13.453758239746094,48.0,"{""type"":""Point"",""coordinates"":[108.98162512518681,18.565177340948452]}"
2577,0.0,25.0,44.0,18.2241268157959,35.0,19.650062114450293,110.29718253896533,2648.124267578125,48.0,0.862929105758667,3.0,3.0,0.7929553074675321,13.700075149536133,31.0,"{""type"":""Point"",""coordinates"":[110.2982888847062,19.65220881710702]}"
2578,0.0,25.0,31.0,7.68887996673584,30.0,18.48674382151551,108.95869276562723,1809.9920654296875,51.0,0.5113502144813538,2.0,1.0,0.6907937100605607,14.472146987915039,45.0,"{""type"":""Point"",""coordinates"":[108.95782091102366,18.484998095377097]}"
2579,0.0,29.0,65.0,13.622507095336914,63.0,19.820742018433002,110.29269096254473,2518.41015625,43.0,0.5509002208709717,6.0,4.0,0.7461933953063098,14.099251747131348,34.0,"{""type"":""Point"",""coordinates"":[110.29085733529705,19.819027695459734]}"
2580,0.0,23.0,54.0,16.8361873626709,54.0,19.726418913600448,109.52013981820193,2307.94580078125,56.0,1.149704098701477,3.0,3.0,0.7439103355027573,13.6483793258667,33.0,"{""type"":""Point"",""coordinates"":[109.52043085140433,19.724637248976283]}"
2581,0.0,27.0,708.0,57.967037200927734,584.0,18.79217101811615,109.0260664119362,2110.38330078125,49.0,18.03140640258789,8.0,1.0,0.5620028195647789,10.375713348388672,40.0,"{""type"":""Point"",""coordinates"":[109.02553870748139,18.79096276070945]}"
2582,0.0,24.0,128.0,19.572803497314453,95.0,19.46590748120579,109.37191779632224,2462.10791015625,56.0,1.2889039516448975,3.0,3.0,0.6979067711115813,13.48949909210205,34.0,"{""type"":""Point"",""coordinates"":[109.37146573531653,19.464191834530837]}"
2583,0.0,30.0,51.0,12.04450511932373,51.0,19.371584376373235,108.80148759090633,1729.4710693359375,44.0,1.5778745412826538,3.0,3.0,0.6717281391206262,13.333452224731445,42.0,"{""type"":""Point"",""coordinates"":[108.80339732913681,19.370411633118117]}"
2585,0.0,24.0,16.0,20.23737335205078,16.0,19.191921319549337,110.43642140800387,2817.7373046875,48.0,0.7514815330505371,3.0,2.0,0.7845114936635479,14.07660961151123,38.0,"{""type"":""Point"",""coordinates"":[110.43692641820859,19.192141220518227]}"
2586,0.0,22.0,11.0,3.9903407096862793,11.0,19.088615061875586,108.65326556902659,1457.1580810546875,55.0,0.16702447831630707,2.0,2.0,0.6974760379305095,15.602639198303223,44.0,"{""type"":""Point"",""coordinates"":[108.65539708390924,19.087335551767094]}"
2587,0.0,27.0,4.0,6.922526836395264,5.0,20.04532083946288,110.70142441681912,2086.052734375,44.0,0.1299566924571991,2.0,4.0,0.7339465021104746,14.511661529541016,46.0,"{""type"":""Point"",""coordinates"":[110.70339608036335,20.044012376709052]}"
2588,0.0,23.0,22.0,8.63330078125,19.0,19.8252335948536,110.85413801511942,1996.09326171875,54.0,0.8435750007629395,3.0,4.0,0.705880884026832,12.60077953338623,47.0,"{""type"":""Point"",""coordinates"":[110.85221644620076,19.824147996763166]}"
2589,0.0,24.0,31.0,13.46920394897461,31.0,18.40589544594475,109.0260664119362,1777.2091064453125,48.0,1.6218050718307495,3.0,1.0,0.7021510995353862,13.317666053771973,41.0,"{""type"":""Point"",""coordinates"":[109.02461592922086,18.404465233336456]}"
2590,0.0,20.0,24.0,10.875955581665039,26.0,18.419370175206545,109.79412597985839,1899.9327392578125,54.0,0.8579846620559692,2.0,1.0,0.721880242872603,13.958626747131348,40.0,"{""type"":""Point"",""coordinates"":[109.79496511924611,18.41823122550764]}"
2591,0.0,30.0,330.0,50.05781555175781,201.0,18.82361205306033,109.22369577444249,2395.0908203125,43.0,6.916673183441162,5.0,2.0,0.6076676339063455,11.671822547912598,45.0,"{""type"":""Point"",""coordinates"":[109.22430727786592,18.822144758597087]}"
2592,0.0,25.0,323.0,55.36635208129883,254.0,18.864036240845707,110.05463741225304,2444.752685546875,49.0,7.398202896118164,4.0,2.0,0.6080559065136425,11.608725547790527,45.0,"{""type"":""Point"",""coordinates"":[110.05426379899788,18.864934592128343]}"
2593,0.0,28.0,33.0,16.78767967224121,33.0,19.672519996553277,110.6834581111367,2463.55126953125,46.0,1.0964926481246948,6.0,3.0,0.7582874028289894,13.274285316467285,38.0,"{""type"":""Point"",""coordinates"":[110.68163436066052,19.67402617580703]}"
2594,0.0,28.0,141.0,51.402610778808594,109.0,19.12454767324037,110.07260371793546,2726.04931640625,47.0,4.524666786193848,4.0,2.0,0.6412940696823214,12.223796844482422,44.0,"{""type"":""Point"",""coordinates"":[110.07375941731215,19.12372142372878]}"
2595,0.0,36.0,76.0,9.513336181640625,76.0,19.82972517127419,109.74471863923185,2212.600830078125,38.0,0.38341155648231506,3.0,4.0,0.7112973113829937,14.733609199523926,34.0,"{""type"":""Point"",""coordinates"":[109.74267209715255,19.829137631966738]}"
2596,0.0,26.0,198.0,57.453956604003906,191.0,18.59903323203045,108.99013380057141,2125.137451171875,51.0,11.35413932800293,4.0,1.0,0.5680331871728175,11.256606101989746,49.0,"{""type"":""Point"",""coordinates"":[108.98813430693357,18.597217750943866]}"
2597,0.0,27.0,1290.0,39.65581512451172,1121.0,18.95835934567826,109.40335883126642,2422.73974609375,42.0,14.084921836853027,12.0,2.0,0.5488013605923121,9.820838928222656,43.0,"{""type"":""Point"",""coordinates"":[109.40344865976063,18.958345462611735]}"
2598,0.0,23.0,22.0,12.757790565490723,25.0,18.873019393686903,110.39150564379787,2301.30419921875,49.0,0.5767737627029419,4.0,2.0,0.7274262411488688,14.35696029663086,45.0,"{""type"":""Point"",""coordinates"":[110.39139907173795,18.871385743808876]}"
2599,0.0,27.0,17.0,9.84305477142334,18.0,20.05879556872467,110.61159288840719,2194.0322265625,45.0,0.7107001543045044,4.0,4.0,0.7336524275336166,12.783575057983398,44.0,"{""type"":""Point"",""coordinates"":[110.61245463637349,20.060487575633175]}"
2600,0.0,24.0,33.0,12.991497993469238,33.0,19.55573900961774,109.25513680938667,2190.39306640625,48.0,0.7528092265129089,2.0,3.0,0.74904391200698,14.084196090698242,36.0,"{""type"":""Point"",""coordinates"":[109.25626030099671,19.5560058349487]}"
2601,0.0,36.0,893.0,41.671634674072266,742.0,18.91344358147228,109.26861153864849,2179.9658203125,38.0,11.983392715454102,5.0,2.0,0.5489884171351238,10.608327865600586,45.0,"{""type"":""Point"",""coordinates"":[109.26750411408295,18.91143076171734]}"
2602,0.0,32.0,76.0,23.8997802734375,73.0,19.77133467780643,110.02319637730886,2577.628173828125,40.0,1.527776837348938,4.0,4.0,0.7452146838258478,13.350926399230957,31.0,"{""type"":""Point"",""coordinates"":[110.02370525356265,19.773227946461464]}"
2603,0.0,29.0,66.0,11.561314582824707,65.0,19.68599472581507,110.65650865261313,2463.55126953125,48.0,0.4411483407020569,5.0,3.0,0.7271780628393008,14.154808044433594,37.0,"{""type"":""Point"",""coordinates"":[110.65630768767925,19.68591061637523]}"
2604,0.0,27.0,127.0,36.89341354370117,57.0,19.394042258476226,109.83904174406439,2706.6318359375,44.0,2.6088316440582275,4.0,3.0,0.7245574349926232,12.784481048583984,38.0,"{""type"":""Point"",""coordinates"":[109.83903300635453,19.39261640507114]}"
2605,0.0,28.0,224.0,71.35107421875,201.0,19.304210730064277,109.15183055171292,2365.332763671875,44.0,11.665749549865723,6.0,3.0,0.6188789408015053,11.211915969848633,40.0,"{""type"":""Point"",""coordinates"":[109.1515882838554,19.304611242211205]}"
2606,0.0,22.0,8.0,4.186870574951172,8.0,18.832595205901526,108.6622487218678,1588.4644775390625,54.0,0.057359881699085236,2.0,2.0,0.6959936652146184,16.673158645629883,47.0,"{""type"":""Point"",""coordinates"":[108.66204417448647,18.834439546831018]}"
2607,0.0,24.0,140.0,14.333925247192383,105.0,18.85954466442511,110.10853632930025,2355.274169921875,51.0,0.751024067401886,3.0,2.0,0.6341747527732575,14.022303581237793,46.0,"{""type"":""Point"",""coordinates"":[110.10851134461275,18.861576309038682]}"
2608,0.0,26.0,950.0,54.923099517822266,777.0,18.985308804201843,109.42581671336939,2422.73974609375,43.0,13.261055946350098,7.0,2.0,0.5691712635260703,10.435006141662598,42.0,"{""type"":""Point"",""coordinates"":[109.42691315764151,18.983797512516208]}"
2610,0.0,28.0,188.0,8.857264518737793,59.0,18.729288948227783,109.13386424603056,2100.1357421875,42.0,0.3395094573497772,4.0,1.0,0.6773252598983346,14.786055564880371,43.0,"{""type"":""Point"",""coordinates"":[109.13578105745692,18.731381853391596]}"
2611,0.0,30.0,35.0,13.198261260986328,33.0,19.793792559909413,110.42743825516266,2590.727783203125,40.0,0.4317674934864044,7.0,4.0,0.7869718124741659,14.267314910888672,34.0,"{""type"":""Point"",""coordinates"":[110.4294308887256,19.79312551941592]}"
2612,0.0,28.0,1159.0,52.411624908447266,1074.0,19.084123485454995,109.16081370455413,2513.29833984375,46.0,16.669736862182617,11.0,2.0,0.5614090805317233,9.893625259399414,41.0,"{""type"":""Point"",""coordinates"":[109.16276133546984,19.08590156127209]}"
2613,0.0,30.0,218.0,67.68827056884766,187.0,18.97183407494005,110.1579436699268,2657.48486328125,40.0,7.612868309020996,4.0,2.0,0.6208523147360794,11.650696754455566,45.0,"{""type"":""Point"",""coordinates"":[110.15823830973433,18.970040852418045]}"
2614,0.0,29.0,360.0,41.47800064086914,348.0,19.227853930914115,110.23430046907697,2882.9013671875,43.0,2.9793219566345215,4.0,2.0,0.6471300200194998,12.496711730957031,41.0,"{""type"":""Point"",""coordinates"":[110.23384056950775,19.228074615668074]}"
2615,0.0,24.0,20.0,11.4368314743042,20.0,19.12903924966097,110.40947194948029,2757.850341796875,50.0,0.0835232064127922,3.0,2.0,0.7789806469221143,16.29047393798828,39.0,"{""type"":""Point"",""coordinates"":[110.40999095404092,19.126954492008263]}"
2616,0.0,26.0,229.0,24.236055374145508,210.0,18.5092017036185,109.32251045569564,2078.1171875,54.0,3.2047324180603027,4.0,1.0,0.6040542021200266,12.513577461242676,46.0,"{""type"":""Point"",""coordinates"":[109.32455152091946,18.508454862027506]}"
2617,0.0,29.0,378.0,40.56320571899414,250.0,18.940393039995868,109.87048277900857,2501.319580078125,42.0,4.331021785736084,4.0,2.0,0.614571066970568,12.108582496643066,46.0,"{""type"":""Point"",""coordinates"":[109.87017166904934,18.938705474601523]}"
2618,0.0,30.0,23.0,11.46628475189209,23.0,19.96896404031272,109.94234800173814,2304.99462890625,39.0,0.5025103092193604,2.0,4.0,0.764358983368542,14.223554611206055,37.0,"{""type"":""Point"",""coordinates"":[109.9426619549375,19.970294679345297]}"
2619,0.0,22.0,48.0,5.360641002655029,45.0,19.079631909034397,108.79699601448573,1675.258056640625,57.0,0.23733027279376984,3.0,2.0,0.684473242029757,15.229842185974121,41.0,"{""type"":""Point"",""coordinates"":[108.79657757244772,19.078961888866164]}"
2620,0.0,29.0,14.0,6.105385780334473,14.0,19.77133467780643,109.34945991421921,1807.3800048828125,41.0,0.21088416874408722,4.0,4.0,0.7653682268957045,15.367744445800781,33.0,"{""type"":""Point"",""coordinates"":[109.34778152606853,19.77318029553195]}"
2621,0.0,21.0,45.0,13.411965370178223,29.0,19.564722162458935,110.38252249095666,2693.65576171875,54.0,0.3097274601459503,3.0,3.0,0.7708844337055942,14.735158920288086,38.0,"{""type"":""Point"",""coordinates"":[110.38368210321978,19.563403911131285]}"
2622,0.0,26.0,116.0,48.6450309753418,119.0,18.26665657690623,109.60547977019331,1853.642333984375,54.0,12.679667472839355,4.0,0.0,0.5994650343795465,11.194308280944824,39.0,"{""type"":""Point"",""coordinates"":[109.60747487627418,18.265727679270384]}"
2623,0.0,25.0,230.0,42.13633728027344,82.0,18.82810362948093,109.32700203211624,2183.524658203125,51.0,6.342323303222656,5.0,2.0,0.6239593213401922,11.827251434326172,45.0,"{""type"":""Point"",""coordinates"":[109.32904558483241,18.83032812683174]}"
2624,0.0,25.0,44.0,14.370667457580566,35.0,19.591671620982524,110.3196404210683,2749.435791015625,49.0,0.34968870878219604,3.0,3.0,0.7639677807126674,14.80639934539795,38.0,"{""type"":""Point"",""coordinates"":[110.31813298370676,19.590562890445305]}"
2625,0.0,27.0,307.0,21.44437026977539,229.0,19.01674983914603,109.96480588384111,2586.231201171875,50.0,1.3584672212600708,4.0,2.0,0.649116834260948,13.3201322555542,43.0,"{""type"":""Point"",""coordinates"":[109.96652859302574,19.014749656186012]}"
2626,0.0,27.0,252.0,51.82252883911133,62.0,18.953867769257663,109.53810612388435,2419.45263671875,47.0,6.671887397766113,4.0,2.0,0.6690133280347078,11.761595726013184,42.0,"{""type"":""Point"",""coordinates"":[109.53759082777715,18.95208036372912]}"
2627,0.0,27.0,81.0,24.082035064697266,81.0,18.697847913283596,110.23879204549758,2200.1025390625,46.0,2.3751060962677,4.0,1.0,0.6439137673215174,12.906373977661133,46.0,"{""type"":""Point"",""coordinates"":[110.24049004949242,18.70007302285935]}"
2628,0.0,24.0,54.0,19.014400482177734,48.0,19.21887077807292,108.88233596647706,2012.2239990234375,53.0,2.1073317527770996,4.0,2.0,0.6902147487799594,13.042144775390625,42.0,"{""type"":""Point"",""coordinates"":[108.88419523095027,19.217318465723295]}"
2629,0.0,24.0,11.0,7.429498195648193,11.0,19.46590748120579,109.01708325909499,1899.8560791015625,47.0,0.30954471230506897,2.0,3.0,0.7592424744016598,14.98567008972168,36.0,"{""type"":""Point"",""coordinates"":[109.01834185665206,19.466450782275054]}"
2630,0.0,26.0,523.0,72.65062713623047,353.0,18.93590146357527,109.4437830190518,2495.223388671875,50.0,13.18563461303711,4.0,2.0,0.5851392502046977,10.867765426635742,44.0,"{""type"":""Point"",""coordinates"":[109.4417484547272,18.934204302551347]}"
2631,0.0,25.0,340.0,72.11003875732422,300.0,19.164971861025748,109.11140636392759,2447.219970703125,50.0,11.677342414855957,4.0,2.0,0.6150944525983137,11.131942749023438,40.0,"{""type"":""Point"",""coordinates"":[109.11058776946177,19.166275855616625]}"
2632,0.0,26.0,473.0,74.2961196899414,445.0,19.26827811869949,109.12937266960995,2382.4599609375,52.0,15.44268798828125,5.0,2.0,0.6027337276089243,10.742876052856445,38.0,"{""type"":""Point"",""coordinates"":[109.13054514293373,19.268482414835564]}"
2633,0.0,24.0,7.0,8.104278564453125,8.0,19.977947193153916,110.64752549977192,2266.752197265625,48.0,0.12994441390037537,2.0,4.0,0.7413196862381191,14.505141258239746,46.0,"{""type"":""Point"",""coordinates"":[110.64812220969334,19.977970948171535]}"
2634,0.0,28.0,66.0,15.614333152770996,66.0,19.560230586038337,109.19225473949831,2135.87939453125,49.0,1.3230582475662231,3.0,3.0,0.6923916921118516,13.500802040100098,39.0,"{""type"":""Point"",""coordinates"":[109.19279639620476,19.558909870207735]}"
2635,0.0,26.0,907.0,30.655521392822266,854.0,18.79666259453675,108.92725173068305,2181.804443359375,49.0,6.305461883544922,9.0,1.0,0.576557164577341,11.244684219360352,43.0,"{""type"":""Point"",""coordinates"":[108.92559037980236,18.797873404749193]}"
2636,0.0,28.0,136.0,33.39365768432617,89.0,19.474890634046986,109.98726376594408,2714.6357421875,40.0,2.1797633171081543,4.0,3.0,0.6902834757398524,12.958822250366211,38.0,"{""type"":""Point"",""coordinates"":[109.98505172797476,19.476236739863005]}"
2637,0.0,28.0,719.0,68.04464721679688,704.0,18.71581421896599,109.92438169605572,2596.105712890625,46.0,12.55454158782959,5.0,1.0,0.5648125442495523,10.744766235351562,48.0,"{""type"":""Point"",""coordinates"":[109.92305554406337,18.717840286345012]}"
2638,0.0,27.0,471.0,47.93101119995117,384.0,18.675390031180612,109.31352730285442,2189.4697265625,50.0,9.429780006408691,5.0,1.0,0.5805386974471894,11.253249168395996,45.0,"{""type"":""Point"",""coordinates"":[109.31449683111639,18.67344412562168]}"
2639,0.0,29.0,444.0,35.1235237121582,435.0,18.531659585721485,109.20572946876013,2119.140869140625,49.0,6.232214450836182,5.0,1.0,0.5930498502866283,11.693380355834961,44.0,"{""type"":""Point"",""coordinates"":[109.20561944742849,18.53260609162752]}"
2640,0.0,27.0,250.0,97.02790069580078,238.0,19.205396048811124,110.23430046907697,2882.9013671875,46.0,11.070740699768066,4.0,2.0,0.6260413546695562,11.248504638671875,40.0,"{""type"":""Point"",""coordinates"":[110.23493304596576,19.205394855915873]}"
2641,0.0,30.0,405.0,60.339439392089844,227.0,19.12903924966097,109.52912297104314,2524.7421875,38.0,8.124028205871582,5.0,2.0,0.6279974708961126,11.454888343811035,40.0,"{""type"":""Point"",""coordinates"":[109.52891338577277,19.13023428456724]}"
2642,0.0,28.0,324.0,50.7776985168457,327.0,18.3160639175328,109.65488711081986,1943.82275390625,49.0,13.34860897064209,5.0,0.0,0.573029547784076,11.005105018615723,43.0,"{""type"":""Point"",""coordinates"":[109.65458545348075,18.31703421013922]}"
2643,0.0,26.0,334.0,48.77348709106445,224.0,19.173955013866944,109.19225473949831,2419.364990234375,47.0,6.233504295349121,5.0,2.0,0.6375580372531368,11.773920059204102,39.0,"{""type"":""Point"",""coordinates"":[109.19444853277703,19.175977687575646]}"
2644,0.0,27.0,333.0,45.68783187866211,297.0,18.93590146357527,108.89581069573887,1990.316650390625,53.0,10.860307693481445,4.0,2.0,0.5774338352933478,11.21132755279541,44.0,"{""type"":""Point"",""coordinates"":[108.89565491792983,18.936951550700666]}"
2645,0.0,22.0,77.0,10.54827880859375,69.0,19.313193882905473,108.90479384858008,2051.248779296875,58.0,0.679680347442627,2.0,3.0,0.6762399926426136,14.160466194152832,41.0,"{""type"":""Point"",""coordinates"":[108.90343179086717,19.315284324977892]}"
2646,0.0,25.0,16.0,4.722334861755371,16.0,18.967342498519457,108.7116560624944,1624.829345703125,48.0,0.1341838240623474,2.0,2.0,0.7018803425287977,15.818694114685059,44.0,"{""type"":""Point"",""coordinates"":[108.71053384485938,18.9661242867683]}"
2647,0.0,30.0,966.0,29.57659149169922,941.0,18.724797371807185,108.87784439005651,2007.4139404296875,46.0,8.886631965637207,8.0,1.0,0.5419427708329462,10.825156211853027,46.0,"{""type"":""Point"",""coordinates"":[108.87780215633506,18.72530374626041]}"
2648,0.0,26.0,245.0,48.292015075683594,144.0,19.250311813017106,109.29556099717206,2483.17041015625,51.0,5.637760639190674,4.0,2.0,0.6567165859286798,11.935966491699219,37.0,"{""type"":""Point"",""coordinates"":[109.29562510574404,19.24812647154994]}"
2649,0.0,23.0,17.0,13.513081550598145,17.0,18.554117467824476,110.06811214151486,2179.86328125,47.0,0.8051117062568665,2.0,1.0,0.7313587474522036,14.026283264160156,44.0,"{""type"":""Point"",""coordinates"":[110.06602929378322,18.555057538201225]}"
2650,0.0,31.0,338.0,52.731258392333984,146.0,19.084123485454995,109.40335883126642,2437.366943359375,38.0,6.996281623840332,4.0,2.0,0.6260298263586237,11.654623985290527,41.0,"{""type"":""Point"",""coordinates"":[109.40445363162944,19.084182946709976]}"
2651,0.0,27.0,87.0,23.05820083618164,60.0,19.488365363308773,110.17590997560922,2799.3056640625,48.0,1.0897296667099,4.0,3.0,0.7394074869970091,13.682342529296875,36.0,"{""type"":""Point"",""coordinates"":[110.17500935986476,19.48887807145455]}"
2652,0.0,21.0,146.0,16.14374542236328,118.0,19.506331668991166,109.4347998662106,2451.638671875,57.0,0.8414064645767212,3.0,3.0,0.6835719152105395,13.904922485351562,36.0,"{""type"":""Point"",""coordinates"":[109.43565445802449,19.504680155129876]}"
2653,0.0,26.0,252.0,68.67266845703125,252.0,18.581066926348058,110.13099421140322,2383.8837890625,50.0,11.16250991821289,4.0,1.0,0.5964297350711572,11.238706588745117,45.0,"{""type"":""Point"",""coordinates"":[110.1320975516408,18.57888797232858]}"
2654,0.0,24.0,94.0,19.28978157043457,61.0,19.55124743319714,110.0052300716265,2724.590576171875,51.0,0.8094721436500549,3.0,3.0,0.7386529566364537,13.975485801696777,36.0,"{""type"":""Point"",""coordinates"":[110.00659768908473,19.551890871794132]}"
2655,0.0,24.0,62.0,20.271865844726562,46.0,19.659045267291482,110.08607844719722,2629.002197265625,51.0,1.0123716592788696,3.0,3.0,0.7743534826048241,13.770895957946777,32.0,"{""type"":""Point"",""coordinates"":[110.08681694216656,19.660700990165836]}"
2656,0.0,30.0,818.0,36.380157470703125,795.0,18.778696288854356,108.8733528136359,2087.0927734375,48.0,9.790364265441895,10.0,1.0,0.5537351686046227,10.899090766906738,46.0,"{""type"":""Point"",""coordinates"":[108.87383210427363,18.779938668587832]}"
2657,0.0,30.0,302.0,67.63311767578125,248.0,18.944884616416466,109.04852429403917,2178.093994140625,40.0,14.31783390045166,7.0,2.0,0.5930803290673067,10.947500228881836,41.0,"{""type"":""Point"",""coordinates"":[109.04804708497825,18.94608799851153]}"
2658,0.0,25.0,35.0,26.155126571655273,36.0,18.45979436299192,109.70878602786706,1959.3653564453125,47.0,3.5599422454833984,3.0,1.0,0.6866548886127483,12.52811336517334,44.0,"{""type"":""Point"",""coordinates"":[109.70708305316872,18.459992913383036]}"
2659,0.0,30.0,590.0,69.9144058227539,544.0,18.76522155959256,109.81209228554076,2568.7646484375,39.0,11.604808807373047,4.0,1.0,0.5856099003114411,10.943483352661133,45.0,"{""type"":""Point"",""coordinates"":[109.81339601517777,18.766797681598806]}"
2660,0.0,21.0,30.0,10.725826263427734,28.0,18.329538646794596,109.26861153864849,1700.951416015625,59.0,1.3345465660095215,3.0,0.0,0.7110467033687508,13.513280868530273,39.0,"{""type"":""Point"",""coordinates"":[109.26903699567214,18.330169629837563]}"
2661,0.0,23.0,29.0,25.138315200805664,29.0,19.18742974312874,110.42743825516266,2817.7373046875,50.0,1.167595624923706,4.0,2.0,0.7678887803086436,13.62821102142334,38.0,"{""type"":""Point"",""coordinates"":[110.42680083967026,19.188197546981783]}"
2662,0.0,44.0,90.0,12.89419174194336,84.0,19.811758865591806,109.73124390997003,2212.600830078125,33.0,0.958355188369751,5.0,4.0,0.6964103468942131,13.809032440185547,35.0,"{""type"":""Point"",""coordinates"":[109.73062219210354,19.809590038004718]}"
2663,0.0,25.0,140.0,19.503971099853516,113.0,19.232345507334713,109.09793163466577,2275.42138671875,43.0,1.4588207006454468,4.0,2.0,0.6626453303758205,13.358198165893555,38.0,"{""type"":""Point"",""coordinates"":[109.0964322671568,19.230284860506366]}"
2664,0.0,31.0,32.0,13.868507385253906,32.0,19.928539852527344,109.89294066111154,2270.337890625,41.0,0.9222845435142517,3.0,4.0,0.7552790066909653,13.60940933227539,36.0,"{""type"":""Point"",""coordinates"":[109.89474889632586,19.926744102057537]}"
2665,0.0,28.0,317.0,26.957500457763672,172.0,18.80115417095734,109.31801887927503,2183.524658203125,49.0,3.368366241455078,6.0,1.0,0.6100458708051208,12.40415096282959,45.0,"{""type"":""Point"",""coordinates"":[109.31875469213867,18.800973616536265]}"
2666,0.0,30.0,334.0,33.3022575378418,213.0,18.976325651360646,109.88395750827033,2447.836669921875,40.0,3.266533136367798,4.0,2.0,0.6360053913099635,12.423001289367676,42.0,"{""type"":""Point"",""coordinates"":[109.8851401108653,18.97488754951389]}"
2667,0.0,27.0,381.0,44.16006851196289,236.0,18.706831066124792,109.30903572643388,2217.32763671875,49.0,7.32392692565918,4.0,1.0,0.593110764079093,11.577493667602539,45.0,"{""type"":""Point"",""coordinates"":[109.31028910791589,18.70839046825113]}"
2668,0.0,23.0,133.0,13.413851737976074,78.0,19.483873786888182,109.56505558240792,2557.77197265625,53.0,0.4297458827495575,3.0,3.0,0.7125489083996085,14.584918022155762,37.0,"{""type"":""Point"",""coordinates"":[109.56718626398843,19.484338250927426]}"
2669,0.0,23.0,44.0,13.825032234191895,35.0,19.60514635024431,110.34209830317133,2650.8330078125,52.0,0.40382999181747437,4.0,3.0,0.7735849805988672,14.470588684082031,36.0,"{""type"":""Point"",""coordinates"":[110.34352247053103,19.604545744040383]}"
2670,0.0,21.0,11.0,5.417505741119385,14.0,18.495726974356707,108.80148759090633,1511.656005859375,54.0,0.4406075179576874,2.0,1.0,0.7098474464997044,14.542510986328125,41.0,"{""type"":""Point"",""coordinates"":[108.8003016748393,18.49594388023452]}"
2671,0.0,25.0,85.0,29.667509078979492,71.0,19.587180044561926,109.47971563041654,2574.75048828125,51.0,2.1545770168304443,5.0,3.0,0.7357261892541573,13.001526832580566,33.0,"{""type"":""Point"",""coordinates"":[109.48125269267209,19.58802138657456]}"
2672,0.0,25.0,13.0,14.681138038635254,11.0,19.259294965858295,110.42743825516266,2861.500732421875,43.0,0.2506730258464813,3.0,2.0,0.7971679617700896,15.176318168640137,37.0,"{""type"":""Point"",""coordinates"":[110.4266615171605,19.258238957912305]}"
2673,0.0,27.0,64.0,15.625513076782227,65.0,19.91057354684495,110.18040155202976,2452.131591796875,43.0,0.8373146653175354,2.0,4.0,0.7313819227554208,13.681347846984863,35.0,"{""type"":""Point"",""coordinates"":[110.1807815735172,19.909262088415822]}"
2674,0.0,32.0,65.0,14.443359375,66.0,19.852183053377182,109.28657784433085,1712.847900390625,40.0,2.187077045440674,4.0,4.0,0.6874301661820588,12.998467445373535,34.0,"{""type"":""Point"",""coordinates"":[109.28603273683242,19.85387520278416]}"
2675,0.0,22.0,109.0,23.139549255371094,57.0,19.537772703935353,109.81658386196136,2668.2265625,53.0,1.2263453006744385,5.0,3.0,0.7417681362410141,13.55090045928955,36.0,"{""type"":""Point"",""coordinates"":[109.81826382288385,19.538600609550237]}"
2676,0.0,31.0,296.0,62.99333572387695,179.0,19.26827811869949,109.65039553439925,2769.924560546875,40.0,6.405519962310791,4.0,2.0,0.6511730365766324,11.772921562194824,38.0,"{""type"":""Point"",""coordinates"":[109.65194035254001,19.269254533195465]}"
2677,0.0,26.0,11.0,4.320993423461914,11.0,18.873019393686903,108.6667402982884,1566.5909423828125,48.0,0.1212376281619072,2.0,2.0,0.6998262879961538,15.923027992248535,45.0,"{""type"":""Point"",""coordinates"":[108.66861846010217,18.874358284626727]}"
2678,0.0,20.0,122.0,14.847042083740234,61.0,19.57370531530013,109.66387026366107,2643.464111328125,56.0,0.46288976073265076,3.0,3.0,0.7476564851779288,14.5173921585083,34.0,"{""type"":""Point"",""coordinates"":[109.66359889336559,19.572360402718438]}"
2679,0.0,26.0,32.0,7.340361595153809,33.0,19.919556699686147,110.85413801511942,1918.9842529296875,49.0,0.6100770831108093,3.0,4.0,0.6724787551040589,12.901728630065918,50.0,"{""type"":""Point"",""coordinates"":[110.85398620162006,19.918112408323918]}"
2680,0.0,28.0,120.0,18.469087600708008,82.0,19.641078961609097,109.81209228554076,2619.68115234375,45.0,0.8798345327377319,4.0,3.0,0.7277974012138064,13.87631607055664,33.0,"{""type"":""Point"",""coordinates"":[109.81365795860737,19.64094250479298]}"
2681,0.0,24.0,361.0,37.491973876953125,242.0,19.27276969512009,109.42132513694878,2624.529541015625,51.0,3.2653822898864746,3.0,2.0,0.6553959019590424,12.404129981994629,39.0,"{""type"":""Point"",""coordinates"":[109.42188955423919,19.272541602360388]}"
2682,0.0,39.0,73.0,18.10219383239746,73.0,19.85667462979778,109.9603143074205,2493.53076171875,35.0,1.2804884910583496,5.0,4.0,0.7295150250331502,13.249388694763184,34.0,"{""type"":""Point"",""coordinates"":[109.95819767299676,19.85753194773402]}"
2683,0.0,22.0,76.0,11.064393043518066,72.0,19.344634917849653,108.9811506477302,2255.133544921875,58.0,0.49967074394226074,3.0,3.0,0.6866243748123756,14.468757629394531,41.0,"{""type"":""Point"",""coordinates"":[108.98224148556358,19.346049992508323]}"
2684,0.0,21.0,103.0,16.351707458496094,47.0,19.623112655926704,109.69531129860525,2559.96923828125,53.0,0.6793784499168396,4.0,3.0,0.7662301189300568,14.14526653289795,33.0,"{""type"":""Point"",""coordinates"":[109.6953114513565,19.621716769253627]}"
2685,0.0,27.0,20.0,17.326019287109375,11.0,19.169463437446346,110.29269096254473,2862.3017578125,46.0,0.5011916756629944,4.0,2.0,0.7829369544831253,14.49858570098877,40.0,"{""type"":""Point"",""coordinates"":[110.29348865272604,19.168278924726213]}"
2686,0.0,29.0,1266.0,50.71992874145508,1036.0,18.890985699369296,109.69980287502585,2354.347900390625,45.0,25.47857666015625,6.0,2.0,0.5065810478720717,9.230046272277832,44.0,"{""type"":""Point"",""coordinates"":[109.69953437332005,18.890477707449453]}"
2687,0.0,32.0,15.0,14.423870086669922,16.0,19.955489311050925,110.13548578782382,2391.9794921875,38.0,0.8015101552009583,2.0,4.0,0.7766045152253851,13.762680053710938,37.0,"{""type"":""Point"",""coordinates"":[110.13358308321435,19.953800736436627]}"
2688,0.0,22.0,127.0,23.944164276123047,97.0,19.618621079506106,109.85251647332615,2616.3916015625,55.0,1.4289934635162354,4.0,3.0,0.7036815597925526,13.386897087097168,34.0,"{""type"":""Point"",""coordinates"":[109.8508185660247,19.616986225546647]}"
2689,0.0,26.0,603.0,50.97111892700195,536.0,18.554117467824476,109.44827459547236,2223.933837890625,49.0,10.809866905212402,5.0,1.0,0.5704347646530128,11.005035400390625,45.0,"{""type"":""Point"",""coordinates"":[109.44973144884008,18.555209972900748]}"
2690,0.0,26.0,503.0,42.023860931396484,488.0,18.661915301918818,108.91826857784184,2069.6826171875,50.0,8.962636947631836,6.0,1.0,0.5654871206657641,11.279643058776855,47.0,"{""type"":""Point"",""coordinates"":[108.91674505292825,18.66009590483068]}"
2691,0.0,22.0,134.0,15.566160202026367,83.0,19.35361807069085,109.25513680938667,2282.4091796875,49.0,0.9387556314468384,3.0,3.0,0.6970877091280878,13.802868843078613,35.0,"{""type"":""Point"",""coordinates"":[109.25548957277452,19.355189384510123]}"
2692,0.0,23.0,143.0,20.361425399780273,107.0,19.537772703935353,109.56505558240792,2474.3330078125,55.0,1.3134660720825195,2.0,3.0,0.6867588447189822,13.461335182189941,35.0,"{""type"":""Point"",""coordinates"":[109.56328775543143,19.53691693749084]}"
2693,0.0,28.0,250.0,43.88914489746094,94.0,18.855053088004517,109.3943756784252,2235.009765625,47.0,6.515237808227539,4.0,2.0,0.6110123022233256,11.786897659301758,45.0,"{""type"":""Point"",""coordinates"":[109.39602133304442,18.855484691632594]}"
2694,0.0,24.0,57.0,8.76548957824707,52.0,19.223362354493517,108.84640335511227,1845.546142578125,52.0,0.6493276953697205,2.0,2.0,0.6796924276488063,14.218025207519531,42.0,"{""type"":""Point"",""coordinates"":[108.84441959870178,19.22203002645761]}"
2695,0.0,21.0,144.0,22.27760887145996,86.0,19.49285693972937,109.79412597985839,2789.404296875,56.0,1.0049314498901367,4.0,3.0,0.7118273671526589,13.728536605834961,35.0,"{""type"":""Point"",""coordinates"":[109.79368562862695,19.494407658974758]}"
2696,0.0,26.0,803.0,16.967063903808594,780.0,18.74725525391017,108.8688612372153,2007.4139404296875,48.0,2.4694104194641113,6.0,1.0,0.5691701265031465,12.30162239074707,46.0,"{""type"":""Point"",""coordinates"":[108.86775356488705,18.748304916075107]}"
2697,0.0,25.0,96.0,20.45058250427246,94.0,19.582688468141328,109.40335883126642,2515.690185546875,50.0,1.217443823814392,4.0,3.0,0.70057841448032,13.566068649291992,35.0,"{""type"":""Point"",""coordinates"":[109.40177510200714,19.582987020508128]}"
2698,0.0,23.0,107.0,20.811216354370117,52.0,19.57819689172073,109.62793765229628,2574.686279296875,53.0,1.1579771041870117,4.0,3.0,0.7502744879118031,13.6094970703125,35.0,"{""type"":""Point"",""coordinates"":[109.62624826689877,19.577728182590402]}"
2699,0.0,28.0,357.0,72.41229248046875,340.0,19.205396048811124,110.19387628129158,2886.337158203125,47.0,7.531826972961426,4.0,2.0,0.6292001634132982,11.566540718078613,41.0,"{""type"":""Point"",""coordinates"":[110.19432295715086,19.204618980630634]}"
2700,0.0,26.0,89.0,17.61539077758789,89.0,19.394042258476226,110.5711687006218,2631.7060546875,46.0,0.8448944091796875,4.0,3.0,0.6999869641553479,13.652579307556152,38.0,"{""type"":""Point"",""coordinates"":[110.56971506289544,19.39254748243345]}"
2701,0.0,34.0,49.0,9.340534210205078,49.0,19.793792559909413,109.42581671336939,1996.835693359375,37.0,0.5657542943954468,3.0,4.0,0.7336777560249561,14.36052131652832,33.0,"{""type"":""Point"",""coordinates"":[109.42374493069093,19.793372962512077]}"
2702,0.0,36.0,746.0,32.05476379394531,597.0,18.895477275789894,109.2775946914897,2187.18603515625,37.0,6.140511512756348,5.0,2.0,0.5750721229771713,11.445802688598633,45.0,"{""type"":""Point"",""coordinates"":[109.27645122677113,18.894925909397124]}"
2703,0.0,23.0,160.0,41.41830062866211,136.0,19.245820236596508,110.166926822768,2886.337158203125,54.0,2.7091920375823975,4.0,2.0,0.6690448420851612,12.72616195678711,39.0,"{""type"":""Point"",""coordinates"":[110.16590489754819,19.24646916498769]}"
2704,0.0,31.0,652.0,38.296932220458984,428.0,19.034716144828415,109.36742621990163,2377.56494140625,36.0,5.406395435333252,7.0,2.0,0.6123111155574575,11.663320541381836,41.0,"{""type"":""Point"",""coordinates"":[109.36643396701795,19.033408693585148]}"
2705,0.0,28.0,392.0,72.41900634765625,384.0,18.837086782322125,110.23879204549758,2413.697998046875,47.0,13.096375465393066,4.0,2.0,0.5840206501314515,10.976085662841797,45.0,"{""type"":""Point"",""coordinates"":[110.24081117152025,18.83486474796586]}"
2706,0.0,36.0,104.0,18.228200912475586,103.0,19.71743576075925,109.57853031166974,2309.78955078125,40.0,1.4622150659561157,4.0,3.0,0.6894863894645209,13.377960205078125,33.0,"{""type"":""Point"",""coordinates"":[109.5774791205074,19.715807498370005]}"
2707,0.0,27.0,14.0,15.763768196105957,13.0,19.227853930914115,110.40947194948029,2911.83251953125,44.0,0.3246820569038391,4.0,2.0,0.7907569847831942,14.936200141906738,38.0,"{""type"":""Point"",""coordinates"":[110.41106131100197,19.225866219904162]}"
2708,0.0,26.0,274.0,29.487548828125,269.0,18.706831066124792,108.83292862585051,2103.400634765625,51.0,4.158535480499268,3.0,1.0,0.6074632117378572,12.222335815429688,44.0,"{""type"":""Point"",""coordinates"":[108.83482753394665,18.70604574393329]}"
2709,0.0,28.0,136.0,46.67517852783203,136.0,18.71132264254539,110.10853632930025,2288.038330078125,47.0,6.31827449798584,4.0,1.0,0.6145232505354824,11.891010284423828,45.0,"{""type"":""Point"",""coordinates"":[110.1078017143823,18.70986949425287]}"
2710,0.0,25.0,254.0,64.06665802001953,181.0,19.420991716999815,109.47073247757538,2705.88525390625,56.0,7.322727680206299,4.0,3.0,0.6690401807438582,11.66624927520752,34.0,"{""type"":""Point"",""coordinates"":[109.47180425894629,19.4218145293847]}"
2711,0.0,27.0,266.0,84.28740692138672,249.0,19.178446590287543,110.18040155202976,2890.72509765625,50.0,9.199231147766113,4.0,2.0,0.6325059318289035,11.42689037322998,40.0,"{""type"":""Point"",""coordinates"":[110.18219467051983,19.178603225819636]}"
2712,0.0,31.0,886.0,46.25008773803711,689.0,19.034716144828415,109.4392914426312,2463.69873046875,37.0,8.65807819366455,5.0,2.0,0.5830169958434896,10.948552131652832,43.0,"{""type"":""Point"",""coordinates"":[109.44073635093244,19.03420067327186]}"
2713,0.0,32.0,571.0,59.55507278442383,422.0,18.895477275789894,109.28657784433085,2187.18603515625,40.0,14.762155532836914,6.0,2.0,0.5592161422694502,10.7103853225708,45.0,"{""type"":""Point"",""coordinates"":[109.2868841533792,18.893539997409842]}"
2714,0.0,28.0,772.0,65.52045440673828,550.0,18.998783533463637,109.70878602786706,2643.14892578125,47.0,11.8945951461792,4.0,2.0,0.5898976891301815,10.74776840209961,42.0,"{""type"":""Point"",""coordinates"":[109.70922983065739,18.997387735050538]}"
2715,0.0,24.0,131.0,10.141837120056152,115.0,18.585558502768656,109.04403271761862,1913.0013427734375,55.0,0.838668704032898,2.0,1.0,0.5985150606524196,13.917478561401367,48.0,"{""type"":""Point"",""coordinates"":[109.0420333185862,18.587673599068204]}"
2716,0.0,22.0,12.0,9.122804641723633,14.0,18.40589544594475,109.76268494491421,1899.9327392578125,54.0,0.6072167754173279,2.0,1.0,0.7325186416891376,14.311284065246582,41.0,"{""type"":""Point"",""coordinates"":[109.76442694609204,18.406745592268265]}"
2717,0.0,24.0,160.0,46.599971771240234,86.0,19.34912649427025,109.91539854321451,2822.4560546875,51.0,3.431126117706299,3.0,3.0,0.6764811765918481,12.489473342895508,40.0,"{""type"":""Point"",""coordinates"":[109.91552549775648,19.348043749145113]}"
2718,0.0,27.0,32.0,7.588768005371094,32.0,19.510823245411764,109.05301587045977,1893.6778564453125,49.0,0.4015127122402191,3.0,3.0,0.739154187494907,14.713391304016113,35.0,"{""type"":""Point"",""coordinates"":[109.05304603211037,19.51057488780167]}"
2719,0.0,23.0,32.0,5.82081413269043,31.0,19.138022402502166,108.76555497954155,1667.808837890625,55.0,0.33974793553352356,2.0,2.0,0.6994607373567274,14.880431175231934,41.0,"{""type"":""Point"",""coordinates"":[108.76752233506825,19.137006701163788]}"
2720,0.0,29.0,847.0,56.60297775268555,667.0,18.832595205901526,109.51115666536077,2284.2626953125,48.0,16.486255645751953,5.0,2.0,0.5349408484417478,10.328076362609863,47.0,"{""type"":""Point"",""coordinates"":[109.51135861653465,18.830606792282374]}"
2721,0.0,26.0,44.0,42.72536849975586,37.0,19.18293816670814,110.3196404210683,2951.798828125,44.0,2.4655747413635254,4.0,2.0,0.7420719554448092,12.890848159790039,40.0,"{""type"":""Point"",""coordinates"":[110.3186069702961,19.18473521504348]}"
2722,0.0,31.0,106.0,15.607367515563965,104.0,19.66802842013268,110.62057604124834,2445.071533203125,42.0,1.0158346891403198,7.0,3.0,0.6971760265496162,13.282933235168457,34.0,"{""type"":""Point"",""coordinates"":[110.6196218203575,19.665832449343732]}"
2723,0.0,26.0,234.0,23.25576400756836,213.0,18.84606993516332,110.1624352463474,2363.23974609375,52.0,2.0213189125061035,4.0,2.0,0.6244855737895686,12.971796035766602,46.0,"{""type"":""Point"",""coordinates"":[110.16131405705923,18.84765812542094]}"
2724,0.0,27.0,255.0,51.66975402832031,231.0,18.82361205306033,110.1130279057208,2440.728515625,49.0,6.626026630401611,4.0,2.0,0.6058442251241275,11.766552925109863,47.0,"{""type"":""Point"",""coordinates"":[110.11254656095063,18.822312148354865]}"
2725,0.0,23.0,5.0,6.978573322296143,8.0,18.244198694803238,109.60997134661392,1789.6051025390625,56.0,0.41928768157958984,3.0,0.0,0.7478216525431891,14.685647964477539,38.0,"{""type"":""Point"",""coordinates"":[109.61157282265557,18.243632547137416]}"
2727,0.0,30.0,195.0,39.1839714050293,66.0,18.751746830330767,109.12038951676874,2046.830322265625,42.0,6.672529220581055,4.0,1.0,0.643448572115399,11.79879379272461,43.0,"{""type"":""Point"",""coordinates"":[109.11890967412937,18.751408776177964]}"
2728,0.0,30.0,5.0,6.976681232452393,6.0,19.91057354684495,109.54259770030495,1886.3511962890625,41.0,0.28679710626602173,3.0,4.0,0.7696767429574844,15.065439224243164,35.0,"{""type"":""Point"",""coordinates"":[109.54423327300094,19.910023215468254]}"
2730,0.0,24.0,103.0,32.98088836669922,21.0,19.340143341429055,110.13548578782382,2943.840087890625,48.0,1.6640794277191162,5.0,3.0,0.7744262733822267,13.24918270111084,37.0,"{""type"":""Point"",""coordinates"":[110.13602566071017,19.34089039038489]}"
2731,0.0,24.0,9.0,6.1816935539245605,10.0,19.245820236596508,108.73411394459737,1665.411865234375,52.0,0.40608304738998413,2.0,2.0,0.7193774375420493,14.71535587310791,42.0,"{""type"":""Point"",""coordinates"":[108.73534574402929,19.245540072326715]}"
2732,0.0,26.0,564.0,58.052001953125,541.0,19.29522757722308,109.08445690540395,2311.630126953125,51.0,11.88658618927002,6.0,3.0,0.6014308303392111,10.940936088562012,39.0,"{""type"":""Point"",""coordinates"":[109.08576878774284,19.294085494041187]}"
2734,0.0,26.0,20.0,15.90462589263916,12.0,19.672519996553277,110.3241319974889,2648.074462890625,47.0,0.6329671740531921,2.0,3.0,0.824779299875114,13.995009422302246,30.0,"{""type"":""Point"",""coordinates"":[110.32574535548754,19.673563751546347]}"
2735,0.0,22.0,125.0,18.685272216796875,89.0,19.533281127514755,109.5515808531461,2474.3330078125,56.0,1.101383090019226,3.0,3.0,0.6972846143672871,13.648614883422852,36.0,"{""type"":""Point"",""coordinates"":[109.55019788441297,19.53339531922821]}"
2736,0.0,29.0,166.0,70.11166381835938,142.0,19.007766686304834,110.21184258697394,2726.271728515625,37.0,7.0006279945373535,4.0,2.0,0.6205909183229619,11.768789291381836,46.0,"{""type"":""Point"",""coordinates"":[110.21363515302357,19.00719869461238]}"
2737,0.0,25.0,32.0,10.734171867370605,32.0,19.919556699686147,110.36006460885369,2504.344970703125,42.0,0.1918068826198578,2.0,4.0,0.7492610942122868,14.9718656539917,41.0,"{""type"":""Point"",""coordinates"":[110.3594976392266,19.920223283732653]}"
2738,0.0,25.0,149.0,11.846538543701172,131.0,18.594541655609852,109.05750744688038,1925.6435546875,54.0,1.1390856504440308,2.0,1.0,0.6015081836034326,13.600086212158203,47.0,"{""type"":""Point"",""coordinates"":[109.0579735691214,18.593578013953174]}"
2739,0.0,28.0,25.0,7.388627052307129,25.0,19.80277571275061,110.72388229892209,2236.168701171875,46.0,0.06096508726477623,5.0,4.0,0.744205617768192,15.637470245361328,41.0,"{""type"":""Point"",""coordinates"":[110.72535246109463,19.803483471682874]}"
2740,0.0,28.0,48.0,25.439796447753906,33.0,19.088615061875586,110.21184258697394,2793.832275390625,42.0,1.2471699714660645,4.0,2.0,0.7308969096210514,13.570510864257812,45.0,"{""type"":""Point"",""coordinates"":[110.21022139010122,19.08873258152744]}"
2741,0.0,22.0,41.0,11.327676773071289,41.0,19.645570538029695,109.22369577444249,2123.479736328125,53.0,0.6313395500183105,2.0,3.0,0.7317559596460541,14.255516052246094,37.0,"{""type"":""Point"",""coordinates"":[109.22314808456582,19.64342044235473]}"
2742,0.0,22.0,34.0,6.243871212005615,34.0,19.83421674769479,110.9304948142696,1853.2218017578125,54.0,0.3401693105697632,2.0,4.0,0.6717985830077999,13.481201171875,49.0,"{""type"":""Point"",""coordinates"":[110.92856083600387,19.83314607238918]}"
2743,0.0,25.0,71.0,13.987813949584961,69.0,19.546755856776542,109.34047676137806,2262.759521484375,52.0,0.8520861864089966,3.0,3.0,0.706995058692551,13.937950134277344,37.0,"{""type"":""Point"",""coordinates"":[109.34146462709413,19.5486171848548]}"
2744,0.0,28.0,194.0,51.18291473388672,140.0,18.944884616416466,109.04403271761862,2178.093994140625,44.0,8.451864242553711,6.0,2.0,0.6171457331403841,11.560293197631836,41.0,"{""type"":""Point"",""coordinates"":[109.04400480977526,18.94622398901797]}"
2745,0.0,30.0,456.0,64.24132537841797,265.0,19.120056096819773,109.58751346451089,2458.424072265625,39.0,10.23510456085205,5.0,2.0,0.6146759980174927,11.181309700012207,40.0,"{""type"":""Point"",""coordinates"":[109.58705567730681,19.118957214662725]}"
2746,0.0,23.0,65.0,14.447603225708008,65.0,19.515314821832362,109.11140636392759,2039.7498779296875,54.0,1.2644319534301758,4.0,3.0,0.7109976070797012,13.546733856201172,34.0,"{""type"":""Point"",""coordinates"":[109.1119312998955,19.513792082489424]}"
2747,0.0,27.0,31.0,6.550445556640625,32.0,19.843199900535986,109.35844306706042,1827.7164306640625,42.0,0.25115400552749634,3.0,4.0,0.7357462146379945,15.183155059814453,35.0,"{""type"":""Point"",""coordinates"":[109.3575209738264,19.84368533951189]}"
2748,0.0,23.0,100.0,27.266878128051758,45.0,19.447941175523397,109.84802489690554,2723.67626953125,55.0,1.6057684421539307,3.0,3.0,0.7523215123967264,13.286689758300781,36.0,"{""type"":""Point"",""coordinates"":[109.84694863834603,19.446186817013157]}"
2749,0.0,22.0,100.0,13.850906372070312,84.0,19.088615061875586,108.88233596647706,2086.91015625,59.0,1.1536333560943604,3.0,2.0,0.6680803468629664,13.617502212524414,39.0,"{""type"":""Point"",""coordinates"":[108.88245089267946,19.090720526851126]}"
2750,0.0,28.0,477.0,47.26125717163086,332.0,19.169463437446346,109.35844306706042,2572.3779296875,42.0,5.367156028747559,5.0,2.0,0.6450957512806181,11.818284034729004,38.0,"{""type"":""Point"",""coordinates"":[109.35922673402587,19.168564065652973]}"
2751,0.0,26.0,172.0,12.503826141357422,70.0,18.65742372549822,109.12488109318934,2080.711181640625,50.0,0.9411555528640747,2.0,1.0,0.6522253819383966,13.776549339294434,45.0,"{""type"":""Point"",""coordinates"":[109.1252154989104,18.658229841543218]}"
2752,0.0,22.0,32.0,16.612369537353516,32.0,19.317685459326064,110.5217613599952,2742.8125,56.0,0.5645158886909485,5.0,3.0,0.7551614095685305,14.334726333618164,41.0,"{""type"":""Point"",""coordinates"":[110.5235308340022,19.318765876233158]}"
2753,0.0,22.0,26.0,12.350892066955566,26.0,18.387929140262365,109.09344005824516,1671.2060546875,51.0,1.6638511419296265,3.0,1.0,0.7060610351440604,13.294958114624023,40.0,"{""type"":""Point"",""coordinates"":[109.09322923405684,18.386599349765998]}"
2754,0.0,25.0,94.0,38.40576934814453,90.0,18.73378052464838,110.12201105856201,2288.038330078125,52.0,4.536412715911865,4.0,1.0,0.6300198143819701,12.249950408935547,46.0,"{""type"":""Point"",""coordinates"":[110.12245233813557,18.733110090087585]}"
2755,0.0,22.0,73.0,13.069634437561035,59.0,19.659045267291482,109.5470892767255,2291.41845703125,55.0,0.6699825525283813,3.0,3.0,0.7337387929817182,14.177224159240723,34.0,"{""type"":""Point"",""coordinates"":[109.54536544890153,19.660916207277968]}"
2756,0.0,27.0,921.0,58.251708984375,763.0,18.706831066124792,109.36293464348103,2303.38623046875,49.0,18.092432022094727,7.0,1.0,0.5331470940322246,10.143915176391602,46.0,"{""type"":""Point"",""coordinates"":[109.36296512069946,18.70726704072595]}"
2757,0.0,30.0,499.0,50.62712097167969,485.0,18.85056151158392,110.22082573981515,2599.125732421875,46.0,6.416457653045654,4.0,2.0,0.6101981354500015,11.621048927307129,45.0,"{""type"":""Point"",""coordinates"":[110.22270552118896,18.851076403597077]}"
2758,0.0,30.0,274.0,32.515079498291016,213.0,18.783187865274954,109.86599120258796,2632.68115234375,39.0,2.460059881210327,4.0,1.0,0.64237921690326,12.748456954956055,44.0,"{""type"":""Point"",""coordinates"":[109.86475030164385,18.781257024835533]}"
2759,0.0,23.0,233.0,35.014163970947266,160.0,19.474890634046986,109.64590395797865,2748.82958984375,57.0,2.543590784072876,3.0,3.0,0.6789632945802386,12.742385864257812,36.0,"{""type"":""Point"",""coordinates"":[109.64547421542058,19.477038316610273]}"
2760,0.0,27.0,580.0,51.47746658325195,456.0,18.76522155959256,109.0260664119362,2110.38330078125,49.0,12.911542892456055,7.0,1.0,0.5743581887109017,10.842026710510254,42.0,"{""type"":""Point"",""coordinates"":[109.02724179509049,18.766165020651492]}"
2761,0.0,27.0,251.0,14.656222343444824,198.0,19.452432751943995,110.06811214151486,2876.264404296875,51.0,0.3344385027885437,4.0,3.0,0.6796827197126011,14.759989738464355,38.0,"{""type"":""Point"",""coordinates"":[110.06594758346482,19.452958706898784]}"
2762,0.0,29.0,603.0,19.74791145324707,386.0,18.890985699369296,109.64590395797865,2310.563720703125,45.0,1.877232313156128,5.0,2.0,0.6047766682528399,12.767302513122559,45.0,"{""type"":""Point"",""coordinates"":[109.64799774451225,18.892646634154172]}"
2763,0.0,28.0,89.0,13.205403327941895,48.0,19.398533834896824,110.18489312845037,2841.232666015625,43.0,0.1824357807636261,4.0,3.0,0.7570471060279863,15.468544006347656,36.0,"{""type"":""Point"",""coordinates"":[110.18430649199115,19.397022021997152]}"
2764,0.0,27.0,229.0,29.176332473754883,232.0,18.37894598742117,109.66836184008167,1968.9835205078125,50.0,4.860080718994141,4.0,1.0,0.609910217470666,12.095791816711426,42.0,"{""type"":""Point"",""coordinates"":[109.6673186461721,18.37829005681244]}"
2765,0.0,31.0,859.0,37.43821716308594,603.0,18.917935157892877,109.69531129860525,2434.082763671875,38.0,5.947726249694824,8.0,2.0,0.5892837063839645,11.35878849029541,44.0,"{""type"":""Point"",""coordinates"":[109.69497546368031,18.918099946613488]}"
2766,0.0,30.0,761.0,35.96491241455078,571.0,18.85056151158392,109.5515808531461,2262.84423828125,48.0,6.951025485992432,5.0,2.0,0.5715018163265869,11.30571460723877,46.0,"{""type"":""Point"",""coordinates"":[109.55265808183461,18.849543640329202]}"
2767,0.0,22.0,5.0,6.5280866622924805,5.0,19.753368372124037,109.34496833779866,1807.3800048828125,48.0,0.2437833696603775,2.0,4.0,0.7742671349103355,15.227936744689941,33.0,"{""type"":""Point"",""coordinates"":[109.34683186770488,19.75344714759456]}"
2768,0.0,24.0,85.0,14.490478515625,61.0,19.600654773823713,109.98277218952347,2607.329345703125,50.0,0.4747518002986908,8.0,3.0,0.7581385311713076,14.514533042907715,33.0,"{""type"":""Point"",""coordinates"":[109.98149776126957,19.60104434777244]}"
2769,0.0,26.0,94.0,20.527278900146484,64.0,19.560230586038337,110.0097216480471,2724.590576171875,50.0,0.956986129283905,4.0,3.0,0.739865577212944,13.808053016662598,35.0,"{""type"":""Point"",""coordinates"":[110.00999738230858,19.559026060149105]}"
2770,0.0,27.0,665.0,61.54641342163086,541.0,18.79666259453675,109.0305579883568,2110.38330078125,49.0,19.076492309570312,7.0,1.0,0.569429409214882,10.35559368133545,38.0,"{""type"":""Point"",""coordinates"":[109.02866937745434,18.79886997097245]}"
2771,0.0,27.0,62.0,20.99470329284668,41.0,19.564722162458935,110.12201105856201,2713.58056640625,47.0,0.9919729828834534,4.0,3.0,0.767206182143584,13.791254997253418,35.0,"{""type"":""Point"",""coordinates"":[110.12073637358414,19.564881781718263]}"
2772,0.0,25.0,5.0,17.10965919494629,5.0,18.446319633730134,110.05463741225304,1795.2620849609375,49.0,2.3628201484680176,4.0,1.0,0.7274169478100776,12.95604419708252,42.0,"{""type"":""Point"",""coordinates"":[110.0562812291615,18.445939821260914]}"
2773,0.0,24.0,51.0,23.623851776123047,51.0,18.34750495247698,109.52463139462253,1771.470703125,54.0,4.240357875823975,4.0,0.0,0.6703586767183194,12.343307495117188,41.0,"{""type"":""Point"",""coordinates"":[109.52590292920091,18.347832273263275]}"
2774,0.0,29.0,142.0,15.066489219665527,126.0,18.612507961292245,109.0260664119362,2040.185546875,43.0,1.3974868059158325,4.0,1.0,0.6046942446831792,13.399928092956543,48.0,"{""type"":""Point"",""coordinates"":[109.0265391968796,18.610543124843296]}"
2775,0.0,30.0,130.0,55.448421478271484,78.0,19.434466446261602,109.94234800173814,2751.2607421875,40.0,4.796421527862549,5.0,3.0,0.6966993101779223,12.172017097473145,37.0,"{""type"":""Point"",""coordinates"":[109.94412540742121,19.435375557858357]}"
2776,0.0,29.0,367.0,36.5890998840332,261.0,18.670898454760014,109.2775946914897,2066.3583984375,49.0,6.825413703918457,5.0,1.0,0.5883099405398821,11.658868789672852,45.0,"{""type"":""Point"",""coordinates"":[109.27761764237128,18.670640471515565]}"
2777,0.0,25.0,15.0,7.710618495941162,18.0,18.756238406751365,110.33760672675072,2163.493896484375,50.0,0.1297309696674347,4.0,1.0,0.7160213814024557,15.853017807006836,48.0,"{""type"":""Point"",""coordinates"":[110.33723898921357,18.75635781948383]}"
2778,0.0,27.0,222.0,69.92646789550781,219.0,19.21887077807292,110.32862357390951,3040.168701171875,48.0,5.601641654968262,5.0,2.0,0.6569258679363537,11.957582473754883,38.0,"{""type"":""Point"",""coordinates"":[110.32849526638466,19.21878066742429]}"
2779,0.0,30.0,216.0,27.281925201416016,199.0,19.21437920165232,110.19836785771219,2886.337158203125,41.0,1.377711534500122,4.0,2.0,0.6675726301605537,13.367132186889648,40.0,"{""type"":""Point"",""coordinates"":[110.1987809895392,19.21549852587083]}"
2780,0.0,28.0,76.0,49.86740493774414,68.0,19.245820236596508,110.31065726822715,3040.168701171875,43.0,2.996988296508789,3.0,2.0,0.71090109933776,12.676456451416016,38.0,"{""type"":""Point"",""coordinates"":[110.31122004001158,19.24568906245612]}"
2781,0.0,24.0,19.0,8.070596694946289,22.0,18.383437563841767,109.71776918070822,1922.607177734375,52.0,0.4231041669845581,2.0,1.0,0.7208412879705851,14.668540000915527,42.0,"{""type"":""Point"",""coordinates"":[109.71885063032846,18.383298845566415]}"
2782,0.0,32.0,648.0,49.47412872314453,402.0,19.034716144828415,109.33149360853685,2268.21240234375,37.0,10.008674621582031,5.0,2.0,0.5904789287305137,11.043810844421387,41.0,"{""type"":""Point"",""coordinates"":[109.32970459939558,19.033147011235467]}"
2783,0.0,29.0,32.0,10.492731094360352,32.0,19.569213738879533,109.25962838580728,2190.39306640625,42.0,0.46288952231407166,3.0,3.0,0.7522286247975685,14.571136474609375,36.0,"{""type"":""Point"",""coordinates"":[109.2586959501881,19.569771881255424]}"
2784,0.0,28.0,323.0,73.7734146118164,179.0,19.191921319549337,109.81209228554076,2713.414306640625,47.0,9.098276138305664,4.0,2.0,0.6404620164578929,11.399002075195312,38.0,"{""type"":""Point"",""coordinates"":[109.81012667969337,19.19214712498652]}"
2785,0.0,26.0,35.0,13.393537521362305,35.0,19.986930345995113,110.30167411538594,2519.441162109375,48.0,0.690986156463623,2.0,4.0,0.7581842655365799,13.25709056854248,38.0,"{""type"":""Point"",""coordinates"":[110.30255693969228,19.985036437071305]}"
2786,0.0,25.0,156.0,36.25817108154297,109.0,19.57370531530013,109.81658386196136,2675.49267578125,47.0,2.62845778465271,5.0,3.0,0.6936007574460783,12.758968353271484,34.0,"{""type"":""Point"",""coordinates"":[109.81696903455124,19.57407359766461]}"
2787,0.0,23.0,38.0,10.766244888305664,40.0,19.564722162458935,110.7732896395487,2271.791015625,53.0,0.4839538335800171,3.0,3.0,0.756770023529104,14.087767601013184,34.0,"{""type"":""Point"",""coordinates"":[110.77467576320466,19.564288165910835]}"
2788,0.0,22.0,40.0,11.588872909545898,43.0,18.67988160760121,108.78352128522391,1797.787353515625,50.0,1.1823850870132446,3.0,1.0,0.6777019740536958,13.628554344177246,44.0,"{""type"":""Point"",""coordinates"":[108.78195834072008,18.678912915680304]}"
2789,0.0,29.0,389.0,24.172653198242188,288.0,18.73827210106898,109.53361454746374,2257.9912109375,48.0,2.6708483695983887,5.0,1.0,0.6029096124828764,12.585134506225586,47.0,"{""type"":""Point"",""coordinates"":[109.53287679869402,18.740238339476914]}"
2790,0.0,27.0,26.0,18.091922760009766,26.0,19.245820236596508,110.5217613599952,2732.099365234375,51.0,0.7516763210296631,16.0,2.0,0.7740001250929899,14.07046127319336,40.0,"{""type"":""Point"",""coordinates"":[110.52321476002939,19.244057138169175]}"
2791,0.0,23.0,60.0,19.63005828857422,36.0,19.71743576075925,109.90641539037335,2655.540283203125,54.0,0.9299637675285339,2.0,3.0,0.78074896557454,13.857000350952148,33.0,"{""type"":""Point"",""coordinates"":[109.90782811428564,19.71869687612049]}"
2792,0.0,26.0,200.0,16.374553680419922,83.0,19.362601223532046,109.61895449945507,2707.4736328125,49.0,0.5958146452903748,4.0,3.0,0.7140258656194194,14.215901374816895,35.0,"{""type"":""Point"",""coordinates"":[109.61901659100677,19.364277756072486]}"
2793,0.0,31.0,603.0,66.04544830322266,593.0,18.6888647604424,110.0052300716265,2247.961669921875,46.0,17.54964828491211,5.0,1.0,0.5430377897525037,10.500449180603027,47.0,"{""type"":""Point"",""coordinates"":[110.00356102411861,18.690133976909852]}"
2794,0.0,26.0,84.0,10.953624725341797,80.0,18.949376192837065,108.78352128522391,1632.623046875,51.0,1.6090915203094482,4.0,2.0,0.6190633547158635,13.294260025024414,45.0,"{""type"":""Point"",""coordinates"":[108.78290611268945,18.95108179354403]}"
2795,0.0,22.0,31.0,7.860048294067383,31.0,19.87913251190077,109.69081972218464,2084.842041015625,47.0,0.1674567312002182,2.0,4.0,0.7607930652278887,15.588500022888184,33.0,"{""type"":""Point"",""coordinates"":[109.69201752401449,19.877827616167533]}"
2796,0.0,26.0,332.0,52.548439025878906,329.0,18.82361205306033,108.79250443806512,1725.241455078125,47.0,18.91122055053711,6.0,2.0,0.5367665588272541,10.6322021484375,45.0,"{""type"":""Point"",""coordinates"":[108.79331790395219,18.82320399085629]}"
2797,0.0,27.0,38.0,10.609317779541016,36.0,19.79828413633001,110.45438771368623,2518.283447265625,43.0,0.1916734129190445,6.0,4.0,0.7749643858646759,15.013984680175781,35.0,"{""type"":""Point"",""coordinates"":[110.45569677099171,19.796362306843946]}"
2798,0.0,24.0,17.0,4.708160877227783,17.0,19.12454767324037,108.68470660397077,1430.3846435546875,52.0,0.40285736322402954,2.0,2.0,0.6924889498350836,14.718730926513672,43.0,"{""type"":""Point"",""coordinates"":[108.68302812865629,19.126557464392626]}"
2799,0.0,25.0,46.0,6.5124735832214355,46.0,19.003275109884235,108.75657182670034,1723.43359375,49.0,0.38931289315223694,2.0,2.0,0.6761985282753445,14.736075401306152,43.0,"{""type"":""Point"",""coordinates"":[108.75793772752148,19.005351429769252]}"
2800,0.0,28.0,197.0,43.39039993286133,183.0,19.196412895969935,108.99911695341262,2490.10595703125,45.0,4.491174221038818,5.0,2.0,0.646990958383693,12.195878028869629,41.0,"{""type"":""Point"",""coordinates"":[109.00098445928104,19.19465902937061]}"
2801,0.0,32.0,355.0,20.942392349243164,218.0,18.95835934567826,109.843533320485,2564.59375,40.0,1.3426408767700195,4.0,2.0,0.6405244119781603,13.298072814941406,44.0,"{""type"":""Point"",""coordinates"":[109.84268859727935,18.956251955134878]}"
2802,0.0,23.0,8.0,7.664862155914307,11.0,18.360979681738776,109.73124390997003,1922.607177734375,55.0,0.36712369322776794,2.0,1.0,0.7384153535106961,14.816791534423828,41.0,"{""type"":""Point"",""coordinates"":[109.72968261139931,18.362181679804465]}"
2803,0.0,29.0,1009.0,28.68149185180664,937.0,18.82361205306033,108.9811506477302,2373.494873046875,48.0,5.023007869720459,11.0,2.0,0.5960692079868513,11.3449125289917,41.0,"{""type"":""Point"",""coordinates"":[108.98040365238818,18.82545303760361]}"
2804,0.0,27.0,43.0,19.298742294311523,45.0,19.066157179772603,110.43642140800387,2721.12646484375,45.0,0.8088086843490601,4.0,2.0,0.7425414923746296,13.987103462219238,40.0,"{""type"":""Point"",""coordinates"":[110.43462696754185,19.067826082602455]}"
2805,0.0,24.0,201.0,19.297670364379883,173.0,18.967342498519457,108.88682754289766,1984.775146484375,47.0,2.2300827503204346,3.0,2.0,0.6205617387805883,12.894923210144043,42.0,"{""type"":""Point"",""coordinates"":[108.88847639430362,18.967779266563277]}"
2806,0.0,30.0,48.0,11.285738945007324,49.0,19.973455616733318,110.19387628129158,2387.015869140625,43.0,0.44128552079200745,2.0,4.0,0.7436256651826713,14.234468460083008,36.0,"{""type"":""Point"",""coordinates"":[110.19553949593858,19.972303498166347]}"
2807,0.0,23.0,286.0,30.752023696899414,161.0,19.250311813017106,109.42132513694878,2624.529541015625,52.0,2.2603745460510254,4.0,2.0,0.6691899835254518,12.825055122375488,38.0,"{""type"":""Point"",""coordinates"":[109.42030049585269,19.251279723483513]}"
2808,0.0,30.0,439.0,62.64930725097656,317.0,19.245820236596508,109.65937868724046,2746.346923828125,38.0,6.905355930328369,4.0,2.0,0.6500770531470131,11.59372615814209,36.0,"{""type"":""Point"",""coordinates"":[109.66071628928673,19.244761936182066]}"
2809,0.0,25.0,26.0,12.194700241088867,17.0,19.659045267291482,110.23879204549758,2679.3779296875,46.0,0.19152140617370605,2.0,3.0,0.8074344581735475,15.419341087341309,33.0,"{""type"":""Point"",""coordinates"":[110.24097031940317,19.66080997294191]}"
2810,0.0,33.0,341.0,24.429065704345703,322.0,18.46428593941252,109.35395149063982,2027.23046875,41.0,3.625345468521118,4.0,1.0,0.5973624682451909,12.313580513000488,45.0,"{""type"":""Point"",""coordinates"":[109.35465205503543,18.465334878271577]}"
2811,0.0,24.0,8.0,9.068248748779297,11.0,18.908952005051688,110.44989613726563,2358.38232421875,51.0,0.13414548337459564,3.0,2.0,0.7574302993021861,15.804473876953125,43.0,"{""type"":""Point"",""coordinates"":[110.44770426055577,18.90954590664191]}"
2812,0.0,23.0,47.0,41.88555145263672,47.0,18.482252245094912,110.02319637730886,1867.372802734375,57.0,9.113739967346191,4.0,1.0,0.6515453837950423,11.573864936828613,44.0,"{""type"":""Point"",""coordinates"":[110.02382139709722,18.48401579201469]}"
2813,0.0,28.0,75.0,14.161504745483398,71.0,19.470399057626388,109.10242321108637,2101.02392578125,46.0,1.1269774436950684,4.0,3.0,0.7034545327462608,13.655905723571777,35.0,"{""type"":""Point"",""coordinates"":[109.10345625043081,19.469717361493025]}"
2814,0.0,26.0,31.0,5.841406345367432,31.0,19.82972517127419,110.91702008500778,1853.2218017578125,47.0,0.2159218192100525,2.0,4.0,0.6757133221012439,13.942769050598145,49.0,"{""type"":""Point"",""coordinates"":[110.9165948590435,19.83042835654737]}"
2815,0.0,26.0,157.0,9.435049057006836,28.0,18.76522155959256,109.22369577444249,2127.4619140625,52.0,0.4407261908054352,3.0,1.0,0.714251023497626,14.544753074645996,43.0,"{""type"":""Point"",""coordinates"":[109.2231304784341,18.766221132137098]}"
2816,0.0,33.0,11.0,14.71220874786377,12.0,19.964472463892122,110.1130279057208,2391.9794921875,39.0,0.8689460158348083,4.0,4.0,0.7825467713085699,13.684895515441895,37.0,"{""type"":""Point"",""coordinates"":[110.11092117592402,19.966277971575057]}"
2817,0.0,30.0,201.0,39.4637565612793,69.0,19.205396048811124,109.8031091326996,2768.3896484375,42.0,2.899803400039673,6.0,2.0,0.7068480451923308,12.631969451904297,38.0,"{""type"":""Point"",""coordinates"":[109.80469651309433,19.206895739453838]}"
2818,0.0,31.0,526.0,59.8668327331543,513.0,18.45979436299192,109.43030828978999,2098.366455078125,41.0,16.054861068725586,7.0,1.0,0.5495463750323273,10.659649848937988,46.0,"{""type"":""Point"",""coordinates"":[109.43077735916847,18.46092867593925]}"
2819,0.0,32.0,86.0,19.099184036254883,65.0,19.582688468141328,110.1175194821414,2713.58056640625,44.0,0.8941254615783691,4.0,3.0,0.7530541926134207,13.880821228027344,32.0,"{""type"":""Point"",""coordinates"":[110.11557821825461,19.58483796916845]}"
2820,0.0,30.0,67.0,12.225253105163574,65.0,19.82972517127419,110.28370780970351,2518.41015625,40.0,0.38156041502952576,6.0,4.0,0.7445763402762953,14.464984893798828,34.0,"{""type"":""Point"",""coordinates"":[110.28409532769233,19.831269748684758]}"
2822,0.0,25.0,224.0,26.30426788330078,153.0,18.819120476639732,110.0052300716265,2451.311279296875,53.0,2.196397542953491,4.0,1.0,0.629429634625558,12.895218849182129,46.0,"{""type"":""Point"",""coordinates"":[110.00646773639207,18.819721135298774]}"
2823,0.0,33.0,638.0,52.737850189208984,485.0,18.944884616416466,109.2371705037043,2339.40185546875,36.0,10.157522201538086,6.0,2.0,0.5729163368250453,11.037755966186523,46.0,"{""type"":""Point"",""coordinates"":[109.23714237297314,18.945446207511807]}"
2824,0.0,29.0,387.0,63.050193786621094,206.0,19.115564520399175,109.45276617189296,2649.153076171875,41.0,7.5521697998046875,4.0,2.0,0.6382674389276694,11.542072296142578,39.0,"{""type"":""Point"",""coordinates"":[109.45228984268599,19.11373173857309]}"
2825,0.0,29.0,32.0,15.320396423339844,33.0,19.959980887471524,110.06362056509425,2401.746826171875,41.0,0.8805197477340698,2.0,4.0,0.7568748540548825,13.65575885772705,37.0,"{""type"":""Point"",""coordinates"":[110.06185745250932,19.959683237254286]}"
2826,0.0,24.0,145.0,42.34361267089844,76.0,19.335651765008457,110.19836785771219,2928.958251953125,52.0,2.6727614402770996,4.0,3.0,0.7009662061404289,12.749098777770996,38.0,"{""type"":""Point"",""coordinates"":[110.1965074556513,19.33573486225437]}"
2827,0.0,27.0,370.0,28.92086410522461,360.0,18.985308804201843,108.82843704942991,1834.686279296875,51.0,6.443125247955322,5.0,2.0,0.5898053175070035,11.714858055114746,42.0,"{""type"":""Point"",""coordinates"":[108.83053388596655,18.98306525294164]}"
2828,0.0,26.0,107.0,8.639283180236816,93.0,18.57657534992746,109.0305579883568,1913.0013427734375,49.0,0.5457610487937927,3.0,1.0,0.6006833015576951,14.361851692199707,50.0,"{""type"":""Point"",""coordinates"":[109.02976644941427,18.57545638708951]}"
2829,0.0,29.0,48.0,11.747008323669434,49.0,19.8252335948536,110.5711687006218,2398.02392578125,44.0,0.5010855197906494,5.0,4.0,0.7373883446575605,14.018113136291504,38.0,"{""type"":""Point"",""coordinates"":[110.57154683009031,19.827309250627376]}"
2830,0.0,31.0,145.0,29.190345764160156,143.0,19.039207721249014,110.3690477616949,2689.599853515625,40.0,1.8921884298324585,4.0,2.0,0.6747053838546777,13.094839096069336,39.0,"{""type"":""Point"",""coordinates"":[110.37055743125536,19.03758495396071]}"
2831,0.0,29.0,172.0,44.49571990966797,172.0,18.35199652889758,109.38090094916339,1944.408203125,40.0,9.047491073608398,5.0,0.0,0.6166866676728071,11.505144119262695,38.0,"{""type"":""Point"",""coordinates"":[109.38228373816442,18.350848978791483]}"
2832,0.0,27.0,800.0,58.03231430053711,728.0,18.805645747377937,108.97665907130965,2373.494873046875,49.0,13.943807601928711,9.0,1.0,0.5789398900129739,10.554322242736816,41.0,"{""type"":""Point"",""coordinates"":[108.97791048668245,18.80607366992259]}"
2833,0.0,26.0,877.0,55.777103424072266,776.0,18.814628900219134,109.62793765229628,2360.517822265625,49.0,14.238621711730957,7.0,1.0,0.5450108298377806,10.448189735412598,47.0,"{""type"":""Point"",""coordinates"":[109.62678891480634,18.816305004821743]}"
2834,0.0,28.0,434.0,66.18599700927734,407.0,18.76971313601316,110.06811214151486,2443.43408203125,44.0,10.880291938781738,4.0,1.0,0.5812316584981103,11.135607719421387,47.0,"{""type"":""Point"",""coordinates"":[110.0676931946217,18.768781075087862]}"
2835,0.0,29.0,48.0,19.78386688232422,49.0,19.528789551094157,110.71040756966033,2401.170166015625,46.0,1.7245357036590576,7.0,3.0,0.7475905400209254,12.807707786560059,35.0,"{""type"":""Point"",""coordinates"":[110.70864594839725,19.528569350307805]}"
2836,0.0,24.0,57.0,9.28609561920166,57.0,19.49285693972937,109.09344005824516,2019.1318359375,54.0,0.5197983980178833,3.0,3.0,0.7213524686127946,14.440536499023438,34.0,"{""type"":""Point"",""coordinates"":[109.0949904147824,19.491541468137697]}"
2837,0.0,25.0,90.0,32.43489074707031,52.0,19.120056096819773,110.05463741225304,2726.04931640625,49.0,2.074028491973877,4.0,2.0,0.7035971140022199,13.036659240722656,45.0,"{""type"":""Point"",""coordinates"":[110.05608546107717,19.11817980752814]}"
2838,0.0,23.0,136.0,14.707451820373535,78.0,19.488365363308773,109.57853031166974,2557.77197265625,52.0,0.5505911707878113,3.0,3.0,0.7117778731061669,14.335253715515137,37.0,"{""type"":""Point"",""coordinates"":[109.57842143536827,19.489061868346177]}"
2839,0.0,25.0,125.0,20.036603927612305,66.0,19.24132866017591,110.04565425941183,2879.177734375,45.0,0.6780336499214172,4.0,2.0,0.7187498071305478,14.133816719055176,39.0,"{""type"":""Point"",""coordinates"":[110.04365981701096,19.242808789071432]}"
2840,0.0,26.0,4.0,6.0767927169799805,6.0,19.627604232347302,110.94846111995196,1947.63037109375,47.0,0.11471964418888092,3.0,3.0,0.743034882965378,14.800209045410156,42.0,"{""type"":""Point"",""coordinates"":[110.94901272165829,19.628634645683718]}"
2841,0.0,25.0,280.0,13.19236946105957,98.0,19.097598214716783,109.70878602786706,2543.0322265625,47.0,0.4194636642932892,4.0,2.0,0.6722692092955387,14.51395034790039,39.0,"{""type"":""Point"",""coordinates"":[109.71092326269412,19.095739645021457]}"
2842,0.0,23.0,48.0,12.298131942749023,27.0,19.528789551094157,110.26124992760055,2802.476318359375,51.0,0.12172184139490128,4.0,3.0,0.7743739413869526,15.897561073303223,38.0,"{""type"":""Point"",""coordinates"":[110.26104528490008,19.526930291042373]}"
2843,0.0,24.0,624.0,57.29116439819336,537.0,18.82361205306033,109.74471863923185,2423.74072265625,47.0,9.7708158493042,5.0,2.0,0.5826333207596996,11.089853286743164,45.0,"{""type"":""Point"",""coordinates"":[109.74487034414773,18.82433385716137]}"
2844,0.0,22.0,34.0,6.940799713134766,35.0,19.906081970424353,110.90354535574602,1798.4078369140625,52.0,0.6909834146499634,2.0,4.0,0.6662828142438179,12.772492408752441,49.0,"{""type"":""Point"",""coordinates"":[110.90545745663988,19.904275841756697]}"
2845,0.0,24.0,142.0,13.792189598083496,128.0,18.60352480845105,109.0215748355156,2040.185546875,54.0,1.2156869173049927,2.0,1.0,0.5995003854705946,13.539341926574707,49.0,"{""type"":""Point"",""coordinates"":[109.0222176978341,18.605629570590235]}"
2846,0.0,29.0,745.0,38.93400955200195,541.0,18.908952005051688,109.60547977019331,2311.570068359375,47.0,7.103183269500732,5.0,2.0,0.5833506303116031,11.299858093261719,44.0,"{""type"":""Point"",""coordinates"":[109.60374492316963,18.911169208036743]}"
2847,0.0,30.0,28.0,16.499046325683594,28.0,19.924048276106745,109.88395750827033,2270.337890625,42.0,1.3017369508743286,5.0,4.0,0.7599303624455882,13.26777172088623,36.0,"{""type"":""Point"",""coordinates"":[109.88299524504804,19.924079190719315]}"
2848,0.0,30.0,428.0,49.31298065185547,268.0,18.85056151158392,109.41683356052818,2288.759521484375,46.0,8.520835876464844,7.0,2.0,0.5794073692197732,11.389300346374512,48.0,"{""type"":""Point"",""coordinates"":[109.41520642495857,18.850710046526682]}"
2849,0.0,28.0,334.0,64.26734161376953,130.0,18.96285092209886,109.5964966173521,2306.35986328125,47.0,11.75265884399414,4.0,2.0,0.5949932804395326,11.129570960998535,43.0,"{""type"":""Point"",""coordinates"":[109.59477935122212,18.963795435725565]}"
2850,0.0,28.0,683.0,30.87074089050293,534.0,18.74276367748957,109.34047676137806,2217.32763671875,49.0,5.08811616897583,7.0,1.0,0.5851647147409977,11.695749282836914,45.0,"{""type"":""Point"",""coordinates"":[109.34119581445934,18.742296027027546]}"
2851,0.0,27.0,37.0,10.798677444458008,37.0,19.83421674769479,110.5262529364158,2430.559326171875,43.0,0.29849833250045776,5.0,4.0,0.7541200079465367,14.54636001586914,38.0,"{""type"":""Point"",""coordinates"":[110.52681746090035,19.834861898642373]}"
2852,0.0,26.0,117.0,17.567272186279297,36.0,19.38505910563503,110.09057002361783,2907.533447265625,44.0,0.4628804326057434,3.0,3.0,0.7618050989444243,14.520474433898926,37.0,"{""type"":""Point"",""coordinates"":[110.09114797060887,19.38641503322561]}"
2853,0.0,24.0,129.0,13.470588684082031,79.0,19.358109647111448,109.25064523296606,2282.4091796875,48.0,0.709234356880188,4.0,3.0,0.7036139379992001,14.0863618850708,35.0,"{""type"":""Point"",""coordinates"":[109.25028947932775,19.357115097347982]}"
2854,0.0,26.0,190.0,18.866222381591797,175.0,19.025732991987226,108.84191177869172,1987.6182861328125,54.0,2.3966991901397705,4.0,2.0,0.6262859174239657,12.829858779907227,41.0,"{""type"":""Point"",""coordinates"":[108.84161518648509,19.024533973760715]}"
2855,0.0,31.0,759.0,66.00777435302734,728.0,18.73378052464838,110.04116268299128,2484.3701171875,44.0,14.847326278686523,5.0,1.0,0.5591264833098946,10.53098201751709,46.0,"{""type"":""Point"",""coordinates"":[110.03992065889177,18.73302475218878]}"
2856,0.0,25.0,150.0,13.971405029296875,83.0,19.564722162458935,109.73124390997003,2668.286376953125,51.0,0.4015127122402191,3.0,3.0,0.7129408908184348,14.642319679260254,36.0,"{""type"":""Point"",""coordinates"":[109.73180353269366,19.56555489616398]}"
2857,0.0,24.0,61.0,15.396869659423828,43.0,19.40751698773802,109.17878001023655,2272.19580078125,49.0,0.9561653137207031,3.0,3.0,0.7542913849293015,13.828619003295898,33.0,"{""type"":""Point"",""coordinates"":[109.17876685678556,19.40870513206486]}"
2858,0.0,24.0,266.0,36.18278884887695,153.0,19.209887625231723,109.2371705037043,2574.22607421875,51.0,3.115727186203003,4.0,2.0,0.6655147537903766,12.517206192016602,38.0,"{""type"":""Point"",""coordinates"":[109.2376509516747,19.211970787663027]}"
2859,0.0,29.0,205.0,29.413000106811523,27.0,19.18293816670814,109.49319035967835,2565.310791015625,40.0,2.1732993125915527,4.0,2.0,0.7581167901858922,12.918158531188965,37.0,"{""type"":""Point"",""coordinates"":[109.49472920789846,19.18396431812757]}"
2860,0.0,26.0,16.0,11.570852279663086,18.0,19.587180044561926,110.87659589722244,2071.21728515625,46.0,1.1788393259048462,3.0,3.0,0.7416301704491362,12.712635040283203,40.0,"{""type"":""Point"",""coordinates"":[110.87693769212635,19.587892846644127]}"
2861,0.0,29.0,701.0,53.05392074584961,629.0,18.720305795386587,108.93174330710366,2107.58642578125,48.0,15.910557746887207,5.0,1.0,0.5397018546957939,10.515149116516113,46.0,"{""type"":""Point"",""coordinates"":[108.93258618275102,18.721986940122786]}"
2862,0.0,25.0,35.0,8.012282371520996,35.0,19.227853930914115,108.78352128522391,1650.6527099609375,50.0,0.8223305940628052,2.0,2.0,0.6876490911702299,13.99468994140625,42.0,"{""type"":""Point"",""coordinates"":[108.7847561128871,19.225925265119006]}"
2863,0.0,29.0,39.0,9.794905662536621,39.0,19.54226428035595,108.99911695341262,1869.7095947265625,44.0,0.8053373694419861,3.0,3.0,0.7235329917702925,14.0132417678833,36.0,"{""type"":""Point"",""coordinates"":[108.99813093663973,19.54295500909615]}"
2864,0.0,28.0,853.0,41.0584831237793,666.0,19.003275109884235,109.47522405399599,2538.265869140625,42.0,6.00226354598999,6.0,2.0,0.6069978257922569,11.356290817260742,41.0,"{""type"":""Point"",""coordinates"":[109.47585069429084,19.00129204518691]}"
2865,0.0,24.0,26.0,11.442083358764648,27.0,19.15598870818455,108.7071644860738,1659.1658935546875,54.0,1.610597014427185,2.0,2.0,0.694910524325518,13.327505111694336,42.0,"{""type"":""Point"",""coordinates"":[108.70588715315213,19.157138803504377]}"
2866,0.0,23.0,258.0,21.10255241394043,217.0,18.62149111413344,109.34496833779866,2089.84423828125,53.0,2.3601598739624023,4.0,1.0,0.6102141188778942,12.800728797912598,45.0,"{""type"":""Point"",""coordinates"":[109.34475677699666,18.620619520613005]}"
2867,0.0,21.0,9.0,14.948484420776367,9.0,18.441828057309536,110.04565425941183,1809.15771484375,53.0,1.7982794046401978,2.0,1.0,0.723976047989719,13.22701644897461,42.0,"{""type"":""Point"",""coordinates"":[110.0458985198991,18.440671255039053]}"
2868,0.0,26.0,128.0,59.00786590576172,104.0,19.15598870818455,110.12201105856201,2854.14404296875,52.0,4.9950761795043945,4.0,2.0,0.6481338670559005,12.132469177246094,42.0,"{""type"":""Point"",""coordinates"":[110.12262803401512,19.157153345889604]}"
2869,0.0,26.0,0.0,5.962438106536865,3.0,18.338521799635792,109.72675233354943,1778.34765625,46.0,0.21027980744838715,2.0,0.0,0.7396587429550279,15.378637313842773,41.0,"{""type"":""Point"",""coordinates"":[109.72893487767229,18.337035431007667]}"
2870,0.0,27.0,67.0,16.305377960205078,60.0,19.753368372124037,110.54421924209822,2490.869140625,43.0,0.9393811821937561,7.0,4.0,0.7468885515040828,13.39797306060791,34.0,"{""type"":""Point"",""coordinates"":[110.54443063157692,19.75136003814392]}"
2871,0.0,38.0,84.0,10.484879493713379,84.0,19.852183053377182,109.94683957815869,2449.469970703125,34.0,0.29344937205314636,3.0,4.0,0.7165423759811445,14.841583251953125,34.0,"{""type"":""Point"",""coordinates"":[109.94861704799523,19.853429286476533]}"
2872,0.0,27.0,512.0,76.19642639160156,320.0,19.079631909034397,109.56505558240792,2543.486572265625,45.0,12.942221641540527,5.0,2.0,0.6071290516882737,10.895970344543457,40.0,"{""type"":""Point"",""coordinates"":[109.56670306512451,19.079380034140478]}"
2873,0.0,24.0,7.0,26.70522117614746,7.0,18.51818485645969,110.04565425941183,1955.7574462890625,50.0,3.6853668689727783,3.0,1.0,0.7199508625334095,12.509571075439453,44.0,"{""type"":""Point"",""coordinates"":[110.04530356699834,18.516653518078666]}"
2874,0.0,25.0,79.0,22.34067153930664,66.0,18.76522155959256,110.13548578782382,2358.184326171875,52.0,1.765180230140686,5.0,1.0,0.6642068287455819,13.20461654663086,48.0,"{""type"":""Point"",""coordinates"":[110.13460246113003,18.763694114324775]}"
2875,0.0,31.0,755.0,49.292808532714844,668.0,18.724797371807185,108.93623488352426,2107.58642578125,48.0,15.587646484375,4.0,1.0,0.5417053401486006,10.483977317810059,45.0,"{""type"":""Point"",""coordinates"":[108.93632379573373,18.724258432380974]}"
2876,0.0,23.0,68.0,19.9008731842041,44.0,19.703961031497464,109.90192381395275,2655.540283203125,55.0,0.9723029732704163,3.0,3.0,0.7719422678565113,13.807730674743652,33.0,"{""type"":""Point"",""coordinates"":[109.90301838035647,19.704460795884554]}"
2877,0.0,32.0,209.0,35.977901458740234,126.0,19.416500140579217,109.76717652133482,2721.21142578125,41.0,2.702834129333496,5.0,3.0,0.6813189007685087,12.697253227233887,36.0,"{""type"":""Point"",""coordinates"":[109.76719360077844,19.416187556586788]}"
2879,0.0,22.0,57.0,12.399432182312012,57.0,19.83421674769479,110.06362056509425,2527.185546875,53.0,0.3703269958496094,3.0,4.0,0.7523910176075947,14.502680778503418,34.0,"{""type"":""Point"",""coordinates"":[110.06474131732698,19.83224196876754]}"
2880,0.0,25.0,29.0,12.575249671936035,29.0,19.924048276106745,109.72226075712882,2031.4268798828125,43.0,0.9208130240440369,2.0,4.0,0.7524891030754647,13.844176292419434,34.0,"{""type"":""Point"",""coordinates"":[109.72232971504178,19.922202908039562]}"
2881,0.0,27.0,23.0,8.165785789489746,24.0,20.013879804518695,110.24777519833873,2187.4111328125,46.0,0.23742063343524933,2.0,4.0,0.7529331807561555,14.34266185760498,38.0,"{""type"":""Point"",""coordinates"":[110.24914177923918,20.01535151648531]}"
2882,0.0,21.0,111.0,18.845632553100586,75.0,19.596163197403122,109.58751346451089,2520.502197265625,56.0,1.0199733972549438,3.0,3.0,0.725608577732342,13.733990669250488,34.0,"{""type"":""Point"",""coordinates"":[109.5884512013895,19.595994344556864]}"
2883,0.0,24.0,106.0,25.905115127563477,84.0,19.416500140579217,109.1877631630777,2272.19580078125,48.0,2.37334942817688,3.0,3.0,0.7001236656156034,12.892041206359863,33.0,"{""type"":""Point"",""coordinates"":[109.18616831655845,19.415961521689905]}"
2884,0.0,26.0,89.0,47.47986602783203,40.0,19.447941175523397,109.92438169605572,2751.2607421875,45.0,3.613612174987793,4.0,3.0,0.7542918513689449,12.481155395507812,35.0,"{""type"":""Point"",""coordinates"":[109.92470972542343,19.449705918830944]}"
2885,0.0,33.0,110.0,20.41153907775879,83.0,19.6365873851885,109.86599120258796,2616.3916015625,44.0,1.1919739246368408,4.0,3.0,0.7261012040658501,13.578727722167969,33.0,"{""type"":""Point"",""coordinates"":[109.86564484150391,19.636398948911964]}"
2886,0.0,25.0,89.0,24.353300094604492,76.0,18.594541655609852,109.81209228554076,2206.42822265625,45.0,2.3058853149414062,4.0,1.0,0.658365491111645,12.931185722351074,44.0,"{""type"":""Point"",""coordinates"":[109.81218049705045,18.59332676975396]}"
2887,0.0,29.0,603.0,44.4146614074707,390.0,18.895477275789894,109.63692080513749,2310.563720703125,46.0,7.785133361816406,5.0,2.0,0.5847077586113602,11.339062690734863,45.0,"{""type"":""Point"",""coordinates"":[109.63759563919483,18.89470966213942]}"
2888,0.0,33.0,676.0,91.18681335449219,531.0,19.16048028460515,109.30903572643388,2588.606201171875,40.0,20.77292823791504,9.0,2.0,0.5889763327606686,10.252955436706543,38.0,"{""type"":""Point"",""coordinates"":[109.31071309601543,19.16070342799685]}"
2889,0.0,27.0,179.0,95.1588363647461,157.0,18.93590146357527,110.22980889265637,2777.8837890625,49.0,11.757826805114746,3.0,2.0,0.6017355016051812,11.232855796813965,46.0,"{""type"":""Point"",""coordinates"":[110.23150897007606,18.93484090277955]}"
2890,0.0,30.0,346.0,22.23444938659668,229.0,18.702339489704194,109.10691478750698,2100.1357421875,42.0,2.692336082458496,4.0,1.0,0.6132344619589102,12.608170509338379,43.0,"{""type"":""Point"",""coordinates"":[109.10645688835329,18.70064606903681]}"
2891,0.0,26.0,945.0,49.25944900512695,804.0,18.841578358742723,109.70429445144646,2423.74072265625,47.0,11.149179458618164,6.0,2.0,0.5619407048212407,10.620035171508789,45.0,"{""type"":""Point"",""coordinates"":[109.70570128067348,18.840515006973522]}"
2892,0.0,24.0,55.0,35.2066764831543,43.0,19.191921319549337,108.97216749488905,2490.10595703125,49.0,2.948587417602539,4.0,2.0,0.7195319993288111,12.705219268798828,42.0,"{""type"":""Point"",""coordinates"":[108.97226694917818,19.193963715291513]}"
2893,0.0,35.0,47.0,35.96730422973633,47.0,19.052682450510808,110.39599722021848,2773.377685546875,36.0,2.4198739528656006,5.0,2.0,0.7375754785204889,12.907822608947754,39.0,"{""type"":""Point"",""coordinates"":[110.39449427836075,19.054254920366034]}"
2894,0.0,27.0,724.0,56.83004379272461,656.0,18.594541655609852,109.52463139462253,2301.254638671875,48.0,13.411982536315918,8.0,1.0,0.5489004440780476,10.671531677246094,48.0,"{""type"":""Point"",""coordinates"":[109.52563368788218,18.593943581648382]}"
2895,0.0,25.0,85.0,16.23348617553711,81.0,19.35361807069085,108.99462537699202,2126.147705078125,57.0,1.5138792991638184,2.0,3.0,0.6637130851197344,13.354684829711914,41.0,"{""type"":""Point"",""coordinates"":[108.99646403444903,19.35194395318264]}"
2896,0.0,26.0,372.0,21.864336013793945,326.0,18.616999537712843,109.36293464348103,2238.749755859375,49.0,2.1823666095733643,4.0,1.0,0.6081940490956708,12.79975700378418,46.0,"{""type"":""Point"",""coordinates"":[109.36186016135592,18.6165381686719]}"
2897,0.0,31.0,77.0,14.737959861755371,57.0,18.67988160760121,109.80760070912021,2422.0673828125,41.0,0.7355539202690125,5.0,1.0,0.6780610185116966,14.081457138061523,49.0,"{""type"":""Point"",""coordinates"":[109.80782714777415,18.680866774269806]}"
2899,0.0,26.0,82.0,13.298458099365234,80.0,19.55124743319714,109.33598518495745,2269.310302734375,54.0,0.8094721436500549,2.0,3.0,0.694015867716383,13.982697486877441,37.0,"{""type"":""Point"",""coordinates"":[109.33664243854851,19.549009451278234]}"
2900,0.0,28.0,49.0,15.506586074829102,49.0,19.447941175523397,108.90928542500069,2027.3701171875,42.0,1.4186197519302368,2.0,3.0,0.7002346694140577,13.441069602966309,40.0,"{""type"":""Point"",""coordinates"":[108.90919455665306,19.448282403651618]}"
2901,0.0,23.0,151.0,13.661008834838867,125.0,19.506331668991166,109.4437830190518,2451.638671875,57.0,0.6111997961997986,4.0,3.0,0.6851241448750097,14.221488952636719,36.0,"{""type"":""Point"",""coordinates"":[109.44568318280507,19.506463415725523]}"
2902,0.0,33.0,32.0,14.583405494689941,33.0,19.870149359059575,109.27310311506909,1712.847900390625,41.0,2.2584099769592285,4.0,4.0,0.7214821736785473,12.985713005065918,35.0,"{""type"":""Point"",""coordinates"":[109.27223148137163,19.871210426208776]}"
2903,0.0,41.0,77.0,11.73654556274414,77.0,19.874640935480173,109.92438169605572,2449.469970703125,30.0,0.47480547428131104,4.0,4.0,0.7203226080520122,14.238466262817383,35.0,"{""type"":""Point"",""coordinates"":[109.92501450293074,19.876581875272905]}"
2904,0.0,22.0,113.0,20.018512725830078,95.0,19.49285693972937,109.385392525584,2462.10791015625,54.0,1.236173391342163,3.0,3.0,0.6988638497093038,13.540477752685547,34.0,"{""type"":""Point"",""coordinates"":[109.38676237521251,19.49452145382272]}"
2905,0.0,27.0,10.0,8.190875053405762,11.0,20.013879804518695,110.45438771368623,2233.02978515625,43.0,0.16753262281417847,2.0,4.0,0.757829714100407,14.649131774902344,41.0,"{""type"":""Point"",""coordinates"":[110.45527211004713,20.0135835925422]}"
2906,0.0,22.0,107.0,18.053312301635742,60.0,19.60514635024431,109.63692080513749,2525.286376953125,53.0,0.9150692820549011,4.0,3.0,0.7395488723808723,13.844978332519531,35.0,"{""type"":""Point"",""coordinates"":[109.63504064175787,19.607095785656448]}"
2907,0.0,25.0,55.0,12.687295913696289,55.0,19.398533834896824,108.8688612372153,1887.7611083984375,54.0,1.3412703275680542,3.0,3.0,0.6861380300086753,13.493629455566406,40.0,"{""type"":""Point"",""coordinates"":[108.86859036416213,19.397075208127262]}"
2908,0.0,33.0,97.0,17.865873336791992,92.0,19.659045267291482,110.61608446482774,2445.071533203125,44.0,1.4615297317504883,4.0,3.0,0.7027958771289632,12.927657127380371,34.0,"{""type"":""Point"",""coordinates"":[110.61527234967257,19.65809266767263]}"
2909,0.0,28.0,321.0,76.67118072509766,300.0,19.138022402502166,109.05750744688038,2333.70654296875,51.0,15.825336456298828,4.0,2.0,0.5980047456472959,10.829436302185059,40.0,"{""type"":""Point"",""coordinates"":[109.05562654815029,19.13984245150686]}"
2910,0.0,32.0,12.0,12.718474388122559,13.0,19.87913251190077,110.65201707619252,2311.615478515625,36.0,0.9395813941955566,9.0,4.0,0.7581633190304827,12.921812057495117,42.0,"{""type"":""Point"",""coordinates"":[110.65240543427237,19.87767322501734]}"
2911,0.0,29.0,2.0,7.54378604888916,3.0,20.000405075256907,110.49481190147162,2233.02978515625,40.0,0.06104126572608948,3.0,4.0,0.7728043546336798,15.670578956604004,40.0,"{""type"":""Point"",""coordinates"":[110.49671690988986,20.001574578811045]}"
2912,0.0,27.0,166.0,7.972819805145264,39.0,18.756238406751365,109.11589794034813,2046.830322265625,43.0,0.2594606280326843,4.0,1.0,0.6980092444000938,15.068925857543945,43.0,"{""type"":""Point"",""coordinates"":[109.11593552407501,18.75669115080815]}"
2913,0.0,26.0,18.0,9.16989803314209,20.0,19.57819689172073,110.79574752165166,2271.791015625,44.0,0.22943836450576782,6.0,3.0,0.7745433239551538,14.852015495300293,36.0,"{""type"":""Point"",""coordinates"":[110.79652868465921,19.576772589642772]}"
2914,0.0,26.0,147.0,28.270265579223633,79.0,19.4434495991028,109.40335883126642,2572.291748046875,42.0,1.916440725326538,4.0,3.0,0.723016116713588,13.080848693847656,33.0,"{""type"":""Point"",""coordinates"":[109.40278141695211,19.442835818271256]}"
2915,0.0,27.0,425.0,27.494421005249023,428.0,18.608016384871647,108.8643696607947,1900.8468017578125,51.0,5.533298015594482,3.0,1.0,0.5693540086383146,11.827588081359863,47.0,"{""type"":""Point"",""coordinates"":[108.86231778160547,18.605880008555403]}"
2916,0.0,28.0,159.0,75.8734130859375,102.0,19.376075952793833,110.13548578782382,2897.550537109375,46.0,7.054555892944336,5.0,3.0,0.6559057703223032,11.76544189453125,38.0,"{""type"":""Point"",""coordinates"":[110.13616756626504,19.374581522843958]}"
2917,0.0,24.0,36.0,8.726131439208984,39.0,18.558609044245074,108.78352128522391,1607.4908447265625,54.0,1.104060173034668,2.0,1.0,0.6707354525301006,13.699444770812988,44.0,"{""type"":""Point"",""coordinates"":[108.78299662092529,18.55742734979843]}"
2918,0.0,28.0,450.0,24.237472534179688,404.0,18.82810362948093,110.05463741225304,2453.896240234375,44.0,2.0149807929992676,4.0,2.0,0.616545808163013,12.821446418762207,46.0,"{""type"":""Point"",""coordinates"":[110.0564477717484,18.82836805680463]}"
2919,0.0,24.0,54.0,16.95220375061035,54.0,19.74438521928284,109.52013981820193,2307.94580078125,53.0,1.1441545486450195,4.0,4.0,0.7490834414805652,13.653219223022461,32.0,"{""type"":""Point"",""coordinates"":[109.52143023803089,19.746380486926938]}"
2920,0.0,34.0,489.0,63.236202239990234,365.0,18.98980038062244,109.1832715866571,2304.637451171875,37.0,13.065093040466309,6.0,2.0,0.5971224350327383,10.90456771850586,40.0,"{""type"":""Point"",""coordinates"":[109.18242397692141,18.990874940580003]}"
2921,0.0,30.0,109.0,16.6872501373291,93.0,19.4434495991028,110.42743825516266,2717.21484375,37.0,0.5767958760261536,5.0,3.0,0.7003613618369356,14.265592575073242,37.0,"{""type"":""Point"",""coordinates"":[110.42903686649456,19.442383751193493]}"
2922,0.0,25.0,58.0,14.89103889465332,57.0,19.40751698773802,109.04403271761862,2060.9833984375,51.0,1.3001850843429565,2.0,3.0,0.7110721166328277,13.522981643676758,36.0,"{""type"":""Point"",""coordinates"":[109.045120479358,19.407591630745483]}"
2923,0.0,30.0,57.0,10.130897521972656,56.0,19.82972517127419,109.68632814576404,2147.6484375,43.0,0.4877917766571045,3.0,4.0,0.7302879888668459,14.5040922164917,34.0,"{""type"":""Point"",""coordinates"":[109.6880294393548,19.829067175480514]}"
2924,0.0,23.0,76.0,10.137643814086914,74.0,19.735402066441644,109.62793765229628,2390.171142578125,53.0,0.22943836450576782,2.0,3.0,0.7284258076017379,15.247093200683594,33.0,"{""type"":""Point"",""coordinates"":[109.62844283770836,19.73739811495037]}"
2925,0.0,27.0,375.0,48.53501892089844,205.0,18.778696288854356,109.43030828978999,2348.001220703125,47.0,7.056727409362793,4.0,1.0,0.6012349391263206,11.61941909790039,45.0,"{""type"":""Point"",""coordinates"":[109.4301668566736,18.77778370080657]}"
2926,0.0,29.0,681.0,32.703914642333984,532.0,18.751746830330767,109.34496833779866,2089.902587890625,49.0,6.921718120574951,6.0,1.0,0.5673024559488278,11.387615203857422,46.0,"{""type"":""Point"",""coordinates"":[109.34524030685228,18.7529762068884]}"
2927,0.0,26.0,43.0,22.712383270263672,43.0,18.71132264254539,110.14446894066504,2288.038330078125,49.0,1.9319171905517578,4.0,1.0,0.6997529015288656,13.135583877563477,45.0,"{""type"":""Point"",""coordinates"":[110.14564664215759,18.7115440798339]}"
2928,0.0,24.0,110.0,49.46153259277344,72.0,19.10658136755798,110.04116268299128,2773.7412109375,51.0,3.8679239749908447,4.0,2.0,0.6719272549546622,12.400243759155273,45.0,"{""type"":""Point"",""coordinates"":[110.0390826317717,19.105510439819454]}"
2929,0.0,23.0,26.0,5.119500160217285,26.0,18.908952005051688,108.7071644860738,1649.8424072265625,52.0,0.19072480499744415,2.0,2.0,0.6870236514866422,15.461294174194336,45.0,"{""type"":""Point"",""coordinates"":[108.7072124694451,18.90872355013275]}"
2930,0.0,28.0,106.0,20.96540641784668,76.0,19.560230586038337,110.02768795372947,2724.590576171875,46.0,0.9973743557929993,5.0,3.0,0.7263351579784882,13.759443283081055,35.0,"{""type"":""Point"",""coordinates"":[110.02954216653431,19.56239459141703]}"
2931,0.0,26.0,710.0,80.11117553710938,514.0,18.895477275789894,109.7492102156524,2547.5361328125,47.0,17.031780242919922,5.0,2.0,0.5619669497697102,10.434551239013672,45.0,"{""type"":""Point"",""coordinates"":[109.7478433254398,18.89332997888295]}"
2933,0.0,23.0,35.0,5.355165004730225,35.0,19.80277571275061,110.95744427279317,1819.4388427734375,53.0,0.12193004041910172,3.0,4.0,0.6700174713512292,14.504852294921875,49.0,"{""type"":""Point"",""coordinates"":[110.95777879666089,19.80133448512486]}"
2934,0.0,27.0,362.0,88.85633087158203,285.0,19.27276969512009,109.92887327247632,2843.123779296875,47.0,10.888397216796875,5.0,2.0,0.6354679811228531,11.188032150268555,37.0,"{""type"":""Point"",""coordinates"":[109.92850573052992,19.273241554192595]}"
2935,0.0,24.0,91.0,14.611246109008789,55.0,19.677011572973875,109.81658386196136,2675.355712890625,56.0,0.4842160642147064,4.0,3.0,0.7658661032090992,14.49118709564209,32.0,"{""type"":""Point"",""coordinates"":[109.81687289622137,19.6787140042034]}"
2936,0.0,26.0,195.0,24.43581199645996,89.0,19.115564520399175,109.88395750827033,2606.7919921875,49.0,1.5568598508834839,4.0,2.0,0.6723923876154978,13.258411407470703,42.0,"{""type"":""Point"",""coordinates"":[109.88405956066276,19.11745457591432]}"
2937,0.0,27.0,288.0,48.915794372558594,139.0,19.290736000802482,109.49319035967835,2682.228515625,48.0,4.669079303741455,4.0,3.0,0.6635271582444211,12.09656047821045,37.0,"{""type"":""Point"",""coordinates"":[109.49494714752802,19.29182223778959]}"
2939,0.0,30.0,151.0,35.47006607055664,151.0,18.495726974356707,109.9558227309999,1872.65283203125,43.0,7.211364269256592,4.0,1.0,0.5926855586917132,11.748237609863281,44.0,"{""type"":""Point"",""coordinates"":[109.95570967525722,18.49499867502285]}"
2940,0.0,21.0,157.0,33.54575729370117,75.0,19.515314821832362,109.70429445144646,2663.781494140625,53.0,2.307051420211792,4.0,3.0,0.7175279768781258,12.888930320739746,35.0,"{""type"":""Point"",""coordinates"":[109.70543967408135,19.514808021261707]}"
2941,0.0,28.0,54.0,12.990209579467773,40.0,19.80277571275061,110.1579436699268,2436.339111328125,39.0,0.5196375846862793,5.0,4.0,0.7712832624205447,14.166254043579102,33.0,"{""type"":""Point"",""coordinates"":[110.15878918539784,19.80235220693782]}"
2942,0.0,29.0,3.0,8.505636215209961,3.0,20.05879556872467,110.40498037305969,2296.1435546875,42.0,0.1720791757106781,2.0,4.0,0.7709654352185624,14.632702827453613,41.0,"{""type"":""Point"",""coordinates"":[110.40598674406431,20.05997737689743]}"
2943,0.0,25.0,160.0,18.108684539794922,57.0,19.27276969512009,109.73124390997003,2696.286376953125,52.0,0.7788679599761963,5.0,2.0,0.731953951660426,13.973410606384277,38.0,"{""type"":""Point"",""coordinates"":[109.73201403602746,19.271437241744472]}"
2944,0.0,24.0,20.0,7.628840446472168,21.0,19.94650615820973,110.84964643869881,2042.39990234375,51.0,0.4045388698577881,2.0,4.0,0.693873733377698,13.340302467346191,50.0,"{""type"":""Point"",""coordinates"":[110.85052372885227,19.94724321704495]}"
2945,0.0,22.0,18.0,4.090508460998535,18.0,19.10658136755798,108.67123187470901,1430.3846435546875,56.0,0.2373328059911728,2.0,2.0,0.6874176245109317,15.247283935546875,44.0,"{""type"":""Point"",""coordinates"":[108.67273147937662,19.10455115514626]}"
2946,0.0,29.0,410.0,18.380441665649414,360.0,18.68437318402181,109.56505558240792,2192.7236328125,47.0,1.8240482807159424,4.0,1.0,0.600221740924064,12.951332092285156,47.0,"{""type"":""Point"",""coordinates"":[109.5654876361101,18.684770538615982]}"
2947,0.0,32.0,52.0,16.959030151367188,38.0,19.57819689172073,110.40947194948029,2729.42431640625,41.0,0.7121008038520813,4.0,3.0,0.7594113245414024,13.852693557739258,38.0,"{""type"":""Point"",""coordinates"":[110.4088979234535,19.576716877004802]}"
2948,0.0,27.0,135.0,48.58955001831055,97.0,19.04819087409021,108.97216749488905,2379.517822265625,46.0,5.861627578735352,3.0,2.0,0.6368598949404429,11.967215538024902,42.0,"{""type"":""Point"",""coordinates"":[108.97407777682022,19.04598521009226]}"
2949,0.0,22.0,77.0,10.856040954589844,70.0,19.38505910563503,109.08445690540395,2049.8125,57.0,0.7142412662506104,2.0,3.0,0.7015531482908289,14.110862731933594,35.0,"{""type"":""Point"",""coordinates"":[109.08509474107119,19.386224332596786]}"
2950,0.0,27.0,182.0,71.16840362548828,135.0,19.120056096819773,110.03217953015007,2773.7412109375,45.0,7.1020917892456055,4.0,2.0,0.6280067947541926,11.74411392211914,44.0,"{""type"":""Point"",""coordinates"":[110.03162419132236,19.117951199181547]}"
2951,0.0,29.0,132.0,25.17285919189453,103.0,19.479382210467584,110.42743825516266,2763.66943359375,40.0,1.322995662689209,4.0,3.0,0.677806042149816,13.420609474182129,39.0,"{""type"":""Point"",""coordinates"":[110.42880712436784,19.478648603483645]}"
2952,0.0,26.0,353.0,80.16111755371094,240.0,19.313193882905473,109.41683356052818,2622.33447265625,51.0,11.847065925598145,4.0,3.0,0.6304035384928919,11.10784912109375,38.0,"{""type"":""Point"",""coordinates"":[109.41874821123004,19.31446854509526]}"
2953,0.0,27.0,144.0,37.820655822753906,144.0,18.729288948227783,110.14896051708558,2288.038330078125,50.0,4.614574432373047,4.0,1.0,0.6202037614587685,12.202173233032227,45.0,"{""type"":""Point"",""coordinates"":[110.147520424904,18.72871728048341]}"
2954,0.0,25.0,239.0,21.005041122436523,118.0,19.021241415566628,109.87946593184972,2485.491455078125,48.0,1.3584778308868408,5.0,2.0,0.6568231053641801,13.366109848022461,41.0,"{""type"":""Point"",""coordinates"":[109.87928574696636,19.021138001230344]}"
2955,0.0,25.0,558.0,50.291160583496094,429.0,18.73827210106898,108.95869276562723,2247.393798828125,50.0,9.731667518615723,6.0,1.0,0.5737703014378162,11.150809288024902,46.0,"{""type"":""Point"",""coordinates"":[108.9571103112463,18.736150765787755]}"
2956,0.0,27.0,25.0,25.450435638427734,16.0,19.15598870818455,110.26574150402115,2862.3017578125,42.0,1.1259121894836426,4.0,2.0,0.7737248113425754,13.686230659484863,40.0,"{""type"":""Point"",""coordinates"":[110.26786025582962,19.157418009399926]}"
2957,0.0,23.0,95.0,37.74886703491211,65.0,19.501840092570568,110.43642140800387,2730.252685546875,52.0,2.8942959308624268,4.0,3.0,0.7078600145629331,12.537144660949707,40.0,"{""type"":""Point"",""coordinates"":[110.43686722488748,19.499978756081894]}"
2958,0.0,30.0,51.0,15.47137451171875,51.0,19.86116620621838,110.33760672675072,2534.673828125,40.0,0.7340545058250427,6.0,4.0,0.7560873317668845,13.823101997375488,35.0,"{""type"":""Point"",""coordinates"":[110.33826391287174,19.863343181114924]}"
2959,0.0,20.0,15.0,9.764172554016113,15.0,20.063287145145267,110.70142441681912,2105.394775390625,62.0,1.0052634477615356,1.0,4.0,0.7287057538898782,12.439029693603516,44.0,"{""type"":""Point"",""coordinates"":[110.70069169175656,20.062733191326128]}"
2960,0.0,22.0,36.0,17.66278839111328,33.0,19.69048630223567,109.49319035967835,2340.887451171875,56.0,1.1630336046218872,3.0,3.0,0.7701716101473166,13.647394180297852,33.0,"{""type"":""Point"",""coordinates"":[109.49392660740448,19.68902119045411]}"
2961,0.0,29.0,113.0,19.04351043701172,58.0,19.38056752921443,109.91090696679396,2757.36669921875,41.0,0.7521661520004272,4.0,3.0,0.7328615258064246,14.037394523620605,38.0,"{""type"":""Point"",""coordinates"":[109.90941431946538,19.38016530315345]}"
2962,0.0,28.0,294.0,25.937437057495117,249.0,18.594541655609852,109.12038951676874,2015.5345458984375,50.0,3.980917453765869,5.0,1.0,0.5901804379833847,12.252510070800781,47.0,"{""type"":""Point"",""coordinates"":[109.1218677540015,18.595922218751497]}"
2963,0.0,25.0,98.0,12.166723251342773,51.0,19.66353684371208,109.67285341650228,2493.26318359375,50.0,0.3650796711444855,4.0,3.0,0.764127150811883,14.769390106201172,32.0,"{""type"":""Point"",""coordinates"":[109.67111013557343,19.662694432342544]}"
2964,0.0,27.0,120.0,14.870179176330566,92.0,19.474890634046986,109.36742621990163,2462.10791015625,50.0,0.7289096117019653,3.0,3.0,0.7041616613443287,14.064525604248047,34.0,"{""type"":""Point"",""coordinates"":[109.36586614967335,19.477012617962398]}"
2965,0.0,23.0,35.0,7.972578048706055,33.0,18.450811210150732,109.00810010625383,1784.72900390625,55.0,0.6046597957611084,2.0,1.0,0.6942494659271022,14.30219841003418,43.0,"{""type"":""Point"",""coordinates"":[109.00667736767704,18.45290343612775]}"
2966,0.0,24.0,15.0,11.306315422058105,16.0,19.74438521928284,110.81820540375463,2153.485107421875,53.0,0.9900535345077515,4.0,4.0,0.741369149829799,12.864996910095215,42.0,"{""type"":""Point"",""coordinates"":[110.81700151289368,19.743692413451047]}"
2967,0.0,24.0,93.0,19.6380615234375,79.0,19.600654773823713,109.51115666536077,2395.7138671875,55.0,1.3779762983322144,3.0,3.0,0.7135122100808818,13.443973541259766,34.0,"{""type"":""Point"",""coordinates"":[109.51032327819118,19.599346476668234]}"
2968,0.0,28.0,162.0,35.9066047668457,161.0,18.62149111413344,110.02319637730886,2154.76318359375,44.0,4.86097526550293,5.0,1.0,0.606979040339632,12.13865852355957,46.0,"{""type"":""Point"",""coordinates"":[110.02415097514789,18.619656251320947]}"
2969,0.0,27.0,771.0,19.49685287475586,715.0,18.760729983171963,108.91377700142124,2181.804443359375,49.0,2.4592747688293457,8.0,1.0,0.5828546150419384,12.338903427124023,46.0,"{""type"":""Point"",""coordinates"":[108.91593839007923,18.76033261645116]}"
2970,0.0,24.0,178.0,27.672555923461914,54.0,18.73827210106898,109.0305579883568,2138.669677734375,51.0,3.2978572845458984,4.0,1.0,0.6743909918267038,12.51780891418457,43.0,"{""type"":""Point"",""coordinates"":[109.02855128654812,18.736268631791656]}"
2971,0.0,30.0,129.0,125.33597564697266,126.0,19.259294965858295,110.34209830317133,3014.400634765625,45.0,14.293975830078125,4.0,2.0,0.6370389798265892,11.061952590942383,36.0,"{""type"":""Point"",""coordinates"":[110.3407471414273,19.25988698581698]}"
2972,0.0,32.0,96.0,16.420507431030273,89.0,19.51980639825296,109.26861153864849,2169.1025390625,46.0,1.4647622108459473,3.0,3.0,0.6753949552908227,13.381061553955078,37.0,"{""type"":""Point"",""coordinates"":[109.2696430228414,19.52191355149417]}"
2973,0.0,29.0,70.0,12.868976593017578,68.0,19.569213738879533,109.34496833779866,2269.310302734375,46.0,0.7146303653717041,3.0,3.0,0.7136047444413399,14.11448860168457,36.0,"{""type"":""Point"",""coordinates"":[109.34485888800462,19.570958464149776]}"
2974,0.0,28.0,175.0,26.48032569885254,147.0,18.554117467824476,109.26411996222788,2002.8577880859375,53.0,4.12544584274292,4.0,1.0,0.5999697994485514,12.295186996459961,46.0,"{""type"":""Point"",""coordinates"":[109.26275823993316,18.55559947326455]}"
2975,0.0,30.0,631.0,53.49333190917969,403.0,19.088615061875586,109.29106942075146,2296.0068359375,40.0,10.789970397949219,5.0,2.0,0.5993106125526582,10.982251167297363,39.0,"{""type"":""Point"",""coordinates"":[109.28964485005368,19.088889991031717]}"
2976,0.0,27.0,123.0,26.0196533203125,95.0,18.500218550777305,109.37640937274284,2165.88720703125,49.0,2.9335274696350098,5.0,1.0,0.622584898114402,12.669453620910645,46.0,"{""type"":""Point"",""coordinates"":[109.37509558919733,18.50102870620972]}"
2977,0.0,23.0,142.0,19.60848045349121,48.0,19.358109647111448,109.34047676137806,2379.5302734375,45.0,1.2549992799758911,4.0,3.0,0.7405394848942023,13.507506370544434,35.0,"{""type"":""Point"",""coordinates"":[109.33949729156255,19.357982295151302]}"
2978,0.0,25.0,82.0,30.083539962768555,69.0,19.21437920165232,108.98564222415081,2425.395751953125,47.0,2.5053529739379883,4.0,2.0,0.6916593214619073,12.852323532104492,41.0,"{""type"":""Point"",""coordinates"":[108.98579915356072,19.213141920200805]}"
2979,0.0,26.0,365.0,41.68453598022461,312.0,18.837086782322125,108.93174330710366,2222.74951171875,51.0,6.556751728057861,5.0,2.0,0.6065071015626543,11.700836181640625,43.0,"{""type"":""Point"",""coordinates"":[108.92962095375204,18.838400416883132]}"
2980,0.0,25.0,409.0,125.11048126220703,371.0,19.043699297669612,110.08607844719722,2766.862060546875,47.0,20.792020797729492,3.0,2.0,0.5541309535561865,10.473607063293457,47.0,"{""type"":""Point"",""coordinates"":[110.08645606653275,19.044751055801026]}"
2981,0.0,27.0,180.0,33.59902572631836,158.0,18.886494122948697,110.18040155202976,2438.314697265625,51.0,3.303757429122925,5.0,2.0,0.6321733347269376,12.51474666595459,45.0,"{""type"":""Point"",""coordinates"":[110.17957706041182,18.885844933864885]}"
2982,0.0,26.0,9.0,8.840143203735352,10.0,19.977947193153916,110.83168013301645,2052.721435546875,46.0,0.715709388256073,3.0,4.0,0.711559779814436,12.794488906860352,49.0,"{""type"":""Point"",""coordinates"":[110.82974442663652,19.97967001636679]}"
2983,0.0,25.0,73.0,14.562906265258789,48.0,19.506331668991166,110.17141839918861,2692.258056640625,50.0,0.41955164074897766,4.0,3.0,0.7527031771444511,14.645316123962402,37.0,"{""type"":""Point"",""coordinates"":[110.17129785431341,19.50574289050533]}"
2984,0.0,28.0,456.0,71.31602478027344,413.0,18.76522155959256,109.7492102156524,2474.1943359375,45.0,12.216282844543457,4.0,1.0,0.5773336572086321,10.999763488769531,47.0,"{""type"":""Point"",""coordinates"":[109.74768305878996,18.763669032249513]}"
2985,0.0,26.0,219.0,57.367984771728516,165.0,19.147005555343355,109.98277218952347,2791.88671875,47.0,5.042269706726074,4.0,2.0,0.6427644727463159,12.065351486206055,42.0,"{""type"":""Point"",""coordinates"":[109.98166916558178,19.149121158257433]}"
2986,0.0,39.0,781.0,22.332555770874023,699.0,18.554117467824476,109.49319035967835,2214.372314453125,32.0,3.1807479858398438,6.0,1.0,0.5803546382957002,12.07099437713623,46.0,"{""type"":""Point"",""coordinates"":[109.49499826141542,18.552789632916287]}"
2987,0.0,23.0,53.0,20.89552116394043,32.0,19.533281127514755,110.24777519833873,2757.623779296875,46.0,0.8390700817108154,4.0,3.0,0.7648279827417187,13.963996887207031,38.0,"{""type"":""Point"",""coordinates"":[110.24699965213452,19.534527427705406]}"
2988,0.0,28.0,75.0,11.86313533782959,73.0,19.83421674769479,110.28819938612412,2518.41015625,43.0,0.33486029505729675,5.0,4.0,0.730204218542498,14.589249610900879,35.0,"{""type"":""Point"",""coordinates"":[110.28908803374307,19.83229795503966]}"
2989,0.0,28.0,271.0,41.80787658691406,274.0,18.392420716682963,109.6414123815581,1955.3919677734375,48.0,9.065682411193848,3.0,1.0,0.5925466827780836,11.438394546508789,42.0,"{""type"":""Point"",""coordinates"":[109.64121429723504,18.39213840651748]}"
2990,0.0,24.0,45.0,19.623170852661133,43.0,18.54513431498328,108.97665907130965,1968.2413330078125,54.0,2.3782405853271484,3.0,1.0,0.6609548329225068,12.926369667053223,49.0,"{""type"":""Point"",""coordinates"":[108.97822709968752,18.546282401040227]}"
2991,0.0,28.0,206.0,28.605274200439453,73.0,18.675390031180612,109.1877631630777,2115.94775390625,46.0,3.7172491550445557,4.0,1.0,0.6400172074323518,12.379850387573242,45.0,"{""type"":""Point"",""coordinates"":[109.18878201758535,18.676293916114577]}"
2992,0.0,23.0,107.0,30.0281982421875,70.0,19.537772703935353,109.94683957815869,2689.060791015625,52.0,1.896812915802002,4.0,3.0,0.7279645659645207,13.115767478942871,35.0,"{""type"":""Point"",""coordinates"":[109.948143919632,19.537988236710266]}"
2993,0.0,23.0,125.0,16.66604232788086,84.0,19.46141590478519,109.38090094916339,2462.10791015625,56.0,0.9185511469841003,3.0,3.0,0.7118745770982363,13.830177307128906,34.0,"{""type"":""Point"",""coordinates"":[109.37924160199468,19.460257516001906]}"
2994,0.0,28.0,186.0,29.632049560546875,141.0,18.65742372549822,109.0754737525628,2091.1044921875,43.0,3.916762590408325,5.0,1.0,0.609738190842387,12.340267181396484,45.0,"{""type"":""Point"",""coordinates"":[109.07764609413844,18.65689829316575]}"
2995,0.0,25.0,51.0,55.35552215576172,48.0,19.173955013866944,110.33311515033012,2951.798828125,52.0,3.902684211730957,4.0,2.0,0.7275069598750554,12.426570892333984,39.0,"{""type"":""Point"",""coordinates"":[110.33528225606695,19.174370006721308]}"
2996,0.0,23.0,75.0,17.858272552490234,68.0,19.362601223532046,109.05750744688038,2049.8125,58.0,1.9009463787078857,3.0,3.0,0.6912644915488968,13.132855415344238,37.0,"{""type"":""Point"",""coordinates"":[109.05942714333673,19.363010290419638]}"
2997,0.0,24.0,34.0,15.080557823181152,25.0,19.641078961609097,110.3241319974889,2650.8330078125,51.0,0.5478866100311279,4.0,3.0,0.802456452281575,14.12872314453125,32.0,"{""type"":""Point"",""coordinates"":[110.32492239484779,19.63887529584955]}"
2998,0.0,26.0,286.0,47.076045989990234,109.0,19.286244424381884,109.55607242956671,2608.364501953125,47.0,4.614490509033203,4.0,3.0,0.6641942347828773,12.10973834991455,37.0,"{""type"":""Point"",""coordinates"":[109.55804511717334,19.28646575036505]}"
2999,0.0,26.0,632.0,51.83482360839844,493.0,19.205396048811124,109.77615967417603,2883.118896484375,48.0,5.0763630867004395,4.0,2.0,0.6361938334012212,11.74467945098877,38.0,"{""type"":""Point"",""coordinates"":[109.7752580866332,19.2062803683147]}"
3000,0.0,25.0,27.0,14.313018798828125,27.0,19.89260724116256,109.75819336849361,2194.5634765625,43.0,0.8910946846008301,3.0,4.0,0.7653328942642204,13.919018745422363,34.0,"{""type"":""Point"",""coordinates"":[109.7573520800911,19.894292515094502]}"
3001,0.0,22.0,15.0,7.589625835418701,15.0,19.142513978922757,108.72962236817676,1649.794921875,53.0,0.700160562992096,2.0,2.0,0.7158929498548551,14.167122840881348,41.0,"{""type"":""Point"",""coordinates"":[108.72818435021584,19.141903185934073]}"
3002,0.0,25.0,722.0,89.21047973632812,518.0,19.025732991987226,109.56505558240792,2516.184326171875,48.0,21.364171981811523,9.0,2.0,0.5628678785283123,10.178500175476074,42.0,"{""type"":""Point"",""coordinates"":[109.5635284614616,19.027045863190864]}"
3003,0.0,26.0,202.0,41.531494140625,176.0,18.783187865274954,110.08158687077662,2443.43408203125,50.0,4.486439228057861,4.0,1.0,0.6168187148993011,12.193716049194336,47.0,"{""type"":""Point"",""coordinates"":[110.08293216535337,18.785242692899974]}"
3004,0.0,32.0,150.0,27.70783233642578,135.0,18.495726974356707,109.30454415001327,1969.91015625,41.0,4.300902366638184,4.0,1.0,0.5987732031327335,12.26911449432373,46.0,"{""type"":""Point"",""coordinates"":[109.30399949012231,18.494430498004906]}"
3005,0.0,25.0,90.0,25.69871711730957,75.0,18.554117467824476,109.6414123815581,2172.4677734375,46.0,2.643141508102417,4.0,1.0,0.6472979480005461,12.79391098022461,46.0,"{""type"":""Point"",""coordinates"":[109.64283000192542,18.552073965823862]}"
3006,0.0,35.0,450.0,65.63834381103516,424.0,18.52267643288029,109.57853031166974,2197.78662109375,37.0,15.784544944763184,5.0,1.0,0.5582781916927853,10.73768138885498,46.0,"{""type"":""Point"",""coordinates"":[109.57825801849073,18.520607452703043]}"
3007,0.0,30.0,17.0,14.05282974243164,11.0,19.72192733717985,110.34209830317133,2634.835693359375,40.0,0.45963147282600403,3.0,3.0,0.8276558367787697,14.317288398742676,30.0,"{""type"":""Point"",""coordinates"":[110.34002529945926,19.721229951282194]}"
3008,0.0,28.0,92.0,17.56617546081543,92.0,18.360979681738776,109.38090094916339,1944.408203125,44.0,2.0403084754943848,4.0,1.0,0.6397257836152588,13.051860809326172,41.0,"{""type"":""Point"",""coordinates"":[109.38108912112138,18.360026773959557]}"
3009,0.0,27.0,23.0,8.165785789489746,24.0,20.013879804518695,110.24777519833873,2187.4111328125,46.0,0.23742063343524933,2.0,4.0,0.7529331807561555,14.34266185760498,38.0,"{""type"":""Point"",""coordinates"":[110.24815022555816,20.01442662863177]}"
3010,0.0,30.0,103.0,29.295297622680664,103.0,18.392420716682963,109.48869878325775,2000.5,43.0,4.333067417144775,5.0,1.0,0.6216490238306073,12.29055118560791,42.0,"{""type"":""Point"",""coordinates"":[109.48661953267641,18.39243306133658]}"
3011,0.0,29.0,14.0,11.752570152282715,15.0,19.933031428947942,110.5217613599952,2465.413818359375,43.0,0.5024495720863342,5.0,4.0,0.7769757147260155,13.605718612670898,39.0,"{""type"":""Point"",""coordinates"":[110.5217362056212,19.93467905905816]}"
3012,0.0,26.0,54.0,8.957423210144043,54.0,19.38056752921443,108.97665907130965,2126.147705078125,52.0,0.3650085926055908,2.0,3.0,0.7045247307218604,14.795839309692383,40.0,"{""type"":""Point"",""coordinates"":[108.97751438672206,19.38139826154696]}"
3013,0.0,25.0,181.0,84.47774505615234,125.0,19.425483293420413,110.06362056509425,2899.499755859375,52.0,8.520718574523926,4.0,3.0,0.6527192199733313,11.560368537902832,37.0,"{""type"":""Point"",""coordinates"":[110.06285677773549,19.424041904668954]}"
3014,0.0,28.0,272.0,45.00831985473633,263.0,19.039207721249014,108.8239454730093,1987.6182861328125,51.0,10.148199081420898,5.0,2.0,0.5970160695579696,11.322778701782227,41.0,"{""type"":""Point"",""coordinates"":[108.82373439880689,19.040252068375196]}"
3015,0.0,21.0,34.0,7.982151985168457,34.0,19.874640935480173,109.68632814576404,2084.842041015625,49.0,0.18256863951683044,2.0,4.0,0.75721009925149,15.500353813171387,33.0,"{""type"":""Point"",""coordinates"":[109.68689713101116,19.87536741395875]}"
3016,0.0,22.0,62.0,10.69009017944336,62.0,18.65293214907762,110.1130279057208,2193.308837890625,52.0,0.45886939764022827,3.0,1.0,0.6816339361198417,14.562264442443848,44.0,"{""type"":""Point"",""coordinates"":[110.11265824371925,18.653687975866657]}"
3017,0.0,28.0,7.0,8.899934768676758,8.0,20.004896651677498,110.46786244294805,2233.02978515625,43.0,0.3117002546787262,2.0,4.0,0.7652791388678245,14.032708168029785,40.0,"{""type"":""Point"",""coordinates"":[110.46945531906287,20.006701885606148]}"
3018,0.0,26.0,12.0,10.081605911254883,13.0,19.959980887471524,110.72388229892209,2205.764404296875,46.0,0.7304605841636658,6.0,4.0,0.7327316244866576,12.767396926879883,46.0,"{""type"":""Point"",""coordinates"":[110.72192869440084,19.961583066592574]}"
3019,0.0,26.0,43.0,15.380474090576172,43.0,18.343013376056383,109.52013981820193,1771.470703125,53.0,2.240985870361328,3.0,0.0,0.6813247909922554,12.98705005645752,42.0,"{""type"":""Point"",""coordinates"":[109.52030376820697,18.34401331149687]}"
3020,0.0,30.0,23.0,12.923760414123535,22.0,19.762351524965233,110.66998338187494,2337.715087890625,38.0,0.7085825800895691,5.0,4.0,0.7599905037680591,13.673463821411133,39.0,"{""type"":""Point"",""coordinates"":[110.66973172690659,19.76384350272455]}"
3021,0.0,33.0,125.0,15.564353942871094,119.0,19.659045267291482,110.60710131198658,2445.071533203125,43.0,1.0914068222045898,5.0,3.0,0.6943446660699331,13.192740440368652,34.0,"{""type"":""Point"",""coordinates"":[110.60606988571595,19.66032501438098]}"
3022,0.0,26.0,21.0,15.617040634155273,21.0,19.18293816670814,110.44989613726563,2817.7373046875,48.0,0.4029739499092102,3.0,2.0,0.7760901047193668,14.696885108947754,39.0,"{""type"":""Point"",""coordinates"":[110.44971265869798,19.185006275342403]}"
3023,0.0,21.0,80.0,13.471546173095703,78.0,19.38505910563503,109.03954114119801,1981.0980224609375,58.0,1.2355296611785889,2.0,3.0,0.6819246491839613,13.560933113098145,36.0,"{""type"":""Point"",""coordinates"":[109.03822548940775,19.38401160369427]}"
3024,0.0,30.0,274.0,32.681888580322266,271.0,18.414878598785947,109.28208626791024,1821.2890625,45.0,7.5047173500061035,4.0,1.0,0.595150962186035,11.627984046936035,41.0,"{""type"":""Point"",""coordinates"":[109.28076903950439,18.41382602497688]}"
3025,0.0,25.0,95.0,16.491275787353516,87.0,19.447941175523397,109.13835582245116,2126.220703125,51.0,1.4279015064239502,3.0,3.0,0.692884941074089,13.407163619995117,33.0,"{""type"":""Point"",""coordinates"":[109.13757508859624,19.44938146565587]}"
3026,0.0,28.0,43.0,24.921104431152344,34.0,18.590050079189254,109.88395750827033,2187.01171875,44.0,2.5136284828186035,4.0,1.0,0.701589538614476,12.872106552124023,45.0,"{""type"":""Point"",""coordinates"":[109.88347426241565,18.58948122363554]}"
3027,0.0,26.0,220.0,20.77023696899414,64.0,18.832595205901526,109.39886725484581,2177.01611328125,49.0,2.0474250316619873,4.0,2.0,0.6587868096624262,12.968132972717285,45.0,"{""type"":""Point"",""coordinates"":[109.39765055371036,18.833204750730072]}"
3028,0.0,23.0,207.0,9.890971183776855,167.0,18.62149111413344,109.2775946914897,2048.5068359375,55.0,0.5862138867378235,2.0,1.0,0.6162006604825149,14.22762680053711,45.0,"{""type"":""Point"",""coordinates"":[109.278309219757,18.62017297848523]}"
3029,0.0,25.0,251.0,27.671892166137695,139.0,19.250311813017106,109.34945991421921,2412.9814453125,53.0,2.5235414505004883,4.0,2.0,0.6598408064240256,12.738389015197754,38.0,"{""type"":""Point"",""coordinates"":[109.34851489312204,19.251899187970185]}"
3030,0.0,23.0,34.0,16.947250366210938,24.0,19.23683708375531,108.95869276562723,2425.395751953125,54.0,0.9492989182472229,2.0,2.0,0.7499020871955546,13.851668357849121,41.0,"{""type"":""Point"",""coordinates"":[108.9586293740797,19.23866643182508]}"
3031,0.0,28.0,420.0,70.51541900634766,240.0,18.80115417095734,109.49768193609896,2279.518798828125,49.0,15.527657508850098,4.0,1.0,0.5550961072829548,10.777715682983398,48.0,"{""type"":""Point"",""coordinates"":[109.49595183531054,18.800959988884266]}"
3032,0.0,28.0,91.0,30.920080184936523,91.0,18.495726974356707,109.80760070912021,1876.545654296875,49.0,5.737111568450928,5.0,1.0,0.6120215351455589,12.015681266784668,44.0,"{""type"":""Point"",""coordinates"":[109.8061126602693,18.497118231803334]}"
3033,0.0,27.0,70.0,17.23514747619629,49.0,19.54226428035595,110.1624352463474,2692.258056640625,49.0,0.6912535429000854,6.0,3.0,0.7608829215698864,14.147750854492188,35.0,"{""type"":""Point"",""coordinates"":[110.16185096395316,19.54444713390133]}"
3034,0.0,28.0,36.0,13.591489791870117,36.0,19.784809407068217,110.60260973556598,2383.013671875,39.0,0.7101191282272339,7.0,4.0,0.7566468804736837,13.680573463439941,37.0,"{""type"":""Point"",""coordinates"":[110.6032553202427,19.7852633678663]}"
3035,0.0,25.0,147.0,33.0393180847168,73.0,19.35361807069085,110.01421322446765,2876.065185546875,50.0,1.884848952293396,4.0,3.0,0.7126336113455503,13.097482681274414,37.0,"{""type"":""Point"",""coordinates"":[110.01507195972461,19.35561218748472]}"
3036,0.0,27.0,16.0,6.819483757019043,17.0,19.739893642862242,110.9304948142696,1932.630126953125,46.0,0.38142308592796326,2.0,3.0,0.7053594497177983,13.40821361541748,47.0,"{""type"":""Point"",""coordinates"":[110.9324723983893,19.740877933793854]}"
3037,0.0,26.0,480.0,72.2978744506836,418.0,19.191921319549337,109.15183055171292,2419.364990234375,44.0,13.040335655212402,7.0,2.0,0.6079925394873631,10.9136323928833,39.0,"{""type"":""Point"",""coordinates"":[109.15297945919417,19.191830655486154]}"
3038,0.0,20.0,11.0,2.87705659866333,11.0,19.088615061875586,108.64428241618543,1228.07177734375,57.0,0.12978732585906982,2.0,2.0,0.6792298061024168,15.854883193969727,45.0,"{""type"":""Point"",""coordinates"":[108.6441731410316,19.087934932418317]}"
3039,0.0,27.0,184.0,12.644600868225098,31.0,18.868527817266305,109.34496833779866,2206.240478515625,46.0,0.751045286655426,4.0,2.0,0.7089307396499888,13.994600296020508,44.0,"{""type"":""Point"",""coordinates"":[109.34307869496587,18.869788654796324]}"
3040,0.0,25.0,76.0,8.405841827392578,70.0,19.18742974312874,108.85987808437409,2049.886474609375,55.0,0.38202813267707825,2.0,2.0,0.6629842247337544,14.737223625183105,44.0,"{""type"":""Point"",""coordinates"":[108.85765279074883,19.186314361038033]}"
3041,0.0,24.0,107.0,19.652442932128906,52.0,19.600654773823713,109.65039553439925,2559.96923828125,49.0,1.0331021547317505,4.0,3.0,0.7543763162943984,13.7236328125,34.0,"{""type"":""Point"",""coordinates"":[109.64913920398226,19.599863053934648]}"
3042,0.0,24.0,151.0,34.71625900268555,117.0,19.259294965858295,110.1624352463474,2854.202880859375,53.0,2.1200437545776367,4.0,2.0,0.6814333159563577,12.977302551269531,37.0,"{""type"":""Point"",""coordinates"":[110.16208495276555,19.257181734180975]}"
3043,0.0,21.0,17.0,8.213719367980957,17.0,20.05879556872467,110.70591599323973,2105.394775390625,60.0,0.5147342085838318,2.0,4.0,0.7242120993538399,13.103934288024902,45.0,"{""type"":""Point"",""coordinates"":[110.70754067235565,20.05667384412557]}"
3045,0.0,29.0,108.0,12.465470314025879,51.0,19.600654773823713,109.68183656934343,2559.96923828125,44.0,0.3494996726512909,5.0,3.0,0.763895896668911,14.806940078735352,33.0,"{""type"":""Point"",""coordinates"":[109.68097436215693,19.599449834506256]}"
3046,0.0,29.0,479.0,75.68191528320312,430.0,18.76971313601316,110.0052300716265,2490.430419921875,45.0,13.7625150680542,5.0,1.0,0.5817577095351198,10.858499526977539,45.0,"{""type"":""Point"",""coordinates"":[110.0032753220694,18.77023039894917]}"
3047,0.0,25.0,275.0,54.641571044921875,161.0,19.24132866017591,109.34945991421921,2678.15576171875,52.0,5.58613395690918,4.0,2.0,0.6607929006260471,11.925117492675781,37.0,"{""type"":""Point"",""coordinates"":[109.34743867567559,19.24030982601867]}"
3048,0.0,30.0,493.0,68.7441177368164,410.0,18.819120476639732,109.82107543838197,2472.33447265625,38.0,11.536357879638672,4.0,1.0,0.5949630489991062,11.029738426208496,43.0,"{""type"":""Point"",""coordinates"":[109.82276364336083,18.817443128174244]}"
3049,0.0,22.0,70.0,17.90612030029297,61.0,19.699469455076866,109.56505558240792,2350.16064453125,54.0,1.1574299335479736,4.0,3.0,0.7382346597619698,13.63221263885498,33.0,"{""type"":""Point"",""coordinates"":[109.56282455038651,19.698531269492946]}"
3050,0.0,31.0,133.0,42.18388748168945,123.0,18.63047426697463,109.83904174406439,2143.948486328125,40.0,6.36161470413208,6.0,1.0,0.5948532060690251,11.88597297668457,48.0,"{""type"":""Point"",""coordinates"":[109.83924423161815,18.6306785575338]}"
3051,0.0,34.0,868.0,30.418716430664062,698.0,18.980817227781245,109.26861153864849,2152.4931640625,39.0,6.552555561065674,6.0,2.0,0.5743755225115239,11.2510404586792,43.0,"{""type"":""Point"",""coordinates"":[109.26643590793798,18.97913948731424]}"
3052,0.0,33.0,115.0,14.780753135681152,72.0,19.38505910563503,110.22980889265637,2851.4501953125,40.0,0.3494855761528015,4.0,3.0,0.7235685102172273,14.802713394165039,37.0,"{""type"":""Point"",""coordinates"":[110.22853581207212,19.383042345812417]}"
3053,0.0,23.0,259.0,23.03704833984375,152.0,19.313193882905473,109.40335883126642,2622.33447265625,54.0,1.3958733081817627,4.0,3.0,0.6747056598978538,13.325636863708496,38.0,"{""type"":""Point"",""coordinates"":[109.40220494603818,19.311527182387827]}"
3054,0.0,38.0,82.0,30.228607177734375,72.0,19.739893642862242,109.97828061310292,2685.04443359375,37.0,2.1691722869873047,4.0,3.0,0.735457414755755,12.996567726135254,33.0,"{""type"":""Point"",""coordinates"":[109.97869531709321,19.738235722933346]}"
3055,0.0,39.0,75.0,19.209667205810547,75.0,19.847691476956584,109.94683957815869,2486.51806640625,32.0,1.3007967472076416,3.0,4.0,0.7249587217969355,13.371798515319824,34.0,"{""type"":""Point"",""coordinates"":[109.9447821220009,19.84667483903428]}"
3056,0.0,29.0,187.0,17.949501037597656,10.0,19.24132866017591,109.52013981820193,2598.984375,40.0,0.8389436602592468,6.0,2.0,0.7830745931764648,13.881993293762207,38.0,"{""type"":""Point"",""coordinates"":[109.52081153195222,19.243081614720428]}"
3057,0.0,28.0,287.0,49.888187408447266,166.0,19.115564520399175,109.85700804974675,2606.7919921875,47.0,5.271183013916016,4.0,2.0,0.6441083463916775,11.975340843200684,41.0,"{""type"":""Point"",""coordinates"":[109.85578786822181,19.114578675759855]}"
3058,0.0,29.0,26.0,9.079853057861328,26.0,19.91057354684495,109.77615967417603,2087.79443359375,42.0,0.38979122042655945,3.0,4.0,0.7667601977659108,14.705704689025879,33.0,"{""type"":""Point"",""coordinates"":[109.77463454322756,19.90979206979134]}"
3059,0.0,25.0,318.0,89.61113739013672,155.0,19.12903924966097,109.74471863923185,2712.27490234375,47.0,11.837069511413574,4.0,2.0,0.6171553790624151,11.133428573608398,41.0,"{""type"":""Point"",""coordinates"":[109.74323173294448,19.12910429907449]}"
3060,0.0,28.0,68.0,16.922527313232422,69.0,19.950997734630327,110.27921623328291,2526.0966796875,44.0,1.3320128917694092,2.0,4.0,0.7164132716243965,12.551624298095703,38.0,"{""type"":""Point"",""coordinates"":[110.27973505167024,19.95111651070778]}"
3061,0.0,26.0,40.0,17.20256996154785,37.0,19.735402066441644,110.46337086652744,2598.624267578125,44.0,0.808157205581665,4.0,3.0,0.7875536287490323,13.735401153564453,32.0,"{""type"":""Point"",""coordinates"":[110.46190736648094,19.736963920492098]}"
3062,0.0,24.0,33.0,5.542320728302002,33.0,19.83421674769479,110.9394779671108,1853.2218017578125,52.0,0.1347699910402298,2.0,4.0,0.6736344814699031,14.409435272216797,49.0,"{""type"":""Point"",""coordinates"":[110.94113243499318,19.832124528838722]}"
3063,0.0,24.0,99.0,35.325931549072266,62.0,19.537772703935353,109.9513311545793,2681.51220703125,51.0,2.499778985977173,4.0,3.0,0.7346812032327106,12.844322204589844,35.0,"{""type"":""Point"",""coordinates"":[109.94969976556384,19.536610648127976]}"
3064,0.0,34.0,123.0,44.256431579589844,98.0,19.488365363308773,110.22082573981515,2840.227783203125,36.0,3.1726009845733643,6.0,3.0,0.6865909133598399,12.590959548950195,36.0,"{""type"":""Point"",""coordinates"":[110.22054790003541,19.49058033405874]}"
3065,0.0,25.0,324.0,41.150299072265625,257.0,18.65742372549822,109.33598518495745,2189.4697265625,50.0,6.331267833709717,4.0,1.0,0.6024739469193677,11.765259742736816,44.0,"{""type"":""Point"",""coordinates"":[109.33749377750391,18.658972914678646]}"
3066,0.0,26.0,61.0,26.133350372314453,59.0,18.437336480888938,109.00810010625383,1777.2091064453125,49.0,4.86128568649292,2.0,1.0,0.6531899789118101,12.200181007385254,42.0,"{""type"":""Point"",""coordinates"":[109.00610498994914,18.435682119176644]}"
3067,0.0,26.0,433.0,31.143003463745117,420.0,18.643948996236425,108.88682754289766,1900.8468017578125,50.0,6.6157546043396,5.0,1.0,0.5624136892522097,11.641529083251953,48.0,"{""type"":""Point"",""coordinates"":[108.88655707497524,18.643549841137997]}"
3068,0.0,28.0,78.0,14.511663436889648,71.0,19.447941175523397,109.11589794034813,2126.220703125,47.0,1.1486557722091675,3.0,3.0,0.7172859553188252,13.63505744934082,32.0,"{""type"":""Point"",""coordinates"":[109.11761607596033,19.44734517537055]}"
3069,0.0,23.0,5.0,5.573463439941406,8.0,18.59903323203045,108.7116560624944,1617.68359375,53.0,0.3441552519798279,2.0,1.0,0.7147440089660617,14.793344497680664,43.0,"{""type"":""Point"",""coordinates"":[108.71078924776202,18.598551607296606]}"
3070,0.0,21.0,29.0,9.29249095916748,31.0,18.423861751627143,109.78963440343779,1899.9327392578125,55.0,0.6285743117332458,4.0,1.0,0.7184158530885705,14.266895294189453,40.0,"{""type"":""Point"",""coordinates"":[109.78812932962141,18.424194407577218]}"
3071,0.0,23.0,10.0,4.652542591094971,10.0,18.837086782322125,108.67123187470901,1588.4644775390625,53.0,0.16689154505729675,2.0,2.0,0.7021629438492132,15.604009628295898,45.0,"{""type"":""Point"",""coordinates"":[108.67101070827974,18.836876534511827]}"
3072,0.0,27.0,272.0,47.78299331665039,175.0,19.205396048811124,109.86149962616736,2751.41552734375,49.0,4.193912982940674,4.0,2.0,0.6614953524764955,12.215187072753906,38.0,"{""type"":""Point"",""coordinates"":[109.86068007421717,19.206954916673467]}"
3073,0.0,24.0,56.0,13.2806978225708,55.0,19.708452607918062,110.64752549977192,2455.90869140625,48.0,0.5768064260482788,7.0,3.0,0.7391991269526179,13.89587688446045,37.0,"{""type"":""Point"",""coordinates"":[110.6471755564867,19.70726577055812]}"
3074,0.0,28.0,506.0,46.059539794921875,483.0,19.290736000802482,109.11589794034813,2382.4599609375,43.0,6.651402473449707,7.0,3.0,0.6301598450104037,11.579172134399414,38.0,"{""type"":""Point"",""coordinates"":[109.11672218953431,19.29163843133522]}"
3075,0.0,22.0,28.0,11.367362976074219,27.0,18.74725525391017,110.20285943413279,2219.76611328125,51.0,0.5029252171516418,3.0,1.0,0.71066212827792,14.49050235748291,47.0,"{""type"":""Point"",""coordinates"":[110.20165966260353,18.745255915480016]}"
3076,0.0,26.0,425.0,65.08637237548828,423.0,18.71132264254539,108.79699601448573,1929.0064697265625,50.0,21.58991241455078,3.0,1.0,0.5408703104540515,10.42029857635498,43.0,"{""type"":""Point"",""coordinates"":[108.79750970185428,18.713171712864053]}"
3077,0.0,29.0,168.0,46.47098922729492,162.0,18.54064273856268,109.75819336849361,2170.055908203125,49.0,7.749318599700928,4.0,1.0,0.6062214589347026,11.66479206085205,44.0,"{""type"":""Point"",""coordinates"":[109.75962741214497,18.54267703765169]}"
3078,0.0,24.0,16.0,11.28902816772461,16.0,19.111072943978577,110.40048879663908,2757.850341796875,48.0,0.060705628246068954,4.0,2.0,0.784501930495161,16.61186981201172,39.0,"{""type"":""Point"",""coordinates"":[110.39992316145215,19.112884971199644]}"
3079,0.0,26.0,69.0,23.74091339111328,69.0,19.793792559909413,109.99175534236468,2564.251220703125,48.0,1.4816120862960815,4.0,4.0,0.7449703427617418,13.385791778564453,32.0,"{""type"":""Point"",""coordinates"":[109.99053807400425,19.792095981162195]}"
3080,0.0,27.0,23.0,11.964381217956543,24.0,19.8252335948536,110.60710131198658,2323.011474609375,43.0,0.7149368524551392,6.0,4.0,0.7666877949709542,13.243099212646484,37.0,"{""type"":""Point"",""coordinates"":[110.60627748417973,19.82590361828182]}"
3081,0.0,30.0,357.0,52.91674041748047,198.0,18.926918310734074,109.82107543838197,2485.090576171875,40.0,6.734994888305664,4.0,2.0,0.6195179268202105,11.679524421691895,43.0,"{""type"":""Point"",""coordinates"":[109.81941388431483,18.927965981291493]}"
3082,0.0,27.0,163.0,10.667458534240723,133.0,19.434466446261602,109.29106942075146,2310.087890625,48.0,0.38953661918640137,3.0,3.0,0.6938952750883712,14.664454460144043,32.0,"{""type"":""Point"",""coordinates"":[109.28960437775048,19.435499872714644]}"
3083,0.0,28.0,177.0,31.50819206237793,79.0,19.308702306484875,109.74022706281124,2654.894287109375,42.0,2.179471492767334,4.0,3.0,0.7081723238219012,12.933258056640625,36.0,"{""type"":""Point"",""coordinates"":[109.74032144656472,19.30863638743273]}"
3084,0.0,26.0,560.0,75.17105865478516,387.0,18.944884616416466,109.45725774831357,2358.443359375,49.0,16.924488067626953,5.0,2.0,0.5698054346292413,10.575746536254883,43.0,"{""type"":""Point"",""coordinates"":[109.45650421611718,18.94700203379531]}"
3085,0.0,29.0,570.0,60.222068786621094,419.0,18.890985699369296,109.30454415001327,2206.240478515625,41.0,14.01356315612793,7.0,2.0,0.5628949633758749,10.765525817871094,45.0,"{""type"":""Point"",""coordinates"":[109.30626940610361,18.892798007841726]}"
3086,0.0,29.0,680.0,32.024147033691406,613.0,18.616999537712843,109.44827459547236,2196.526611328125,41.0,5.214075565338135,6.0,1.0,0.5738689260591275,11.673965454101562,47.0,"{""type"":""Point"",""coordinates"":[109.44920552440345,18.616741592404782]}"
3087,0.0,24.0,7.0,6.784639835357666,7.0,19.753368372124037,109.37640937274284,1909.5064697265625,46.0,0.1916242390871048,2.0,4.0,0.7782973340326066,15.467536926269531,33.0,"{""type"":""Point"",""coordinates"":[109.37808148089533,19.755502969741123]}"
3088,0.0,36.0,188.0,46.50046920776367,139.0,19.600654773823713,109.8031091326996,2619.68115234375,37.0,4.608232021331787,6.0,3.0,0.6852017923167417,12.175809860229492,34.0,"{""type"":""Point"",""coordinates"":[109.80368114990425,19.602600751031336]}"
3089,0.0,24.0,45.0,19.74410057067871,31.0,19.614129503085508,110.17590997560922,2681.6298828125,49.0,0.8696326017379761,3.0,3.0,0.7836503664083394,13.932912826538086,34.0,"{""type"":""Point"",""coordinates"":[110.17554958940033,19.61544858357494]}"
3090,0.0,29.0,20.0,8.55505657196045,19.0,19.762351524965233,110.7283738753427,2278.43798828125,47.0,0.2510863244533539,3.0,4.0,0.7560244640729797,14.229538917541504,40.0,"{""type"":""Point"",""coordinates"":[110.7285823215974,19.762362234121696]}"
3091,0.0,28.0,148.0,53.131771087646484,105.0,18.594541655609852,109.5920050409315,2283.900390625,45.0,7.704956531524658,6.0,1.0,0.6012609718973949,11.683150291442871,47.0,"{""type"":""Point"",""coordinates"":[109.58989828412302,18.593656965938447]}"
3092,0.0,29.0,188.0,37.887081146240234,191.0,18.199282930597263,109.58302188809029,1588.9339599609375,45.0,13.154693603515625,3.0,0.0,0.5747131349809967,11.111245155334473,40.0,"{""type"":""Point"",""coordinates"":[109.5825728879664,18.19765834420227]}"
3093,0.0,26.0,148.0,38.353973388671875,138.0,18.697847913283596,109.94234800173814,2365.515625,49.0,4.179128646850586,4.0,1.0,0.6168071753743964,12.299189567565918,47.0,"{""type"":""Point"",""coordinates"":[109.94077945220936,18.698251685955228]}"
3094,0.0,24.0,62.0,44.54392623901367,65.0,18.338521799635792,109.66836184008167,1943.82275390625,54.0,8.89834976196289,4.0,0.0,0.6397241121449643,11.58934497833252,43.0,"{""type"":""Point"",""coordinates"":[109.66778968138557,18.340472091949167]}"
3095,0.0,29.0,614.0,50.19649887084961,571.0,18.675390031180612,109.60098819377271,2458.88916015625,48.0,8.23001480102539,4.0,1.0,0.5811716736097389,11.273140907287598,47.0,"{""type"":""Point"",""coordinates"":[109.60170286978835,18.67346580687077]}"
3096,0.0,28.0,3.0,7.121306896209717,4.0,20.004896651677498,110.62057604124834,2204.564208984375,39.0,0.0,3.0,4.0,0.747896757852674,15.332833290100098,45.0,"{""type"":""Point"",""coordinates"":[110.62057267916664,20.006176444728887]}"
3097,0.0,29.0,79.0,19.569971084594727,48.0,19.72192733717985,109.72675233354943,2490.99609375,42.0,1.149389386177063,4.0,3.0,0.7604672021113282,13.633820533752441,33.0,"{""type"":""Point"",""coordinates"":[109.72612581415018,19.723040858696912]}"
3098,0.0,28.0,182.0,23.560653686523438,182.0,18.401403869524152,109.47073247757538,2117.93798828125,47.0,2.7268621921539307,4.0,1.0,0.6285213103464273,12.70573616027832,42.0,"{""type"":""Point"",""coordinates"":[109.46961045017048,18.403541190014852]}"
3099,0.0,29.0,146.0,45.671958923339844,130.0,19.115564520399175,108.97665907130965,2460.3837890625,46.0,5.052391052246094,6.0,2.0,0.6515968549961451,12.109855651855469,40.0,"{""type"":""Point"",""coordinates"":[108.9760490463373,19.116758875002954]}"
3100,0.0,24.0,18.0,10.142290115356445,15.0,19.259294965858295,108.81496232016809,1856.0523681640625,51.0,0.8585196733474731,2.0,2.0,0.7230369953768544,13.961468696594238,42.0,"{""type"":""Point"",""coordinates"":[108.81528832274097,19.257276424815252]}"
3101,0.0,28.0,13.0,9.094922065734863,11.0,19.79828413633001,110.3735393381155,2531.422607421875,39.0,0.0,5.0,4.0,0.8140543791556158,16.402523040771484,33.0,"{""type"":""Point"",""coordinates"":[110.37497145398747,19.79658409124011]}"
3102,0.0,36.0,93.0,25.293357849121094,90.0,19.77133467780643,110.0097216480471,2577.628173828125,38.0,1.7833017110824585,5.0,4.0,0.7206320987735648,13.185993194580078,32.0,"{""type"":""Point"",""coordinates"":[110.00781807765165,19.773510635668462]}"
3103,0.0,26.0,103.0,16.36861228942871,73.0,19.46141590478519,110.15345209350619,2799.3056640625,48.0,0.4866737425327301,4.0,3.0,0.7180621016874664,14.478873252868652,38.0,"{""type"":""Point"",""coordinates"":[110.15235750075388,19.46316225819129]}"
3104,0.0,28.0,4.0,12.927312850952148,5.0,19.83421674769479,109.53361454746374,1986.0738525390625,45.0,1.111034631729126,5.0,4.0,0.779573711954883,13.71162223815918,34.0,"{""type"":""Point"",""coordinates"":[109.53138528432362,19.833138452313605]}"
3105,0.0,25.0,205.0,40.684810638427734,128.0,19.420991716999815,109.8031091326996,2723.67626953125,46.0,3.036078929901123,4.0,3.0,0.6834007110130081,12.583381652832031,35.0,"{""type"":""Point"",""coordinates"":[109.80519460966741,19.420760954994584]}"
3106,0.0,26.0,44.0,20.227142333984375,32.0,18.500218550777305,109.29106942075146,1950.45947265625,49.0,2.5203826427459717,12.0,1.0,0.6916559519573156,12.868834495544434,46.0,"{""type"":""Point"",""coordinates"":[109.29131936212875,18.499688819087023]}"
3107,0.0,24.0,326.0,24.144508361816406,135.0,19.043699297669612,109.69980287502585,2474.07421875,49.0,1.8020079135894775,4.0,2.0,0.6482144174733264,13.024209022521973,41.0,"{""type"":""Point"",""coordinates"":[109.70035244941694,19.04477463469003]}"
3108,0.0,26.0,352.0,23.725234985351562,299.0,18.724797371807185,109.58302188809029,2124.45361328125,48.0,2.8606247901916504,4.0,1.0,0.5913961550097715,12.543168067932129,48.0,"{""type"":""Point"",""coordinates"":[109.58467807236356,18.724006283761742]}"
3109,0.0,26.0,199.0,29.638778686523438,50.0,18.868527817266305,109.31801887927503,2206.240478515625,47.0,3.3955764770507812,3.0,2.0,0.6714023268034096,12.47511100769043,45.0,"{""type"":""Point"",""coordinates"":[109.31993246034196,18.868827787758878]}"
3110,0.0,26.0,261.0,88.29573822021484,158.0,18.93590146357527,110.06362056509425,2648.177734375,48.0,12.236430168151855,2.0,2.0,0.6096097616123888,11.138229370117188,43.0,"{""type"":""Point"",""coordinates"":[110.06395180272293,18.935114725938345]}"
3111,0.0,27.0,52.0,19.190099716186523,25.0,19.57819689172073,109.9558227309999,2679.235595703125,43.0,0.8239654302597046,5.0,3.0,0.7871578410923628,13.98275375366211,35.0,"{""type"":""Point"",""coordinates"":[109.95392058357862,19.579100454881]}"
3112,0.0,23.0,13.0,5.334356307983398,13.0,18.76522155959256,108.69818133323258,1607.1688232421875,49.0,0.2681019604206085,2.0,1.0,0.6993975989141492,15.128257751464844,45.0,"{""type"":""Point"",""coordinates"":[108.70009668506216,18.76563164183281]}"
3113,0.0,25.0,70.0,13.758011817932129,55.0,18.590050079189254,109.70429445144646,2146.941650390625,44.0,0.9076861143112183,4.0,1.0,0.6716731630200506,13.875324249267578,47.0,"{""type"":""Point"",""coordinates"":[109.70400661010022,18.58849182711995]}"
3114,0.0,25.0,29.0,6.794125556945801,32.0,18.62149111413344,108.77004655596215,1617.42724609375,47.0,0.58518385887146,2.0,1.0,0.6812691991420762,14.338428497314453,44.0,"{""type"":""Point"",""coordinates"":[108.77216141824637,18.61981762086653]}"
3115,0.0,27.0,6.0,5.346516132354736,6.0,18.23521554196204,109.50666508894017,1595.57666015625,50.0,0.3494137227535248,4.0,0.0,0.730392142001507,14.86738109588623,40.0,"{""type"":""Point"",""coordinates"":[109.50799709275904,18.235647842062832]}"
3116,0.0,26.0,267.0,30.922954559326172,265.0,18.774204712433757,108.79699601448573,1793.6463623046875,51.0,7.0452656745910645,6.0,1.0,0.5746613058509189,11.696568489074707,46.0,"{""type"":""Point"",""coordinates"":[108.79679213440721,18.77635300263406]}"
3117,0.0,32.0,188.0,45.19075393676758,191.0,18.226232389120852,109.70878602786706,1781.7646484375,46.0,13.560050964355469,4.0,0.0,0.5847330824284297,11.079767227172852,40.0,"{""type"":""Point"",""coordinates"":[109.7081014735069,18.228383511368282]}"
3118,0.0,27.0,3.0,9.293828010559082,4.0,20.036337686621685,110.17590997560922,2238.55224609375,40.0,0.3261163532733917,2.0,4.0,0.7835215981887673,14.053327560424805,37.0,"{""type"":""Point"",""coordinates"":[110.17422658612777,20.036412396816587]}"
3120,0.0,30.0,616.0,98.60094451904297,575.0,18.71581421896599,109.68183656934343,2531.004150390625,43.0,23.203712463378906,5.0,1.0,0.5385118761318034,10.184905052185059,47.0,"{""type"":""Point"",""coordinates"":[109.68349778171277,18.714789546508698]}"
3121,0.0,28.0,328.0,54.372459411621094,159.0,18.899968852210492,109.41234198410757,2288.759521484375,44.0,8.801904678344727,6.0,2.0,0.5874655869401011,11.429159164428711,47.0,"{""type"":""Point"",""coordinates"":[109.41078083873165,18.901871926188694]}"
3122,0.0,37.0,458.0,45.96866226196289,422.0,18.495726974356707,109.5470892767255,2063.836669921875,36.0,10.79857063293457,6.0,1.0,0.5713831315900558,11.12495231628418,45.0,"{""type"":""Point"",""coordinates"":[109.5474446861945,18.497456675283853]}"
3123,0.0,23.0,56.0,25.340898513793945,42.0,19.232345507334713,109.00810010625383,2284.406494140625,55.0,2.335327625274658,4.0,2.0,0.7160349422357333,12.93813419342041,41.0,"{""type"":""Point"",""coordinates"":[109.00630193119076,19.234589248605275]}"
3124,0.0,34.0,356.0,47.54430389404297,346.0,18.441828057309536,109.54259770030495,2014.8121337890625,41.0,11.341740608215332,4.0,1.0,0.5848137651878336,11.150506019592285,42.0,"{""type"":""Point"",""coordinates"":[109.54220026263366,18.443212051229832]}"
3125,0.0,29.0,912.0,41.647701263427734,732.0,18.74725525391017,109.42132513694878,2324.2294921875,47.0,9.556516647338867,8.0,1.0,0.5604961206344005,10.817656517028809,46.0,"{""type"":""Point"",""coordinates"":[109.42210628690161,18.746345287608822]}"
3126,0.0,26.0,443.0,29.794668197631836,398.0,18.67988160760121,109.0260664119362,2068.859619140625,50.0,4.82061243057251,5.0,1.0,0.590232975569389,11.952566146850586,45.0,"{""type"":""Point"",""coordinates"":[109.02639838134466,18.680246150070523]}"
3127,0.0,30.0,79.0,63.17325210571289,71.0,19.030224568407817,110.33760672675072,2664.699462890625,39.0,6.223948955535889,5.0,2.0,0.689050514110931,11.940836906433105,40.0,"{""type"":""Point"",""coordinates"":[110.33913416160905,19.028182559536347]}"
3128,0.0,29.0,503.0,38.762474060058594,306.0,18.944884616416466,109.57403873524913,2292.3359375,47.0,5.912786483764648,5.0,2.0,0.6045234372221046,11.700234413146973,43.0,"{""type"":""Point"",""coordinates"":[109.57285397899157,18.945827605459503]}"
3129,0.0,29.0,609.0,54.63536071777344,438.0,19.147005555343355,109.35844306706042,2501.8837890625,40.0,8.273682594299316,5.0,2.0,0.6193363679503664,11.272159576416016,39.0,"{""type"":""Point"",""coordinates"":[109.36035199047727,19.146470042469208]}"
3130,0.0,30.0,595.0,22.723876953125,595.0,18.616999537712843,110.09506160003843,2322.55029296875,45.0,2.416839122772217,5.0,1.0,0.608461161133834,12.521344184875488,44.0,"{""type"":""Point"",""coordinates"":[110.0969892583996,18.616399390514484]}"
3131,0.0,30.0,502.0,59.70857620239258,310.0,19.084123485454995,109.56954715882853,2543.486572265625,40.0,8.534398078918457,5.0,2.0,0.6222938195135959,11.330171585083008,40.0,"{""type"":""Point"",""coordinates"":[109.56901981865548,19.084133989230608]}"
3132,0.0,24.0,186.0,19.290672302246094,101.0,19.250311813017106,109.87048277900857,2662.313232421875,52.0,0.9175066947937012,3.0,2.0,0.6804847724313965,13.793102264404297,38.0,"{""type"":""Point"",""coordinates"":[109.8724865273103,19.252218193426952]}"
3133,0.0,28.0,272.0,38.938987731933594,95.0,19.227853930914115,109.50217351251956,2598.984375,42.0,3.385193109512329,4.0,2.0,0.6709503873380805,12.430033683776855,38.0,"{""type"":""Point"",""coordinates"":[109.50104648837359,19.228974629480184]}"
3134,0.0,29.0,730.0,53.549598693847656,530.0,19.04819087409021,109.58302188809029,2516.184326171875,40.0,8.792572021484375,6.0,2.0,0.6080063439500744,11.098527908325195,40.0,"{""type"":""Point"",""coordinates"":[109.58380144356157,19.049260937115672]}"
3135,0.0,25.0,205.0,33.70403289794922,28.0,19.286244424381884,109.52463139462253,2615.325927734375,47.0,2.5428307056427,8.0,3.0,0.7646884112262415,12.760950088500977,36.0,"{""type"":""Point"",""coordinates"":[109.5242922956196,19.286926393197106]}"
3136,0.0,34.0,305.0,48.44919204711914,298.0,18.554117467824476,109.84802489690554,2206.42822265625,36.0,8.217636108398438,5.0,1.0,0.5858213390041817,11.514886856079102,47.0,"{""type"":""Point"",""coordinates"":[109.84991790264519,18.55348130439364]}"
3137,0.0,24.0,3.0,12.599863052368164,5.0,19.115564520399175,110.49481190147162,2697.676513671875,42.0,0.18247348070144653,3.0,2.0,0.7961939229980362,15.499710083007812,39.0,"{""type"":""Point"",""coordinates"":[110.49342340858952,19.11742293100046]}"
3138,0.0,26.0,49.0,9.218198776245117,49.0,18.52267643288029,109.89743223753214,2046.2999267578125,46.0,0.438711017370224,3.0,1.0,0.6837386405297834,14.614853858947754,45.0,"{""type"":""Point"",""coordinates"":[109.89629070389957,18.52178097322992]}"
3139,0.0,23.0,34.0,9.159124374389648,34.0,19.87913251190077,110.76430648670748,2171.250732421875,49.0,0.5198156237602234,2.0,4.0,0.6947830464642809,13.096375465393066,48.0,"{""type"":""Point"",""coordinates"":[110.76408321957811,19.877300425734155]}"
3140,0.0,44.0,83.0,15.475420951843262,83.0,19.86116620621838,109.92438169605572,2449.469970703125,29.0,0.9632287621498108,3.0,4.0,0.7105079856530228,13.659191131591797,35.0,"{""type"":""Point"",""coordinates"":[109.92364881269604,19.859472551042337]}"
3141,0.0,23.0,35.0,9.099578857421875,35.0,18.338521799635792,109.34496833779866,1730.5748291015625,55.0,0.9176799058914185,3.0,0.0,0.7150684660568877,13.884966850280762,37.0,"{""type"":""Point"",""coordinates"":[109.34297599285557,18.33649586788959]}"
3142,0.0,23.0,109.0,14.678812026977539,107.0,19.564722162458935,109.3898841020046,2432.017333984375,56.0,0.7284147143363953,3.0,3.0,0.685249193751199,14.071922302246094,36.0,"{""type"":""Point"",""coordinates"":[109.38991926378061,19.56329448838403]}"
3143,0.0,24.0,84.0,25.896656036376953,74.0,19.65455369087089,109.49768193609896,2340.887451171875,54.0,2.3004236221313477,4.0,3.0,0.7133112687784169,12.936561584472656,34.0,"{""type"":""Point"",""coordinates"":[109.49714811315425,19.654967370196974]}"
3144,0.0,27.0,45.0,12.259358406066895,31.0,19.789300983488815,110.15345209350619,2580.828125,42.0,0.2984420657157898,5.0,4.0,0.7914664688685163,14.727791786193848,33.0,"{""type"":""Point"",""coordinates"":[110.15461523717032,19.78751250139521]}"
3145,0.0,29.0,2.0,8.381285667419434,3.0,19.99142192241571,110.49032032505102,2367.281982421875,39.0,0.057359881699085236,2.0,4.0,0.7846182072409496,15.732784271240234,39.0,"{""type"":""Point"",""coordinates"":[110.49033407607007,19.99073374800653]}"
3146,0.0,27.0,127.0,101.6838150024414,96.0,19.4434495991028,110.1624352463474,2893.05224609375,46.0,10.938445091247559,5.0,3.0,0.6514444732248683,11.339537620544434,37.0,"{""type"":""Point"",""coordinates"":[110.16044637590007,19.444784670367493]}"
3147,0.0,26.0,115.0,48.78431701660156,118.0,18.271148153326827,109.62793765229628,1853.642333984375,52.0,12.387124061584473,4.0,0.0,0.5913292496380372,11.219022750854492,41.0,"{""type"":""Point"",""coordinates"":[109.62716486822626,18.272540118873255]}"
3148,0.0,26.0,147.0,19.630901336669922,133.0,19.111072943978577,108.93174330710366,2238.19140625,49.0,1.6729011535644531,4.0,2.0,0.654913832561696,13.21684741973877,39.0,"{""type"":""Point"",""coordinates"":[108.93008670833223,19.11222831418606]}"
3149,0.0,35.0,66.0,9.090356826782227,66.0,19.838708324115387,109.82556701480257,2343.69189453125,40.0,0.2109140157699585,5.0,4.0,0.7242302457357837,15.337226867675781,36.0,"{""type"":""Point"",""coordinates"":[109.82482364866306,19.83894043963097]}"
3150,0.0,29.0,1218.0,73.31229400634766,988.0,18.895477275789894,109.71776918070822,2547.5361328125,41.0,32.9857292175293,11.0,2.0,0.5016162083694434,9.015220642089844,44.0,"{""type"":""Point"",""coordinates"":[109.71808943620825,18.89568064326683]}"
3151,0.0,24.0,92.0,8.41231632232666,92.0,18.931409887154672,108.74309709743858,1649.8424072265625,52.0,0.9264909029006958,3.0,2.0,0.6033640969630425,13.841649055480957,46.0,"{""type"":""Point"",""coordinates"":[108.74219277581642,18.9312211441085]}"
3152,0.0,27.0,128.0,30.621522903442383,128.0,18.34750495247698,109.53361454746374,1771.470703125,43.0,6.266795635223389,4.0,0.0,0.6046025577141787,11.904195785522461,41.0,"{""type"":""Point"",""coordinates"":[109.53169796061128,18.346055786668114]}"
3153,0.0,30.0,195.0,39.1839714050293,66.0,18.751746830330767,109.12038951676874,2046.830322265625,42.0,6.672529220581055,4.0,1.0,0.643448572115399,11.79879379272461,43.0,"{""type"":""Point"",""coordinates"":[109.12107380660754,18.75188782167909]}"
3154,0.0,34.0,49.0,19.628293991088867,50.0,19.425483293420413,110.63854234693076,2524.54150390625,39.0,1.4654276371002197,4.0,3.0,0.7347075612232614,12.96969223022461,39.0,"{""type"":""Point"",""coordinates"":[110.63697960110784,19.427412211068845]}"
3155,0.0,24.0,134.0,26.602630615234375,80.0,19.205396048811124,110.02319637730886,2879.177734375,49.0,1.2456706762313843,4.0,2.0,0.7086668953235277,13.519926071166992,37.0,"{""type"":""Point"",""coordinates"":[110.02108826245265,19.20687388331888]}"
3156,0.0,23.0,117.0,24.107418060302734,59.0,19.376075952793833,109.94234800173814,2757.36669921875,50.0,1.177668571472168,3.0,3.0,0.7285868243259466,13.586532592773438,38.0,"{""type"":""Point"",""coordinates"":[109.94384626492571,19.37753651657182]}"
3157,0.0,28.0,737.0,64.36026000976562,705.0,19.034716144828415,110.1175194821414,2775.8154296875,45.0,9.287165641784668,9.0,2.0,0.5802355818478844,11.0360107421875,47.0,"{""type"":""Point"",""coordinates"":[110.11926481642448,19.03482786790817]}"
3158,0.0,22.0,56.0,17.527978897094727,27.0,19.735402066441644,109.83904174406439,2673.595703125,56.0,0.7121466994285583,4.0,3.0,0.7845934201418429,14.126259803771973,35.0,"{""type"":""Point"",""coordinates"":[109.83704139491952,19.737498720073305]}"
3159,0.0,23.0,18.0,6.7397990226745605,20.0,19.71294418433866,110.9349863906902,1932.630126953125,53.0,0.3495071232318878,3.0,3.0,0.7116288017960254,13.49107551574707,45.0,"{""type"":""Point"",""coordinates"":[110.93328141244307,19.710894632645097]}"
3160,0.0,31.0,265.0,45.39497756958008,136.0,18.729288948227783,109.08894848182456,2085.062744140625,40.0,8.363337516784668,4.0,1.0,0.5981547681372669,11.524333000183105,43.0,"{""type"":""Point"",""coordinates"":[109.08963253905556,18.730448571001737]}"
3161,0.0,24.0,42.0,14.355034828186035,33.0,19.600654773823713,110.3151488446477,2650.8330078125,52.0,0.4411081075668335,3.0,3.0,0.7705356512410895,14.575361251831055,37.0,"{""type"":""Point"",""coordinates"":[110.31492838003402,19.602506914978864]}"
3163,0.0,28.0,420.0,67.2845458984375,304.0,19.196412895969935,109.2371705037043,2567.65673828125,49.0,10.082746505737305,7.0,2.0,0.6337112604698601,11.22402572631836,38.0,"{""type"":""Point"",""coordinates"":[109.23716427715955,19.19780526826543]}"
3165,0.0,26.0,136.0,8.67633056640625,118.0,18.616999537712843,109.04403271761862,2040.185546875,42.0,0.3494369685649872,4.0,1.0,0.6135168723977193,14.78994083404541,47.0,"{""type"":""Point"",""coordinates"":[109.04497638202938,18.618820212979333]}"
3166,0.0,27.0,314.0,27.694486618041992,317.0,18.343013376056383,109.65488711081986,1943.82275390625,49.0,4.795296669006348,4.0,0.0,0.5991549823905455,12.051846504211426,43.0,"{""type"":""Point"",""coordinates"":[109.65430874588077,18.344942749053917]}"
3167,0.0,26.0,4.0,10.19658374786377,4.0,19.677011572973875,109.31801887927503,2093.907958984375,44.0,0.5020208954811096,3.0,3.0,0.7746369938229691,14.50612735748291,37.0,"{""type"":""Point"",""coordinates"":[109.31626410211334,19.67807357471524]}"
3168,0.0,33.0,342.0,52.51707077026367,179.0,19.151497131763954,109.65488711081986,2764.2353515625,39.0,5.049088001251221,4.0,2.0,0.6406774704200784,11.980356216430664,41.0,"{""type"":""Point"",""coordinates"":[109.6565350966571,19.15298472739869]}"
3169,0.0,26.0,216.0,10.413187980651855,176.0,18.49123539793611,109.40785040768702,2098.366455078125,48.0,0.5861948132514954,4.0,1.0,0.6200883373506882,14.221817016601562,45.0,"{""type"":""Point"",""coordinates"":[109.40754028234308,18.491078730503705]}"
3170,0.0,21.0,38.0,10.424032211303711,38.0,18.45979436299192,109.77166809775542,1918.9857177734375,59.0,0.8412582874298096,2.0,1.0,0.6912227694245012,13.970181465148926,44.0,"{""type"":""Point"",""coordinates"":[109.77157490527077,18.461916644569126]}"
3171,0.0,24.0,21.0,4.517453193664551,22.0,19.277261271540688,108.72962236817676,1573.7174072265625,53.0,0.1671256273984909,2.0,2.0,0.705047503416636,15.596273422241211,41.0,"{""type"":""Point"",""coordinates"":[108.72769436689647,19.27939458976211]}"
3172,0.0,27.0,738.0,52.57257080078125,525.0,19.025732991987226,109.60997134661392,2517.611083984375,46.0,8.732117652893066,5.0,2.0,0.6027817944123599,11.097678184509277,41.0,"{""type"":""Point"",""coordinates"":[109.61093454951636,19.02483041312547]}"
3173,0.0,25.0,103.0,11.709654808044434,101.0,19.55124743319714,109.35844306706042,2432.017333984375,51.0,0.3811372220516205,3.0,3.0,0.6826924075883074,14.72331714630127,37.0,"{""type"":""Point"",""coordinates"":[109.36058176007934,19.54979528084607]}"
3174,0.0,29.0,480.0,40.18044662475586,328.0,19.16048028460515,109.34945991421921,2588.606201171875,40.0,4.025054931640625,5.0,2.0,0.6507996585280983,12.104971885681152,38.0,"{""type"":""Point"",""coordinates"":[109.34859646953814,19.161590375442866]}"
3175,0.0,26.0,105.0,33.09743881225586,97.0,19.335651765008457,110.33311515033012,2877.0341796875,49.0,1.8797845840454102,4.0,3.0,0.6841146808905548,13.126007080078125,38.0,"{""type"":""Point"",""coordinates"":[110.33362430622836,19.33390650689713]}"
3176,0.0,27.0,196.0,33.97038650512695,153.0,18.760729983171963,109.73573548639064,2474.1943359375,45.0,3.051543951034546,4.0,1.0,0.62431105630237,12.584092140197754,47.0,"{""type"":""Point"",""coordinates"":[109.73732923512688,18.760625815774787]}"
3177,0.0,30.0,625.0,20.076324462890625,419.0,18.697847913283596,109.47073247757538,2197.08154296875,48.0,2.445078134536743,5.0,1.0,0.5949385005103126,12.483442306518555,45.0,"{""type"":""Point"",""coordinates"":[109.47029779497063,18.697555103974345]}"
3178,0.0,29.0,208.0,31.00164031982422,102.0,19.133530826081568,109.87497435542917,2606.7919921875,42.0,2.3015661239624023,4.0,2.0,0.6560698423945005,12.858816146850586,42.0,"{""type"":""Point"",""coordinates"":[109.8757015638903,19.132478718245384]}"
3179,0.0,27.0,326.0,36.39656066894531,144.0,18.944884616416466,109.78963440343779,2694.43310546875,44.0,2.806580066680908,3.0,2.0,0.6455993322841886,12.580674171447754,42.0,"{""type"":""Point"",""coordinates"":[109.78785478864714,18.945478469724797]}"
3180,0.0,28.0,24.0,15.267829895019531,25.0,19.8252335948536,109.52912297104314,1986.0738525390625,45.0,1.5021892786026,4.0,4.0,0.749445807838229,13.3983793258667,35.0,"{""type"":""Point"",""coordinates"":[109.53010935780672,19.823985425342673]}"
3181,0.0,28.0,26.0,7.306370258331299,25.0,19.807267289171207,110.7328654517633,2236.168701171875,50.0,0.08370843529701233,4.0,4.0,0.7389208271330221,15.318910598754883,42.0,"{""type"":""Point"",""coordinates"":[110.73154066702904,19.808555339086997]}"
3183,0.0,28.0,1120.0,63.203739166259766,888.0,18.96285092209886,109.72675233354943,2643.14892578125,39.0,17.302867889404297,10.0,2.0,0.560021716632311,9.917765617370605,42.0,"{""type"":""Point"",""coordinates"":[109.72769438951131,18.962047161983556]}"
3184,0.0,22.0,146.0,13.96804141998291,119.0,19.447941175523397,109.2281873508631,2333.505615234375,57.0,0.7651310563087463,4.0,3.0,0.691025650404189,13.99996280670166,33.0,"{""type"":""Point"",""coordinates"":[109.22846747922046,19.447359105080075]}"
3185,0.0,26.0,38.0,9.772021293640137,38.0,19.515314821832362,109.04403271761862,1808.03857421875,50.0,0.912540853023529,3.0,3.0,0.7250838059162774,13.888834953308105,35.0,"{""type"":""Point"",""coordinates"":[109.04579294555691,19.514777683927964]}"
3186,0.0,28.0,41.0,20.51715087890625,41.0,19.919556699686147,109.91539854321451,2396.488037109375,43.0,1.5979909896850586,2.0,4.0,0.748623865588108,13.052694320678711,36.0,"{""type"":""Point"",""coordinates"":[109.91675431976407,19.91734514348946]}"
3187,0.0,27.0,114.0,20.477113723754883,102.0,19.308702306484875,110.29269096254473,2915.853271484375,44.0,0.700293779373169,5.0,3.0,0.6955722618465845,14.108248710632324,36.0,"{""type"":""Point"",""coordinates"":[110.29259049861739,19.310623887921263]}"
3188,0.0,28.0,42.0,12.284381866455078,43.0,19.959980887471524,110.27921623328291,2526.0966796875,42.0,0.4848850965499878,3.0,4.0,0.7507702121044976,13.601126670837402,38.0,"{""type"":""Point"",""coordinates"":[110.2792823784593,19.959702788737488]}"
3189,0.0,27.0,1146.0,31.100772857666016,1029.0,18.832595205901526,109.68632814576404,2337.958984375,45.0,7.094552993774414,5.0,2.0,0.5530996289805593,10.793235778808594,46.0,"{""type"":""Point"",""coordinates"":[109.68554414426812,18.83140204626973]}"
3190,0.0,27.0,64.0,12.642916679382324,57.0,19.623112655926704,110.59811815914537,2561.440673828125,45.0,0.4061042070388794,2.0,3.0,0.7709680201923717,14.239431381225586,30.0,"{""type"":""Point"",""coordinates"":[110.59889403605212,19.621191145261722]}"
3191,0.0,28.0,237.0,28.942092895507812,123.0,19.41200856415862,109.62793765229628,2787.387939453125,48.0,1.7775863409042358,4.0,3.0,0.6960311737373992,13.098405838012695,33.0,"{""type"":""Point"",""coordinates"":[109.62633063473992,19.412015778306138]}"
3192,0.0,25.0,637.0,49.291744232177734,582.0,18.783187865274954,108.92725173068305,2181.804443359375,50.0,11.05774974822998,5.0,1.0,0.569940996661249,10.951766014099121,44.0,"{""type"":""Point"",""coordinates"":[108.9268137870884,18.782287829719476]}"
3193,0.0,25.0,14.0,38.7259407043457,14.0,18.666406878339416,110.24777519833873,2200.1025390625,49.0,4.788670539855957,4.0,1.0,0.7177248385099467,12.242717742919922,45.0,"{""type"":""Point"",""coordinates"":[110.24957285125365,18.664217208912596]}"
3194,0.0,29.0,37.0,12.21455192565918,38.0,19.973455616733318,110.28819938612412,2526.0966796875,42.0,0.49159252643585205,2.0,4.0,0.7558926252592616,13.594681739807129,38.0,"{""type"":""Point"",""coordinates"":[110.28642065449479,19.97553700826299]}"
3195,0.0,29.0,60.0,13.052566528320312,60.0,19.587180044561926,109.21022104518073,2241.722412109375,47.0,0.7843900322914124,2.0,3.0,0.7160097310798633,14.027264595031738,37.0,"{""type"":""Point"",""coordinates"":[109.20986654297836,19.585659939208142]}"
3196,0.0,29.0,566.0,84.08100891113281,511.0,18.774204712433757,109.87946593184972,2632.68115234375,45.0,15.042869567871094,6.0,1.0,0.5788638001493043,10.69489574432373,45.0,"{""type"":""Point"",""coordinates"":[109.87967718627716,18.775901103152574]}"
3197,0.0,25.0,149.0,12.066778182983398,96.0,19.317685459326064,109.25064523296606,2292.181396484375,46.0,0.530343770980835,4.0,3.0,0.6670695816792374,14.364645004272461,39.0,"{""type"":""Point"",""coordinates"":[109.25040901043103,19.317717133247687]}"
3198,0.0,23.0,58.0,7.6031975746154785,58.0,18.473269092253716,109.77615967417603,1918.9857177734375,56.0,0.37519028782844543,4.0,1.0,0.6665806537939818,14.76596736907959,45.0,"{""type"":""Point"",""coordinates"":[109.7757498463907,18.47219443627012]}"
3199,0.0,26.0,190.0,13.666595458984375,83.0,18.612507961292245,109.15632212813352,2081.39404296875,49.0,1.1132159233093262,5.0,1.0,0.6338065283719794,13.597155570983887,46.0,"{""type"":""Point"",""coordinates"":[109.15831451830103,18.610738335523177]}"
3200,0.0,30.0,86.0,14.034849166870117,87.0,19.528789551094157,110.64752549977192,2505.265380859375,42.0,0.6762630343437195,4.0,3.0,0.7110919317216378,13.708906173706055,35.0,"{""type"":""Point"",""coordinates"":[110.64833940534793,19.527747015400525]}"
3201,0.0,25.0,83.0,11.917338371276855,65.0,19.681503149394473,109.58302188809029,2350.16064453125,53.0,0.5039664506912231,3.0,3.0,0.7351913359174286,14.456011772155762,33.0,"{""type"":""Point"",""coordinates"":[109.58225991820603,19.6813211859927]}"
3202,0.0,28.0,43.0,24.921104431152344,34.0,18.590050079189254,109.88395750827033,2187.01171875,44.0,2.5136284828186035,4.0,1.0,0.701589538614476,12.872106552124023,45.0,"{""type"":""Point"",""coordinates"":[109.8845248942975,18.590397027420902]}"
3203,0.0,23.0,200.0,22.255672454833984,63.0,18.670898454760014,109.20123789233952,2105.510986328125,56.0,2.5515847206115723,4.0,1.0,0.6551436455395163,12.760735511779785,45.0,"{""type"":""Point"",""coordinates"":[109.20325201493374,18.672830726046584]}"
3204,0.0,26.0,96.0,14.026322364807129,73.0,19.600654773823713,110.07260371793546,2616.7314453125,47.0,0.43005135655403137,4.0,3.0,0.7413767398459343,14.606803894042969,33.0,"{""type"":""Point"",""coordinates"":[110.07104510644356,19.600112644908307]}"
3205,0.0,22.0,36.0,10.871124267578125,38.0,18.441828057309536,109.76268494491421,1899.9327392578125,52.0,0.8811160326004028,3.0,1.0,0.699601979829797,13.925050735473633,42.0,"{""type"":""Point"",""coordinates"":[109.7608248193373,18.442078194251977]}"
3206,0.0,29.0,453.0,78.60285949707031,329.0,18.95835934567826,109.16979685739534,2304.637451171875,42.0,17.533309936523438,5.0,2.0,0.5886009130538378,10.624144554138184,39.0,"{""type"":""Point"",""coordinates"":[109.16833936219275,18.956378163404658]}"
3207,0.0,24.0,38.0,14.00370979309082,29.0,19.596163197403122,110.3645561852743,2693.65576171875,54.0,0.42619726061820984,4.0,3.0,0.7805270835555146,14.376838684082031,36.0,"{""type"":""Point"",""coordinates"":[110.3662841508437,19.595821382514973]}"
3208,0.0,27.0,127.0,45.90586471557617,103.0,19.039207721249014,110.1624352463474,2683.997314453125,48.0,3.90018630027771,5.0,2.0,0.6412179898567796,12.381505012512207,45.0,"{""type"":""Point"",""coordinates"":[110.16324859858327,19.04071633710578]}"
3209,0.0,26.0,167.0,12.924646377563477,140.0,18.554117467824476,109.10691478750698,2015.5345458984375,53.0,1.1720988750457764,3.0,1.0,0.6108099928159832,13.560215950012207,46.0,"{""type"":""Point"",""coordinates"":[109.10837281387093,18.55233191330337]}"
3211,0.0,24.0,252.0,44.00779724121094,250.0,18.74276367748957,108.77453813238276,1929.0064697265625,51.0,9.659685134887695,7.0,1.0,0.5930982109434508,11.386533737182617,42.0,"{""type"":""Point"",""coordinates"":[108.77265421165605,18.741932739898324]}"
3212,0.0,25.0,106.0,13.627574920654297,90.0,19.60963792666491,109.53361454746374,2395.7138671875,53.0,0.6568419337272644,4.0,3.0,0.6999000572822195,14.177183151245117,35.0,"{""type"":""Point"",""coordinates"":[109.5339068346725,19.61086890126689]}"
3213,0.0,32.0,54.0,10.20461654663086,53.0,19.816250442012404,109.66836184008167,2147.6484375,43.0,0.5304301977157593,4.0,4.0,0.7344255859893262,14.422057151794434,34.0,"{""type"":""Point"",""coordinates"":[109.6671853067418,19.81447638466791]}"
3214,0.0,28.0,292.0,45.69184112548828,184.0,18.917935157892877,109.89743223753214,2501.319580078125,42.0,4.926731586456299,4.0,2.0,0.6172691231145919,12.0398588180542,46.0,"{""type"":""Point"",""coordinates"":[109.89817560569962,18.917680007933598]}"
3215,0.0,32.0,0.0,6.842573165893555,2.0,19.618621079506106,110.80473067449287,2165.605224609375,43.0,0.057359881699085236,3.0,3.0,0.7789307069977895,16.229412078857422,38.0,"{""type"":""Point"",""coordinates"":[110.80503551880824,19.616524063004597]}"
3216,0.0,31.0,562.0,38.909996032714844,409.0,18.895477275789894,109.31352730285442,2206.240478515625,40.0,6.734492301940918,8.0,2.0,0.5868385601597796,11.520658493041992,45.0,"{""type"":""Point"",""coordinates"":[109.31368282829774,18.89652475055869]}"
3217,0.0,26.0,195.0,38.2632942199707,152.0,18.57208377350686,109.11140636392759,2015.5345458984375,52.0,6.911053657531738,4.0,1.0,0.5855768242448033,11.76333999633789,47.0,"{""type"":""Point"",""coordinates"":[109.10966149962722,18.571942204600774]}"
3218,0.0,29.0,800.0,37.01539993286133,607.0,18.670898454760014,109.42581671336939,2204.030029296875,49.0,8.216565132141113,5.0,1.0,0.5709945750404539,11.096336364746094,44.0,"{""type"":""Point"",""coordinates"":[109.42641170297436,18.668887685101748]}"
3219,0.0,30.0,719.0,60.55173873901367,631.0,18.702339489704194,109.50666508894017,2257.9912109375,47.0,16.673749923706055,5.0,1.0,0.5487688254490304,10.44839859008789,45.0,"{""type"":""Point"",""coordinates"":[109.50887016653715,18.701809246674944]}"
3220,0.0,32.0,83.0,26.84518051147461,64.0,19.546755856776542,110.39599722021848,2716.046630859375,41.0,1.753862977027893,4.0,3.0,0.7238396808734251,13.047091484069824,38.0,"{""type"":""Point"",""coordinates"":[110.39770245236288,19.547899741492987]}"
3221,0.0,30.0,129.0,40.34940719604492,117.0,19.164971861025748,110.23430046907697,2873.6015625,42.0,2.6290292739868164,4.0,2.0,0.666949441761977,12.775527000427246,40.0,"{""type"":""Point"",""coordinates"":[110.23654126022254,19.164508681827975]}"
3222,0.0,27.0,351.0,78.71785736083984,285.0,19.4389580226822,109.47971563041654,2705.88525390625,50.0,10.565520286560059,5.0,3.0,0.652530550846575,11.22673225402832,34.0,"{""type"":""Point"",""coordinates"":[109.48075011578484,19.437073410289617]}"
3223,0.0,31.0,484.0,53.69705581665039,477.0,18.706831066124792,110.07260371793546,2497.5400390625,44.0,7.8770599365234375,4.0,1.0,0.6005647064992332,11.425724983215332,45.0,"{""type"":""Point"",""coordinates"":[110.07074974601286,18.707980649502424]}"
3224,0.0,30.0,206.0,67.70075225830078,195.0,18.477760668674314,109.60997134661392,2163.11669921875,44.0,14.203398704528809,5.0,1.0,0.5790899987839992,11.019973754882812,45.0,"{""type"":""Point"",""coordinates"":[109.61103909493413,18.47804791945286]}"
3225,0.0,27.0,245.0,28.807985305786133,109.0,19.232345507334713,109.41683356052818,2669.045654296875,47.0,1.9514007568359375,3.0,2.0,0.6766194583849768,12.999753952026367,37.0,"{""type"":""Point"",""coordinates"":[109.41486914776391,19.232027202540113]}"
3226,0.0,26.0,404.0,66.44166564941406,229.0,19.025732991987226,109.21022104518073,2472.46826171875,47.0,10.246965408325195,4.0,2.0,0.6219382491386983,11.219466209411621,39.0,"{""type"":""Point"",""coordinates"":[109.20972483716689,19.02505158993376]}"
3227,0.0,24.0,102.0,14.296188354492188,86.0,19.564722162458935,109.48420720683714,2574.75048828125,53.0,0.5162250995635986,4.0,3.0,0.7202861173033597,14.420527458190918,34.0,"{""type"":""Point"",""coordinates"":[109.48226827373728,19.565212823682533]}"
3228,0.0,26.0,115.0,21.882871627807617,77.0,19.65455369087089,109.8031091326996,2675.355712890625,53.0,1.2105218172073364,4.0,3.0,0.7320864687211791,13.560232162475586,33.0,"{""type"":""Point"",""coordinates"":[109.80407344585252,19.655531722080326]}"
3229,0.0,28.0,10.0,4.858155727386475,13.0,18.513693280039092,108.81496232016809,1717.3165283203125,40.0,0.057359881699085236,3.0,1.0,0.7255267172950224,16.67201042175293,41.0,"{""type"":""Point"",""coordinates"":[108.81558712095955,18.513307281938545]}"
3230,0.0,22.0,18.0,4.090508460998535,18.0,19.10658136755798,108.67123187470901,1430.3846435546875,56.0,0.2373328059911728,2.0,2.0,0.6874176245109317,15.247283935546875,44.0,"{""type"":""Point"",""coordinates"":[108.66983730122072,19.10776371266461]}"
3231,0.0,26.0,448.0,70.4351577758789,255.0,19.030224568407817,109.21471262160128,2472.46826171875,50.0,12.075702667236328,5.0,2.0,0.6101156501955853,11.01784610748291,40.0,"{""type"":""Point"",""coordinates"":[109.2146521917714,19.031646338035323]}"
3232,0.0,27.0,90.0,18.096364974975586,70.0,19.614129503085508,110.05463741225304,2616.7314453125,42.0,0.7936368584632874,5.0,3.0,0.7395745437567007,13.99765396118164,34.0,"{""type"":""Point"",""coordinates"":[110.05268512184502,19.615568033050636]}"
3233,0.0,39.0,57.0,15.023292541503906,57.0,19.85667462979778,109.73573548639064,2160.16162109375,34.0,1.2460882663726807,5.0,4.0,0.7329156872775349,13.566082954406738,33.0,"{""type"":""Point"",""coordinates"":[109.73350016254886,19.858099735688587]}"
3234,0.0,25.0,34.0,13.329304695129395,34.0,19.83421674769479,109.99624691878529,2541.921875,51.0,0.4878055453300476,3.0,4.0,0.7886681578649337,14.261560440063477,32.0,"{""type"":""Point"",""coordinates"":[109.99543576674999,19.832919943622315]}"
3235,0.0,29.0,145.0,14.473255157470703,125.0,18.608016384871647,109.06649059972159,1992.9417724609375,42.0,1.3882883787155151,4.0,1.0,0.6061917600449909,13.404668807983398,47.0,"{""type"":""Point"",""coordinates"":[109.06453770914432,18.6066580780782]}"
3236,0.0,30.0,44.0,12.993850708007812,44.0,19.600654773823713,109.34047676137806,2213.447021484375,44.0,0.7982211709022522,4.0,3.0,0.7433790325428523,14.019195556640625,35.0,"{""type"":""Point"",""coordinates"":[109.33892768351835,19.60046385398535]}"
3237,0.0,25.0,19.0,9.84930419921875,20.0,19.986930345995113,110.78676436881045,2203.242919921875,48.0,0.6803908348083496,2.0,4.0,0.7126894890637082,12.822628021240234,48.0,"{""type"":""Point"",""coordinates"":[110.78708166972457,19.986504864398764]}"
3238,0.0,29.0,31.0,12.360944747924805,31.0,19.955489311050925,109.93336484889693,2304.99462890625,41.0,0.62335205078125,2.0,4.0,0.7544790792599481,14.001961708068848,37.0,"{""type"":""Point"",""coordinates"":[109.9328934747806,19.95512976222074]}"
3239,0.0,25.0,129.0,22.062313079833984,65.0,19.250311813017106,110.09955317645904,2866.4794921875,47.0,0.8758600354194641,4.0,2.0,0.718675387297201,13.875314712524414,39.0,"{""type"":""Point"",""coordinates"":[110.10068337049867,19.25126852798253]}"
3240,0.0,26.0,32.0,5.285388469696045,32.0,18.998783533463637,108.72962236817676,1624.829345703125,48.0,0.26840758323669434,2.0,2.0,0.6826583707420097,15.116132736206055,44.0,"{""type"":""Point"",""coordinates"":[108.72879310911384,18.998560678639027]}"
3241,0.0,25.0,3.0,5.367095470428467,6.0,18.54513431498328,108.71614763891495,1608.940673828125,51.0,0.32352638244628906,2.0,1.0,0.7299801270819608,14.856410026550293,40.0,"{""type"":""Point"",""coordinates"":[108.71478597920327,18.54603272276879]}"
3242,0.0,28.0,83.0,15.485373497009277,76.0,19.681503149394473,110.60710131198658,2445.071533203125,46.0,0.9655730724334717,5.0,3.0,0.7194877329766207,13.355541229248047,35.0,"{""type"":""Point"",""coordinates"":[110.60617877340674,19.682420637691518]}"
3243,0.0,22.0,97.0,15.56452465057373,67.0,19.537772703935353,110.06811214151486,2687.662353515625,54.0,0.5017907023429871,4.0,3.0,0.7341293878447258,14.45191478729248,36.0,"{""type"":""Point"",""coordinates"":[110.06754868616802,19.53866614694124]}"
3244,0.0,21.0,19.0,9.295703887939453,18.0,19.681503149394473,109.4347998662106,2257.691162109375,55.0,0.22943836450576782,3.0,3.0,0.7913610496903123,15.280536651611328,32.0,"{""type"":""Point"",""coordinates"":[109.43507440634735,19.683099198643966]}"
3245,0.0,28.0,255.0,44.87938690185547,78.0,19.21887077807292,109.56954715882853,2667.492431640625,36.0,3.7534983158111572,4.0,2.0,0.6842774242211429,12.337909698486328,39.0,"{""type"":""Point"",""coordinates"":[109.56749748889217,19.221068038879416]}"
3246,0.0,22.0,100.0,12.057768821716309,96.0,19.344634917849653,109.01259168267438,2064.29052734375,57.0,0.8794459104537964,2.0,3.0,0.6447965944868275,13.888938903808594,41.0,"{""type"":""Point"",""coordinates"":[109.01173266053696,19.346169082714805]}"
3247,0.0,25.0,197.0,14.269235610961914,193.0,18.42835332804774,109.31352730285442,1952.53662109375,53.0,1.528460144996643,4.0,1.0,0.622409193448352,13.275545120239258,42.0,"{""type"":""Point"",""coordinates"":[109.31481747852719,18.426703317172635]}"
3248,0.0,24.0,50.0,9.374788284301758,50.0,18.504710127197903,109.84802489690554,2166.52001953125,51.0,0.33938121795654297,5.0,1.0,0.6961231770041064,14.870990753173828,44.0,"{""type"":""Point"",""coordinates"":[109.84690814173379,18.50543280313498]}"
3249,0.0,28.0,231.0,56.81953048706055,154.0,18.890985699369296,110.06362056509425,2444.752685546875,47.0,7.568498611450195,4.0,2.0,0.6085470627846807,11.648100852966309,46.0,"{""type"":""Point"",""coordinates"":[110.06558636389713,18.889396494205837]}"
3250,0.0,29.0,56.0,12.750612258911133,57.0,19.973455616733318,109.65488711081986,1931.71044921875,41.0,1.3477989435195923,4.0,4.0,0.7050553293824566,13.211446762084961,36.0,"{""type"":""Point"",""coordinates"":[109.65566721894355,19.973831778354086]}"
3251,0.0,33.0,81.0,40.80554962158203,84.0,18.356488105318178,109.60098819377271,1955.3919677734375,38.0,7.718963623046875,4.0,0.0,0.6263415669936444,11.722233772277832,42.0,"{""type"":""Point"",""coordinates"":[109.60225464080871,18.356606341131076]}"
3252,0.0,26.0,10.0,6.981507778167725,11.0,19.959980887471524,110.82269698017524,2052.721435546875,48.0,0.21604938805103302,2.0,4.0,0.7112929580683598,13.990078926086426,49.0,"{""type"":""Point"",""coordinates"":[110.822225859288,19.960523900656952]}"
3253,0.0,31.0,28.0,15.385612487792969,29.0,19.99142192241571,110.1624352463474,2387.015869140625,44.0,1.0395559072494507,2.0,4.0,0.7602497169934945,13.39445686340332,37.0,"{""type"":""Point"",""coordinates"":[110.16184954519596,19.989538696913744]}"
3254,0.0,35.0,149.0,22.312448501586914,124.0,19.528789551094157,110.45438771368623,2689.10986328125,37.0,1.4410330057144165,4.0,3.0,0.6771008559514998,13.069467544555664,39.0,"{""type"":""Point"",""coordinates"":[110.456453112855,19.529089278986895]}"
3255,0.0,29.0,541.0,44.34157180786133,498.0,18.760729983171963,109.67285341650228,2290.165771484375,44.0,7.4166741371154785,5.0,1.0,0.583757351263047,11.440675735473633,46.0,"{""type"":""Point"",""coordinates"":[109.67284449312629,18.759200320036634]}"
3256,0.0,19.0,120.0,27.328174591064453,53.0,19.55573900961774,109.753701792073,2650.3818359375,55.0,1.6159969568252563,3.0,3.0,0.7466036229223463,13.268156051635742,35.0,"{""type"":""Point"",""coordinates"":[109.75299261773633,19.5556398076835]}"
3257,0.0,27.0,74.0,18.44452667236328,44.0,19.560230586038337,109.91539854321451,2702.39892578125,46.0,0.7613216638565063,4.0,3.0,0.7687127675511818,14.048810005187988,34.0,"{""type"":""Point"",""coordinates"":[109.91377441849706,19.559157031787688]}"
3258,0.0,25.0,3.0,9.071656227111816,4.0,20.018371380939293,110.43192983158326,2306.356689453125,41.0,0.191916361451149,2.0,4.0,0.7747544545032503,14.52359676361084,40.0,"{""type"":""Point"",""coordinates"":[110.43166024562436,20.016218864947533]}"
3259,0.0,24.0,20.0,5.794734001159668,20.0,18.93590146357527,108.70267290965319,1649.8424072265625,49.0,0.3241816759109497,2.0,2.0,0.6891366689139075,14.934284210205078,46.0,"{""type"":""Point"",""coordinates"":[108.70460286876205,18.93767538620165]}"
3260,0.0,24.0,29.0,14.058666229248047,29.0,19.703961031497464,109.33149360853685,2037.394287109375,51.0,1.1793540716171265,2.0,3.0,0.7563338853978748,13.637526512145996,33.0,"{""type"":""Point"",""coordinates"":[109.33277179398743,19.70349572847009]}"
3261,0.0,31.0,151.0,13.87757396697998,122.0,18.661915301918818,109.73124390997003,2373.108154296875,43.0,0.7296386957168579,6.0,1.0,0.6280841614034754,14.044347763061523,48.0,"{""type"":""Point"",""coordinates"":[109.73018910594834,18.662384060717773]}"
3262,0.0,26.0,104.0,38.319488525390625,104.0,18.423861751627143,109.14733897529231,1858.1837158203125,47.0,7.857094764709473,4.0,1.0,0.6057993687415331,11.69041633605957,41.0,"{""type"":""Point"",""coordinates"":[109.14826914366846,18.42516617202996]}"
3263,0.0,20.0,199.0,17.17983627319336,197.0,18.513693280039092,109.11140636392759,2013.9227294921875,60.0,1.8703908920288086,3.0,1.0,0.6105098581990644,13.072253227233887,45.0,"{""type"":""Point"",""coordinates"":[109.11275155931438,18.512766715812585]}"
3264,0.0,31.0,317.0,32.87522506713867,139.0,19.169463437446346,109.52013981820193,2535.598876953125,38.0,2.8661551475524902,4.0,2.0,0.6702223434122504,12.565926551818848,36.0,"{""type"":""Point"",""coordinates"":[109.52077886487106,19.16739317191265]}"
3265,0.0,26.0,62.0,13.48026180267334,60.0,18.549625891403878,109.89294066111154,2046.2999267578125,45.0,1.060341715812683,4.0,1.0,0.6600837853250803,13.724590301513672,47.0,"{""type"":""Point"",""coordinates"":[109.89207182137787,18.54998392090472]}"
3266,0.0,28.0,21.0,17.10940170288086,21.0,19.60963792666491,110.6879496875573,2449.45947265625,49.0,1.2113572359085083,6.0,3.0,0.7933587209654402,13.185348510742188,33.0,"{""type"":""Point"",""coordinates"":[110.68710088675284,19.610110096506734]}"
3267,0.0,26.0,138.0,75.99484252929688,49.0,18.926918310734074,110.08607844719722,2648.177734375,45.0,8.631254196166992,3.0,2.0,0.6862449620688222,11.574288368225098,43.0,"{""type"":""Point"",""coordinates"":[110.08536627728125,18.92549333011073]}"
3268,0.0,29.0,35.0,10.729955673217773,28.0,18.90446042863109,110.28819938612412,2566.105712890625,46.0,0.1824478805065155,5.0,2.0,0.7373567879620259,15.500432968139648,46.0,"{""type"":""Point"",""coordinates"":[110.29022875890756,18.90252504439829]}"
3269,0.0,32.0,85.0,18.20235252380371,74.0,19.591671620982524,110.58015185346295,2572.15234375,41.0,1.1709191799163818,7.0,3.0,0.7342461228278514,13.16079330444336,34.0,"{""type"":""Point"",""coordinates"":[110.57886204581521,19.59319555558079]}"
3270,0.0,25.0,126.0,17.921602249145508,97.0,19.0706487561932,109.0260664119362,2169.21875,54.0,1.627806544303894,3.0,2.0,0.6505918950755348,13.257187843322754,40.0,"{""type"":""Point"",""coordinates"":[109.02704548670211,19.07117158677533]}"
3271,0.0,25.0,154.0,11.068477630615234,136.0,18.54513431498328,109.0709821761422,1874.0784912109375,55.0,1.1167073249816895,2.0,1.0,0.6026891186011715,13.616808891296387,46.0,"{""type"":""Point"",""coordinates"":[109.06939060742867,18.546170106728468]}"
3272,0.0,26.0,2.0,4.4856276512146,5.0,18.5092017036185,108.7071644860738,1608.940673828125,49.0,0.12097746878862381,2.0,1.0,0.7362934135024255,15.840720176696777,39.0,"{""type"":""Point"",""coordinates"":[108.70760334305086,18.51021274429349]}"
3273,0.0,27.0,5.0,8.329630851745605,6.0,20.031846110201087,110.60710131198658,2204.564208984375,40.0,0.25131329894065857,2.0,4.0,0.7439212949021047,13.849957466125488,45.0,"{""type"":""Point"",""coordinates"":[110.60572131961956,20.03164206342534]}"
3274,0.0,35.0,136.0,26.01430892944336,126.0,19.470399057626388,110.53972766567762,2669.626953125,38.0,1.9730377197265625,5.0,3.0,0.672063393651184,12.76590633392334,40.0,"{""type"":""Point"",""coordinates"":[110.53949210300122,19.468553445654702]}"
3275,0.0,43.0,36.0,20.857770919799805,22.0,19.730910490021046,109.97378903668232,2685.04443359375,34.0,1.2198697328567505,5.0,3.0,0.799019582133279,13.599668502807617,33.0,"{""type"":""Point"",""coordinates"":[109.97224094568607,19.73153682239381]}"
3276,0.0,30.0,288.0,39.07141876220703,119.0,19.15598870818455,109.63692080513749,2664.16552734375,38.0,3.1960182189941406,4.0,2.0,0.6604630961003638,12.47679615020752,39.0,"{""type"":""Point"",""coordinates"":[109.6375584874725,19.15398038587203]}"
3277,0.0,32.0,416.0,46.021942138671875,351.0,18.549625891403878,109.52463139462253,2112.104736328125,42.0,9.494808197021484,6.0,1.0,0.5668292302164488,11.288289070129395,48.0,"{""type"":""Point"",""coordinates"":[109.5265771398764,18.550713462690336]}"
3278,0.0,25.0,38.0,13.581124305725098,38.0,19.86116620621838,109.83455016764378,2302.77392578125,51.0,0.7295568585395813,3.0,4.0,0.7596728087666687,14.112661361694336,34.0,"{""type"":""Point"",""coordinates"":[109.83509313438951,19.860559652401946]}"
3279,0.0,22.0,123.0,17.744115829467773,97.0,19.587180044561926,109.56954715882853,2520.502197265625,55.0,0.9176799058914185,4.0,3.0,0.6972170465563694,13.832354545593262,35.0,"{""type"":""Point"",""coordinates"":[109.57092033671071,19.585221246506805]}"
3280,0.0,23.0,12.0,9.861963272094727,15.0,18.97183407494005,110.50828663073344,2171.498046875,49.0,0.36841607093811035,3.0,2.0,0.7537813801234863,14.79183292388916,40.0,"{""type"":""Point"",""coordinates"":[110.50851384730242,18.971239617421364]}"
3281,0.0,25.0,47.0,7.306212902069092,43.0,19.227853930914115,108.81496232016809,1845.546142578125,50.0,0.38942861557006836,2.0,2.0,0.6823868325853345,14.735191345214844,44.0,"{""type"":""Point"",""coordinates"":[108.81308833572935,19.227713530431014]}"
3282,0.0,25.0,47.0,22.608022689819336,24.0,19.650062114450293,109.96480588384111,2649.8896484375,46.0,1.1697921752929688,5.0,3.0,0.8047419400914025,13.635167121887207,31.0,"{""type"":""Point"",""coordinates"":[109.9664960574213,19.651717705958177]}"
3283,0.0,23.0,100.0,21.338987350463867,47.0,19.66353684371208,109.71776918070822,2528.848876953125,54.0,1.299168348312378,3.0,3.0,0.7655593649612786,13.498658180236816,32.0,"{""type"":""Point"",""coordinates"":[109.7177066630416,19.66324059109413]}"
3284,0.0,30.0,7.0,7.318045616149902,9.0,19.641078961609097,110.81820540375463,2165.605224609375,44.0,0.13463661074638367,8.0,3.0,0.7696836223391964,14.935236930847168,39.0,"{""type"":""Point"",""coordinates"":[110.81685056068457,19.642071927679176]}"
3285,0.0,27.0,100.0,14.255489349365234,59.0,19.41200856415862,110.23430046907697,2850.493408203125,43.0,0.2499380260705948,4.0,3.0,0.7348569577599436,15.147089958190918,38.0,"{""type"":""Point"",""coordinates"":[110.2332977391719,19.41124189087568]}"
3286,0.0,23.0,80.0,18.677837371826172,76.0,19.434466446261602,109.10691478750698,2126.220703125,52.0,1.704789638519287,2.0,3.0,0.704122771160705,13.238850593566895,33.0,"{""type"":""Point"",""coordinates"":[109.10597319978456,19.43429804746953]}"
3287,0.0,25.0,302.0,21.595605850219727,200.0,19.173955013866944,109.88844908469093,2692.3076171875,51.0,1.1593774557113647,4.0,2.0,0.6685111553247045,13.482110977172852,39.0,"{""type"":""Point"",""coordinates"":[109.88751280027532,19.17297826227284]}"
3288,0.0,23.0,152.0,17.01412010192871,80.0,19.33116018858786,109.30005257359267,2413.22265625,54.0,1.0048729181289673,3.0,3.0,0.6980109183114448,13.723607063293457,37.0,"{""type"":""Point"",""coordinates"":[109.29866249166447,19.33018438809051]}"
3289,0.0,24.0,157.0,51.395626068115234,157.0,18.369962834579972,109.55607242956671,2010.4566650390625,50.0,10.292759895324707,3.0,1.0,0.5978223470700262,11.383161544799805,42.0,"{""type"":""Point"",""coordinates"":[109.55570726084001,18.370190302449302]}"
3290,0.0,30.0,146.0,17.5155086517334,134.0,19.52429797467356,110.55320239493938,2658.862548828125,43.0,0.8691670894622803,5.0,3.0,0.6893936719863318,13.577692985534668,37.0,"{""type"":""Point"",""coordinates"":[110.55157740728734,19.52405418789202]}"
3291,0.0,23.0,20.0,14.601105690002441,13.0,19.147005555343355,110.3196404210683,2856.007080078125,48.0,0.25058260560035706,3.0,2.0,0.7811983158332525,15.191804885864258,40.0,"{""type"":""Point"",""coordinates"":[110.3208836722108,19.148190767140694]}"
3292,0.0,30.0,23.0,28.937034606933594,21.0,19.29971915364368,110.46337086652744,2790.639892578125,37.0,1.559291958808899,5.0,3.0,0.776077469046051,13.342361450195312,38.0,"{""type"":""Point"",""coordinates"":[110.46114168703687,19.299785065421318]}"
3293,0.0,30.0,64.0,15.5205717086792,30.0,18.666406878339416,109.68632814576404,2332.619873046875,42.0,0.9338601231575012,5.0,1.0,0.7071229235294405,13.850451469421387,48.0,"{""type"":""Point"",""coordinates"":[109.68610305176904,18.66450534435456]}"
3294,0.0,28.0,401.0,81.14147186279297,348.0,19.0751403326138,110.0007384952059,2789.810546875,46.0,10.274290084838867,4.0,2.0,0.6044394507380758,11.218968391418457,44.0,"{""type"":""Point"",""coordinates"":[110.00029487886549,19.074667734890305]}"
3295,0.0,24.0,136.0,19.465030670166016,61.0,19.34912649427025,110.02768795372947,2838.8310546875,51.0,0.7092159986495972,4.0,3.0,0.7281208179873221,14.08206558227539,38.0,"{""type"":""Point"",""coordinates"":[110.02675654009423,19.34998999747241]}"
3296,0.0,24.0,109.0,12.2003812789917,73.0,19.474890634046986,109.385392525584,2462.10791015625,54.0,0.4180760979652405,3.0,3.0,0.7317570078733578,14.627164840698242,33.0,"{""type"":""Point"",""coordinates"":[109.3862686972598,19.474718482906432]}"
3297,0.0,35.0,167.0,39.65792465209961,119.0,19.46141590478519,109.9513311545793,2714.6357421875,37.0,3.1623198986053467,4.0,3.0,0.6767739927344033,12.566829681396484,37.0,"{""type"":""Point"",""coordinates"":[109.95350379794631,19.46241310908101]}"
3298,0.0,24.0,116.0,18.433691024780273,83.0,19.618621079506106,109.5964966173521,2453.544921875,52.0,1.096488118171692,4.0,3.0,0.7084767906903041,13.658587455749512,35.0,"{""type"":""Point"",""coordinates"":[109.5943715568421,19.61913242119622]}"
3299,0.0,24.0,124.0,22.118051528930664,66.0,19.569213738879533,109.62344607587568,2574.686279296875,54.0,1.3500375747680664,3.0,3.0,0.7321641776703727,13.445602416992188,35.0,"{""type"":""Point"",""coordinates"":[109.62179824492429,19.57129984366523]}"
3300,0.0,31.0,425.0,54.926326751708984,294.0,19.227853930914115,109.6414123815581,2705.318603515625,41.0,5.9941511154174805,4.0,2.0,0.646018466937506,11.74704647064209,38.0,"{""type"":""Point"",""coordinates"":[109.63950308109884,19.22645589413379]}"
3301,0.0,26.0,59.0,10.595732688903809,59.0,19.38056752921443,108.98564222415081,2126.147705078125,51.0,0.5851167440414429,2.0,3.0,0.7021974318685807,14.320978164672852,39.0,"{""type"":""Point"",""coordinates"":[108.98533152234275,19.378423544477837]}"
3302,0.0,31.0,347.0,49.17713165283203,294.0,18.96285092209886,108.91377700142124,2077.310791015625,43.0,10.506328582763672,7.0,2.0,0.593149388843216,11.235329627990723,42.0,"{""type"":""Point"",""coordinates"":[108.91298407082637,18.962084785966418]}"
3303,0.0,30.0,321.0,41.17799758911133,192.0,18.810137323798536,109.20123789233952,2395.0908203125,40.0,4.868442058563232,5.0,1.0,0.6152538431093917,12.031756401062012,45.0,"{""type"":""Point"",""coordinates"":[109.20218719946521,18.808632193310824]}"
3304,0.0,30.0,38.0,13.188042640686035,36.0,19.77582625422702,110.42743825516266,2590.727783203125,41.0,0.42176657915115356,7.0,4.0,0.7834802584007944,14.387289047241211,34.0,"{""type"":""Point"",""coordinates"":[110.425400513284,19.7776388495403]}"
3305,0.0,26.0,84.0,16.743057250976562,75.0,19.429974869841004,109.15632212813352,2272.19580078125,48.0,1.1682333946228027,3.0,3.0,0.7164932985917541,13.614561080932617,33.0,"{""type"":""Point"",""coordinates"":[109.1553216273391,19.431239863345585]}"
3306,0.0,23.0,8.0,5.453142166137695,8.0,18.360979681738776,109.17428843381595,1685.9166259765625,51.0,0.21028883755207062,2.0,1.0,0.728016896642354,15.374017715454102,41.0,"{""type"":""Point"",""coordinates"":[109.1745631516146,18.36264828833716]}"
3307,0.0,33.0,596.0,34.04562759399414,394.0,19.12454767324037,109.31352730285442,2365.763671875,39.0,4.563845634460449,6.0,2.0,0.6217682490408719,11.883249282836914,40.0,"{""type"":""Point"",""coordinates"":[109.31376555988653,19.125994526369762]}"
3308,0.0,30.0,500.0,59.058074951171875,465.0,18.82810362948093,108.90030227215948,2222.74951171875,46.0,13.368572235107422,9.0,2.0,0.5849010795604834,10.872021675109863,42.0,"{""type"":""Point"",""coordinates"":[108.89812517946396,18.828096494641358]}"
3309,0.0,28.0,551.0,43.11234664916992,497.0,18.666406878339416,109.55607242956671,2192.7236328125,48.0,8.329109191894531,4.0,1.0,0.5744046240392204,11.314886093139648,46.0,"{""type"":""Point"",""coordinates"":[109.554681608512,18.665748002788803]}"
3310,0.0,29.0,343.0,76.48916625976562,165.0,19.151497131763954,109.52013981820193,2535.598876953125,41.0,11.490696907043457,4.0,2.0,0.6287413660388398,11.14637565612793,38.0,"{""type"":""Point"",""coordinates"":[109.52130129855033,19.152900158608094]}"
3311,0.0,27.0,108.0,21.119464874267578,104.0,19.52429797467356,109.34496833779866,2262.759521484375,48.0,1.8246302604675293,3.0,3.0,0.6662805089453636,13.153984069824219,37.0,"{""type"":""Point"",""coordinates"":[109.34308287966365,19.523966134435522]}"
3312,0.0,25.0,15.0,5.070408821105957,18.0,18.581066926348058,108.76555497954155,1607.4908447265625,51.0,0.2501368224620819,3.0,1.0,0.6990266585531267,15.196467399597168,44.0,"{""type"":""Point"",""coordinates"":[108.76600683184968,18.582222562068743]}"
3314,0.0,24.0,94.0,13.077478408813477,50.0,19.623112655926704,109.63242922871689,2525.286376953125,52.0,0.430110365152359,3.0,3.0,0.7574693267804,14.607873916625977,34.0,"{""type"":""Point"",""coordinates"":[109.63162260263566,19.624848791039653]}"
3315,0.0,32.0,51.0,13.426131248474121,46.0,19.340143341429055,110.43642140800387,2771.390625,37.0,0.2596603035926819,4.0,3.0,0.7435975010110796,15.118566513061523,40.0,"{""type"":""Point"",""coordinates"":[110.43618890240488,19.339759606627876]}"
3316,0.0,22.0,107.0,11.46249771118164,57.0,19.672519996553277,109.73573548639064,2528.848876953125,54.0,0.2503204643726349,3.0,3.0,0.754356234061483,15.141314506530762,33.0,"{""type"":""Point"",""coordinates"":[109.73463140880324,19.672543612608305]}"
3317,0.0,26.0,117.0,12.726615905761719,110.0,19.55124743319714,109.41234198410757,2515.690185546875,51.0,0.42992186546325684,3.0,3.0,0.6910912019030317,14.594343185424805,36.0,"{""type"":""Point"",""coordinates"":[109.41207234252016,19.549802571516242]}"
3318,0.0,29.0,5.0,8.510684967041016,6.0,19.99591349883631,110.45438771368623,2367.281982421875,40.0,0.08376140892505646,2.0,4.0,0.776561299755725,15.34974193572998,40.0,"{""type"":""Point"",""coordinates"":[110.4554119814481,19.99531716336435]}"
3319,0.0,22.0,135.0,17.39768409729004,105.0,19.600654773823713,109.86149962616736,2616.3916015625,55.0,0.7657894492149353,4.0,3.0,0.6985022690215366,14.005928039550781,35.0,"{""type"":""Point"",""coordinates"":[109.86019525325025,19.599932659639844]}"
3320,0.0,26.0,18.0,13.398685455322266,18.0,19.0751403326138,110.39150564379787,2773.377685546875,47.0,0.24276845157146454,4.0,2.0,0.7767934564141158,15.224639892578125,40.0,"{""type"":""Point"",""coordinates"":[110.39278304074558,19.07523883303804]}"
3321,0.0,33.0,88.0,9.20330810546875,86.0,19.452432751943995,109.0754737525628,2019.1318359375,42.0,0.5504704117774963,3.0,3.0,0.6827148856278995,14.36474323272705,35.0,"{""type"":""Point"",""coordinates"":[109.07341159878231,19.452036620750555]}"
3322,0.0,26.0,48.0,23.092060089111328,38.0,19.034716144828415,110.31065726822715,2664.699462890625,46.0,1.2180511951446533,4.0,2.0,0.7348238603320616,13.59414291381836,43.0,"{""type"":""Point"",""coordinates"":[110.31114152433555,19.03622113746978]}"
3323,0.0,26.0,17.0,18.391342163085938,17.0,19.232345507334713,110.50828663073344,2732.099365234375,49.0,0.7312175035476685,5.0,2.0,0.7808359548291688,14.103361129760742,39.0,"{""type"":""Point"",""coordinates"":[110.51023658436617,19.232520119071584]}"
3324,0.0,26.0,63.0,12.246004104614258,49.0,19.645570538029695,110.48582874863041,2659.6337890625,45.0,0.23738433420658112,4.0,3.0,0.7709517907450727,14.94271469116211,33.0,"{""type"":""Point"",""coordinates"":[110.48476579440312,19.64629099139869]}"
3325,0.0,21.0,98.0,11.880146026611328,80.0,19.281752847961286,109.03504956477741,2129.14208984375,59.0,0.7609136700630188,4.0,3.0,0.6685146304522713,14.034940719604492,41.0,"{""type"":""Point"",""coordinates"":[109.03352374893223,19.280012218323275]}"
3326,0.0,28.0,537.0,49.38068389892578,530.0,18.643948996236425,108.85538650795348,1900.8468017578125,49.0,16.201854705810547,5.0,1.0,0.5327161787906074,10.641022682189941,47.0,"{""type"":""Point"",""coordinates"":[108.85398811806834,18.642990946278168]}"
3327,0.0,23.0,28.0,7.387968063354492,28.0,18.338521799635792,109.35844306706042,1734.925537109375,52.0,0.5350990891456604,4.0,0.0,0.7256126474870105,14.428488731384277,37.0,"{""type"":""Point"",""coordinates"":[109.35706918291656,18.33750004900877]}"
3328,0.0,29.0,707.0,57.03474426269531,601.0,18.675390031180612,109.38090094916339,2247.23046875,49.0,15.111846923828125,6.0,1.0,0.5542241734246369,10.563532829284668,45.0,"{""type"":""Point"",""coordinates"":[109.38307612479164,18.675935630003867]}"
3329,0.0,28.0,751.0,86.3392333984375,697.0,19.084123485454995,109.11589794034813,2546.9794921875,48.0,21.38942527770996,7.0,2.0,0.570961805735,10.148642539978027,40.0,"{""type"":""Point"",""coordinates"":[109.11780250116692,19.084215070734384]}"
3330,0.0,26.0,91.0,31.643444061279297,91.0,18.495726974356707,109.77166809775542,1918.9857177734375,53.0,5.629261016845703,4.0,1.0,0.6184505473808605,12.034784317016602,43.0,"{""type"":""Point"",""coordinates"":[109.77126964252489,18.493724141744124]}"
3331,0.0,26.0,148.0,16.274200439453125,78.0,18.899968852210492,108.98564222415081,2231.401611328125,46.0,1.172387719154358,4.0,2.0,0.6719703080330685,13.57188606262207,41.0,"{""type"":""Point"",""coordinates"":[108.98594317647849,18.89785054765036]}"
3332,0.0,27.0,338.0,104.44293212890625,282.0,19.434466446261602,110.06362056509425,2899.499755859375,49.0,13.498806953430176,4.0,3.0,0.6262995788162075,10.983642578125,37.0,"{""type"":""Point"",""coordinates"":[110.06538114201285,19.435413304033794]}"
3333,0.0,27.0,23.0,18.149932861328125,23.0,18.554117467824476,109.9513311545793,2126.263427734375,45.0,1.6102054119110107,4.0,1.0,0.7150318187818617,13.329485893249512,45.0,"{""type"":""Point"",""coordinates"":[109.95200110918469,18.552516702801572]}"
3334,0.0,29.0,289.0,46.93397903442383,161.0,18.886494122948697,109.85700804974675,2470.024658203125,47.0,5.690423011779785,4.0,2.0,0.613360820873423,11.896976470947266,46.0,"{""type"":""Point"",""coordinates"":[109.85649091499234,18.888247554616235]}"
3335,0.0,24.0,122.0,17.581247329711914,67.0,19.38056752921443,109.91989011963511,2757.36669921875,49.0,0.6080313920974731,4.0,3.0,0.7229868055696855,14.244638442993164,38.0,"{""type"":""Point"",""coordinates"":[109.92050114240722,19.3821392134945]}"
3336,0.0,29.0,484.0,70.90335083007812,383.0,19.250311813017106,109.26861153864849,2483.17041015625,48.0,12.932044982910156,4.0,2.0,0.6144837351700377,10.919114112854004,38.0,"{""type"":""Point"",""coordinates"":[109.26864915436931,19.249084749816948]}"
3337,0.0,27.0,366.0,52.027923583984375,250.0,19.205396048811124,109.26861153864849,2447.4287109375,51.0,7.3005499839782715,5.0,2.0,0.6384016152256663,11.591607093811035,38.0,"{""type"":""Point"",""coordinates"":[109.26850491891672,19.207215881933276]}"
3338,0.0,25.0,142.0,15.008427619934082,96.0,19.528789551094157,109.58751346451089,2474.3330078125,52.0,0.7144662141799927,2.0,3.0,0.693933584341017,14.070969581604004,35.0,"{""type"":""Point"",""coordinates"":[109.58813239446998,19.52767650201683]}"
3339,0.0,27.0,1175.0,50.418922424316406,1042.0,19.093106638296184,109.21022104518073,2493.557373046875,47.0,16.274930953979492,8.0,2.0,0.5628427153650313,9.89161491394043,40.0,"{""type"":""Point"",""coordinates"":[109.2096291227634,19.091416241125195]}"
3340,0.0,29.0,749.0,43.43560791015625,526.0,18.805645747377937,109.55607242956671,2245.12109375,48.0,9.65022087097168,5.0,1.0,0.5583792688409647,10.985062599182129,47.0,"{""type"":""Point"",""coordinates"":[109.55769664798002,18.807624523380408]}"
3341,0.0,23.0,18.0,11.27857494354248,9.0,19.677011572973875,110.28370780970351,2648.124267578125,48.0,0.12989021837711334,2.0,3.0,0.8349507112630435,15.580288887023926,29.0,"{""type"":""Point"",""coordinates"":[110.28394508886818,19.675277561846585]}"
3342,0.0,29.0,249.0,44.184776306152344,245.0,18.832595205901526,108.8194538965887,1864.8104248046875,43.0,10.86950397491455,5.0,2.0,0.5759237673889486,11.26797103881836,44.0,"{""type"":""Point"",""coordinates"":[108.81824579451425,18.833263544017953]}"
3344,0.0,32.0,382.0,35.17230224609375,371.0,18.608016384871647,108.97665907130965,2042.376220703125,37.0,6.231771469116211,5.0,1.0,0.5699064885396258,11.739763259887695,49.0,"{""type"":""Point"",""coordinates"":[108.97596271504744,18.606578476535383]}"
3345,0.0,26.0,26.0,7.692249774932861,26.0,18.841578358742723,108.72962236817676,1710.1644287109375,46.0,0.6314336061477661,3.0,2.0,0.6987169775451856,14.2640962600708,43.0,"{""type"":""Point"",""coordinates"":[108.72982367600942,18.843274283668677]}"
3346,0.0,24.0,111.0,14.300187110900879,84.0,19.57370531530013,110.01870480088826,2724.590576171875,49.0,0.34965917468070984,4.0,3.0,0.7239217876196036,14.804656982421875,34.0,"{""type"":""Point"",""coordinates"":[110.01901813536077,19.57458452827769]}"
3347,0.0,29.0,514.0,69.23867797851562,476.0,19.039207721249014,110.06362056509425,2766.862060546875,45.0,8.868278503417969,4.0,2.0,0.5946919508329125,11.281553268432617,46.0,"{""type"":""Point"",""coordinates"":[110.06194057098496,19.040726067485643]}"
3348,0.0,27.0,80.0,25.371179580688477,83.0,18.338521799635792,109.56056400598732,1819.457763671875,46.0,4.345151901245117,4.0,0.0,0.635328113844668,12.301607131958008,41.0,"{""type"":""Point"",""coordinates"":[109.56251411152321,18.34038889263073]}"
3349,0.0,25.0,32.0,9.015549659729004,35.0,18.85056151158392,110.36006460885369,2301.30419921875,49.0,0.1720791757106781,2.0,2.0,0.7071583306727952,15.560688972473145,47.0,"{""type"":""Point"",""coordinates"":[110.36000195344918,18.850889446178847]}"
3350,0.0,24.0,255.0,48.04279708862305,254.0,18.63496584339523,110.05014583583244,2322.55029296875,49.0,6.409499645233154,3.0,1.0,0.6080380417346084,11.800065994262695,45.0,"{""type"":""Point"",""coordinates"":[110.04842056457747,18.636202091868107]}"
3351,0.0,28.0,159.0,35.03985595703125,85.0,19.389550682055628,109.82556701480257,2706.6318359375,44.0,2.473719835281372,3.0,3.0,0.6959202304989296,12.817841529846191,37.0,"{""type"":""Point"",""coordinates"":[109.82615541715008,19.38793589929014]}"
3352,0.0,25.0,198.0,24.666305541992188,69.0,18.79666259453675,109.21022104518073,2127.4619140625,51.0,2.8685379028320312,3.0,1.0,0.6523408384797426,12.644761085510254,44.0,"{""type"":""Point"",""coordinates"":[109.20837332495923,18.79482857218392]}"
3353,0.0,22.0,15.0,8.528364181518555,15.0,19.71294418433866,109.42132513694878,2253.834716796875,52.0,0.13468605279922485,2.0,3.0,0.7988114283076159,15.815533638000488,31.0,"{""type"":""Point"",""coordinates"":[109.42312209182069,19.71380425037839]}"
3354,0.0,20.0,4.0,10.383475303649902,7.0,18.91344358147228,110.4813371722098,2196.598876953125,49.0,0.36829036474227905,2.0,2.0,0.750523871767623,14.796850204467773,43.0,"{""type"":""Point"",""coordinates"":[110.47971770690565,18.91457754708508]}"
3355,0.0,27.0,122.0,26.338783264160156,66.0,19.41200856415862,110.09955317645904,2899.499755859375,43.0,1.1917413473129272,4.0,3.0,0.7207105384422284,13.571587562561035,38.0,"{""type"":""Point"",""coordinates"":[110.09987504294517,19.413763394291426]}"
3356,0.0,23.0,14.0,7.420408248901367,12.0,18.729288948227783,108.70267290965319,1756.891357421875,49.0,0.4845257103443146,2.0,1.0,0.7175800503065157,14.535862922668457,43.0,"{""type"":""Point"",""coordinates"":[108.70274644141635,18.728600823428206]}"
3357,0.0,31.0,684.0,75.44782257080078,514.0,18.98980038062244,109.3898841020046,2479.211181640625,37.0,16.20178985595703,8.0,2.0,0.5779955239793578,10.512070655822754,42.0,"{""type"":""Point"",""coordinates"":[109.39006689851448,18.991366310829196]}"
3358,0.0,27.0,296.0,46.66938781738281,270.0,18.76522155959256,110.07260371793546,2443.43408203125,49.0,5.736109256744385,4.0,1.0,0.6067888867462456,11.884130477905273,47.0,"{""type"":""Point"",""coordinates"":[110.07110854757727,18.764062311129692]}"
3359,0.0,25.0,59.0,16.720386505126953,41.0,19.659045267291482,110.05463741225304,2629.002197265625,49.0,0.6695185303688049,4.0,3.0,0.7824707324283038,14.186220169067383,32.0,"{""type"":""Point"",""coordinates"":[110.05315698635107,19.65738691058801]}"
3360,0.0,29.0,157.0,32.719573974609375,134.0,18.527168009300887,109.5964966173521,2197.78662109375,44.0,4.0357818603515625,5.0,1.0,0.6126891846870738,12.328585624694824,46.0,"{""type"":""Point"",""coordinates"":[109.59849027818127,18.529230888726882]}"
3361,0.0,24.0,32.0,12.013562202453613,23.0,19.614129503085508,110.3690477616949,2579.687255859375,51.0,0.2931901216506958,3.0,3.0,0.786340172827085,14.75551986694336,36.0,"{""type"":""Point"",""coordinates"":[110.37055513419608,19.614068122675473]}"
3362,0.0,25.0,68.0,12.262431144714355,71.0,18.65742372549822,108.79250443806512,1797.787353515625,51.0,1.4183125495910645,2.0,1.0,0.6433895109265161,13.43006706237793,44.0,"{""type"":""Point"",""coordinates"":[108.7918097394212,18.65548264601131]}"
3363,0.0,28.0,246.0,41.56633377075195,228.0,19.205396048811124,110.166926822768,2886.337158203125,44.0,2.8064918518066406,4.0,2.0,0.6545741686802877,12.635289192199707,41.0,"{""type"":""Point"",""coordinates"":[110.16522758042018,19.203776804166683]}"
3364,0.0,26.0,138.0,53.9448356628418,103.0,18.944884616416466,110.14896051708558,2530.906005859375,48.0,5.833299160003662,5.0,2.0,0.6252699167907614,11.970236778259277,46.0,"{""type"":""Point"",""coordinates"":[110.14738452115614,18.942753291070343]}"
3365,0.0,24.0,44.0,6.889401912689209,47.0,18.616999537712843,108.77902970880336,1617.42724609375,49.0,0.6079595685005188,2.0,1.0,0.6591547532156923,14.291500091552734,45.0,"{""type"":""Point"",""coordinates"":[108.7768437881285,18.615686482892713]}"
3366,0.0,32.0,111.0,63.529300689697266,103.0,19.317685459326064,110.3241319974889,2877.0341796875,39.0,5.320509433746338,5.0,3.0,0.6703379096847597,12.079423904418945,37.0,"{""type"":""Point"",""coordinates"":[110.32588133719055,19.318452406839036]}"
3367,0.0,24.0,37.0,12.52623462677002,38.0,18.96285092209886,110.3645561852743,2587.745849609375,51.0,0.3086314797401428,4.0,2.0,0.7437843367873942,14.973578453063965,42.0,"{""type"":""Point"",""coordinates"":[110.36559060712825,18.964518707300684]}"
3368,0.0,28.0,411.0,75.47332763671875,389.0,18.976325651360646,110.23879204549758,2783.8994140625,44.0,9.043302536010742,4.0,2.0,0.6036767848366038,11.341606140136719,45.0,"{""type"":""Point"",""coordinates"":[110.23812364138544,18.9760945876676]}"
3369,0.0,29.0,1.0,8.968826293945312,2.0,19.91057354684495,110.61159288840719,2308.205322265625,41.0,0.22943836450576782,5.0,4.0,0.7615888906167007,14.347957611083984,44.0,"{""type"":""Point"",""coordinates"":[110.60989215693306,19.91254387701329]}"
3370,0.0,26.0,277.0,63.4904670715332,257.0,19.164971861025748,109.04852429403917,2212.23046875,54.0,13.0685453414917,4.0,2.0,0.5985137635945811,11.05946159362793,41.0,"{""type"":""Point"",""coordinates"":[109.04963150949897,19.16435223833894]}"
3372,0.0,24.0,207.0,26.95560073852539,99.0,19.27276969512009,109.36293464348103,2565.066650390625,53.0,1.9465405941009521,4.0,2.0,0.6657509118280368,13.027153015136719,40.0,"{""type"":""Point"",""coordinates"":[109.36186596379547,19.27097309386061]}"
3373,0.0,31.0,187.0,40.76216506958008,181.0,18.423861751627143,109.54259770030495,2014.8121337890625,41.0,7.462297439575195,5.0,1.0,0.6026281754328595,11.690913200378418,43.0,"{""type"":""Point"",""coordinates"":[109.54258995779297,18.423441793018778]}"
3374,0.0,24.0,72.0,21.170555114746094,48.0,19.6365873851885,109.94234800173814,2650.769287109375,54.0,1.1168873310089111,4.0,3.0,0.771796944768241,13.666688919067383,32.0,"{""type"":""Point"",""coordinates"":[109.94122311908825,19.635427193263688]}"
3375,0.0,26.0,280.0,52.442535400390625,271.0,19.26827811869949,110.27023308044176,2901.84375,51.0,4.212949752807617,4.0,2.0,0.6643635118268612,12.205222129821777,37.0,"{""type"":""Point"",""coordinates"":[110.27202815849847,19.26663462659835]}"
3376,0.0,29.0,129.0,21.297325134277344,119.0,19.506331668991166,110.54871081851877,2669.798583984375,46.0,1.3093702793121338,4.0,3.0,0.6788860997794551,13.181943893432617,39.0,"{""type"":""Point"",""coordinates"":[110.54723221211549,19.508328114828455]}"
3377,0.0,25.0,28.0,14.414917945861816,16.0,19.0706487561932,110.25675835117994,2778.37158203125,47.0,0.31142503023147583,3.0,2.0,0.7594845242298549,14.96980094909668,44.0,"{""type"":""Point"",""coordinates"":[110.25736633928234,19.0712894165914]}"
3378,0.0,29.0,186.0,41.760528564453125,189.0,18.3160639175328,109.65039553439925,1943.82275390625,49.0,9.02892017364502,6.0,0.0,0.5949585195073861,11.498332977294922,43.0,"{""type"":""Point"",""coordinates"":[109.65098492289654,18.31745939921792]}"
3379,0.0,24.0,43.0,11.952139854431152,40.0,18.585558502768656,109.96480588384111,2126.263427734375,48.0,0.7040705680847168,5.0,1.0,0.6948193157958822,14.145301818847656,46.0,"{""type"":""Point"",""coordinates"":[109.96589577507218,18.587232515316643]}"
3380,0.0,22.0,168.0,34.568458557128906,154.0,19.49285693972937,109.29556099717206,2264.14794921875,56.0,4.031056880950928,4.0,3.0,0.6638555099260708,12.322839736938477,35.0,"{""type"":""Point"",""coordinates"":[109.29521434279849,19.4932554171851]}"
3381,0.0,30.0,595.0,53.7875862121582,541.0,19.025732991987226,109.12937266960995,2482.21875,43.0,8.539405822753906,8.0,2.0,0.6207411889097408,11.252263069152832,39.0,"{""type"":""Point"",""coordinates"":[109.12731454691539,19.027618509868404]}"
3382,0.0,24.0,156.0,35.61444854736328,81.0,19.32666861216726,110.03667110657068,2838.8310546875,51.0,2.1996819972991943,4.0,3.0,0.692950660944271,12.937263488769531,39.0,"{""type"":""Point"",""coordinates"":[110.03483149266206,19.3271305677722]}"
3383,0.0,27.0,347.0,30.79001808166504,344.0,18.500218550777305,109.17428843381595,2042.5535888671875,52.0,5.225357532501221,4.0,1.0,0.59257378303804,11.942303657531738,45.0,"{""type"":""Point"",""coordinates"":[109.17240350788718,18.50184328794149]}"
3384,0.0,35.0,612.0,48.01484680175781,545.0,18.57208377350686,109.47073247757538,2214.372314453125,37.0,10.439359664916992,8.0,1.0,0.5686385451755067,11.032859802246094,46.0,"{""type"":""Point"",""coordinates"":[109.46864728306652,18.573570432179643]}"
3385,0.0,27.0,166.0,19.843563079833984,63.0,19.27276969512009,109.72675233354943,2696.286376953125,53.0,1.0203652381896973,5.0,2.0,0.7239350963228195,13.699516296386719,38.0,"{""type"":""Point"",""coordinates"":[109.72837610471136,19.272006916797938]}"
3386,0.0,28.0,95.0,23.043920516967773,86.0,19.003275109884235,110.34658987959187,2664.699462890625,42.0,1.22917640209198,4.0,2.0,0.6874614091418171,13.55707836151123,41.0,"{""type"":""Point"",""coordinates"":[110.3451986285809,19.002467319365856]}"
3387,0.0,33.0,153.0,55.435516357421875,118.0,19.52429797467356,110.04565425941183,2679.600341796875,39.0,5.432849407196045,4.0,3.0,0.672970257647891,12.032478332519531,36.0,"{""type"":""Point"",""coordinates"":[110.04729513280012,19.52329497224148]}"
3388,0.0,25.0,213.0,52.740108489990234,59.0,19.12903924966097,109.78514282701718,2708.51123046875,46.0,4.667930603027344,4.0,2.0,0.6950875551982415,12.146768569946289,41.0,"{""type"":""Point"",""coordinates"":[109.78327165228147,19.130576242548127]}"
3389,0.0,28.0,273.0,32.875301361083984,120.0,18.819120476639732,109.37191779632224,2177.01611328125,49.0,4.570267677307129,4.0,1.0,0.6110403943244281,12.1282377243042,44.0,"{""type"":""Point"",""coordinates"":[109.37159342863515,18.82099167002131]}"
3390,0.0,23.0,14.0,9.578022956848145,14.0,18.549625891403878,109.99175534236468,1981.320068359375,47.0,0.5302162170410156,3.0,1.0,0.7204710230882986,14.445744514465332,45.0,"{""type"":""Point"",""coordinates"":[109.99043143414828,18.54787312304425]}"
3391,0.0,27.0,168.0,16.565704345703125,39.0,18.76971313601316,109.17878001023655,2066.447021484375,46.0,1.585591435432434,3.0,1.0,0.6976164773346345,13.257308006286621,42.0,"{""type"":""Point"",""coordinates"":[109.17718579307973,18.77174632667916]}"
3392,0.0,29.0,45.0,12.423318862915039,45.0,19.928539852527344,109.74471863923185,2031.4268798828125,42.0,1.0371159315109253,5.0,4.0,0.7401369324388796,13.56418514251709,33.0,"{""type"":""Point"",""coordinates"":[109.74529070992995,19.929390454334275]}"
3393,0.0,29.0,55.0,13.913802146911621,55.0,19.874640935480173,110.33311515033012,2534.673828125,43.0,0.5659683346748352,9.0,4.0,0.7499349062951475,14.075392723083496,36.0,"{""type"":""Point"",""coordinates"":[110.33175862228349,19.875567898863714]}"
3394,0.0,24.0,105.0,14.019765853881836,78.0,19.38505910563503,109.21920419802188,2389.856201171875,47.0,0.6307343244552612,5.0,3.0,0.7180960236199566,14.218353271484375,34.0,"{""type"":""Point"",""coordinates"":[109.21968481697279,19.385380809727526]}"
3395,0.0,22.0,178.0,38.60138702392578,123.0,19.403025411317422,109.98726376594408,2755.9931640625,50.0,2.6232056617736816,4.0,3.0,0.6732164675080073,12.747091293334961,38.0,"{""type"":""Point"",""coordinates"":[109.98794691225692,19.402790793712207]}"
3396,0.0,27.0,287.0,32.645538330078125,186.0,19.18293816670814,109.89294066111154,2692.3076171875,47.0,2.3802342414855957,5.0,2.0,0.6647078207035513,12.772647857666016,39.0,"{""type"":""Point"",""coordinates"":[109.8938522526997,19.18438986929163]}"
3397,0.0,23.0,86.0,19.29083251953125,52.0,19.178446590287543,110.07709529435607,2791.02294921875,50.0,0.7063019871711731,4.0,2.0,0.7279198100609447,14.116654396057129,41.0,"{""type"":""Point"",""coordinates"":[110.07533752616065,19.180656769516713]}"
3398,0.0,24.0,74.0,30.845609664916992,47.0,19.57370531530013,109.91989011963511,2702.39892578125,48.0,1.897204041481018,4.0,3.0,0.7598189901522332,13.135422706604004,34.0,"{""type"":""Point"",""coordinates"":[109.91860045449023,19.574917857497148]}"
3399,0.0,28.0,65.0,20.652204513549805,40.0,19.515314821832362,110.40048879663908,2730.252685546875,46.0,0.9667932391166687,6.0,3.0,0.7564185393741645,13.776519775390625,38.0,"{""type"":""Point"",""coordinates"":[110.39881415994056,19.513353595613292]}"
3400,0.0,25.0,137.0,14.889246940612793,98.0,19.232345507334713,110.09506160003843,2888.4677734375,51.0,0.30374887585639954,4.0,2.0,0.684521528208825,14.929447174072266,39.0,"{""type"":""Point"",""coordinates"":[110.09489206609236,19.230418256342745]}"
3401,0.0,29.0,101.0,8.394938468933105,101.0,19.54226428035595,109.12937266960995,2039.7498779296875,45.0,0.3650490343570709,2.0,3.0,0.6586374162322036,14.767658233642578,37.0,"{""type"":""Point"",""coordinates"":[109.13089457958448,19.543668605571778]}"
3402,0.0,30.0,47.0,38.76490020751953,44.0,19.308702306484875,110.41845510232145,2771.390625,44.0,2.7329647541046143,5.0,3.0,0.748402948126453,12.76644229888916,37.0,"{""type"":""Point"",""coordinates"":[110.4174158631648,19.309334102723366]}"
3403,0.0,29.0,643.0,84.52394104003906,483.0,19.151497131763954,109.67734499292288,2764.2353515625,42.0,13.673358917236328,5.0,2.0,0.5988752740720451,10.727336883544922,40.0,"{""type"":""Point"",""coordinates"":[109.67762524094314,19.15180298091939]}"
3404,0.0,24.0,102.0,20.496997833251953,102.0,19.38056752921443,108.87784439005651,1887.7611083984375,55.0,2.9554848670959473,4.0,3.0,0.6238118875027128,12.674792289733887,41.0,"{""type"":""Point"",""coordinates"":[108.87820615218371,19.379556862255114]}"
3405,0.0,31.0,29.0,17.503116607666016,30.0,19.560230586038337,110.6834581111367,2453.7880859375,46.0,1.3096429109573364,8.0,3.0,0.7798389564516204,13.100179672241211,34.0,"{""type"":""Point"",""coordinates"":[110.68214742110965,19.56033369732819]}"
3406,0.0,25.0,26.0,8.562677383422852,23.0,19.793792559909413,110.74184860460451,2278.43798828125,52.0,0.22943836450576782,4.0,4.0,0.7475577037126551,14.310611724853516,41.0,"{""type"":""Point"",""coordinates"":[110.74106962016062,19.794120009880874]}"
3407,0.0,25.0,238.0,42.13861083984375,161.0,19.308702306484875,109.83904174406439,2686.44921875,52.0,3.586941957473755,4.0,3.0,0.6707915633160411,12.394715309143066,37.0,"{""type"":""Point"",""coordinates"":[109.83949822148509,19.308270611973207]}"
3408,0.0,27.0,85.0,18.735963821411133,88.0,18.325047070373998,109.5964966173521,1819.457763671875,45.0,2.6959800720214844,4.0,0.0,0.6261215495761021,12.777092933654785,43.0,"{""type"":""Point"",""coordinates"":[109.59547924074697,18.32301999565043]}"
3409,0.0,23.0,34.0,10.762171745300293,34.0,19.874640935480173,110.74184860460451,2238.98388671875,50.0,0.6426156759262085,3.0,4.0,0.7034898462654819,13.268411636352539,47.0,"{""type"":""Point"",""coordinates"":[110.74028043937066,19.876371452247533]}"
3410,0.0,27.0,139.0,34.46454620361328,117.0,19.200904472390526,109.08445690540395,2275.42138671875,46.0,3.8796894550323486,4.0,2.0,0.6489605885979205,12.379378318786621,39.0,"{""type"":""Point"",""coordinates"":[109.08628624861952,19.201599435008262]}"
3411,0.0,29.0,438.0,43.25144958496094,438.0,18.45979436299192,109.12937266960995,1871.6771240234375,48.0,12.581768035888672,5.0,1.0,0.556216121649325,10.983137130737305,45.0,"{""type"":""Point"",""coordinates"":[109.12827522517736,18.458964638449867]}"
3412,0.0,26.0,50.0,8.211069107055664,50.0,19.694977878656267,109.34945991421921,2093.907958984375,48.0,0.2597855031490326,3.0,3.0,0.7350590473378995,15.138263702392578,34.0,"{""type"":""Point"",""coordinates"":[109.35004827087214,19.696210552664482]}"
3413,0.0,24.0,91.0,49.97828674316406,91.0,18.5092017036185,109.7492102156524,2198.287353515625,56.0,7.884061813354492,3.0,1.0,0.6119754963432739,11.694804191589355,46.0,"{""type"":""Point"",""coordinates"":[109.75135084506688,18.507870078716074]}"
3414,0.0,27.0,83.0,36.445655822753906,68.0,19.04819087409021,110.25675835117994,2707.468017578125,42.0,2.476846694946289,3.0,2.0,0.6880692448587159,12.86318302154541,44.0,"{""type"":""Point"",""coordinates"":[110.25792850904793,19.04988497115106]}"
3415,0.0,28.0,13.0,9.075763702392578,13.0,19.986930345995113,110.35108145601248,2467.777587890625,44.0,0.0837588757276535,3.0,4.0,0.7751083031177948,15.398702621459961,40.0,"{""type"":""Point"",""coordinates"":[110.34983341014417,19.986555020225477]}"
3416,0.0,23.0,147.0,16.085695266723633,101.0,19.49734851614997,109.5470892767255,2528.1875,54.0,0.7481147646903992,4.0,3.0,0.693663848584229,14.021833419799805,35.0,"{""type"":""Point"",""coordinates"":[109.54823331729769,19.497120616111854]}"
3417,0.0,30.0,587.0,35.59247970581055,499.0,18.68437318402181,109.49768193609896,2197.08154296875,47.0,6.324267864227295,5.0,1.0,0.5798134545778991,11.562821388244629,46.0,"{""type"":""Point"",""coordinates"":[109.49680842946005,18.6828873992443]}"
3418,0.0,29.0,698.0,54.430091857910156,670.0,18.805645747377937,108.88682754289766,2190.21240234375,46.0,14.370427131652832,8.0,1.0,0.564039944686217,10.62470531463623,43.0,"{""type"":""Point"",""coordinates"":[108.88879018018709,18.80749442749608]}"
3419,0.0,26.0,28.0,13.114585876464844,25.0,18.57657534992746,109.9513311545793,2126.263427734375,47.0,0.8889679908752441,3.0,1.0,0.7146600129912768,13.920827865600586,45.0,"{""type"":""Point"",""coordinates"":[109.94983099595315,18.57779571490033]}"
3420,0.0,25.0,142.0,27.437652587890625,65.0,19.358109647111448,109.82107543838197,2706.6318359375,51.0,1.6684551239013672,4.0,3.0,0.719165817384212,13.222620964050293,38.0,"{""type"":""Point"",""coordinates"":[109.81942007509907,19.358509817903816]}"
3421,0.0,26.0,4.0,5.965047836303711,6.0,19.614129503085508,110.9394779671108,1947.63037109375,44.0,0.057359881699085236,5.0,3.0,0.7402383812717858,15.729843139648438,43.0,"{""type"":""Point"",""coordinates"":[110.93987267603097,19.61261179652751]}"
3423,0.0,23.0,32.0,10.27995777130127,32.0,19.60963792666491,109.12038951676874,1890.5634765625,50.0,0.7970728278160095,2.0,3.0,0.7322020216469558,14.027636528015137,36.0,"{""type"":""Point"",""coordinates"":[109.12191443714505,19.61031219180461]}"
3424,0.0,25.0,9.0,13.734542846679688,9.0,18.639457419815827,110.21184258697394,2142.854248046875,46.0,0.9146278500556946,3.0,1.0,0.7344336279344456,13.903327941894531,45.0,"{""type"":""Point"",""coordinates"":[110.21104547869987,18.64154993698063]}"
3425,0.0,27.0,403.0,64.82273864746094,381.0,18.814628900219134,110.12650263498261,2440.728515625,48.0,10.516946792602539,4.0,1.0,0.579733882711158,11.193622589111328,48.0,"{""type"":""Point"",""coordinates"":[110.1276156380603,18.812713306095077]}"
3426,0.0,23.0,37.0,5.825690746307373,40.0,18.639457419815827,108.78352128522391,1617.42724609375,51.0,0.3753422498703003,3.0,1.0,0.6733605590077607,14.777883529663086,44.0,"{""type"":""Point"",""coordinates"":[108.7831848385116,18.639596299876658]}"
3427,0.0,28.0,33.0,18.27654457092285,14.0,19.699469455076866,110.01870480088826,2619.198974609375,40.0,0.7972396016120911,4.0,3.0,0.8089700527938347,14.026845932006836,33.0,"{""type"":""Point"",""coordinates"":[110.01955905800364,19.698152252148713]}"
3428,0.0,25.0,73.0,25.553298950195312,35.0,19.537772703935353,110.0007384952059,2679.600341796875,49.0,1.4579927921295166,2.0,3.0,0.7651042229231342,13.399489402770996,36.0,"{""type"":""Point"",""coordinates"":[110.00254808958148,19.538477320040982]}"
3429,0.0,26.0,2.0,7.473122596740723,3.0,20.000405075256907,110.63405077051016,2204.564208984375,41.0,0.057359881699085236,3.0,4.0,0.7488497867942708,15.333905220031738,45.0,"{""type"":""Point"",""coordinates"":[110.63566753422805,19.99950595774301]}"
3430,0.0,22.0,126.0,25.438432693481445,115.0,19.34912649427025,109.11140636392759,2342.458740234375,57.0,2.249793767929077,3.0,3.0,0.6636350932261821,12.933337211608887,38.0,"{""type"":""Point"",""coordinates"":[109.11248701465273,19.350452208763674]}"
3431,0.0,29.0,384.0,48.39645767211914,201.0,19.061665603352004,109.71327760428761,2543.0322265625,46.0,5.755878925323486,4.0,2.0,0.6381833255985809,11.818323135375977,40.0,"{""type"":""Point"",""coordinates"":[109.71500103839035,19.06047384170945]}"
3432,0.0,26.0,145.0,38.841339111328125,67.0,19.308702306484875,110.02319637730886,2838.8310546875,51.0,2.6209089756011963,4.0,3.0,0.7074280748423549,12.768717765808105,39.0,"{""type"":""Point"",""coordinates"":[110.02267790391679,19.310876937147405]}"
3433,0.0,29.0,446.0,47.6617317199707,449.0,18.289114459009213,109.63692080513749,1853.642333984375,48.0,15.343579292297363,7.0,0.0,0.570513391173906,10.770525932312012,40.0,"{""type"":""Point"",""coordinates"":[109.63662572983161,18.287633346905864]}"
3434,0.0,34.0,161.0,24.42963218688965,140.0,19.34912649427025,110.26574150402115,2915.853271484375,38.0,1.1179393529891968,5.0,3.0,0.6907614662327153,13.611315727233887,36.0,"{""type"":""Point"",""coordinates"":[110.265791502682,19.350102326126404]}"
3435,0.0,23.0,237.0,10.259466171264648,196.0,18.62149111413344,109.33149360853685,2089.84423828125,56.0,0.6052640080451965,3.0,1.0,0.621956769974472,14.17603588104248,44.0,"{""type"":""Point"",""coordinates"":[109.33198383098392,18.622046501402234]}"
3436,0.0,31.0,18.0,8.339174270629883,18.0,19.726418913600448,110.75981491028688,2330.78369140625,41.0,0.1298990398645401,5.0,3.0,0.7623189335898104,14.891594886779785,40.0,"{""type"":""Point"",""coordinates"":[110.75867434484967,19.72655724667727]}"
3437,0.0,27.0,375.0,33.235877990722656,177.0,19.025732991987226,109.71327760428761,2481.734375,49.0,3.300621509552002,4.0,2.0,0.6443864374392023,12.383256912231445,40.0,"{""type"":""Point"",""coordinates"":[109.71524342004273,19.026638518009932]}"
3439,0.0,20.0,12.0,7.25418758392334,15.0,18.63047426697463,108.7116560624944,1728.5509033203125,54.0,0.5003406405448914,2.0,1.0,0.7126186535070184,14.414742469787598,43.0,"{""type"":""Point"",""coordinates"":[108.7130761635388,18.632177543419814]}"
3440,0.0,34.0,90.0,17.11924171447754,89.0,19.582688468141328,109.35844306706042,2432.017333984375,43.0,1.0964851379394531,3.0,3.0,0.6971931219713917,13.674357414245605,36.0,"{""type"":""Point"",""coordinates"":[109.35770000999726,19.583922309320222]}"
3441,0.0,20.0,120.0,11.526839256286621,113.0,18.57657534992746,109.01708325909499,1913.0013427734375,58.0,1.0181708335876465,3.0,1.0,0.5947393760551907,13.730260848999023,49.0,"{""type"":""Point"",""coordinates"":[109.01788575897034,18.5769317116964]}"
3442,0.0,28.0,345.0,35.943511962890625,348.0,18.39691229310356,109.63242922871689,1955.3919677734375,46.0,7.259122371673584,6.0,1.0,0.5959648380731739,11.612397193908691,42.0,"{""type"":""Point"",""coordinates"":[109.63057780400348,18.39596859431828]}"
3443,0.0,25.0,142.0,17.768468856811523,39.0,19.344634917849653,109.70429445144646,2654.894287109375,48.0,0.7456365823745728,4.0,3.0,0.7569264228886147,14.0282621383667,37.0,"{""type"":""Point"",""coordinates"":[109.7034059113306,19.345429024510896]}"
3444,0.0,32.0,576.0,71.35436248779297,422.0,19.12903924966097,109.28208626791024,2379.187255859375,39.0,15.508094787597656,8.0,2.0,0.5899992439286409,10.6544771194458,40.0,"{""type"":""Point"",""coordinates"":[109.28426543669642,19.129273647515046]}"
3445,0.0,34.0,82.0,15.314010620117188,81.0,19.784809407068217,109.85251647332615,2546.14453125,41.0,0.7101191282272339,4.0,4.0,0.7201610770686284,14.113662719726562,35.0,"{""type"":""Point"",""coordinates"":[109.85208674203808,19.785830148709113]}"
3446,0.0,25.0,69.0,8.905183792114258,70.0,19.344634917849653,108.75657182670034,1611.6053466796875,54.0,1.1777825355529785,4.0,3.0,0.6491009527918769,13.615370750427246,41.0,"{""type"":""Point"",""coordinates"":[108.75839893237506,19.344621465932704]}"
3447,0.0,31.0,18.0,9.463910102844238,18.0,19.924048276106745,109.86599120258796,2270.337890625,39.0,0.28679710626602173,4.0,4.0,0.7749874046138165,14.788196563720703,36.0,"{""type"":""Point"",""coordinates"":[109.86674121812418,19.925943984534328]}"
3448,0.0,26.0,19.0,12.822535514831543,20.0,19.8252335948536,109.53361454746374,1986.0738525390625,47.0,1.0764216184616089,5.0,4.0,0.757645423106322,13.734661102294922,35.0,"{""type"":""Point"",""coordinates"":[109.53236003419367,19.825947431705107]}"
3449,0.0,24.0,42.0,12.34672737121582,42.0,18.729288948227783,110.25675835117994,2132.169189453125,52.0,0.7894096374511719,4.0,1.0,0.6875397897284794,14.03146743774414,47.0,"{""type"":""Point"",""coordinates"":[110.25657827632958,18.729540964144558]}"
3450,0.0,32.0,426.0,82.43403625488281,248.0,19.133530826081568,109.48420720683714,2649.153076171875,37.0,12.37301254272461,4.0,2.0,0.6240936397110333,11.009500503540039,38.0,"{""type"":""Point"",""coordinates"":[109.48494650467491,19.131683834651117]}"
3451,0.0,21.0,139.0,17.320833206176758,65.0,19.376075952793833,110.02768795372947,2876.065185546875,53.0,0.4628799855709076,4.0,3.0,0.7334648024314387,14.506928443908691,36.0,"{""type"":""Point"",""coordinates"":[110.02558337359041,19.376810200374273]}"
3452,0.0,24.0,179.0,23.701927185058594,94.0,19.254803389437704,109.85700804974675,2662.313232421875,55.0,1.4178305864334106,4.0,2.0,0.6861086322854429,13.36221981048584,38.0,"{""type"":""Point"",""coordinates"":[109.85756648563935,19.254572468425636]}"
3453,0.0,27.0,38.0,18.389509201049805,21.0,19.582688468141328,110.17590997560922,2701.238037109375,44.0,0.7327845692634583,5.0,3.0,0.7973139744440435,14.108245849609375,34.0,"{""type"":""Point"",""coordinates"":[110.17654032079534,19.584537683809447]}"
3454,0.0,33.0,646.0,70.40582275390625,454.0,19.0706487561932,109.48420720683714,2502.775146484375,38.0,14.018108367919922,6.0,2.0,0.5868265360706175,10.69873046875,42.0,"{""type"":""Point"",""coordinates"":[109.4831315981266,19.069591934401828]}"
3455,0.0,32.0,52.0,23.9173583984375,25.0,19.560230586038337,109.94683957815869,2702.39892578125,39.0,1.2993521690368652,5.0,3.0,0.7893779889537307,13.527158737182617,34.0,"{""type"":""Point"",""coordinates"":[109.94839619306839,19.559796429213034]}"
3456,0.0,26.0,120.0,27.99733543395996,86.0,18.895477275789894,108.89131911931827,2049.3916015625,46.0,3.6514487266540527,4.0,2.0,0.6315150101490574,12.451894760131836,44.0,"{""type"":""Point"",""coordinates"":[108.88938465214912,18.895002508412208]}"
3458,0.0,28.0,31.0,9.416274070739746,34.0,18.95835934567826,110.45887929010684,2328.798583984375,42.0,0.19077613949775696,3.0,2.0,0.7417450001683492,15.438762664794922,40.0,"{""type"":""Point"",""coordinates"":[110.46008196099004,18.95755817584978]}"
3459,0.0,28.0,929.0,72.59491729736328,761.0,19.088615061875586,109.2281873508631,2493.557373046875,42.0,19.997207641601562,8.0,2.0,0.5683535384827998,10.026375770568848,39.0,"{""type"":""Point"",""coordinates"":[109.22987194870724,19.08792250780498]}"
3460,0.0,28.0,554.0,14.348184585571289,542.0,18.648440572657023,108.8733528136359,1900.8468017578125,50.0,2.000711441040039,3.0,1.0,0.5685904231670074,12.745311737060547,48.0,"{""type"":""Point"",""coordinates"":[108.8721955736056,18.648263068853954]}"
3461,0.0,24.0,110.0,15.038994789123535,57.0,19.394042258476226,109.26861153864849,2282.4091796875,50.0,0.9192636609077454,3.0,3.0,0.7320678001486511,13.838579177856445,34.0,"{""type"":""Point"",""coordinates"":[109.2668962327373,19.396109597070822]}"
3462,0.0,25.0,33.0,8.088180541992188,34.0,19.91057354684495,110.75981491028688,2178.518310546875,49.0,0.2934914231300354,4.0,4.0,0.6931272277441214,13.631149291992188,49.0,"{""type"":""Point"",""coordinates"":[110.75876395215415,19.909178078643247]}"
3463,0.0,24.0,31.0,26.777097702026367,33.0,18.706831066124792,110.34658987959187,2116.141357421875,51.0,3.0433168411254883,4.0,1.0,0.6884574834549162,12.687583923339844,47.0,"{""type"":""Point"",""coordinates"":[110.34498635561279,18.70501555021082]}"
3464,0.0,28.0,140.0,13.255051612854004,117.0,19.322177035746662,109.16530528097474,2365.332763671875,44.0,0.6185436844825745,5.0,3.0,0.6679551092877953,14.216391563415527,39.0,"{""type"":""Point"",""coordinates"":[109.16714662717231,19.32132153737131]}"
3465,0.0,26.0,458.0,59.559791564941406,277.0,19.111072943978577,109.69531129860525,2646.282958984375,50.0,7.481051445007324,4.0,2.0,0.6348359687539129,11.4982271194458,39.0,"{""type"":""Point"",""coordinates"":[109.69665200876693,19.10969666398479]}"
3466,0.0,22.0,10.0,22.189483642578125,13.0,18.783187865274954,110.50379505431283,1901.40673828125,50.0,2.9314136505126953,2.0,1.0,0.7029795119494289,12.718117713928223,46.0,"{""type"":""Point"",""coordinates"":[110.50329179530885,18.785186099385452]}"
3467,0.0,27.0,618.0,38.7713737487793,428.0,18.80115417095734,109.52912297104314,2284.2626953125,49.0,6.4035210609436035,5.0,1.0,0.5734904243414595,11.523294448852539,48.0,"{""type"":""Point"",""coordinates"":[109.53113337936449,18.80048074907091]}"
3468,0.0,23.0,19.0,18.791213989257812,10.0,19.169463437446346,110.29718253896533,2862.3017578125,50.0,0.5859235525131226,4.0,2.0,0.7835749806035034,14.342952728271484,40.0,"{""type"":""Point"",""coordinates"":[110.29878265455477,19.16903248487473]}"
3469,0.0,28.0,21.0,12.492268562316895,22.0,19.618621079506106,110.70142441681912,2387.303466796875,49.0,0.6425786018371582,8.0,3.0,0.7878782744421189,13.819462776184082,34.0,"{""type"":""Point"",""coordinates"":[110.70061649925051,19.617070500456663]}"
3470,0.0,25.0,217.0,35.69270706176758,59.0,19.286244424381884,109.50217351251956,2615.325927734375,50.0,2.879824161529541,4.0,3.0,0.720821807627893,12.628525733947754,37.0,"{""type"":""Point"",""coordinates"":[109.50130988375165,19.287655247884924]}"
3471,0.0,23.0,150.0,17.746448516845703,114.0,19.488365363308773,109.48869878325775,2585.2421875,58.0,0.9143860340118408,3.0,3.0,0.695480215971489,13.81923770904541,35.0,"{""type"":""Point"",""coordinates"":[109.4886682525834,19.48802377508516]}"
3472,0.0,30.0,755.0,60.67767333984375,560.0,19.079631909034397,109.60098819377271,2495.953857421875,40.0,11.789680480957031,5.0,2.0,0.5954893229323511,10.774083137512207,40.0,"{""type"":""Point"",""coordinates"":[109.60155457744592,19.077395305202455]}"
3473,0.0,28.0,139.0,19.486841201782227,50.0,19.33116018858786,110.08158687077662,2859.404541015625,45.0,0.7068904638290405,4.0,3.0,0.7401587500975674,14.083492279052734,38.0,"{""type"":""Point"",""coordinates"":[110.07972125923021,19.33184507470884]}"
3474,0.0,28.0,38.0,14.131852149963379,38.0,19.8252335948536,110.5307445128364,2430.559326171875,38.0,0.7102041840553284,6.0,4.0,0.7563750903864755,13.678605079650879,37.0,"{""type"":""Point"",""coordinates"":[110.53255483842683,19.823788739218248]}"
3475,0.0,28.0,20.0,10.241765022277832,22.0,19.68599472581507,110.7777812159693,2313.453369140625,46.0,0.4696688652038574,6.0,3.0,0.7606047049713643,13.667548179626465,39.0,"{""type"":""Point"",""coordinates"":[110.7759423787053,19.686264704922397]}"
3477,0.0,25.0,14.0,5.7337751388549805,14.0,19.142513978922757,108.7116560624944,1649.794921875,52.0,0.34895971417427063,2.0,2.0,0.713900918659709,14.864089012145996,42.0,"{""type"":""Point"",""coordinates"":[108.71036111122031,19.142812681468044]}"
3478,0.0,23.0,57.0,7.8590850830078125,52.0,19.18742974312874,108.83292862585051,1873.4566650390625,56.0,0.47467267513275146,2.0,2.0,0.6864924130658123,14.531356811523438,41.0,"{""type"":""Point"",""coordinates"":[108.83072230876579,19.18553961254217]}"
3479,0.0,28.0,1009.0,35.187217712402344,881.0,18.837086782322125,109.67285341650228,2337.958984375,46.0,7.495394706726074,5.0,2.0,0.559658586707962,10.941492080688477,46.0,"{""type"":""Point"",""coordinates"":[109.67110625977242,18.837159623153823]}"
3480,0.0,31.0,1226.0,44.44272232055664,1034.0,19.066157179772603,109.53810612388435,2569.274169921875,39.0,12.759651184082031,9.0,2.0,0.5751169280777501,10.053099632263184,40.0,"{""type"":""Point"",""coordinates"":[109.53772095931397,19.068182794064825]}"
3481,0.0,28.0,63.0,17.38083839416504,51.0,19.115564520399175,110.24777519833873,2878.176513671875,46.0,0.5126630067825317,4.0,2.0,0.7180199048548175,14.450814247131348,44.0,"{""type"":""Point"",""coordinates"":[110.24732684043096,19.114072964535904]}"
3482,0.0,37.0,721.0,34.12505340576172,552.0,18.980817227781245,109.30454415001327,2292.1103515625,35.0,5.7681427001953125,5.0,2.0,0.5968848422187824,11.533360481262207,42.0,"{""type"":""Point"",""coordinates"":[109.3024115594073,18.98169640272408]}"
3483,0.0,26.0,76.0,13.232477188110352,70.0,19.533281127514755,109.24166208012491,2256.702880859375,50.0,0.7621866464614868,2.0,3.0,0.7004060783925335,14.04648208618164,38.0,"{""type"":""Point"",""coordinates"":[109.24161724193895,19.53317553314194]}"
3484,0.0,29.0,690.0,67.53097534179688,688.0,18.423861751627143,109.47073247757538,2117.93798828125,42.0,21.936986923217773,5.0,1.0,0.5407004367171291,10.179940223693848,42.0,"{""type"":""Point"",""coordinates"":[109.47100662769954,18.424402596793268]}"
3485,0.0,28.0,27.0,17.0610408782959,25.0,19.084123485454995,110.3735393381155,2773.377685546875,47.0,0.5858065485954285,4.0,2.0,0.7667992587399804,14.33852481842041,40.0,"{""type"":""Point"",""coordinates"":[110.37482587178053,19.085819427976784]}"
3486,0.0,27.0,458.0,39.68885040283203,266.0,18.702339489704194,109.41683356052818,2324.2294921875,48.0,5.556317329406738,4.0,1.0,0.5914257388215426,11.79822826385498,47.0,"{""type"":""Point"",""coordinates"":[109.4188903153403,18.701857648522918]}"
3487,0.0,19.0,12.0,7.9849114418029785,12.0,19.735402066441644,109.385392525584,2206.98876953125,54.0,0.08368842303752899,2.0,3.0,0.7952404642893968,16.293106079101562,32.0,"{""type"":""Point"",""coordinates"":[109.38583759884082,19.737105292662022]}"
3488,0.0,23.0,139.0,14.39732837677002,112.0,19.4389580226822,109.24166208012491,2333.505615234375,57.0,0.8428981900215149,3.0,3.0,0.6904295937226732,13.907500267028809,33.0,"{""type"":""Point"",""coordinates"":[109.23977145069635,19.43983800180358]}"
3489,0.0,30.0,146.0,30.490625381469727,50.0,18.890985699369296,109.00810010625383,2055.453125,41.0,4.288067817687988,12.0,2.0,0.6874175473824281,12.274608612060547,41.0,"{""type"":""Point"",""coordinates"":[109.0060764920905,18.890834342053214]}"
3490,0.0,25.0,195.0,43.17989730834961,118.0,19.286244424381884,109.91539854321451,2843.123779296875,53.0,3.157376766204834,3.0,3.0,0.6690899561468922,12.550573348999023,38.0,"{""type"":""Point"",""coordinates"":[109.91518103339249,19.288316084489395]}"
3491,0.0,29.0,995.0,59.75380325317383,941.0,19.04819087409021,109.11589794034813,2482.21875,48.0,17.24241828918457,7.0,2.0,0.5680498974721737,10.101960182189941,40.0,"{""type"":""Point"",""coordinates"":[109.11369712464703,19.04977342425766]}"
3492,0.0,24.0,26.0,10.373437881469727,25.0,18.760729983171963,110.21184258697394,2213.767822265625,51.0,0.41712287068367004,3.0,1.0,0.7086258410877043,14.678730964660645,48.0,"{""type"":""Point"",""coordinates"":[110.21328320041235,18.759951808780748]}"
3493,0.0,27.0,28.0,8.445073127746582,28.0,18.51818485645969,109.97378903668232,1981.320068359375,48.0,0.42730340361595154,3.0,1.0,0.7045571424288793,14.653456687927246,45.0,"{""type"":""Point"",""coordinates"":[109.97402202521464,18.519749653635852]}"
3494,0.0,28.0,37.0,15.09058666229248,35.0,19.793792559909413,110.45887929010684,2518.283447265625,44.0,0.7616696953773499,6.0,4.0,0.7781784341011427,13.635110855102539,34.0,"{""type"":""Point"",""coordinates"":[110.45726900993817,19.795991135697967]}"
3495,0.0,29.0,816.0,49.961246490478516,737.0,18.63047426697463,109.49768193609896,2237.392578125,42.0,12.644889831542969,7.0,1.0,0.5508479353354667,10.638751983642578,46.0,"{""type"":""Point"",""coordinates"":[109.49992482102128,18.62919712486909]}"
3496,0.0,29.0,896.0,29.25429344177246,860.0,18.760729983171963,108.89581069573887,2087.0927734375,46.0,6.814056873321533,10.0,1.0,0.5578527853499564,11.179364204406738,46.0,"{""type"":""Point"",""coordinates"":[108.89405238080279,18.75964745904558]}"
3497,0.0,26.0,88.0,12.931639671325684,91.0,18.57657534992746,108.85538650795348,1896.08056640625,51.0,1.357450008392334,3.0,1.0,0.6222980630657559,13.461997032165527,45.0,"{""type"":""Point"",""coordinates"":[108.85366481749244,18.57507264436248]}"
3498,0.0,28.0,317.0,43.50387191772461,212.0,18.886494122948697,109.93785642531753,2476.207763671875,48.0,5.03208065032959,5.0,2.0,0.6151426349620138,12.001322746276855,46.0,"{""type"":""Point"",""coordinates"":[109.9377596814764,18.88494440000833]}"
3499,0.0,21.0,9.0,9.723272323608398,12.0,18.899968852210492,110.45887929010684,2140.2490234375,51.0,0.3682614266872406,2.0,2.0,0.7413280752771062,14.7940092086792,43.0,"{""type"":""Point"",""coordinates"":[110.45773553756999,18.901458899005885]}"
3500,0.0,29.0,22.0,11.832481384277344,23.0,19.600654773823713,110.70591599323973,2387.303466796875,50.0,0.5863627195358276,6.0,3.0,0.7943982663039377,13.91013240814209,32.0,"{""type"":""Point"",""coordinates"":[110.70566350505351,19.602244578474505]}"
3501,0.0,25.0,25.0,8.574856758117676,25.0,19.820742018433002,110.71939072250149,2236.168701171875,54.0,0.31020620465278625,4.0,4.0,0.7381414158638978,14.010525703430176,42.0,"{""type"":""Point"",""coordinates"":[110.72115248798231,19.820987360084033]}"
3502,0.0,30.0,291.0,18.91867446899414,185.0,18.84606993516332,109.0215748355156,2249.57666015625,44.0,1.6676539182662964,8.0,2.0,0.6365286024544301,13.125988006591797,42.0,"{""type"":""Point"",""coordinates"":[109.02285247604624,18.847269587892917]}"
3503,0.0,29.0,24.0,7.394125461578369,18.0,19.789300983488815,110.75083175744567,2238.98486328125,47.0,0.0837034285068512,2.0,4.0,0.7543838119226393,15.322010040283203,40.0,"{""type"":""Point"",""coordinates"":[110.75127347276117,19.78859458628856]}"
3504,0.0,28.0,180.0,26.143831253051758,158.0,18.864036240845707,110.14896051708558,2355.274169921875,46.0,2.3574447631835938,4.0,2.0,0.6302999078378577,12.852773666381836,45.0,"{""type"":""Point"",""coordinates"":[110.14799666831962,18.862371153811377]}"
3505,0.0,27.0,224.0,39.176151275634766,184.0,18.90446042863109,108.90030227215948,2119.0771484375,44.0,5.941525459289551,5.0,2.0,0.6064433309778601,11.896967887878418,44.0,"{""type"":""Point"",""coordinates"":[108.8993334313879,18.90259873267937]}"
3506,0.0,23.0,85.0,11.394271850585938,85.0,18.37445441100057,109.24166208012491,1863.8387451171875,55.0,1.1164436340332031,4.0,1.0,0.6510593596372024,13.659317970275879,40.0,"{""type"":""Point"",""coordinates"":[109.243436042441,18.372756341625912]}"
3508,0.0,24.0,156.0,14.429966926574707,90.0,19.4434495991028,109.45725774831357,2705.88525390625,57.0,0.4592496454715729,4.0,3.0,0.7141779094594716,14.504207611083984,34.0,"{""type"":""Point"",""coordinates"":[109.45943129773744,19.441619346680426]}"
3509,0.0,29.0,187.0,29.940956115722656,143.0,18.558609044245074,109.57403873524913,2283.900390625,43.0,3.1667659282684326,5.0,1.0,0.6100273026420389,12.552722930908203,48.0,"{""type"":""Point"",""coordinates"":[109.57327912803562,18.55979080210216]}"
3510,0.0,27.0,67.0,27.45528221130371,62.0,18.998783533463637,110.35557303243309,2587.745849609375,42.0,1.7761248350143433,4.0,2.0,0.7127692562196807,13.205578804016113,41.0,"{""type"":""Point"",""coordinates"":[110.35757772157464,18.996735572296764]}"
3511,0.0,25.0,492.0,51.052494049072266,478.0,18.639457419815827,108.94072645994487,1978.0338134765625,50.0,13.879279136657715,5.0,1.0,0.5367329455341052,10.839449882507324,49.0,"{""type"":""Point"",""coordinates"":[108.9399309877904,18.63797288392986]}"
3512,0.0,25.0,45.0,27.479528427124023,43.0,18.99429195704304,110.3735393381155,2587.745849609375,48.0,1.7960638999938965,3.0,2.0,0.738887475232419,13.207379341125488,40.0,"{""type"":""Point"",""coordinates"":[110.37313269504594,18.992232923603936]}"
3513,0.0,34.0,7.0,11.632670402526855,7.0,19.254803389437704,110.62506761766895,2439.59814453125,37.0,0.4177775979042053,4.0,2.0,0.7708647761666045,14.420287132263184,42.0,"{""type"":""Point"",""coordinates"":[110.62424926420323,19.25501604472795]}"
3514,0.0,33.0,17.0,17.295042037963867,17.0,19.933031428947942,109.83455016764378,2203.09765625,38.0,1.5901297330856323,5.0,4.0,0.7677920005769393,13.075907707214355,36.0,"{""type"":""Point"",""coordinates"":[109.83519633788484,19.934036471743163]}"
3515,0.0,25.0,41.0,13.232230186462402,40.0,19.569213738879533,109.30005257359267,2269.310302734375,54.0,0.7676714658737183,2.0,3.0,0.7455535497339407,14.059978485107422,36.0,"{""type"":""Point"",""coordinates"":[109.29890957837381,19.56760887388685]}"
3516,0.0,25.0,183.0,11.6558256149292,46.0,18.702339489704194,109.22369577444249,2100.4375,55.0,0.8294336795806885,3.0,1.0,0.6850801986717495,13.89594841003418,44.0,"{""type"":""Point"",""coordinates"":[109.22531659691161,18.703600934321862]}"
3517,0.0,30.0,92.0,20.313663482666016,51.0,18.648440572657023,109.65039553439925,2190.702880859375,41.0,1.8464035987854004,5.0,1.0,0.6788714541302937,13.151799201965332,46.0,"{""type"":""Point"",""coordinates"":[109.65086246171812,18.647619007372327]}"
3518,0.0,21.0,55.0,15.702978134155273,44.0,19.65455369087089,110.21184258697394,2679.3779296875,55.0,0.5162250995635986,4.0,3.0,0.7755444614295032,14.410171508789062,33.0,"{""type"":""Point"",""coordinates"":[110.21048467224563,19.655589332769686]}"
3519,0.0,23.0,41.0,12.900696754455566,44.0,18.57657534992746,108.79250443806512,1607.4908447265625,56.0,2.163146734237671,3.0,1.0,0.6620692860482956,13.023606300354004,44.0,"{""type"":""Point"",""coordinates"":[108.79461550042801,18.574678354084597]}"
3520,0.0,28.0,200.0,35.4341926574707,166.0,18.6888647604424,109.70878602786706,2373.108154296875,45.0,3.736948251724243,6.0,1.0,0.6128436548268993,12.378422737121582,48.0,"{""type"":""Point"",""coordinates"":[109.70821067436547,18.688816897988332]}"
3521,0.0,21.0,197.0,40.134124755859375,124.0,19.420991716999815,109.57853031166974,2627.42919921875,56.0,3.3405768871307373,3.0,3.0,0.6914132143276794,12.492765426635742,33.0,"{""type"":""Point"",""coordinates"":[109.57748090081965,19.419317684951558]}"
3522,0.0,25.0,500.0,113.46026611328125,463.0,18.760729983171963,109.92887327247632,2573.8310546875,48.0,23.865808486938477,5.0,1.0,0.5522680133259347,10.250566482543945,45.0,"{""type"":""Point"",""coordinates"":[109.929150461721,18.759989139151163]}"
3523,0.0,31.0,126.0,48.13090133666992,113.0,18.57657534992746,109.798617556279,2095.855224609375,41.0,8.413890838623047,5.0,1.0,0.5940758228345695,11.60758113861084,46.0,"{""type"":""Point"",""coordinates"":[109.79980901701478,18.576432012536024]}"
3524,0.0,33.0,118.0,14.163773536682129,114.0,19.60963792666491,109.4392914426312,2399.142822265625,44.0,0.7792226672172546,4.0,3.0,0.6922829859439944,13.998994827270508,34.0,"{""type"":""Point"",""coordinates"":[109.43826416296892,19.610402182714537]}"
3525,0.0,31.0,47.0,16.43610382080078,42.0,19.344634917849653,110.44091298442447,2771.390625,39.0,0.5193130970001221,3.0,3.0,0.7462381175303369,14.42780876159668,40.0,"{""type"":""Point"",""coordinates"":[110.43930721248226,19.342504412609387]}"
3526,0.0,29.0,56.0,14.357773780822754,47.0,19.793792559909413,110.23879204549758,2560.41455078125,43.0,0.5867995619773865,8.0,4.0,0.7772379326935177,14.04314136505127,32.0,"{""type"":""Point"",""coordinates"":[110.24069939932123,19.79167960979813]}"
3527,0.0,27.0,93.0,16.06961441040039,92.0,19.847691476956584,110.1579436699268,2436.339111328125,43.0,0.9257465600967407,5.0,4.0,0.7094110268634893,13.557978630065918,33.0,"{""type"":""Point"",""coordinates"":[110.15664846572488,19.84899331842818]}"
3528,0.0,21.0,5.0,5.500647068023682,5.0,18.85954466442511,108.64877399260598,1429.8612060546875,56.0,0.6249545216560364,2.0,2.0,0.692472879798752,14.196730613708496,46.0,"{""type"":""Point"",""coordinates"":[108.65097394843968,18.85815303458752]}"
3529,0.0,24.0,40.0,6.571572303771973,40.0,18.527168009300887,109.9513311545793,1981.320068359375,53.0,0.1338983178138733,2.0,1.0,0.6953275627157578,15.806901931762695,44.0,"{""type"":""Point"",""coordinates"":[109.95119667229352,18.529015595718672]}"
3530,0.0,28.0,459.0,98.0934066772461,421.0,19.043699297669612,110.07260371793546,2766.862060546875,46.0,15.164899826049805,3.0,2.0,0.5753868988588455,10.772808074951172,46.0,"{""type"":""Point"",""coordinates"":[110.07292580130024,19.04298502440804]}"
3531,0.0,28.0,44.0,32.07607650756836,44.0,18.45979436299192,109.88395750827033,2018.012939453125,46.0,4.711870193481445,5.0,1.0,0.6825965583601046,12.241547584533691,43.0,"{""type"":""Point"",""coordinates"":[109.88337517271715,18.458290434490834]}"
3532,0.0,24.0,2.0,10.374723434448242,4.0,19.650062114450293,110.87659589722244,2075.732177734375,45.0,0.812170684337616,2.0,3.0,0.7543145837481772,13.082351684570312,41.0,"{""type"":""Point"",""coordinates"":[110.87461348385831,19.649943561064795]}"
3533,0.0,27.0,25.0,11.2788724899292,26.0,19.38505910563503,108.77902970880336,1573.7412109375,46.0,1.7870928049087524,3.0,3.0,0.686707011073856,13.224039077758789,43.0,"{""type"":""Point"",""coordinates"":[108.78121238397607,19.387296725430573]}"
3534,0.0,36.0,27.0,19.171005249023438,27.0,19.77133467780643,109.48420720683714,2058.042724609375,42.0,2.233189582824707,4.0,4.0,0.7576974990113795,12.999856948852539,33.0,"{""type"":""Point"",""coordinates"":[109.48407819675309,19.771641007994152]}"
3535,0.0,23.0,35.0,12.843503952026367,35.0,18.8775109701075,108.73411394459737,1690.3201904296875,53.0,1.7907830476760864,2.0,2.0,0.6732995211970957,13.216167449951172,45.0,"{""type"":""Point"",""coordinates"":[108.73358085999234,18.87554728563002]}"
3536,0.0,27.0,433.0,64.2083740234375,368.0,18.998783533463637,109.99624691878529,2576.3662109375,48.0,9.011917114257812,4.0,2.0,0.6078851405310647,11.328598976135254,44.0,"{""type"":""Point"",""coordinates"":[109.99747395362799,19.00079358640339]}"
3537,0.0,21.0,29.0,7.697957515716553,29.0,19.084123485454995,108.70267290965319,1639.843994140625,57.0,0.767542839050293,2.0,2.0,0.6897796034138636,14.06713581085205,43.0,"{""type"":""Point"",""coordinates"":[108.70186987407683,19.08604124836817]}"
3538,0.0,27.0,364.0,30.804241180419922,211.0,18.783187865274954,109.37191779632224,2255.222412109375,50.0,3.8671584129333496,4.0,1.0,0.6035580780550989,12.232391357421875,46.0,"{""type"":""Point"",""coordinates"":[109.37052431650825,18.78397798368647]}"
3539,0.0,24.0,21.0,13.735374450683594,21.0,19.097598214716783,110.40048879663908,2721.12646484375,51.0,0.31143271923065186,4.0,2.0,0.7774750211503689,14.973828315734863,39.0,"{""type"":""Point"",""coordinates"":[110.40025877620532,19.095587853484727]}"
3540,0.0,29.0,319.0,19.664920806884766,271.0,18.666406878339416,109.0754737525628,2091.1044921875,41.0,2.141129493713379,4.0,1.0,0.607386770245941,12.856538772583008,45.0,"{""type"":""Point"",""coordinates"":[109.07542000694679,18.66590693955265]}"
3541,0.0,26.0,47.0,32.045204162597656,29.0,18.608016384871647,109.78963440343779,2175.460205078125,44.0,3.6496589183807373,4.0,1.0,0.7017969862765666,12.496145248413086,45.0,"{""type"":""Point"",""coordinates"":[109.7905968192327,18.605858421956427]}"
3542,0.0,27.0,29.0,11.12055492401123,13.0,19.726418913600448,110.06811214151486,2652.2001953125,46.0,0.13469535112380981,4.0,3.0,0.817998653550371,15.807372093200684,32.0,"{""type"":""Point"",""coordinates"":[110.06726830512747,19.724679692169236]}"
3543,0.0,23.0,162.0,16.326372146606445,66.0,19.322177035746662,109.33598518495745,2413.22265625,53.0,0.9136875867843628,4.0,3.0,0.7140679124593022,13.812482833862305,37.0,"{""type"":""Point"",""coordinates"":[109.33431035667043,19.321629702273622]}"
3544,0.0,22.0,49.0,7.331716060638428,47.0,19.138022402502166,108.80597916732694,1820.6370849609375,57.0,0.4402107894420624,2.0,2.0,0.6983725013930295,14.611440658569336,39.0,"{""type"":""Point"",""coordinates"":[108.80673264783276,19.137353006748434]}"
3545,0.0,28.0,669.0,57.23595428466797,651.0,19.304210730064277,109.09793163466577,2228.625,48.0,14.455825805664062,6.0,3.0,0.5881075594067239,10.645665168762207,38.0,"{""type"":""Point"",""coordinates"":[109.09831636675304,19.306258170722426]}"
3546,0.0,28.0,578.0,77.3977279663086,448.0,19.209887625231723,109.77615967417603,2883.118896484375,41.0,9.454345703125,8.0,2.0,0.6259996529822415,11.163375854492188,38.0,"{""type"":""Point"",""coordinates"":[109.77689362976251,19.21101637201328]}"
3547,0.0,26.0,49.0,33.958736419677734,49.0,18.40589544594475,109.01259168267438,1777.2091064453125,47.0,7.140837669372559,4.0,1.0,0.6636002586325045,11.819931983947754,41.0,"{""type"":""Point"",""coordinates"":[109.01099219641628,18.40390415631309]}"
3548,0.0,32.0,52.0,32.47288131713867,51.0,18.608016384871647,110.01870480088826,2154.76318359375,41.0,4.118986129760742,5.0,1.0,0.6708087299079969,12.37186336517334,46.0,"{""type"":""Point"",""coordinates"":[110.01684723145932,18.6073860065964]}"
3549,0.0,36.0,119.0,14.214716911315918,98.0,19.52429797467356,110.19836785771219,2692.258056640625,38.0,0.4594467878341675,5.0,3.0,0.6950277250801596,14.526697158813477,37.0,"{""type"":""Point"",""coordinates"":[110.19713887122181,19.522119479446015]}"
3550,0.0,27.0,34.0,19.696321487426758,34.0,19.870149359059575,109.83005859122318,2302.77392578125,49.0,1.5232999324798584,2.0,4.0,0.760304633719358,13.378613471984863,34.0,"{""type"":""Point"",""coordinates"":[109.82941968181738,19.86962801688388]}"
3551,0.0,21.0,22.0,7.981838703155518,19.0,19.820742018433002,110.84964643869881,2098.726806640625,56.0,0.38974255323410034,3.0,4.0,0.7134816342124103,13.372998237609863,47.0,"{""type"":""Point"",""coordinates"":[110.85024886743257,19.8201062429081]}"
3552,0.0,23.0,107.0,17.266279220581055,107.0,19.38505910563503,108.8733528136359,1887.7611083984375,56.0,2.236725330352783,3.0,3.0,0.625255156608003,12.950786590576172,41.0,"{""type"":""Point"",""coordinates"":[108.8730770501303,19.38464690748659]}"
3553,0.0,30.0,126.0,24.32163429260254,110.0,19.452432751943995,110.4813371722098,2712.433837890625,39.0,1.5046443939208984,5.0,3.0,0.6742133544822896,13.055168151855469,40.0,"{""type"":""Point"",""coordinates"":[110.48301985229331,19.454404588451634]}"
3554,0.0,27.0,35.0,10.721648216247559,35.0,18.594541655609852,110.04565425941183,2040.6658935546875,42.0,0.6471959948539734,3.0,1.0,0.6945172899730024,14.234209060668945,46.0,"{""type"":""Point"",""coordinates"":[110.04341366804469,18.59610589575269]}"
3555,0.0,30.0,27.0,18.719768524169922,27.0,19.847691476956584,110.3690477616949,2490.967529296875,38.0,1.1702946424484253,8.0,4.0,0.7812200394685735,13.356590270996094,35.0,"{""type"":""Point"",""coordinates"":[110.36695794040058,19.84899681509502]}"
3556,0.0,26.0,11.0,5.860931396484375,13.0,19.69048630223567,110.96642742563438,1828.0675048828125,50.0,0.2983188033103943,3.0,3.0,0.7092614462092977,13.665188789367676,46.0,"{""type"":""Point"",""coordinates"":[110.96445436962017,19.690925554382762]}"
3557,0.0,23.0,63.0,13.848536491394043,32.0,19.483873786888182,110.31065726822715,2751.917724609375,52.0,0.2931798994541168,3.0,3.0,0.7708282760062115,15.009664535522461,37.0,"{""type"":""Point"",""coordinates"":[110.30977618709616,19.483599451019924]}"
3558,0.0,31.0,187.0,29.688247680664062,168.0,18.482252245094912,109.58751346451089,1994.966064453125,41.0,4.630153179168701,5.0,1.0,0.5975235965358956,12.171683311462402,46.0,"{""type"":""Point"",""coordinates"":[109.589719138335,18.48144042650542]}"
3559,0.0,24.0,40.0,14.483116149902344,32.0,19.681503149394473,110.41396352590084,2566.09521484375,52.0,0.5866393446922302,4.0,3.0,0.7922525020784118,14.055778503417969,32.0,"{""type"":""Point"",""coordinates"":[110.41385429423357,19.68245960643153]}"
3560,0.0,27.0,437.0,78.4141845703125,416.0,19.147005555343355,109.05301587045977,2333.70654296875,50.0,17.370641708374023,5.0,2.0,0.5829376448829015,10.646309852600098,41.0,"{""type"":""Point"",""coordinates"":[109.05267626629181,19.14550154525166]}"
3561,0.0,27.0,57.0,21.276338577270508,41.0,19.641078961609097,110.50379505431283,2662.796142578125,42.0,1.1726154088974,3.0,3.0,0.775154355954542,13.349949836730957,33.0,"{""type"":""Point"",""coordinates"":[110.50584907360587,19.639823674627714]}"
3562,0.0,23.0,36.0,9.450969696044922,35.0,19.57370531530013,109.29106942075146,2190.39306640625,53.0,0.3252868056297302,2.0,3.0,0.7484788995057603,14.921600341796875,36.0,"{""type"":""Point"",""coordinates"":[109.29183355050662,19.571986408755986]}"
3563,0.0,23.0,37.0,16.869096755981445,23.0,19.694977878656267,110.15345209350619,2647.823486328125,51.0,0.6494404077529907,3.0,3.0,0.8119934343529743,14.201793670654297,30.0,"{""type"":""Point"",""coordinates"":[110.15529606942458,19.695224345453553]}"
3564,0.0,28.0,7.0,7.6764235496521,8.0,19.986930345995113,110.74184860460451,2205.764404296875,40.0,0.12207194417715073,2.0,4.0,0.7332250938676363,14.56763744354248,47.0,"{""type"":""Point"",""coordinates"":[110.74363152116338,19.987874935733217]}"
3565,0.0,27.0,118.0,16.54635238647461,61.0,19.60514635024431,109.74022706281124,2620.146484375,46.0,0.6800330877304077,4.0,3.0,0.7521748027416746,14.135165214538574,33.0,"{""type"":""Point"",""coordinates"":[109.73919521330464,19.60297534960918]}"
3566,0.0,26.0,180.0,56.925331115722656,99.0,19.290736000802482,110.01870480088826,2883.73291015625,52.0,4.7038702964782715,4.0,3.0,0.6649946913176266,12.160280227661133,38.0,"{""type"":""Point"",""coordinates"":[110.01812934023428,19.291584751033607]}"
3567,0.0,29.0,25.0,20.63874053955078,27.0,19.052682450510808,110.44540456084502,2721.12646484375,42.0,0.9355576038360596,3.0,2.0,0.7623011253790829,13.85218334197998,40.0,"{""type"":""Point"",""coordinates"":[110.44574811257762,19.05161534923902]}"
3568,0.0,22.0,22.0,6.9928812980651855,22.0,18.841578358742723,108.69818133323258,1588.4644775390625,52.0,0.668171226978302,2.0,2.0,0.6952199557843819,14.209854125976562,43.0,"{""type"":""Point"",""coordinates"":[108.69687896342306,18.841984921291886]}"
3569,0.0,25.0,15.0,15.499128341674805,15.0,19.12903924966097,110.41845510232145,2757.850341796875,50.0,0.4401884973049164,3.0,2.0,0.7786170121766944,14.631258964538574,40.0,"{""type"":""Point"",""coordinates"":[110.42048860317179,19.128498326944197]}"
3570,0.0,27.0,165.0,59.52779006958008,160.0,18.482252245094912,109.63242922871689,2163.11669921875,48.0,11.044768333435059,4.0,1.0,0.5904954245390082,11.305960655212402,45.0,"{""type"":""Point"",""coordinates"":[109.63261801104451,18.483694144986277]}"
3571,0.0,24.0,69.0,17.298877716064453,69.0,19.83421674769479,110.07260371793546,2527.185546875,49.0,0.9348722696304321,3.0,4.0,0.7358342387791379,13.567200660705566,34.0,"{""type"":""Point"",""coordinates"":[110.07086796847997,19.83428567927751]}"
3572,0.0,23.0,6.0,7.803768634796143,9.0,18.751746830330767,110.40498037305969,2083.126708984375,49.0,0.18242958188056946,2.0,1.0,0.7199837082663791,15.498201370239258,48.0,"{""type"":""Point"",""coordinates"":[110.40710278413903,18.752934956458905]}"
3573,0.0,28.0,38.0,12.880375862121582,38.0,19.793792559909413,110.55769397135998,2435.82958984375,40.0,0.5476599931716919,5.0,4.0,0.7566391283651414,13.964096069335938,37.0,"{""type"":""Point"",""coordinates"":[110.55831112513793,19.79498693638682]}"
3574,0.0,27.0,69.0,21.67927360534668,64.0,18.980817227781245,110.32862357390951,2561.64013671875,43.0,1.2285630702972412,4.0,2.0,0.7070032311064356,13.57314682006836,42.0,"{""type"":""Point"",""coordinates"":[110.32745634779486,18.98118479328478]}"
3575,0.0,30.0,31.0,12.163335800170898,31.0,19.645570538029695,110.6879496875573,2449.45947265625,45.0,0.5167214870452881,5.0,3.0,0.7792594166089946,14.028542518615723,34.0,"{""type"":""Point"",""coordinates"":[110.6869137924306,19.644416487294166]}"
3576,0.0,25.0,178.0,37.9435920715332,178.0,19.371584376373235,108.85089493153288,1887.7611083984375,53.0,8.060906410217285,4.0,3.0,0.5981930860863317,11.61853313446045,42.0,"{""type"":""Point"",""coordinates"":[108.85190087859596,19.37291407513028]}"
3577,0.0,24.0,82.0,13.87222671508789,68.0,19.735402066441644,109.93336484889693,2655.540283203125,52.0,0.3896965980529785,3.0,3.0,0.742745192461972,14.713762283325195,34.0,"{""type"":""Point"",""coordinates"":[109.93558211868655,19.734030907107314]}"
3578,0.0,32.0,115.0,15.203333854675293,112.0,19.614129503085508,109.4392914426312,2399.142822265625,43.0,0.8689083456993103,4.0,3.0,0.6920157116174337,13.891873359680176,34.0,"{""type"":""Point"",""coordinates"":[109.43887534449725,19.613647425172246]}"
3579,0.0,26.0,83.0,15.003687858581543,81.0,19.614129503085508,109.41683356052818,2399.142822265625,50.0,0.7932732105255127,4.0,3.0,0.7153332506403168,14.002315521240234,34.0,"{""type"":""Point"",""coordinates"":[109.41597467019106,19.613021158958393]}"
3580,0.0,26.0,68.0,83.01736450195312,65.0,19.223362354493517,110.3645561852743,2964.2275390625,51.0,7.3765082359313965,3.0,2.0,0.7009924165081736,11.77589225769043,37.0,"{""type"":""Point"",""coordinates"":[110.36618992946498,19.221794382551295]}"
3581,0.0,29.0,196.0,26.388790130615234,79.0,18.71581421896599,109.0709821761422,2085.062744140625,43.0,3.3591818809509277,4.0,1.0,0.6378824520545021,12.487841606140137,44.0,"{""type"":""Point"",""coordinates"":[109.07134902018528,18.717883023821013]}"
3582,0.0,25.0,18.0,8.5612211227417,20.0,19.65455369087089,110.92600323784899,1916.9666748046875,47.0,0.7938355803489685,4.0,3.0,0.7232341288258561,12.981884002685547,42.0,"{""type"":""Point"",""coordinates"":[110.9243594930854,19.65367208427454]}"
3583,0.0,26.0,661.0,68.00946044921875,553.0,18.832595205901526,109.73124390997003,2423.74072265625,46.0,14.047431945800781,5.0,2.0,0.5674079795513203,10.682899475097656,45.0,"{""type"":""Point"",""coordinates"":[109.73154873083092,18.833219533674022]}"
3584,0.0,24.0,5.0,5.876003742218018,5.0,19.510823245411764,108.94521803636547,1752.9310302734375,51.0,0.22943836450576782,4.0,3.0,0.7503456727909683,15.288582801818848,38.0,"{""type"":""Point"",""coordinates"":[108.94402096584487,19.51118570239078]}"
3585,0.0,25.0,46.0,27.14198112487793,46.0,18.356488105318178,109.4347998662106,2011.8353271484375,49.0,3.584364414215088,4.0,0.0,0.6918981227389384,12.51483154296875,41.0,"{""type"":""Point"",""coordinates"":[109.43282666175799,18.3571270583393]}"
3586,0.0,22.0,133.0,13.673540115356445,117.0,19.546755856776542,109.45725774831357,2498.042724609375,58.0,0.5507879257202148,4.0,3.0,0.6892460808442983,14.336750984191895,36.0,"{""type"":""Point"",""coordinates"":[109.45889498439686,19.547203935337773]}"
3587,0.0,27.0,678.0,44.11555862426758,474.0,18.85954466442511,109.58751346451089,2262.84423828125,48.0,8.616652488708496,6.0,2.0,0.5758865432680134,11.168682098388672,45.0,"{""type"":""Point"",""coordinates"":[109.58642574400443,18.859825639739945]}"
3588,0.0,21.0,40.0,19.27499771118164,26.0,19.60963792666491,110.18938470487097,2681.6298828125,53.0,0.8053854703903198,3.0,3.0,0.7853329993092988,14.012598037719727,35.0,"{""type"":""Point"",""coordinates"":[110.1913678776722,19.607658419851596]}"
3589,0.0,25.0,65.0,11.571744918823242,57.0,18.616999537712843,109.91090696679396,2181.91943359375,47.0,0.5940420627593994,4.0,1.0,0.677623428455551,14.302288055419922,46.0,"{""type"":""Point"",""coordinates"":[109.91246637515563,18.615775519131855]}"
3590,0.0,23.0,36.0,20.44679832458496,28.0,19.672519996553277,110.35108145601248,2637.966796875,53.0,1.1486601829528809,2.0,3.0,0.7948422912503337,13.38680648803711,32.0,"{""type"":""Point"",""coordinates"":[110.34937048422324,19.672990104034547]}"
3591,0.0,28.0,517.0,21.419540405273438,366.0,18.819120476639732,109.35395149063982,2177.01611328125,48.0,2.533665180206299,6.0,1.0,0.5961456303184833,12.539319038391113,46.0,"{""type"":""Point"",""coordinates"":[109.35177689126076,18.819991103425334]}"
3592,0.0,25.0,30.0,12.531161308288574,33.0,18.908952005051688,110.40048879663908,2358.38232421875,50.0,0.5302751064300537,3.0,2.0,0.7298801963330327,14.436384201049805,43.0,"{""type"":""Point"",""coordinates"":[110.40069370134186,18.910692636295035]}"
3593,0.0,27.0,98.0,28.41227149963379,98.0,18.26216500048563,109.53810612388435,1696.813720703125,49.0,6.537399768829346,4.0,0.0,0.6127798469533521,11.879871368408203,39.0,"{""type"":""Point"",""coordinates"":[109.53605775133244,18.26309288247707]}"
3594,0.0,26.0,360.0,26.628915786743164,352.0,18.51818485645969,109.19225473949831,2042.5535888671875,53.0,4.116344928741455,4.0,1.0,0.5998787493333778,12.17262077331543,44.0,"{""type"":""Point"",""coordinates"":[109.19049968553178,18.519114363370946]}"
3595,0.0,27.0,8.0,9.696162223815918,8.0,19.955489311050925,110.40048879663908,2397.700927734375,41.0,0.2109660655260086,3.0,4.0,0.7761948215846526,14.481941223144531,40.0,"{""type"":""Point"",""coordinates"":[110.40195071424743,19.95524671937539]}"
3596,0.0,28.0,405.0,62.91504669189453,372.0,18.74276367748957,109.96929746026171,2481.07177734375,47.0,9.632070541381836,7.0,1.0,0.5958206593574699,11.281866073608398,46.0,"{""type"":""Point"",""coordinates"":[109.9683595787261,18.74131185210041]}"
3597,0.0,27.0,27.0,14.91962718963623,26.0,19.57819689172073,110.66998338187494,2453.7880859375,47.0,0.8390897512435913,5.0,3.0,0.7972539371156967,13.547262191772461,31.0,"{""type"":""Point"",""coordinates"":[110.66823431704228,19.57632323303264]}"
3598,0.0,30.0,356.0,50.0477180480957,233.0,18.922426734313476,109.88395750827033,2501.319580078125,40.0,6.025716304779053,4.0,2.0,0.6096369904975841,11.792445182800293,46.0,"{""type"":""Point"",""coordinates"":[109.88357389942654,18.921680439679275]}"
3599,0.0,27.0,2.0,8.116826057434082,3.0,20.031846110201087,110.42743825516266,2306.356689453125,40.0,0.057359881699085236,3.0,4.0,0.7727680130059363,15.732784271240234,41.0,"{""type"":""Point"",""coordinates"":[110.42592079561175,20.032620230843598]}"
3600,0.0,32.0,160.0,11.89340877532959,33.0,18.73378052464838,109.0754737525628,2085.062744140625,39.0,0.8387297987937927,4.0,1.0,0.7051047641842353,13.899353981018066,43.0,"{""type"":""Point"",""coordinates"":[109.07355311452723,18.7353252490537]}"
3601,0.0,25.0,86.0,11.451436042785645,80.0,19.52429797467356,109.36293464348103,2454.439453125,53.0,0.34949466586112976,3.0,3.0,0.7074836089937847,14.820247650146484,37.0,"{""type"":""Point"",""coordinates"":[109.36284219076057,19.522877877373368]}"
3602,0.0,29.0,196.0,50.751495361328125,187.0,18.57657534992746,109.86149962616736,2187.01171875,42.0,8.243524551391602,4.0,1.0,0.6033682274017649,11.58432388305664,44.0,"{""type"":""Point"",""coordinates"":[109.86116648978452,18.577391213880077]}"
3604,0.0,27.0,21.0,7.40676736831665,22.0,19.811758865591806,109.21920419802188,1764.58544921875,43.0,0.48773664236068726,3.0,4.0,0.7516920724757498,14.525221824645996,33.0,"{""type"":""Point"",""coordinates"":[109.21728695540966,19.811597350961968]}"
3605,0.0,35.0,58.0,12.695096969604492,57.0,19.596163197403122,109.34496833779866,2269.310302734375,39.0,0.7290470004081726,3.0,3.0,0.7310151953789563,14.10162353515625,35.0,"{""type"":""Point"",""coordinates"":[109.3453086426195,19.594718420858094]}"
3606,0.0,22.0,12.0,6.818339824676514,12.0,18.46428593941252,109.98277218952347,1872.65283203125,54.0,0.25936371088027954,2.0,1.0,0.7166501403927508,15.161969184875488,45.0,"{""type"":""Point"",""coordinates"":[109.9848380477587,18.464185391361102]}"
3607,0.0,33.0,722.0,57.778289794921875,668.0,18.98980038062244,109.09793163466577,2325.075439453125,39.0,13.631205558776855,7.0,2.0,0.589001559205641,10.656643867492676,39.0,"{""type"":""Point"",""coordinates"":[109.09935136028493,18.991084081255405]}"
3608,0.0,23.0,76.0,22.437557220458984,35.0,19.677011572973875,109.77615967417603,2563.073974609375,53.0,1.3360986709594727,3.0,3.0,0.7777070893990212,13.485042572021484,33.0,"{""type"":""Point"",""coordinates"":[109.7776089438449,19.677931086630203]}"
3609,0.0,24.0,8.0,8.384519577026367,9.0,19.955489311050925,110.70142441681912,2205.764404296875,45.0,0.25074291229248047,4.0,4.0,0.7375031194599686,13.845600128173828,46.0,"{""type"":""Point"",""coordinates"":[110.69985403856471,19.9543444140762]}"
3610,0.0,24.0,170.0,28.23462677001953,150.0,18.85056151158392,110.17590997560922,2438.314697265625,49.0,2.3026835918426514,4.0,2.0,0.631269308676663,12.882643699645996,46.0,"{""type"":""Point"",""coordinates"":[110.17489373596804,18.851044164935995]}"
3611,0.0,25.0,24.0,20.540245056152344,15.0,19.66353684371208,110.22980889265637,2679.3779296875,48.0,0.9668814539909363,4.0,3.0,0.8119370283849873,13.801376342773438,32.0,"{""type"":""Point"",""coordinates"":[110.2280982401677,19.661789997444576]}"
3612,0.0,21.0,30.0,10.38798999786377,32.0,19.730910490021046,110.84964643869881,2153.485107421875,55.0,0.7292008996009827,4.0,3.0,0.7235135988911556,13.148140907287598,42.0,"{""type"":""Point"",""coordinates"":[110.84934320175846,19.73258994389678]}"
3613,0.0,22.0,99.0,27.20564842224121,61.0,19.546755856776542,109.87048277900857,2661.990234375,53.0,1.6373803615570068,4.0,3.0,0.7308373117135238,13.267788887023926,37.0,"{""type"":""Point"",""coordinates"":[109.87182525766255,19.5461795139761]}"
3614,0.0,24.0,38.0,9.582771301269531,39.0,19.317685459326064,108.73860552101797,1668.0660400390625,55.0,1.181658148765564,2.0,3.0,0.6917470237466576,13.63033676147461,40.0,"{""type"":""Point"",""coordinates"":[108.73777842500802,19.319429260403908]}"
3615,0.0,29.0,254.0,68.76276397705078,254.0,18.52267643288029,109.82107543838197,2166.52001953125,46.0,15.022544860839844,5.0,1.0,0.5740785305223924,10.929856300354004,45.0,"{""type"":""Point"",""coordinates"":[109.82281414706513,18.522101147336027]}"
3616,0.0,20.0,13.0,3.0279054641723633,13.0,19.084123485454995,108.64428241618543,1228.07177734375,57.0,0.18246965110301971,2.0,2.0,0.6767205252896826,15.513045310974121,45.0,"{""type"":""Point"",""coordinates"":[108.64488582929955,19.085780401940085]}"
3617,0.0,29.0,64.0,21.953414916992188,26.0,19.52429797467356,109.96480588384111,2681.51220703125,44.0,1.1358296871185303,4.0,3.0,0.7787366984985252,13.654617309570312,36.0,"{""type"":""Point"",""coordinates"":[109.96449985190587,19.525332584821182]}"
3618,0.0,27.0,714.0,60.43381118774414,559.0,18.6888647604424,109.34047676137806,2189.4697265625,50.0,17.645286560058594,5.0,1.0,0.5380306505192346,10.393060684204102,46.0,"{""type"":""Point"",""coordinates"":[109.34192940157462,18.6867732504197]}"
3619,0.0,30.0,10.0,14.019362449645996,10.0,19.317685459326064,110.62955919408955,2518.05517578125,41.0,0.5863186717033386,6.0,3.0,0.7860575685299198,14.079105377197266,39.0,"{""type"":""Point"",""coordinates"":[110.63098259414559,19.31799523824186]}"
3620,0.0,29.0,68.0,47.748409271240234,53.0,19.052682450510808,110.23879204549758,2793.832275390625,40.0,3.493623733520508,4.0,2.0,0.7013802949380988,12.527559280395508,44.0,"{""type"":""Point"",""coordinates"":[110.23854615138475,19.05309006731442]}"
3621,0.0,27.0,34.0,16.232746124267578,25.0,19.618621079506106,110.35557303243309,2579.687255859375,48.0,0.7849566340446472,3.0,3.0,0.7818426590596457,13.76913070678711,36.0,"{""type"":""Point"",""coordinates"":[110.35766125277115,19.620860379889486]}"
3622,0.0,26.0,36.0,17.147733688354492,32.0,19.263786542278893,108.84191177869172,1856.0523681640625,52.0,2.300388813018799,2.0,2.0,0.6979200593345382,12.964947700500488,42.0,"{""type"":""Point"",""coordinates"":[108.8407826750011,19.263778691728593]}"
3623,0.0,28.0,63.0,20.918441772460938,42.0,19.57819689172073,110.13997736424443,2713.58056640625,48.0,1.0218969583511353,4.0,3.0,0.7704208476065727,13.760937690734863,34.0,"{""type"":""Point"",""coordinates"":[110.13847321579715,19.57837634564289]}"
3624,0.0,25.0,230.0,55.847835540771484,171.0,19.084123485454995,109.94683957815869,2595.52880859375,47.0,5.868077278137207,4.0,2.0,0.6356638043595375,11.905560493469238,43.0,"{""type"":""Point"",""coordinates"":[109.94633123575136,19.085822347735416]}"
3625,0.0,23.0,145.0,80.1605224609375,116.0,19.488365363308773,110.1624352463474,2799.3056640625,53.0,8.22442626953125,4.0,3.0,0.6566324101837329,11.618926048278809,37.0,"{""type"":""Point"",""coordinates"":[110.16195571391658,19.49026060051086]}"
3626,0.0,24.0,228.0,22.985401153564453,107.0,19.043699297669612,109.87048277900857,2485.491455078125,51.0,1.6068017482757568,4.0,2.0,0.6557081513434174,13.205397605895996,41.0,"{""type"":""Point"",""coordinates"":[109.87014071241795,19.044506161219065]}"
3627,0.0,23.0,1317.0,44.02699661254883,1227.0,19.079631909034397,109.17428843381595,2513.29833984375,49.0,16.35703468322754,13.0,2.0,0.555772829427589,9.603804588317871,41.0,"{""type"":""Point"",""coordinates"":[109.17497018094096,19.078068602951532]}"
3628,0.0,29.0,25.0,13.86948013305664,22.0,19.753368372124037,110.3241319974889,2531.854248046875,46.0,0.5867417454719543,4.0,4.0,0.8112008943402472,14.067059516906738,30.0,"{""type"":""Point"",""coordinates"":[110.3237220379955,19.754325994117718]}"
3629,0.0,28.0,268.0,17.13664436340332,146.0,18.805645747377937,109.90192381395275,2408.12158203125,43.0,1.0442664623260498,4.0,1.0,0.6422629085108401,13.609883308410645,43.0,"{""type"":""Point"",""coordinates"":[109.90300648563965,18.806814324580063]}"
3630,0.0,28.0,29.0,11.443842887878418,27.0,19.793792559909413,110.40947194948029,2590.727783203125,42.0,0.21588681638240814,6.0,4.0,0.7941910182846411,15.063878059387207,34.0,"{""type"":""Point"",""coordinates"":[110.41044513998895,19.793005315620167]}"
3631,0.0,28.0,255.0,48.57555389404297,152.0,18.864036240845707,109.99175534236468,2521.72802734375,49.0,5.578201770782471,4.0,2.0,0.6185634544756744,11.939997673034668,46.0,"{""type"":""Point"",""coordinates"":[109.99049573542298,18.864198938194583]}"
3632,0.0,30.0,25.0,7.508166790008545,26.0,19.80277571275061,109.2326789272837,1764.58544921875,38.0,0.5141597390174866,3.0,4.0,0.74691293906686,14.470147132873535,33.0,"{""type"":""Point"",""coordinates"":[109.23384455012736,19.80224899849405]}"
3633,0.0,25.0,171.0,19.695661544799805,113.0,19.46590748120579,109.53361454746374,2528.1875,53.0,1.1871607303619385,4.0,3.0,0.6902960881099008,13.544917106628418,35.0,"{""type"":""Point"",""coordinates"":[109.53558407942307,19.464890478666543]}"
3634,0.0,37.0,91.0,12.188570976257324,66.0,19.757859948544635,109.76268494491421,2417.629638671875,37.0,0.5140599012374878,5.0,4.0,0.7347029844041129,14.431375503540039,34.0,"{""type"":""Point"",""coordinates"":[109.76482601518758,19.759158362284793]}"
3635,0.0,33.0,649.0,62.595787048339844,536.0,18.922426734313476,109.09344005824516,2250.0380859375,41.0,16.405061721801758,7.0,2.0,0.5720673288025898,10.531148910522461,41.0,"{""type"":""Point"",""coordinates"":[109.09414563267907,18.923393694005046]}"
3636,0.0,26.0,48.0,23.77524185180664,40.0,19.71743576075925,110.47235401936865,2598.624267578125,48.0,1.6338915824890137,5.0,3.0,0.7765233202842461,13.025070190429688,33.0,"{""type"":""Point"",""coordinates"":[110.47260795568499,19.715703207824284]}"
3637,0.0,26.0,215.0,21.422632217407227,75.0,18.79217101811615,109.28208626791024,1999.565185546875,51.0,2.805332660675049,4.0,1.0,0.638347552414148,12.656078338623047,44.0,"{""type"":""Point"",""coordinates"":[109.28378355614174,18.7939487170373]}"
3638,0.0,22.0,38.0,13.758859634399414,29.0,19.60514635024431,110.3151488446477,2650.8330078125,54.0,0.36980941891670227,4.0,3.0,0.7762762794696474,14.754096031188965,37.0,"{""type"":""Point"",""coordinates"":[110.31396235916529,19.605442369126283]}"
3639,0.0,25.0,215.0,38.06239700317383,104.0,19.030224568407817,109.92438169605572,2522.26318359375,50.0,3.5284218788146973,4.0,2.0,0.6462408430207613,12.426283836364746,42.0,"{""type"":""Point"",""coordinates"":[109.92345155878024,19.032040871742]}"
3640,0.0,26.0,671.0,96.93278503417969,518.0,19.151497131763954,109.77615967417603,2877.500244140625,48.0,15.806099891662598,5.0,2.0,0.5802344431846316,10.550230026245117,42.0,"{""type"":""Point"",""coordinates"":[109.7773337927125,19.15351330843339]}"
3641,0.0,30.0,32.0,21.258514404296875,23.0,19.757859948544635,110.23879204549758,2560.41455078125,41.0,1.393938660621643,4.0,4.0,0.7944522397181165,13.196264266967773,33.0,"{""type"":""Point"",""coordinates"":[110.23992561910218,19.758578523982447]}"
3642,0.0,26.0,32.0,13.62964916229248,14.0,19.71294418433866,110.03217953015007,2623.853515625,42.0,0.3495071232318878,4.0,3.0,0.811169936871703,14.852110862731934,33.0,"{""type"":""Point"",""coordinates"":[110.03171956880261,19.713440697616086]}"
3643,0.0,27.0,82.0,15.951382637023926,52.0,19.57370531530013,110.05014583583244,2707.701904296875,46.0,0.530387818813324,4.0,3.0,0.7604542907556925,14.405508995056152,34.0,"{""type"":""Point"",""coordinates"":[110.04982093825465,19.571799244397372]}"
3644,0.0,24.0,157.0,25.449007034301758,71.0,19.389550682055628,109.38090094916339,2513.419677734375,56.0,1.9213387966156006,4.0,3.0,0.7282685071742301,13.072044372558594,33.0,"{""type"":""Point"",""coordinates"":[109.37970123526343,19.387839768836987]}"
3645,0.0,21.0,43.0,21.198240280151367,43.0,18.3205554939534,109.17428843381595,1706.57470703125,58.0,3.8986546993255615,3.0,0.0,0.6852663503928201,12.432299613952637,39.0,"{""type"":""Point"",""coordinates"":[109.17629070273246,18.322337693314587]}"
3646,0.0,22.0,37.0,15.028021812438965,28.0,19.60514635024431,110.40498037305969,2626.0654296875,53.0,0.5506730079650879,4.0,3.0,0.7811649506730525,14.121354103088379,36.0,"{""type"":""Point"",""coordinates"":[110.40527742950334,19.60495271403874]}"
3647,0.0,25.0,73.0,18.27971839904785,71.0,19.55124743319714,109.31801887927503,2269.310302734375,51.0,1.388424277305603,3.0,3.0,0.7027757056721405,13.448400497436523,37.0,"{""type"":""Point"",""coordinates"":[109.3173184150805,19.55272318370823]}"
3648,0.0,31.0,373.0,48.67584991455078,217.0,18.805645747377937,109.3898841020046,2177.01611328125,46.0,9.493691444396973,5.0,1.0,0.5899404590653456,11.320087432861328,44.0,"{""type"":""Point"",""coordinates"":[109.3893307496385,18.805950156680687]}"
3649,0.0,25.0,62.0,13.761065483093262,62.0,19.52429797467356,109.1877631630777,2105.4130859375,51.0,1.0483800172805786,2.0,3.0,0.7177739558397014,13.73593807220459,34.0,"{""type"":""Point"",""coordinates"":[109.18638413276196,19.525760361502673]}"
3650,0.0,27.0,153.0,34.89107894897461,118.0,18.917935157892877,110.12650263498261,2530.906005859375,49.0,3.0522639751434326,4.0,2.0,0.6435930609732706,12.611115455627441,44.0,"{""type"":""Point"",""coordinates"":[110.12729892720319,18.919299526051912]}"
3651,0.0,30.0,504.0,51.67143630981445,459.0,18.62598269055404,109.58751346451089,2285.13427734375,46.0,9.825380325317383,4.0,1.0,0.5818581467050774,11.185270309448242,45.0,"{""type"":""Point"",""coordinates"":[109.58861440429013,18.62522646745187]}"
3652,0.0,23.0,10.0,5.896623134613037,9.0,18.477760668674314,108.89581069573887,1648.22412109375,49.0,0.333407998085022,2.0,1.0,0.7196086370842859,14.911977767944336,42.0,"{""type"":""Point"",""coordinates"":[108.89606527119375,18.47877073386557]}"
3653,0.0,27.0,6.0,12.640321731567383,7.0,19.88811566474196,110.58913500630416,2426.68017578125,42.0,0.6699091792106628,3.0,4.0,0.7685418948011288,13.269050598144531,42.0,"{""type"":""Point"",""coordinates"":[110.59008440519415,19.887910164994697]}"
3654,0.0,28.0,160.0,52.546634674072266,55.0,18.91344358147228,109.96480588384111,2644.976318359375,45.0,5.04041862487793,3.0,2.0,0.6834083567020686,12.103485107421875,45.0,"{""type"":""Point"",""coordinates"":[109.96400049853493,18.91376356664383]}"
3655,0.0,21.0,138.0,18.95207405090332,56.0,19.358109647111448,109.77166809775542,2665.989013671875,55.0,0.8357899188995361,4.0,3.0,0.7333543786354643,13.916589736938477,38.0,"{""type"":""Point"",""coordinates"":[109.7733708361736,19.356521955662355]}"
3656,0.0,21.0,66.0,13.787799835205078,60.0,19.10208979113738,108.83292862585051,1820.6370849609375,60.0,1.714570164680481,2.0,2.0,0.6738529781322442,13.24146556854248,40.0,"{""type"":""Point"",""coordinates"":[108.8315402532654,19.103891107867547]}"
3657,0.0,27.0,389.0,42.070491790771484,379.0,18.531659585721485,109.15183055171292,2042.5535888671875,52.0,8.994441986083984,4.0,1.0,0.5781680365214517,11.363386154174805,45.0,"{""type"":""Point"",""coordinates"":[109.15154717446198,18.53166261873353]}"
3658,0.0,31.0,579.0,24.289318084716797,512.0,18.59903323203045,109.44827459547236,2223.933837890625,41.0,3.000957727432251,6.0,1.0,0.5934230886962922,12.31828498840332,46.0,"{""type"":""Point"",""coordinates"":[109.44953330535355,18.597274922891994]}"
3659,0.0,29.0,749.0,36.040077209472656,705.0,18.706831066124792,108.91826857784184,2107.58642578125,47.0,8.32834529876709,7.0,1.0,0.5562782940187575,11.134819984436035,47.0,"{""type"":""Point"",""coordinates"":[108.91933139501319,18.70527398438684]}"
3660,0.0,26.0,527.0,88.954833984375,372.0,19.147005555343355,109.753701792073,2708.51123046875,48.0,14.268940925598145,4.0,2.0,0.59395092267667,10.782444953918457,42.0,"{""type"":""Point"",""coordinates"":[109.75421562845119,19.148680941393476]}"
3661,0.0,33.0,386.0,32.87730407714844,209.0,19.205396048811124,109.50666508894017,2598.984375,38.0,2.8484714031219482,4.0,2.0,0.6610300745648224,12.522847175598145,38.0,"{""type"":""Point"",""coordinates"":[109.50770475370727,19.203258484062662]}"
3662,0.0,21.0,8.0,6.70079231262207,8.0,18.473269092253716,110.06811214151486,1874.7554931640625,46.0,0.18239670991897583,2.0,1.0,0.7261319003774919,15.516316413879395,44.0,"{""type"":""Point"",""coordinates"":[110.06729640777688,18.471865336528285]}"
3663,0.0,28.0,173.0,44.81459045410156,98.0,19.367092799952644,109.83005859122318,2706.6318359375,44.0,3.670532703399658,5.0,3.0,0.6725213684680782,12.413653373718262,38.0,"{""type"":""Point"",""coordinates"":[109.83084124688702,19.366473278067247]}"
3664,0.0,22.0,258.0,40.09054183959961,143.0,19.29522757722308,109.40335883126642,2624.529541015625,55.0,3.471283435821533,3.0,3.0,0.6606680685043317,12.414275169372559,39.0,"{""type"":""Point"",""coordinates"":[109.40231015059217,19.29434255012186]}"
3665,0.0,28.0,353.0,21.405452728271484,333.0,18.549625891403878,109.14284739887177,2013.9227294921875,50.0,3.0103580951690674,4.0,1.0,0.593546222136894,12.491345405578613,46.0,"{""type"":""Point"",""coordinates"":[109.14453710822251,18.547623299822696]}"
3666,0.0,24.0,16.0,12.148275375366211,16.0,20.000405075256907,110.35557303243309,2385.538818359375,47.0,0.6210750937461853,3.0,4.0,0.7645038278880274,13.390932083129883,40.0,"{""type"":""Point"",""coordinates"":[110.35364266324467,20.002120406359644]}"
3667,0.0,29.0,16.0,7.140338897705078,14.0,19.77133467780643,110.79125594523106,2238.98486328125,49.0,0.057359881699085236,4.0,4.0,0.7520361189846932,15.71201229095459,42.0,"{""type"":""Point"",""coordinates"":[110.79133091346058,19.772171783459342]}"
3668,0.0,29.0,111.0,35.10321044921875,94.0,19.079631909034397,110.20285943413279,2793.832275390625,39.0,2.1743240356445312,4.0,2.0,0.6592379925657905,12.976675033569336,44.0,"{""type"":""Point"",""coordinates"":[110.20310776058989,19.080548041946404]}"
3669,0.0,25.0,330.0,36.28030014038086,139.0,19.052682450510808,109.69531129860525,2603.55419921875,48.0,3.0888540744781494,4.0,2.0,0.6498664663108646,12.48186206817627,41.0,"{""type"":""Point"",""coordinates"":[109.69602902158275,19.051495409199095]}"
3670,0.0,28.0,375.0,108.66720581054688,298.0,19.26827811869949,109.91539854321451,2843.123779296875,47.0,15.674262046813965,4.0,2.0,0.6132609600583107,10.801063537597656,38.0,"{""type"":""Point"",""coordinates"":[109.91622154651274,19.26901890669466]}"
3671,0.0,22.0,127.0,8.592813491821289,111.0,18.594541655609852,109.03954114119801,1913.0013427734375,54.0,0.5162250995635986,2.0,1.0,0.6043468033452558,14.40526008605957,47.0,"{""type"":""Point"",""coordinates"":[109.03998641985622,18.595439983949642]}"
3672,0.0,23.0,408.0,29.3884220123291,393.0,18.65293214907762,108.90928542500069,2069.6826171875,53.0,4.4778666496276855,4.0,1.0,0.5793067740720457,12.053031921386719,48.0,"{""type"":""Point"",""coordinates"":[108.9088422190725,18.652641511579105]}"
3673,0.0,17.0,4.0,5.229503631591797,3.0,18.437336480888938,108.90928542500069,1608.4014892578125,60.0,0.23727139830589294,2.0,1.0,0.7334619993634932,15.255584716796875,40.0,"{""type"":""Point"",""coordinates"":[108.90778820906002,18.43627119708311]}"
3674,0.0,21.0,57.0,14.774806022644043,49.0,19.191921319549337,108.90479384858008,2189.958740234375,58.0,1.0470130443572998,3.0,2.0,0.7027091906294278,13.74019718170166,42.0,"{""type"":""Point"",""coordinates"":[108.90587154296936,19.1928113803589]}"
3675,0.0,29.0,721.0,78.18901062011719,651.0,18.841578358742723,108.97665907130965,2373.494873046875,49.0,22.370079040527344,9.0,2.0,0.55853156094021,10.128671646118164,41.0,"{""type"":""Point"",""coordinates"":[108.97796570406302,18.842543211473643]}"
3676,0.0,24.0,1.0,7.9735589027404785,4.0,18.76971313601316,110.44091298442447,2083.126708984375,42.0,0.18243172764778137,3.0,1.0,0.7132175767565634,15.501104354858398,51.0,"{""type"":""Point"",""coordinates"":[110.44182249329155,18.771624223440533]}"
3677,0.0,29.0,180.0,48.59564971923828,178.0,18.531659585721485,109.8031091326996,2166.52001953125,44.0,7.966153621673584,5.0,1.0,0.5961067568808132,11.629240989685059,46.0,"{""type"":""Point"",""coordinates"":[109.8009581232098,18.53325594468757]}"
3678,0.0,28.0,85.0,9.61935043334961,85.0,19.537772703935353,109.16530528097474,2105.4130859375,49.0,0.49027013778686523,3.0,3.0,0.6849489290857296,14.482367515563965,36.0,"{""type"":""Point"",""coordinates"":[109.16715005604439,19.535552676166514]}"
3679,0.0,25.0,329.0,72.10304260253906,329.0,18.62598269055404,110.07709529435607,2322.55029296875,51.0,13.650561332702637,4.0,1.0,0.5809849942544214,10.978378295898438,45.0,"{""type"":""Point"",""coordinates"":[110.07510733732198,18.62652106690428]}"
3680,0.0,28.0,276.0,39.08488845825195,120.0,18.80115417095734,109.39886725484581,2177.01611328125,49.0,6.04815149307251,4.0,1.0,0.601381759592748,11.844426155090332,45.0,"{""type"":""Point"",""coordinates"":[109.39699961448729,18.80256124334765]}"
3681,0.0,31.0,14.0,12.84042739868164,16.0,19.021241415566628,110.47684559578926,2462.35546875,39.0,0.46342983841896057,4.0,2.0,0.7747896786225899,14.561210632324219,39.0,"{""type"":""Point"",""coordinates"":[110.47891992945425,19.021256009724897]}"
3682,0.0,38.0,48.0,23.307537078857422,49.0,19.838708324115387,109.56056400598732,2002.4404296875,34.0,3.1158931255340576,5.0,4.0,0.7261665167180156,12.654043197631836,33.0,"{""type"":""Point"",""coordinates"":[109.55986573200127,19.839023553240445]}"
3683,0.0,26.0,39.0,21.00059700012207,40.0,19.87913251190077,110.06811214151486,2586.133544921875,49.0,1.3269479274749756,5.0,4.0,0.7687934257444407,13.2401762008667,35.0,"{""type"":""Point"",""coordinates"":[110.06741309040407,19.87759164353171]}"
3684,0.0,24.0,167.0,12.578789710998535,67.0,19.344634917849653,109.35844306706042,2535.2509765625,55.0,0.40608853101730347,4.0,3.0,0.7222669009656032,14.620319366455078,37.0,"{""type"":""Point"",""coordinates"":[109.35972525277872,19.346381325202728]}"
3685,0.0,23.0,22.0,17.409992218017578,22.0,19.479382210467584,109.03504956477741,1899.8560791015625,51.0,2.0466833114624023,3.0,3.0,0.7405748615328684,13.090043067932129,36.0,"{""type"":""Point"",""coordinates"":[109.03681441279086,19.478560600889736]}"
3686,0.0,22.0,8.0,9.612520217895508,11.0,18.302589188271007,109.69531129860525,1943.82275390625,53.0,0.6149343848228455,2.0,0.0,0.7342358202130163,14.300950050354004,42.0,"{""type"":""Point"",""coordinates"":[109.69404214898172,18.304224386069986]}"
3687,0.0,24.0,142.0,67.42855072021484,112.0,19.46141590478519,110.19387628129158,2799.3056640625,50.0,6.163478851318359,5.0,3.0,0.6565875347115209,11.91229248046875,39.0,"{""type"":""Point"",""coordinates"":[110.19274541042019,19.463401566026192]}"
3688,0.0,27.0,12.0,8.019795417785645,14.0,19.677011572973875,110.86312116796063,2075.732177734375,47.0,0.3763298988342285,7.0,3.0,0.7523338041944656,13.8368558883667,40.0,"{""type"":""Point"",""coordinates"":[110.86246680416346,19.677852672573543]}"
3689,0.0,30.0,180.0,27.63961410522461,106.0,19.389550682055628,109.82107543838197,2706.6318359375,45.0,1.7720965147018433,4.0,3.0,0.6820749090966886,13.138433456420898,37.0,"{""type"":""Point"",""coordinates"":[109.82292796842256,19.38766280070775]}"
3690,0.0,24.0,35.0,12.41024112701416,35.0,19.91057354684495,109.72226075712882,2031.4268798828125,46.0,0.8888615965843201,2.0,4.0,0.7500120712124826,13.916879653930664,33.0,"{""type"":""Point"",""coordinates"":[109.72237008849525,19.911588506303097]}"
3691,0.0,24.0,101.0,19.626298904418945,63.0,19.501840092570568,109.90192381395275,2689.060791015625,53.0,0.9089394211769104,4.0,3.0,0.72753010780684,13.855340957641602,38.0,"{""type"":""Point"",""coordinates"":[109.90328615858384,19.500524838436885]}"
3692,0.0,29.0,125.0,24.345844268798828,87.0,19.49734851614997,109.94234800173814,2728.1787109375,42.0,1.2941409349441528,4.0,3.0,0.6929376125787096,13.487287521362305,39.0,"{""type"":""Point"",""coordinates"":[109.94117388195865,19.49523628963141]}"
3693,0.0,30.0,108.0,14.52950382232666,105.0,19.55124743319714,109.37191779632224,2432.017333984375,47.0,0.7523806691169739,3.0,3.0,0.6808404821159864,14.040155410766602,37.0,"{""type"":""Point"",""coordinates"":[109.37053993676163,19.552929596747855]}"
3694,0.0,22.0,197.0,13.673736572265625,149.0,18.648440572657023,109.10691478750698,2049.567626953125,53.0,1.1255661249160767,3.0,1.0,0.6110073715802565,13.58162784576416,46.0,"{""type"":""Point"",""coordinates"":[109.10663984036725,18.650269264349866]}"
3695,0.0,28.0,480.0,32.19230270385742,466.0,18.71132264254539,108.85089493153288,2007.4139404296875,50.0,6.423510551452637,6.0,1.0,0.5759618014395191,11.634990692138672,46.0,"{""type"":""Point"",""coordinates"":[108.8502522198183,18.710700055399986]}"
3696,0.0,27.0,35.0,10.579056739807129,32.0,18.608016384871647,109.9513311545793,2182.07763671875,43.0,0.4627284109592438,4.0,1.0,0.703363205013609,14.56973934173584,47.0,"{""type"":""Point"",""coordinates"":[109.95236598500469,18.609676512721673]}"
3697,0.0,23.0,49.0,20.349872589111328,39.0,19.0706487561932,110.29718253896533,2778.37158203125,50.0,0.8029860258102417,4.0,2.0,0.7397296922607919,14.010311126708984,42.0,"{""type"":""Point"",""coordinates"":[110.29513207211039,19.069659543529756]}"
3698,0.0,25.0,21.0,14.037453651428223,10.0,19.726418913600448,110.18040155202976,2690.844970703125,45.0,0.3656105697154999,4.0,3.0,0.820607453255368,14.575894355773926,32.0,"{""type"":""Point"",""coordinates"":[110.18171607608319,19.7251434669592]}"
3699,0.0,30.0,396.0,52.361019134521484,362.0,18.832595205901526,108.89581069573887,2190.21240234375,46.0,10.488612174987793,7.0,2.0,0.5919857006681536,11.201558113098145,43.0,"{""type"":""Point"",""coordinates"":[108.89587645023994,18.831877447117876]}"
3700,0.0,26.0,43.0,17.739961624145508,44.0,19.367092799952644,108.70267290965319,1591.901611328125,49.0,3.585662841796875,5.0,3.0,0.6578772341185396,12.516225814819336,44.0,"{""type"":""Point"",""coordinates"":[108.70269623776615,19.366683572174153]}"
3701,0.0,24.0,75.0,12.916108131408691,44.0,19.72192733717985,109.74471863923185,2490.99609375,49.0,0.4195990562438965,3.0,3.0,0.7632539627166355,14.644011497497559,34.0,"{""type"":""Point"",""coordinates"":[109.74484966758762,19.72275093191469]}"
3702,0.0,24.0,24.0,7.61228084564209,24.0,18.34750495247698,109.4347998662106,1724.5115966796875,50.0,0.5934222340583801,4.0,0.0,0.7250228717356548,14.32734489440918,38.0,"{""type"":""Point"",""coordinates"":[109.43262444441196,18.34882283804473]}"
3703,0.0,31.0,61.0,12.359124183654785,61.0,19.371584376373235,108.91377700142124,1983.51708984375,41.0,1.0586732625961304,3.0,3.0,0.6857825495785667,13.726757049560547,40.0,"{""type"":""Point"",""coordinates"":[108.91229364538783,19.370830400063536]}"
3704,0.0,29.0,180.0,48.59564971923828,178.0,18.531659585721485,109.8031091326996,2166.52001953125,44.0,7.966153621673584,5.0,1.0,0.5961067568808132,11.629240989685059,46.0,"{""type"":""Point"",""coordinates"":[109.80511986938635,18.531964370914427]}"
3705,0.0,31.0,353.0,56.359745025634766,231.0,19.191921319549337,109.25513680938667,2445.3798828125,39.0,7.8787455558776855,7.0,2.0,0.6381688260772702,11.523825645446777,38.0,"{""type"":""Point"",""coordinates"":[109.25708258958072,19.193332520165555]}"
3706,0.0,25.0,27.0,6.935348033905029,27.0,19.816250442012404,110.97541057847559,1819.4388427734375,48.0,0.6569076776504517,3.0,4.0,0.6732836586858818,12.83940601348877,50.0,"{""type"":""Point"",""coordinates"":[110.97686293443273,19.816402140087774]}"
3707,0.0,25.0,94.0,23.792030334472656,39.0,19.38505910563503,109.89743223753214,2726.19140625,47.0,1.198058009147644,4.0,3.0,0.752989281932338,13.583332061767578,38.0,"{""type"":""Point"",""coordinates"":[109.89716954942652,19.383455010068662]}"
3708,0.0,24.0,44.0,14.500078201293945,45.0,19.74438521928284,110.83168013301645,2153.485107421875,51.0,1.8180243968963623,5.0,4.0,0.7053434473177893,12.212630271911621,42.0,"{""type"":""Point"",""coordinates"":[110.83066367564555,19.745243018268102]}"
3709,0.0,34.0,161.0,15.027531623840332,161.0,19.753368372124037,109.56505558240792,2150.156982421875,42.0,1.2988183498382568,5.0,4.0,0.6824138910854334,13.4613037109375,32.0,"{""type"":""Point"",""coordinates"":[109.56329361628543,19.753158690988556]}"
3710,0.0,25.0,172.0,20.86913299560547,137.0,18.8820025465281,110.1175194821414,2355.274169921875,48.0,1.5564063787460327,4.0,2.0,0.6339437625318475,13.273366928100586,45.0,"{""type"":""Point"",""coordinates"":[110.11769194386417,18.88246794854462]}"
3711,0.0,27.0,223.0,48.84003448486328,226.0,18.369962834579972,109.60547977019331,1955.3919677734375,48.0,11.109288215637207,4.0,1.0,0.585197300001147,11.262757301330566,43.0,"{""type"":""Point"",""coordinates"":[109.60684935426231,18.371790700073415]}"
3712,0.0,28.0,80.0,26.5794620513916,80.0,19.447941175523397,110.5756602770424,2639.311279296875,42.0,1.8880878686904907,4.0,3.0,0.6970858283927185,12.855338096618652,40.0,"{""type"":""Point"",""coordinates"":[110.57707492403645,19.445800021666994]}"
3713,0.0,23.0,33.0,6.838040828704834,33.0,18.360979681738776,109.20123789233952,1863.8387451171875,50.0,0.2593298852443695,2.0,1.0,0.7136943585170692,15.149957656860352,40.0,"{""type"":""Point"",""coordinates"":[109.20124282778744,18.35964041184036]}"
3714,0.0,42.0,105.0,15.976304054260254,105.0,19.789300983488815,109.60098819377271,2234.395751953125,33.0,1.3316529989242554,6.0,4.0,0.6870749922674917,13.470921516418457,33.0,"{""type"":""Point"",""coordinates"":[109.60308967794222,19.78959784142346]}"
3715,0.0,25.0,4.0,5.526580810546875,7.0,18.527168009300887,108.69818133323258,1585.786376953125,54.0,0.4234585464000702,2.0,1.0,0.7359847097871017,14.586601257324219,38.0,"{""type"":""Point"",""coordinates"":[108.69953907355686,18.525703589216413]}"
3716,0.0,24.0,91.0,29.46526336669922,82.0,19.645570538029695,109.47971563041654,2476.017578125,52.0,2.36299991607666,5.0,3.0,0.7254581816365235,12.905488014221191,31.0,"{""type"":""Point"",""coordinates"":[109.47936654251406,19.644119840336028]}"
3717,0.0,32.0,56.0,34.712501525878906,53.0,18.62598269055404,109.99624691878529,2182.07763671875,41.0,4.418291091918945,4.0,1.0,0.6680482109040503,12.299101829528809,46.0,"{""type"":""Point"",""coordinates"":[109.99815857278874,18.6274076168113]}"
3718,0.0,29.0,288.0,69.148193359375,288.0,18.643948996236425,110.18489312845037,2291.5322265625,46.0,13.195319175720215,4.0,1.0,0.5833818518023395,11.041975975036621,45.0,"{""type"":""Point"",""coordinates"":[110.18316942422247,18.643905799996393]}"
3719,0.0,25.0,6.0,8.21711254119873,7.0,20.018371380939293,110.67447495829555,2144.477783203125,49.0,0.370748370885849,3.0,4.0,0.7350658246905484,13.458922386169434,46.0,"{""type"":""Point"",""coordinates"":[110.6739811702773,20.019028927625175]}"
3720,0.0,29.0,450.0,21.25656509399414,430.0,18.79666259453675,110.1579436699268,2412.878662109375,48.0,1.8018461465835571,4.0,1.0,0.6107581009573004,12.933327674865723,47.0,"{""type"":""Point"",""coordinates"":[110.15976019343552,18.797890709370545]}"
3721,0.0,25.0,116.0,24.529220581054688,59.0,19.38505910563503,110.12201105856201,2897.550537109375,49.0,1.0638482570648193,4.0,3.0,0.7340210416623518,13.688814163208008,37.0,"{""type"":""Point"",""coordinates"":[110.12013865924833,19.38323909361934]}"
3722,0.0,33.0,96.0,16.88694190979004,79.0,19.376075952793833,110.32862357390951,2837.233154296875,39.0,0.5303537845611572,4.0,3.0,0.7071600530897881,14.397154808044434,39.0,"{""type"":""Point"",""coordinates"":[110.32909403498309,19.37651477786542]}"
3723,0.0,28.0,305.0,109.74085235595703,288.0,19.191921319549337,110.18489312845037,2890.72509765625,42.0,13.725523948669434,5.0,2.0,0.6095624682389071,10.989413261413574,41.0,"{""type"":""Point"",""coordinates"":[110.18568266830437,19.193605431890393]}"
3724,0.0,26.0,159.0,10.050749778747559,30.0,18.73827210106898,109.16530528097474,2084.326171875,52.0,0.5839211344718933,2.0,1.0,0.7080115219092166,14.262141227722168,43.0,"{""type"":""Point"",""coordinates"":[109.16451113293712,18.73778852242102]}"
3725,0.0,28.0,129.0,19.358043670654297,113.0,19.088615061875586,108.94521803636547,2238.482666015625,46.0,1.6363122463226318,4.0,2.0,0.6561939000931974,13.250126838684082,39.0,"{""type"":""Point"",""coordinates"":[108.94670855018127,19.090480877899953]}"
3726,0.0,24.0,244.0,69.92945098876953,152.0,19.46141590478519,109.72675233354943,2788.158203125,55.0,7.402572154998779,4.0,3.0,0.6592685862666435,11.661937713623047,36.0,"{""type"":""Point"",""coordinates"":[109.72465322417527,19.460442638367784]}"
3727,0.0,24.0,107.0,21.873655319213867,96.0,19.0751403326138,108.84640335511227,1850.015380859375,58.0,3.620656728744507,3.0,2.0,0.6229286373110737,12.4683198928833,41.0,"{""type"":""Point"",""coordinates"":[108.84672474491448,19.07542264932628]}"
3728,0.0,28.0,4.0,9.648707389831543,5.0,20.040829263042284,110.17590997560922,2238.55224609375,42.0,0.42200300097465515,2.0,4.0,0.782033139508472,13.79417610168457,37.0,"{""type"":""Point"",""coordinates"":[110.17461688368408,20.041229457237993]}"
3729,0.0,29.0,48.0,20.484210968017578,49.0,19.533281127514755,110.69693284039852,2457.46142578125,44.0,1.6635493040084839,7.0,3.0,0.755504702947809,12.843733787536621,34.0,"{""type"":""Point"",""coordinates"":[110.69555503494855,19.53356676645626]}"
3730,0.0,23.0,195.0,8.582429885864258,55.0,18.724797371807185,109.2775946914897,2028.6820068359375,56.0,0.417076051235199,3.0,1.0,0.6716112453169134,14.575797080993652,44.0,"{""type"":""Point"",""coordinates"":[109.27667660924143,18.722788355404404]}"
3731,0.0,25.0,9.0,5.184109210968018,9.0,19.4434495991028,108.83292862585051,1722.59765625,49.0,0.1298488974571228,6.0,3.0,0.7367741316418619,15.855557441711426,40.0,"{""type"":""Point"",""coordinates"":[108.83202891219766,19.4421756506885]}"
3732,0.0,21.0,50.0,25.873889923095703,50.0,18.35199652889758,109.33598518495745,1896.1163330078125,55.0,3.854356527328491,3.0,0.0,0.6922713624057775,12.439657211303711,38.0,"{""type"":""Point"",""coordinates"":[109.33375887055652,18.353653331741786]}"
3733,0.0,25.0,147.0,9.06751537322998,67.0,19.317685459326064,109.29556099717206,2292.181396484375,54.0,0.22943836450576782,4.0,3.0,0.7052691842689662,15.20380687713623,38.0,"{""type"":""Point"",""coordinates"":[109.29519527391733,19.316884382876975]}"
3734,0.0,27.0,472.0,95.77406311035156,431.0,18.729288948227783,109.71776918070822,2552.35693359375,48.0,18.73270034790039,4.0,1.0,0.5507569351912962,10.53860855102539,49.0,"{""type"":""Point"",""coordinates"":[109.71971224189078,18.727549370433735]}"
3735,0.0,23.0,36.0,17.76560401916504,22.0,19.699469455076866,110.14446894066504,2663.0341796875,50.0,0.6989864110946655,2.0,3.0,0.8121039731908161,14.156638145446777,30.0,"{""type"":""Point"",""coordinates"":[110.14658890479191,19.699239527458275]}"
3736,0.0,28.0,322.0,56.345027923583984,217.0,18.864036240845707,109.98277218952347,2521.72802734375,47.0,7.219909191131592,4.0,2.0,0.6086475048352351,11.634086608886719,46.0,"{""type"":""Point"",""coordinates"":[109.98153954161302,18.866097321944203]}"
3737,0.0,27.0,7.0,13.02845287322998,9.0,19.627604232347302,110.76430648670748,2321.650390625,42.0,0.7080488801002502,4.0,3.0,0.7825571577505332,13.734786987304688,37.0,"{""type"":""Point"",""coordinates"":[110.76472655614101,19.627156109440733]}"
3738,0.0,22.0,80.0,14.555120468139648,47.0,19.672519996553277,109.83455016764378,2675.355712890625,54.0,0.4195881187915802,3.0,3.0,0.7748653112843272,14.641051292419434,32.0,"{""type"":""Point"",""coordinates"":[109.83324691260748,19.673854406331074]}"
3739,0.0,26.0,117.0,17.446924209594727,68.0,19.403025411317422,109.25962838580728,2310.087890625,48.0,1.205450177192688,3.0,3.0,0.7198802984160508,13.563209533691406,34.0,"{""type"":""Point"",""coordinates"":[109.26136210829748,19.40523703446023]}"
3740,0.0,31.0,317.0,70.30909729003906,186.0,19.263786542278893,109.58751346451089,2608.364501953125,36.0,8.956182479858398,4.0,2.0,0.6419530829443767,11.419196128845215,38.0,"{""type"":""Point"",""coordinates"":[109.58722894118668,19.264747283908804]}"
3741,0.0,30.0,222.0,46.583702087402344,98.0,18.82361205306033,109.13835582245116,2290.61767578125,43.0,6.557860374450684,5.0,2.0,0.6117655564172546,11.79879093170166,45.0,"{""type"":""Point"",""coordinates"":[109.13700108181727,18.823642420520574]}"
3742,0.0,24.0,13.0,9.811283111572266,14.0,19.99591349883631,110.7777812159693,2203.242919921875,49.0,0.6497116684913635,2.0,4.0,0.7242551707986747,12.882314682006836,47.0,"{""type"":""Point"",""coordinates"":[110.77994538117863,19.99399121462301]}"
3743,0.0,27.0,915.0,57.26606750488281,824.0,18.80115417095734,108.98564222415081,2373.494873046875,49.0,15.812528610229492,10.0,1.0,0.5725824624669976,10.293984413146973,40.0,"{""type"":""Point"",""coordinates"":[108.98531680238604,18.80012740685937]}"
3744,0.0,26.0,147.0,30.822534561157227,130.0,19.290736000802482,110.27023308044176,2901.84375,44.0,1.5715460777282715,4.0,3.0,0.6838998167548546,13.279380798339844,37.0,"{""type"":""Point"",""coordinates"":[110.27176954696124,19.289732828583528]}"
3745,0.0,24.0,179.0,21.118776321411133,161.0,19.021241415566628,108.85089493153288,2139.3857421875,56.0,2.2757978439331055,4.0,2.0,0.6361312547575952,12.888694763183594,41.0,"{""type"":""Point"",""coordinates"":[108.85052373740412,19.019714542649865]}"
3746,0.0,23.0,184.0,83.13147735595703,175.0,18.65293214907762,109.91539854321451,2365.515625,51.0,14.191365242004395,3.0,1.0,0.5791720836081118,11.034987449645996,47.0,"{""type"":""Point"",""coordinates"":[109.91475166628439,18.653427403404393]}"
3747,0.0,28.0,199.0,45.561100006103516,190.0,19.21437920165232,110.24328362191818,2882.9013671875,45.0,3.2241740226745605,4.0,2.0,0.6600008070805305,12.527022361755371,40.0,"{""type"":""Point"",""coordinates"":[110.2441186656851,19.214398311598085]}"
3748,0.0,26.0,57.0,21.54863739013672,57.0,19.35361807069085,110.56667712420119,2631.7060546875,47.0,1.2925728559494019,7.0,3.0,0.7377606166586267,13.252521514892578,38.0,"{""type"":""Point"",""coordinates"":[110.56800581572062,19.354208849362944]}"
3749,0.0,26.0,25.0,11.305569648742676,11.0,19.757859948544635,110.15345209350619,2580.828125,47.0,0.21585188806056976,4.0,4.0,0.8234872866009995,15.067081451416016,31.0,"{""type"":""Point"",""coordinates"":[110.1553750457982,19.75991648627213]}"
3750,0.0,22.0,16.0,7.607398986816406,16.0,18.41038702236535,109.14733897529231,1858.1837158203125,59.0,0.4623996317386627,2.0,1.0,0.7281667345243336,14.58145523071289,41.0,"{""type"":""Point"",""coordinates"":[109.14519507711152,18.411761972214972]}"
3751,0.0,29.0,685.0,44.55995178222656,683.0,18.73378052464838,108.80148759090633,2103.400634765625,49.0,11.760775566101074,5.0,1.0,0.5703428262391002,10.844464302062988,42.0,"{""type"":""Point"",""coordinates"":[108.80012388678765,18.735974704205002]}"
3752,0.0,25.0,62.0,8.137295722961426,54.0,19.29971915364368,108.91377700142124,2153.833740234375,57.0,0.2596462368965149,2.0,3.0,0.7106267613691425,15.13172435760498,39.0,"{""type"":""Point"",""coordinates"":[108.91400730931177,19.301133768277065]}"
3753,0.0,30.0,784.0,58.43455123901367,571.0,18.8820025465281,109.63242922871689,2310.563720703125,44.0,15.144225120544434,6.0,2.0,0.5529895309401327,10.484749794006348,45.0,"{""type"":""Point"",""coordinates"":[109.6329264043967,18.879811185730308]}"
3754,0.0,37.0,81.0,35.11801528930664,70.0,19.60514635024431,110.23879204549758,2701.07666015625,36.0,2.6579246520996094,5.0,3.0,0.727299886307076,12.77377986907959,35.0,"{""type"":""Point"",""coordinates"":[110.23977610129734,19.605702188555217]}"
3755,0.0,27.0,98.0,28.41227149963379,98.0,18.26216500048563,109.53810612388435,1696.813720703125,49.0,6.537399768829346,4.0,0.0,0.6127798469533521,11.879871368408203,39.0,"{""type"":""Point"",""coordinates"":[109.53725164379534,18.26072319730718]}"
3756,0.0,27.0,451.0,31.902170181274414,281.0,18.85954466442511,109.46174932473417,2306.155517578125,48.0,3.9379515647888184,5.0,2.0,0.5972092442336947,12.149463653564453,47.0,"{""type"":""Point"",""coordinates"":[109.46389166966736,18.861008159416222]}"
3757,0.0,32.0,413.0,68.43637084960938,221.0,19.079631909034397,109.4347998662106,2437.366943359375,37.0,11.479222297668457,5.0,2.0,0.6031374801222612,11.096445083618164,42.0,"{""type"":""Point"",""coordinates"":[109.43460542673526,19.07922088538171]}"
3758,0.0,29.0,444.0,35.90219497680664,388.0,18.940393039995868,108.94521803636547,2119.0771484375,44.0,6.100181579589844,5.0,2.0,0.5931988872934997,11.714959144592285,44.0,"{""type"":""Point"",""coordinates"":[108.94596666265413,18.940945021531114]}"
3759,0.0,22.0,161.0,19.28851318359375,159.0,18.482252245094912,109.05750744688038,1829.8240966796875,57.0,2.9421544075012207,4.0,1.0,0.5991172375799608,12.642908096313477,45.0,"{""type"":""Point"",""coordinates"":[109.05884559823194,18.48216242073455]}"
3760,0.0,27.0,519.0,45.02570724487305,395.0,18.778696288854356,109.0305579883568,2110.38330078125,49.0,9.72626781463623,8.0,1.0,0.5837185164499352,11.183516502380371,43.0,"{""type"":""Point"",""coordinates"":[109.03022698481077,18.77928045515508]}"
3761,0.0,27.0,23.0,33.085533142089844,20.0,19.16048028460515,110.34658987959187,2951.798828125,42.0,1.6224123239517212,4.0,2.0,0.7753700979263607,13.321928977966309,38.0,"{""type"":""Point"",""coordinates"":[110.347948780313,19.158327522595727]}"
3762,0.0,30.0,570.0,25.252199172973633,462.0,18.819120476639732,109.843533320485,2472.33447265625,40.0,2.2417683601379395,5.0,1.0,0.6191207325044635,12.618000030517578,44.0,"{""type"":""Point"",""coordinates"":[109.84499362027869,18.819973455003247]}"
3763,0.0,26.0,7.0,14.326018333435059,9.0,19.6365873851885,110.75083175744567,2321.650390625,46.0,0.9150152206420898,4.0,3.0,0.7817577820163011,13.478324890136719,37.0,"{""type"":""Point"",""coordinates"":[110.75081695993337,19.636532644556127]}"
3764,0.0,29.0,282.0,65.55398559570312,273.0,19.259294965858295,110.27921623328291,2901.84375,50.0,6.374490261077881,4.0,2.0,0.6559892618388817,11.78738784790039,37.0,"{""type"":""Point"",""coordinates"":[110.27932901453701,19.26116525527126]}"
3765,0.0,25.0,18.0,10.118905067443848,21.0,18.864036240845707,110.36006460885369,2301.30419921875,48.0,0.29313257336616516,2.0,2.0,0.727478440745277,15.03611946105957,46.0,"{""type"":""Point"",""coordinates"":[110.35968356957864,18.863848376799172]}"
3766,0.0,22.0,26.0,7.522360324859619,26.0,20.10371133293065,110.6834581111367,2105.279052734375,53.0,0.2513744831085205,2.0,4.0,0.7233421908410319,13.759895324707031,43.0,"{""type"":""Point"",""coordinates"":[110.68431836884204,20.10259059696102]}"
3767,0.0,29.0,81.0,26.03020477294922,58.0,19.69048630223567,109.93336484889693,2648.017578125,45.0,1.6231611967086792,3.0,3.0,0.7526151122318172,13.287346839904785,33.0,"{""type"":""Point"",""coordinates"":[109.9353084607907,19.691077184427385]}"
3768,0.0,29.0,55.0,37.76359558105469,48.0,19.641078961609097,109.45725774831357,2476.017578125,47.0,3.5860724449157715,3.0,3.0,0.7502238052506356,12.509064674377441,33.0,"{""type"":""Point"",""coordinates"":[109.45538507661314,19.64031661834407]}"
3769,0.0,31.0,126.0,31.358924865722656,126.0,18.49123539793611,109.94683957815869,1976.6275634765625,41.0,5.027159690856934,4.0,1.0,0.6069536420614119,12.127264022827148,44.0,"{""type"":""Point"",""coordinates"":[109.94735782215275,18.492963332560567]}"
3770,0.0,27.0,193.0,44.9761848449707,139.0,19.01674983914603,109.08445690540395,2349.6279296875,48.0,5.646324634552002,3.0,2.0,0.6383247385338934,11.968362808227539,40.0,"{""type"":""Point"",""coordinates"":[109.08313725241878,19.017183498126236]}"
3771,0.0,26.0,797.0,65.28679656982422,710.0,18.819120476639732,109.72675233354943,2423.74072265625,46.0,15.199041366577148,5.0,1.0,0.5567744749326522,10.46744155883789,45.0,"{""type"":""Point"",""coordinates"":[109.72626794991773,18.81932365110203]}"
3772,0.0,28.0,111.0,36.18660354614258,113.0,18.414878598785947,109.68183656934343,1980.6805419921875,50.0,6.464242458343506,3.0,1.0,0.6116567353352558,11.883331298828125,42.0,"{""type"":""Point"",""coordinates"":[109.68393268157638,18.416820370428987]}"
3773,0.0,26.0,252.0,59.3016242980957,140.0,19.200904472390526,109.84802489690554,2768.3896484375,50.0,5.712644577026367,4.0,2.0,0.6519758246361731,11.918028831481934,39.0,"{""type"":""Point"",""coordinates"":[109.84899920241178,19.201784164026037]}"
3774,0.0,27.0,12.0,14.345399856567383,12.0,19.281752847961286,110.49032032505102,2790.639892578125,41.0,0.28679710626602173,5.0,3.0,0.7886965848667925,15.042276382446289,39.0,"{""type"":""Point"",""coordinates"":[110.49194216932032,19.281396646660596]}"
3775,0.0,22.0,22.0,7.941347122192383,22.0,18.500218550777305,110.01421322446765,1955.7574462890625,54.0,0.34942978620529175,2.0,1.0,0.70957971620393,14.858128547668457,45.0,"{""type"":""Point"",""coordinates"":[110.01237699488355,18.501680148550644]}"
3776,0.0,26.0,274.0,17.853376388549805,272.0,18.49123539793611,109.13386424603056,1871.6771240234375,53.0,2.6552939414978027,4.0,1.0,0.5957526666729045,12.671985626220703,45.0,"{""type"":""Point"",""coordinates"":[109.1332642261103,18.492581451034546]}"
3778,0.0,26.0,108.0,63.05251693725586,104.0,18.819120476639732,110.26574150402115,2386.62255859375,51.0,8.963397026062012,4.0,1.0,0.6077220805519076,11.55434513092041,46.0,"{""type"":""Point"",""coordinates"":[110.26768848851628,18.81917691458899]}"
3779,0.0,26.0,39.0,21.558868408203125,27.0,19.120056096819773,110.22980889265637,2878.176513671875,46.0,0.8121114373207092,4.0,2.0,0.7445002231477259,14.004864692687988,44.0,"{""type"":""Point"",""coordinates"":[110.22907610180462,19.11848325646277]}"
3780,0.0,24.0,42.0,16.388566970825195,39.0,19.793792559909413,110.07260371793546,2570.09765625,53.0,0.8109146356582642,3.0,4.0,0.7828803801278365,13.730457305908203,32.0,"{""type"":""Point"",""coordinates"":[110.07314754481321,19.792233044138346]}"
3781,0.0,28.0,123.0,49.485992431640625,91.0,19.133530826081568,110.09057002361783,2726.04931640625,47.0,4.2288126945495605,4.0,2.0,0.6535615994360273,12.302794456481934,44.0,"{""type"":""Point"",""coordinates"":[110.0912160911203,19.132610302363602]}"
3782,0.0,27.0,431.0,37.49289321899414,286.0,18.73827210106898,109.32700203211624,2217.32763671875,50.0,5.83842658996582,5.0,1.0,0.5959145812973293,11.769025802612305,45.0,"{""type"":""Point"",""coordinates"":[109.3258138190434,18.737603627318556]}"
3783,0.0,28.0,42.0,11.851419448852539,42.0,19.88811566474196,110.3645561852743,2553.987548828125,42.0,0.3103334307670593,7.0,4.0,0.7526487149541059,14.528511047363281,39.0,"{""type"":""Point"",""coordinates"":[110.36473969109723,19.888422302077554]}"
3784,0.0,30.0,89.0,21.103759765625,59.0,19.569213738879533,110.06811214151486,2707.701904296875,43.0,1.0363718271255493,4.0,3.0,0.7498500984382069,13.731355667114258,34.0,"{""type"":""Point"",""coordinates"":[110.06752454660123,19.567071215845612]}"
3785,0.0,26.0,163.0,31.174922943115234,65.0,19.34912649427025,109.72675233354943,2654.894287109375,44.0,2.095989942550659,4.0,3.0,0.7204278198439292,12.981200218200684,37.0,"{""type"":""Point"",""coordinates"":[109.7288581124605,19.34841952759876]}"
3786,0.0,30.0,283.0,37.83583450317383,159.0,19.173955013866944,109.25962838580728,2445.3798828125,41.0,3.957991600036621,4.0,2.0,0.6585093339095679,12.265820503234863,37.0,"{""type"":""Point"",""coordinates"":[109.26104967442666,19.17284317947433]}"
3787,0.0,28.0,596.0,46.43378829956055,472.0,19.15598870818455,109.21022104518073,2567.65673828125,49.0,6.143453598022461,7.0,2.0,0.632762768422663,11.584303855895996,39.0,"{""type"":""Point"",""coordinates"":[109.21070483728391,19.154716993530467]}"
3788,0.0,21.0,71.0,16.982683181762695,61.0,19.18293816670814,108.92276015426245,2189.958740234375,59.0,1.3794525861740112,2.0,2.0,0.6864594411875073,13.456076622009277,42.0,"{""type"":""Point"",""coordinates"":[108.92363304943676,19.18301774844899]}"
3789,0.0,30.0,6.0,8.440155029296875,7.0,20.036337686621685,110.63405077051016,2204.564208984375,41.0,0.3441552519798279,2.0,4.0,0.742494655129217,13.533354759216309,45.0,"{""type"":""Point"",""coordinates"":[110.63458159279669,20.036732659991145]}"
3790,0.0,23.0,25.0,16.816469192504883,25.0,19.29971915364368,110.51277820715399,2746.599853515625,51.0,0.5474735498428345,6.0,3.0,0.7685531954622538,14.369601249694824,40.0,"{""type"":""Point"",""coordinates"":[110.51072950273269,19.30058015532112]}"
3791,0.0,31.0,103.0,22.184171676635742,88.0,19.4434495991028,110.4813371722098,2699.34765625,37.0,1.1981688737869263,4.0,3.0,0.6939018658316447,13.41409969329834,39.0,"{""type"":""Point"",""coordinates"":[110.48317402941423,19.442391676003332]}"
3792,0.0,29.0,81.0,12.439294815063477,81.0,19.528789551094157,109.21022104518073,2256.702880859375,48.0,0.7004725337028503,3.0,3.0,0.7022779316220166,14.12794017791748,35.0,"{""type"":""Point"",""coordinates"":[109.20814005367963,19.529310419937552]}"
3793,0.0,25.0,288.0,44.557037353515625,262.0,18.661915301918818,109.01259168267438,2068.859619140625,50.0,8.310858726501465,4.0,1.0,0.5827172719616575,11.515129089355469,46.0,"{""type"":""Point"",""coordinates"":[109.01314553613074,18.660906024312254]}"
3794,0.0,31.0,907.0,38.36079788208008,778.0,18.890985699369296,109.17878001023655,2323.998046875,41.0,7.907912254333496,7.0,2.0,0.5692952291679849,11.01590633392334,45.0,"{""type"":""Point"",""coordinates"":[109.17960992777726,18.892130644031752]}"
3795,0.0,31.0,77.0,13.55933666229248,66.0,19.582688468141328,110.30167411538594,2749.435791015625,40.0,0.298185259103775,5.0,3.0,0.7248308010617376,14.945453643798828,39.0,"{""type"":""Point"",""coordinates"":[110.30236791187981,19.583784725586405]}"
3797,0.0,27.0,288.0,13.464807510375977,143.0,18.810137323798536,109.32251045569564,2183.524658203125,49.0,0.9626465439796448,5.0,1.0,0.6244781229083183,13.677714347839355,44.0,"{""type"":""Point"",""coordinates"":[109.32028687341608,18.812202210978743]}"
3798,0.0,30.0,559.0,99.70743560791016,469.0,19.245820236596508,109.94234800173814,2784.114013671875,43.0,16.8443660736084,6.0,2.0,0.6024863302430136,10.581616401672363,38.0,"{""type"":""Point"",""coordinates"":[109.94459367885612,19.246957961854644]}"
3799,0.0,32.0,389.0,33.159427642822266,382.0,18.590050079189254,108.95869276562723,2125.137451171875,39.0,5.148866653442383,5.0,1.0,0.5777042491589017,11.92678165435791,49.0,"{""type"":""Point"",""coordinates"":[108.95765876963867,18.590601039509995]}"
3800,0.0,28.0,209.0,18.097850799560547,125.0,19.232345507334713,109.1877631630777,2517.046630859375,47.0,1.0257433652877808,4.0,2.0,0.6746830077009268,13.66677188873291,38.0,"{""type"":""Point"",""coordinates"":[109.188716795872,19.23104726505677]}"
3801,0.0,26.0,272.0,34.76253890991211,181.0,19.12903924966097,109.91090696679396,2684.6376953125,48.0,2.6190683841705322,4.0,2.0,0.6504995138922409,12.687093734741211,42.0,"{""type"":""Point"",""coordinates"":[109.90985175742144,19.12679685280319]}"
3802,0.0,27.0,173.0,68.31185150146484,148.0,19.142513978922757,110.10853632930025,2760.662841796875,48.0,6.902994155883789,4.0,2.0,0.6296887384485973,11.778549194335938,44.0,"{""type"":""Point"",""coordinates"":[110.10888949691976,19.141566886116642]}"
3803,0.0,24.0,46.0,17.077058792114258,42.0,19.398533834896824,109.08894848182456,2049.8125,50.0,1.617708444595337,2.0,3.0,0.7309646081634816,13.311442375183105,35.0,"{""type"":""Point"",""coordinates"":[109.08847664680408,19.397302532898703]}"
3804,0.0,25.0,190.0,22.409481048583984,93.0,19.232345507334713,109.82107543838197,2768.3896484375,54.0,1.1418508291244507,3.0,2.0,0.6867686317250616,13.571751594543457,38.0,"{""type"":""Point"",""coordinates"":[109.82065669231291,19.23199579730025]}"
3805,0.0,21.0,14.0,6.4082770347595215,15.0,19.18293816670814,108.72513079175616,1659.1658935546875,54.0,0.4306012988090515,2.0,2.0,0.7174612361875388,14.65385627746582,41.0,"{""type"":""Point"",""coordinates"":[108.72705758937887,19.183310484676895]}"
3806,0.0,24.0,114.0,11.964655876159668,91.0,19.335651765008457,109.1832715866571,2365.332763671875,47.0,0.42936134338378906,3.0,3.0,0.6877213263464645,14.597480773925781,37.0,"{""type"":""Point"",""coordinates"":[109.181488672652,19.3365624157924]}"
3807,0.0,29.0,45.0,10.747404098510742,46.0,19.367092799952644,108.78352128522391,1573.7412109375,44.0,1.6892465353012085,3.0,3.0,0.6591654763698414,13.268732070922852,44.0,"{""type"":""Point"",""coordinates"":[108.78154114802393,19.36628292592443]}"
3808,0.0,31.0,431.0,54.27687454223633,376.0,18.922426734313476,108.94072645994487,2119.0771484375,41.0,12.19155502319336,5.0,2.0,0.5748776656515843,11.02095890045166,44.0,"{""type"":""Point"",""coordinates"":[108.93855120790151,18.920889079321814]}"
3809,0.0,30.0,823.0,60.635894775390625,595.0,19.0706487561932,109.24166208012491,2493.557373046875,41.0,12.909424781799316,7.0,2.0,0.5943142658339747,10.609837532043457,39.0,"{""type"":""Point"",""coordinates"":[109.24061594466798,19.0721226633024]}"
3810,0.0,25.0,8.0,8.596123695373535,9.0,19.94650615820973,110.79574752165166,2178.518310546875,43.0,0.3441552519798279,2.0,4.0,0.711839873024195,13.528929710388184,51.0,"{""type"":""Point"",""coordinates"":[110.79417886951296,19.945105365540282]}"
3811,0.0,27.0,155.0,51.96977615356445,147.0,19.254803389437704,110.28819938612412,2901.84375,52.0,4.047500133514404,4.0,2.0,0.6814820244680474,12.326929092407227,35.0,"{""type"":""Point"",""coordinates"":[110.2882095214222,19.256225198937905]}"
3812,0.0,29.0,370.0,50.969791412353516,358.0,19.223362354493517,110.22531731623576,2882.9013671875,44.0,4.231060028076172,4.0,2.0,0.645757182113337,12.137825965881348,40.0,"{""type"":""Point"",""coordinates"":[110.22503593126142,19.2220941270777]}"
3813,0.0,23.0,101.0,10.893677711486816,74.0,19.371584376373235,109.22369577444249,2389.856201171875,50.0,0.2931711971759796,4.0,3.0,0.7235748163954122,14.9869384765625,34.0,"{""type"":""Point"",""coordinates"":[109.22467133484466,19.37318607112456]}"
3814,0.0,29.0,875.0,68.55692291259766,725.0,19.15598870818455,109.76268494491421,2877.500244140625,45.0,11.10781192779541,6.0,2.0,0.5951779394836715,10.70703125,40.0,"{""type"":""Point"",""coordinates"":[109.76118827537285,19.156481007008253]}"
3815,0.0,28.0,12.0,11.449117660522461,12.0,19.964472463892122,110.37803091453611,2467.777587890625,38.0,0.38982054591178894,4.0,4.0,0.7712943191701029,13.862346649169922,41.0,"{""type"":""Point"",""coordinates"":[110.37790976900456,19.965409187592773]}"
3816,0.0,28.0,483.0,66.89996337890625,440.0,18.76522155959256,109.97828061310292,2480.6611328125,44.0,11.013837814331055,7.0,1.0,0.5911276458332797,11.085219383239746,45.0,"{""type"":""Point"",""coordinates"":[109.97659905815703,18.764816815169432]}"
3817,0.0,23.0,99.0,19.844568252563477,102.0,18.62598269055404,108.83292862585051,1809.532958984375,53.0,3.01814341545105,4.0,1.0,0.5924917785607685,12.65559196472168,47.0,"{""type"":""Point"",""coordinates"":[108.8307753427727,18.627094146178788]}"
3818,0.0,22.0,126.0,13.693449974060059,96.0,19.429974869841004,109.2326789272837,2333.505615234375,56.0,0.7143113613128662,3.0,3.0,0.7005948675106284,14.081074714660645,32.0,"{""type"":""Point"",""coordinates"":[109.23461932178085,19.429665458789483]}"
3819,0.0,29.0,390.0,66.91669464111328,371.0,19.164971861025748,110.13548578782382,2854.14404296875,45.0,6.9685773849487305,5.0,2.0,0.6305158513632078,11.621162414550781,41.0,"{""type"":""Point"",""coordinates"":[110.13603583959173,19.1660161436077]}"
3820,0.0,28.0,269.0,18.54266929626465,164.0,18.814628900219134,109.9603143074205,2427.01904296875,49.0,1.2747348546981812,4.0,1.0,0.633597292796791,13.409730911254883,45.0,"{""type"":""Point"",""coordinates"":[109.96021588618203,18.814428069844798]}"
3821,0.0,35.0,130.0,23.935800552368164,119.0,19.60514635024431,110.26124992760055,2673.14404296875,36.0,1.4408077001571655,8.0,3.0,0.6942098030575066,13.336555480957031,36.0,"{""type"":""Point"",""coordinates"":[110.26121525046287,19.60300114953921]}"
3822,0.0,27.0,216.0,46.955806732177734,214.0,18.41038702236535,109.5515808531461,2056.27685546875,48.0,8.969443321228027,4.0,1.0,0.5975591441229248,11.485709190368652,43.0,"{""type"":""Point"",""coordinates"":[109.54990076198906,18.40818138525526]}"
3823,0.0,25.0,159.0,11.950098991394043,62.0,19.281752847961286,109.77166809775542,2657.0927734375,53.0,0.23734934628009796,3.0,3.0,0.7321287450460127,15.162403106689453,37.0,"{""type"":""Point"",""coordinates"":[109.77318563856082,19.280450079469528]}"
3824,0.0,29.0,920.0,54.96083450317383,803.0,18.82810362948093,109.67734499292288,2337.958984375,47.0,15.823752403259277,6.0,2.0,0.540935172042415,10.287245750427246,46.0,"{""type"":""Point"",""coordinates"":[109.6751662608364,18.827933151067224]}"
3825,0.0,30.0,8.0,6.266093730926514,9.0,19.86116620621838,109.4392914426312,1876.4931640625,39.0,0.16744665801525116,3.0,4.0,0.7660023059405385,15.601836204528809,35.0,"{""type"":""Point"",""coordinates"":[109.43744022503864,19.85977280488412]}"
3826,0.0,27.0,115.0,13.46062183380127,61.0,19.025732991987226,108.96767591846844,2379.517822265625,46.0,0.6228060722351074,4.0,2.0,0.7040214387786483,14.224913597106934,41.0,"{""type"":""Point"",""coordinates"":[108.96905682064258,19.025811350567785]}"
3827,0.0,25.0,17.0,12.257108688354492,8.0,19.681503149394473,110.25675835117994,2648.124267578125,47.0,0.24367380142211914,2.0,3.0,0.8311807072006208,14.960914611816406,30.0,"{""type"":""Point"",""coordinates"":[110.25805281813413,19.679972158543038]}"
3828,0.0,23.0,171.0,9.81123161315918,154.0,18.54064273856268,109.06649059972159,1874.0784912109375,57.0,0.8584384322166443,2.0,1.0,0.5981123802390728,13.869190216064453,47.0,"{""type"":""Point"",""coordinates"":[109.06791549107535,18.542682593687488]}"
3829,0.0,26.0,132.0,48.533260345458984,127.0,18.527168009300887,109.71776918070822,2198.287353515625,52.0,7.634794235229492,4.0,1.0,0.5966775217749203,11.7023344039917,47.0,"{""type"":""Point"",""coordinates"":[109.71912762920604,18.528833624117638]}"
3830,0.0,32.0,114.0,29.209636688232422,91.0,19.618621079506106,110.0007384952059,2651.353759765625,41.0,2.0084946155548096,4.0,3.0,0.712994168030727,13.054247856140137,33.0,"{""type"":""Point"",""coordinates"":[109.99852735453975,19.616633737327508]}"
3831,0.0,24.0,39.0,7.913022518157959,39.0,19.41200856415862,109.03954114119801,2060.9833984375,51.0,0.243267223238945,2.0,3.0,0.7364053002426751,15.210402488708496,36.0,"{""type"":""Point"",""coordinates"":[109.03973159360748,19.41312211239195]}"
3832,0.0,23.0,58.0,21.9388484954834,53.0,18.787679441695552,110.19836785771219,2412.878662109375,55.0,1.5776690244674683,4.0,1.0,0.6875797593314629,13.329458236694336,47.0,"{""type"":""Point"",""coordinates"":[110.19801254352159,18.787948045314526]}"
3833,0.0,27.0,12.0,6.412422180175781,15.0,18.706831066124792,110.40947194948029,2023.2283935546875,49.0,0.08341195434331894,3.0,1.0,0.7149880965429347,16.277267456054688,47.0,"{""type"":""Point"",""coordinates"":[110.408591965368,18.70631964806652]}"
3834,0.0,25.0,299.0,35.70097732543945,145.0,19.043699297669612,109.80760070912021,2564.527099609375,50.0,3.1579952239990234,4.0,2.0,0.6451039413058273,12.481246948242188,42.0,"{""type"":""Point"",""coordinates"":[109.80606311436813,19.044326937392682]}"
3835,0.0,24.0,171.0,18.139028549194336,88.0,19.313193882905473,109.78963440343779,2644.804443359375,55.0,0.8624774813652039,3.0,3.0,0.6951358271589212,13.864495277404785,38.0,"{""type"":""Point"",""coordinates"":[109.79157295130729,19.312944151316458]}"
3836,0.0,27.0,198.0,33.9132080078125,114.0,18.68437318402181,109.08445690540395,2091.1044921875,43.0,4.796042442321777,4.0,1.0,0.609578723620677,12.129268646240234,44.0,"{""type"":""Point"",""coordinates"":[109.08283633547119,18.684956764389657]}"
3837,0.0,27.0,292.0,72.59919738769531,238.0,19.052682450510808,109.06649059972159,2391.03076171875,50.0,12.731851577758789,5.0,2.0,0.6170616983540567,11.076245307922363,39.0,"{""type"":""Point"",""coordinates"":[109.06547743708234,19.05451273686425]}"
3838,0.0,26.0,61.0,40.247737884521484,54.0,18.477760668674314,109.26411996222788,1937.287353515625,49.0,7.5308518409729,11.0,1.0,0.6522321862242815,11.7590970993042,45.0,"{""type"":""Point"",""coordinates"":[109.26211007645676,18.477190374998248]}"
3839,0.0,29.0,542.0,41.65401077270508,486.0,19.138022402502166,109.13835582245116,2411.672119140625,47.0,5.9008097648620605,7.0,2.0,0.6281287253859384,11.670554161071777,39.0,"{""type"":""Point"",""coordinates"":[109.13781076396212,19.139300232183405]}"
3840,0.0,25.0,175.0,45.819091796875,149.0,18.949376192837065,110.19836785771219,2585.531982421875,53.0,4.477820873260498,4.0,2.0,0.6307697860740874,12.212916374206543,46.0,"{""type"":""Point"",""coordinates"":[110.1984236659236,18.948024997762314]}"
3841,0.0,30.0,10.0,12.65711784362793,11.0,19.340143341429055,110.67447495829555,2424.804443359375,41.0,0.558993399143219,3.0,3.0,0.7862271083103795,14.001420974731445,37.0,"{""type"":""Point"",""coordinates"":[110.67307124060791,19.34121054647928]}"
3842,0.0,26.0,17.0,12.77796459197998,20.0,18.926918310734074,110.40947194948029,2358.38232421875,47.0,0.5473369359970093,3.0,2.0,0.7450301367066677,14.412235260009766,43.0,"{""type"":""Point"",""coordinates"":[110.41111738652467,18.928147898419386]}"
3843,0.0,26.0,58.0,13.042731285095215,58.0,19.483873786888182,109.04852429403917,1899.8560791015625,51.0,1.3578035831451416,2.0,3.0,0.7047277835275124,13.479604721069336,35.0,"{""type"":""Point"",""coordinates"":[109.0503775972273,19.485591360134777]}"
3844,0.0,26.0,372.0,53.16639709472656,305.0,18.65742372549822,109.34047676137806,2189.4697265625,50.0,10.195581436157227,4.0,1.0,0.5872992246186134,11.248063087463379,44.0,"{""type"":""Point"",""coordinates"":[109.34185032863341,18.65828003198552]}"
3845,0.0,28.0,323.0,47.37208938598633,203.0,19.340143341429055,109.47073247757538,2691.92822265625,51.0,4.737212657928467,4.0,3.0,0.6615414797755508,12.05781078338623,37.0,"{""type"":""Point"",""coordinates"":[109.47025752074137,19.339253006145082]}"
3846,0.0,22.0,75.0,15.218708038330078,41.0,19.68599472581507,109.62793765229628,2461.822021484375,58.0,0.7509830594062805,3.0,3.0,0.7679009543832116,14.061888694763184,33.0,"{""type"":""Point"",""coordinates"":[109.6278167131439,19.6850776044584]}"
3847,0.0,26.0,199.0,94.32862854003906,180.0,19.084123485454995,110.14446894066504,2886.671630859375,47.0,10.100517272949219,5.0,2.0,0.6107034705517868,11.375734329223633,45.0,"{""type"":""Point"",""coordinates"":[110.14415660294038,19.08510454696476]}"
3848,0.0,20.0,18.0,6.245959758758545,21.0,18.63496584339523,108.7116560624944,1728.5509033203125,53.0,0.2970498502254486,2.0,1.0,0.7063076195541808,14.932367324829102,43.0,"{""type"":""Point"",""coordinates"":[108.71062756507547,18.633816734191004]}"
3849,0.0,26.0,936.0,55.098609924316406,849.0,18.82810362948093,109.72675233354943,2423.74072265625,45.0,13.290825843811035,6.0,2.0,0.5559106546391749,10.449987411499023,45.0,"{""type"":""Point"",""coordinates"":[109.72521380938285,18.827908031195854]}"
3850,0.0,32.0,431.0,45.101375579833984,377.0,18.944884616416466,109.05301587045977,2250.0380859375,39.0,7.457293510437012,7.0,2.0,0.6115050223327019,11.5220947265625,41.0,"{""type"":""Point"",""coordinates"":[109.05326321607522,18.94697065307775]}"
3851,0.0,30.0,140.0,37.98906326293945,120.0,18.612507961292245,109.77615967417603,2175.460205078125,43.0,5.248626708984375,5.0,1.0,0.608194726225525,12.075273513793945,46.0,"{""type"":""Point"",""coordinates"":[109.77549963337474,18.614181662366917]}"
3852,0.0,21.0,9.0,10.752480506896973,9.0,19.65455369087089,109.33598518495745,2093.907958984375,55.0,0.5863712430000305,2.0,3.0,0.7721446950175734,14.347942352294922,36.0,"{""type"":""Point"",""coordinates"":[109.33742477407102,19.6535305103648]}"
3853,0.0,27.0,928.0,70.78458404541016,778.0,19.15598870818455,109.75819336849361,2877.500244140625,47.0,12.406393051147461,5.0,2.0,0.5874641836036655,10.53096866607666,40.0,"{""type"":""Point"",""coordinates"":[109.75667998449308,19.15422423024815]}"
3854,0.0,26.0,31.0,12.211701393127441,16.0,19.061665603352004,110.25675835117994,2778.37158203125,45.0,0.12978270649909973,4.0,2.0,0.7609781830843035,15.843364715576172,44.0,"{""type"":""Point"",""coordinates"":[110.25850347766882,19.062270566882145]}"
3855,0.0,30.0,5.0,10.380949974060059,5.0,20.04981241588348,110.35557303243309,2385.538818359375,42.0,0.3898671865463257,2.0,4.0,0.7776279443582312,13.871996879577637,40.0,"{""type"":""Point"",""coordinates"":[110.35622245496968,20.047594403252063]}"
3856,0.0,30.0,639.0,64.69768524169922,510.0,18.940393039995868,109.843533320485,2485.090576171875,38.0,11.662421226501465,4.0,2.0,0.5784371571199061,10.895308494567871,45.0,"{""type"":""Point"",""coordinates"":[109.84396290910841,18.941649464031514]}"
3857,0.0,27.0,109.0,51.532413482666016,99.0,18.967342498519457,110.30616569180654,2561.64013671875,46.0,5.169773578643799,4.0,2.0,0.6448353475663758,12.109543800354004,43.0,"{""type"":""Point"",""coordinates"":[110.30555397944265,18.96848308119584]}"
3858,0.0,26.0,25.0,9.968255043029785,11.0,19.762351524965233,110.12201105856201,2554.08056640625,45.0,0.0836959183216095,3.0,4.0,0.8217189468975374,16.023557662963867,31.0,"{""type"":""Point"",""coordinates"":[110.12063085955572,19.76110944454327]}"
3859,0.0,27.0,844.0,40.65167236328125,647.0,18.85056151158392,109.56505558240792,2262.84423828125,49.0,8.975409507751465,6.0,2.0,0.565523562863544,10.959341049194336,45.0,"{""type"":""Point"",""coordinates"":[109.56303720156689,18.85050671646158]}"
3860,0.0,28.0,696.0,22.38211441040039,688.0,18.675390031180612,108.85089493153288,1983.4642333984375,49.0,4.1316657066345215,5.0,1.0,0.5682482724684779,11.89263916015625,46.0,"{""type"":""Point"",""coordinates"":[108.85005673930299,18.675726569845516]}"
3861,0.0,23.0,39.0,14.386507987976074,39.0,19.32666861216726,110.54871081851877,2742.8125,52.0,0.36499521136283875,5.0,3.0,0.7523832569291685,14.647597312927246,40.0,"{""type"":""Point"",""coordinates"":[110.5496771608373,19.328752348937815]}"
3862,0.0,25.0,50.0,9.324308395385742,53.0,18.612507961292245,108.80148759090633,1809.532958984375,49.0,0.7954587340354919,3.0,1.0,0.6637127862452419,14.019143104553223,45.0,"{""type"":""Point"",""coordinates"":[108.80099595836941,18.611838976939865]}"
3863,0.0,26.0,940.0,18.04283332824707,912.0,18.724797371807185,109.89294066111154,2321.724365234375,48.0,1.8704782724380493,5.0,1.0,0.5761698104532745,12.423763275146484,47.0,"{""type"":""Point"",""coordinates"":[109.89194934776813,18.724537968607596]}"
3864,0.0,26.0,2.0,6.695898056030273,5.0,18.284622882588614,109.71327760428761,1894.2686767578125,51.0,0.249909907579422,3.0,0.0,0.7405041360367642,15.20483112335205,42.0,"{""type"":""Point"",""coordinates"":[109.71286815401933,18.285514384958525]}"
3865,0.0,24.0,137.0,18.890485763549805,60.0,19.35361807069085,109.78963440343779,2665.989013671875,52.0,0.8619574308395386,4.0,3.0,0.7289207380101757,13.88637638092041,38.0,"{""type"":""Point"",""coordinates"":[109.78998186897718,19.355527205220216]}"
3866,0.0,26.0,18.0,12.290879249572754,21.0,18.90446042863109,110.43192983158326,2358.38232421875,46.0,0.4884103238582611,3.0,2.0,0.7441110361651702,14.506359100341797,43.0,"{""type"":""Point"",""coordinates"":[110.43036971674061,18.904460182152363]}"
3867,0.0,26.0,61.0,8.769054412841797,60.0,19.582688468141328,109.32251045569564,2269.310302734375,49.0,0.1825314611196518,3.0,3.0,0.7252741073276776,15.484716415405273,36.0,"{""type"":""Point"",""coordinates"":[109.3209083541788,19.581815379000293]}"
3868,0.0,33.0,5.0,10.138493537902832,5.0,19.964472463892122,109.82107543838197,2141.836669921875,38.0,0.548561692237854,4.0,4.0,0.7770614539692873,14.149420738220215,37.0,"{""type"":""Point"",""coordinates"":[109.82022636733836,19.96462274663678]}"
3869,0.0,29.0,210.0,46.605308532714844,32.0,19.18742974312874,109.49319035967835,2565.310791015625,40.0,4.537193298339844,4.0,2.0,0.7425953042902224,12.17724609375,37.0,"{""type"":""Point"",""coordinates"":[109.49527178689776,19.185870461548532]}"
3870,0.0,30.0,90.0,11.303874015808105,91.0,19.865657782638976,110.14446894066504,2491.92822265625,41.0,0.31029096245765686,3.0,4.0,0.71079151356197,14.653544425964355,34.0,"{""type"":""Point"",""coordinates"":[110.14532761826624,19.866887343046116]}"
3871,0.0,26.0,4.0,8.265083312988281,5.0,19.982438769574514,110.76430648670748,2203.242919921875,42.0,0.23741750419139862,3.0,4.0,0.7369130772088954,13.909038543701172,47.0,"{""type"":""Point"",""coordinates"":[110.76370462236595,19.98147921171762]}"
3872,0.0,25.0,5.0,10.249116897583008,7.0,19.147005555343355,110.51726978357459,2597.88623046875,44.0,0.060718834400177,2.0,2.0,0.7804667069184278,16.59889793395996,42.0,"{""type"":""Point"",""coordinates"":[110.51632966112851,19.148807987345236]}"
3873,0.0,27.0,190.0,49.445858001708984,113.0,18.890985699369296,110.06811214151486,2444.752685546875,48.0,5.8620734214782715,4.0,2.0,0.6169299171227085,11.932533264160156,46.0,"{""type"":""Point"",""coordinates"":[110.06964633162302,18.89291745272769]}"
3874,0.0,28.0,27.0,8.342453956604004,26.0,19.784809407068217,110.70591599323973,2278.43798828125,49.0,0.21587808430194855,4.0,4.0,0.7486895070823558,14.370009422302246,40.0,"{""type"":""Point"",""coordinates"":[110.70774314961248,19.785179788857196]}"
3875,0.0,25.0,56.0,13.984346389770508,57.0,18.940393039995868,110.34658987959187,2462.37939453125,51.0,0.5920339822769165,5.0,2.0,0.70014532876629,14.310995101928711,45.0,"{""type"":""Point"",""coordinates"":[110.3469388011932,18.938359014397598]}"
3876,0.0,29.0,427.0,48.911354064941406,373.0,19.025732991987226,109.11589794034813,2482.21875,45.0,6.3976263999938965,5.0,2.0,0.6352612876590462,11.679884910583496,39.0,"{""type"":""Point"",""coordinates"":[109.11455832576648,19.024524344023536]}"
3877,0.0,32.0,120.0,18.6640567779541,104.0,19.456924328364593,110.46786244294805,2712.433837890625,37.0,0.8429293036460876,5.0,3.0,0.6774748283826908,13.753622055053711,40.0,"{""type"":""Point"",""coordinates"":[110.47004040305619,19.454982354403388]}"
3878,0.0,27.0,35.0,34.56620788574219,38.0,18.97183407494005,110.42743825516266,2622.0673828125,47.0,2.5561139583587646,5.0,2.0,0.7438467345003497,12.859993934631348,40.0,"{""type"":""Point"",""coordinates"":[110.42712974101059,18.969833382241568]}"
3879,0.0,28.0,483.0,33.461185455322266,480.0,18.670898454760014,108.83742020227112,1989.4652099609375,49.0,6.9657416343688965,5.0,1.0,0.5723071189811739,11.550848960876465,46.0,"{""type"":""Point"",""coordinates"":[108.83926608139112,18.670195728527695]}"
3880,0.0,31.0,539.0,60.42190933227539,415.0,19.178446590287543,109.25064523296606,2445.3798828125,39.0,10.197925567626953,6.0,2.0,0.6237619747935734,11.118841171264648,37.0,"{""type"":""Point"",""coordinates"":[109.25009130882223,19.176562006347435]}"
3881,0.0,23.0,25.0,8.65328311920166,25.0,19.762351524965233,110.87210432080184,2054.05908203125,52.0,0.6735711097717285,2.0,4.0,0.7111706378941598,12.81897258758545,45.0,"{""type"":""Point"",""coordinates"":[110.87333385442263,19.76363176831925]}"
3882,0.0,33.0,132.0,27.568702697753906,105.0,19.420991716999815,110.33311515033012,2795.42333984375,42.0,1.6182609796524048,5.0,3.0,0.6817297671438101,13.25937557220459,38.0,"{""type"":""Point"",""coordinates"":[110.33344296551023,19.418923289449488]}"
3883,0.0,27.0,219.0,33.68208694458008,69.0,19.313193882905473,109.5515808531461,2651.04541015625,46.0,2.522944927215576,7.0,3.0,0.7131374497609166,12.759720802307129,37.0,"{""type"":""Point"",""coordinates"":[109.551666069042,19.31537514219946]}"
3884,0.0,32.0,118.0,27.5732421875,119.0,19.928539852527344,110.22980889265637,2371.87890625,34.0,2.8490512371063232,4.0,4.0,0.6647316793878142,12.412880897521973,38.0,"{""type"":""Point"",""coordinates"":[110.23121390038617,19.929676123716355]}"
3885,0.0,28.0,59.0,24.56175422668457,46.0,19.429974869841004,110.5217613599952,2722.63525390625,43.0,1.4790934324264526,4.0,3.0,0.7465070337885115,13.116116523742676,38.0,"{""type"":""Point"",""coordinates"":[110.52216220133144,19.429905182292202]}"
3886,0.0,29.0,101.0,36.865718841552734,74.0,19.483873786888182,110.2073510105534,2840.227783203125,48.0,2.4351513385772705,4.0,3.0,0.7165973678143085,12.86933708190918,36.0,"{""type"":""Point"",""coordinates"":[110.20735255548321,19.482650681994432]}"
3887,0.0,33.0,381.0,31.944976806640625,162.0,19.097598214716783,109.33598518495745,2361.239990234375,36.0,3.5188169479370117,5.0,2.0,0.6370670002621301,12.314724922180176,40.0,"{""type"":""Point"",""coordinates"":[109.33467729522822,19.098210107151267]}"
3888,0.0,29.0,99.0,14.146430969238281,86.0,18.590050079189254,109.73124390997003,2146.941650390625,41.0,1.0170470476150513,4.0,1.0,0.6439711415009289,13.74415111541748,45.0,"{""type"":""Point"",""coordinates"":[109.73301408874018,18.589531721807045]}"
3889,0.0,29.0,22.0,6.031867027282715,23.0,19.820742018433002,109.29106942075146,1704.720947265625,38.0,0.29848143458366394,2.0,4.0,0.7468559836418572,15.015727043151855,33.0,"{""type"":""Point"",""coordinates"":[109.29254712852426,19.82028062939448]}"
3890,0.0,31.0,124.0,9.624665260314941,116.0,19.560230586038337,109.42581671336939,2515.690185546875,46.0,0.13458126783370972,4.0,3.0,0.7017072912267349,15.751504898071289,34.0,"{""type"":""Point"",""coordinates"":[109.42586193352574,19.559585468567583]}"
3891,0.0,23.0,4.0,8.322421073913574,5.0,19.99142192241571,110.76879806312809,2203.242919921875,46.0,0.22943836450576782,2.0,4.0,0.7406237409099096,13.943224906921387,46.0,"{""type"":""Point"",""coordinates"":[110.76717063533485,19.992376031273604]}"
3892,0.0,22.0,25.0,6.442905902862549,26.0,19.87913251190077,110.87659589722244,1914.9720458984375,53.0,0.2696009874343872,2.0,4.0,0.6851847857235603,13.734661102294922,49.0,"{""type"":""Point"",""coordinates"":[110.87811603731537,19.87781976865991]}"
3893,0.0,22.0,165.0,22.093687057495117,82.0,19.335651765008457,109.77615967417603,2644.804443359375,54.0,1.1913694143295288,3.0,3.0,0.6960375277622042,13.545165061950684,39.0,"{""type"":""Point"",""coordinates"":[109.7777737253688,19.334250933108976]}"
3894,0.0,27.0,97.0,29.92919921875,50.0,19.147005555343355,110.02768795372947,2773.7412109375,46.0,1.746934413909912,4.0,2.0,0.7156405868800031,13.204195976257324,43.0,"{""type"":""Point"",""coordinates"":[110.0255646853901,19.14664439266929]}"
3895,0.0,21.0,175.0,21.450498580932617,101.0,19.335651765008457,109.96480588384111,2850.193603515625,54.0,0.842720091342926,4.0,3.0,0.6727203331860707,13.885139465332031,40.0,"{""type"":""Point"",""coordinates"":[109.96310175031958,19.336794066362234]}"
3896,0.0,23.0,8.0,4.433358192443848,9.0,19.254803389437704,108.65775714544719,1439.1856689453125,50.0,0.2930282652378082,2.0,2.0,0.7116978078103112,14.97216796875,41.0,"{""type"":""Point"",""coordinates"":[108.65600653435358,19.25533182042909]}"
3897,0.0,29.0,42.0,17.471683502197266,42.0,19.77133467780643,110.58015185346295,2435.82958984375,38.0,1.1695244312286377,5.0,4.0,0.7538364563641772,13.201676368713379,36.0,"{""type"":""Point"",""coordinates"":[110.57926943695735,19.772363817548456]}"
3898,0.0,30.0,77.0,20.63507652282715,78.0,19.94650615820973,110.18489312845037,2452.131591796875,40.0,1.5348180532455444,3.0,4.0,0.7095958387005412,13.064988136291504,36.0,"{""type"":""Point"",""coordinates"":[110.18503486439302,19.946197045696223]}"
3899,0.0,29.0,59.0,10.343029975891113,52.0,19.8252335948536,110.13099421140322,2481.191650390625,39.0,0.18292054533958435,6.0,4.0,0.7625703647775932,15.20646858215332,33.0,"{""type"":""Point"",""coordinates"":[110.13088641629845,19.826570758891584]}"
3900,0.0,28.0,30.0,6.195868492126465,31.0,19.807267289171207,109.30903572643388,1759.315673828125,39.0,0.25982576608657837,2.0,4.0,0.7409023124586196,15.14979076385498,33.0,"{""type"":""Point"",""coordinates"":[109.31114227888175,19.80556809973172]}"
3901,0.0,29.0,1167.0,35.42317199707031,997.0,18.96285092209886,109.41683356052818,2422.73974609375,43.0,8.685365676879883,9.0,2.0,0.5773334439655488,10.553083419799805,41.0,"{""type"":""Point"",""coordinates"":[109.4184349755778,18.96312923731489]}"
3902,0.0,24.0,139.0,28.15596580505371,91.0,19.623112655926704,109.78963440343779,2641.56982421875,53.0,1.8746641874313354,4.0,3.0,0.7120155529065395,13.107876777648926,33.0,"{""type"":""Point"",""coordinates"":[109.78818027095993,19.625258884136517]}"
3903,0.0,24.0,125.0,27.05690574645996,78.0,19.209887625231723,110.06811214151486,2888.4677734375,51.0,1.2958322763442993,4.0,2.0,0.6934420893622026,13.485980987548828,41.0,"{""type"":""Point"",""coordinates"":[110.06668062636749,19.21170996376215]}"
3904,0.0,27.0,43.0,17.567428588867188,43.0,19.811758865591806,110.08607844719722,2527.185546875,39.0,0.9216160178184509,4.0,4.0,0.7759307492847733,13.601702690124512,32.0,"{""type"":""Point"",""coordinates"":[110.08820418042097,19.809552045213575]}"
3905,0.0,24.0,29.0,13.574359893798828,23.0,19.23683708375531,108.88233596647706,2012.2239990234375,49.0,1.1261839866638184,2.0,2.0,0.7216857397837969,13.683670997619629,42.0,"{""type"":""Point"",""coordinates"":[108.88080747301895,19.237138586989023]}"
3906,0.0,30.0,14.0,12.260862350463867,11.0,19.739893642862242,110.34209830317133,2634.835693359375,36.0,0.251067578792572,2.0,3.0,0.8280134685500298,14.924267768859863,30.0,"{""type"":""Point"",""coordinates"":[110.34033743966556,19.740933259509028]}"
3907,0.0,28.0,195.0,40.976131439208984,78.0,19.38056752921443,109.58302188809029,2645.388916015625,46.0,3.4957048892974854,6.0,3.0,0.7131887488025082,12.448551177978516,34.0,"{""type"":""Point"",""coordinates"":[109.58118419822718,19.38134365550737]}"
3908,0.0,25.0,21.0,8.191045761108398,22.0,19.870149359059575,110.79574752165166,2171.250732421875,49.0,0.3258156180381775,2.0,4.0,0.7185018786520952,13.554443359375,46.0,"{""type"":""Point"",""coordinates"":[110.79370424488243,19.871596719842657]}"
3909,0.0,28.0,242.0,24.37434959411621,230.0,19.21437920165232,110.21633416339455,2882.9013671875,42.0,1.0964546203613281,4.0,2.0,0.6673082814968202,13.578473091125488,40.0,"{""type"":""Point"",""coordinates"":[110.21717869685709,19.215623519160104]}"
3910,0.0,25.0,658.0,87.9904556274414,648.0,18.6888647604424,109.90192381395275,2365.515625,51.0,24.149715423583984,5.0,1.0,0.5212815683613302,10.10233211517334,48.0,"{""type"":""Point"",""coordinates"":[109.901885719968,18.688962713779993]}"
3911,0.0,24.0,22.0,6.812229633331299,19.0,19.852183053377182,110.81371382733403,2023.8233642578125,51.0,0.21092000603675842,2.0,4.0,0.7132631183226097,13.987016677856445,46.0,"{""type"":""Point"",""coordinates"":[110.81517991097873,19.852838170674396]}"
3912,0.0,24.0,296.0,30.460617065429688,292.0,18.639457419815827,109.99624691878529,2182.07763671875,52.0,3.873542547225952,3.0,1.0,0.6070047986534313,12.278565406799316,45.0,"{""type"":""Point"",""coordinates"":[109.99400764381,18.63852400092151]}"
3913,0.0,26.0,25.0,31.999210357666016,17.0,19.18293816670814,110.3151488446477,2951.798828125,42.0,1.5096745491027832,4.0,2.0,0.7746552998351969,13.392827987670898,39.0,"{""type"":""Point"",""coordinates"":[110.31370567327164,19.18323973496894]}"
3914,0.0,30.0,46.0,16.90953254699707,45.0,19.69048630223567,110.65201707619252,2463.55126953125,42.0,1.11660897731781,6.0,3.0,0.7529637409937774,13.244362831115723,36.0,"{""type"":""Point"",""coordinates"":[110.64991307495872,19.6907918435645]}"
3915,0.0,26.0,306.0,54.740257263183594,124.0,19.10208979113738,109.70429445144646,2712.27490234375,47.0,5.322348117828369,4.0,2.0,0.650619824537159,11.952571868896484,39.0,"{""type"":""Point"",""coordinates"":[109.70400152241682,19.10357372772484]}"
3916,0.0,27.0,28.0,12.654433250427246,29.0,19.49734851614997,110.75532333386627,2195.27978515625,48.0,0.9198397994041443,5.0,3.0,0.7515389010198228,13.454472541809082,37.0,"{""type"":""Point"",""coordinates"":[110.75490991878225,19.49872735507832]}"
3917,0.0,32.0,409.0,48.05598068237305,301.0,18.99429195704304,109.93336484889693,2529.08935546875,41.0,5.898345470428467,4.0,2.0,0.6310588827906022,11.775259971618652,41.0,"{""type"":""Point"",""coordinates"":[109.93519103591613,18.99340152251569]}"
3918,0.0,25.0,49.0,21.82073974609375,28.0,19.51980639825296,110.24777519833873,2757.623779296875,48.0,0.9754912853240967,4.0,3.0,0.7689768942665439,13.815675735473633,38.0,"{""type"":""Point"",""coordinates"":[110.24987905950255,19.518244194996225]}"
3919,0.0,25.0,34.0,12.986865043640137,34.0,19.57370531530013,109.19674631591892,2135.87939453125,49.0,0.8587279319763184,3.0,3.0,0.7360973772648354,13.951956748962402,38.0,"{""type"":""Point"",""coordinates"":[109.19687434148518,19.57409493898795]}"
3920,0.0,26.0,36.0,13.837319374084473,36.0,18.93590146357527,110.33760672675072,2462.37939453125,49.0,0.5722414255142212,4.0,2.0,0.7240540324926872,14.356724739074707,45.0,"{""type"":""Point"",""coordinates"":[110.33541170047559,18.93732872984267]}"
3921,0.0,28.0,336.0,51.78374481201172,293.0,18.760729983171963,109.71327760428761,2474.1943359375,45.0,6.565495491027832,4.0,1.0,0.6030341332160595,11.720185279846191,47.0,"{""type"":""Point"",""coordinates"":[109.71363370079975,18.762381813612485]}"
3922,0.0,28.0,21.0,15.675758361816406,21.0,19.89260724116256,110.41396352590084,2498.208251953125,38.0,0.8113967180252075,5.0,4.0,0.7569333123192534,13.560989379882812,42.0,"{""type"":""Point"",""coordinates"":[110.41515740677856,19.89204927872443]}"
3923,0.0,22.0,170.0,16.16870880126953,104.0,19.447941175523397,109.5470892767255,2622.5146484375,57.0,0.6688444018363953,3.0,3.0,0.7005579551305261,14.119415283203125,34.0,"{""type"":""Point"",""coordinates"":[109.54911994197745,19.447175352535215]}"
3924,0.0,26.0,10.0,12.793451309204102,12.0,19.10658136755798,110.41396352590084,2757.850341796875,45.0,0.1909310668706894,4.0,2.0,0.7886608847988408,15.469440460205078,39.0,"{""type"":""Point"",""coordinates"":[110.41430652995791,19.106201902711216]}"
3926,0.0,31.0,371.0,38.70123291015625,335.0,18.922426734313476,108.89581069573887,1990.316650390625,42.0,8.049365997314453,5.0,2.0,0.5843220719661555,11.48917293548584,44.0,"{""type"":""Point"",""coordinates"":[108.89405451565398,18.92135060865044]}"
3927,0.0,26.0,253.0,52.3761100769043,117.0,19.232345507334713,109.42132513694878,2669.045654296875,47.0,5.040473461151123,4.0,2.0,0.6640016706039356,12.043281555175781,37.0,"{""type"":""Point"",""coordinates"":[109.42330963793009,19.231398669633112]}"
3928,0.0,23.0,228.0,25.70008659362793,116.0,19.259294965858295,109.35844306706042,2565.066650390625,55.0,1.8145370483398438,3.0,2.0,0.6632077016554904,13.083741188049316,40.0,"{""type"":""Point"",""coordinates"":[109.35778317222707,19.25847352971217]}"
3929,0.0,25.0,2.0,7.617194652557373,3.0,20.013879804518695,110.66998338187494,2144.477783203125,46.0,0.19191136956214905,3.0,4.0,0.7403320706954466,14.126213073730469,46.0,"{""type"":""Point"",""coordinates"":[110.67144264431427,20.01240479276739]}"
3930,0.0,24.0,79.0,16.61001968383789,69.0,19.277261271540688,108.93174330710366,2153.833740234375,52.0,1.3684719800949097,2.0,2.0,0.688290042862016,13.459300994873047,39.0,"{""type"":""Point"",""coordinates"":[108.93370997330928,19.27919664941517]}"
3931,0.0,25.0,22.0,17.74547576904297,25.0,18.93590146357527,110.39150564379787,2392.823974609375,47.0,1.0450559854507446,3.0,2.0,0.7389591377332072,13.762507438659668,43.0,"{""type"":""Point"",""coordinates"":[110.38942621151955,18.937341389506958]}"
3932,0.0,35.0,24.0,28.16048812866211,24.0,19.897098817583156,109.93785642531753,2449.469970703125,38.0,2.782031774520874,4.0,4.0,0.7731364815301435,12.510714530944824,35.0,"{""type"":""Point"",""coordinates"":[109.93758467749844,19.894868623794796]}"
3933,0.0,26.0,674.0,29.85420036315918,603.0,18.63047426697463,109.52013981820193,2143.720458984375,50.0,5.119457244873047,5.0,1.0,0.5753991949805095,11.697959899902344,46.0,"{""type"":""Point"",""coordinates"":[109.51930233647252,18.630416839498537]}"
3934,0.0,25.0,74.0,40.13498306274414,77.0,18.97183407494005,110.39150564379787,2587.745849609375,53.0,3.4762866497039795,3.0,2.0,0.6923585530231483,12.528977394104004,40.0,"{""type"":""Point"",""coordinates"":[110.39105241893168,18.971815634705962]}"
3935,0.0,31.0,139.0,36.93134689331055,115.0,19.003275109884235,110.20285943413279,2726.271728515625,37.0,2.5911457538604736,3.0,2.0,0.6442223036397238,12.783881187438965,45.0,"{""type"":""Point"",""coordinates"":[110.20113846751956,19.00170625583289]}"
3936,0.0,32.0,56.0,13.95413589477539,55.0,19.623112655926704,110.63405077051016,2439.375,39.0,0.7530584335327148,5.0,3.0,0.7627788795917155,13.629217147827148,31.0,"{""type"":""Point"",""coordinates"":[110.63303821024083,19.62417018624729]}"
3937,0.0,32.0,20.0,11.254291534423828,18.0,19.811758865591806,110.35557303243309,2490.967529296875,38.0,0.3048398792743683,7.0,4.0,0.7947073175010876,14.725671768188477,35.0,"{""type"":""Point"",""coordinates"":[110.35521802862799,19.80977244620019]}"
3938,0.0,24.0,84.0,15.251235008239746,66.0,19.623112655926704,110.1130279057208,2638.41064453125,50.0,0.5166572332382202,3.0,3.0,0.7442240287310835,14.430541038513184,34.0,"{""type"":""Point"",""coordinates"":[110.11322231729845,19.621734122675505]}"
3939,0.0,26.0,56.0,12.025823593139648,56.0,19.901590394003755,110.3151488446477,2543.720458984375,47.0,0.35020390152931213,4.0,4.0,0.7376802051302535,14.394888877868652,38.0,"{""type"":""Point"",""coordinates"":[110.31296896196937,19.899379670971793]}"
3940,0.0,27.0,287.0,35.364959716796875,156.0,19.322177035746662,109.55607242956671,2651.04541015625,46.0,2.8086090087890625,7.0,3.0,0.6778606041173287,12.606931686401367,36.0,"{""type"":""Point"",""coordinates"":[109.5552043260923,19.322925933791577]}"
3941,0.0,31.0,113.0,20.759366989135742,90.0,19.60963792666491,110.0097216480471,2651.353759765625,42.0,1.0964874029159546,4.0,3.0,0.7182967150350608,13.660419464111328,33.0,"{""type"":""Point"",""coordinates"":[110.00965880988794,19.608014618859347]}"
3942,0.0,28.0,552.0,42.043861389160156,383.0,18.873019393686903,109.44827459547236,2288.759521484375,48.0,7.010016441345215,6.0,2.0,0.5808025293428686,11.488541603088379,47.0,"{""type"":""Point"",""coordinates"":[109.44799549522784,18.871093715002115]}"
3943,0.0,27.0,362.0,32.27696228027344,149.0,18.998783533463637,109.62344607587568,2397.508544921875,46.0,3.347999095916748,4.0,2.0,0.6311970021278659,12.378369331359863,42.0,"{""type"":""Point"",""coordinates"":[109.62558178756414,18.999392486353287]}"
3944,0.0,29.0,119.0,30.70870590209961,110.0,18.581066926348058,109.85700804974675,2187.01171875,43.0,3.6109116077423096,4.0,1.0,0.6240138169527049,12.463700294494629,44.0,"{""type"":""Point"",""coordinates"":[109.85697930819678,18.580321217028782]}"
3945,0.0,24.0,139.0,6.73942232131958,123.0,18.581066926348058,109.04852429403917,1913.0013427734375,55.0,0.24875898659229279,2.0,1.0,0.6046783374520771,15.127927780151367,47.0,"{""type"":""Point"",""coordinates"":[109.0498038508663,18.581062807487086]}"
3946,0.0,24.0,36.0,8.039397239685059,39.0,18.536151162142083,108.84191177869172,1717.3165283203125,50.0,0.6909388899803162,2.0,1.0,0.6742430365601855,14.168218612670898,45.0,"{""type"":""Point"",""coordinates"":[108.84311937168782,18.53554034294844]}"
3947,0.0,23.0,107.0,15.413415908813477,105.0,19.569213738879533,109.385392525584,2432.017333984375,56.0,0.8117254376411438,4.0,3.0,0.6857444404706498,13.964834213256836,36.0,"{""type"":""Point"",""coordinates"":[109.38665944192869,19.567014802994624]}"
3948,0.0,29.0,90.0,19.396926879882812,78.0,19.694977878656267,110.51277820715399,2582.07080078125,45.0,1.2979419231414795,6.0,3.0,0.7332298886591462,13.053050994873047,33.0,"{""type"":""Point"",""coordinates"":[110.51296629044595,19.693675987222868]}"
3949,0.0,31.0,790.0,28.625825881958008,621.0,18.84606993516332,109.65488711081986,2337.958984375,46.0,4.243768692016602,5.0,2.0,0.5826638995565336,11.772543907165527,46.0,"{""type"":""Point"",""coordinates"":[109.65266822715586,18.845212506988318]}"
3950,0.0,30.0,20.0,11.353437423706055,20.0,19.703961031497464,110.70142441681912,2391.37744140625,39.0,0.41959506273269653,5.0,3.0,0.7712173564184144,14.246573448181152,38.0,"{""type"":""Point"",""coordinates"":[110.70317330605246,19.706125943181362]}"
3951,0.0,24.0,41.0,10.781923294067383,41.0,19.582688468141328,109.12038951676874,2018.688720703125,54.0,0.7481173872947693,3.0,3.0,0.7303055033817191,14.085783958435059,36.0,"{""type"":""Point"",""coordinates"":[109.12211806572392,19.584338641227756]}"
3952,0.0,23.0,147.0,12.420140266418457,120.0,19.4434495991028,109.24166208012491,2333.505615234375,56.0,0.5852364897727966,2.0,3.0,0.6902706026122548,14.267395973205566,33.0,"{""type"":""Point"",""coordinates"":[109.243712393836,19.443027041502827]}"
3953,0.0,29.0,118.0,31.67193031311035,71.0,19.474890634046986,109.91090696679396,2728.1787109375,43.0,2.042069673538208,4.0,3.0,0.7165616212334883,13.035210609436035,37.0,"{""type"":""Point"",""coordinates"":[109.90872947763813,19.476878420494614]}"
3954,0.0,26.0,108.0,25.01306915283203,67.0,19.416500140579217,110.17590997560922,2893.05224609375,50.0,1.147409200668335,4.0,3.0,0.7253121346475613,13.618059158325195,37.0,"{""type"":""Point"",""coordinates"":[110.17685325338795,19.414592949883748]}"
3955,0.0,31.0,43.0,15.269376754760742,43.0,19.618621079506106,110.6789665347161,2449.45947265625,39.0,0.8946243524551392,5.0,3.0,0.7635620177564524,13.468777656555176,34.0,"{""type"":""Point"",""coordinates"":[110.68001693704404,19.61668602174756]}"
3956,0.0,31.0,10.0,9.614773750305176,11.0,19.479382210467584,110.7328654517633,2374.67138671875,45.0,0.2690508961677551,9.0,3.0,0.7845244532716371,14.699808120727539,38.0,"{""type"":""Point"",""coordinates"":[110.73510287756024,19.4793409449753]}"
3957,0.0,31.0,78.0,31.556745529174805,55.0,18.608016384871647,109.76717652133482,2175.460205078125,42.0,3.8514795303344727,4.0,1.0,0.6661602970349848,12.423818588256836,46.0,"{""type"":""Point"",""coordinates"":[109.7675953940615,18.609887972393842]}"
3958,0.0,23.0,86.0,11.554830551147461,82.0,19.335651765008457,108.99013380057141,2255.133544921875,59.0,0.6018691658973694,3.0,3.0,0.6745346518814375,14.276671409606934,41.0,"{""type"":""Point"",""coordinates"":[108.98791861474302,19.335119379999227]}"
3959,0.0,30.0,666.0,65.56822204589844,496.0,18.760729983171963,109.41683356052818,2348.001220703125,48.0,16.262542724609375,7.0,1.0,0.5634230769271119,10.524833679199219,44.0,"{""type"":""Point"",""coordinates"":[109.41906254825234,18.762703726028597]}"
3960,0.0,24.0,99.0,19.21864128112793,72.0,19.569213738879533,109.99175534236468,2679.235595703125,49.0,0.8355773687362671,3.0,3.0,0.7305178885184874,13.940720558166504,35.0,"{""type"":""Point"",""coordinates"":[109.99211981001415,19.5689379407144]}"
3961,0.0,26.0,264.0,29.15048599243164,127.0,18.666406878339416,109.19225473949831,2115.94775390625,52.0,4.043818950653076,4.0,1.0,0.6055094565661896,12.257148742675781,45.0,"{""type"":""Point"",""coordinates"":[109.1926043946649,18.66442627639373]}"
3962,0.0,27.0,217.0,38.64421081542969,140.0,19.40751698773802,109.798617556279,2721.21142578125,46.0,2.917188882827759,4.0,3.0,0.6745181036508389,12.615612983703613,37.0,"{""type"":""Point"",""coordinates"":[109.79798316936859,19.40789445286842]}"
3963,0.0,32.0,93.0,16.606184005737305,86.0,19.55573900961774,110.59811815914537,2572.15234375,43.0,0.9876629114151001,6.0,3.0,0.7204854106817492,13.323474884033203,34.0,"{""type"":""Point"",""coordinates"":[110.59797014175919,19.55714873196302]}"
3964,0.0,29.0,201.0,57.205509185791016,147.0,19.003275109884235,108.94970961278602,2145.819580078125,47.0,11.157797813415527,4.0,2.0,0.6052202380852754,11.272574424743652,41.0,"{""type"":""Point"",""coordinates"":[108.94895016026028,19.00215799244316]}"
3965,0.0,28.0,86.0,53.308406829833984,86.0,18.648440572657023,110.21633416339455,2142.854248046875,47.0,9.14192008972168,4.0,1.0,0.6202016765768655,11.547585487365723,44.0,"{""type"":""Point"",""coordinates"":[110.2155405706343,18.647515350208565]}"
3966,0.0,29.0,335.0,24.521486282348633,223.0,18.97183407494005,109.90192381395275,2529.08935546875,40.0,1.7525643110275269,4.0,2.0,0.646648724414481,13.045717239379883,42.0,"{""type"":""Point"",""coordinates"":[109.90019771805785,18.972596991833544]}"
3967,0.0,23.0,53.0,12.9677095413208,51.0,18.79217101811615,108.77453813238276,1793.6463623046875,49.0,1.4744622707366943,3.0,1.0,0.653394084741075,13.400093078613281,47.0,"{""type"":""Point"",""coordinates"":[108.7756422937767,18.790356863039833]}"
3968,0.0,22.0,85.0,11.994873046875,64.0,19.115564520399175,109.0305579883568,2185.85693359375,55.0,0.6681270599365234,2.0,2.0,0.6893179257049317,14.17282485961914,41.0,"{""type"":""Point"",""coordinates"":[109.03031758341218,19.115608220377563]}"
3970,0.0,26.0,226.0,61.66270065307617,189.0,19.32666861216726,110.2073510105534,2951.015380859375,50.0,5.004222393035889,5.0,3.0,0.659990455469071,12.068387985229492,38.0,"{""type"":""Point"",""coordinates"":[110.2085913042429,19.325235748284]}"
3971,0.0,23.0,9.0,8.705589294433594,10.0,19.950997734630327,110.7732896395487,2203.242919921875,52.0,0.3817470371723175,3.0,4.0,0.7305946204127544,13.423042297363281,47.0,"{""type"":""Point"",""coordinates"":[110.7726043555297,19.95085166525106]}"
3972,0.0,25.0,216.0,21.009296417236328,141.0,19.322177035746662,109.97378903668232,2850.193603515625,48.0,0.8350313305854797,4.0,3.0,0.6703064988167198,13.867963790893555,40.0,"{""type"":""Point"",""coordinates"":[109.97510502620895,19.320764473591446]}"
3973,0.0,27.0,55.0,20.97368812561035,54.0,18.473269092253716,109.66387026366107,2093.80322265625,49.0,2.239414930343628,3.0,1.0,0.6781309499479594,12.980705261230469,44.0,"{""type"":""Point"",""coordinates"":[109.66241338393935,18.473548054192587]}"
3974,0.0,27.0,67.0,11.936504364013672,67.0,19.874640935480173,110.31065726822715,2534.673828125,46.0,0.33490556478500366,5.0,4.0,0.7383522385777676,14.59540843963623,35.0,"{""type"":""Point"",""coordinates"":[110.31077953729795,19.875720828378846]}"
3975,0.0,26.0,54.0,14.217217445373535,54.0,19.55573900961774,109.20123789233952,2241.722412109375,51.0,0.9189883470535278,3.0,3.0,0.7143074670999137,13.872414588928223,39.0,"{""type"":""Point"",""coordinates"":[109.20188571686052,19.555947882709944]}"
3976,0.0,23.0,74.0,16.737632751464844,73.0,19.843199900535986,110.12201105856201,2481.191650390625,51.0,0.9357309937477112,4.0,4.0,0.7335498099680833,13.562346458435059,33.0,"{""type"":""Point"",""coordinates"":[110.12316204584249,19.841344982399]}"
3977,0.0,29.0,276.0,33.699851989746094,99.0,19.21887077807292,109.51115666536077,2598.984375,41.0,2.7093324661254883,5.0,2.0,0.6742772590527746,12.650455474853516,37.0,"{""type"":""Point"",""coordinates"":[109.51176595718582,19.21707627619911]}"
3978,0.0,27.0,308.0,26.780702590942383,110.0,19.066157179772603,109.67734499292288,2603.55419921875,49.0,1.9460068941116333,4.0,2.0,0.6606018022431487,12.959819793701172,40.0,"{""type"":""Point"",""coordinates"":[109.67918089085383,19.065266507477716]}"
3979,0.0,27.0,307.0,88.18455505371094,202.0,19.27276969512009,109.69980287502585,2769.924560546875,49.0,11.40424919128418,4.0,2.0,0.6325534349092339,11.179361343383789,38.0,"{""type"":""Point"",""coordinates"":[109.69926509383922,19.27335990151356]}"
3980,0.0,26.0,111.0,18.695215225219727,73.0,19.15598870818455,110.04565425941183,2803.24365234375,44.0,0.6490952372550964,5.0,2.0,0.6996131740428565,14.186006546020508,42.0,"{""type"":""Point"",""coordinates"":[110.0468383122863,19.157043152505384]}"
3981,0.0,36.0,640.0,60.650177001953125,598.0,18.48674382151551,109.53361454746374,2063.836669921875,36.0,20.035402297973633,6.0,1.0,0.5385234584579809,10.325263023376465,44.0,"{""type"":""Point"",""coordinates"":[109.53381355900612,18.48839063645398]}"
3982,0.0,29.0,115.0,16.26682472229004,69.0,19.57370531530013,109.60547977019331,2574.686279296875,47.0,0.7524245977401733,4.0,3.0,0.732903000741683,14.035829544067383,35.0,"{""type"":""Point"",""coordinates"":[109.60420682885763,19.573944858186977]}"
3983,0.0,29.0,23.0,8.281540870666504,23.0,19.79828413633001,110.70591599323973,2278.43798828125,44.0,0.1720791757106781,3.0,4.0,0.7516506950589766,14.602849006652832,40.0,"{""type"":""Point"",""coordinates"":[110.70631156889985,19.797980653654456]}"
3984,0.0,22.0,65.0,16.182880401611328,61.0,19.730910490021046,109.6414123815581,2390.171142578125,56.0,0.9211559891700745,3.0,3.0,0.741238674197302,13.863558769226074,33.0,"{""type"":""Point"",""coordinates"":[109.6432152278883,19.73148688259721]}"
3985,0.0,27.0,39.0,6.1006855964660645,40.0,19.87913251190077,110.89456220290481,1914.9720458984375,50.0,0.2511841952800751,2.0,4.0,0.668886555156845,13.772628784179688,49.0,"{""type"":""Point"",""coordinates"":[110.8924664389678,19.87840630635339]}"
3986,0.0,24.0,213.0,29.695810317993164,111.0,18.612507961292245,109.15183055171292,2081.39404296875,54.0,4.175997734069824,4.0,1.0,0.6016326739828289,12.258573532104492,46.0,"{""type"":""Point"",""coordinates"":[109.15131263882155,18.610490972224646]}"
3987,0.0,32.0,53.0,23.21832847595215,35.0,19.546755856776542,110.24328362191818,2757.623779296875,39.0,1.1534830331802368,4.0,3.0,0.7602021418549871,13.645686149597168,38.0,"{""type"":""Point"",""coordinates"":[110.24216146891148,19.545926146522053]}"
3988,0.0,31.0,460.0,25.666059494018555,311.0,19.115564520399175,109.25962838580728,2379.187255859375,43.0,2.572566509246826,6.0,2.0,0.6377707884805237,12.569182395935059,40.0,"{""type"":""Point"",""coordinates"":[109.25836042802972,19.113522827395162]}"
3989,0.0,32.0,544.0,64.35301971435547,390.0,19.169463437446346,109.38090094916339,2572.3779296875,40.0,10.056049346923828,5.0,2.0,0.6255842647656344,11.129016876220703,38.0,"{""type"":""Point"",""coordinates"":[109.3809096213887,19.17153274537204]}"
3990,0.0,25.0,144.0,19.555580139160156,98.0,19.54226428035595,109.5920050409315,2474.3330078125,54.0,1.2662426233291626,4.0,3.0,0.690696497578966,13.497342109680176,35.0,"{""type"":""Point"",""coordinates"":[109.59210586506792,19.544248913048484]}"
3991,0.0,29.0,582.0,23.76708984375,536.0,18.760729983171963,109.798617556279,2524.818115234375,40.0,1.85921049118042,7.0,1.0,0.6154869295253106,12.79506778717041,46.0,"{""type"":""Point"",""coordinates"":[109.79937350072261,18.76129163759185]}"
3992,0.0,27.0,222.0,60.642818450927734,181.0,18.751746830330767,109.72675233354943,2474.1943359375,44.0,7.713769435882568,3.0,1.0,0.5956376133889628,11.634760856628418,49.0,"{""type"":""Point"",""coordinates"":[109.72688060655557,18.753935923046072]}"
3993,0.0,22.0,16.0,18.489439010620117,16.0,19.21887077807292,110.45887929010684,2834.917236328125,45.0,0.5422546863555908,2.0,2.0,0.7757869032115274,14.402948379516602,40.0,"{""type"":""Point"",""coordinates"":[110.46025720343133,19.22036313680062]}"
3994,0.0,32.0,27.0,14.568947792053223,27.0,19.955489311050925,109.88844908469093,2270.8779296875,39.0,1.0206382274627686,3.0,4.0,0.7518891473437455,13.511870384216309,38.0,"{""type"":""Point"",""coordinates"":[109.8876270752584,19.957379546827514]}"
3995,0.0,27.0,108.0,27.502225875854492,111.0,18.275639729747425,109.61895449945507,1853.642333984375,53.0,5.132592678070068,4.0,0.0,0.6144031256224878,12.117408752441406,41.0,"{""type"":""Point"",""coordinates"":[109.61785214000888,18.275556996379784]}"
3996,0.0,33.0,19.0,23.591751098632812,19.0,19.807267289171207,109.42132513694878,1893.776123046875,39.0,3.5272133350372314,4.0,4.0,0.748318353531304,12.546648979187012,34.0,"{""type"":""Point"",""coordinates"":[109.42135414959536,19.807557980098057]}"
3997,0.0,33.0,101.0,17.81626319885254,84.0,19.38056752921443,110.3196404210683,2837.233154296875,37.0,0.5933789610862732,5.0,3.0,0.7016744627186967,14.281834602355957,39.0,"{""type"":""Point"",""coordinates"":[110.3194395861156,19.382194388458235]}"
3998,0.0,27.0,12.0,11.414978981018066,14.0,19.0751403326138,110.55769397135998,2353.159423828125,42.0,0.3817919194698334,4.0,2.0,0.7531354170568293,14.756169319152832,43.0,"{""type"":""Point"",""coordinates"":[110.55792045111815,19.076986455713982]}"
3999,0.0,30.0,43.0,21.560667037963867,29.0,19.757859948544635,110.1624352463474,2580.828125,40.0,1.3862760066986084,5.0,4.0,0.7979480693446663,13.19334602355957,31.0,"{""type"":""Point"",""coordinates"":[110.1638060204132,19.7598441592508]}"
