system:index,bedrock,clay,dem,erosion,hand,latitude,longitude,precip,sand,slope,soc,spatial_fold,suit_score,twi,typhoon,.geo
0,0.0,26.0,20.0,12.205561637878418,20.0,18.57208377350686,110.08607844719722,2085.37158203125,42.0,0.7773006558418274,3.0,1.0,0.7186629415147132,14.059710502624512,45.0,"{""type"":""Point"",""coordinates"":[110.08810890232886,18.574191833817743]}"
1,0.0,23.0,119.0,18.27056312561035,54.0,19.259294965858295,110.07709529435607,2513.426025390625,48.0,0.9256881475448608,3.0,2.0,0.7305941006359933,13.826116561889648,38.0,"{""type"":""Point"",""coordinates"":[110.0762289804326,19.25878917967303]}"
2,0.0,29.0,782.0,59.625797271728516,660.0,19.115564520399175,109.21022104518073,2375.537353515625,47.0,14.568042755126953,9.0,2.0,0.5871705423945482,10.527397155761719,39.0,"{""type"":""Point"",""coordinates"":[109.21153321873435,19.117709496100176]}"
3,0.0,32.0,399.0,47.57109832763672,202.0,19.052682450510808,109.40785040768702,2328.90869140625,36.0,7.013795375823975,4.0,2.0,0.6122284455372196,11.607999801635742,42.0,"{""type"":""Point"",""coordinates"":[109.40616044474183,19.05224947491745]}"
4,0.0,24.0,28.0,7.433014869689941,27.0,19.784809407068217,110.84066328585766,1885.602294921875,54.0,0.6697322726249695,5.0,4.0,0.7053119882590535,12.989968299865723,44.0,"{""type"":""Point"",""coordinates"":[110.83980343007184,19.78300707530415]}"
5,0.0,24.0,35.0,15.486320495605469,35.0,18.343013376056383,109.52463139462253,1910.6126708984375,54.0,1.763452172279358,3.0,0.0,0.7048965329158905,13.23155689239502,41.0,"{""type"":""Point"",""coordinates"":[109.52405400224609,18.34376687831744]}"
6,0.0,24.0,109.0,14.414960861206055,40.0,19.33116018858786,110.18489312845037,2494.969482421875,49.0,0.573488712310791,3.0,3.0,0.7473540823395127,14.311075210571289,38.0,"{""type"":""Point"",""coordinates"":[110.18299536923713,19.332992612559522]}"
7,0.0,31.0,319.0,40.241390228271484,169.0,19.232345507334713,109.5964966173521,2420.150146484375,38.0,4.545291423797607,4.0,2.0,0.6438561411969297,12.102145195007324,39.0,"{""type"":""Point"",""coordinates"":[109.59548037989083,19.231223206054857]}"
8,0.0,24.0,142.0,45.0421257019043,68.0,19.367092799952644,109.86599120258796,2506.4521484375,47.0,4.330911636352539,4.0,3.0,0.6951274105511485,12.26711654663086,39.0,"{""type"":""Point"",""coordinates"":[109.86433697794055,19.368361250923613]}"
9,0.0,23.0,123.0,16.628049850463867,58.0,19.26827811869949,110.09057002361783,2513.426025390625,47.0,0.7491510510444641,3.0,2.0,0.7222591956088892,14.03529167175293,39.0,"{""type"":""Point"",""coordinates"":[110.08980111669506,19.26937602124172]}"
10,0.0,29.0,314.0,33.87003707885742,137.0,19.196412895969935,109.51115666536077,2394.40869140625,42.0,3.5432252883911133,4.0,2.0,0.6509103395957279,12.355506896972656,38.0,"{""type"":""Point"",""coordinates"":[109.51118107193278,19.19556017992289]}"
11,0.0,23.0,95.0,11.244060516357422,63.0,19.18742974312874,110.09057002361783,2447.77880859375,51.0,0.28679710626602173,4.0,2.0,0.7085696535442092,15.012548446655273,41.0,"{""type"":""Point"",""coordinates"":[110.09195616389174,19.188934739214496]}"
12,0.0,34.0,435.0,29.85245132446289,266.0,18.985308804201843,109.33598518495745,2167.042236328125,35.0,4.194196701049805,5.0,2.0,0.6072102154983362,12.098433494567871,43.0,"{""type"":""Point"",""coordinates"":[109.33751059806195,18.986191382380714]}"
13,0.0,26.0,21.0,3.9628961086273193,21.0,18.908952005051688,108.69818133323258,1309.2335205078125,48.0,0.38144540786743164,3.0,2.0,0.6723894621378181,14.771039009094238,45.0,"{""type"":""Point"",""coordinates"":[108.69825369182574,18.911193996435312]}"
14,0.0,21.0,5.0,3.1617953777313232,5.0,19.0706487561932,108.65326556902659,1239.5926513671875,52.0,0.19089336693286896,2.0,2.0,0.6867638563412022,15.472503662109375,45.0,"{""type"":""Point"",""coordinates"":[108.65141591852057,19.07252513143445]}"
15,0.0,30.0,431.0,42.417476654052734,325.0,18.670898454760014,109.28657784433085,2048.8427734375,48.0,9.457006454467773,4.0,1.0,0.5747444177692944,11.281061172485352,45.0,"{""type"":""Point"",""coordinates"":[109.28477789125246,18.67036471379799]}"
16,0.0,26.0,891.0,29.460813522338867,839.0,18.80115417095734,109.77615967417603,2353.478759765625,45.0,4.279400825500488,5.0,1.0,0.5860027092085595,11.653231620788574,44.0,"{""type"":""Point"",""coordinates"":[109.77808464428385,18.799273336219024]}"
17,0.0,26.0,294.0,37.579315185546875,194.0,19.362601223532046,109.43030828978999,2484.351806640625,53.0,3.963064432144165,4.0,3.0,0.6602804815346917,12.25701904296875,37.0,"{""type"":""Point"",""coordinates"":[109.42906935415512,19.36197457933684]}"
18,0.0,30.0,37.0,12.40982437133789,34.0,19.308702306484875,110.47235401936865,2500.8623046875,35.0,0.34922704100608826,5.0,3.0,0.7479764064767144,14.830571174621582,41.0,"{""type"":""Point"",""coordinates"":[110.47400277738993,19.309877295542172]}"
19,0.0,28.0,567.0,52.74753952026367,511.0,19.12903924966097,109.13386424603056,2401.808349609375,48.0,9.053513526916504,7.0,2.0,0.6157269554863567,11.216785430908203,39.0,"{""type"":""Point"",""coordinates"":[109.13254875405079,19.129149918888597]}"
20,0.0,21.0,94.0,10.403260231018066,82.0,19.147005555343355,108.92725173068305,1907.9285888671875,60.0,0.8855273127555847,3.0,2.0,0.6521639351695954,13.885671615600586,41.0,"{""type"":""Point"",""coordinates"":[108.92561521850764,19.145648391904874]}"
21,0.0,25.0,24.0,9.209510803222656,27.0,18.805645747377937,110.33760672675072,2117.527099609375,49.0,0.3648683428764343,2.0,1.0,0.7046776637816435,14.813736915588379,47.0,"{""type"":""Point"",""coordinates"":[110.33576305265233,18.80409987967682]}"
22,0.0,32.0,16.0,6.505007743835449,17.0,19.838708324115387,109.2281873508631,1638.95068359375,39.0,0.5304341912269592,2.0,4.0,0.7491552622310713,14.444181442260742,33.0,"{""type"":""Point"",""coordinates"":[109.23018151737165,19.83747232242967]}"
23,0.0,27.0,399.0,29.125545501708984,350.0,18.67988160760121,109.57403873524913,2216.7021484375,50.0,3.7796592712402344,4.0,1.0,0.5951644306404682,12.229805946350098,47.0,"{""type"":""Point"",""coordinates"":[109.57505530238564,18.67906145492204]}"
24,0.0,23.0,58.0,15.546465873718262,58.0,19.816250442012404,110.05014583583244,2373.684326171875,51.0,0.9394810795783997,2.0,4.0,0.738897393403127,13.57088565826416,34.0,"{""type"":""Point"",""coordinates"":[110.0483559827463,19.815380367891294]}"
25,0.0,28.0,133.0,22.395170211791992,118.0,19.061665603352004,110.22531731623576,2492.645751953125,42.0,1.4592705965042114,4.0,2.0,0.6491760662056264,13.362222671508789,44.0,"{""type"":""Point"",""coordinates"":[110.22559528208687,19.063524289382556]}"
26,0.0,26.0,307.0,27.268463134765625,122.0,19.084123485454995,109.69531129860525,2360.84228515625,49.0,2.6198055744171143,4.0,2.0,0.6441286168619949,12.66287899017334,40.0,"{""type"":""Point"",""coordinates"":[109.69328418781393,19.084731208754928]}"
27,0.0,26.0,1002.0,32.33766174316406,969.0,18.71581421896599,108.90479384858008,1725.745361328125,49.0,17.394710540771484,7.0,1.0,0.49997168915399354,10.083317756652832,46.0,"{""type"":""Point"",""coordinates"":[108.90506797361385,18.715198345873436]}"
28,0.0,28.0,149.0,27.024436950683594,75.0,19.344634917849653,109.87048277900857,2453.7353515625,43.0,2.1267435550689697,4.0,3.0,0.6886652912950719,12.975393295288086,40.0,"{""type"":""Point"",""coordinates"":[109.87173798477205,19.34560968613405]}"
29,0.0,28.0,24.0,12.79406452178955,24.0,19.313193882905473,110.50828663073344,2464.503173828125,42.0,0.44064852595329285,4.0,3.0,0.7610381830777998,14.587279319763184,40.0,"{""type"":""Point"",""coordinates"":[110.50947194196321,19.311627540285233]}"
30,0.0,27.0,641.0,68.1581039428711,587.0,19.030224568407817,109.10691478750698,2366.662109375,50.0,15.853909492492676,7.0,2.0,0.5843294159413303,10.574423789978027,40.0,"{""type"":""Point"",""coordinates"":[109.10613890467933,19.03050901901774]}"
31,0.0,25.0,201.0,33.269195556640625,163.0,19.052682450510808,110.08158687077662,2488.505859375,47.0,2.861685037612915,5.0,2.0,0.6306956358024332,12.645224571228027,46.0,"{""type"":""Point"",""coordinates"":[110.0808507779755,19.052105015404425]}"
32,0.0,21.0,42.0,12.547809600830078,41.0,19.847691476956584,109.66836184008167,1916.9561767578125,50.0,1.0882264375686646,2.0,4.0,0.726435495028703,13.7103910446167,35.0,"{""type"":""Point"",""coordinates"":[109.66974063147195,19.849679701339134]}"
33,0.0,26.0,41.0,17.67854881286621,38.0,19.29522757722308,110.37803091453611,2570.716796875,50.0,0.8584315776824951,5.0,3.0,0.7585022752638344,13.94821834564209,38.0,"{""type"":""Point"",""coordinates"":[110.37969496395763,19.294064563214746]}"
34,0.0,30.0,201.0,31.712480545043945,69.0,19.205396048811124,109.8031091326996,2446.655517578125,42.0,2.899803400039673,6.0,2.0,0.6991048495945127,12.631969451904297,38.0,"{""type"":""Point"",""coordinates"":[109.80248567244,19.207136252549915]}"
35,0.0,28.0,494.0,12.806465148925781,427.0,18.590050079189254,109.47073247757538,2102.9501953125,48.0,1.0825767517089844,6.0,1.0,0.5984903601713322,13.4086275100708,46.0,"{""type"":""Point"",""coordinates"":[109.46907153289722,18.5881012464824]}"
36,0.0,22.0,31.0,5.428216934204102,32.0,19.88362408832137,109.65937868724046,1785.67431640625,43.0,0.057359881699085236,2.0,4.0,0.7375826102517625,16.659883499145508,34.0,"{""type"":""Point"",""coordinates"":[109.66000693037671,19.88454762950848]}"
37,0.0,26.0,506.0,73.53414916992188,477.0,18.720305795386587,109.93785642531753,2422.595703125,48.0,14.176953315734863,4.0,1.0,0.5657280682326128,10.806183815002441,47.0,"{""type"":""Point"",""coordinates"":[109.93871005879517,18.719724775454154]}"
38,0.0,24.0,4.0,11.7987642288208,6.0,19.18742974312874,110.47684559578926,2358.047607421875,48.0,0.4176870584487915,2.0,2.0,0.7744978065781756,14.670985221862793,40.0,"{""type"":""Point"",""coordinates"":[110.47682086684952,19.188676616392627]}"
39,0.0,25.0,165.0,82.53057098388672,161.0,18.473269092253716,109.65488711081986,2272.670654296875,50.0,15.982309341430664,3.0,1.0,0.5836585298649252,10.92251205444336,44.0,"{""type"":""Point"",""coordinates"":[109.65492189971891,18.472007695706676]}"
40,0.0,30.0,430.0,42.27164840698242,384.0,18.697847913283596,109.58302188809029,2216.7021484375,47.0,7.335126876831055,4.0,1.0,0.5726616724381625,11.539554595947266,49.0,"{""type"":""Point"",""coordinates"":[109.58428450012562,18.697839375463193]}"
41,0.0,27.0,106.0,25.01835060119629,106.0,19.340143341429055,108.88233596647706,1831.2161865234375,49.0,4.352654933929443,4.0,3.0,0.61117554870748,12.28420352935791,42.0,"{""type"":""Point"",""coordinates"":[108.88187355252106,19.342373146342045]}"
42,0.0,27.0,13.0,13.105252265930176,16.0,19.007766686304834,110.51726978357459,2145.39697265625,38.0,0.8052111268043518,5.0,2.0,0.7551240445746337,14.00930404663086,39.0,"{""type"":""Point"",""coordinates"":[110.5187898273939,19.007796563207457]}"
43,0.0,30.0,153.0,7.603837966918945,24.0,18.778696288854356,109.22369577444249,1960.152099609375,40.0,0.3113425076007843,3.0,1.0,0.7048965760038668,14.894797325134277,44.0,"{""type"":""Point"",""coordinates"":[109.22578432594042,18.78065572827961]}"
44,0.0,30.0,78.0,9.495437622070312,78.0,19.537772703935353,109.17878001023655,2060.4052734375,46.0,0.5303816199302673,3.0,3.0,0.690309035367184,14.407913208007812,36.0,"{""type"":""Point"",""coordinates"":[109.1788414267337,19.537128892559814]}"
45,0.0,26.0,192.0,22.812965393066406,173.0,18.643948996236425,109.0260664119362,1944.4202880859375,45.0,3.1331355571746826,4.0,1.0,0.5941338419879231,12.560221672058105,47.0,"{""type"":""Point"",""coordinates"":[109.02698118913047,18.644596976215652]}"
46,0.0,28.0,58.0,8.501906394958496,56.0,19.838708324115387,110.31065726822715,2224.071533203125,43.0,0.19171778857707977,7.0,4.0,0.7345552998261619,15.160274505615234,35.0,"{""type"":""Point"",""coordinates"":[110.30998187531297,19.838229459184728]}"
47,0.0,28.0,268.0,13.730301856994629,203.0,19.23683708375531,109.98277218952347,2495.74072265625,42.0,0.5303300619125366,5.0,2.0,0.6726603973299375,14.287535667419434,38.0,"{""type"":""Point"",""coordinates"":[109.9844504693057,19.23543060580041]}"
48,0.0,30.0,1060.0,43.25829315185547,1006.0,19.0751403326138,109.11140636392759,2405.359130859375,48.0,11.912880897521973,8.0,2.0,0.5813033292318323,10.39822006225586,39.0,"{""type"":""Point"",""coordinates"":[109.11357199673016,19.07572918141118]}"
49,0.0,27.0,91.0,12.845914840698242,61.0,19.55573900961774,110.06811214151486,2497.172119140625,46.0,0.4299336075782776,4.0,3.0,0.7400450354804632,14.610093116760254,35.0,"{""type"":""Point"",""coordinates"":[110.0661497610872,19.557196913501738]}"
50,0.0,38.0,803.0,11.981833457946777,634.0,18.985308804201843,109.30903572643388,2167.042236328125,33.0,0.9937329888343811,5.0,2.0,0.6052566833376023,13.212407112121582,41.0,"{""type"":""Point"",""coordinates"":[109.30927016204986,18.985018450169566]}"
51,0.0,26.0,111.0,32.775604248046875,111.0,18.63496584339523,110.07260371793546,2197.380859375,49.0,3.9434585571289062,4.0,1.0,0.61942286194286,12.380233764648438,45.0,"{""type"":""Point"",""coordinates"":[110.07091894807114,18.636350363642965]}"
52,0.0,25.0,97.0,19.076114654541016,89.0,19.308702306484875,110.3241319974889,2498.102783203125,46.0,1.0473518371582031,4.0,3.0,0.7012675787226418,13.715991973876953,36.0,"{""type"":""Point"",""coordinates"":[110.32270753254062,19.308263788781204]}"
53,0.0,35.0,80.0,10.202535629272461,81.0,19.515314821832362,110.66100022903373,2309.38818359375,38.0,0.43123024702072144,3.0,3.0,0.7023092538700927,14.164512634277344,36.0,"{""type"":""Point"",""coordinates"":[110.65950058455576,19.514978727543827]}"
54,0.0,24.0,206.0,15.832761764526367,140.0,19.4389580226822,109.52463139462253,2468.859619140625,54.0,0.8301437497138977,4.0,3.0,0.6951022149263353,13.880324363708496,33.0,"{""type"":""Point"",""coordinates"":[109.52334891988869,19.43788018061711]}"
55,0.0,30.0,318.0,49.04481506347656,296.0,18.82361205306033,110.13997736424443,2226.138671875,46.0,8.48511791229248,4.0,2.0,0.5758131323839386,11.473373413085938,49.0,"{""type"":""Point"",""coordinates"":[110.13805531592007,18.824980764120284]}"
56,0.0,29.0,16.0,9.350069046020508,16.0,19.730910490021046,110.73735702818391,2247.13623046875,46.0,0.4265555739402771,5.0,3.0,0.7540996165024162,13.729301452636719,41.0,"{""type"":""Point"",""coordinates"":[110.7377680963385,19.728825744608148]}"
57,0.0,24.0,503.0,36.55592727661133,456.0,18.6888647604424,108.9811506477302,1814.3345947265625,50.0,10.090113639831543,5.0,1.0,0.5518597952152905,11.158941268920898,46.0,"{""type"":""Point"",""coordinates"":[108.98301188424502,18.688897569685818]}"
58,0.0,27.0,198.0,23.46685028076172,112.0,19.452432751943995,109.753701792073,2578.342529296875,52.0,1.5977809429168701,3.0,3.0,0.6846883122667311,13.230525016784668,36.0,"{""type"":""Point"",""coordinates"":[109.75162039860568,19.45340035687753]}"
59,0.0,28.0,71.0,13.01770305633545,69.0,19.68599472581507,110.62955919408955,2281.0185546875,48.0,0.879525899887085,5.0,3.0,0.7141959088937516,13.460111618041992,36.0,"{""type"":""Point"",""coordinates"":[110.62876227557663,19.684157048114418]}"
60,0.0,26.0,238.0,59.2684211730957,122.0,19.286244424381884,109.68183656934343,2494.40576171875,52.0,7.812528133392334,4.0,3.0,0.6455887782462459,11.611369132995605,38.0,"{""type"":""Point"",""coordinates"":[109.68172799646972,19.284879254462037]}"
62,0.0,22.0,158.0,16.41592788696289,100.0,19.49734851614997,109.798617556279,2578.342529296875,56.0,0.7281580567359924,4.0,3.0,0.6960567218282342,14.041996955871582,35.0,"{""type"":""Point"",""coordinates"":[109.79720372456535,19.498947118698858]}"
63,0.0,25.0,183.0,17.01279640197754,80.0,19.286244424381884,109.71776918070822,2433.579345703125,54.0,1.039331316947937,4.0,3.0,0.6935654277911139,13.670318603515625,38.0,"{""type"":""Point"",""coordinates"":[109.71675343061881,19.284575932599108]}"
65,0.0,25.0,175.0,20.168031692504883,135.0,19.115564520399175,109.08894848182456,2317.00634765625,51.0,1.594566822052002,4.0,2.0,0.6581246105770765,13.247231483459473,39.0,"{""type"":""Point"",""coordinates"":[109.09103788783735,19.116511554460327]}"
66,0.0,31.0,757.0,42.253536224365234,757.0,18.60352480845105,110.1175194821414,2045.549560546875,44.0,12.3616361618042,6.0,1.0,0.5443192213065824,10.723270416259766,46.0,"{""type"":""Point"",""coordinates"":[110.1184404359314,18.60551126364394]}"
67,0.0,27.0,2.0,7.637450218200684,3.0,20.018371380939293,110.44989613726563,1905.899658203125,41.0,0.5025940537452698,3.0,4.0,0.7470556205425619,13.562321662902832,41.0,"{""type"":""Point"",""coordinates"":[110.4488704441638,20.01767514997959]}"
68,0.0,23.0,34.0,8.858264923095703,34.0,19.83421674769479,110.71489914608088,1963.365234375,56.0,0.8235541582107544,4.0,4.0,0.7094156383522399,13.020301818847656,42.0,"{""type"":""Point"",""coordinates"":[110.71671391299512,19.836217419369646]}"
69,0.0,32.0,83.0,15.40427017211914,55.0,18.6888647604424,109.78963440343779,2398.240966796875,39.0,0.8416323661804199,4.0,1.0,0.681735820815861,13.943132400512695,48.0,"{""type"":""Point"",""coordinates"":[109.7911429446481,18.689638289640534]}"
70,0.0,26.0,51.0,10.409221649169922,51.0,19.901590394003755,110.3196404210683,2218.89111328125,46.0,0.4880128800868988,4.0,4.0,0.7235121781767951,14.06762409210205,38.0,"{""type"":""Point"",""coordinates"":[110.31760082128389,19.901247824682613]}"
71,0.0,29.0,548.0,52.89984893798828,499.0,18.76971313601316,109.65488711081986,2296.720947265625,41.0,9.732526779174805,7.0,1.0,0.5775913839048836,11.159059524536133,46.0,"{""type"":""Point"",""coordinates"":[109.65642810140014,18.77147511696803]}"
72,0.0,25.0,26.0,10.123576164245605,29.0,18.84606993516332,110.3690477616949,2084.740478515625,51.0,0.5462853312492371,2.0,2.0,0.6996570463664766,14.408957481384277,47.0,"{""type"":""Point"",""coordinates"":[110.36863461912026,18.84401288074261]}"
73,0.0,24.0,14.0,5.443068504333496,15.0,19.94650615820973,110.83168013301645,1825.8330078125,49.0,0.11471964418888092,3.0,4.0,0.6939289634928767,14.61414909362793,49.0,"{""type"":""Point"",""coordinates"":[110.83175170933038,19.94717795601446]}"
74,0.0,25.0,326.0,26.800739288330078,143.0,18.95835934567826,109.78514282701718,2357.043701171875,46.0,2.4619438648223877,3.0,2.0,0.629140946193299,12.711874008178711,43.0,"{""type"":""Point"",""coordinates"":[109.78498194034252,18.957600145282452]}"
75,0.0,28.0,222.0,71.7343978881836,222.0,18.585558502768656,110.09955317645904,2085.37158203125,51.0,18.279897689819336,4.0,1.0,0.5616007360058289,10.743273735046387,45.0,"{""type"":""Point"",""coordinates"":[110.0974367747575,18.584758729263978]}"
76,0.0,33.0,115.0,12.431427955627441,88.0,19.4389580226822,110.35557303243309,2422.853515625,38.0,0.48997512459754944,5.0,3.0,0.7002161316745081,14.444443702697754,36.0,"{""type"":""Point"",""coordinates"":[110.3537979340526,19.437788099908115]}"
77,0.0,26.0,36.0,15.436681747436523,39.0,18.35199652889758,109.63242922871689,2058.072021484375,47.0,1.3518540859222412,3.0,0.0,0.7016312222231371,13.49690055847168,43.0,"{""type"":""Point"",""coordinates"":[109.6337886824026,18.35054315939883]}"
78,0.0,26.0,249.0,91.02314758300781,236.0,18.706831066124792,109.94234800173814,2422.595703125,49.0,16.676387786865234,4.0,1.0,0.5715343788680802,10.823226928710938,47.0,"{""type"":""Point"",""coordinates"":[109.94014628008715,18.705045934949197]}"
79,0.0,27.0,218.0,14.87435245513916,74.0,18.720305795386587,109.29556099717206,2013.1861572265625,52.0,1.558953881263733,4.0,1.0,0.6446469349572553,13.24218463897705,44.0,"{""type"":""Point"",""coordinates"":[109.29338892865378,18.72055326697001]}"
80,0.0,30.0,477.0,47.772483825683594,476.0,18.52267643288029,109.75819336849361,2278.89501953125,47.0,8.593852996826172,5.0,1.0,0.5877876523954119,11.342927932739258,45.0,"{""type"":""Point"",""coordinates"":[109.75750989771191,18.524249879779752]}"
81,0.0,24.0,99.0,12.15747356414795,48.0,19.66802842013268,109.73124390997003,2267.14599609375,53.0,0.6091139912605286,3.0,3.0,0.7565441080532724,14.256871223449707,31.0,"{""type"":""Point"",""coordinates"":[109.72951125304628,19.666646255840085]}"
82,0.0,28.0,11.0,6.918241024017334,12.0,20.099219756510053,110.63405077051016,1779.9571533203125,40.0,0.7122549414634705,2.0,4.0,0.7142939075939347,12.792638778686523,44.0,"{""type"":""Point"",""coordinates"":[110.63609669697009,20.097250192482022]}"
83,0.0,25.0,329.0,23.356800079345703,332.0,18.60352480845105,108.85538650795348,1622.00927734375,52.0,6.128632545471191,3.0,1.0,0.5619616996719068,11.794538497924805,46.0,"{""type"":""Point"",""coordinates"":[108.85470259008547,18.604536269951772]}"
84,0.0,24.0,136.0,16.15617561340332,115.0,19.528789551094157,109.46174932473417,2394.724853515625,55.0,0.9676715731620789,4.0,3.0,0.6811022066988406,13.771288871765137,36.0,"{""type"":""Point"",""coordinates"":[109.4603344825238,19.530256879872688]}"
85,0.0,26.0,140.0,9.795259475708008,124.0,19.093106638296184,108.94521803636547,1913.0430908203125,47.0,0.7284843325614929,5.0,2.0,0.6405333810313224,14.052778244018555,39.0,"{""type"":""Point"",""coordinates"":[108.94441950841458,19.09145105668399]}"
86,0.0,23.0,120.0,17.104442596435547,102.0,19.49734851614997,109.3898841020046,2411.119384765625,53.0,0.9960004687309265,4.0,3.0,0.6917100860892713,13.752280235290527,34.0,"{""type"":""Point"",""coordinates"":[109.38890000401823,19.49735805526821]}"
87,0.0,21.0,76.0,15.139437675476074,72.0,19.052682450510808,108.78801286164452,1544.436279296875,58.0,3.0857577323913574,2.0,2.0,0.6347224726293997,12.647212982177734,41.0,"{""type"":""Point"",""coordinates"":[108.78580939694214,19.05128483155416]}"
88,0.0,23.0,89.0,11.744341850280762,92.0,18.590050079189254,108.8194538965887,1562.4693603515625,57.0,2.0780913829803467,4.0,1.0,0.6042016117120879,13.03530216217041,44.0,"{""type"":""Point"",""coordinates"":[108.81860245923248,18.59129296828444]}"
89,0.0,24.0,10.0,8.985403060913086,13.0,18.85954466442511,110.42294667874205,2069.898681640625,48.0,0.3648812472820282,3.0,2.0,0.7278367948195795,14.802645683288574,45.0,"{""type"":""Point"",""coordinates"":[110.42304591936627,18.857318736615753]}"
90,0.0,27.0,764.0,45.03193664550781,605.0,18.6888647604424,109.35395149063982,2130.394287109375,51.0,12.281630516052246,6.0,1.0,0.5531490165187595,10.722908020019531,45.0,"{""type"":""Point"",""coordinates"":[109.35262652323772,18.6869840305279]}"
91,0.0,30.0,767.0,49.01277160644531,704.0,18.80115417095734,109.82107543838197,2352.640625,42.0,10.022263526916504,4.0,1.0,0.5743397635410441,10.928372383117676,44.0,"{""type"":""Point"",""coordinates"":[109.8228507292379,18.802187571664444]}"
92,0.0,30.0,7.0,27.952133178710938,9.0,18.675390031180612,110.41396352590084,1873.4666748046875,45.0,4.784494876861572,4.0,1.0,0.701509824251475,12.228521347045898,46.0,"{""type"":""Point"",""coordinates"":[110.41573768936262,18.674455200077887]}"
93,0.0,28.0,422.0,47.90132522583008,255.0,18.899968852210492,109.8031091326996,2328.828369140625,42.0,7.098029613494873,5.0,2.0,0.597929777693627,11.578794479370117,45.0,"{""type"":""Point"",""coordinates"":[109.80403219225919,18.90188701788913]}"
94,0.0,31.0,290.0,54.58485412597656,271.0,18.468777515833118,109.60098819377271,2237.040283203125,40.0,9.377876281738281,5.0,1.0,0.602186404645684,11.391033172607422,43.0,"{""type"":""Point"",""coordinates"":[109.5994647633437,18.467284740906017]}"
95,0.0,26.0,5.0,8.2720365524292,7.0,19.084123485454995,110.49032032505102,2224.185302734375,45.0,0.13426092267036438,4.0,2.0,0.7724713217417624,15.805365562438965,39.0,"{""type"":""Point"",""coordinates"":[110.48839596505985,19.085847143953476]}"
96,0.0,22.0,24.0,12.830050468444824,26.0,19.084123485454995,110.44091298442447,2344.2353515625,48.0,0.519780695438385,4.0,2.0,0.7556330818328247,14.440570831298828,39.0,"{""type"":""Point"",""coordinates"":[110.44188203571895,19.08617032337692]}"
97,0.0,30.0,212.0,45.66482925415039,194.0,19.025732991987226,110.22531731623576,2430.447265625,40.0,5.198604106903076,3.0,2.0,0.6208709754028964,12.039210319519043,45.0,"{""type"":""Point"",""coordinates"":[110.22358195179201,19.023501033889065]}"
99,0.0,27.0,670.0,21.7559814453125,626.0,18.71132264254539,108.91826857784184,1725.745361328125,49.0,5.800995826721191,7.0,1.0,0.5469990135095674,11.575923919677734,47.0,"{""type"":""Point"",""coordinates"":[108.9180138345341,18.713351941008355]}"
100,0.0,28.0,645.0,46.59015655517578,499.0,19.18742974312874,109.73573548639064,2412.357421875,47.0,7.612120151519775,6.0,2.0,0.6113054398732177,11.32457160949707,40.0,"{""type"":""Point"",""coordinates"":[109.73567661916795,19.187835051313424]}"
101,0.0,28.0,477.0,70.26528930664062,286.0,19.088615061875586,109.67734499292288,2360.84228515625,49.0,14.587183952331543,4.0,2.0,0.594530856907146,10.799430847167969,40.0,"{""type"":""Point"",""coordinates"":[109.67703938290143,19.087641789634134]}"
102,0.0,29.0,129.0,23.432159423828125,101.0,19.6320958087679,109.58751346451089,2298.0244140625,45.0,2.098217010498047,4.0,3.0,0.6800456794408452,13.00130844116211,34.0,"{""type"":""Point"",""coordinates"":[109.58683782770862,19.63158936741278]}"
103,0.0,30.0,716.0,57.97235107421875,560.0,19.01225826272543,109.80760070912021,2358.28466796875,45.0,13.125099182128906,5.0,2.0,0.5778135962812408,10.701698303222656,42.0,"{""type"":""Point"",""coordinates"":[109.80823659152249,19.014440931639566]}"
104,0.0,28.0,550.0,40.78248977661133,353.0,18.8820025465281,109.58751346451089,2170.943115234375,47.0,7.707315444946289,5.0,2.0,0.5848045386049504,11.394327163696289,44.0,"{""type"":""Point"",""coordinates"":[109.58675284631303,18.880233298112525]}"
105,0.0,29.0,662.0,30.399072647094727,595.0,18.62149111413344,109.4437830190518,1996.3046875,43.0,6.427119255065918,6.0,1.0,0.5599866175215762,11.480011940002441,47.0,"{""type"":""Point"",""coordinates"":[109.44549458094268,18.621558303028593]}"
106,0.0,24.0,136.0,18.33065414428711,56.0,19.358109647111448,109.31352730285442,2401.13671875,46.0,1.1002081632614136,3.0,3.0,0.7377245739887006,13.642898559570312,34.0,"{""type"":""Point"",""coordinates"":[109.31298443167019,19.358578815001056]}"
107,0.0,25.0,145.0,24.848922729492188,123.0,19.596163197403122,109.55607242956671,2401.87890625,50.0,1.9922908544540405,4.0,3.0,0.6809710543134947,13.043248176574707,35.0,"{""type"":""Point"",""coordinates"":[109.55813400403382,19.59408280713359]}"
108,0.0,27.0,246.0,32.69504928588867,90.0,18.85056151158392,109.3898841020046,2157.0654296875,48.0,4.44471549987793,5.0,2.0,0.6192330057813568,12.174300193786621,45.0,"{""type"":""Point"",""coordinates"":[109.39018439051719,18.850336537340812]}"
109,0.0,22.0,144.0,13.466449737548828,111.0,19.591671620982524,109.85700804974675,2515.640869140625,53.0,0.4594675898551941,4.0,3.0,0.6943693157791097,14.511223793029785,35.0,"{""type"":""Point"",""coordinates"":[109.85604150413327,19.59319046700584]}"
110,0.0,26.0,40.0,9.621562004089355,40.0,19.708452607918062,109.35395149063982,1972.650146484375,50.0,0.6264535784721375,2.0,3.0,0.7417873081063222,14.263870239257812,33.0,"{""type"":""Point"",""coordinates"":[109.35411899819665,19.707676660264692]}"
111,0.0,27.0,385.0,23.186498641967773,381.0,18.49123539793611,109.19225473949831,1858.4268798828125,51.0,4.357638835906982,4.0,1.0,0.5871388812305779,12.09732437133789,44.0,"{""type"":""Point"",""coordinates"":[109.19347842275154,18.489529373329546]}"
112,0.0,22.0,59.0,13.864581108093262,55.0,19.703961031497464,109.56056400598732,2136.4345703125,55.0,0.9898107051849365,4.0,3.0,0.7336993601770757,13.795211791992188,33.0,"{""type"":""Point"",""coordinates"":[109.56231036923646,19.70321868034468]}"
113,0.0,28.0,189.0,58.42085647583008,171.0,19.29522757722308,110.25675835117994,2575.142822265625,45.0,6.528674602508545,3.0,3.0,0.6606592985285835,11.824628829956055,37.0,"{""type"":""Point"",""coordinates"":[110.25699012256622,19.295193205778354]}"
114,0.0,27.0,377.0,54.014976501464844,377.0,18.581066926348058,110.10853632930025,2118.16162109375,49.0,11.698628425598145,5.0,1.0,0.5749853453428697,11.103516578674316,45.0,"{""type"":""Point"",""coordinates"":[110.11011910194128,18.582768407545707]}"
115,0.0,31.0,849.0,38.13520812988281,652.0,19.034716144828415,109.4347998662106,2313.302734375,38.0,7.188111782073975,5.0,2.0,0.5858945378590443,11.178840637207031,42.0,"{""type"":""Point"",""coordinates"":[109.43664256744653,19.036400728242047]}"
116,0.0,28.0,352.0,61.07991409301758,352.0,18.65293214907762,110.19387628129158,2085.0732421875,47.0,14.718353271484375,3.0,1.0,0.5684229200572649,10.8836030960083,44.0,"{""type"":""Point"",""coordinates"":[110.19519715998328,18.65320088395778]}"
118,0.0,24.0,32.0,10.565638542175293,28.0,19.24132866017591,108.8194538965887,1684.8936767578125,50.0,1.2794829607009888,2.0,2.0,0.6915850656910062,13.554269790649414,43.0,"{""type"":""Point"",""coordinates"":[108.81777206759024,19.242893764243167]}"
119,0.0,21.0,109.0,15.14037799835205,76.0,19.60963792666491,109.5964966173521,2298.0244140625,55.0,0.8993586897850037,4.0,3.0,0.7083052316649627,13.861082077026367,35.0,"{""type"":""Point"",""coordinates"":[109.59750392503952,19.60795140667557]}"
120,0.0,29.0,69.0,29.042789459228516,67.0,19.034716144828415,110.38701406737727,2415.82666015625,40.0,2.405747413635254,5.0,2.0,0.7042001659977356,12.900696754455566,39.0,"{""type"":""Point"",""coordinates"":[110.38852442109906,19.035881219682924]}"
121,0.0,25.0,215.0,12.559043884277344,109.0,19.142513978922757,109.86599120258796,2304.437744140625,51.0,0.630933403968811,3.0,2.0,0.6448757931075737,14.148914337158203,42.0,"{""type"":""Point"",""coordinates"":[109.86526333931127,19.144168968442337]}"
122,0.0,31.0,99.0,18.227996826171875,75.0,19.57370531530013,110.51277820715399,2369.894775390625,39.0,1.3861254453659058,5.0,3.0,0.7088783271937856,13.14938735961914,36.0,"{""type"":""Point"",""coordinates"":[110.51478801691415,19.574325323943867]}"
123,0.0,24.0,76.0,35.920562744140625,75.0,18.751746830330767,110.166926822768,2270.92138671875,52.0,4.060100078582764,4.0,1.0,0.6440248948530157,12.37209415435791,47.0,"{""type"":""Point"",""coordinates"":[110.16917188339809,18.75393439716848]}"
124,0.0,26.0,516.0,43.5549430847168,318.0,18.71581421896599,109.42581671336939,2203.71240234375,50.0,7.962845802307129,4.0,1.0,0.5824938758199585,11.389193534851074,45.0,"{""type"":""Point"",""coordinates"":[109.42555312602731,18.71501232892257]}"
125,0.0,27.0,886.0,42.97401428222656,780.0,18.80115417095734,108.99911695341262,1936.308349609375,48.0,17.117834091186523,9.0,1.0,0.5465980524171064,10.244187355041504,40.0,"{""type"":""Point"",""coordinates"":[108.99847104149681,18.802652444757076]}"
126,0.0,28.0,234.0,61.58994674682617,161.0,19.232345507334713,109.9558227309999,2495.74072265625,43.0,7.837750434875488,5.0,2.0,0.646080672188454,11.61074447631836,38.0,"{""type"":""Point"",""coordinates"":[109.95650656613287,19.230457316603694]}"
127,0.0,37.0,59.0,10.098681449890137,59.0,19.60514635024431,109.34496833779866,2083.043701171875,38.0,0.63241046667099,4.0,3.0,0.7187896322886883,14.243245124816895,35.0,"{""type"":""Point"",""coordinates"":[109.3442674041414,19.604514803936375]}"
128,0.0,29.0,403.0,76.08051300048828,374.0,18.71581421896599,109.77166809775542,2416.140625,46.0,14.432060241699219,6.0,1.0,0.5630844658303061,10.867011070251465,49.0,"{""type"":""Point"",""coordinates"":[109.77081421791854,18.714692760626658]}"
129,0.0,29.0,78.0,13.462632179260254,68.0,19.57370531530013,110.58913500630416,2362.20703125,45.0,0.8074908256530762,4.0,3.0,0.7281136922696765,13.539048194885254,34.0,"{""type"":""Point"",""coordinates"":[110.58891233283205,19.57396443693994]}"
130,0.0,21.0,8.0,5.260361194610596,8.0,19.425483293420413,108.8194538965887,1548.9913330078125,54.0,0.33440911769866943,2.0,3.0,0.7193010931556186,14.910127639770508,41.0,"{""type"":""Point"",""coordinates"":[108.81802792817923,19.427454436930432]}"
131,0.0,30.0,167.0,42.355995178222656,150.0,19.043699297669612,110.22082573981515,2430.447265625,39.0,4.477618217468262,4.0,2.0,0.6313494472375922,12.218021392822266,44.0,"{""type"":""Point"",""coordinates"":[110.22232205426165,19.045739310809658]}"
132,0.0,21.0,8.0,6.76206636428833,8.0,19.699469455076866,109.29106942075146,1890.71875,53.0,0.2108524739742279,2.0,3.0,0.7670334051723224,15.37134075164795,35.0,"{""type"":""Point"",""coordinates"":[109.29208427253995,19.697582444428104]}"
133,0.0,33.0,234.0,35.09872055053711,231.0,18.810137323798536,108.80597916732694,1710.587890625,40.0,9.892765045166016,5.0,1.0,0.5673161687097261,11.374150276184082,45.0,"{""type"":""Point"",""coordinates"":[108.80375885202886,18.811787090174835]}"
134,0.0,29.0,525.0,47.54484558105469,308.0,18.99429195704304,109.65039553439925,2270.836181640625,39.0,8.093160629272461,5.0,2.0,0.6033918789187711,11.365438461303711,41.0,"{""type"":""Point"",""coordinates"":[109.65013100785028,18.993472048006883]}"
135,0.0,25.0,338.0,33.91816711425781,331.0,18.693356336862998,110.06362056509425,2157.830810546875,49.0,4.810320854187012,4.0,1.0,0.5961304111645459,12.031872749328613,46.0,"{""type"":""Point"",""coordinates"":[110.06554577871928,18.693934756727604]}"
136,0.0,27.0,161.0,39.941650390625,133.0,18.54513431498328,109.34945991421921,2005.75732421875,44.0,6.916835784912109,4.0,1.0,0.5911292529312653,11.784097671508789,46.0,"{""type"":""Point"",""coordinates"":[109.34913277640959,18.54327824863074]}"
137,0.0,21.0,90.0,6.958878993988037,80.0,19.191921319549337,108.94521803636547,1958.3717041015625,55.0,0.1910209357738495,2.0,2.0,0.655041908337527,15.421957969665527,42.0,"{""type"":""Point"",""coordinates"":[108.94553093227724,19.1936836254715]}"
138,0.0,27.0,42.0,35.62283706665039,35.0,18.8820025465281,110.27921623328291,2323.929443359375,51.0,3.8986825942993164,4.0,2.0,0.698749373084276,12.432876586914062,46.0,"{""type"":""Point"",""coordinates"":[110.27968207224974,18.880810004333874]}"
139,0.0,29.0,148.0,61.73854446411133,143.0,19.26827811869949,110.33311515033012,2649.724609375,49.0,6.8572797775268555,4.0,2.0,0.6683611136410934,11.800966262817383,36.0,"{""type"":""Point"",""coordinates"":[110.33525961002901,19.26874386902982]}"
140,0.0,37.0,685.0,23.023176193237305,678.0,18.441828057309536,109.52013981820193,2060.3134765625,35.0,3.9014787673950195,7.0,1.0,0.5933562331601876,11.960515022277832,42.0,"{""type"":""Point"",""coordinates"":[109.52004533369141,18.442023417962066]}"
141,0.0,30.0,40.0,5.516537189483643,41.0,19.820742018433002,109.32700203211624,1698.42041015625,37.0,0.2109060436487198,4.0,4.0,0.7271681903136138,15.352567672729492,33.0,"{""type"":""Point"",""coordinates"":[109.32704027402139,19.821870883633665]}"
142,0.0,28.0,188.0,48.34649658203125,188.0,18.52267643288029,110.05463741225304,1987.9119873046875,47.0,10.28027629852295,5.0,1.0,0.5878181229010171,11.364774703979492,44.0,"{""type"":""Point"",""coordinates"":[110.05458510374108,18.524772793663118]}"
143,0.0,21.0,203.0,11.459343910217285,63.0,18.65293214907762,109.20123789233952,2024.8345947265625,59.0,0.8778001666069031,3.0,1.0,0.6513252442119833,13.826435089111328,46.0,"{""type"":""Point"",""coordinates"":[109.19937127416502,18.655069900051068]}"
144,0.0,28.0,28.0,11.832059860229492,28.0,19.254803389437704,110.5262529364158,2408.855224609375,46.0,0.4177775979042053,4.0,2.0,0.7531820142968879,14.656675338745117,40.0,"{""type"":""Point"",""coordinates"":[110.52457822512272,19.25309151399801]}"
145,0.0,24.0,1289.0,44.03642272949219,1235.0,19.061665603352004,109.13835582245116,2405.359130859375,48.0,17.816423416137695,9.0,2.0,0.5487142570289711,9.575439453125,40.0,"{""type"":""Point"",""coordinates"":[109.13722301389942,19.062991441354654]}"
146,0.0,29.0,5.0,5.607346534729004,6.0,20.031846110201087,110.64303392335137,1782.2510986328125,41.0,0.2599071264266968,3.0,4.0,0.719177057432973,13.816332817077637,45.0,"{""type"":""Point"",""coordinates"":[110.64112422237372,20.032835983120965]}"
147,0.0,24.0,237.0,11.04255199432373,235.0,18.482252245094912,109.11140636392759,1773.9639892578125,57.0,1.3757976293563843,4.0,1.0,0.5966777086529593,13.354757308959961,45.0,"{""type"":""Point"",""coordinates"":[109.11344957794239,18.48068614085912]}"
148,0.0,33.0,835.0,69.35728454589844,683.0,19.151497131763954,109.30903572643388,2486.160400390625,38.0,17.264617919921875,10.0,2.0,0.587091938295901,10.292336463928223,38.0,"{""type"":""Point"",""coordinates"":[109.308521927467,19.153600031030237]}"
149,0.0,25.0,19.0,9.910725593566895,22.0,18.949376192837065,110.45438771368623,2017.482666015625,44.0,0.5464888215065002,3.0,2.0,0.7311694124625099,14.393406867980957,41.0,"{""type"":""Point"",""coordinates"":[110.4543607440857,18.94928490760563]}"
150,0.0,24.0,133.0,11.226461410522461,119.0,19.111072943978577,108.90928542500069,1907.9285888671875,50.0,0.9728891253471375,4.0,2.0,0.6345430711061358,13.767765045166016,40.0,"{""type"":""Point"",""coordinates"":[108.90963518449354,19.110456890413193]}"
151,0.0,28.0,90.0,11.954673767089844,83.0,19.659045267291482,110.58015185346295,2318.9609375,45.0,0.6263640522956848,5.0,3.0,0.7184487398136483,13.78178596496582,32.0,"{""type"":""Point"",""coordinates"":[110.5804270231459,19.657620797130466]}"
152,0.0,22.0,46.0,18.655986785888672,34.0,19.18293816670814,108.96318434204784,2120.6435546875,51.0,1.6483161449432373,2.0,2.0,0.7126882289175401,13.292688369750977,42.0,"{""type"":""Point"",""coordinates"":[108.96401058776351,19.182735216490112]}"
153,0.0,28.0,49.0,15.674256324768066,49.0,19.865657782638976,110.46337086652744,2167.918212890625,42.0,1.4817017316818237,7.0,4.0,0.7213100439979022,12.932811737060547,38.0,"{""type"":""Point"",""coordinates"":[110.46196899068309,19.86364906743655]}"
154,0.0,31.0,271.0,25.519332885742188,166.0,18.82810362948093,109.93785642531753,2275.58984375,39.0,2.561861753463745,4.0,2.0,0.6193978846509869,12.709883689880371,45.0,"{""type"":""Point"",""coordinates"":[109.93706326713288,18.828521454015785]}"
155,0.0,31.0,27.0,8.049147605895996,27.0,19.82972517127419,109.3943756784252,1763.005859375,40.0,0.6495612263679504,5.0,4.0,0.742163361535485,14.235209465026855,34.0,"{""type"":""Point"",""coordinates"":[109.39624571374091,19.829080698904434]}"
156,0.0,31.0,567.0,24.57804298400879,524.0,18.74725525391017,109.69531129860525,2442.33740234375,40.0,2.257319688796997,6.0,1.0,0.6049730724685694,12.613614082336426,47.0,"{""type"":""Point"",""coordinates"":[109.69753799186392,18.747416415473804]}"
157,0.0,26.0,141.0,16.833572387695312,105.0,19.49285693972937,109.50217351251956,2466.86962890625,50.0,0.9257110953330994,4.0,3.0,0.6896444613468522,13.812528610229492,35.0,"{""type"":""Point"",""coordinates"":[109.50270535064382,19.49203305689246]}"
158,0.0,23.0,91.0,13.17638111114502,50.0,19.425483293420413,110.25226677475933,2394.509521484375,47.0,0.5160958170890808,5.0,3.0,0.7330512714702329,14.427422523498535,38.0,"{""type"":""Point"",""coordinates"":[110.25280430188846,19.42549314275195]}"
159,0.0,23.0,12.0,8.879508018493652,15.0,18.97183407494005,110.50828663073344,2046.4970703125,49.0,0.36841607093811035,3.0,2.0,0.7462835960903299,14.79183292388916,40.0,"{""type"":""Point"",""coordinates"":[110.50719388354025,18.96993132545245]}"
160,0.0,21.0,198.0,13.572324752807617,61.0,18.675390031180612,109.20123789233952,2024.8345947265625,58.0,1.207130789756775,3.0,1.0,0.6614622840711315,13.511005401611328,44.0,"{""type"":""Point"",""coordinates"":[109.20077652672236,18.67628090505709]}"
161,0.0,31.0,323.0,35.238887786865234,239.0,18.85056151158392,108.99911695341262,1957.0806884765625,45.0,7.252624988555908,4.0,2.0,0.6005626936848175,11.628817558288574,41.0,"{""type"":""Point"",""coordinates"":[108.99800073869966,18.852716234961317]}"
162,0.0,27.0,872.0,59.27619552612305,722.0,19.15598870818455,109.77166809775542,2563.0400390625,46.0,11.967642784118652,6.0,2.0,0.5974654415383321,10.633834838867188,39.0,"{""type"":""Point"",""coordinates"":[109.77177961235493,19.154070771760306]}"
163,0.0,28.0,297.0,46.657894134521484,130.0,18.864036240845707,109.82107543838197,2328.828369140625,42.0,6.272100448608398,4.0,2.0,0.6072207359648902,11.793456077575684,45.0,"{""type"":""Point"",""coordinates"":[109.82158285386113,18.862149275761524]}"
164,0.0,27.0,70.0,18.94283103942871,58.0,19.111072943978577,110.23879204549758,2566.118408203125,47.0,0.9863185286521912,4.0,2.0,0.7062019420429352,13.792227745056152,44.0,"{""type"":""Point"",""coordinates"":[110.2366223497654,19.11083204446516]}"
165,0.0,29.0,473.0,70.88348388671875,337.0,18.706831066124792,109.49319035967835,2238.554443359375,47.0,17.223657608032227,4.0,1.0,0.5583597351867895,10.627588272094727,45.0,"{""type"":""Point"",""coordinates"":[109.49345541837334,18.70684721293794]}"
166,0.0,20.0,99.0,13.451030731201172,89.0,19.515314821832362,109.37640937274284,2330.65966796875,55.0,0.6323950290679932,3.0,3.0,0.6923419892800191,14.219359397888184,36.0,"{""type"":""Point"",""coordinates"":[109.37730221884813,19.51714575971265]}"
167,0.0,27.0,36.0,8.980620384216309,36.0,19.86116620621838,110.3690477616949,2217.255859375,42.0,0.25984516739845276,4.0,4.0,0.7463291313237004,14.711490631103516,37.0,"{""type"":""Point"",""coordinates"":[110.36978103064627,19.86329429673764]}"
168,0.0,30.0,433.0,33.94715118408203,256.0,19.057174026931406,109.74471863923185,2288.568359375,46.0,4.588466167449951,4.0,2.0,0.6211000001775804,12.009754180908203,41.0,"{""type"":""Point"",""coordinates"":[109.7469496886053,19.059308251034402]}"
169,0.0,29.0,17.0,14.121172904968262,15.0,19.173955013866944,110.3690477616949,2601.484619140625,43.0,0.45886939764022827,4.0,2.0,0.7839388273680874,14.588542938232422,39.0,"{""type"":""Point"",""coordinates"":[110.36749324179094,19.174456111588054]}"
170,0.0,24.0,172.0,37.27391815185547,100.0,19.290736000802482,109.26411996222788,2573.3681640625,55.0,3.2861762046813965,4.0,3.0,0.6706009251450129,12.52517032623291,38.0,"{""type"":""Point"",""coordinates"":[109.26302947401285,19.289074184807134]}"
171,0.0,25.0,21.0,14.214536666870117,15.0,19.74887679570344,110.30167411538594,2360.567626953125,49.0,0.7943012118339539,2.0,4.0,0.8021372391881906,13.76718521118164,31.0,"{""type"":""Point"",""coordinates"":[110.30376886310037,19.747883354145706]}"
172,0.0,26.0,56.0,13.49509334564209,32.0,19.69048630223567,109.88395750827033,2378.512939453125,51.0,0.6509669423103333,3.0,3.0,0.7790056779768448,14.216093063354492,32.0,"{""type"":""Point"",""coordinates"":[109.88263331664646,19.690726677572258]}"
173,0.0,28.0,265.0,42.877235412597656,230.0,18.91344358147228,110.14896051708558,2168.944091796875,50.0,7.147738456726074,4.0,2.0,0.5980047172488512,11.68332576751709,45.0,"{""type"":""Point"",""coordinates"":[110.15081552962442,18.914211893244982]}"
174,0.0,27.0,374.0,51.81222152709961,189.0,19.097598214716783,109.68632814576404,2360.84228515625,48.0,7.816601276397705,4.0,2.0,0.6217070506861435,11.516719818115234,40.0,"{""type"":""Point"",""coordinates"":[109.68498178572226,19.09852806056024]}"
175,0.0,24.0,139.0,15.211548805236816,64.0,19.304210730064277,109.91989011963511,2507.2353515625,54.0,0.7002902030944824,4.0,3.0,0.7153988962777995,14.092873573303223,39.0,"{""type"":""Point"",""coordinates"":[109.92183057699712,19.304644325621346]}"
176,0.0,28.0,77.0,13.07866096496582,53.0,19.677011572973875,109.89294066111154,2378.512939453125,49.0,0.6231849789619446,4.0,3.0,0.7597223713853979,14.24725341796875,31.0,"{""type"":""Point"",""coordinates"":[109.89095812369918,19.67890011825657]}"
177,0.0,29.0,56.0,13.947188377380371,53.0,19.77582625422702,110.51726978357459,2239.703125,41.0,1.0281168222427368,6.0,4.0,0.7349610219487045,13.317826271057129,35.0,"{""type"":""Point"",""coordinates"":[110.51538027277674,19.7754417474746]}"
178,0.0,23.0,17.0,5.667375564575195,18.0,19.91057354684495,110.79574752165166,1868.8828125,53.0,0.13482317328453064,4.0,4.0,0.7025979802631191,14.445911407470703,47.0,"{""type"":""Point"",""coordinates"":[110.79652537522543,19.912511807504547]}"
179,0.0,23.0,131.0,12.740203857421875,77.0,19.034716144828415,109.0260664119362,2171.417236328125,54.0,0.80730801820755,3.0,2.0,0.6758185350848428,13.955594062805176,40.0,"{""type"":""Point"",""coordinates"":[109.02482141256677,19.036462976267035]}"
180,0.0,22.0,17.0,8.810779571533203,17.0,19.694977878656267,109.28208626791024,1890.71875,51.0,0.5429753661155701,2.0,3.0,0.7552025233709106,14.420235633850098,35.0,"{""type"":""Point"",""coordinates"":[109.2812173764362,19.69620418989696]}"
181,0.0,26.0,6.0,8.500134468078613,9.0,18.814628900219134,110.40498037305969,1980.75830078125,46.0,0.40605950355529785,2.0,1.0,0.7085132999813023,14.703872680664062,49.0,"{""type"":""Point"",""coordinates"":[110.40499182648334,18.813938985005734]}"
182,0.0,28.0,184.0,12.714360237121582,184.0,19.66353684371208,111.02032634268153,1781.5382080078125,46.0,7.887508869171143,7.0,3.0,0.5773003816526522,9.895957946777344,47.0,"{""type"":""Point"",""coordinates"":[111.02160352329238,19.661799850797532]}"
183,0.0,34.0,114.0,15.888258934020996,72.0,19.389550682055628,110.24328362191818,2471.6640625,40.0,0.8586054444313049,4.0,3.0,0.7142050729719646,13.904414176940918,37.0,"{""type"":""Point"",""coordinates"":[110.24356608556502,19.387645518691244]}"
184,0.0,22.0,84.0,15.744587898254395,63.0,19.66802842013268,109.98726376594408,2425.486328125,54.0,0.8029860258102417,3.0,3.0,0.7359683010022532,13.989544868469238,34.0,"{""type"":""Point"",""coordinates"":[109.98573569007013,19.668104606126505]}"
185,0.0,28.0,211.0,40.419532775878906,149.0,19.084123485454995,109.93785642531753,2314.9736328125,45.0,4.958903789520264,4.0,2.0,0.6251917935435028,12.087312698364258,43.0,"{""type"":""Point"",""coordinates"":[109.93946329376239,19.083047272421812]}"
186,0.0,29.0,696.0,30.226882934570312,629.0,18.59903323203045,109.46174932473417,2102.9501953125,42.0,5.517537593841553,5.0,1.0,0.5704587594020278,11.602025985717773,46.0,"{""type"":""Point"",""coordinates"":[109.45986248755335,18.597887314516]}"
187,0.0,30.0,374.0,54.356285095214844,269.0,19.007766686304834,109.9513311545793,2314.163330078125,45.0,9.22496223449707,4.0,2.0,0.6103384025816347,11.348593711853027,41.0,"{""type"":""Point"",""coordinates"":[109.94987202739401,19.005781646165683]}"
188,0.0,26.0,535.0,41.95827102661133,394.0,18.84606993516332,109.75819336849361,2353.478759765625,45.0,5.910462856292725,4.0,2.0,0.595988305493018,11.674675941467285,45.0,"{""type"":""Point"",""coordinates"":[109.75675976495468,18.844795023702222]}"
189,0.0,24.0,203.0,22.974777221679688,108.0,19.205396048811124,109.1877631630777,2401.96533203125,52.0,1.7857871055603027,4.0,2.0,0.6605447337711166,13.11599349975586,39.0,"{""type"":""Point"",""coordinates"":[109.18992579509323,19.20429422733786]}"
190,0.0,31.0,33.0,15.795466423034668,34.0,19.820742018433002,109.54259770030495,1796.7110595703125,44.0,2.2302865982055664,4.0,4.0,0.7297306112565106,12.997674942016602,34.0,"{""type"":""Point"",""coordinates"":[109.54433562141753,19.82121920932224]}"
191,0.0,29.0,177.0,18.53357696533203,175.0,18.531659585721485,109.80760070912021,2219.58642578125,44.0,1.5800998210906982,4.0,1.0,0.6212754053932902,13.255081176757812,46.0,"{""type"":""Point"",""coordinates"":[109.80812000880138,18.532281275330167]}"
192,0.0,26.0,195.0,10.142762184143066,193.0,18.495726974356707,109.15632212813352,1858.4268798828125,54.0,0.9916337728500366,4.0,1.0,0.6100770080719837,13.709630012512207,44.0,"{""type"":""Point"",""coordinates"":[109.15568493109268,18.493989165133105]}"
193,0.0,25.0,6.0,4.131739616394043,7.0,19.259294965858295,108.73411394459737,1480.2640380859375,49.0,0.1720791757106781,3.0,2.0,0.7176855919861621,15.575692176818848,41.0,"{""type"":""Point"",""coordinates"":[108.73241923213712,19.25771636355272]}"
194,0.0,23.0,48.0,16.82431411743164,37.0,19.699469455076866,110.2073510105534,2417.25244140625,52.0,0.989783763885498,2.0,3.0,0.7873514492377098,13.648542404174805,29.0,"{""type"":""Point"",""coordinates"":[110.20549476834515,19.701176244451162]}"
195,0.0,33.0,23.0,6.776093006134033,26.0,18.998783533463637,110.47684559578926,2048.687255859375,39.0,0.12132896482944489,3.0,2.0,0.73459507699357,15.896087646484375,40.0,"{""type"":""Point"",""coordinates"":[110.47531041722188,18.99681011445181]}"
196,0.0,23.0,6.0,7.145718574523926,9.0,18.29360603542981,109.69081972218464,1947.633544921875,49.0,0.21449461579322815,3.0,0.0,0.7390943925163271,15.355360984802246,42.0,"{""type"":""Point"",""coordinates"":[109.69061319658228,18.294336629239407]}"
197,0.0,29.0,446.0,38.72490692138672,355.0,18.729288948227783,109.52912297104314,2192.415283203125,47.0,6.476812839508057,4.0,1.0,0.5819711848651972,11.653035163879395,47.0,"{""type"":""Point"",""coordinates"":[109.52838929072482,18.72820543529843]}"
198,0.0,27.0,277.0,46.60283279418945,99.0,19.15598870818455,109.56056400598732,2326.302490234375,42.0,6.10729455947876,4.0,2.0,0.6498296657303938,11.833944320678711,36.0,"{""type"":""Point"",""coordinates"":[109.56201874650355,19.156883955609985]}"
199,0.0,21.0,135.0,27.364582061767578,97.0,19.57370531530013,109.843533320485,2543.13134765625,55.0,1.9157638549804688,4.0,3.0,0.6977153324208081,13.088650703430176,34.0,"{""type"":""Point"",""coordinates"":[109.84496643981797,19.57311922981985]}"
200,0.0,28.0,580.0,46.75867462158203,505.0,18.702339489704194,109.0215748355156,1944.328857421875,49.0,14.355236053466797,7.0,1.0,0.5527029733557097,10.731927871704102,44.0,"{""type"":""Point"",""coordinates"":[109.02140564248704,18.702777569263596]}"
201,0.0,29.0,276.0,30.002161026000977,136.0,18.74725525391017,109.29106942075146,2013.1861572265625,50.0,5.112303733825684,4.0,1.0,0.595597916020971,12.013594627380371,45.0,"{""type"":""Point"",""coordinates"":[109.29119220288683,18.748450267175507]}"
202,0.0,23.0,81.0,7.835186958312988,33.0,19.681503149394473,109.70878602786706,2267.14599609375,53.0,0.06091879680752754,3.0,3.0,0.7677470734586759,16.570201873779297,33.0,"{""type"":""Point"",""coordinates"":[109.71089567169045,19.679681432907646]}"
203,0.0,29.0,529.0,72.6799545288086,397.0,18.832595205901526,109.2371705037043,2139.259521484375,44.0,20.890836715698242,6.0,2.0,0.5408011224589614,10.374820709228516,45.0,"{""type"":""Point"",""coordinates"":[109.23835289064262,18.830958302607893]}"
204,0.0,27.0,231.0,27.778324127197266,103.0,18.868527817266305,109.85700804974675,2305.247314453125,44.0,2.7194600105285645,5.0,2.0,0.6191028963440253,12.676751136779785,46.0,"{""type"":""Point"",""coordinates"":[109.85761811556692,18.867734346918148]}"
205,0.0,31.0,401.0,11.055594444274902,401.0,18.450811210150732,109.21022104518073,1933.0565185546875,43.0,1.0557047128677368,6.0,1.0,0.603088161108743,13.505090713500977,44.0,"{""type"":""Point"",""coordinates"":[109.20805861355845,18.449878753204644]}"
206,0.0,26.0,51.0,15.451125144958496,50.0,19.587180044561926,109.32700203211624,2200.006591796875,50.0,1.1359834671020508,3.0,3.0,0.7333298235884476,13.662154197692871,35.0,"{""type"":""Point"",""coordinates"":[109.32776890072125,19.587210799457367]}"
207,0.0,26.0,137.0,21.707046508789062,67.0,19.528789551094157,109.64590395797865,2476.4443359375,49.0,1.4563201665878296,4.0,3.0,0.7247559305193029,13.361774444580078,35.0,"{""type"":""Point"",""coordinates"":[109.64553469300132,19.527302672981325]}"
208,0.0,26.0,144.0,49.756103515625,141.0,19.200904472390526,110.34658987959187,2711.21728515625,51.0,4.3901047706604,4.0,2.0,0.6729181379711036,12.252245903015137,37.0,"{""type"":""Point"",""coordinates"":[110.3443868115979,19.20212802058915]}"
209,0.0,22.0,28.0,12.714164733886719,14.0,19.74438521928284,110.04116268299128,2453.1875,53.0,0.4304303526878357,3.0,4.0,0.8105061335951229,14.64616584777832,31.0,"{""type"":""Point"",""coordinates"":[110.04128781930163,19.743773126759315]}"
210,0.0,27.0,132.0,37.46600341796875,91.0,18.608016384871647,109.63242922871689,2358.995849609375,46.0,3.9885311126708984,5.0,1.0,0.6332454945351196,12.355953216552734,46.0,"{""type"":""Point"",""coordinates"":[109.63200506833832,18.606397713768768]}"
211,0.0,30.0,234.0,24.98111343383789,168.0,19.425483293420413,109.50666508894017,2468.859619140625,50.0,2.140110492706299,4.0,3.0,0.6881063671761007,12.91463851928711,33.0,"{""type"":""Point"",""coordinates"":[109.5055353570239,19.425960481710767]}"
212,0.0,29.0,233.0,38.380340576171875,156.0,19.41200856415862,109.77615967417603,2534.375244140625,45.0,3.645904302597046,5.0,3.0,0.6729240675992962,12.381664276123047,36.0,"{""type"":""Point"",""coordinates"":[109.7772076471466,19.41302673312656]}"
213,0.0,30.0,721.0,73.81951904296875,667.0,19.043699297669612,109.09793163466577,2335.939208984375,48.0,21.482454299926758,7.0,2.0,0.562338933050396,10.173399925231934,40.0,"{""type"":""Point"",""coordinates"":[109.09665354378787,19.043715609137866]}"
214,0.0,31.0,93.0,28.38311004638672,84.0,19.025732991987226,110.3196404210683,2411.55615234375,38.0,2.386810064315796,4.0,2.0,0.6696854688335429,12.894246101379395,42.0,"{""type"":""Point"",""coordinates"":[110.31980109397328,19.02750114178791]}"
215,0.0,25.0,70.0,9.397298812866211,69.0,19.739893642862242,109.61446292303447,2173.063720703125,50.0,0.3441552519798279,3.0,3.0,0.7215720576685674,14.84520149230957,33.0,"{""type"":""Point"",""coordinates"":[109.61656650598447,19.740441880540164]}"
216,0.0,31.0,30.0,6.520434856414795,32.0,19.645570538029695,110.97541057847559,1762.325439453125,44.0,0.7676920890808105,7.0,3.0,0.6934656932739047,12.678903579711914,44.0,"{""type"":""Point"",""coordinates"":[110.97410324157111,19.64758335186996]}"
217,0.0,27.0,714.0,47.87186813354492,654.0,18.590050079189254,109.54259770030495,2217.01806640625,49.0,11.140430450439453,6.0,1.0,0.5504359294932999,10.872568130493164,48.0,"{""type"":""Point"",""coordinates"":[109.54070660909487,18.59061360344366]}"
218,0.0,27.0,425.0,64.47598266601562,422.0,18.401403869524152,109.58302188809029,2154.610595703125,48.0,15.351080894470215,6.0,1.0,0.5725588834457418,10.785964965820312,43.0,"{""type"":""Point"",""coordinates"":[109.58523712617303,18.40117141358816]}"
219,0.0,33.0,1142.0,47.258750915527344,981.0,18.93590146357527,109.35395149063982,2199.232666015625,37.0,20.739959716796875,7.0,2.0,0.5134260926233507,9.687145233154297,45.0,"{""type"":""Point"",""coordinates"":[109.35260773386975,18.933664325596624]}"
220,0.0,27.0,17.0,13.360532760620117,17.0,19.313193882905473,110.49481190147162,2500.8623046875,41.0,0.44097426533699036,6.0,3.0,0.7728472434675575,14.60912036895752,40.0,"{""type"":""Point"",""coordinates"":[110.495959443906,19.31141915222324]}"
221,0.0,24.0,122.0,11.481732368469238,60.0,19.582688468141328,109.73573548639064,2443.47509765625,52.0,0.34001484513282776,4.0,3.0,0.7364531044192136,14.825901985168457,35.0,"{""type"":""Point"",""coordinates"":[109.7348375599324,19.58418067979258]}"
222,0.0,27.0,28.0,5.45619010925293,29.0,19.29971915364368,108.78352128522391,1543.1580810546875,52.0,0.4746939539909363,2.0,3.0,0.698427659882269,14.548276901245117,40.0,"{""type"":""Point"",""coordinates"":[108.78364444949808,19.29947318959845]}"
223,0.0,24.0,65.0,10.700638771057129,65.0,19.65455369087089,109.40335883126642,2111.220703125,53.0,0.6019782423973083,3.0,3.0,0.712692540524876,14.289016723632812,35.0,"{""type"":""Point"",""coordinates"":[109.40402654949698,19.65242684164652]}"
224,0.0,29.0,373.0,49.46059036254883,296.0,19.277261271540688,109.93785642531753,2508.67333984375,46.0,6.164898872375488,5.0,2.0,0.6495690908470263,11.757184982299805,37.0,"{""type"":""Point"",""coordinates"":[109.93636755004022,19.27628262117963]}"
225,0.0,30.0,23.0,6.315888404846191,24.0,20.07676187440706,110.61608446482774,1779.9571533203125,45.0,0.6133739948272705,3.0,4.0,0.7013385808288928,12.917196273803711,44.0,"{""type"":""Point"",""coordinates"":[110.61477204362438,20.07818747346882]}"
226,0.0,27.0,179.0,11.732003211975098,94.0,19.290736000802482,109.78514282701718,2421.7236328125,53.0,0.4588800072669983,4.0,3.0,0.6845761211731093,14.490496635437012,37.0,"{""type"":""Point"",""coordinates"":[109.78544036499034,19.29034005415096]}"
227,0.0,24.0,53.0,52.133338928222656,53.0,18.473269092253716,110.05014583583244,1879.015625,54.0,12.53242015838623,4.0,1.0,0.6345085698363484,11.244159698486328,44.0,"{""type"":""Point"",""coordinates"":[110.05215703092718,18.47414699857364]}"
228,0.0,29.0,400.0,34.86935043334961,324.0,18.527168009300887,109.50666508894017,2114.751708984375,49.0,6.017431259155273,5.0,1.0,0.5960817756750133,11.761805534362793,44.0,"{""type"":""Point"",""coordinates"":[109.50835850485315,18.52678761922843]}"
229,0.0,29.0,152.0,23.386730194091797,149.0,18.414878598785947,109.27310311506909,1907.5286865234375,44.0,3.524186372756958,4.0,1.0,0.6154548756467614,12.467658996582031,42.0,"{""type"":""Point"",""coordinates"":[109.27188233925565,18.414302397972513]}"
230,0.0,27.0,71.0,10.551957130432129,63.0,19.71294418433866,110.49032032505102,2324.4462890625,49.0,0.4061093330383301,7.0,3.0,0.744519441662176,14.380424499511719,32.0,"{""type"":""Point"",""coordinates"":[110.48933069547806,19.711196758489876]}"
231,0.0,25.0,322.0,104.18909454345703,284.0,19.043699297669612,110.08158687077662,2561.3291015625,46.0,17.833219528198242,4.0,2.0,0.5742542936444555,10.702136993408203,46.0,"{""type"":""Point"",""coordinates"":[110.08053022165214,19.04244698536739]}"
232,0.0,24.0,157.0,23.957082748413086,54.0,19.290736000802482,109.74471863923185,2433.579345703125,52.0,1.8142224550247192,4.0,3.0,0.7206027688757639,13.129449844360352,38.0,"{""type"":""Point"",""coordinates"":[109.74420331840518,19.292802855510704]}"
233,0.0,25.0,74.0,8.33333683013916,52.0,18.873019393686903,108.85987808437409,1813.3656005859375,46.0,0.5862511396408081,4.0,2.0,0.6606120682845723,14.310141563415527,46.0,"{""type"":""Point"",""coordinates"":[108.8579133697617,18.873652652357098]}"
234,0.0,24.0,126.0,23.822072982788086,71.0,19.452432751943995,109.83904174406439,2577.564208984375,53.0,1.5139741897583008,3.0,3.0,0.7169904786747412,13.329719543457031,37.0,"{""type"":""Point"",""coordinates"":[109.8392661603439,19.454079051892588]}"
235,0.0,23.0,191.0,51.060672760009766,116.0,19.29971915364368,109.94683957815869,2508.67333984375,55.0,5.721919059753418,4.0,3.0,0.6519122336940081,11.956257820129395,39.0,"{""type"":""Point"",""coordinates"":[109.94893034646546,19.297645017185918]}"
236,0.0,28.0,87.0,17.990930557250977,68.0,19.456924328364593,110.51277820715399,2406.15625,43.0,1.251852035522461,4.0,3.0,0.705945359364946,13.260919570922852,39.0,"{""type"":""Point"",""coordinates"":[110.51502207091755,19.454994983644756]}"
237,0.0,25.0,13.0,5.486823558807373,14.0,19.928539852527344,110.79574752165166,1868.8828125,47.0,0.06101345643401146,3.0,4.0,0.7023265219867788,15.247791290283203,48.0,"{""type"":""Point"",""coordinates"":[110.79612637262872,19.927525655832387]}"
238,0.0,29.0,274.0,27.059457778930664,272.0,18.760729983171963,108.75657182670034,1652.8431396484375,42.0,6.95952033996582,6.0,1.0,0.5710523662680866,11.704211235046387,45.0,"{""type"":""Point"",""coordinates"":[108.75843587008916,18.761210163680744]}"
239,0.0,25.0,46.0,12.793254852294922,29.0,19.582688468141328,110.19836785771219,2452.313720703125,47.0,0.4410996437072754,4.0,3.0,0.7755934645666381,14.611183166503906,35.0,"{""type"":""Point"",""coordinates"":[110.19850512680668,19.58203113126449]}"
240,0.0,30.0,363.0,45.522159576416016,185.0,19.142513978922757,109.55607242956671,2310.368896484375,38.0,6.420137882232666,4.0,2.0,0.6285607139257225,11.723514556884766,39.0,"{""type"":""Point"",""coordinates"":[109.55572504143568,19.142534091088212]}"
241,0.0,28.0,23.0,14.117969512939453,24.0,19.362601223532046,110.64303392335137,2206.82666015625,48.0,1.084842562675476,6.0,3.0,0.7536795255239278,13.453886985778809,38.0,"{""type"":""Point"",""coordinates"":[110.64411659527289,19.36427691767024]}"
242,0.0,33.0,81.0,16.623823165893555,82.0,19.919556699686147,110.09057002361783,2344.78759765625,39.0,1.2413898706436157,2.0,4.0,0.7035979174819325,13.274084091186523,35.0,"{""type"":""Point"",""coordinates"":[110.09222426669724,19.921215266328765]}"
243,0.0,26.0,311.0,76.72894287109375,313.0,18.401403869524152,109.62793765229628,2226.77587890625,49.0,16.846445083618164,7.0,1.0,0.587265057736678,10.770352363586426,41.0,"{""type"":""Point"",""coordinates"":[109.62804576922866,18.402414550676383]}"
244,0.0,24.0,69.0,7.3902692794799805,63.0,19.173955013866944,108.83742020227112,1665.15966796875,58.0,0.752274751663208,2.0,2.0,0.6645347951779628,14.063741683959961,40.0,"{""type"":""Point"",""coordinates"":[108.83835634063857,19.17314759052102]}"
245,0.0,30.0,87.0,18.569828033447266,86.0,19.78031783064762,109.9603143074205,2434.827392578125,43.0,1.161446452140808,4.0,4.0,0.7100319794999514,13.618589401245117,34.0,"{""type"":""Point"",""coordinates"":[109.96217161497064,19.782416607565548]}"
246,0.0,24.0,39.0,10.430598258972168,39.0,18.724797371807185,110.18040155202976,2159.656494140625,51.0,0.4845128357410431,4.0,1.0,0.7072670248969808,14.521401405334473,44.0,"{""type"":""Point"",""coordinates"":[110.1788327367444,18.726801211575857]}"
248,0.0,25.0,32.0,7.981255531311035,32.0,18.446319633730134,109.81209228554076,1954.8359375,51.0,0.3795308768749237,3.0,1.0,0.7028964322276189,14.769696235656738,44.0,"{""type"":""Point"",""coordinates"":[109.81380421298353,18.4465982780538]}"
249,0.0,28.0,312.0,74.7377700805664,312.0,18.590050079189254,110.09955317645904,2085.37158203125,49.0,20.333784103393555,4.0,1.0,0.5503064420513426,10.567665100097656,45.0,"{""type"":""Point"",""coordinates"":[110.09794137097177,18.58921068108046]}"
250,0.0,29.0,829.0,20.000423431396484,593.0,18.99429195704304,109.70429445144646,2368.278076171875,48.0,2.1159441471099854,4.0,2.0,0.6063357341838645,12.428485870361328,42.0,"{""type"":""Point"",""coordinates"":[109.70534161132122,18.9935447192489]}"
251,0.0,30.0,891.0,50.18377685546875,824.0,18.63496584339523,109.3943756784252,2106.338623046875,46.0,18.160993576049805,9.0,1.0,0.5259405690267468,10.175333023071289,46.0,"{""type"":""Point"",""coordinates"":[109.39452748413377,18.63714175759685]}"
252,0.0,28.0,30.0,12.307513236999512,30.0,19.69048630223567,110.69244126397791,2287.281982421875,47.0,0.7301433682441711,4.0,3.0,0.7513437828302298,13.683673858642578,38.0,"{""type"":""Point"",""coordinates"":[110.69254420814323,19.68937179778191]}"
253,0.0,23.0,31.0,9.72790813446045,34.0,18.895477275789894,110.3645561852743,2169.853515625,53.0,0.381417453289032,4.0,2.0,0.7099121214181582,14.765318870544434,45.0,"{""type"":""Point"",""coordinates"":[110.36235943580697,18.8940327971281]}"
254,0.0,27.0,53.0,15.140242576599121,35.0,19.546755856776542,110.24777519833873,2399.712158203125,46.0,0.7791558504104614,3.0,3.0,0.7498173414698218,14.038089752197266,38.0,"{""type"":""Point"",""coordinates"":[110.24596825112432,19.548171604939107]}"
255,0.0,23.0,11.0,10.536827087402344,13.0,19.138022402502166,110.46337086652744,2271.1904296875,47.0,0.33974793553352356,3.0,2.0,0.7621400011312802,14.873430252075195,40.0,"{""type"":""Point"",""coordinates"":[110.46287539823447,19.139300727865944]}"
256,0.0,29.0,297.0,21.29686737060547,112.0,19.133530826081568,109.56505558240792,2310.368896484375,38.0,1.7571327686309814,4.0,2.0,0.6450873343228183,13.069576263427734,40.0,"{""type"":""Point"",""coordinates"":[109.56679302558352,19.134403474226435]}"
257,0.0,30.0,274.0,30.186172485351562,213.0,18.783187865274954,109.86599120258796,2524.4267578125,39.0,2.460059881210327,4.0,1.0,0.6382317388922265,12.748456954956055,44.0,"{""type"":""Point"",""coordinates"":[109.86680202439692,18.781207435919814]}"
258,0.0,21.0,133.0,26.764162063598633,120.0,19.12454767324037,108.91377700142124,1907.9285888671875,60.0,4.407910346984863,4.0,2.0,0.6270531594631694,12.255000114440918,39.0,"{""type"":""Point"",""coordinates"":[108.91325384552245,19.123553587183103]}"
259,0.0,32.0,772.0,38.61409378051758,751.0,18.787679441695552,108.8688612372153,1748.3607177734375,45.0,18.1464900970459,10.0,1.0,0.5189808862362302,10.305645942687988,45.0,"{""type"":""Point"",""coordinates"":[108.86675961619149,18.788039480761974]}"
260,0.0,26.0,368.0,29.42259407043457,243.0,18.729288948227783,109.01708325909499,1944.328857421875,46.0,5.193350791931152,5.0,1.0,0.5952267580191272,11.933422088623047,43.0,"{""type"":""Point"",""coordinates"":[109.01490003629341,18.727539687212712]}"
261,0.0,26.0,498.0,54.69001770019531,328.0,18.922426734313476,109.4347998662106,2322.0009765625,49.0,9.772211074829102,4.0,2.0,0.5839647239504495,11.195599555969238,45.0,"{""type"":""Point"",""coordinates"":[109.43518263299283,18.922458657344922]}"
262,0.0,23.0,25.0,11.478277206420898,27.0,19.173955013866944,110.44989613726563,2458.581298828125,50.0,0.29297253489494324,3.0,2.0,0.76163831352477,15.013327598571777,39.0,"{""type"":""Point"",""coordinates"":[110.44843097145795,19.172682131761427]}"
263,0.0,28.0,118.0,22.44501304626465,57.0,19.371584376373235,109.89743223753214,2506.4521484375,42.0,1.4335063695907593,4.0,3.0,0.7210067822744871,13.389266014099121,39.0,"{""type"":""Point"",""coordinates"":[109.89859013730813,19.371054687895125]}"
264,0.0,28.0,314.0,29.869680404663086,311.0,18.42835332804774,109.42132513694878,1976.3687744140625,49.0,5.276378631591797,4.0,1.0,0.603937204377531,11.955748558044434,42.0,"{""type"":""Point"",""coordinates"":[109.42244010379977,18.42806560827225]}"
265,0.0,26.0,75.0,14.317999839782715,62.0,19.582688468141328,110.41845510232145,2432.82666015625,49.0,0.7456365823745728,5.0,3.0,0.7266948401295499,13.788680076599121,37.0,"{""type"":""Point"",""coordinates"":[110.41798351403958,19.584862924851915]}"
266,0.0,32.0,75.0,14.894197463989258,76.0,19.942014581789138,110.26124992760055,2264.173828125,40.0,1.2465403079986572,2.0,4.0,0.6882526593290722,13.056859016418457,39.0,"{""type"":""Point"",""coordinates"":[110.26307581088476,19.940887589167982]}"
267,0.0,33.0,78.0,35.55939483642578,75.0,19.537772703935353,109.25962838580728,2114.9560546875,41.0,5.136843204498291,4.0,3.0,0.6761400315930847,12.134659767150879,37.0,"{""type"":""Point"",""coordinates"":[109.25757283588005,19.536203335524092]}"
268,0.0,29.0,74.0,9.406111717224121,60.0,19.816250442012404,110.2073510105534,2230.9384765625,43.0,0.3257187604904175,9.0,4.0,0.7482745570082341,14.617718696594238,31.0,"{""type"":""Point"",""coordinates"":[110.20693072356735,19.816009717872063]}"
269,0.0,30.0,31.0,16.91989517211914,22.0,19.133530826081568,110.25226677475933,2458.948974609375,40.0,0.8928512334823608,4.0,2.0,0.7560076133062963,13.914727210998535,41.0,"{""type"":""Point"",""coordinates"":[110.25265612853664,19.135580777922204]}"
270,0.0,24.0,22.0,9.489705085754395,11.0,19.726418913600448,110.17141839918861,2448.582763671875,44.0,0.08368592709302902,4.0,3.0,0.8162390416600279,16.060609817504883,31.0,"{""type"":""Point"",""coordinates"":[110.17147968089955,19.727894558987604]}"
271,0.0,24.0,41.0,9.65746021270752,41.0,19.389550682055628,108.84640335511227,1544.7276611328125,54.0,1.5038740634918213,3.0,3.0,0.6772102371696468,13.387371063232422,41.0,"{""type"":""Point"",""coordinates"":[108.84719447468416,19.389123435198822]}"
272,0.0,28.0,327.0,18.517173767089844,323.0,18.693356336862998,108.83292862585051,1698.3560791015625,49.0,3.785029411315918,4.0,1.0,0.5877341424910607,12.280229568481445,43.0,"{""type"":""Point"",""coordinates"":[108.8321350109582,18.691700075488754]}"
273,0.0,25.0,208.0,57.128543853759766,208.0,18.65742372549822,110.08158687077662,2157.830810546875,51.0,10.609503746032715,4.0,1.0,0.5891227161051922,11.319671630859375,45.0,"{""type"":""Point"",""coordinates"":[110.08357652452816,18.65524104430156]}"
274,0.0,33.0,102.0,9.991043090820312,100.0,19.564722162458935,109.37191779632224,2280.16064453125,44.0,0.38960546255111694,4.0,3.0,0.6789264655806957,14.701948165893555,36.0,"{""type"":""Point"",""coordinates"":[109.36969630625671,19.56543149143337]}"
276,0.0,22.0,22.0,8.51869010925293,22.0,18.473269092253716,110.0097216480471,1884.686767578125,56.0,0.5495322346687317,2.0,1.0,0.7045702604719424,14.405345916748047,45.0,"{""type"":""Point"",""coordinates"":[110.01062654806066,18.475352189630406]}"
277,0.0,29.0,409.0,77.84959411621094,400.0,18.536151162142083,109.65937868724046,2384.11669921875,49.0,16.256567001342773,4.0,1.0,0.5676910762751619,10.737626075744629,46.0,"{""type"":""Point"",""coordinates"":[109.65889404221282,18.538127386953875]}"
278,0.0,24.0,232.0,24.833816528320312,138.0,19.322177035746662,109.753701792073,2412.892333984375,50.0,1.986298680305481,4.0,3.0,0.667409791468166,12.990604400634766,37.0,"{""type"":""Point"",""coordinates"":[109.75386814441342,19.322858365583222]}"
279,0.0,23.0,36.0,15.19030475616455,22.0,19.699469455076866,110.14446894066504,2437.535888671875,50.0,0.6989864110946655,2.0,3.0,0.8026476093733725,14.156638145446777,30.0,"{""type"":""Point"",""coordinates"":[110.146524197337,19.700788650857145]}"
280,0.0,26.0,161.0,20.433147430419922,127.0,19.223362354493517,110.09955317645904,2531.090576171875,49.0,1.2268787622451782,4.0,2.0,0.6730528433499818,13.518303871154785,39.0,"{""type"":""Point"",""coordinates"":[110.10083758778283,19.223555046882225]}"
281,0.0,26.0,395.0,60.961830139160156,228.0,18.895477275789894,109.798617556279,2426.6181640625,45.0,9.146388053894043,3.0,2.0,0.5917469150596079,11.341938972473145,46.0,"{""type"":""Point"",""coordinates"":[109.7993067747581,18.897382194020626]}"
282,0.0,27.0,383.0,45.46866226196289,296.0,18.661915301918818,109.33598518495745,2082.710693359375,50.0,9.373828887939453,4.0,1.0,0.5837697741806329,11.325748443603516,44.0,"{""type"":""Point"",""coordinates"":[109.33414280402124,18.66331671818849]}"
283,0.0,32.0,859.0,22.45308494567871,700.0,18.837086782322125,109.63692080513749,2231.682861328125,46.0,3.4454281330108643,5.0,2.0,0.5751873176440908,11.907144546508789,46.0,"{""type"":""Point"",""coordinates"":[109.6361281814971,18.83591095189955]}"
284,0.0,33.0,431.0,68.81025695800781,271.0,19.21437920165232,109.60997134661392,2427.286376953125,36.0,11.987361907958984,5.0,2.0,0.6133996945374215,11.038361549377441,39.0,"{""type"":""Point"",""coordinates"":[109.6101999012172,19.215784928825123]}"
285,0.0,21.0,4.0,8.09472370147705,7.0,18.85954466442511,110.45438771368623,1983.33203125,49.0,0.2973126471042633,2.0,2.0,0.7291542321708212,15.010942459106445,45.0,"{""type"":""Point"",""coordinates"":[110.45470775226484,18.86092519294646]}"
286,0.0,28.0,256.0,75.5385513305664,234.0,19.191921319549337,109.08445690540395,2326.080322265625,43.0,13.616555213928223,5.0,2.0,0.6079925505204229,11.030997276306152,40.0,"{""type"":""Point"",""coordinates"":[109.08556442722588,19.19261117014061]}"
287,0.0,27.0,712.0,31.57646942138672,543.0,18.864036240845707,109.69531129860525,2228.55224609375,45.0,4.996339797973633,5.0,2.0,0.582655759817965,11.686543464660645,45.0,"{""type"":""Point"",""coordinates"":[109.69423380533517,18.865856718771262]}"
288,0.0,26.0,78.0,11.112154006958008,49.0,18.612507961292245,109.69980287502585,2319.092041015625,45.0,0.38911569118499756,4.0,1.0,0.6947854073417412,14.717646598815918,46.0,"{""type"":""Point"",""coordinates"":[109.70134532920882,18.61313813298686]}"
289,0.0,27.0,252.0,41.41012954711914,82.0,18.899968852210492,109.45276617189296,2164.189453125,45.0,6.268190383911133,4.0,2.0,0.6210114440942799,11.824543952941895,45.0,"{""type"":""Point"",""coordinates"":[109.45229525097072,18.901922649034]}"
290,0.0,28.0,164.0,33.31669616699219,140.0,19.079631909034397,108.91826857784184,1913.0430908203125,46.0,6.145356178283691,4.0,2.0,0.6197091803017974,11.901500701904297,39.0,"{""type"":""Point"",""coordinates"":[108.91823146723459,19.07859234035321]}"
291,0.0,21.0,76.0,8.463789939880371,68.0,19.69048630223567,109.52463139462253,2176.409912109375,57.0,0.21578660607337952,4.0,3.0,0.7282289456694243,15.308438301086426,32.0,"{""type"":""Point"",""coordinates"":[109.52581995060154,19.68896926598947]}"
292,0.0,24.0,45.0,11.862849235534668,28.0,19.57370531530013,110.18040155202976,2452.313720703125,49.0,0.3441552519798279,4.0,3.0,0.7772124297606622,14.859954833984375,35.0,"{""type"":""Point"",""coordinates"":[110.18155473122815,19.572639082225724]}"
293,0.0,26.0,23.0,5.465789794921875,24.0,19.933031428947942,110.90803693216662,1634.38232421875,49.0,0.6518370509147644,3.0,4.0,0.6568908665509904,12.67313289642334,52.0,"{""type"":""Point"",""coordinates"":[110.90662542623106,19.93199111185482]}"
294,0.0,32.0,574.0,50.518592834472656,572.0,18.42835332804774,109.47971563041654,2062.75830078125,40.0,13.338994026184082,7.0,1.0,0.566501944928758,10.813395500183105,43.0,"{""type"":""Point"",""coordinates"":[109.48045972496251,18.426805069721386]}"
295,0.0,29.0,21.0,7.989146709442139,22.0,19.950997734630327,110.45887929010684,2053.503662109375,42.0,0.3817470371723175,3.0,4.0,0.73410325861232,13.870573043823242,41.0,"{""type"":""Point"",""coordinates"":[110.4571735158042,19.948918916027]}"
296,0.0,30.0,208.0,28.256494522094727,79.0,18.73378052464838,109.08894848182456,1968.15234375,41.0,4.418303966522217,4.0,1.0,0.6313393063119708,12.20520305633545,43.0,"{""type"":""Point"",""coordinates"":[109.08745354551957,18.7354223115717]}"
297,0.0,29.0,508.0,30.730754852294922,447.0,18.52267643288029,109.52013981820193,2114.751708984375,49.0,5.23530912399292,6.0,1.0,0.5974511475234947,11.818684577941895,43.0,"{""type"":""Point"",""coordinates"":[109.51941353088019,18.521536712611184]}"
298,0.0,26.0,1010.0,61.95426940917969,813.0,19.01674983914603,109.56056400598732,2398.9931640625,49.0,19.916208267211914,8.0,2.0,0.542303049209679,9.927175521850586,43.0,"{""type"":""Point"",""coordinates"":[109.56163516900479,19.015694049970726]}"
299,0.0,30.0,226.0,28.92356300354004,222.0,18.423861751627143,109.31801887927503,1934.2215576171875,42.0,4.902035713195801,5.0,1.0,0.6086429232481679,12.089122772216797,42.0,"{""type"":""Point"",""coordinates"":[109.31866493240479,18.42196739181286]}"
300,0.0,25.0,275.0,74.875,102.0,18.931409887154672,109.45725774831357,2246.189697265625,50.0,15.225268363952637,3.0,2.0,0.5788042581297398,10.901690483093262,44.0,"{""type"":""Point"",""coordinates"":[109.45502156436187,18.931077647583763]}"
301,0.0,26.0,122.0,26.024995803833008,100.0,19.088615061875586,108.99013380057141,2068.481689453125,46.0,3.1786561012268066,4.0,2.0,0.63639787488572,12.589662551879883,40.0,"{""type"":""Point"",""coordinates"":[108.99233414323241,19.090389052453673]}"
302,0.0,23.0,94.0,31.20550537109375,68.0,19.533281127514755,109.52013981820193,2438.78955078125,53.0,2.676624298095703,4.0,3.0,0.7232953534953814,12.778895378112793,34.0,"{""type"":""Point"",""coordinates"":[109.51830288090342,19.53217632556556]}"
303,0.0,31.0,164.0,31.214725494384766,164.0,18.495726974356707,109.96929746026171,1899.7474365234375,42.0,5.7355570793151855,4.0,1.0,0.5981451903537931,11.971009254455566,44.0,"{""type"":""Point"",""coordinates"":[109.96872754696805,18.493814500944033]}"
304,0.0,24.0,326.0,11.585576057434082,300.0,18.670898454760014,108.9811506477302,1814.3345947265625,53.0,1.35331392288208,5.0,1.0,0.5899070333674123,13.310698509216309,46.0,"{""type"":""Point"",""coordinates"":[108.97908060667928,18.67021705489956]}"
305,0.0,26.0,523.0,42.08753967285156,346.0,19.10208979113738,109.74022706281124,2476.05859375,45.0,5.059401035308838,5.0,2.0,0.6337757585343069,11.84091567993164,39.0,"{""type"":""Point"",""coordinates"":[109.73955442748968,19.100016151315597]}"
306,0.0,27.0,132.0,15.822164535522461,119.0,19.533281127514755,109.41683356052818,2353.402587890625,48.0,0.962439239025116,4.0,3.0,0.6788855006477196,13.779183387756348,36.0,"{""type"":""Point"",""coordinates"":[109.4189938337232,19.531223585971606]}"
307,0.0,25.0,21.0,23.346540451049805,21.0,18.643948996236425,110.21184258697394,2023.53125,48.0,2.746023416519165,3.0,1.0,0.7107804159991826,12.796346664428711,44.0,"{""type"":""Point"",""coordinates"":[110.21217614939938,18.644786798625923]}"
308,0.0,26.0,133.0,45.49957275390625,111.0,18.944884616416466,110.23430046907697,2423.057861328125,52.0,5.247478008270264,4.0,2.0,0.6215037275968843,12.079827308654785,46.0,"{""type"":""Point"",""coordinates"":[110.23220503958804,18.9436581965174]}"
309,0.0,23.0,12.0,4.064413547515869,15.0,18.51818485645969,108.80148759090633,1524.37890625,49.0,0.08336324244737625,2.0,1.0,0.7106427449212388,16.226774215698242,41.0,"{""type"":""Point"",""coordinates"":[108.79928235271255,18.519033237179876]}"
310,0.0,27.0,209.0,23.17226219177246,56.0,19.142513978922757,109.82107543838197,2350.144775390625,47.0,1.950427770614624,4.0,2.0,0.6920807043926084,13.023860931396484,42.0,"{""type"":""Point"",""coordinates"":[109.8224297446343,19.14072856733577]}"
311,0.0,39.0,95.0,10.200077056884766,94.0,19.77133467780643,109.63242922871689,2029.538818359375,35.0,0.7313971519470215,5.0,4.0,0.674849548621056,14.07632064819336,35.0,"{""type"":""Point"",""coordinates"":[109.63314699546302,19.769274921230572]}"
312,0.0,23.0,36.0,6.0805487632751465,36.0,19.87913251190077,110.95295269637256,1604.273193359375,52.0,0.9349128007888794,6.0,4.0,0.6511720205283151,12.465397834777832,50.0,"{""type"":""Point"",""coordinates"":[110.9511183588271,19.878524423195753]}"
313,0.0,30.0,267.0,34.31010055541992,144.0,18.706831066124792,109.10691478750698,1955.2479248046875,42.0,6.395556926727295,4.0,1.0,0.5973400802729614,11.79421329498291,43.0,"{""type"":""Point"",""coordinates"":[109.10484254419474,18.70735313461388]}"
314,0.0,23.0,127.0,18.407772064208984,72.0,19.4434495991028,110.04116268299128,2578.53076171875,51.0,0.8868027925491333,3.0,3.0,0.7141846076858943,13.864128112792969,38.0,"{""type"":""Point"",""coordinates"":[110.03912251899013,19.44435626634692]}"
315,0.0,25.0,182.0,9.819822311401367,101.0,19.259294965858295,109.87946593184972,2426.37109375,51.0,0.18249113857746124,5.0,2.0,0.6798592622937942,15.410693168640137,37.0,"{""type"":""Point"",""coordinates"":[109.87854667163528,19.257336112664305]}"
316,0.0,30.0,83.0,9.372626304626465,76.0,19.582688468141328,110.59811815914537,2362.20703125,44.0,0.22943836450576782,3.0,3.0,0.7205116007072925,14.792717933654785,34.0,"{""type"":""Point"",""coordinates"":[110.59882175253922,19.584099967570495]}"
317,0.0,26.0,145.0,17.039716720581055,91.0,19.21437920165232,110.01870480088826,2548.869140625,47.0,0.8081463575363159,4.0,2.0,0.6913703899405533,13.945881843566895,38.0,"{""type"":""Point"",""coordinates"":[110.0174922614668,19.214080023171036]}"
318,0.0,26.0,36.0,11.310389518737793,37.0,19.510823245411764,110.73735702818391,2234.5419921875,46.0,0.6019288301467896,5.0,3.0,0.7501078687154561,13.871407508850098,36.0,"{""type"":""Point"",""coordinates"":[110.73621447622155,19.512819386175323]}"
319,0.0,25.0,4.0,5.737663745880127,5.0,19.950997734630327,110.66998338187494,1854.5777587890625,46.0,0.13485142588615417,2.0,4.0,0.7154646965712623,14.636658668518066,47.0,"{""type"":""Point"",""coordinates"":[110.66915281076254,19.949060522275193]}"
320,0.0,24.0,432.0,85.77213287353516,419.0,18.67988160760121,109.87048277900857,2419.6015625,51.0,17.151165008544922,6.0,1.0,0.5615293426851417,10.663622856140137,47.0,"{""type"":""Point"",""coordinates"":[109.87177941141036,18.68012855798558]}"
321,0.0,27.0,6.0,5.527328014373779,6.0,19.479382210467584,108.97665907130965,1810.4371337890625,49.0,0.129855215549469,2.0,3.0,0.7471200313164393,15.85722827911377,39.0,"{""type"":""Point"",""coordinates"":[108.97522798797806,19.480181991599363]}"
322,0.0,23.0,122.0,18.983535766601562,28.0,19.362601223532046,109.33149360853685,2401.13671875,44.0,1.1314657926559448,3.0,3.0,0.765033174104643,13.623503684997559,35.0,"{""type"":""Point"",""coordinates"":[109.3319184020929,19.362510772200615]}"
323,0.0,25.0,101.0,10.67173957824707,12.0,19.32666861216726,110.1130279057208,2490.553955078125,45.0,0.1823553889989853,4.0,3.0,0.7812247871375101,15.461743354797363,38.0,"{""type"":""Point"",""coordinates"":[110.11154914805054,19.327131720837023]}"
324,0.0,26.0,792.0,21.848979949951172,777.0,18.65742372549822,108.93623488352426,1703.216552734375,49.0,6.676217079162598,6.0,1.0,0.5351550312253461,11.314653396606445,47.0,"{""type"":""Point"",""coordinates"":[108.93577983388991,18.656289264556925]}"
325,0.0,29.0,56.0,11.498857498168945,55.0,19.757859948544635,110.58464342988356,2197.389404296875,41.0,0.6989941596984863,6.0,4.0,0.7270391136473554,13.70372486114502,36.0,"{""type"":""Point"",""coordinates"":[110.58309183215006,19.7561302232881]}"
326,0.0,27.0,560.0,12.137970924377441,546.0,18.54064273856268,109.19225473949831,1905.2071533203125,50.0,1.4238554239273071,5.0,1.0,0.589663963927503,13.080625534057617,44.0,"{""type"":""Point"",""coordinates"":[109.1913034398869,18.539950668921808]}"
327,0.0,28.0,52.0,22.175193786621094,43.0,19.15598870818455,110.24328362191818,2564.603271484375,43.0,1.2927988767623901,4.0,2.0,0.7401889221284951,13.53221607208252,40.0,"{""type"":""Point"",""coordinates"":[110.24550152666102,19.15569194623862]}"
328,0.0,39.0,126.0,18.0256404876709,111.0,19.784809407068217,109.753701792073,2193.064697265625,35.0,1.6883376836776733,5.0,4.0,0.6722616560445416,13.220656394958496,35.0,"{""type"":""Point"",""coordinates"":[109.75266618454253,19.784773271014576]}"
329,0.0,27.0,59.0,10.104669570922852,62.0,18.554117467824476,108.85089493153288,1696.260009765625,46.0,1.1862468719482422,4.0,1.0,0.641323042682043,13.614131927490234,46.0,"{""type"":""Point"",""coordinates"":[108.84896664493556,18.554889791697548]}"
330,0.0,25.0,177.0,11.442304611206055,38.0,18.76522155959256,109.2775946914897,2020.6241455078125,53.0,0.8892614841461182,4.0,1.0,0.6811642868609444,13.830105781555176,46.0,"{""type"":""Point"",""coordinates"":[109.27952579330642,18.76585427715063]}"
331,0.0,25.0,1194.0,37.883544921875,997.0,19.01674983914603,109.51115666536077,2312.52880859375,43.0,11.531549453735352,9.0,2.0,0.5568448163352849,10.216452598571777,42.0,"{""type"":""Point"",""coordinates"":[109.51160373162975,19.01559740896832]}"
332,0.0,29.0,606.0,9.697111129760742,458.0,18.783187865274954,109.33598518495745,2050.3203125,48.0,0.675868570804596,7.0,1.0,0.5996528367983425,13.786555290222168,44.0,"{""type"":""Point"",""coordinates"":[109.33816614977479,18.783467640047395]}"
333,0.0,24.0,90.0,9.966983795166016,82.0,19.4434495991028,109.13386424603056,2156.859619140625,54.0,0.459282785654068,2.0,3.0,0.7037411776092187,14.544656753540039,33.0,"{""type"":""Point"",""coordinates"":[109.13541051431115,19.443630284249117]}"
335,0.0,22.0,42.0,8.936978340148926,34.0,19.65455369087089,110.35108145601248,2371.708740234375,56.0,0.1298862099647522,2.0,3.0,0.7876753157834968,15.562026023864746,30.0,"{""type"":""Point"",""coordinates"":[110.35058113343403,19.65646472077134]}"
336,0.0,22.0,14.0,7.505902290344238,14.0,18.387929140262365,109.08894848182456,1710.1309814453125,53.0,0.5848767161369324,3.0,1.0,0.7262786866499601,14.34762191772461,40.0,"{""type"":""Point"",""coordinates"":[109.09002321647515,18.38817946999309]}"
338,0.0,32.0,416.0,43.8100700378418,412.0,18.423861751627143,109.52463139462253,2060.3134765625,42.0,9.411142349243164,7.0,1.0,0.5872933087996184,11.29730224609375,43.0,"{""type"":""Point"",""coordinates"":[109.52294528570079,18.42286993375158]}"
339,0.0,26.0,166.0,28.385602951049805,142.0,18.79666259453675,110.09506160003843,2260.36083984375,50.0,3.011284828186035,3.0,1.0,0.6180074836631901,12.616494178771973,46.0,"{""type"":""Point"",""coordinates"":[110.09574703691139,18.797376563705175]}"
340,0.0,23.0,100.0,16.079259872436523,60.0,19.510823245411764,109.87048277900857,2484.549072265625,53.0,0.7791178226470947,3.0,3.0,0.7241666128365671,14.010085105895996,38.0,"{""type"":""Point"",""coordinates"":[109.87201847460261,19.509662067773988]}"
341,0.0,27.0,364.0,48.73112487792969,210.0,19.034716144828415,109.8031091326996,2358.28466796875,48.0,7.036595821380615,4.0,2.0,0.6158881986004019,11.630261421203613,42.0,"{""type"":""Point"",""coordinates"":[109.80184848501418,19.035514330459456]}"
342,0.0,33.0,170.0,27.000696182250977,41.0,18.783187865274954,109.16530528097474,1975.5555419921875,37.0,4.054052829742432,4.0,1.0,0.6819870959694396,12.315869331359863,42.0,"{""type"":""Point"",""coordinates"":[109.16658714544536,18.783796354930075]}"
343,0.0,28.0,27.0,6.688642501831055,28.0,19.88362408832137,109.5920050409315,1663.892578125,41.0,0.4913169741630554,2.0,4.0,0.7334049839790767,14.514435768127441,34.0,"{""type"":""Point"",""coordinates"":[109.59367672092566,19.885489289242717]}"
344,0.0,27.0,117.0,12.258868217468262,90.0,19.317685459326064,109.17428843381595,2386.53564453125,44.0,0.4628771245479584,4.0,3.0,0.6816597923185908,14.520482063293457,39.0,"{""type"":""Point"",""coordinates"":[109.17484373924063,19.317075932126812]}"
345,0.0,24.0,23.0,6.581791400909424,21.0,19.82972517127419,110.75532333386627,1892.162109375,50.0,0.2934332489967346,7.0,4.0,0.7108475478015843,14.069148063659668,45.0,"{""type"":""Point"",""coordinates"":[110.75575918604895,19.831649545964893]}"
346,0.0,28.0,126.0,19.61397933959961,83.0,19.425483293420413,110.12201105856201,2491.281982421875,45.0,1.1824039220809937,3.0,3.0,0.6956404574784898,13.576998710632324,38.0,"{""type"":""Point"",""coordinates"":[110.12171514399877,19.423399643329077]}"
347,0.0,29.0,95.0,15.292975425720215,54.0,19.41200856415862,110.23879204549758,2457.144775390625,39.0,0.707204282283783,4.0,3.0,0.7305433198149215,14.10996150970459,38.0,"{""type"":""Point"",""coordinates"":[110.23851367206782,19.411904321330226]}"
348,0.0,23.0,259.0,52.73288345336914,99.0,18.783187865274954,109.40785040768702,2225.93115234375,53.0,8.623682975769043,4.0,1.0,0.5971694682350508,11.497251510620117,45.0,"{""type"":""Point"",""coordinates"":[109.40644126401524,18.783073621527]}"
349,0.0,31.0,142.0,11.327990531921387,102.0,19.479382210467584,109.96929746026171,2557.805908203125,40.0,0.23736824095249176,4.0,3.0,0.6847858231710819,15.172938346862793,38.0,"{""type"":""Point"",""coordinates"":[109.96914662790873,19.47751810111208]}"
350,0.0,27.0,44.0,8.56963062286377,42.0,19.76684310138583,110.49930347789223,2219.2353515625,39.0,0.18255482614040375,6.0,4.0,0.7543878005054743,15.057302474975586,34.0,"{""type"":""Point"",""coordinates"":[110.49746617276992,19.76858888758074]}"
351,0.0,27.0,39.0,12.543547630310059,40.0,19.4389580226822,110.66549180545434,2258.0458984375,43.0,0.7481129765510559,8.0,3.0,0.7318496715215207,13.651268005371094,40.0,"{""type"":""Point"",""coordinates"":[110.66397293545917,19.44004003762541]}"
352,0.0,26.0,15.0,6.203746795654297,17.0,19.672519996553277,110.84964643869881,2008.24658203125,50.0,0.08367098867893219,4.0,3.0,0.7435534719760641,15.335962295532227,40.0,"{""type"":""Point"",""coordinates"":[110.85113303296548,19.67376962784384]}"
353,0.0,24.0,18.0,6.828550338745117,19.0,19.924048276106745,110.73735702818391,1910.9710693359375,47.0,0.37053194642066956,4.0,4.0,0.6942942635122342,13.432658195495605,49.0,"{""type"":""Point"",""coordinates"":[110.73707347701809,19.923741340556397]}"
354,0.0,22.0,57.0,17.956289291381836,41.0,19.569213738879533,110.39599722021848,2397.133056640625,54.0,1.2387622594833374,6.0,3.0,0.743206164157414,13.29505729675293,38.0,"{""type"":""Point"",""coordinates"":[110.39729362640047,19.569720494266225]}"
355,0.0,28.0,9.0,9.452226638793945,10.0,19.924048276106745,110.5711687006218,2050.36474609375,44.0,0.7343442440032959,4.0,4.0,0.7430841382360792,13.172764778137207,42.0,"{""type"":""Point"",""coordinates"":[110.56905260134887,19.92589732265501]}"
356,0.0,29.0,27.0,19.417375564575195,29.0,19.04819087409021,110.43192983158326,2316.5322265625,42.0,1.4169973134994507,3.0,2.0,0.7504289937175926,13.441627502441406,38.0,"{""type"":""Point"",""coordinates"":[110.43313650602278,19.048550833653408]}"
357,0.0,24.0,146.0,8.397494316101074,127.0,18.554117467824476,109.07996532898335,1872.3480224609375,56.0,0.6050246953964233,2.0,1.0,0.6049330879762518,14.234763145446777,46.0,"{""type"":""Point"",""coordinates"":[109.08019727103503,18.555562866608863]}"
358,0.0,21.0,30.0,5.681205749511719,30.0,19.74438521928284,110.95295269637256,1691.9498291015625,56.0,0.4875304698944092,2.0,4.0,0.6796294018642914,13.130647659301758,46.0,"{""type"":""Point"",""coordinates"":[110.95238800044967,19.745176209937433]}"
359,0.0,26.0,518.0,57.319297790527344,465.0,18.774204712433757,109.64590395797865,2426.21484375,47.0,9.230299949645996,4.0,1.0,0.5810279861090889,11.237632751464844,47.0,"{""type"":""Point"",""coordinates"":[109.64498717998521,18.7753175611294]}"
360,0.0,25.0,173.0,37.7066764831543,173.0,18.401403869524152,109.24615365654546,1901.00146484375,54.0,7.902232646942139,4.0,1.0,0.5997634670791747,11.641844749450684,42.0,"{""type"":""Point"",""coordinates"":[109.24773658648917,18.399725162321015]}"
361,0.0,30.0,41.0,10.798918724060059,42.0,19.942014581789138,110.13548578782382,2262.23486328125,39.0,0.46506184339523315,2.0,4.0,0.7530713745294955,14.287263870239258,34.0,"{""type"":""Point"",""coordinates"":[110.13460481595372,19.942502423758167]}"
362,0.0,29.0,34.0,7.7292351722717285,34.0,19.68599472581507,110.70591599323973,2244.463134765625,49.0,0.12989182770252228,5.0,3.0,0.747249525715381,15.406678199768066,38.0,"{""type"":""Point"",""coordinates"":[110.70614614039935,19.686691105238335]}"
363,0.0,22.0,58.0,10.26785945892334,54.0,19.376075952793833,109.05301587045977,2068.065673828125,57.0,0.5990859866142273,3.0,3.0,0.7183418514295403,14.2979736328125,36.0,"{""type"":""Point"",""coordinates"":[109.05524109551041,19.37599273597756]}"
364,0.0,28.0,52.0,8.959684371948242,50.0,19.757859948544635,110.46786244294805,2219.2353515625,42.0,0.2694326639175415,7.0,4.0,0.7498890778749128,14.660751342773438,33.0,"{""type"":""Point"",""coordinates"":[110.46777555579686,19.759087543798405]}"
365,0.0,29.0,111.0,46.26433181762695,95.0,19.01674983914603,110.25675835117994,2367.773681640625,40.0,5.342615127563477,3.0,2.0,0.6327479888100712,12.0752534866333,44.0,"{""type"":""Point"",""coordinates"":[110.258035651637,19.01512366194366]}"
366,0.0,27.0,530.0,58.87978744506836,415.0,18.774204712433757,109.5470892767255,2277.970703125,50.0,12.474898338317871,4.0,1.0,0.558333804626147,10.919358253479004,48.0,"{""type"":""Point"",""coordinates"":[109.54576512915044,18.77613651197103]}"
367,0.0,28.0,240.0,41.39578628540039,189.0,19.043699297669612,110.01870480088826,2421.5185546875,48.0,4.749629497528076,4.0,2.0,0.6258338637368822,12.111639976501465,44.0,"{""type"":""Point"",""coordinates"":[110.0204180455743,19.041852629458326]}"
368,0.0,24.0,182.0,12.64297103881836,167.0,18.482252245094912,109.31801887927503,1938.3341064453125,55.0,1.2573927640914917,4.0,1.0,0.6057113371471742,13.48044204711914,46.0,"{""type"":""Point"",""coordinates"":[109.31789470519396,18.480888200895826]}"
369,0.0,27.0,203.0,12.797768592834473,202.0,18.383437563841767,109.25513680938667,1818.52880859375,55.0,1.7155402898788452,4.0,1.0,0.6225206903615488,13.156149864196777,40.0,"{""type"":""Point"",""coordinates"":[109.25516177327496,18.38230932838275]}"
370,0.0,25.0,156.0,42.97710037231445,53.0,18.922426734313476,110.01870480088826,2408.430419921875,49.0,4.682286262512207,3.0,2.0,0.6770630571592302,12.180051803588867,45.0,"{""type"":""Point"",""coordinates"":[110.01962790922937,18.9224169795127]}"
371,0.0,26.0,355.0,41.23938751220703,172.0,18.949376192837065,109.77615967417603,2468.7900390625,44.0,4.411733150482178,3.0,2.0,0.62622586559847,12.106647491455078,43.0,"{""type"":""Point"",""coordinates"":[109.77506613406034,18.948099648988162]}"
372,0.0,27.0,376.0,54.20726013183594,374.0,18.419370175206545,109.46174932473417,2062.75830078125,48.0,12.573684692382812,4.0,1.0,0.5820163379853049,11.029906272888184,42.0,"{""type"":""Point"",""coordinates"":[109.46043244017254,18.418946779581095]}"
373,0.0,25.0,21.0,10.414407730102539,21.0,18.311572341112203,109.51564824178132,1910.6126708984375,45.0,0.7778988480567932,3.0,0.0,0.7337657317334956,14.058363914489746,39.0,"{""type"":""Point"",""coordinates"":[109.51787598834133,18.312416078314385]}"
374,0.0,28.0,123.0,10.407577514648438,110.0,19.55573900961774,109.4392914426312,2331.542724609375,48.0,0.3494967222213745,4.0,3.0,0.6896972615092153,14.797781944274902,34.0,"{""type"":""Point"",""coordinates"":[109.43850181190302,19.553531456118886]}"
375,0.0,27.0,287.0,46.82960891723633,107.0,18.917935157892877,109.50217351251956,2240.629638671875,46.0,7.137811660766602,4.0,2.0,0.6046623830653642,11.669824600219727,44.0,"{""type"":""Point"",""coordinates"":[109.50207828575695,18.919044565928164]}"
376,0.0,26.0,131.0,32.67310333251953,131.0,18.67988160760121,110.22531731623576,2043.6812744140625,46.0,4.706911563873291,9.0,1.0,0.6105420792749832,12.190325736999512,45.0,"{""type"":""Point"",""coordinates"":[110.22403864701545,18.67913387827205]}"
377,0.0,26.0,219.0,45.191009521484375,42.0,19.259294965858295,109.53810612388435,2477.41064453125,47.0,4.830085754394531,5.0,2.0,0.7169456507827697,12.108556747436523,39.0,"{""type"":""Point"",""coordinates"":[109.53601933954195,19.258656658196866]}"
378,0.0,36.0,113.0,14.49793529510498,94.0,19.46590748120579,110.49930347789223,2380.862060546875,38.0,0.944373607635498,4.0,3.0,0.6665367023484221,13.521910667419434,41.0,"{""type"":""Point"",""coordinates"":[110.49818393620335,19.467047223353834]}"
379,0.0,27.0,119.0,20.914005279541016,36.0,19.308702306484875,110.1624352463474,2494.969482421875,46.0,1.3083785772323608,4.0,3.0,0.7486632085351638,13.480023384094238,38.0,"{""type"":""Point"",""coordinates"":[110.16306022907028,19.307217041585517]}"
380,0.0,23.0,158.0,20.312732696533203,62.0,19.286244424381884,109.30005257359267,2483.80322265625,57.0,1.337607979774475,3.0,3.0,0.7159983345512551,13.433749198913574,38.0,"{""type"":""Point"",""coordinates"":[109.3008923476116,19.285170654384412]}"
381,0.0,30.0,204.0,16.021615982055664,207.0,18.729288948227783,110.35557303243309,2005.9544677734375,45.0,1.7418357133865356,5.0,1.0,0.5939878519027606,13.140283584594727,49.0,"{""type"":""Point"",""coordinates"":[110.35458661860588,18.731160105981655]}"
382,0.0,28.0,42.0,12.28156566619873,42.0,19.72192733717985,109.36742621990163,1972.650146484375,45.0,1.0412896871566772,3.0,3.0,0.7385669714909979,13.754490852355957,33.0,"{""type"":""Point"",""coordinates"":[109.36834510178024,19.723424813492333]}"
383,0.0,25.0,36.0,5.086134910583496,37.0,19.96896404031272,110.91702008500778,1620.880126953125,48.0,0.5662193894386292,2.0,4.0,0.6536988464687198,12.514264106750488,49.0,"{""type"":""Point"",""coordinates"":[110.91488065439927,19.969013725460083]}"
384,0.0,28.0,257.0,39.60493087768555,152.0,18.8775109701075,109.92438169605572,2361.087646484375,48.0,4.79564094543457,4.0,2.0,0.6213385378467167,12.090646743774414,44.0,"{""type"":""Point"",""coordinates"":[109.92550534416543,18.877027111801425]}"
385,0.0,27.0,49.0,10.625602722167969,49.0,19.757859948544635,110.62057604124834,2139.865966796875,46.0,0.6494966745376587,5.0,4.0,0.7212736925349965,13.78357219696045,38.0,"{""type"":""Point"",""coordinates"":[110.61977067904357,19.755795606727762]}"
386,0.0,22.0,29.0,4.799187183380127,30.0,19.950997734630327,110.91702008500778,1620.880126953125,56.0,0.37660208344459534,1.0,4.0,0.6528110504593715,13.108107566833496,51.0,"{""type"":""Point"",""coordinates"":[110.91864239822927,19.952003172352914]}"
387,0.0,34.0,74.0,12.516369819641113,70.0,19.78031783064762,109.89294066111154,2321.503662109375,41.0,0.6475965976715088,4.0,4.0,0.7197864781947114,14.210614204406738,35.0,"{""type"":""Point"",""coordinates"":[109.8937825615639,19.782524869149295]}"
388,0.0,28.0,1070.0,61.74014663696289,1041.0,18.73378052464838,109.81209228554076,2364.40869140625,42.0,22.277442932128906,10.0,1.0,0.509941133429959,9.72001838684082,48.0,"{""type"":""Point"",""coordinates"":[109.81212530175557,18.731688770861915]}"
389,0.0,28.0,82.0,48.997859954833984,81.0,18.49123539793611,109.70878602786706,2092.06005859375,50.0,8.834681510925293,4.0,1.0,0.6156963276135452,11.584735870361328,46.0,"{""type"":""Point"",""coordinates"":[109.70795055808888,18.492637695844213]}"
390,0.0,20.0,10.0,5.42573356628418,10.0,19.052682450510808,108.67572345112961,1239.5926513671875,54.0,0.9665235280990601,2.0,2.0,0.6784814253251502,13.847556114196777,45.0,"{""type"":""Point"",""coordinates"":[108.67354379417145,19.05322396006926]}"
391,0.0,22.0,29.0,17.860336303710938,20.0,19.6365873851885,110.23879204549758,2397.53515625,50.0,1.036804437637329,4.0,3.0,0.7851089938839029,13.728529930114746,34.0,"{""type"":""Point"",""coordinates"":[110.24062013913061,19.634971110372483]}"
392,0.0,30.0,30.0,30.465946197509766,33.0,18.71132264254539,110.3690477616949,2005.9544677734375,40.0,4.355580806732178,4.0,1.0,0.6732131976140576,12.31521987915039,48.0,"{""type"":""Point"",""coordinates"":[110.37111360235758,18.713156051096963]}"
393,0.0,23.0,67.0,11.519521713256836,36.0,19.483873786888182,110.3151488446477,2390.966064453125,51.0,0.3650597333908081,4.0,3.0,0.7498699603920204,14.788013458251953,38.0,"{""type"":""Point"",""coordinates"":[110.31680176817517,19.48294391277404]}"
394,0.0,22.0,171.0,12.071556091308594,123.0,19.479382210467584,109.53810612388435,2466.86962890625,56.0,0.3895602822303772,4.0,3.0,0.6812857756676762,14.659346580505371,37.0,"{""type"":""Point"",""coordinates"":[109.53888440123363,19.47839813438094]}"
395,0.0,28.0,510.0,64.52704620361328,330.0,18.967342498519457,109.47073247757538,2311.043701171875,47.0,13.52393627166748,5.0,2.0,0.58072771145864,10.852012634277344,43.0,"{""type"":""Point"",""coordinates"":[109.47286840326267,18.96707490907791]}"
396,0.0,23.0,20.0,6.036300182342529,21.0,19.735402066441644,110.94396954353141,1793.6075439453125,51.0,0.37010282278060913,2.0,3.0,0.6967328880929988,13.429271697998047,46.0,"{""type"":""Point"",""coordinates"":[110.94593359565732,19.737439840849728]}"
397,0.0,27.0,225.0,54.165199279785156,225.0,18.360979681738776,109.4437830190518,2017.27685546875,50.0,12.315668106079102,3.0,1.0,0.5928799591565777,11.155430793762207,41.0,"{""type"":""Point"",""coordinates"":[109.44325416430354,18.361772437211723]}"
398,0.0,30.0,566.0,64.9820327758789,360.0,18.71132264254539,109.47073247757538,2238.554443359375,48.0,16.757829666137695,5.0,1.0,0.5513769183130415,10.58119010925293,46.0,"{""type"":""Point"",""coordinates"":[109.47214523555202,18.712887653306765]}"
399,0.0,29.0,243.0,62.18588638305664,126.0,19.308702306484875,109.65937868724046,2447.774169921875,43.0,8.614968299865723,7.0,3.0,0.6464386558283747,11.50893783569336,37.0,"{""type"":""Point"",""coordinates"":[109.65725654934668,19.310115410285288]}"
400,0.0,23.0,140.0,19.379056930541992,104.0,19.623112655926704,109.83904174406439,2430.4580078125,52.0,1.2231380939483643,5.0,3.0,0.6957881351028123,13.53447151184082,33.0,"{""type"":""Point"",""coordinates"":[109.84105310623139,19.622318847745575]}"
401,0.0,27.0,43.0,10.292640686035156,35.0,19.708452607918062,110.47684559578926,2324.4462890625,49.0,0.36509108543395996,6.0,3.0,0.7723326682718642,14.527756690979004,33.0,"{""type"":""Point"",""coordinates"":[110.47706410152148,19.709847205861696]}"
402,0.0,22.0,197.0,10.665452003479004,64.0,18.697847913283596,109.21022104518073,2024.8345947265625,56.0,0.7296557426452637,3.0,1.0,0.6600156017019976,14.01517105102539,44.0,"{""type"":""Point"",""coordinates"":[109.21051845079874,18.696633387031497]}"
403,0.0,22.0,58.0,18.933914184570312,47.0,19.677011572973875,110.17590997560922,2435.576416015625,49.0,1.0978728532791138,3.0,3.0,0.7634258872161938,13.653650283813477,32.0,"{""type"":""Point"",""coordinates"":[110.17811701716023,19.67920500603564]}"
404,0.0,27.0,539.0,81.01483154296875,510.0,18.71132264254539,109.78514282701718,2416.140625,48.0,17.686092376708984,5.0,1.0,0.5448174995698274,10.546398162841797,49.0,"{""type"":""Point"",""coordinates"":[109.78716778483329,18.712068392404333]}"
405,0.0,28.0,16.0,8.143982887268066,17.0,19.982438769574514,110.5217613599952,1995.80712890625,42.0,0.5025331377983093,4.0,4.0,0.7412584879186588,13.541669845581055,40.0,"{""type"":""Point"",""coordinates"":[110.52028671956356,19.98086709245169]}"
406,0.0,31.0,62.0,24.641672134399414,48.0,19.582688468141328,110.42294667874205,2432.82666015625,43.0,2.25628924369812,4.0,3.0,0.7362879679595863,12.69118881225586,37.0,"{""type"":""Point"",""coordinates"":[110.4226799181134,19.583626696506595]}"
407,0.0,32.0,40.0,12.032011985778809,41.0,19.973455616733318,110.15345209350619,2096.443603515625,39.0,0.9210609793663025,2.0,4.0,0.7292769055931307,13.60461139678955,37.0,"{""type"":""Point"",""coordinates"":[110.15486691355902,19.971642302947608]}"
408,0.0,27.0,68.0,24.630535125732422,65.0,18.980817227781245,110.35557303243309,2256.33837890625,43.0,2.2249646186828613,3.0,2.0,0.6832512306173266,12.97949504852295,42.0,"{""type"":""Point"",""coordinates"":[110.35646123425093,18.980604883458092]}"
409,0.0,21.0,133.0,18.85316276550293,81.0,19.456924328364593,110.02768795372947,2489.231201171875,54.0,1.0451900959014893,4.0,3.0,0.6985526124256879,13.696065902709961,38.0,"{""type"":""Point"",""coordinates"":[110.02660275826666,19.45861428981141]}"
410,0.0,30.0,50.0,9.563265800476074,51.0,19.91506512326555,110.14896051708558,2262.23486328125,41.0,0.31167301535606384,2.0,4.0,0.7387247019335057,14.680549621582031,35.0,"{""type"":""Point"",""coordinates"":[110.14883287793963,19.91427448428638]}"
411,0.0,24.0,25.0,13.94968032836914,27.0,18.441828057309536,109.73124390997003,2085.138916015625,53.0,1.1034072637557983,3.0,1.0,0.7227027084223833,13.706426620483398,42.0,"{""type"":""Point"",""coordinates"":[109.73330582164778,18.442958716465974]}"
413,0.0,28.0,119.0,9.023431777954102,86.0,19.623112655926704,109.5964966173521,2298.0244140625,51.0,0.23738215863704681,4.0,3.0,0.7040151125485181,15.187064170837402,34.0,"{""type"":""Point"",""coordinates"":[109.59439265712044,19.621980287955708]}"
414,0.0,23.0,215.0,10.821337699890137,187.0,18.594541655609852,109.27310311506909,1977.984130859375,56.0,0.8575500845909119,3.0,1.0,0.6112176093341957,13.842000961303711,45.0,"{""type"":""Point"",""coordinates"":[109.271532631396,18.592859414368608]}"
415,0.0,27.0,370.0,53.82181930541992,368.0,18.71132264254539,108.81496232016809,1701.0960693359375,47.0,21.497482299804688,4.0,1.0,0.5336690275804996,10.465632438659668,43.0,"{""type"":""Point"",""coordinates"":[108.81369646229294,18.70940881308084]}"
416,0.0,26.0,629.0,76.02892303466797,575.0,19.043699297669612,109.13386424603056,2366.662109375,50.0,18.46666717529297,5.0,2.0,0.5798327947515786,10.423111915588379,39.0,"{""type"":""Point"",""coordinates"":[109.13537507689053,19.044087884462076]}"
417,0.0,30.0,105.0,14.064465522766113,106.0,19.906081970424353,110.19836785771219,2195.25,43.0,1.1113759279251099,4.0,4.0,0.6752569629062481,13.365531921386719,35.0,"{""type"":""Point"",""coordinates"":[110.19666457303454,19.90422273252391]}"
418,0.0,28.0,1027.0,45.82023239135742,858.0,18.868527817266305,109.70429445144646,2405.75634765625,48.0,11.957618713378906,5.0,2.0,0.5537962177177311,10.440947532653809,45.0,"{""type"":""Point"",""coordinates"":[109.70247650718265,18.867694265464934]}"
419,0.0,27.0,25.0,9.317293167114258,9.0,19.753368372124037,110.09506160003843,2441.12060546875,41.0,0.08369342237710953,3.0,4.0,0.8171130077663127,16.141956329345703,31.0,"{""type"":""Point"",""coordinates"":[110.0962478427331,19.752587264703436]}"
420,0.0,31.0,19.0,7.746487140655518,18.0,19.816250442012404,110.3645561852743,2227.774658203125,37.0,0.08371094614267349,8.0,4.0,0.776144377051659,16.01885414123535,36.0,"{""type"":""Point"",""coordinates"":[110.36456469015133,19.817328317299825]}"
421,0.0,29.0,29.0,5.962239742279053,31.0,19.650062114450293,110.97091900205498,1719.0740966796875,47.0,0.6324694752693176,3.0,3.0,0.6894636555145919,12.87500286102295,44.0,"{""type"":""Point"",""coordinates"":[110.97216123130475,19.649772103244075]}"
422,0.0,24.0,104.0,12.04025936126709,21.0,19.358109647111448,110.1130279057208,2471.07763671875,51.0,0.3650030195713043,2.0,3.0,0.7720452154133652,14.765965461730957,37.0,"{""type"":""Point"",""coordinates"":[110.11509007539514,19.358662312562704]}"
423,0.0,24.0,46.0,13.74216365814209,46.0,19.569213738879533,109.01259168267438,1792.6734619140625,47.0,1.6279590129852295,3.0,3.0,0.7076594655368459,13.305122375488281,36.0,"{""type"":""Point"",""coordinates"":[109.01459042952777,19.569182076559354]}"
424,0.0,36.0,175.0,33.42854309082031,146.0,19.362601223532046,110.26574150402115,2427.2626953125,39.0,3.443430185317993,5.0,3.0,0.6714927638327102,12.476418495178223,36.0,"{""type"":""Point"",""coordinates"":[110.26692302590737,19.36364427632964]}"
425,0.0,33.0,642.0,33.62874984741211,640.0,18.39691229310356,109.34047676137806,1912.946533203125,40.0,9.004462242126465,6.0,1.0,0.5756607713990408,11.156926155090332,41.0,"{""type"":""Point"",""coordinates"":[109.34104688067039,18.396100964064086]}"
426,0.0,23.0,195.0,8.248414993286133,193.0,18.37894598742117,109.2775946914897,1818.52880859375,57.0,0.6564690470695496,3.0,1.0,0.6258997349759565,14.122163772583008,40.0,"{""type"":""Point"",""coordinates"":[109.27792749013591,18.380681636750584]}"
427,0.0,24.0,24.0,8.096922874450684,25.0,19.88811566474196,110.72388229892209,1966.8828125,53.0,0.5860974192619324,3.0,4.0,0.7024870339237634,13.37576961517334,46.0,"{""type"":""Point"",""coordinates"":[110.72374936904144,19.88636461425101]}"
428,0.0,27.0,149.0,31.867664337158203,127.0,18.76522155959256,110.1130279057208,2217.525634765625,49.0,3.8146815299987793,4.0,1.0,0.6055070803513029,12.390108108520508,48.0,"{""type"":""Point"",""coordinates"":[110.11122829735753,18.764711834141472]}"
429,0.0,26.0,51.0,11.745217323303223,44.0,19.245820236596508,108.90030227215948,1912.50732421875,53.0,1.1285548210144043,2.0,2.0,0.6956840937898158,13.668716430664062,41.0,"{""type"":""Point"",""coordinates"":[108.89975546988161,19.246941530858106]}"
430,0.0,28.0,160.0,42.00191879272461,157.0,19.223362354493517,110.35108145601248,2565.28466796875,49.0,4.024930000305176,4.0,2.0,0.6724123876798934,12.3294038772583,37.0,"{""type"":""Point"",""coordinates"":[110.35130400095329,19.223791904307685]}"
431,0.0,35.0,738.0,41.16999053955078,594.0,18.895477275789894,109.25064523296606,2056.625732421875,38.0,11.493586540222168,5.0,2.0,0.5522635959402341,10.817140579223633,45.0,"{""type"":""Point"",""coordinates"":[109.25185674512133,18.89338787653126]}"
432,0.0,28.0,55.0,17.03357696533203,54.0,19.694977878656267,110.66100022903373,2287.281982421875,46.0,1.4959867000579834,6.0,3.0,0.7216741803488576,12.943565368652344,38.0,"{""type"":""Point"",""coordinates"":[110.6591757007506,19.692948631070767]}"
433,0.0,32.0,518.0,57.80451202392578,394.0,18.944884616416466,109.16979685739534,2127.0185546875,38.0,14.27083969116211,7.0,2.0,0.5788943718041559,10.789626121520996,41.0,"{""type"":""Point"",""coordinates"":[109.17090704055484,18.946481025731888]}"
434,0.0,24.0,168.0,25.000930786132812,136.0,19.259294965858295,110.17141839918861,2508.52392578125,52.0,1.7875524759292603,4.0,2.0,0.677717194377302,13.137349128723145,37.0,"{""type"":""Point"",""coordinates"":[110.17011167315428,19.260835297852314]}"
435,0.0,30.0,486.0,56.34541320800781,459.0,19.277261271540688,109.13386424603056,2412.712646484375,48.0,9.781899452209473,7.0,2.0,0.6232464995791733,11.204113960266113,38.0,"{""type"":""Point"",""coordinates"":[109.13554567223022,19.275163033859624]}"
436,0.0,23.0,15.0,5.628828525543213,16.0,19.942014581789138,110.83168013301645,1825.8330078125,52.0,0.18305543065071106,2.0,4.0,0.6873609284005702,14.144599914550781,50.0,"{""type"":""Point"",""coordinates"":[110.83008934256712,19.94290525269601]}"
437,0.0,25.0,14.0,2.8656086921691895,14.0,19.030224568407817,108.64877399260598,1117.1248779296875,54.0,0.36405137181282043,3.0,2.0,0.6690275665847261,14.821748733520508,45.0,"{""type"":""Point"",""coordinates"":[108.64830177486385,19.02987657160579]}"
438,0.0,24.0,6.0,7.078530788421631,7.0,19.99142192241571,110.42294667874205,2061.82275390625,44.0,0.12207542359828949,2.0,4.0,0.761201046143793,15.031787872314453,39.0,"{""type"":""Point"",""coordinates"":[110.42316248430265,19.9924791661143]}"
439,0.0,26.0,1095.0,50.69819641113281,898.0,19.003275109884235,109.52013981820193,2312.52880859375,46.0,17.446081161499023,8.0,2.0,0.5447637051950368,9.947789192199707,42.0,"{""type"":""Point"",""coordinates"":[109.51914300788388,19.001181927543296]}"
440,0.0,23.0,50.0,9.740062713623047,50.0,19.85667462979778,110.05463741225304,2360.933349609375,53.0,0.22943836450576782,4.0,4.0,0.7520179951881907,14.9868745803833,34.0,"{""type"":""Point"",""coordinates"":[110.05260983151764,19.85846551095469]}"
441,0.0,31.0,567.0,43.64560317993164,370.0,19.034716144828415,109.41683356052818,2313.302734375,39.0,7.063289165496826,5.0,2.0,0.6068300612496418,11.468315124511719,41.0,"{""type"":""Point"",""coordinates"":[109.4189152356966,19.036721047645994]}"
442,0.0,23.0,60.0,19.306081771850586,57.0,19.317685459326064,110.39599722021848,2526.060302734375,51.0,1.0409694910049438,4.0,3.0,0.7274641749071021,13.724519729614258,39.0,"{""type"":""Point"",""coordinates"":[110.39378524538547,19.315712956758098]}"
443,0.0,22.0,70.0,14.181482315063477,54.0,19.66353684371208,110.07709529435607,2439.843994140625,52.0,0.59426349401474,3.0,3.0,0.7574703714689623,14.29894733428955,32.0,"{""type"":""Point"",""coordinates"":[110.07833105672862,19.663701853384193]}"
444,0.0,30.0,811.0,26.913053512573242,614.0,19.093106638296184,109.61446292303447,2272.7275390625,39.0,3.8326733112335205,5.0,2.0,0.6054033119951155,11.852699279785156,40.0,"{""type"":""Point"",""coordinates"":[109.61386502373736,19.094820629744476]}"
445,0.0,30.0,32.0,11.875076293945312,34.0,19.205396048811124,110.5307445128364,2365.661376953125,46.0,0.49926868081092834,4.0,2.0,0.7345024971130134,14.476104736328125,42.0,"{""type"":""Point"",""coordinates"":[110.53207366316639,19.206273149380895]}"
446,0.0,29.0,647.0,59.30286407470703,588.0,18.608016384871647,109.39886725484581,2106.338623046875,41.0,16.935237884521484,10.0,1.0,0.5427431317278446,10.499285697937012,46.0,"{""type"":""Point"",""coordinates"":[109.39911703346374,18.606002889534402]}"
447,0.0,21.0,123.0,24.817310333251953,110.0,19.133530826081568,108.93623488352426,1907.9285888671875,60.0,3.900444984436035,4.0,2.0,0.6249116334266209,12.383896827697754,40.0,"{""type"":""Point"",""coordinates"":[108.93788240795237,19.133336853339976]}"
448,0.0,23.0,30.0,10.22629165649414,21.0,19.60963792666491,110.38701406737727,2344.37939453125,53.0,0.30445486307144165,4.0,3.0,0.775270781801085,14.719343185424805,36.0,"{""type"":""Point"",""coordinates"":[110.3864268390713,19.610160620643626]}"
449,0.0,23.0,163.0,17.046995162963867,127.0,19.501840092570568,109.46174932473417,2394.724853515625,57.0,1.0897477865219116,4.0,3.0,0.683380602099946,13.635605812072754,35.0,"{""type"":""Point"",""coordinates"":[109.46168242604725,19.50116320299082]}"
450,0.0,22.0,22.0,12.662370681762695,17.0,19.23683708375531,108.85089493153288,1859.462158203125,53.0,1.2781988382339478,2.0,2.0,0.7191820749685766,13.561070442199707,42.0,"{""type"":""Point"",""coordinates"":[108.84991551320569,19.236938026624582]}"
451,0.0,32.0,471.0,40.297637939453125,432.0,18.585558502768656,109.35395149063982,2054.148193359375,42.0,8.594249725341797,4.0,1.0,0.5707596727354668,11.347575187683105,46.0,"{""type"":""Point"",""coordinates"":[109.3545104582513,18.586057743618674]}"
452,0.0,25.0,340.0,19.09974479675293,229.0,19.191921319549337,109.86149962616736,2328.757568359375,51.0,1.5097450017929077,4.0,2.0,0.6491116442712701,13.191402435302734,39.0,"{""type"":""Point"",""coordinates"":[109.86168725766728,19.191952968529446]}"
453,0.0,32.0,409.0,66.45111846923828,238.0,19.178446590287543,109.39886725484581,2449.81689453125,37.0,10.72765064239502,4.0,2.0,0.6279312919305013,11.168867111206055,37.0,"{""type"":""Point"",""coordinates"":[109.39764100592974,19.180242690071374]}"
454,0.0,21.0,27.0,7.421485900878906,24.0,19.838708324115387,110.84964643869881,1842.764892578125,55.0,0.7668282389640808,2.0,4.0,0.6902700270392592,12.684670448303223,47.0,"{""type"":""Point"",""coordinates"":[110.85046110227687,19.83966044578214]}"
455,0.0,23.0,115.0,9.547890663146973,75.0,19.043699297669612,108.94521803636547,1929.5830078125,49.0,0.622816264629364,2.0,2.0,0.6511912281834374,14.224897384643555,43.0,"{""type"":""Point"",""coordinates"":[108.94402619772885,19.04298471737088]}"
456,0.0,28.0,54.0,13.979044914245605,54.0,19.564722162458935,109.17878001023655,2014.7352294921875,46.0,1.2544193267822266,3.0,3.0,0.6995206103005245,13.561185836791992,39.0,"{""type"":""Point"",""coordinates"":[109.177667241921,19.563669425235798]}"
457,0.0,26.0,234.0,45.441837310791016,117.0,19.367092799952644,109.62793765229628,2563.9365234375,47.0,4.45736837387085,4.0,3.0,0.6748179680627833,12.17938232421875,35.0,"{""type"":""Point"",""coordinates"":[109.62701447243217,19.367014936077517]}"
458,0.0,25.0,62.0,13.339839935302734,53.0,19.403025411317422,109.13835582245116,2156.859619140625,49.0,0.8819793462753296,3.0,3.0,0.7321948722823879,13.908803939819336,34.0,"{""type"":""Point"",""coordinates"":[109.13792529597882,19.402863495466917]}"
459,0.0,28.0,126.0,24.011138916015625,79.0,19.209887625231723,110.05463741225304,2531.090576171875,46.0,1.6290957927703857,4.0,2.0,0.6967584324788516,13.25639533996582,39.0,"{""type"":""Point"",""coordinates"":[110.05598988699268,19.21020143094503]}"
460,0.0,25.0,50.0,14.860868453979492,49.0,18.953867769257663,110.34209830317133,2259.705322265625,49.0,0.926567792892456,4.0,2.0,0.6995767522359944,13.866552352905273,44.0,"{""type"":""Point"",""coordinates"":[110.34394292941384,18.952598419508885]}"
461,0.0,23.0,3.0,4.648466110229492,6.0,18.594541655609852,108.7116560624944,1476.6796875,50.0,0.29700297117233276,2.0,1.0,0.7087077239944773,14.941949844360352,43.0,"{""type"":""Point"",""coordinates"":[108.7126368045097,18.59320542929767]}"
462,0.0,25.0,46.0,11.115520477294922,46.0,19.600654773823713,109.26861153864849,1986.991943359375,49.0,0.8121650815010071,2.0,3.0,0.721511693384181,14.000703811645508,36.0,"{""type"":""Point"",""coordinates"":[109.27034042824012,19.598438318325073]}"
463,0.0,28.0,50.0,12.696953773498535,41.0,18.63496584339523,109.91090696679396,2214.982177734375,43.0,0.7118351459503174,4.0,1.0,0.6978271464771866,14.130228996276855,46.0,"{""type"":""Point"",""coordinates"":[109.90951294844565,18.63429617462107]}"
464,0.0,26.0,143.0,16.725187301635742,84.0,19.200904472390526,109.99624691878529,2495.74072265625,42.0,0.7963263988494873,4.0,2.0,0.6960911726164354,13.961861610412598,38.0,"{""type"":""Point"",""coordinates"":[109.99821437304222,19.200735284672575]}"
465,0.0,28.0,42.0,8.178587913513184,42.0,19.784809407068217,110.99337688415795,1610.2484130859375,42.0,2.208204746246338,7.0,4.0,0.6416344045480362,11.591222763061523,50.0,"{""type"":""Point"",""coordinates"":[110.99287088081435,19.78288899447859]}"
466,0.0,27.0,81.0,32.24887466430664,64.0,19.133530826081568,110.17141839918861,2545.234619140625,43.0,2.443654775619507,4.0,2.0,0.6954563301059519,12.877888679504395,43.0,"{""type"":""Point"",""coordinates"":[110.17070277955027,19.13181046575328]}"
467,0.0,28.0,338.0,26.43172836303711,299.0,18.594541655609852,109.19225473949831,1949.932373046875,52.0,4.747623920440674,4.0,1.0,0.5851156317862396,12.045053482055664,46.0,"{""type"":""Point"",""coordinates"":[109.19141506505157,18.594711510777255]}"
468,0.0,28.0,747.0,43.07815170288086,635.0,19.12903924966097,109.20123789233952,2375.537353515625,49.0,7.85064172744751,5.0,2.0,0.6110759474780113,11.196674346923828,38.0,"{""type"":""Point"",""coordinates"":[109.20084531773443,19.129959968665613]}"
469,0.0,30.0,314.0,69.87344360351562,211.0,18.93590146357527,110.0052300716265,2408.430419921875,44.0,11.79995346069336,4.0,2.0,0.5967214815048076,11.139445304870605,44.0,"{""type"":""Point"",""coordinates"":[110.00454097856237,18.935662031558547]}"
470,0.0,30.0,281.0,37.20860290527344,165.0,19.29522757722308,109.67734499292288,2494.40576171875,48.0,3.922006845474243,5.0,3.0,0.6581836054228325,12.276342391967773,38.0,"{""type"":""Point"",""coordinates"":[109.67630013948644,19.295439946340682]}"
471,0.0,28.0,85.0,11.655019760131836,86.0,19.87913251190077,110.17141839918861,2257.867919921875,40.0,0.5735798478126526,2.0,4.0,0.6962942331431274,14.043120384216309,35.0,"{""type"":""Point"",""coordinates"":[110.17306580162676,19.879613419752182]}"
472,0.0,29.0,1217.0,22.487079620361328,1128.0,19.10208979113738,109.16530528097474,2434.729248046875,47.0,3.7506885528564453,10.0,2.0,0.5952313675469026,11.309709548950195,40.0,"{""type"":""Point"",""coordinates"":[109.16538879329508,19.101873799744084]}"
473,0.0,27.0,17.0,13.360532760620117,17.0,19.313193882905473,110.49481190147162,2500.8623046875,41.0,0.44097426533699036,6.0,3.0,0.7728472434675575,14.60912036895752,40.0,"{""type"":""Point"",""coordinates"":[110.49573872895311,19.313052739838184]}"
474,0.0,29.0,920.0,53.256927490234375,830.0,19.10658136755798,109.17428843381595,2434.729248046875,47.0,13.102058410644531,9.0,2.0,0.5828964138990275,10.48422908782959,40.0,"{""type"":""Point"",""coordinates"":[109.17422135236174,19.104456921539075]}"
475,0.0,22.0,15.0,9.196791648864746,17.0,18.392420716682963,109.83005859122318,1839.27490234375,53.0,0.6995774507522583,2.0,1.0,0.7250113206703482,14.167956352233887,41.0,"{""type"":""Point"",""coordinates"":[109.83099742488999,18.39086202954339]}"
476,0.0,28.0,65.0,8.146021842956543,58.0,19.71743576075925,110.62057604124834,2256.68115234375,45.0,0.13468915224075317,6.0,3.0,0.7333930832243777,15.342162132263184,35.0,"{""type"":""Point"",""coordinates"":[110.62030721384541,19.717507615028175]}"
477,0.0,29.0,666.0,12.987378120422363,575.0,18.666406878339416,109.48420720683714,2057.635498046875,46.0,1.298069715499878,5.0,1.0,0.5748739663648981,13.080018997192383,48.0,"{""type"":""Point"",""coordinates"":[109.48350570260787,18.66773607039547]}"
478,0.0,22.0,159.0,16.138771057128906,86.0,19.501840092570568,109.78514282701718,2516.51953125,54.0,0.7481148838996887,4.0,3.0,0.7077466266097054,14.014328002929688,35.0,"{""type"":""Point"",""coordinates"":[109.78404427266688,19.502376744905085]}"
479,0.0,23.0,85.0,9.848348617553711,37.0,19.650062114450293,109.75819336849361,2346.495849609375,55.0,0.250287264585495,3.0,3.0,0.7714833500384055,15.154732704162598,32.0,"{""type"":""Point"",""coordinates"":[109.75846681297625,19.648471511331802]}"
480,0.0,25.0,16.0,9.143388748168945,19.0,18.899968852210492,110.42743825516266,2069.898681640625,48.0,0.4015127122402191,3.0,2.0,0.7295630907424977,14.703458786010742,43.0,"{""type"":""Point"",""coordinates"":[110.42689245760218,18.90047963634395]}"
481,0.0,27.0,34.0,9.65950870513916,31.0,18.594541655609852,109.98277218952347,2177.196533203125,42.0,0.3441552519798279,3.0,1.0,0.7039911109119273,14.866378784179688,47.0,"{""type"":""Point"",""coordinates"":[109.98173706975649,18.59663286047426]}"
482,0.0,26.0,51.0,18.107284545898438,51.0,18.720305795386587,110.13997736424443,2152.765869140625,51.0,1.6289606094360352,5.0,1.0,0.6845321768216004,13.3015718460083,45.0,"{""type"":""Point"",""coordinates"":[110.14061338851135,18.722170437569282]}"
483,0.0,26.0,5.0,7.761133670806885,5.0,20.013879804518695,110.3645561852743,1964.932373046875,44.0,0.42731767892837524,2.0,4.0,0.7521542951170842,13.780272483825684,40.0,"{""type"":""Point"",""coordinates"":[110.36296722081522,20.012848451715733]}"
484,0.0,26.0,65.0,8.998598098754883,58.0,19.726418913600448,110.60710131198658,2256.68115234375,46.0,0.23739223182201385,5.0,3.0,0.7322092932941796,14.77541446685791,35.0,"{""type"":""Point"",""coordinates"":[110.6076323176289,19.72744393923247]}"
485,0.0,23.0,45.0,3.844698190689087,41.0,18.953867769257663,108.77453813238276,1528.5201416015625,55.0,0.060648199170827866,2.0,2.0,0.6711884759798614,16.595970153808594,43.0,"{""type"":""Point"",""coordinates"":[108.77425363685276,18.95605937309025]}"
486,0.0,28.0,29.0,9.793431282043457,30.0,19.91057354684495,110.48582874863041,2144.307861328125,44.0,0.6268228888511658,4.0,4.0,0.7345048498485133,13.363213539123535,40.0,"{""type"":""Point"",""coordinates"":[110.4842232217192,19.912236381347153]}"
487,0.0,26.0,274.0,26.63825035095215,167.0,19.335651765008457,109.41683356052818,2535.124755859375,53.0,2.120823383331299,4.0,3.0,0.6671848178256822,12.896995544433594,38.0,"{""type"":""Point"",""coordinates"":[109.41879510368874,19.33717134888165]}"
488,0.0,29.0,18.0,11.444770812988281,18.0,19.322177035746662,110.64303392335137,2182.517822265625,48.0,0.7293645739555359,5.0,3.0,0.7598853140471928,13.854752540588379,38.0,"{""type"":""Point"",""coordinates"":[110.64263711194391,19.320938329033645]}"
489,0.0,27.0,455.0,72.37098693847656,299.0,19.030224568407817,109.79412597985839,2359.838134765625,48.0,14.579164505004883,4.0,2.0,0.5864898785129896,10.817112922668457,42.0,"{""type"":""Point"",""coordinates"":[109.7950446449059,19.0318597804411]}"
490,0.0,34.0,30.0,8.84515380859375,31.0,19.933031428947942,109.60098819377271,1585.85888671875,40.0,1.2388473749160767,5.0,4.0,0.7249668158625076,13.587716102600098,34.0,"{""type"":""Point"",""coordinates"":[109.60196676942113,19.932566419983747]}"
491,0.0,32.0,11.0,10.103410720825195,12.0,19.474890634046986,110.72388229892209,2164.388671875,43.0,0.5852965712547302,9.0,3.0,0.7739262099773184,13.921682357788086,37.0,"{""type"":""Point"",""coordinates"":[110.72175356692706,19.476008475337775]}"
493,0.0,31.0,776.0,34.858192443847656,589.0,18.841578358742723,109.53810612388435,2218.24951171875,48.0,7.290558338165283,5.0,2.0,0.5672307228089595,11.242277145385742,46.0,"{""type"":""Point"",""coordinates"":[109.53842947293242,18.84234421319506]}"
494,0.0,25.0,255.0,19.263656616210938,214.0,18.62598269055404,109.33149360853685,2023.846435546875,54.0,2.357290744781494,4.0,1.0,0.6067410895550602,12.803953170776367,45.0,"{""type"":""Point"",""coordinates"":[109.33312252333252,18.624229132886413]}"
496,0.0,26.0,60.0,9.737812995910645,45.0,19.753368372124037,109.86599120258796,2321.503662109375,51.0,0.2694264352321625,2.0,4.0,0.7529426270139497,15.095931053161621,34.0,"{""type"":""Point"",""coordinates"":[109.86398914393435,19.75188972396526]}"
497,0.0,28.0,461.0,68.8644027709961,346.0,19.209887625231723,109.2775946914897,2431.2763671875,50.0,12.912683486938477,5.0,2.0,0.6183862476642757,10.938640594482422,37.0,"{""type"":""Point"",""coordinates"":[109.27603324626381,19.210000945543435]}"
498,0.0,30.0,318.0,49.04481506347656,296.0,18.82361205306033,110.13997736424443,2226.138671875,46.0,8.48511791229248,4.0,2.0,0.5758131323839386,11.473373413085938,49.0,"{""type"":""Point"",""coordinates"":[110.13875881914721,18.82271404379199]}"
499,0.0,27.0,347.0,27.220781326293945,344.0,18.500218550777305,109.17428843381595,1905.2071533203125,52.0,5.225357532501221,4.0,1.0,0.5848887667082132,11.942303657531738,45.0,"{""type"":""Point"",""coordinates"":[109.17463205170831,18.500531491357215]}"
500,0.0,31.0,164.0,46.58745574951172,164.0,18.608016384871647,110.06362056509425,2197.380859375,43.0,7.275705337524414,5.0,1.0,0.6011504835071668,11.731106758117676,46.0,"{""type"":""Point"",""coordinates"":[110.06374807720191,18.6065348417556]}"
501,0.0,38.0,876.0,31.413734436035156,725.0,18.91344358147228,109.25513680938667,2035.63525390625,37.0,8.96583080291748,5.0,2.0,0.5464143543947177,10.924548149108887,46.0,"{""type"":""Point"",""coordinates"":[109.25705404795539,18.91536463902806]}"
502,0.0,31.0,18.0,11.404243469238281,21.0,19.003275109884235,110.47235401936865,2135.88671875,41.0,0.6759829521179199,4.0,2.0,0.7441846964356034,14.18132495880127,40.0,"{""type"":""Point"",""coordinates"":[110.47212884097785,19.003482799605237]}"
503,0.0,25.0,103.0,18.816387176513672,65.0,19.533281127514755,109.88844908469093,2484.549072265625,51.0,1.101383090019226,6.0,3.0,0.723688571115516,13.662046432495117,37.0,"{""type"":""Point"",""coordinates"":[109.8890090643901,19.53361735852059]}"
504,0.0,28.0,44.0,11.976852416992188,45.0,19.91057354684495,110.13997736424443,2262.23486328125,39.0,0.5971724987030029,2.0,4.0,0.7445204495822701,14.034905433654785,35.0,"{""type"":""Point"",""coordinates"":[110.14001086572036,19.911160835115073]}"
505,0.0,22.0,33.0,6.619953632354736,32.0,19.205396048811124,108.77453813238276,1560.2686767578125,52.0,0.6338499188423157,2.0,2.0,0.6863014135534046,14.25621223449707,42.0,"{""type"":""Point"",""coordinates"":[108.77435067694942,19.20486946723087]}"
506,0.0,29.0,339.0,60.23104476928711,211.0,19.164971861025748,109.2775946914897,2446.190673828125,42.0,8.637763977050781,4.0,2.0,0.6385708891325661,11.440522193908691,37.0,"{""type"":""Point"",""coordinates"":[109.27869337900691,19.166640653751145]}"
507,0.0,24.0,32.0,12.969666481018066,24.0,19.66802842013268,110.35557303243309,2371.708740234375,50.0,0.6118084192276001,2.0,3.0,0.7884287377460293,14.019892692565918,32.0,"{""type"":""Point"",""coordinates"":[110.35740065711292,19.669861458481574]}"
508,0.0,23.0,16.0,6.905502796173096,16.0,19.420991716999815,108.8239454730093,1548.9913330078125,51.0,0.7278684973716736,2.0,3.0,0.7041368409869517,14.127732276916504,42.0,"{""type"":""Point"",""coordinates"":[108.82217728447084,19.42205458144747]}"
509,0.0,28.0,265.0,59.909305572509766,211.0,19.052682450510808,109.0709821761422,2314.381103515625,48.0,9.989472389221191,5.0,2.0,0.6235881954279076,11.34359073638916,39.0,"{""type"":""Point"",""coordinates"":[109.06888583162171,19.053641490569202]}"
510,0.0,25.0,42.0,8.991625785827637,42.0,19.627604232347302,109.35395149063982,2237.53662109375,51.0,0.23738259077072144,2.0,3.0,0.7391155261662595,15.233137130737305,37.0,"{""type"":""Point"",""coordinates"":[109.35171385050968,19.6295968009963]}"
511,0.0,23.0,103.0,13.785504341125488,51.0,19.65455369087089,109.73573548639064,2267.14599609375,53.0,0.7938355803489685,3.0,3.0,0.7521459737089052,13.989551544189453,31.0,"{""type"":""Point"",""coordinates"":[109.73526948968843,19.65262262027811]}"
512,0.0,26.0,230.0,95.37859344482422,127.0,18.926918310734074,110.03217953015007,2408.430419921875,46.0,17.538232803344727,3.0,2.0,0.5768850804444692,10.782275199890137,45.0,"{""type"":""Point"",""coordinates"":[110.03140146228688,18.928735443608453]}"
513,0.0,27.0,20.0,5.993574142456055,14.0,19.807267289171207,110.78227279238985,1892.162109375,48.0,0.182559996843338,5.0,4.0,0.7266223942497864,14.548259735107422,43.0,"{""type"":""Point"",""coordinates"":[110.78345385726054,19.80569112808894]}"
514,0.0,28.0,48.0,11.887869834899902,49.0,19.964472463892122,110.26124992760055,2258.742431640625,42.0,0.8438231348991394,2.0,4.0,0.7301353844575121,13.038223266601562,37.0,"{""type"":""Point"",""coordinates"":[110.25949524945949,19.96638667616858]}"
515,0.0,23.0,23.0,8.475787162780762,24.0,19.739893642862242,110.88108747364299,1918.8670654296875,54.0,0.8950762748718262,5.0,3.0,0.7146636514517587,12.707683563232422,43.0,"{""type"":""Point"",""coordinates"":[110.88214773130677,19.738568165101448]}"
516,0.0,27.0,271.0,22.250167846679688,179.0,19.164971861025748,109.90641539037335,2358.49853515625,47.0,1.8435648679733276,4.0,2.0,0.644793542126854,13.039238929748535,41.0,"{""type"":""Point"",""coordinates"":[109.90776001635959,19.16544674628382]}"
517,0.0,30.0,55.0,10.828591346740723,54.0,19.587180044561926,110.65650865261313,2307.919677734375,45.0,0.5038583874702454,4.0,3.0,0.7519618762831812,14.032011985778809,32.0,"{""type"":""Point"",""coordinates"":[110.65867573480004,19.586538568013975]}"
518,0.0,22.0,48.0,12.811869621276855,37.0,19.582688468141328,110.3735393381155,2397.133056640625,56.0,0.5864993333816528,4.0,3.0,0.7539228573934555,14.05908489227295,37.0,"{""type"":""Point"",""coordinates"":[110.3732895876566,19.580728571858177]}"
519,0.0,23.0,54.0,8.196088790893555,57.0,18.57208377350686,108.8194538965887,1562.4693603515625,55.0,1.0712937116622925,2.0,1.0,0.6470439333587158,13.719035148620605,44.0,"{""type"":""Point"",""coordinates"":[108.81921453926977,18.571696842779406]}"
520,0.0,27.0,149.0,16.562902450561523,100.0,18.8820025465281,110.09057002361783,2220.776611328125,47.0,1.2701233625411987,4.0,2.0,0.6287250134871414,13.491166114807129,45.0,"{""type"":""Point"",""coordinates"":[110.09212946101955,18.882702242072604]}"
521,0.0,27.0,400.0,10.939191818237305,400.0,18.63496584339523,110.12201105856201,2045.549560546875,48.0,0.8029860258102417,4.0,1.0,0.6137067309998138,13.779504776000977,43.0,"{""type"":""Point"",""coordinates"":[110.1214778793925,18.633361547289528]}"
522,0.0,26.0,35.0,11.661260604858398,34.0,18.60352480845105,110.01421322446765,2144.2236328125,43.0,0.6338290572166443,4.0,1.0,0.7025857974611585,14.255081176757812,46.0,"{""type"":""Point"",""coordinates"":[110.01463747286387,18.6035245561938]}"
523,0.0,22.0,14.0,3.3809003829956055,14.0,18.890985699369296,108.67572345112961,1350.9761962890625,53.0,0.12125063687562943,2.0,2.0,0.6787626528757414,15.921195983886719,46.0,"{""type"":""Point"",""coordinates"":[108.67775353538705,18.890801250273718]}"
524,0.0,30.0,106.0,16.533842086791992,63.0,19.38505910563503,110.19836785771219,2486.4404296875,43.0,0.8620972037315369,3.0,3.0,0.7247181952446762,13.905227661132812,37.0,"{""type"":""Point"",""coordinates"":[110.196772596724,19.383971714006957]}"
525,0.0,27.0,494.0,60.62400817871094,276.0,19.003275109884235,109.71776918070822,2287.161376953125,48.0,12.263690948486328,4.0,2.0,0.5834794607316213,10.966011047363281,43.0,"{""type"":""Point"",""coordinates"":[109.71793470336756,19.005375450036347]}"
526,0.0,25.0,21.0,7.352564811706543,22.0,19.901590394003755,110.6834581111367,1902.6329345703125,50.0,0.49401459097862244,5.0,4.0,0.6994693287506368,13.55124282836914,47.0,"{""type"":""Point"",""coordinates"":[110.68258137828144,19.899431029702306]}"
527,0.0,24.0,31.0,8.807499885559082,31.0,19.870149359059575,109.70878602786706,1882.9532470703125,46.0,0.5489019751548767,2.0,4.0,0.7471784089787135,14.401277542114258,33.0,"{""type"":""Point"",""coordinates"":[109.71059351538477,19.869288947962218]}"
528,0.0,23.0,20.0,9.227859497070312,20.0,18.527168009300887,109.98726376594408,2051.551025390625,53.0,0.4406212568283081,2.0,1.0,0.7173275294738377,14.62739372253418,45.0,"{""type"":""Point"",""coordinates"":[109.98575586836289,18.526104200370483]}"
529,0.0,25.0,62.0,23.765167236328125,41.0,19.560230586038337,110.166926822768,2452.313720703125,49.0,1.6778039932250977,4.0,3.0,0.7513362384834255,13.265523910522461,36.0,"{""type"":""Point"",""coordinates"":[110.16885561363853,19.56227188294791]}"
530,0.0,22.0,38.0,6.629162311553955,37.0,18.80115417095734,108.75208025027973,1607.6392822265625,50.0,0.5416406393051147,2.0,1.0,0.6658091774996033,14.41051959991455,46.0,"{""type"":""Point"",""coordinates"":[108.75377406520039,18.801051012116673]}"
531,0.0,27.0,688.0,11.782341957092285,679.0,18.67988160760121,108.85538650795348,1671.6162109375,49.0,2.1944308280944824,7.0,1.0,0.5581125012188946,12.534191131591797,46.0,"{""type"":""Point"",""coordinates"":[108.85661301038006,18.67845907356943]}"
532,0.0,27.0,19.0,11.972663879394531,18.0,19.18742974312874,110.39599722021848,2601.484619140625,44.0,0.23734042048454285,4.0,2.0,0.7859509131189144,15.246675491333008,38.0,"{""type"":""Point"",""coordinates"":[110.3972715085092,19.186958657213324]}"
533,0.0,26.0,138.0,37.49153137207031,106.0,19.18742974312874,110.10853632930025,2488.633056640625,49.0,3.489514112472534,4.0,2.0,0.6580298097789306,12.486283302307129,40.0,"{""type"":""Point"",""coordinates"":[110.10691492422805,19.187881124822926]}"
534,0.0,24.0,153.0,37.32489776611328,96.0,19.254803389437704,109.15632212813352,2558.994873046875,53.0,3.238400936126709,4.0,2.0,0.6709931625309468,12.551800727844238,39.0,"{""type"":""Point"",""coordinates"":[109.15794493402714,19.255014862853354]}"
535,0.0,31.0,23.0,6.846187114715576,21.0,19.762351524965233,110.70591599323973,2082.735107421875,47.0,0.19163405895233154,6.0,4.0,0.744285404338745,14.519168853759766,40.0,"{""type"":""Point"",""coordinates"":[110.70765237646914,19.76227341557867]}"
536,0.0,31.0,1015.0,51.60425567626953,886.0,18.926918310734074,109.1877631630777,2127.0185546875,42.0,21.748275756835938,10.0,2.0,0.5155748340856712,9.824155807495117,45.0,"{""type"":""Point"",""coordinates"":[109.18946856672845,18.92885644141752]}"
537,0.0,29.0,263.0,65.49068450927734,234.0,18.79666259453675,110.06811214151486,2260.36083984375,47.0,12.481886863708496,5.0,1.0,0.5818715348434575,11.1163969039917,46.0,"{""type"":""Point"",""coordinates"":[110.06728687185485,18.798868125262373]}"
538,0.0,30.0,461.0,56.0456657409668,461.0,18.365471258159374,109.3943756784252,1951.2088623046875,43.0,16.873096466064453,4.0,1.0,0.5633037457835243,10.658756256103516,41.0,"{""type"":""Point"",""coordinates"":[109.39215518229041,18.36729146761569]}"
539,0.0,24.0,122.0,18.05219078063965,99.0,19.38056752921443,109.20572946876013,2347.648193359375,55.0,1.2743706703186035,4.0,3.0,0.6878818214671728,13.50452995300293,34.0,"{""type"":""Point"",""coordinates"":[109.2052386280949,19.381157366641265]}"
540,0.0,30.0,447.0,38.30453109741211,419.0,18.54513431498328,109.31801887927503,2005.75732421875,44.0,8.178117752075195,5.0,1.0,0.5714652006375193,11.416484832763672,46.0,"{""type"":""Point"",""coordinates"":[109.3197333028969,18.545917765993213]}"
541,0.0,28.0,84.0,16.38690948486328,84.0,19.807267289171207,109.90641539037335,2300.04150390625,44.0,1.0752592086791992,5.0,4.0,0.7011134674483919,13.697513580322266,35.0,"{""type"":""Point"",""coordinates"":[109.90462789555087,19.807026823362797]}"
542,0.0,24.0,35.0,9.47791862487793,38.0,18.940393039995868,110.3735393381155,2169.59130859375,51.0,0.3486384153366089,4.0,2.0,0.7097855059960184,14.852853775024414,44.0,"{""type"":""Point"",""coordinates"":[110.37148553151785,18.942084197979646]}"
543,0.0,28.0,58.0,8.77678394317627,40.0,19.591671620982524,110.53972766567762,2369.894775390625,48.0,0.13460275530815125,6.0,3.0,0.7651181591206084,15.513973236083984,34.0,"{""type"":""Point"",""coordinates"":[110.54003870038204,19.590327211568443]}"
544,0.0,24.0,84.0,9.973668098449707,36.0,19.677011572973875,109.69980287502585,2262.527099609375,53.0,0.34007248282432556,3.0,3.0,0.7672233895568773,14.848777770996094,32.0,"{""type"":""Point"",""coordinates"":[109.69780231672303,19.676552102828566]}"
545,0.0,22.0,91.0,19.5794677734375,66.0,19.52429797467356,110.13548578782382,2448.066650390625,55.0,1.217003345489502,5.0,3.0,0.7287592902621918,13.569445610046387,35.0,"{""type"":""Point"",""coordinates"":[110.13640803095659,19.523190973732788]}"
546,0.0,24.0,757.0,44.32633590698242,685.0,18.783187865274954,108.96318434204784,1895.760009765625,51.0,15.953258514404297,8.0,1.0,0.5405589402220258,10.457571029663086,43.0,"{""type"":""Point"",""coordinates"":[108.96157282083861,18.782181430466526]}"
547,0.0,24.0,283.0,52.356788635253906,168.0,19.277261271540688,109.3943756784252,2539.175537109375,54.0,6.115732669830322,3.0,2.0,0.6461149267991598,11.828476905822754,39.0,"{""type"":""Point"",""coordinates"":[109.3930181578612,19.279263794534355]}"
548,0.0,31.0,533.0,56.79021072387695,314.0,19.066157179772603,109.34945991421921,2307.342041015625,39.0,10.880876541137695,4.0,2.0,0.5999174244818763,11.057467460632324,40.0,"{""type"":""Point"",""coordinates"":[109.35032334620334,19.06515127290821]}"
549,0.0,39.0,42.0,15.601862907409668,42.0,19.874640935480173,109.94234800173814,2261.216796875,33.0,1.2921353578567505,5.0,4.0,0.7476151050287579,13.264466285705566,35.0,"{""type"":""Point"",""coordinates"":[109.94084559318756,19.874979572673247]}"
550,0.0,26.0,721.0,14.11308765411377,552.0,18.864036240845707,109.69081972218464,2228.55224609375,45.0,1.083367109298706,5.0,2.0,0.5911981718861763,13.208903312683105,46.0,"{""type"":""Point"",""coordinates"":[109.6918346011226,18.86400853243638]}"
551,0.0,28.0,233.0,36.46101379394531,55.0,19.18742974312874,109.54259770030495,2394.40869140625,40.0,3.7153308391571045,4.0,2.0,0.7049096151241011,12.362749099731445,38.0,"{""type"":""Point"",""coordinates"":[109.54092181489692,19.186401480361422]}"
552,0.0,29.0,165.0,49.63332748413086,138.0,19.304210730064277,109.15632212813352,2386.53564453125,43.0,6.154346466064453,6.0,3.0,0.642264309887422,11.899397850036621,40.0,"{""type"":""Point"",""coordinates"":[109.15488449387315,19.30265620107592]}"
553,0.0,25.0,142.0,12.336256980895996,135.0,19.344634917849653,109.0305579883568,2089.597900390625,54.0,0.9256964921951294,3.0,3.0,0.6443308412908265,13.811923027038574,40.0,"{""type"":""Point"",""coordinates"":[109.03058636300528,19.34546977792779]}"
554,0.0,39.0,63.0,6.1183695793151855,64.0,19.843199900535986,109.5964966173521,1778.168212890625,37.0,0.3501060903072357,5.0,4.0,0.7053788775708464,14.832210540771484,33.0,"{""type"":""Point"",""coordinates"":[109.59768176901882,19.84139328014061]}"
555,0.0,28.0,60.0,12.894858360290527,60.0,18.513693280039092,109.88844908469093,2131.235595703125,45.0,0.8773276805877686,5.0,1.0,0.6756617856196635,13.915275573730469,45.0,"{""type"":""Point"",""coordinates"":[109.8886892700407,18.51231538741588]}"
556,0.0,29.0,35.0,9.602752685546875,35.0,19.79828413633001,110.55769397135998,2197.389404296875,39.0,0.38151225447654724,5.0,4.0,0.7465777095706634,14.328325271606445,37.0,"{""type"":""Point"",""coordinates"":[110.55570723026027,19.797593846767136]}"
557,0.0,22.0,172.0,31.699901580810547,172.0,18.37445441100057,109.42581671336939,2017.27685546875,56.0,4.86009407043457,3.0,1.0,0.6195526782510533,12.132532119750977,41.0,"{""type"":""Point"",""coordinates"":[109.42790463951808,18.373264829107228]}"
558,0.0,25.0,145.0,18.98069953918457,70.0,19.55573900961774,109.70878602786706,2443.47509765625,53.0,1.2304011583328247,3.0,3.0,0.7237610218566501,13.525442123413086,34.0,"{""type"":""Point"",""coordinates"":[109.7082724474847,19.554694021151544]}"
559,0.0,28.0,83.0,18.91676902770996,76.0,19.6365873851885,110.59811815914537,2339.02685546875,49.0,1.7926840782165527,5.0,3.0,0.7279147537472166,12.736562728881836,31.0,"{""type"":""Point"",""coordinates"":[110.59590275069388,19.63584960589368]}"
560,0.0,30.0,919.0,52.475433349609375,811.0,18.82361205306033,109.69980287502585,2239.0673828125,45.0,16.6400146484375,5.0,2.0,0.5326885911801463,10.235353469848633,46.0,"{""type"":""Point"",""coordinates"":[109.69841284667758,18.82307621390786]}"
561,0.0,26.0,21.0,5.867197036743164,18.0,19.838708324115387,110.78676436881045,1892.162109375,52.0,0.18293605744838715,4.0,4.0,0.725847080355198,14.44468879699707,42.0,"{""type"":""Point"",""coordinates"":[110.78834875985763,19.838673786051693]}"
562,0.0,28.0,307.0,35.962646484375,307.0,18.450811210150732,109.19674631591892,1858.4268798828125,45.0,8.138998031616211,5.0,1.0,0.5805186040650238,11.5232515335083,44.0,"{""type"":""Point"",""coordinates"":[109.19721878539087,18.45267717976866]}"
563,0.0,26.0,635.0,45.410614013671875,592.0,18.76522155959256,109.67734499292288,2296.720947265625,48.0,8.147250175476074,4.0,1.0,0.5755773277750381,11.264761924743652,46.0,"{""type"":""Point"",""coordinates"":[109.6757591149418,18.766138432098142]}"
564,0.0,26.0,236.0,41.055843353271484,155.0,18.85056151158392,110.0007384952059,2241.36767578125,48.0,5.6006083488464355,4.0,2.0,0.6040458283444833,11.948575019836426,46.0,"{""type"":""Point"",""coordinates"":[109.99925740118583,18.848554996756086]}"
565,0.0,25.0,323.0,51.305030822753906,269.0,18.949376192837065,109.04852429403917,2039.1141357421875,47.0,10.887300491333008,7.0,2.0,0.59530394864234,11.21580696105957,41.0,"{""type"":""Point"",""coordinates"":[109.05006239619655,18.951347955561083]}"
566,0.0,32.0,28.0,13.893438339233398,25.0,19.32666861216726,110.49032032505102,2500.8623046875,34.0,0.5158177018165588,5.0,3.0,0.7577909350939923,14.44586181640625,41.0,"{""type"":""Point"",""coordinates"":[110.4905081776872,19.324852844718396]}"
567,0.0,23.0,172.0,20.035804748535156,69.0,19.290736000802482,109.71776918070822,2433.579345703125,56.0,1.3770469427108765,3.0,3.0,0.7042202762329368,13.395858764648438,38.0,"{""type"":""Point"",""coordinates"":[109.71861020253277,19.29043735873941]}"
568,0.0,28.0,241.0,19.85997772216797,188.0,19.10208979113738,109.99175534236468,2461.674072265625,47.0,1.3338992595672607,4.0,2.0,0.6414704998726338,13.383051872253418,44.0,"{""type"":""Point"",""coordinates"":[109.9918631416944,19.101883515292176]}"
569,0.0,27.0,40.0,15.538717269897461,32.0,19.043699297669612,110.3241319974889,2411.55615234375,45.0,0.7966423034667969,4.0,2.0,0.7419599451773392,14.023514747619629,41.0,"{""type"":""Point"",""coordinates"":[110.32260333563052,19.04556990569145]}"
570,0.0,29.0,182.0,19.87684440612793,163.0,18.5092017036185,109.5964966173521,2274.271240234375,44.0,1.6577261686325073,4.0,1.0,0.6238521933517421,13.203916549682617,46.0,"{""type"":""Point"",""coordinates"":[109.59769852608822,18.507073729723135]}"
571,0.0,28.0,304.0,30.725854873657227,239.0,19.01225826272543,109.97378903668232,2314.163330078125,49.0,3.5013365745544434,4.0,2.0,0.6251541170432338,12.374360084533691,43.0,"{""type"":""Point"",""coordinates"":[109.97301044370329,19.010074300432745]}"
572,0.0,25.0,39.0,10.55022144317627,42.0,18.90446042863109,110.35108145601248,2169.59130859375,49.0,0.4884103238582611,4.0,2.0,0.6956218537341241,14.513388633728027,46.0,"{""type"":""Point"",""coordinates"":[110.35286873728724,18.90552452960968]}"
573,0.0,28.0,15.0,8.810080528259277,17.0,19.645570538029695,110.76430648670748,2156.0927734375,48.0,0.36507511138916016,5.0,3.0,0.765479849051471,14.365145683288574,37.0,"{""type"":""Point"",""coordinates"":[110.76382206933403,19.64352089487969]}"
574,0.0,36.0,584.0,72.92845916748047,479.0,18.940393039995868,109.98277218952347,2387.700927734375,37.0,16.90691566467285,4.0,2.0,0.5565976391086505,10.556509017944336,46.0,"{""type"":""Point"",""coordinates"":[109.9811791059455,18.94229167715151]}"
575,0.0,26.0,216.0,64.46036529541016,130.0,19.483873786888182,109.73573548639064,2574.9228515625,53.0,8.17212963104248,4.0,3.0,0.6587642144287943,11.580205917358398,36.0,"{""type"":""Point"",""coordinates"":[109.73456527259597,19.4824168639843]}"
576,0.0,39.0,116.0,19.980384826660156,105.0,19.600654773823713,110.24328362191818,2397.53515625,33.0,1.5126636028289795,4.0,3.0,0.6803147626618601,13.316339492797852,36.0,"{""type"":""Point"",""coordinates"":[110.2418228590038,19.598550821404956]}"
578,0.0,33.0,45.0,16.684938430786133,44.0,19.169463437446346,110.40947194948029,2458.581298828125,39.0,0.9180238246917725,4.0,2.0,0.7439996697319051,13.878750801086426,38.0,"{""type"":""Point"",""coordinates"":[110.40806940441112,19.171303477638702]}"
579,0.0,29.0,501.0,38.720726013183594,458.0,18.71132264254539,109.60997134661392,2317.573486328125,48.0,5.774980068206787,4.0,1.0,0.5791468880038985,11.725581169128418,49.0,"{""type"":""Point"",""coordinates"":[109.61015164289714,18.71200610068641]}"
580,0.0,23.0,32.0,10.006875991821289,32.0,18.90446042863109,108.71614763891495,1459.9063720703125,53.0,1.8182979822158813,3.0,2.0,0.6638981286656209,13.202654838562012,45.0,"{""type"":""Point"",""coordinates"":[108.71724223247638,18.90239722570763]}"
581,0.0,30.0,364.0,56.35454177856445,240.0,18.99429195704304,109.17878001023655,2123.965576171875,39.0,11.825631141662598,6.0,2.0,0.5982755578008194,11.101819038391113,40.0,"{""type"":""Point"",""coordinates"":[109.18042425679727,18.994717783400638]}"
582,0.0,22.0,94.0,27.99991798400879,67.0,19.60963792666491,109.91539854321451,2413.867919921875,52.0,2.2547414302825928,7.0,3.0,0.7268443606459712,12.950627326965332,34.0,"{""type"":""Point"",""coordinates"":[109.91553807960477,19.610193972930436]}"
583,0.0,28.0,226.0,68.81094360351562,223.0,18.819120476639732,110.28370780970351,2267.099853515625,48.0,12.964654922485352,2.0,1.0,0.5848638351002204,11.101716995239258,45.0,"{""type"":""Point"",""coordinates"":[110.28466980587986,18.8170888068323]}"
584,0.0,26.0,19.0,7.628613471984863,21.0,19.66802842013268,110.85862959154002,1919.7142333984375,51.0,0.5735798478126526,3.0,3.0,0.731130125712132,13.404918670654297,40.0,"{""type"":""Point"",""coordinates"":[110.85816043417132,19.666980164790104]}"
585,0.0,30.0,46.0,5.578794002532959,47.0,19.8252335948536,109.63242922871689,1854.223876953125,41.0,0.08371345698833466,5.0,4.0,0.7263451685224654,16.273073196411133,34.0,"{""type"":""Point"",""coordinates"":[109.63159566701994,19.827293259408467]}"
586,0.0,29.0,13.0,8.732452392578125,13.0,19.977947193153916,110.34658987959187,2181.118408203125,42.0,0.3495248854160309,2.0,4.0,0.7605370668873843,13.97005844116211,39.0,"{""type"":""Point"",""coordinates"":[110.34435474082383,19.977639942072592]}"
587,0.0,32.0,874.0,15.228546142578125,718.0,18.953867769257663,109.26861153864849,2088.59326171875,39.0,1.89212965965271,6.0,2.0,0.5804990965796242,12.490391731262207,44.0,"{""type"":""Point"",""coordinates"":[109.26656715580972,18.95596051359261]}"
588,0.0,31.0,63.0,11.322093963623047,60.0,19.60514635024431,110.61608446482774,2285.096435546875,41.0,0.5863634347915649,5.0,3.0,0.7482643483520773,13.873005867004395,31.0,"{""type"":""Point"",""coordinates"":[110.615236161235,19.603681941614454]}"
589,0.0,32.0,44.0,6.990898609161377,45.0,18.549625891403878,108.88682754289766,1635.392333984375,42.0,0.6757490634918213,3.0,1.0,0.6585922918508103,14.18577766418457,46.0,"{""type"":""Point"",""coordinates"":[108.88621058801215,18.55054647483856]}"
590,0.0,24.0,21.0,8.849173545837402,23.0,19.730910490021046,110.8900706264842,1918.8670654296875,53.0,1.037413239479065,6.0,3.0,0.7206489804961057,12.563947677612305,42.0,"{""type"":""Point"",""coordinates"":[110.88922233506031,19.730461292772308]}"
591,0.0,26.0,289.0,38.16262435913086,213.0,18.79666259453675,109.96929746026171,2335.8837890625,51.0,4.706923484802246,4.0,1.0,0.6183470071544068,12.0877685546875,44.0,"{""type"":""Point"",""coordinates"":[109.96925441577329,18.798366495057316]}"
592,0.0,26.0,577.0,40.49604034423828,554.0,18.71132264254539,109.97828061310292,2299.428955078125,49.0,6.408149242401123,4.0,1.0,0.5802664963272196,11.558083534240723,47.0,"{""type"":""Point"",""coordinates"":[109.97655912986573,18.71184660221437]}"
593,0.0,31.0,9.0,8.414556503295898,10.0,19.928539852527344,110.0007384952059,2354.27783203125,40.0,0.0837424173951149,4.0,4.0,0.7947923305065817,16.02600860595703,35.0,"{""type"":""Point"",""coordinates"":[110.00270185143243,19.927417966178478]}"
594,0.0,27.0,599.0,51.43544387817383,594.0,18.482252245094912,109.2371705037043,1933.0565185546875,50.0,17.333972930908203,5.0,1.0,0.540958643970153,10.517087936401367,44.0,"{""type"":""Point"",""coordinates"":[109.23898948752448,18.484461968038897]}"
595,0.0,23.0,108.0,12.380339622497559,72.0,19.57819689172073,109.5964966173521,2401.87890625,53.0,0.46958404779434204,4.0,3.0,0.7208966818325908,14.511585235595703,35.0,"{""type"":""Point"",""coordinates"":[109.59506345420866,19.577472358735996]}"
596,0.0,29.0,59.0,9.094012260437012,52.0,19.8252335948536,110.13099421140322,2307.186767578125,39.0,0.18292054533958435,6.0,4.0,0.752106884150693,15.20646858215332,33.0,"{""type"":""Point"",""coordinates"":[110.13261830035547,19.82571676994509]}"
597,0.0,24.0,22.0,5.762726783752441,22.0,19.88811566474196,110.9394779671108,1650.4893798828125,50.0,0.6193579435348511,2.0,4.0,0.6683314345454118,12.909778594970703,50.0,"{""type"":""Point"",""coordinates"":[110.94110124720736,19.889242502918194]}"
598,0.0,23.0,48.0,22.75226402282715,35.0,19.694977878656267,110.1624352463474,2435.576416015625,54.0,1.6377328634262085,2.0,3.0,0.778898698325997,13.25967788696289,31.0,"{""type"":""Point"",""coordinates"":[110.16050464235977,19.69521965618695]}"
599,0.0,30.0,445.0,61.8687744140625,417.0,19.277261271540688,109.15183055171292,2558.994873046875,48.0,9.304034233093262,7.0,2.0,0.6258707381335464,11.287009239196777,40.0,"{""type"":""Point"",""coordinates"":[109.14984812139733,19.276435855540583]}"
600,0.0,23.0,35.0,9.944010734558105,35.0,18.360979681738776,109.21471262160128,1818.0406494140625,58.0,0.9698202610015869,3.0,1.0,0.7068178637892102,13.829694747924805,40.0,"{""type"":""Point"",""coordinates"":[109.21627789434308,18.362384046768877]}"
601,0.0,28.0,288.0,12.863395690917969,183.0,18.84606993516332,109.94683957815869,2275.58984375,46.0,0.7272709608078003,4.0,2.0,0.6256907862613732,13.958142280578613,45.0,"{""type"":""Point"",""coordinates"":[109.94715380844391,18.844555631829486]}"
602,0.0,27.0,364.0,33.63128662109375,219.0,18.73378052464838,109.30454415001327,2104.474365234375,50.0,5.4491705894470215,4.0,1.0,0.5941626556156565,11.887946128845215,45.0,"{""type"":""Point"",""coordinates"":[109.30272513685956,18.733769801193905]}"
603,0.0,27.0,153.0,16.85991668701172,58.0,19.362601223532046,109.35844306706042,2479.98681640625,43.0,0.8588137626647949,4.0,3.0,0.7409838572201741,13.880074501037598,34.0,"{""type"":""Point"",""coordinates"":[109.3578189073257,19.360450322816092]}"
604,0.0,23.0,38.0,10.953128814697266,20.0,19.694977878656267,110.05014583583244,2439.843994140625,51.0,0.2597855031490326,3.0,3.0,0.7943222968542213,15.145289421081543,33.0,"{""type"":""Point"",""coordinates"":[110.05168663956081,19.697052551664356]}"
605,0.0,27.0,1055.0,47.01725769042969,936.0,18.82361205306033,109.61446292303447,2231.682861328125,48.0,16.5513916015625,7.0,2.0,0.5223064820934066,10.062756538391113,47.0,"{""type"":""Point"",""coordinates"":[109.6155152544289,18.825851190172845]}"
606,0.0,25.0,49.0,27.71173095703125,27.0,19.699469455076866,109.9558227309999,2425.486328125,49.0,2.2142510414123535,3.0,3.0,0.7675403801670009,12.995546340942383,35.0,"{""type"":""Point"",""coordinates"":[109.9537494974733,19.70111621822768]}"
607,0.0,33.0,143.0,16.718488693237305,97.0,19.60963792666491,109.81209228554076,2430.4580078125,40.0,0.997630774974823,4.0,3.0,0.694899143629058,13.736451148986816,34.0,"{""type"":""Point"",""coordinates"":[109.81359592113024,19.607414158974855]}"
608,0.0,31.0,1080.0,26.533842086791992,939.0,18.922426734313476,109.19674631591892,2127.0185546875,41.0,6.707653522491455,7.0,2.0,0.5520488066226205,10.953238487243652,45.0,"{""type"":""Point"",""coordinates"":[109.19822749515778,18.922247696016385]}"
609,0.0,27.0,51.0,8.667105674743652,51.0,19.919556699686147,110.3241319974889,2218.89111328125,47.0,0.2506888508796692,2.0,4.0,0.7185593743948905,14.707891464233398,39.0,"{""type"":""Point"",""coordinates"":[110.32333721908999,19.921706818665122]}"
610,0.0,25.0,194.0,10.255834579467773,109.0,19.245820236596508,109.88844908469093,2448.983642578125,53.0,0.22943836450576782,4.0,2.0,0.675116358759398,15.17408561706543,38.0,"{""type"":""Point"",""coordinates"":[109.88783521082392,19.245441727774125]}"
611,0.0,22.0,148.0,12.207086563110352,72.0,19.546755856776542,109.73573548639064,2442.90283203125,54.0,0.4060998857021332,4.0,3.0,0.7167106918970716,14.632206916809082,36.0,"{""type"":""Point"",""coordinates"":[109.73681942700112,19.545639534983223]}"
612,0.0,27.0,14.0,5.392117977142334,15.0,20.07676187440706,110.66100022903373,1739.705322265625,47.0,0.29361197352409363,2.0,4.0,0.7096635317551345,13.672123908996582,44.0,"{""type"":""Point"",""coordinates"":[110.65993095442522,20.074696485496997]}"
613,0.0,24.0,96.0,14.199311256408691,64.0,19.18742974312874,110.09506160003843,2447.77880859375,51.0,0.6180532574653625,4.0,2.0,0.7103666197097298,14.24411392211914,40.0,"{""type"":""Point"",""coordinates"":[110.09397207781377,19.187497849423842]}"
614,0.0,22.0,10.0,4.795853614807129,6.0,19.254803389437704,108.83742020227112,1699.705322265625,52.0,0.06075863167643547,2.0,2.0,0.7270376450722763,16.61444664001465,42.0,"{""type"":""Point"",""coordinates"":[108.83914745741876,19.255240763588592]}"
615,0.0,29.0,300.0,38.08572006225586,298.0,18.760729983171963,108.79699601448573,1652.8431396484375,48.0,13.226994514465332,6.0,1.0,0.5515219025587601,11.03126049041748,45.0,"{""type"":""Point"",""coordinates"":[108.79888333858719,18.761423754988428]}"
616,0.0,29.0,225.0,22.3406925201416,120.0,19.138022402502166,109.88395750827033,2304.437744140625,40.0,1.900922417640686,4.0,2.0,0.6352453300005837,13.039166450500488,43.0,"{""type"":""Point"",""coordinates"":[109.88348309794445,19.138563795938484]}"
617,0.0,32.0,28.0,23.150535583496094,28.0,19.80277571275061,109.42581671336939,1767.964599609375,39.0,4.0779128074646,5.0,4.0,0.7294756890569097,12.395938873291016,34.0,"{""type"":""Point"",""coordinates"":[109.42392025517334,19.80327466769519]}"
618,0.0,27.0,310.0,67.84923553466797,227.0,19.26827811869949,109.83005859122318,2498.213623046875,51.0,10.271387100219727,4.0,2.0,0.6334012855864752,11.284442901611328,38.0,"{""type"":""Point"",""coordinates"":[109.82913225997282,19.268078379308598]}"
619,0.0,24.0,76.0,20.904407501220703,68.0,19.34912649427025,110.3645561852743,2526.060302734375,50.0,1.217043161392212,5.0,3.0,0.7097606614309753,13.578402519226074,40.0,"{""type"":""Point"",""coordinates"":[110.36253390128702,19.34832925946615]}"
620,0.0,23.0,43.0,12.903607368469238,31.0,19.079631909034397,110.26574150402115,2390.638427734375,49.0,0.49890854954719543,4.0,2.0,0.725137592777758,14.48978328704834,45.0,"{""type"":""Point"",""coordinates"":[110.26368445834652,19.079636545309608]}"
621,0.0,22.0,19.0,11.725749969482422,19.0,19.703961031497464,109.32700203211624,1902.32470703125,53.0,1.0277982950210571,2.0,3.0,0.7606172861625482,13.780895233154297,33.0,"{""type"":""Point"",""coordinates"":[109.32864034456206,19.705291648751803]}"
622,0.0,29.0,255.0,56.39345169067383,150.0,18.949376192837065,109.93336484889693,2276.47412109375,44.0,9.212865829467773,5.0,2.0,0.5934532728502961,11.432758331298828,46.0,"{""type"":""Point"",""coordinates"":[109.93130910711743,18.948611637658466]}"
623,0.0,25.0,45.0,16.49138832092285,43.0,19.007766686304834,110.3735393381155,2415.82666015625,47.0,0.8785154223442078,5.0,2.0,0.7389084571631135,13.922748565673828,39.0,"{""type"":""Point"",""coordinates"":[110.37283083537605,19.009868070117168]}"
624,0.0,24.0,26.0,3.5350894927978516,26.0,19.039207721249014,108.68021502755016,1227.0540771484375,54.0,0.4026876986026764,2.0,2.0,0.6651987779541759,14.713951110839844,44.0,"{""type"":""Point"",""coordinates"":[108.68168689512285,19.039624162292572]}"
625,0.0,25.0,29.0,11.224740028381348,31.0,19.0706487561932,110.42743825516266,2344.2353515625,48.0,0.3804243505001068,3.0,2.0,0.7497289687230274,14.769087791442871,39.0,"{""type"":""Point"",""coordinates"":[110.42683599165503,19.072420399616153]}"
626,0.0,30.0,106.0,29.215110778808594,51.0,19.41200856415862,109.93336484889693,2506.492919921875,38.0,2.217135429382324,3.0,3.0,0.7286810556114355,12.960200309753418,38.0,"{""type"":""Point"",""coordinates"":[109.93526235203566,19.414025135343664]}"
627,0.0,31.0,34.0,10.218988418579102,34.0,19.88811566474196,110.46337086652744,2167.918212890625,41.0,0.6327850818634033,6.0,4.0,0.7370258238223067,13.57458782196045,39.0,"{""type"":""Point"",""coordinates"":[110.46137584568567,19.88914503224463]}"
628,0.0,25.0,25.0,13.13410472869873,26.0,19.501840092570568,110.76879806312809,2154.845947265625,48.0,1.0215113162994385,6.0,3.0,0.7573890555107675,13.352291107177734,36.0,"{""type"":""Point"",""coordinates"":[110.77096177473209,19.502804760197055]}"
629,0.0,23.0,173.0,9.552835464477539,44.0,18.702339489704194,109.13386424603056,1955.2479248046875,56.0,0.6685672402381897,3.0,1.0,0.679821915883204,14.117932319641113,44.0,"{""type"":""Point"",""coordinates"":[109.13599231172014,18.700686600666174]}"
630,0.0,24.0,223.0,29.460128784179688,83.0,18.697847913283596,109.26861153864849,2048.8427734375,55.0,4.3866472244262695,4.0,1.0,0.6263160733493817,12.202659606933594,44.0,"{""type"":""Point"",""coordinates"":[109.26795965066523,18.696092505722937]}"
631,0.0,24.0,24.0,10.214608192443848,27.0,18.949376192837065,110.43642140800387,2133.727294921875,48.0,0.4633064866065979,3.0,2.0,0.732618672031387,14.555594444274902,41.0,"{""type"":""Point"",""coordinates"":[110.43624171245128,18.949612872964163]}"
632,0.0,24.0,88.0,14.697182655334473,44.0,19.6320958087679,109.6414123815581,2323.588623046875,54.0,0.863205075263977,3.0,3.0,0.7506265773369598,13.91481876373291,34.0,"{""type"":""Point"",""coordinates"":[109.64181991866755,19.63322663511623]}"
633,0.0,34.0,566.0,52.92422103881836,393.0,19.007766686304834,109.31801887927503,2216.093994140625,37.0,11.603145599365234,4.0,2.0,0.5824346303930878,10.96407413482666,42.0,"{""type"":""Point"",""coordinates"":[109.31932854791964,19.00690572407798]}"
634,0.0,23.0,9.0,3.572314500808716,9.0,19.039207721249014,108.64428241618543,1117.1248779296875,54.0,0.6299464702606201,2.0,2.0,0.6733374465980213,14.27625560760498,45.0,"{""type"":""Point"",""coordinates"":[108.6425691441996,19.03731725856359]}"
635,0.0,26.0,119.0,19.120258331298828,105.0,19.120056096819773,108.94970961278602,1907.9285888671875,47.0,2.4696853160858154,4.0,2.0,0.6299572989281814,12.84427547454834,40.0,"{""type"":""Point"",""coordinates"":[108.95045515069387,19.117825461334355]}"
636,0.0,28.0,32.0,5.609471321105957,33.0,19.874640935480173,109.65039553439925,1785.67431640625,40.0,0.1299256831407547,3.0,4.0,0.7369310579088295,15.841682434082031,34.0,"{""type"":""Point"",""coordinates"":[109.65140260985007,19.873171983499947]}"
637,0.0,25.0,39.0,25.760021209716797,39.0,18.401403869524152,109.14733897529231,1817.20556640625,55.0,4.657138347625732,2.0,1.0,0.679826171075386,12.256206512451172,42.0,"{""type"":""Point"",""coordinates"":[109.14717860580994,18.402580467474568]}"
638,0.0,22.0,126.0,18.17259407043457,109.0,19.29522757722308,109.03504956477741,2158.419921875,57.0,1.6409265995025635,4.0,3.0,0.6472445442385989,13.24915599822998,40.0,"{""type"":""Point"",""coordinates"":[109.03487704672189,19.294572163201558]}"
639,0.0,31.0,104.0,14.686741828918457,102.0,19.52429797467356,110.60710131198658,2296.9658203125,43.0,1.1492308378219604,4.0,3.0,0.6769212501191968,13.161441802978516,36.0,"{""type"":""Point"",""coordinates"":[110.60908821112835,19.525213373913882]}"
640,0.0,25.0,15.0,6.62720251083374,14.0,19.77582625422702,110.81820540375463,1885.602294921875,51.0,0.3441552519798279,5.0,4.0,0.7215418651384561,13.921751022338867,44.0,"{""type"":""Point"",""coordinates"":[110.81755588286353,19.77452202523874]}"
641,0.0,23.0,10.0,6.944990158081055,11.0,19.96896404031272,110.6834581111367,1854.5777587890625,52.0,0.5610964298248291,6.0,4.0,0.7145143153947741,13.035665512084961,46.0,"{""type"":""Point"",""coordinates"":[110.68507183078682,19.967803259709246]}"
642,0.0,25.0,19.0,6.76818323135376,16.0,19.789300983488815,110.81371382733403,1885.602294921875,50.0,0.3702249228954315,5.0,4.0,0.7278659196622752,13.842724800109863,42.0,"{""type"":""Point"",""coordinates"":[110.81392387409768,19.789865222097493]}"
643,0.0,25.0,113.0,49.92604064941406,113.0,18.49123539793611,109.87497435542917,2007.1123046875,54.0,10.270607948303223,3.0,1.0,0.5918243394703179,11.412575721740723,44.0,"{""type"":""Point"",""coordinates"":[109.87450117026464,18.491378313004283]}"
644,0.0,22.0,69.0,26.590229034423828,69.0,18.365471258159374,109.36293464348103,1951.2088623046875,56.0,3.865938663482666,3.0,1.0,0.6687559588080302,12.425421714782715,39.0,"{""type"":""Point"",""coordinates"":[109.3638125447629,18.363241211189813]}"
645,0.0,28.0,368.0,39.33765411376953,223.0,18.76971313601316,109.30454415001327,2050.3203125,50.0,7.8045196533203125,4.0,1.0,0.5790446890064442,11.52263069152832,46.0,"{""type"":""Point"",""coordinates"":[109.30403398730657,18.770793300588977]}"
646,0.0,19.0,51.0,8.040546417236328,49.0,19.084123485454995,108.78801286164452,1544.436279296875,60.0,1.0407884120941162,3.0,2.0,0.6691888170674272,13.74969482421875,41.0,"{""type"":""Point"",""coordinates"":[108.78987990316297,19.084661624538658]}"
647,0.0,29.0,18.0,14.353589057922363,18.0,18.23521554196204,109.52912297104314,1715.431884765625,43.0,2.073420524597168,4.0,0.0,0.7174581567291793,13.079361915588379,40.0,"{""type"":""Point"",""coordinates"":[109.52696345274175,18.234937603021415]}"
648,0.0,26.0,35.0,17.942363739013672,35.0,19.614129503085508,109.35844306706042,2237.53662109375,48.0,1.3713445663452148,2.0,3.0,0.7469808883701409,13.483162879943848,36.0,"{""type"":""Point"",""coordinates"":[109.3600678107888,19.61536536486375]}"
649,0.0,27.0,675.0,20.111295700073242,654.0,18.68437318402181,108.88233596647706,1671.6162109375,49.0,5.602461338043213,6.0,1.0,0.5479084612729832,11.606346130371094,46.0,"{""type"":""Point"",""coordinates"":[108.88053506457655,18.683082124397398]}"
650,0.0,28.0,47.0,14.899580001831055,48.0,19.52429797467356,110.6789665347161,2309.38818359375,44.0,1.0639945268630981,5.0,3.0,0.7443327150366437,13.291732788085938,35.0,"{""type"":""Point"",""coordinates"":[110.68009233199302,19.525115958096187]}"
651,0.0,28.0,498.0,31.131938934326172,495.0,18.670898454760014,108.83292862585051,1698.3560791015625,48.0,9.907102584838867,4.0,1.0,0.5503701876059055,11.181617736816406,45.0,"{""type"":""Point"",""coordinates"":[108.83271811174282,18.669503737529386]}"
652,0.0,27.0,765.0,40.525543212890625,532.0,18.926918310734074,109.67285341650228,2255.438720703125,46.0,7.979576110839844,5.0,2.0,0.5805780020312645,11.162101745605469,43.0,"{""type"":""Point"",""coordinates"":[109.67414923909355,18.926108230576418]}"
653,0.0,22.0,130.0,16.713899612426758,75.0,19.470399057626388,109.83005859122318,2577.564208984375,54.0,0.7300291061401367,3.0,3.0,0.7202588260418353,14.056843757629395,36.0,"{""type"":""Point"",""coordinates"":[109.83210500923404,19.4701238981163]}"
654,0.0,29.0,58.0,10.331436157226562,47.0,19.793792559909413,110.12650263498261,2408.277099609375,40.0,0.2505006194114685,4.0,4.0,0.7664854225173967,14.892834663391113,32.0,"{""type"":""Point"",""coordinates"":[110.12766643646313,19.792359770994413]}"
655,0.0,40.0,534.0,34.70893096923828,491.0,18.5092017036185,109.54259770030495,2114.751708984375,32.0,6.680537223815918,9.0,1.0,0.5847270395449279,11.552033424377441,45.0,"{""type"":""Point"",""coordinates"":[109.54407626317004,18.509697643688117]}"
656,0.0,28.0,243.0,40.46875762939453,234.0,19.250311813017106,110.28370780970351,2575.142822265625,51.0,4.004146575927734,4.0,2.0,0.6594005757851935,12.281054496765137,39.0,"{""type"":""Point"",""coordinates"":[110.283401169125,19.24944142191887]}"
657,0.0,20.0,102.0,19.863889694213867,86.0,19.290736000802482,109.00810010625383,2158.419921875,61.0,1.9089604616165161,3.0,3.0,0.6625031855038777,13.11241340637207,40.0,"{""type"":""Point"",""coordinates"":[109.00707237370042,19.28938817194448]}"
658,0.0,26.0,28.0,12.982893943786621,29.0,19.223362354493517,110.5307445128364,2365.661376953125,48.0,0.5767872333526611,3.0,2.0,0.7524599732560594,14.334135055541992,39.0,"{""type"":""Point"",""coordinates"":[110.52962008220403,19.223522665876125]}"
659,0.0,25.0,145.0,25.707983016967773,40.0,18.895477275789894,110.0007384952059,2241.36767578125,51.0,2.5908496379852295,4.0,2.0,0.691616362501501,12.780268669128418,45.0,"{""type"":""Point"",""coordinates"":[110.00246619120294,18.896576270045813]}"
660,0.0,26.0,50.0,11.773516654968262,45.0,18.922426734313476,110.30167411538594,2227.659912109375,45.0,0.563515841960907,6.0,2.0,0.700662631683492,14.363899230957031,45.0,"{""type"":""Point"",""coordinates"":[110.30327463926541,18.92307999404724]}"
661,0.0,25.0,225.0,24.95718765258789,124.0,19.322177035746662,109.36742621990163,2543.485107421875,55.0,1.8574784994125366,5.0,3.0,0.6769345762527227,13.062301635742188,37.0,"{""type"":""Point"",""coordinates"":[109.36873848465906,19.32019663049771]}"
662,0.0,27.0,548.0,48.36912536621094,343.0,19.034716144828415,109.56954715882853,2398.9931640625,47.0,7.461103439331055,6.0,2.0,0.6120012405881883,11.428838729858398,41.0,"{""type"":""Point"",""coordinates"":[109.56934603243542,19.034182195890466]}"
663,0.0,29.0,349.0,37.06040954589844,171.0,19.15598870818455,109.53361454746374,2394.40869140625,39.0,4.072875022888184,4.0,2.0,0.6556219860912925,12.191144943237305,36.0,"{""type"":""Point"",""coordinates"":[109.53503002843968,19.155494147850145]}"
664,0.0,31.0,23.0,8.34652042388916,24.0,19.838708324115387,109.26411996222788,1649.26708984375,38.0,0.8910039067268372,3.0,4.0,0.7410234215849901,13.921436309814453,33.0,"{""type"":""Point"",""coordinates"":[109.26556563797509,19.83807232594628]}"
665,0.0,25.0,54.0,15.524957656860352,43.0,18.56759219708627,109.69081972218464,2290.20751953125,43.0,0.9078224301338196,4.0,1.0,0.7033336322966796,13.884641647338867,45.0,"{""type"":""Point"",""coordinates"":[109.6898986827925,18.56809034353395]}"
666,0.0,27.0,322.0,21.601478576660156,319.0,18.513693280039092,109.03954114119801,1844.8031005859375,51.0,3.8349828720092773,4.0,1.0,0.5784962038538718,12.27058219909668,47.0,"{""type"":""Point"",""coordinates"":[109.04110452251584,18.51576325755096]}"
667,0.0,26.0,126.0,12.441935539245605,67.0,19.232345507334713,110.03217953015007,2548.869140625,45.0,0.3246898055076599,3.0,2.0,0.7162401596884957,14.8695650100708,39.0,"{""type"":""Point"",""coordinates"":[110.0307747265539,19.231731189044396]}"
668,0.0,23.0,154.0,38.47526931762695,89.0,19.33116018858786,110.20285943413279,2583.78125,52.0,3.2093498706817627,4.0,3.0,0.684499767750276,12.560205459594727,38.0,"{""type"":""Point"",""coordinates"":[110.20376420817573,19.330927982564305]}"
669,0.0,29.0,6.0,8.7108154296875,8.0,19.60514635024431,110.89456220290481,1920.755859375,41.0,0.7982341051101685,5.0,3.0,0.742683183326335,13.093771934509277,41.0,"{""type"":""Point"",""coordinates"":[110.89294859817132,19.604451371765286]}"
670,0.0,26.0,690.0,20.325820922851562,614.0,18.751746830330767,108.93174330710366,1790.397216796875,49.0,4.568141937255859,6.0,1.0,0.5568208984484789,11.797492980957031,46.0,"{""type"":""Point"",""coordinates"":[108.93342227243046,18.750520043907496]}"
671,0.0,25.0,87.0,15.192496299743652,81.0,19.51980639825296,109.2371705037043,2163.45751953125,50.0,1.148074746131897,3.0,3.0,0.6899902156194555,13.630171775817871,36.0,"{""type"":""Point"",""coordinates"":[109.23772391709171,19.5210936083596]}"
672,0.0,25.0,107.0,16.120929718017578,73.0,19.200904472390526,110.09057002361783,2531.090576171875,51.0,0.7488600015640259,4.0,2.0,0.7040802959322487,14.045454025268555,40.0,"{""type"":""Point"",""coordinates"":[110.0909228647455,19.203008471864603]}"
673,0.0,27.0,599.0,51.43544387817383,594.0,18.482252245094912,109.2371705037043,1933.0565185546875,50.0,17.333972930908203,5.0,1.0,0.540958643970153,10.517087936401367,44.0,"{""type"":""Point"",""coordinates"":[109.2391710756128,18.480587555714763]}"
675,0.0,23.0,16.0,6.456735134124756,19.0,18.51818485645969,108.82843704942991,1524.37890625,49.0,0.648430347442627,2.0,1.0,0.6995800878823888,14.243309020996094,42.0,"{""type"":""Point"",""coordinates"":[108.8270703911379,18.519083537841627]}"
676,0.0,32.0,70.0,7.261550426483154,69.0,19.793792559909413,109.67285341650228,2114.7578125,40.0,0.1299111247062683,3.0,4.0,0.7100876374590696,15.819454193115234,35.0,"{""type"":""Point"",""coordinates"":[109.67471035227891,19.794285336004865]}"
677,0.0,29.0,28.0,12.605886459350586,29.0,19.35361807069085,110.64752549977192,2206.82666015625,49.0,0.8936489224433899,5.0,3.0,0.7478826888819705,13.63942813873291,38.0,"{""type"":""Point"",""coordinates"":[110.64775492845976,19.353837728698135]}"
678,0.0,22.0,129.0,19.483417510986328,107.0,19.209887625231723,109.08445690540395,2242.354248046875,49.0,1.5117418766021729,3.0,2.0,0.6559718739649176,13.32934856414795,39.0,"{""type"":""Point"",""coordinates"":[109.08607619544438,19.20919360558915]}"
679,0.0,28.0,544.0,64.85223388671875,500.0,18.608016384871647,109.37191779632224,2106.338623046875,49.0,19.000673294067383,5.0,1.0,0.5390644192975892,10.46543025970459,46.0,"{""type"":""Point"",""coordinates"":[109.37272616526855,18.608132137521928]}"
680,0.0,29.0,14.0,15.01935863494873,14.0,19.317685459326064,110.65650865261313,2132.62890625,38.0,1.308423399925232,4.0,3.0,0.7585322356713171,13.20226001739502,38.0,"{""type"":""Point"",""coordinates"":[110.65662016616746,19.31617339072211]}"
681,0.0,29.0,226.0,12.65060043334961,123.0,19.456924328364593,109.69980287502585,2548.494140625,43.0,0.38099557161331177,4.0,3.0,0.6917106258828533,14.646169662475586,35.0,"{""type"":""Point"",""coordinates"":[109.70178321286751,19.458317884925616]}"
682,0.0,32.0,79.0,8.050969123840332,79.0,19.789300983488815,109.61895449945507,2029.538818359375,43.0,0.3500160872936249,5.0,4.0,0.702812019774888,14.822949409484863,33.0,"{""type"":""Point"",""coordinates"":[109.6175123726899,19.788086106929374]}"
683,0.0,26.0,278.0,31.602685928344727,154.0,18.74725525391017,108.99013380057141,1825.4014892578125,49.0,6.830465316772461,6.0,1.0,0.6029884730236252,11.7204008102417,40.0,"{""type"":""Point"",""coordinates"":[108.99117646641227,18.74858958627627]}"
684,0.0,24.0,184.0,21.22543716430664,78.0,19.0751403326138,109.90641539037335,2314.9736328125,50.0,1.6959283351898193,3.0,2.0,0.667328692377581,13.179845809936523,42.0,"{""type"":""Point"",""coordinates"":[109.90618967557862,19.07606231580884]}"
685,0.0,21.0,129.0,15.250645637512207,55.0,19.560230586038337,109.69980287502585,2429.99658203125,56.0,0.7527174949645996,3.0,3.0,0.7425916954691448,14.026851654052734,34.0,"{""type"":""Point"",""coordinates"":[109.70067242590619,19.559745975327623]}"
686,0.0,29.0,218.0,49.67124938964844,215.0,18.855053088004517,110.27921623328291,2323.929443359375,48.0,7.211557865142822,3.0,2.0,0.6036204036680055,11.705460548400879,46.0,"{""type"":""Point"",""coordinates"":[110.28063816529999,18.856308300502473]}"
687,0.0,26.0,729.0,34.96467971801758,671.0,18.805645747377937,109.7492102156524,2252.894775390625,46.0,5.818195819854736,5.0,1.0,0.584771236248627,11.516871452331543,44.0,"{""type"":""Point"",""coordinates"":[109.75102061762165,18.80693588109704]}"
688,0.0,28.0,305.0,32.697505950927734,305.0,18.43284490446834,109.13835582245116,1817.20556640625,47.0,7.574394226074219,5.0,1.0,0.5891060973047436,11.597436904907227,42.0,"{""type"":""Point"",""coordinates"":[109.1369038329943,18.4337093094629]}"
689,0.0,26.0,182.0,38.038021087646484,182.0,18.343013376056383,109.24615365654546,1747.5384521484375,53.0,10.35573673248291,5.0,0.0,0.5976772892383332,11.361129760742188,39.0,"{""type"":""Point"",""coordinates"":[109.24710747043127,18.342937969624142]}"
690,0.0,24.0,47.0,13.489118576049805,40.0,19.650062114450293,109.46174932473417,2149.899658203125,53.0,0.935687780380249,3.0,3.0,0.751414278474511,13.858516693115234,33.0,"{""type"":""Point"",""coordinates"":[109.46249471901864,19.649410535481003]}"
691,0.0,24.0,20.0,6.910807132720947,21.0,19.924048276106745,110.75532333386627,1868.8828125,53.0,0.570999264717102,5.0,4.0,0.6895780174836627,12.995645523071289,49.0,"{""type"":""Point"",""coordinates"":[110.75347283330261,19.924401488240303]}"
692,0.0,32.0,80.0,21.405542373657227,81.0,19.928539852527344,110.08607844719722,2344.78759765625,37.0,1.9123278856277466,3.0,4.0,0.7027922563249801,12.842572212219238,35.0,"{""type"":""Point"",""coordinates"":[110.0864355926631,19.928026862125776]}"
693,0.0,24.0,231.0,23.66396141052246,110.0,19.0751403326138,109.843533320485,2307.081787109375,52.0,2.135035753250122,4.0,2.0,0.6386105028300171,12.918989181518555,42.0,"{""type"":""Point"",""coordinates"":[109.84206596189274,19.076626786849364]}"
694,0.0,28.0,335.0,19.531099319458008,226.0,19.21887077807292,109.25064523296606,2431.2763671875,49.0,1.4276142120361328,4.0,2.0,0.6647444364202322,13.250897407531738,37.0,"{""type"":""Point"",""coordinates"":[109.25197657879806,19.219843700265894]}"
695,0.0,27.0,686.0,53.138282775878906,473.0,18.868527817266305,109.60997134661392,2269.93896484375,49.0,12.085458755493164,4.0,2.0,0.5682236227390918,10.81549072265625,44.0,"{""type"":""Point"",""coordinates"":[109.61120147461033,18.86750545557839]}"
696,0.0,30.0,447.0,82.24250030517578,331.0,19.196412895969935,109.24166208012491,2485.12939453125,45.0,15.817944526672363,8.0,2.0,0.6102060822108046,10.737757682800293,38.0,"{""type"":""Point"",""coordinates"":[109.24114005802289,19.196629956096096]}"
697,0.0,28.0,415.0,38.221561431884766,399.0,19.21887077807292,109.0260664119362,2254.831298828125,46.0,5.540176868438721,4.0,2.0,0.612384365686006,11.833846092224121,42.0,"{""type"":""Point"",""coordinates"":[109.02667052679091,19.218182249363448]}"
699,0.0,27.0,352.0,26.86275291442871,255.0,19.223362354493517,109.90641539037335,2466.73095703125,51.0,2.3984150886535645,4.0,2.0,0.661857315095991,12.719647407531738,37.0,"{""type"":""Point"",""coordinates"":[109.90705354860276,19.222060143831033]}"
700,0.0,27.0,360.0,10.678900718688965,301.0,19.147005555343355,109.96480588384111,2461.674072265625,46.0,0.2495552897453308,4.0,2.0,0.6477313415703168,14.977376937866211,42.0,"{""type"":""Point"",""coordinates"":[109.96470645112356,19.1454541588289]}"
701,0.0,27.0,208.0,25.364459991455078,208.0,18.43284490446834,109.0305579883568,1779.36962890625,45.0,4.864165782928467,4.0,1.0,0.6003389506121253,12.108642578125,42.0,"{""type"":""Point"",""coordinates"":[109.03253372619815,18.434041154700434]}"
702,0.0,27.0,296.0,58.48726272583008,177.0,19.29522757722308,109.44827459547236,2521.103271484375,51.0,7.7584452629089355,4.0,3.0,0.6439636630104706,11.579339981079102,38.0,"{""type"":""Point"",""coordinates"":[109.44736100329123,19.29744248766595]}"
703,0.0,29.0,462.0,37.340240478515625,436.0,18.751746830330767,110.07260371793546,2260.36083984375,45.0,5.503427028656006,4.0,1.0,0.5878888171414851,11.804756164550781,47.0,"{""type"":""Point"",""coordinates"":[110.0712815175664,18.75367972915205]}"
704,0.0,22.0,57.0,15.073202133178711,36.0,19.515314821832362,110.27921623328291,2360.239990234375,52.0,0.7845209240913391,4.0,3.0,0.7467651655931533,14.02886962890625,38.0,"{""type"":""Point"",""coordinates"":[110.27953229349369,19.515766760671188]}"
705,0.0,30.0,2.0,7.2453484535217285,3.0,20.000405075256907,110.1579436699268,1978.5032958984375,43.0,0.2932208776473999,4.0,4.0,0.7706599516290848,14.57339859008789,37.0,"{""type"":""Point"",""coordinates"":[110.15924064481523,20.001093066409428]}"
706,0.0,36.0,917.0,22.65928840637207,768.0,18.908952005051688,109.25064523296606,2035.63525390625,38.0,4.946491241455078,5.0,2.0,0.560197661490448,11.477076530456543,45.0,"{""type"":""Point"",""coordinates"":[109.25122442093382,18.910718124047268]}"
707,0.0,22.0,148.0,8.241059303283691,129.0,18.563100620665672,109.07996532898335,1872.3480224609375,57.0,0.5457351207733154,2.0,1.0,0.6005463441779697,14.33665943145752,47.0,"{""type"":""Point"",""coordinates"":[109.07923570419771,18.56509876349847]}"
708,0.0,22.0,59.0,15.070180892944336,59.0,19.838708324115387,110.06362056509425,2373.684326171875,53.0,0.877400279045105,4.0,4.0,0.7394651622519657,13.638482093811035,34.0,"{""type"":""Point"",""coordinates"":[110.06487936874139,19.838970040503074]}"
709,0.0,28.0,799.0,30.4370174407959,628.0,18.661915301918818,109.47073247757538,2057.635498046875,47.0,6.822732448577881,6.0,1.0,0.5632193232679744,11.28542423248291,45.0,"{""type"":""Point"",""coordinates"":[109.46958503007903,18.660637504469765]}"
710,0.0,25.0,44.0,13.76711368560791,44.0,18.554117467824476,109.93785642531753,2177.937744140625,46.0,0.8741124868392944,4.0,1.0,0.6919389949739094,13.928359031677246,46.0,"{""type"":""Point"",""coordinates"":[109.9377099064577,18.552069709790715]}"
711,0.0,26.0,128.0,15.193507194519043,128.0,19.362601223532046,108.85538650795348,1749.0107421875,55.0,2.4160566329956055,6.0,3.0,0.6131896169733165,12.860730171203613,42.0,"{""type"":""Point"",""coordinates"":[108.85458782859342,19.362425698421983]}"
712,0.0,31.0,142.0,13.01978588104248,111.0,19.33116018858786,110.24328362191818,2583.78125,37.0,0.3649963438510895,3.0,3.0,0.6894018594264121,14.742655754089355,37.0,"{""type"":""Point"",""coordinates"":[110.24546231819427,19.3313435166715]}"
713,0.0,28.0,940.0,35.70621109008789,786.0,18.724797371807185,109.35395149063982,2173.339599609375,48.0,9.193203926086426,8.0,1.0,0.5561153748759204,10.823214530944824,45.0,"{""type"":""Point"",""coordinates"":[109.35246847388704,18.723186804676413]}"
714,0.0,29.0,65.0,9.713878631591797,65.0,19.55573900961774,109.22369577444249,2113.005615234375,47.0,0.4903239905834198,3.0,3.0,0.7088532470729467,14.494183540344238,36.0,"{""type"":""Point"",""coordinates"":[109.22555430513515,19.55668405904054]}"
715,0.0,22.0,14.0,6.009073734283447,14.0,18.76522155959256,108.72063921533555,1563.54736328125,53.0,0.49354588985443115,2.0,1.0,0.6948254868479964,14.517416954040527,45.0,"{""type"":""Point"",""coordinates"":[108.71954581370233,18.76392902846981]}"
716,0.0,23.0,18.0,4.8554558753967285,20.0,19.708452607918062,110.96193584921377,1691.9498291015625,53.0,0.1720791757106781,2.0,3.0,0.6924436457732086,14.199654579162598,46.0,"{""type"":""Point"",""coordinates"":[110.96221636522299,19.70821731238836]}"
717,0.0,22.0,13.0,6.529740810394287,16.0,18.338521799635792,109.71327760428761,1824.7301025390625,52.0,0.2484264075756073,2.0,0.0,0.7270546911635404,15.204480171203613,41.0,"{""type"":""Point"",""coordinates"":[109.7115852859288,18.340035250891255]}"
718,0.0,20.0,75.0,18.554960250854492,59.0,19.277261271540688,109.01259168267438,2158.419921875,61.0,1.6904672384262085,2.0,2.0,0.6942594739275063,13.25027847290039,40.0,"{""type"":""Point"",""coordinates"":[109.01097173458811,19.27696962020085]}"
719,0.0,30.0,241.0,43.52028274536133,117.0,18.79666259453675,109.08894848182456,1993.2198486328125,40.0,8.61427116394043,4.0,1.0,0.6115417302799171,11.510343551635742,39.0,"{""type"":""Point"",""coordinates"":[109.08939093129666,18.79766029790295]}"
720,0.0,20.0,120.0,17.239965438842773,104.0,19.55124743319714,109.46624090115478,2399.52490234375,55.0,0.9805492162704468,4.0,3.0,0.6821135210837699,13.767918586730957,36.0,"{""type"":""Point"",""coordinates"":[109.46524407732292,19.552394616145424]}"
721,0.0,25.0,1095.0,33.262943267822266,1060.0,18.74725525391017,109.89743223753214,2126.425537109375,48.0,10.289437294006348,6.0,1.0,0.5311173782684864,10.496546745300293,47.0,"{""type"":""Point"",""coordinates"":[109.89956851241611,18.748606176788435]}"
722,0.0,34.0,610.0,55.60546112060547,458.0,18.980817227781245,109.20572946876013,2155.08837890625,37.0,14.334988594055176,7.0,2.0,0.5797227821201059,10.70746898651123,40.0,"{""type"":""Point"",""coordinates"":[109.20451767705096,18.98193387231693]}"
723,0.0,24.0,92.0,8.713038444519043,57.0,19.71294418433866,109.72226075712882,2260.42578125,51.0,0.1720791757106781,3.0,3.0,0.7439614609159189,15.525182723999023,32.0,"{""type"":""Point"",""coordinates"":[109.72023819781985,19.714586704176032]}"
724,0.0,28.0,495.0,42.26626205444336,315.0,18.886494122948697,109.50666508894017,2160.26513671875,47.0,7.963800430297852,5.0,2.0,0.5821329925259685,11.405920028686523,45.0,"{""type"":""Point"",""coordinates"":[109.50760366997703,18.88576034854594]}"
725,0.0,27.0,100.0,55.928524017333984,81.0,19.10208979113738,110.13997736424443,2475.162109375,51.0,6.795830726623535,4.0,2.0,0.6506164367542588,11.839539527893066,44.0,"{""type"":""Point"",""coordinates"":[110.13929509380682,19.1013356462142]}"
726,0.0,25.0,220.0,22.416711807250977,208.0,18.99429195704304,108.83292862585051,1675.0687255859375,54.0,5.047677516937256,4.0,2.0,0.5933618182652375,12.063621520996094,42.0,"{""type"":""Point"",""coordinates"":[108.83400456370818,18.992075762838695]}"
727,0.0,24.0,185.0,15.846320152282715,88.0,19.245820236596508,109.798617556279,2572.776123046875,55.0,0.7140254378318787,3.0,2.0,0.7023560678321766,14.044515609741211,36.0,"{""type"":""Point"",""coordinates"":[109.7970389129277,19.24497821326807]}"
728,0.0,26.0,10.0,5.289578914642334,10.0,18.37894598742117,109.16530528097474,1731.37109375,45.0,0.12966853380203247,2.0,1.0,0.7287124621633798,15.85637378692627,41.0,"{""type"":""Point"",""coordinates"":[109.16570754308057,18.379720657233825]}"
729,0.0,30.0,225.0,45.68590545654297,134.0,18.8820025465281,110.0097216480471,2241.36767578125,46.0,6.99349308013916,4.0,2.0,0.6047011610054661,11.731908798217773,45.0,"{""type"":""Point"",""coordinates"":[110.01188376863941,18.881018080770804]}"
730,0.0,32.0,427.0,78.32022857666016,242.0,19.10208979113738,109.51115666536077,2362.609375,39.0,16.244735717773438,6.0,2.0,0.5977695733767345,10.72490119934082,39.0,"{""type"":""Point"",""coordinates"":[109.51318099857042,19.10402162921838]}"
731,0.0,23.0,113.0,15.884297370910645,85.0,19.362601223532046,109.22369577444249,2347.648193359375,51.0,0.9183064699172974,4.0,3.0,0.7009094131376943,13.83779239654541,35.0,"{""type"":""Point"",""coordinates"":[109.22421621136417,19.361285024584543]}"
732,0.0,27.0,397.0,40.36954879760742,294.0,18.837086782322125,109.97378903668232,2263.56494140625,45.0,5.763225555419922,4.0,2.0,0.5996731769903798,11.807491302490234,45.0,"{""type"":""Point"",""coordinates"":[109.97480956224,18.838665409921038]}"
733,0.0,25.0,61.0,9.603955268859863,61.0,19.420991716999815,109.00360852983323,1984.40625,51.0,0.6018981337547302,2.0,3.0,0.6957256839412148,14.29151725769043,38.0,"{""type"":""Point"",""coordinates"":[109.00428824782948,19.421851438820962]}"
734,0.0,24.0,31.0,6.124477386474609,32.0,19.89260724116256,110.88108747364299,1758.84033203125,51.0,0.514360249042511,3.0,4.0,0.6687171514433752,13.074739456176758,49.0,"{""type"":""Point"",""coordinates"":[110.88231893037612,19.894013075066706]}"
735,0.0,31.0,171.0,16.825944900512695,54.0,18.720305795386587,109.03954114119801,1944.328857421875,41.0,2.003206491470337,4.0,1.0,0.6684337764491636,13.021468162536621,43.0,"{""type"":""Point"",""coordinates"":[109.0406695276683,18.722095808018906]}"
736,0.0,27.0,508.0,39.08784866333008,442.0,18.787679441695552,109.99624691878529,2335.8837890625,47.0,5.4616804122924805,5.0,1.0,0.5990555809909679,11.776107788085938,45.0,"{""type"":""Point"",""coordinates"":[109.99606728096686,18.789608594880622]}"
737,0.0,30.0,254.0,46.4991340637207,199.0,18.922426734313476,108.93623488352426,1859.2220458984375,42.0,12.062895774841309,5.0,2.0,0.5718092147022135,11.157633781433105,44.0,"{""type"":""Point"",""coordinates"":[108.93472989707166,18.92329228389785]}"
738,0.0,25.0,169.0,13.449006080627441,150.0,18.85056151158392,110.18489312845037,2240.729736328125,52.0,0.8340131640434265,3.0,2.0,0.62530572211968,13.899324417114258,46.0,"{""type"":""Point"",""coordinates"":[110.18628350933831,18.851500155999542]}"
739,0.0,29.0,15.0,9.60364818572998,16.0,19.928539852527344,110.53523608925701,2109.171630859375,41.0,0.6496504545211792,5.0,4.0,0.7494822563760732,13.286377906799316,40.0,"{""type"":""Point"",""coordinates"":[110.5340449533409,19.930624003191994]}"
740,0.0,24.0,178.0,30.783308029174805,142.0,19.506331668991166,109.51115666536077,2438.78955078125,54.0,2.7937662601470947,4.0,3.0,0.6779147506574208,12.684003829956055,35.0,"{""type"":""Point"",""coordinates"":[109.51019524989172,19.5054514840836]}"
741,0.0,21.0,131.0,11.26129150390625,113.0,19.510823245411764,109.42132513694878,2353.402587890625,54.0,0.3695984184741974,3.0,3.0,0.6806838201474077,14.736934661865234,36.0,"{""type"":""Point"",""coordinates"":[109.42177422684904,19.508929092541745]}"
742,0.0,24.0,167.0,12.26736068725586,116.0,19.434466446261602,109.36293464348103,2441.422119140625,56.0,0.47471970319747925,4.0,3.0,0.6974858572210499,14.464159965515137,33.0,"{""type"":""Point"",""coordinates"":[109.36296588410588,19.435520397650308]}"
743,0.0,27.0,33.0,7.757356643676758,33.0,19.115564520399175,108.72962236817676,1440.050048828125,47.0,1.2473143339157104,2.0,2.0,0.6760019127937736,13.5791597366333,42.0,"{""type"":""Point"",""coordinates"":[108.72975163212914,19.114797764382523]}"
744,0.0,30.0,509.0,37.92815399169922,468.0,18.62149111413344,109.2326789272837,2019.3427734375,49.0,8.80650520324707,4.0,1.0,0.5662679729214025,11.292685508728027,46.0,"{""type"":""Point"",""coordinates"":[109.23260515010602,18.61935529542855]}"
745,0.0,29.0,48.0,27.291532516479492,48.0,18.253181847644434,109.52912297104314,1847.343505859375,46.0,4.769093990325928,4.0,0.0,0.6853290292280028,12.227076530456543,39.0,"{""type"":""Point"",""coordinates"":[109.52806479049946,18.251268156694334]}"
746,0.0,39.0,99.0,8.591771125793457,98.0,19.79828413633001,109.81209228554076,2260.687744140625,37.0,0.25050732493400574,5.0,4.0,0.6859714250867476,15.14542007446289,35.0,"{""type"":""Point"",""coordinates"":[109.81136702501551,19.796711480430105]}"
747,0.0,31.0,240.0,29.72020721435547,116.0,18.76522155959256,109.06649059972159,1993.2198486328125,42.0,4.820664405822754,5.0,1.0,0.6070000352899414,12.096725463867188,43.0,"{""type"":""Point"",""coordinates"":[109.06557851514978,18.765023926666817]}"
748,0.0,27.0,52.0,9.660283088684082,49.0,19.80277571275061,110.28819938612412,2249.654541015625,43.0,0.3116392493247986,6.0,4.0,0.7563217244535183,14.679108619689941,32.0,"{""type"":""Point"",""coordinates"":[110.28754388153654,19.80491868072973]}"
749,0.0,28.0,29.0,9.90509033203125,30.0,19.852183053377182,110.51277820715399,2113.147705078125,45.0,0.5768122673034668,4.0,4.0,0.7326800597895498,13.894949913024902,40.0,"{""type"":""Point"",""coordinates"":[110.51448855895403,19.851943889094528]}"
750,0.0,29.0,113.0,22.22487449645996,113.0,19.753368372124037,109.43030828978999,1883.355224609375,46.0,3.3833706378936768,5.0,4.0,0.6666056057366203,12.532617568969727,31.0,"{""type"":""Point"",""coordinates"":[109.43153082537177,19.75255401869761]}"
751,0.0,24.0,20.0,10.88354778289795,23.0,18.873019393686903,110.3690477616949,2169.853515625,51.0,0.5302691459655762,4.0,2.0,0.713300123429862,14.44218635559082,47.0,"{""type"":""Point"",""coordinates"":[110.37023593146772,18.87136715524948]}"
752,0.0,28.0,716.0,42.06971740722656,568.0,18.724797371807185,109.33149360853685,2104.474365234375,50.0,10.846410751342773,9.0,1.0,0.5609362386264941,10.898054122924805,45.0,"{""type"":""Point"",""coordinates"":[109.33350012343547,18.722967702370685]}"
753,0.0,33.0,1173.0,41.69513702392578,935.0,18.908952005051688,109.71327760428761,2336.541748046875,39.0,14.516403198242188,12.0,2.0,0.544739696551199,10.015111923217773,44.0,"{""type"":""Point"",""coordinates"":[109.713301499258,18.9088345658752]}"
754,0.0,29.0,38.0,10.791071891784668,36.0,19.8252335948536,110.33760672675072,2224.071533203125,42.0,0.5172385573387146,5.0,4.0,0.7552181500204078,14.1832275390625,35.0,"{""type"":""Point"",""coordinates"":[110.33799485617273,19.823796944621776]}"
755,0.0,26.0,180.0,18.999998092651367,75.0,19.434466446261602,109.66836184008167,2545.591064453125,48.0,1.0402647256851196,3.0,3.0,0.7272580556579364,13.671330451965332,33.0,"{""type"":""Point"",""coordinates"":[109.66741918999136,19.43561691122577]}"
756,0.0,24.0,80.0,10.85599136352539,80.0,19.322177035746662,108.8733528136359,1831.2161865234375,57.0,1.1468051671981812,3.0,3.0,0.658658170705576,13.63547420501709,39.0,"{""type"":""Point"",""coordinates"":[108.87347341432806,19.32349805851161]}"
757,0.0,26.0,24.0,7.819184303283691,23.0,18.504710127197903,108.94521803636547,1692.563720703125,48.0,0.703772783279419,3.0,1.0,0.6875471418299477,14.156781196594238,46.0,"{""type"":""Point"",""coordinates"":[108.94353372783115,18.506324282670555]}"
758,0.0,24.0,26.0,7.008273601531982,21.0,19.259294965858295,108.85538650795348,1856.351806640625,50.0,0.30916616320610046,2.0,2.0,0.7223923108985704,14.978240966796875,41.0,"{""type"":""Point"",""coordinates"":[108.85450470866016,19.25904315282163]}"
759,0.0,28.0,570.0,25.914592742919922,569.0,18.392420716682963,109.56505558240792,2052.32177734375,48.0,4.322227478027344,5.0,1.0,0.596798768175155,11.960104942321777,42.0,"{""type"":""Point"",""coordinates"":[109.56366094193466,18.391527883163125]}"
760,0.0,27.0,704.0,31.238073348999023,528.0,18.675390031180612,109.47522405399599,2057.635498046875,49.0,6.531302452087402,5.0,1.0,0.5644399036923231,11.42449951171875,46.0,"{""type"":""Point"",""coordinates"":[109.47551622417465,18.674237143124607]}"
761,0.0,23.0,54.0,10.823813438415527,52.0,19.82972517127419,109.69980287502585,1916.9561767578125,51.0,0.8591322898864746,4.0,4.0,0.7203472329576478,13.939775466918945,34.0,"{""type"":""Point"",""coordinates"":[109.70137083388781,19.83103920448165]}"
762,0.0,26.0,120.0,35.09844207763672,96.0,19.290736000802482,110.21184258697394,2590.316162109375,45.0,2.6966607570648193,4.0,3.0,0.6812404522545132,12.755620956420898,38.0,"{""type"":""Point"",""coordinates"":[110.21345510237872,19.292116570194718]}"
763,0.0,31.0,376.0,39.3006477355957,193.0,19.066157179772603,109.70878602786706,2288.568359375,43.0,5.562921047210693,4.0,2.0,0.6210227917678485,11.858475685119629,41.0,"{""type"":""Point"",""coordinates"":[109.70759637428378,19.06432403155084]}"
764,0.0,30.0,180.0,15.87300968170166,51.0,18.82361205306033,109.1832715866571,2060.423828125,41.0,1.5020536184310913,4.0,2.0,0.6709381951196548,13.303853988647461,45.0,"{""type"":""Point"",""coordinates"":[109.18534138894506,18.824578188241915]}"
765,0.0,25.0,339.0,28.222688674926758,164.0,19.043699297669612,109.76268494491421,2359.838134765625,52.0,2.851954221725464,4.0,2.0,0.6324171805648674,12.555451393127441,42.0,"{""type"":""Point"",""coordinates"":[109.76125653407563,19.04346847619943]}"
766,0.0,28.0,109.0,17.70372200012207,60.0,19.46141590478519,110.0052300716265,2489.231201171875,46.0,0.9800123572349548,4.0,3.0,0.7326726801084273,13.77518367767334,36.0,"{""type"":""Point"",""coordinates"":[110.00440708683456,19.461650005699617]}"
767,0.0,23.0,35.0,7.462227821350098,37.0,19.726418913600448,110.89456220290481,1918.8670654296875,53.0,0.6120296716690063,3.0,3.0,0.7033655450032978,12.930793762207031,42.0,"{""type"":""Point"",""coordinates"":[110.89247000167352,19.725509661917503]}"
768,0.0,28.0,31.0,7.944518566131592,31.0,19.80277571275061,110.59362658272477,2149.127197265625,41.0,0.18255941569805145,6.0,4.0,0.7498904102059593,15.043584823608398,37.0,"{""type"":""Point"",""coordinates"":[110.59201765134497,19.80141978357123]}"
769,0.0,31.0,769.0,64.36888122558594,728.0,18.729288948227783,109.68183656934343,2442.33740234375,40.0,14.509906768798828,7.0,1.0,0.5497045231339486,10.544885635375977,48.0,"{""type"":""Point"",""coordinates"":[109.68154412055522,18.72899389220363]}"
770,0.0,24.0,57.0,43.03511047363281,60.0,18.20377450701786,109.58302188809029,1769.2059326171875,49.0,10.398520469665527,4.0,0.0,0.6447739963472843,11.43352222442627,40.0,"{""type"":""Point"",""coordinates"":[109.5817563396702,18.20211309532917]}"
771,0.0,23.0,27.0,5.813727855682373,30.0,18.527168009300887,108.83292862585051,1524.37890625,52.0,0.5197572708129883,2.0,1.0,0.6826950107665478,14.458160400390625,43.0,"{""type"":""Point"",""coordinates"":[108.83328403167387,18.527920103500385]}"
772,0.0,29.0,382.0,58.255836486816406,227.0,19.021241415566628,109.20123789233952,2316.926025390625,42.0,9.883952140808105,5.0,2.0,0.6171510413245969,11.272476196289062,39.0,"{""type"":""Point"",""coordinates"":[109.20107394631395,19.02088949697376]}"
773,0.0,27.0,514.0,47.54151153564453,344.0,18.832595205901526,109.46174932473417,2156.750732421875,48.0,9.836804389953613,5.0,2.0,0.5660573532146967,11.176040649414062,47.0,"{""type"":""Point"",""coordinates"":[109.46169673281277,18.834096816057976]}"
774,0.0,33.0,653.0,43.05426788330078,461.0,19.097598214716783,109.40335883126642,2328.90869140625,35.0,7.251968860626221,5.0,2.0,0.6021502761984922,11.366334915161133,41.0,"{""type"":""Point"",""coordinates"":[109.40269125230144,19.09942276875557]}"
775,0.0,25.0,31.0,15.123628616333008,19.0,19.066157179772603,110.25675835117994,2390.638427734375,46.0,0.7482815384864807,4.0,2.0,0.7425470375691747,14.091391563415527,44.0,"{""type"":""Point"",""coordinates"":[110.2567314860295,19.06820757256164]}"
776,0.0,31.0,411.0,45.729679107666016,254.0,19.18293816670814,109.6414123815581,2422.058349609375,37.0,5.85547399520874,4.0,2.0,0.6338402777375983,11.781116485595703,39.0,"{""type"":""Point"",""coordinates"":[109.64009931510753,19.184870387613454]}"
777,0.0,23.0,151.0,9.95085620880127,22.0,18.756238406751365,109.19674631591892,1975.5555419921875,55.0,0.6882857084274292,2.0,1.0,0.710444510170592,14.102699279785156,43.0,"{""type"":""Point"",""coordinates"":[109.19612852696415,18.756222910415442]}"
778,0.0,26.0,904.0,45.899784088134766,881.0,18.71581421896599,109.85700804974675,2126.425537109375,48.0,14.335931777954102,6.0,1.0,0.5256635272207005,10.409745216369629,48.0,"{""type"":""Point"",""coordinates"":[109.85869018033212,18.715415390251707]}"
779,0.0,24.0,38.0,7.147897720336914,37.0,18.84606993516332,108.76555497954155,1607.6392822265625,51.0,0.6999265551567078,2.0,2.0,0.674191962366208,14.15412712097168,44.0,"{""type"":""Point"",""coordinates"":[108.76420410753617,18.846903048271777]}"
780,0.0,24.0,32.0,4.5264058113098145,32.0,19.847691476956584,110.94396954353141,1647.989990234375,50.0,0.12196449935436249,3.0,4.0,0.6586923673717534,14.511619567871094,50.0,"{""type"":""Point"",""coordinates"":[110.94447305109283,19.849334693957033]}"
781,0.0,29.0,331.0,45.035240173339844,248.0,18.85954466442511,109.99624691878529,2292.61376953125,48.0,6.846798896789551,4.0,2.0,0.5973836401837982,11.681370735168457,46.0,"{""type"":""Point"",""coordinates"":[109.99757634877237,18.859698786875082]}"
782,0.0,27.0,477.0,33.320037841796875,280.0,18.886494122948697,109.58751346451089,2170.943115234375,46.0,5.0350341796875,5.0,2.0,0.5931228151748995,11.882513999938965,45.0,"{""type"":""Point"",""coordinates"":[109.58543534629715,18.887337776168643]}"
783,0.0,31.0,39.0,6.929282188415527,40.0,19.901590394003755,109.66387026366107,1664.8851318359375,41.0,0.5861238837242126,4.0,4.0,0.729474984104644,14.331003189086914,32.0,"{""type"":""Point"",""coordinates"":[109.6657619435407,19.903114885288947]}"
784,0.0,35.0,23.0,16.781042098999023,12.0,19.753368372124037,110.04565425941183,2474.703125,37.0,0.9197008013725281,4.0,4.0,0.8085495918214984,13.889731407165527,32.0,"{""type"":""Point"",""coordinates"":[110.04389768842374,19.75553102616142]}"
785,0.0,27.0,27.0,6.651558876037598,27.0,19.816250442012404,109.385392525584,1763.005859375,43.0,0.3500610291957855,2.0,4.0,0.7409912213063374,14.853429794311523,34.0,"{""type"":""Point"",""coordinates"":[109.38722107208041,19.814528189801894]}"
786,0.0,31.0,47.0,9.565791130065918,47.0,19.870149359059575,109.83904174406439,2115.9169921875,43.0,0.45981964468955994,3.0,4.0,0.7391411970572743,14.569031715393066,34.0,"{""type"":""Point"",""coordinates"":[109.84013068751436,19.869026358653333]}"
787,0.0,30.0,691.0,74.62843322753906,658.0,18.74276367748957,110.03667110657068,2244.787109375,44.0,22.705904006958008,5.0,1.0,0.5272153501553687,10.14079761505127,46.0,"{""type"":""Point"",""coordinates"":[110.03561909937139,18.741359834619143]}"
788,0.0,26.0,25.0,10.023059844970703,11.0,19.72192733717985,110.12650263498261,2459.694091796875,48.0,0.16736900806427002,3.0,3.0,0.8156738527729036,15.554741859436035,31.0,"{""type"":""Point"",""coordinates"":[110.12869212751707,19.72392977508801]}"
789,0.0,25.0,170.0,11.026307106018066,41.0,18.729288948227783,109.20123789233952,1962.1627197265625,53.0,0.9156437516212463,3.0,1.0,0.6872742104468723,13.805299758911133,43.0,"{""type"":""Point"",""coordinates"":[109.20219420186787,18.730873743309907]}"
790,0.0,27.0,39.0,15.885387420654297,30.0,19.084123485454995,110.28819938612412,2390.638427734375,45.0,0.8624715209007263,5.0,2.0,0.7345649430406694,13.944690704345703,43.0,"{""type"":""Point"",""coordinates"":[110.28980495923527,19.083722434866853]}"
791,0.0,25.0,137.0,14.5670804977417,78.0,19.227853930914115,110.01421322446765,2548.869140625,44.0,0.5155413150787354,3.0,2.0,0.7068398769506615,14.400413513183594,38.0,"{""type"":""Point"",""coordinates"":[110.01260518017256,19.226928657866704]}"
792,0.0,28.0,607.0,60.9890022277832,553.0,19.084123485454995,109.12937266960995,2405.359130859375,48.0,12.011187553405762,7.0,2.0,0.5998982173682104,10.893332481384277,40.0,"{""type"":""Point"",""coordinates"":[109.13052173294811,19.083619951556265]}"
793,0.0,25.0,195.0,8.252060890197754,193.0,18.49123539793611,109.0754737525628,1804.2708740234375,55.0,0.6996525526046753,2.0,1.0,0.5975047710649841,14.058449745178223,46.0,"{""type"":""Point"",""coordinates"":[109.07505430878689,18.493346533577927]}"
794,0.0,31.0,123.0,18.776880264282227,121.0,19.49285693972937,110.58913500630416,2377.290283203125,38.0,1.4525257349014282,3.0,3.0,0.6694192871177438,13.083080291748047,38.0,"{""type"":""Point"",""coordinates"":[110.5871824690006,19.493827074871746]}"
795,0.0,28.0,20.0,9.575361251831055,19.0,19.344634917849653,110.51277820715399,2464.503173828125,45.0,0.12158386409282684,5.0,3.0,0.7646400299025073,15.877342224121094,41.0,"{""type"":""Point"",""coordinates"":[110.51422121160314,19.343424381491005]}"
796,0.0,24.0,37.0,6.952730178833008,35.0,19.164971861025748,108.81047074374754,1665.15966796875,56.0,0.6179719567298889,2.0,2.0,0.6936056133877718,14.279253959655762,41.0,"{""type"":""Point"",""coordinates"":[108.81183888342647,19.16480829969716]}"
797,0.0,23.0,148.0,17.00748062133789,112.0,19.51980639825296,109.56056400598732,2417.142822265625,54.0,0.9971651434898376,2.0,3.0,0.6800018006868577,13.733805656433105,36.0,"{""type"":""Point"",""coordinates"":[109.56057540608285,19.519345919100928]}"
798,0.0,29.0,378.0,31.722854614257812,332.0,18.760729983171963,110.0052300716265,2302.499755859375,46.0,3.8317952156066895,8.0,1.0,0.6129028142356101,12.231467247009277,45.0,"{""type"":""Point"",""coordinates"":[110.00616131221304,18.759640786600563]}"
799,0.0,28.0,87.0,18.332338333129883,78.0,19.66802842013268,109.49768193609896,2149.899658203125,49.0,1.7204294204711914,4.0,3.0,0.7000053119908318,13.225518226623535,34.0,"{""type"":""Point"",""coordinates"":[109.49889043531073,19.667060690365282]}"
800,0.0,30.0,511.0,55.07280349731445,390.0,19.35361807069085,109.47522405399599,2556.69140625,48.0,8.056245803833008,4.0,3.0,0.632912316086038,11.381416320800781,38.0,"{""type"":""Point"",""coordinates"":[109.47443222210731,19.35221741952578]}"
801,0.0,27.0,69.0,8.256621360778809,58.0,19.726418913600448,110.5262529364158,2377.900146484375,49.0,0.06093589961528778,5.0,3.0,0.7400456092393224,16.131607055664062,35.0,"{""type"":""Point"",""coordinates"":[110.52531105498238,19.728136308135173]}"
802,0.0,24.0,72.0,17.575031280517578,43.0,18.63047426697463,109.69980287502585,2319.092041015625,44.0,1.102941870689392,4.0,1.0,0.6986237156499172,13.679256439208984,46.0,"{""type"":""Point"",""coordinates"":[109.69895783855969,18.632303230527807]}"
803,0.0,22.0,94.0,11.630489349365234,76.0,19.681503149394473,109.5920050409315,2205.7333984375,53.0,0.5768053531646729,2.0,3.0,0.7125179879807637,14.314395904541016,33.0,"{""type"":""Point"",""coordinates"":[109.59219401382474,19.681314771150653]}"
804,0.0,26.0,444.0,33.77217102050781,442.0,18.48674382151551,109.1877631630777,1858.4268798828125,53.0,8.48904037475586,4.0,1.0,0.57094354221891,11.380935668945312,44.0,"{""type"":""Point"",""coordinates"":[109.18745675748794,18.485034130094395]}"
805,0.0,43.0,71.0,13.34655475616455,68.0,19.82972517127419,109.71776918070822,1993.1951904296875,34.0,1.4228585958480835,6.0,4.0,0.7013106955764306,13.42508316040039,35.0,"{""type"":""Point"",""coordinates"":[109.71848562679529,19.828937359717074]}"
806,0.0,23.0,30.0,8.659208297729492,30.0,18.581066926348058,110.0052300716265,2092.2900390625,45.0,0.2678642272949219,2.0,1.0,0.6997779164608039,15.119321823120117,47.0,"{""type"":""Point"",""coordinates"":[110.00503518645793,18.58326612739793]}"
807,0.0,28.0,348.0,38.74885177612305,294.0,18.85954466442511,108.94970961278602,1870.324951171875,49.0,9.710782051086426,5.0,2.0,0.5786665283900091,11.31501579284668,43.0,"{""type"":""Point"",""coordinates"":[108.95059243156447,18.859238020555516]}"
808,0.0,32.0,25.0,10.688082695007324,25.0,19.924048276106745,109.76717652133482,1895.5162353515625,39.0,1.0026865005493164,3.0,4.0,0.7541933167059582,13.61205768585205,33.0,"{""type"":""Point"",""coordinates"":[109.76677385820271,19.92219391618875]}"
809,0.0,30.0,57.0,9.867209434509277,55.0,19.82972517127419,110.31065726822715,2224.071533203125,45.0,0.43065693974494934,9.0,4.0,0.7363162469492722,14.351750373840332,35.0,"{""type"":""Point"",""coordinates"":[110.31056230839906,19.831588558771855]}"
810,0.0,24.0,75.0,8.407440185546875,75.0,19.335651765008457,108.90928542500069,1852.2252197265625,56.0,0.6257849931716919,2.0,3.0,0.6491312946558073,14.244282722473145,43.0,"{""type"":""Point"",""coordinates"":[108.90839806851483,19.337804545872725]}"
811,0.0,22.0,18.0,8.756401062011719,20.0,18.724797371807185,110.33311515033012,2005.96826171875,49.0,0.3799248933792114,2.0,1.0,0.7015585310066327,14.776764869689941,48.0,"{""type"":""Point"",""coordinates"":[110.33384848144766,18.72261811702819]}"
812,0.0,28.0,143.0,39.39044189453125,69.0,19.335651765008457,109.90641539037335,2507.2353515625,48.0,3.8056163787841797,4.0,3.0,0.6921114231270321,12.39622974395752,40.0,"{""type"":""Point"",""coordinates"":[109.90829379492533,19.33558208673952]}"
813,0.0,25.0,15.0,8.447081565856934,6.0,19.71294418433866,110.25675835117994,2359.862060546875,47.0,0.057359881699085236,2.0,3.0,0.8155653190918437,16.399898529052734,31.0,"{""type"":""Point"",""coordinates"":[110.25531467327926,19.712805776805613]}"
814,0.0,29.0,31.0,8.159732818603516,31.0,19.506331668991166,109.01259168267438,1809.5689697265625,47.0,0.6322812438011169,2.0,3.0,0.7292532543198835,14.25985336303711,36.0,"{""type"":""Point"",""coordinates"":[109.01180156886461,19.50629297896548]}"
815,0.0,22.0,89.0,11.70856761932373,80.0,19.38505910563503,109.13835582245116,2158.427490234375,57.0,0.6906251907348633,3.0,3.0,0.6970155351358874,14.137300491333008,35.0,"{""type"":""Point"",""coordinates"":[109.13766991300034,19.385262092460504]}"
816,0.0,25.0,294.0,18.192352294921875,240.0,18.60352480845105,109.19674631591892,1997.200439453125,54.0,2.2652885913848877,4.0,1.0,0.5987096587625498,12.81740951538086,46.0,"{""type"":""Point"",""coordinates"":[109.19891354551353,18.604008244124426]}"
819,0.0,29.0,175.0,39.714351654052734,172.0,18.837086782322125,110.28370780970351,2267.099853515625,47.0,5.222652912139893,4.0,2.0,0.6150754290334904,12.058311462402344,45.0,"{""type"":""Point"",""coordinates"":[110.28426740884106,18.836596397846836]}"
820,0.0,30.0,288.0,42.68679428100586,223.0,18.95835934567826,109.11140636392759,2147.32177734375,40.0,6.930979251861572,6.0,2.0,0.6239759400974787,11.698843955993652,39.0,"{""type"":""Point"",""coordinates"":[109.10995133027251,18.959075560193654]}"
821,0.0,23.0,132.0,9.04450511932373,111.0,19.470399057626388,109.20123789233952,2260.566162109375,57.0,0.25002321600914,4.0,3.0,0.685308945285832,15.127188682556152,34.0,"{""type"":""Point"",""coordinates"":[109.20134656865655,19.472348992326477]}"
822,0.0,29.0,12.0,7.055350303649902,13.0,19.964472463892122,110.46786244294805,2053.503662109375,43.0,0.19185656309127808,3.0,4.0,0.7542240787328461,14.571296691894531,39.0,"{""type"":""Point"",""coordinates"":[110.46681221737461,19.963928287434904]}"
823,0.0,28.0,313.0,36.734161376953125,196.0,19.371584376373235,109.63242922871689,2563.9365234375,45.0,3.353590488433838,4.0,3.0,0.6746018414720321,12.411341667175293,35.0,"{""type"":""Point"",""coordinates"":[109.63437467458535,19.372252896989018]}"
824,0.0,27.0,90.0,13.920791625976562,70.0,18.62598269055404,109.78065125059658,2286.3154296875,43.0,0.7616937756538391,4.0,1.0,0.662699559305367,14.038741111755371,47.0,"{""type"":""Point"",""coordinates"":[109.77971770084031,18.625620245668433]}"
825,0.0,25.0,106.0,13.72230052947998,102.0,19.34912649427025,109.0215748355156,2089.597900390625,55.0,1.1491059064865112,2.0,3.0,0.644952684942191,13.617796897888184,40.0,"{""type"":""Point"",""coordinates"":[109.01992823170659,19.35085655404974]}"
826,0.0,28.0,301.0,49.0360107421875,173.0,18.868527817266305,109.86599120258796,2305.247314453125,45.0,7.212673187255859,5.0,2.0,0.5945191798828476,11.649679183959961,47.0,"{""type"":""Point"",""coordinates"":[109.86725350371033,18.867720041700096]}"
827,0.0,33.0,10.0,8.488357543945312,10.0,19.65455369087089,110.70142441681912,2244.463134765625,43.0,0.25029391050338745,9.0,3.0,0.7778946538850027,14.772073745727539,38.0,"{""type"":""Point"",""coordinates"":[110.70118451401791,19.653478770317133]}"
828,0.0,26.0,301.0,25.57408905029297,239.0,19.115564520399175,109.94234800173814,2324.91552734375,52.0,2.547092914581299,4.0,2.0,0.6250595738773385,12.695208549499512,44.0,"{""type"":""Point"",""coordinates"":[109.94067962045084,19.115997145381677]}"
829,0.0,25.0,21.0,6.609249114990234,16.0,19.807267289171207,110.80473067449287,1842.764892578125,49.0,0.38973528146743774,5.0,4.0,0.7206408771427895,13.788350105285645,43.0,"{""type"":""Point"",""coordinates"":[110.8046121726724,19.808349062018067]}"
830,0.0,26.0,40.0,5.4839582443237305,39.0,18.527168009300887,108.90030227215948,1692.563720703125,45.0,0.21035610139369965,2.0,1.0,0.6697782209475616,15.355178833007812,46.0,"{""type"":""Point"",""coordinates"":[108.90094439593763,18.526628853829887]}"
831,0.0,24.0,114.0,18.84122085571289,25.0,19.344634917849653,110.07260371793546,2461.424560546875,49.0,1.0914002656936646,5.0,3.0,0.7608605064087494,13.664461135864258,38.0,"{""type"":""Point"",""coordinates"":[110.07146247180397,19.34582493426368]}"
832,0.0,30.0,1.0,4.714245796203613,2.0,19.919556699686147,109.56056400598732,1523.7469482421875,45.0,0.29860568046569824,5.0,4.0,0.7539402147755406,15.027377128601074,35.0,"{""type"":""Point"",""coordinates"":[109.56114975401017,19.918999612845575]}"
833,0.0,23.0,25.0,10.189576148986816,26.0,19.389550682055628,110.62057604124834,2206.82666015625,50.0,0.41952624917030334,6.0,3.0,0.7538495792415687,14.402535438537598,38.0,"{""type"":""Point"",""coordinates"":[110.62076808646235,19.39133409026527]}"
834,0.0,24.0,111.0,8.996899604797363,111.0,18.899968852210492,108.75657182670034,1565.9041748046875,56.0,1.338511347770691,2.0,2.0,0.5906774607772263,13.462133407592773,45.0,"{""type"":""Point"",""coordinates"":[108.75858421976992,18.90171280095179]}"
835,0.0,28.0,300.0,28.493120193481445,222.0,18.805645747377937,109.86599120258796,2300.31689453125,41.0,2.9134275913238525,4.0,1.0,0.6309385464763917,12.56131649017334,42.0,"{""type"":""Point"",""coordinates"":[109.86554393100401,18.807026031786847]}"
836,0.0,25.0,39.0,13.50692367553711,39.0,18.477760668674314,109.73573548639064,2092.06005859375,55.0,1.0910433530807495,2.0,1.0,0.6905428033513638,13.709558486938477,46.0,"{""type"":""Point"",""coordinates"":[109.73685613802898,18.47709356551454]}"
837,0.0,24.0,997.0,68.59224700927734,962.0,18.751746830330767,109.89743223753214,2524.4267578125,49.0,19.087200164794922,5.0,1.0,0.5314201663586328,9.990530014038086,47.0,"{""type"":""Point"",""coordinates"":[109.89916443398153,18.75350523851911]}"
838,0.0,24.0,192.0,34.70922088623047,60.0,19.223362354493517,109.74022706281124,2507.430419921875,53.0,3.1068317890167236,3.0,2.0,0.7144570299194998,12.568669319152832,37.0,"{""type"":""Point"",""coordinates"":[109.74037427168736,19.22420625268106]}"
839,0.0,23.0,6.0,6.686696529388428,9.0,18.787679441695552,110.41396352590084,1954.4813232421875,48.0,0.13406631350517273,3.0,1.0,0.7087065763568067,15.806232452392578,49.0,"{""type"":""Point"",""coordinates"":[110.41515719033127,18.78781611899939]}"
840,0.0,29.0,208.0,31.55356216430664,208.0,18.34750495247698,109.25064523296606,1781.3466796875,50.0,7.564044952392578,4.0,0.0,0.6057525985417427,11.663704872131348,39.0,"{""type"":""Point"",""coordinates"":[109.25084191272146,18.348562528370127]}"
841,0.0,29.0,67.0,28.67340850830078,67.0,19.420991716999815,110.55320239493938,2397.93994140625,40.0,2.8656187057495117,4.0,3.0,0.70586980488453,12.447895050048828,38.0,"{""type"":""Point"",""coordinates"":[110.5554015835645,19.422163348696614]}"
842,0.0,26.0,439.0,59.75868225097656,434.0,18.441828057309536,109.62344607587568,2226.77587890625,49.0,12.278424263000488,4.0,1.0,0.5877473877462435,11.007564544677734,42.0,"{""type"":""Point"",""coordinates"":[109.62486980680652,18.44121904831477]}"
843,0.0,26.0,18.0,8.760444641113281,19.0,19.88362408832137,110.51726978357459,2113.147705078125,42.0,0.4015127122402191,5.0,4.0,0.7470092390111787,13.824342727661133,40.0,"{""type"":""Point"",""coordinates"":[110.51802507874831,19.883990448342097]}"
844,0.0,33.0,451.0,54.19202423095703,311.0,18.8775109701075,109.24615365654546,1985.92822265625,39.0,15.235990524291992,5.0,2.0,0.5579257625007809,10.774072647094727,44.0,"{""type"":""Point"",""coordinates"":[109.24723954082602,18.879721200874066]}"
845,0.0,29.0,601.0,49.60515594482422,578.0,18.71581421896599,110.01421322446765,2244.787109375,46.0,10.291055679321289,4.0,1.0,0.5726892844165964,11.057087898254395,45.0,"{""type"":""Point"",""coordinates"":[110.01501418042044,18.71532711156531]}"
846,0.0,26.0,129.0,54.263885498046875,81.0,19.456924328364593,109.92438169605572,2567.20458984375,47.0,5.57999324798584,4.0,3.0,0.6889910432202819,12.020487785339355,37.0,"{""type"":""Point"",""coordinates"":[109.92308947190438,19.45518035962857]}"
847,0.0,24.0,40.0,16.371353149414062,32.0,19.066157179772603,110.3151488446477,2412.165283203125,49.0,0.8688512444496155,4.0,2.0,0.7371897760223438,13.936736106872559,42.0,"{""type"":""Point"",""coordinates"":[110.31703030957938,19.064922030375133]}"
848,0.0,30.0,468.0,67.87202453613281,459.0,18.85056151158392,110.24328362191818,2414.37841796875,45.0,12.697500228881836,4.0,2.0,0.5813666145716104,10.950581550598145,45.0,"{""type"":""Point"",""coordinates"":[110.24133740272576,18.852644198738624]}"
849,0.0,29.0,147.0,34.00806427001953,132.0,19.025732991987226,110.25675835117994,2367.773681640625,41.0,3.3828630447387695,3.0,2.0,0.6325327200564805,12.511805534362793,44.0,"{""type"":""Point"",""coordinates"":[110.25812145383625,19.025177431924686]}"
850,0.0,25.0,20.0,10.81495475769043,18.0,19.757859948544635,110.3735393381155,2322.571044921875,46.0,0.37640970945358276,3.0,4.0,0.8034926478488402,14.514776229858398,30.0,"{""type"":""Point"",""coordinates"":[110.3728613165806,19.757564474797825]}"
851,0.0,33.0,559.0,23.640867233276367,367.0,19.079631909034397,109.44827459547236,2328.90869140625,37.0,2.4505422115325928,5.0,2.0,0.6196777640194389,12.538119316101074,42.0,"{""type"":""Point"",""coordinates"":[109.4485393212649,19.08100425930274]}"
852,0.0,29.0,66.0,10.137691497802734,65.0,19.68599472581507,110.65650865261313,2287.281982421875,48.0,0.4411483407020569,5.0,3.0,0.7166136075242695,14.154808044433594,37.0,"{""type"":""Point"",""coordinates"":[110.65495285811761,19.68681707817495]}"
854,0.0,24.0,144.0,27.075759887695312,69.0,19.308702306484875,109.87497435542917,2453.7353515625,52.0,2.1564650535583496,3.0,3.0,0.6992595117556409,12.964615821838379,39.0,"{""type"":""Point"",""coordinates"":[109.87625245504651,19.30942752920056]}"
855,0.0,31.0,866.0,35.422611236572266,850.0,18.76971313601316,108.85987808437409,1748.3607177734375,46.0,17.37974739074707,11.0,1.0,0.5120771215247878,10.250876426696777,46.0,"{""type"":""Point"",""coordinates"":[108.86006271480085,18.7695736134624]}"
856,0.0,28.0,742.0,44.988407135009766,618.0,19.12454767324037,109.21022104518073,2375.537353515625,49.0,8.443455696105957,5.0,2.0,0.6094963502844748,11.127850532531738,38.0,"{""type"":""Point"",""coordinates"":[109.21210355543462,19.124361076472713]}"
857,0.0,30.0,337.0,26.81049156188965,229.0,19.01225826272543,109.94683957815869,2268.03173828125,45.0,3.005472421646118,4.0,2.0,0.6312527781695719,12.50434398651123,41.0,"{""type"":""Point"",""coordinates"":[109.94671926709051,19.010307656083924]}"
858,0.0,26.0,16.0,7.1417365074157715,18.0,19.68599472581507,110.95295269637256,1719.0740966796875,48.0,1.0607237815856934,3.0,3.0,0.6945021515726765,12.38757038116455,46.0,"{""type"":""Point"",""coordinates"":[110.9509651479402,19.686015520666565]}"
859,0.0,24.0,101.0,17.670455932617188,63.0,19.501840092570568,109.90192381395275,2534.21337890625,53.0,0.9089394211769104,4.0,3.0,0.7239038424814278,13.855340957641602,38.0,"{""type"":""Point"",""coordinates"":[109.90033990617465,19.500500085875803]}"
860,0.0,33.0,58.0,20.134986877441406,43.0,19.57819689172073,110.41396352590084,2432.82666015625,40.0,1.58350670337677,3.0,3.0,0.7395679291489283,13.048650741577148,38.0,"{""type"":""Point"",""coordinates"":[110.41309647737941,19.58011995694084]}"
861,0.0,25.0,22.0,11.254510879516602,23.0,19.49734851614997,110.7283738753427,2164.388671875,47.0,0.6799020767211914,4.0,3.0,0.7568318779718819,13.762109756469727,37.0,"{""type"":""Point"",""coordinates"":[110.72891425073524,19.49956887772317]}"
862,0.0,25.0,33.0,9.241641998291016,33.0,18.549625891403878,109.9603143074205,2051.551025390625,47.0,0.42738062143325806,2.0,1.0,0.6976658016121213,14.650371551513672,46.0,"{""type"":""Point"",""coordinates"":[109.96094539669579,18.54809193929549]}"
863,0.0,26.0,27.0,7.970844745635986,26.0,18.54064273856268,108.94521803636547,1692.563720703125,49.0,0.7460721135139465,4.0,1.0,0.68018677458639,14.096671104431152,47.0,"{""type"":""Point"",""coordinates"":[108.94341328893577,18.538524764845793]}"
864,0.0,25.0,170.0,12.454785346984863,41.0,18.756238406751365,109.22369577444249,1960.152099609375,53.0,1.1692627668380737,3.0,1.0,0.6906508832611489,13.560745239257812,42.0,"{""type"":""Point"",""coordinates"":[109.22174944122617,18.755294727923637]}"
865,0.0,27.0,86.0,9.155555725097656,76.0,19.74438521928284,109.94234800173814,2361.642822265625,49.0,0.16738148033618927,4.0,4.0,0.7256782415681446,15.556469917297363,33.0,"{""type"":""Point"",""coordinates"":[109.94283681539551,19.743461883521064]}"
866,0.0,24.0,210.0,13.843352317810059,191.0,18.527168009300887,109.30005257359267,2005.75732421875,55.0,1.3406240940093994,4.0,1.0,0.6032281624912433,13.398329734802246,47.0,"{""type"":""Point"",""coordinates"":[109.30124198824198,18.52570541729011]}"
867,0.0,21.0,32.0,4.147737979888916,32.0,19.039207721249014,108.72063921533555,1403.7781982421875,55.0,0.2684609293937683,2.0,2.0,0.6737103644217544,15.115934371948242,43.0,"{""type"":""Point"",""coordinates"":[108.7185030654159,19.03947990108533]}"
869,0.0,28.0,642.0,40.96772384643555,589.0,18.814628900219134,108.92276015426245,1882.372802734375,48.0,13.22767162322998,9.0,1.0,0.5594927250495453,10.762625694274902,42.0,"{""type"":""Point"",""coordinates"":[108.92187312813722,18.813387328365817]}"
870,0.0,25.0,15.0,6.531205654144287,15.0,19.52429797467356,108.95869276562723,1713.1121826171875,52.0,0.42985138297080994,2.0,3.0,0.738481840801317,14.655023574829102,37.0,"{""type"":""Point"",""coordinates"":[108.96029606840506,19.525682396229726]}"
871,0.0,22.0,73.0,9.064289093017578,65.0,19.313193882905473,108.90928542500069,1852.2252197265625,57.0,0.712024450302124,3.0,3.0,0.6651921444589417,14.11635684967041,42.0,"{""type"":""Point"",""coordinates"":[108.91073996727425,19.31191713234776]}"
872,0.0,29.0,109.0,66.17874908447266,86.0,19.093106638296184,109.0215748355156,2160.386962890625,41.0,12.337756156921387,7.0,2.0,0.6291131621755053,11.226800918579102,40.0,"{""type"":""Point"",""coordinates"":[109.02323732821729,19.093588427223114]}"
873,0.0,20.0,47.0,10.591195106506348,43.0,19.68599472581507,109.46624090115478,2149.899658203125,61.0,0.5512599945068359,3.0,3.0,0.7496741325721227,14.387650489807129,33.0,"{""type"":""Point"",""coordinates"":[109.46490694399938,19.687854529918855]}"
874,0.0,35.0,887.0,24.27916145324707,756.0,18.886494122948697,109.21022104518073,1985.92822265625,39.0,5.859173774719238,5.0,2.0,0.5608121201424136,11.342039108276367,44.0,"{""type"":""Point"",""coordinates"":[109.20985775617781,18.887747613105176]}"
875,0.0,24.0,46.0,14.40854549407959,43.0,19.308702306484875,110.38701406737727,2526.060302734375,51.0,0.549990177154541,5.0,3.0,0.7469253049099329,14.390542984008789,39.0,"{""type"":""Point"",""coordinates"":[110.38841649128842,19.308891804122798]}"
876,0.0,28.0,678.0,52.39076614379883,614.0,18.65293214907762,109.53361454746374,2218.6328125,49.0,12.83980655670166,5.0,1.0,0.555705790085638,10.760468482971191,46.0,"{""type"":""Point"",""coordinates"":[109.53517937920444,18.653250399779832]}"
877,0.0,27.0,46.0,24.417057037353516,37.0,19.16048028460515,110.24777519833873,2564.603271484375,42.0,1.4880330562591553,4.0,2.0,0.7462457072994771,13.395038604736328,40.0,"{""type"":""Point"",""coordinates"":[110.24993937489083,19.160731813461393]}"
878,0.0,25.0,987.0,33.31127166748047,900.0,18.819120476639732,109.753701792073,2353.478759765625,46.0,5.990194797515869,5.0,1.0,0.5705524983119574,11.196910858154297,45.0,"{""type"":""Point"",""coordinates"":[109.75316149737229,18.818364520834617]}"
879,0.0,29.0,151.0,44.72114562988281,141.0,18.57657534992746,109.82107543838197,2279.03271484375,42.0,5.84194803237915,5.0,1.0,0.6109480615910674,11.960658073425293,46.0,"{""type"":""Point"",""coordinates"":[109.82011584114115,18.575999170363374]}"
880,0.0,23.0,40.0,11.86382007598877,31.0,19.641078961609097,110.45438771368623,2363.2412109375,54.0,0.5039200782775879,5.0,3.0,0.7779243557530341,14.207780838012695,33.0,"{""type"":""Point"",""coordinates"":[110.45325343065889,19.64132894328525]}"
881,0.0,26.0,135.0,45.40599822998047,135.0,18.500218550777305,109.76717652133482,2278.89501953125,54.0,6.383506774902344,4.0,1.0,0.6185859980926024,11.881272315979004,44.0,"{""type"":""Point"",""coordinates"":[109.7662626451819,18.5010843828727]}"
882,0.0,26.0,50.0,17.573223114013672,50.0,18.29809761185041,109.34945991421921,1672.910888671875,46.0,3.011075019836426,6.0,0.0,0.6713089047346094,12.687152862548828,41.0,"{""type"":""Point"",""coordinates"":[109.35084318085393,18.298738264035915]}"
883,0.0,27.0,9.0,10.664918899536133,9.0,18.419370175206545,110.02319637730886,1857.4478759765625,49.0,0.9916712045669556,3.0,1.0,0.7306411934257686,13.822439193725586,42.0,"{""type"":""Point"",""coordinates"":[110.02341145234941,18.419607570789147]}"
884,0.0,25.0,8.0,8.191807746887207,8.0,19.24132866017591,110.55320239493938,2306.609375,46.0,0.057359881699085236,2.0,2.0,0.7705447200329737,16.635770797729492,40.0,"{""type"":""Point"",""coordinates"":[110.55223768743912,19.241277978887815]}"
885,0.0,26.0,207.0,49.493099212646484,104.0,18.944884616416466,110.01421322446765,2408.430419921875,50.0,6.1924333572387695,4.0,2.0,0.6217011140740353,11.866358757019043,44.0,"{""type"":""Point"",""coordinates"":[110.01257970762553,18.946208005960646]}"
886,0.0,30.0,63.0,21.9169921875,63.0,19.852183053377182,110.07260371793546,2360.933349609375,42.0,1.9592946767807007,6.0,4.0,0.7312753286678273,12.831671714782715,34.0,"{""type"":""Point"",""coordinates"":[110.07308819149698,19.853321594023214]}"
887,0.0,22.0,23.0,7.28401517868042,24.0,19.74438521928284,110.86312116796063,1918.8670654296875,54.0,0.4417465329170227,2.0,4.0,0.7138256001235123,13.597530364990234,43.0,"{""type"":""Point"",""coordinates"":[110.86474286353665,19.746068522818344]}"
888,0.0,26.0,91.0,13.422186851501465,85.0,19.762351524965233,109.94683957815869,2364.76025390625,48.0,0.632617712020874,4.0,4.0,0.7090207234650141,14.223835945129395,34.0,"{""type"":""Point"",""coordinates"":[109.94530225682159,19.760485545622913]}"
889,0.0,25.0,205.0,25.5509033203125,128.0,19.304210730064277,109.85700804974675,2453.7353515625,50.0,2.0017812252044678,4.0,3.0,0.6714000575875565,13.00044059753418,37.0,"{""type"":""Point"",""coordinates"":[109.85782577525326,19.306332588162235]}"
890,0.0,27.0,52.0,13.89607048034668,52.0,19.57370531530013,109.17878001023655,2014.7352294921875,53.0,1.3316192626953125,2.0,3.0,0.7053978146735982,13.502619743347168,38.0,"{""type"":""Point"",""coordinates"":[109.18073804713437,19.571550202942024]}"
891,0.0,23.0,22.0,9.0051851272583,24.0,19.55573900961774,110.79574752165166,2169.308349609375,48.0,0.29815199971199036,2.0,3.0,0.7648742975997848,14.586493492126465,35.0,"{""type"":""Point"",""coordinates"":[110.7977739338501,19.555037633254322]}"
892,0.0,27.0,76.0,35.82415771484375,73.0,19.232345507334713,110.35557303243309,2565.28466796875,50.0,3.006683111190796,4.0,2.0,0.7114845986004911,12.673221588134766,37.0,"{""type"":""Point"",""coordinates"":[110.35696249369502,19.23055916085922]}"
893,0.0,27.0,53.0,48.64548110961914,56.0,19.003275109884235,110.43642140800387,2316.5322265625,51.0,6.513582229614258,4.0,2.0,0.6915966128533747,11.890782356262207,40.0,"{""type"":""Point"",""coordinates"":[110.43737419290136,19.001689247131516]}"
894,0.0,29.0,314.0,45.248260498046875,206.0,18.98980038062244,109.91989011963511,2220.6201171875,42.0,7.033164024353027,4.0,2.0,0.6157036965209447,11.666143417358398,41.0,"{""type"":""Point"",""coordinates"":[109.9188497681394,18.991149113563]}"
895,0.0,28.0,110.0,29.154224395751953,55.0,19.429974869841004,109.85251647332615,2568.3486328125,43.0,2.081428050994873,4.0,3.0,0.7288972981423998,13.020988464355469,38.0,"{""type"":""Point"",""coordinates"":[109.85066553809273,19.431138232767537]}"
896,0.0,25.0,123.0,11.299328804016113,44.0,19.389550682055628,110.08607844719722,2536.8037109375,46.0,0.2154984027147293,4.0,3.0,0.751389268325573,15.281331062316895,37.0,"{""type"":""Point"",""coordinates"":[110.0879935755371,19.388025032958193]}"
897,0.0,30.0,115.0,22.114482879638672,99.0,19.650062114450293,109.55607242956671,2205.7333984375,45.0,2.179518699645996,4.0,3.0,0.6764160800236594,12.971845626831055,34.0,"{""type"":""Point"",""coordinates"":[109.5568371101737,19.64800847866571]}"
898,0.0,24.0,111.0,10.422818183898926,54.0,19.60514635024431,109.67285341650228,2358.80810546875,48.0,0.2692224681377411,3.0,3.0,0.7471306769943348,15.066082954406738,33.0,"{""type"":""Point"",""coordinates"":[109.67144075109164,19.6048727235942]}"
899,0.0,23.0,112.0,16.90371322631836,84.0,18.49123539793611,109.36293464348103,2014.6226806640625,56.0,1.7939530611038208,4.0,1.0,0.6346920480751929,13.1685152053833,45.0,"{""type"":""Point"",""coordinates"":[109.36464309562008,18.491435427445783]}"
900,0.0,28.0,293.0,17.92278289794922,172.0,19.052682450510808,109.83455016764378,2307.081787109375,48.0,1.4054841995239258,4.0,2.0,0.6423049661675555,13.295736312866211,41.0,"{""type"":""Point"",""coordinates"":[109.83531008631118,19.054026014188253]}"
901,0.0,23.0,78.0,7.643925666809082,64.0,19.699469455076866,109.5920050409315,2205.7333984375,53.0,0.08367845416069031,3.0,3.0,0.7296832167688698,16.25455665588379,33.0,"{""type"":""Point"",""coordinates"":[109.59080932016607,19.70026571765034]}"
902,0.0,26.0,32.0,8.81118392944336,28.0,19.097598214716783,110.35557303243309,2379.963623046875,46.0,0.08351480960845947,4.0,2.0,0.7570927617575798,16.28362274169922,39.0,"{""type"":""Point"",""coordinates"":[110.35338988179556,19.099594272269734]}"
903,0.0,26.0,233.0,74.8021240234375,188.0,19.281752847961286,109.1832715866571,2558.994873046875,51.0,10.445507049560547,4.0,3.0,0.6354868493081438,11.319282531738281,39.0,"{""type"":""Point"",""coordinates"":[109.18122463863651,19.280738678843193]}"
904,0.0,30.0,22.0,5.863643646240234,23.0,19.80277571275061,109.2281873508631,1638.95068359375,39.0,0.36578568816185,2.0,4.0,0.7426672900222336,14.812382698059082,33.0,"{""type"":""Point"",""coordinates"":[109.22847703314677,19.801787841606657]}"
905,0.0,26.0,175.0,18.232839584350586,170.0,18.648440572657023,109.99175534236468,2221.81396484375,48.0,1.5033447742462158,3.0,1.0,0.6254964206876525,13.306169509887695,45.0,"{""type"":""Point"",""coordinates"":[109.99117419029257,18.64875455143109]}"
906,0.0,22.0,30.0,8.925493240356445,30.0,18.477760668674314,109.72226075712882,2092.06005859375,56.0,0.36479076743125916,4.0,1.0,0.7098355968945248,14.810471534729004,45.0,"{""type"":""Point"",""coordinates"":[109.72172488694983,18.47831585478802]}"
907,0.0,28.0,132.0,16.859973907470703,70.0,19.587180044561926,109.73573548639064,2443.47509765625,48.0,0.9807648062705994,4.0,3.0,0.726391890405933,13.760318756103516,34.0,"{""type"":""Point"",""coordinates"":[109.73639868272348,19.587562525305497]}"
908,0.0,23.0,42.0,9.86092472076416,44.0,18.446319633730134,109.76268494491421,2004.039306640625,51.0,0.5767577886581421,4.0,1.0,0.700708005710344,14.345359802246094,42.0,"{""type"":""Point"",""coordinates"":[109.76294776278556,18.44577920192701]}"
909,0.0,28.0,372.0,31.675142288208008,211.0,18.832595205901526,109.42132513694878,2185.56884765625,49.0,4.491387367248535,6.0,2.0,0.5940668356560491,12.076437950134277,47.0,"{""type"":""Point"",""coordinates"":[109.42175902303424,18.833748759712307]}"
910,0.0,25.0,25.0,12.253609657287598,10.0,19.739893642862242,110.10853632930025,2459.694091796875,49.0,0.40611085295677185,3.0,3.0,0.8156998001850485,14.601155281066895,31.0,"{""type"":""Point"",""coordinates"":[110.1093903543738,19.73893645905848]}"
911,0.0,22.0,43.0,11.315969467163086,43.0,18.3160639175328,109.1877631630777,1675.2684326171875,58.0,1.5557082891464233,3.0,0.0,0.6868705325829306,13.352298736572266,40.0,"{""type"":""Point"",""coordinates"":[109.18668003505528,18.317657564780085]}"
912,0.0,34.0,134.0,11.186102867126465,124.0,19.528789551094157,110.56218554778059,2345.144287109375,38.0,0.49024325609207153,4.0,3.0,0.6804484351265585,14.160362243652344,36.0,"{""type"":""Point"",""coordinates"":[110.56326527828914,19.528836982601156]}"
913,0.0,26.0,43.0,41.33273696899414,46.0,18.311572341112203,109.60547977019331,1939.26171875,46.0,7.539443492889404,2.0,0.0,0.6687584024670843,11.768531799316406,42.0,"{""type"":""Point"",""coordinates"":[109.60677264038075,18.311961882291136]}"
915,0.0,25.0,1269.0,39.61860656738281,1072.0,19.01674983914603,109.52912297104314,2312.52880859375,44.0,15.373912811279297,11.0,2.0,0.5438237834976015,9.7737455368042,42.0,"{""type"":""Point"",""coordinates"":[109.5309659620172,19.01524408360339]}"
916,0.0,32.0,82.0,29.361841201782227,71.0,19.587180044561926,110.29718253896533,2438.87841796875,38.0,2.527465581893921,5.0,3.0,0.7000047578515834,12.804448127746582,39.0,"{""type"":""Point"",""coordinates"":[110.29593558443271,19.585632638508727]}"
917,0.0,25.0,57.0,12.169227600097656,56.0,18.554117467824476,109.91989011963511,2177.937744140625,47.0,0.6757513880729675,4.0,1.0,0.6786480588781638,14.178133964538574,46.0,"{""type"":""Point"",""coordinates"":[109.92209788918125,18.554298749940926]}"
918,0.0,28.0,61.0,20.203264236450195,56.0,18.63496584339523,109.96480588384111,2221.81396484375,43.0,1.7098877429962158,4.0,1.0,0.672326343677549,13.247162818908691,47.0,"{""type"":""Point"",""coordinates"":[109.96554318796088,18.63322075457203]}"
919,0.0,23.0,18.0,12.693422317504883,20.0,19.164971861025748,110.44989613726563,2458.581298828125,50.0,0.41765695810317993,4.0,2.0,0.7700110357339393,14.662860870361328,39.0,"{""type"":""Point"",""coordinates"":[110.45184784858041,19.165328172396237]}"
920,0.0,27.0,1068.0,35.821128845214844,989.0,18.65293214907762,109.50666508894017,2218.6328125,43.0,9.692290306091309,9.0,1.0,0.5460484670303859,10.5978364944458,46.0,"{""type"":""Point"",""coordinates"":[109.50514173212052,18.65109401085204]}"
921,0.0,26.0,48.0,9.972006797790527,48.0,19.416500140579217,108.97665907130965,1884.3775634765625,48.0,0.796717643737793,2.0,3.0,0.7042351632166182,14.018735885620117,38.0,"{""type"":""Point"",""coordinates"":[108.97690103215324,19.415022318232158]}"
922,0.0,22.0,4.0,3.178079128265381,5.0,19.259294965858295,108.64428241618543,1286.529541015625,56.0,0.1720791757106781,2.0,2.0,0.7075435391858503,15.487117767333984,41.0,"{""type"":""Point"",""coordinates"":[108.64513643633153,19.26084940887513]}"
923,0.0,26.0,134.0,20.748281478881836,127.0,18.729288948227783,110.09506160003843,2340.23681640625,52.0,1.659807562828064,4.0,1.0,0.6351327565499871,13.232776641845703,45.0,"{""type"":""Point"",""coordinates"":[110.09289885959319,18.72969150609099]}"
924,0.0,42.0,95.0,16.263246536254883,95.0,19.789300983488815,109.60547977019331,2029.538818359375,34.0,1.8565881252288818,7.0,4.0,0.6799831876658794,13.144485473632812,33.0,"{""type"":""Point"",""coordinates"":[109.603390191441,19.790692521407802]}"
925,0.0,27.0,24.0,7.744532585144043,25.0,19.924048276106745,110.49930347789223,2144.307861328125,46.0,0.2109520137310028,4.0,4.0,0.741851199668488,14.459440231323242,40.0,"{""type"":""Point"",""coordinates"":[110.5005855576943,19.926045916883016]}"
926,0.0,25.0,132.0,12.994867324829102,79.0,19.358109647111448,109.29106942075146,2333.445556640625,44.0,0.5767925381660461,4.0,3.0,0.711456317926293,14.291232109069824,34.0,"{""type"":""Point"",""coordinates"":[109.28940543318174,19.359237152266605]}"
927,0.0,30.0,793.0,38.28025817871094,712.0,18.805645747377937,109.69531129860525,2239.0673828125,45.0,7.990417003631592,4.0,1.0,0.5597926976492991,11.13194751739502,47.0,"{""type"":""Point"",""coordinates"":[109.69475513759964,18.80756229687005]}"
928,0.0,24.0,137.0,13.397278785705566,99.0,19.043699297669612,108.90030227215948,1929.5830078125,47.0,1.27409029006958,3.0,2.0,0.6258882184995171,13.495505332946777,42.0,"{""type"":""Point"",""coordinates"":[108.89812652680502,19.044327103541885]}"
929,0.0,26.0,243.0,20.858253479003906,246.0,18.383437563841767,109.68183656934343,2014.9620361328125,53.0,2.7288084030151367,4.0,1.0,0.6189950596524496,12.665392875671387,42.0,"{""type"":""Point"",""coordinates"":[109.67992632104114,18.382889048133425]}"
930,0.0,27.0,139.0,16.474956512451172,114.0,19.322177035746662,110.24328362191818,2583.78125,44.0,0.6989369988441467,4.0,3.0,0.6887354250318589,14.094808578491211,37.0,"{""type"":""Point"",""coordinates"":[110.24247584505154,19.320814621122317]}"
931,0.0,31.0,533.0,60.15119552612305,531.0,18.41038702236535,109.32700203211624,1934.2215576171875,42.0,20.94554901123047,6.0,1.0,0.5483244061760817,10.368681907653809,41.0,"{""type"":""Point"",""coordinates"":[109.32723636202624,18.412313188035725]}"
932,0.0,31.0,354.0,11.517446517944336,196.0,18.95835934567826,109.83455016764378,2312.043701171875,40.0,0.5123297572135925,4.0,2.0,0.629141212087287,14.262370109558105,44.0,"{""type"":""Point"",""coordinates"":[109.83450472620567,18.957606809465574]}"
933,0.0,25.0,32.0,12.939469337463379,23.0,19.730910490021046,110.21633416339455,2397.03466796875,50.0,0.5967220664024353,4.0,3.0,0.8015175174259275,14.044861793518066,30.0,"{""type"":""Point"",""coordinates"":[110.21792678150294,19.7323937227089]}"
934,0.0,25.0,32.0,7.72879695892334,35.0,18.90446042863109,110.36006460885369,2169.59130859375,51.0,0.13414253294467926,4.0,2.0,0.7097778932880732,15.809741973876953,45.0,"{""type"":""Point"",""coordinates"":[110.3617055165696,18.90589718047468]}"
935,0.0,31.0,416.0,39.56684494018555,354.0,18.922426734313476,108.98564222415081,2023.5472412109375,40.0,8.05049991607666,7.0,2.0,0.5937707797016745,11.455902099609375,42.0,"{""type"":""Point"",""coordinates"":[108.98684962875922,18.92158581337286]}"
936,0.0,27.0,6.0,9.518319129943848,8.0,19.623112655926704,110.76879806312809,2156.0927734375,42.0,0.4061042070388794,6.0,3.0,0.7765174524222976,14.291601181030273,37.0,"{""type"":""Point"",""coordinates"":[110.76945865930509,19.621299739545027]}"
937,0.0,28.0,56.0,12.855438232421875,55.0,19.77133467780643,110.55769397135998,2197.389404296875,40.0,0.8908908367156982,4.0,4.0,0.7247823509142234,13.461114883422852,36.0,"{""type"":""Point"",""coordinates"":[110.55788016965856,19.77283861574036]}"
938,0.0,30.0,497.0,74.27704620361328,328.0,19.142513978922757,109.65937868724046,2456.3486328125,40.0,13.68997859954834,5.0,2.0,0.6012563055421454,10.849751472473145,40.0,"{""type"":""Point"",""coordinates"":[109.66142385509052,19.144022670622142]}"
939,0.0,27.0,96.0,18.380098342895508,61.0,19.546755856776542,110.03217953015007,2499.151611328125,48.0,1.0388246774673462,2.0,3.0,0.7356438388256947,13.724772453308105,35.0,"{""type"":""Point"",""coordinates"":[110.03047017986071,19.546456605654985]}"
940,0.0,29.0,665.0,32.520172119140625,459.0,18.693356336862998,109.4437830190518,2054.364013671875,49.0,7.127330303192139,7.0,1.0,0.5708147033166034,11.372875213623047,45.0,"{""type"":""Point"",""coordinates"":[109.44517871785966,18.69449239232402]}"
941,0.0,27.0,57.0,9.943669319152832,57.0,19.91057354684495,110.31065726822715,2218.89111328125,45.0,0.43087270855903625,4.0,4.0,0.716719683958095,14.16064453125,38.0,"{""type"":""Point"",""coordinates"":[110.31006489605636,19.91254001649894]}"
942,0.0,26.0,26.0,10.185656547546387,27.0,19.501840092570568,110.75532333386627,2154.845947265625,48.0,0.5506364703178406,5.0,3.0,0.7528488953600727,13.969438552856445,37.0,"{""type"":""Point"",""coordinates"":[110.7530954231657,19.49977359323043]}"
943,0.0,22.0,124.0,39.229225158691406,108.0,19.245820236596508,109.0260664119362,2254.831298828125,56.0,4.870573997497559,4.0,2.0,0.6406656317655064,12.160294532775879,40.0,"{""type"":""Point"",""coordinates"":[109.02419117568704,19.24781273205082]}"
944,0.0,27.0,77.0,12.616937637329102,55.0,19.55124743319714,109.52013981820193,2367.700927734375,47.0,0.5427554845809937,4.0,3.0,0.7438006051929268,14.385446548461914,34.0,"{""type"":""Point"",""coordinates"":[109.51932302966367,19.553096930292412]}"
945,0.0,32.0,140.0,19.513076782226562,76.0,19.564722162458935,109.76717652133482,2450.18603515625,43.0,1.320447564125061,4.0,3.0,0.713772901038441,13.457895278930664,35.0,"{""type"":""Point"",""coordinates"":[109.76578058537032,19.566650151379367]}"
946,0.0,30.0,16.0,4.3386688232421875,17.0,19.94650615820973,109.56954715882853,1523.7469482421875,40.0,0.18257789313793182,3.0,4.0,0.7352360906783936,15.367935180664062,35.0,"{""type"":""Point"",""coordinates"":[109.56797426507343,19.947126110254292]}"
947,0.0,22.0,128.0,15.255946159362793,76.0,19.470399057626388,109.85251647332615,2563.62548828125,54.0,0.5991755723953247,4.0,3.0,0.7153541332287227,14.255623817443848,37.0,"{""type"":""Point"",""coordinates"":[109.8512138293214,19.468174824212394]}"
948,0.0,23.0,9.0,7.704767227172852,12.0,18.819120476639732,110.41396352590084,1980.75830078125,52.0,0.28679710626602173,2.0,1.0,0.7054660047274163,15.04403305053711,49.0,"{""type"":""Point"",""coordinates"":[110.41452447104251,18.81811753206587]}"
949,0.0,30.0,506.0,35.65846633911133,291.0,18.980817227781245,109.64590395797865,2230.192626953125,39.0,5.255070686340332,5.0,2.0,0.6028160130209543,11.816502571105957,43.0,"{""type"":""Point"",""coordinates"":[109.64438624039259,18.982628761750398]}"
950,0.0,33.0,47.0,15.62657642364502,47.0,19.88362408832137,109.83455016764378,2115.9169921875,39.0,1.339619755744934,4.0,4.0,0.7363627504965139,13.499564170837402,34.0,"{""type"":""Point"",""coordinates"":[109.83632203480283,19.885630076134508]}"
951,0.0,20.0,24.0,6.002397537231445,24.0,19.753368372124037,110.9349863906902,1680.28076171875,57.0,0.6332635879516602,2.0,4.0,0.6855149127432087,12.882986068725586,46.0,"{""type"":""Point"",""coordinates"":[110.93692682843279,19.75415121711172]}"
952,0.0,30.0,259.0,67.54869079589844,81.0,19.133530826081568,109.45276617189296,2440.710693359375,37.0,9.717706680297852,4.0,2.0,0.6555448822941945,11.375751495361328,38.0,"{""type"":""Point"",""coordinates"":[109.45125229557621,19.134217012871396]}"
953,0.0,27.0,55.0,9.673359870910645,48.0,19.80277571275061,110.1130279057208,2307.186767578125,42.0,0.25051403045654297,4.0,4.0,0.7594655637256627,14.89511489868164,32.0,"{""type"":""Point"",""coordinates"":[110.11299487808085,19.80120144055729]}"
954,0.0,28.0,401.0,18.7337589263916,285.0,19.35361807069085,109.45725774831357,2556.69140625,50.0,1.1563782691955566,4.0,3.0,0.6692589362241566,13.413983345031738,37.0,"{""type"":""Point"",""coordinates"":[109.45688644865999,19.35465897545408]}"
955,0.0,29.0,40.0,10.240443229675293,40.0,19.501840092570568,109.01259168267438,1809.5689697265625,47.0,1.032366394996643,3.0,3.0,0.7135437501425618,13.764267921447754,37.0,"{""type"":""Point"",""coordinates"":[109.01309673637249,19.50260360831084]}"
956,0.0,22.0,17.0,10.462813377380371,20.0,18.944884616416466,110.46786244294805,2017.482666015625,49.0,0.6165446043014526,3.0,2.0,0.7332194279487018,14.273957252502441,41.0,"{""type"":""Point"",""coordinates"":[110.47009234869957,18.943428607618948]}"
957,0.0,24.0,20.0,9.811338424682617,21.0,19.735402066441644,110.82269698017524,2053.818603515625,51.0,0.8121803998947144,4.0,3.0,0.7256796669821911,13.05555248260498,43.0,"{""type"":""Point"",""coordinates"":[110.82468901750494,19.736644566072137]}"
958,0.0,32.0,76.0,21.002330780029297,61.0,19.57370531530013,110.23879204549758,2413.289794921875,39.0,1.4801684617996216,4.0,3.0,0.7180539926143766,13.382598876953125,38.0,"{""type"":""Point"",""coordinates"":[110.24080648735631,19.571536690448113]}"
959,0.0,29.0,419.0,55.2879524230957,241.0,18.985308804201843,109.77615967417603,2357.043701171875,45.0,9.104607582092285,4.0,2.0,0.5969643716395882,11.328751564025879,44.0,"{""type"":""Point"",""coordinates"":[109.77406605897217,18.98353619313225]}"
960,0.0,26.0,7.0,5.019521236419678,8.0,20.036337686621685,110.71040756966033,1710.458984375,47.0,0.19193634390830994,3.0,4.0,0.7126982256811393,14.115081787109375,45.0,"{""type"":""Point"",""coordinates"":[110.70966516916471,20.034617008522495]}"
961,0.0,25.0,149.0,24.29521369934082,95.0,18.940393039995868,109.03504956477741,2039.1141357421875,48.0,3.0022835731506348,5.0,2.0,0.6355901242665303,12.630155563354492,41.0,"{""type"":""Point"",""coordinates"":[109.03621344443278,18.939706700796123]}"
962,0.0,29.0,109.0,66.17874908447266,86.0,19.093106638296184,109.0215748355156,2160.386962890625,41.0,12.337756156921387,7.0,2.0,0.6291131621755053,11.226800918579102,40.0,"{""type"":""Point"",""coordinates"":[109.02074439458588,19.094249270585017]}"
963,0.0,26.0,5.0,5.867611885070801,5.0,20.004896651677498,110.40498037305969,1905.899658203125,44.0,0.08376394957304001,3.0,4.0,0.7549645477723329,15.409814834594727,39.0,"{""type"":""Point"",""coordinates"":[110.40629558525671,20.005937120903624]}"
964,0.0,28.0,183.0,47.785064697265625,124.0,19.0751403326138,109.9513311545793,2397.50146484375,48.0,5.959649085998535,4.0,2.0,0.6279067391838924,11.920378684997559,43.0,"{""type"":""Point"",""coordinates"":[109.94992235180186,19.074956810170416]}"
965,0.0,23.0,192.0,16.780363082885742,177.0,18.99429195704304,108.84191177869172,1675.0687255859375,56.0,3.090808153152466,3.0,2.0,0.6004337705869127,12.57384967803955,42.0,"{""type"":""Point"",""coordinates"":[108.84262957754925,18.99239395584927]}"
966,0.0,31.0,4.0,5.3359832763671875,5.0,19.959980887471524,110.79574752165166,1812.828125,39.0,0.13485771417617798,3.0,4.0,0.7092731069396467,14.474642753601074,48.0,"{""type"":""Point"",""coordinates"":[110.7971113962008,19.960752505349653]}"
967,0.0,26.0,125.0,10.74331283569336,124.0,19.501840092570568,109.16530528097474,2060.4052734375,55.0,0.7612355351448059,5.0,3.0,0.6724864115802689,14.018058776855469,34.0,"{""type"":""Point"",""coordinates"":[109.16752691682427,19.499995294552804]}"
968,0.0,28.0,37.0,8.32687759399414,38.0,19.96896404031272,110.28819938612412,2258.742431640625,44.0,0.18308669328689575,2.0,4.0,0.741014954358022,14.582392692565918,38.0,"{""type"":""Point"",""coordinates"":[110.28853447552308,19.96991388701032]}"
969,0.0,23.0,17.0,9.263324737548828,17.0,18.57208377350686,110.06811214151486,2085.37158203125,44.0,0.3494341969490051,3.0,1.0,0.723891750945166,14.861001968383789,45.0,"{""type"":""Point"",""coordinates"":[110.06627791886919,18.57429254622299]}"
970,0.0,26.0,7.0,6.0070576667785645,8.0,20.031846110201087,110.58015185346295,1796.633056640625,41.0,0.31060662865638733,2.0,4.0,0.7212088505144708,13.633712768554688,44.0,"{""type"":""Point"",""coordinates"":[110.57843392767475,20.03023670659911]}"
971,0.0,32.0,102.0,30.167470932006836,102.0,19.784809407068217,109.99624691878529,2434.827392578125,39.0,2.630126953125,5.0,4.0,0.6969765017931838,12.791607856750488,32.0,"{""type"":""Point"",""coordinates"":[109.99797352698424,19.784622907770427]}"
972,0.0,28.0,362.0,57.66585159301758,238.0,18.886494122948697,109.06199902330098,2079.56005859375,41.0,12.84821605682373,7.0,2.0,0.5846934846750302,11.017704963684082,42.0,"{""type"":""Point"",""coordinates"":[109.0622649397384,18.885210980521403]}"
973,0.0,30.0,263.0,32.58937072753906,251.0,18.608016384871647,108.99462537699202,1785.7491455078125,42.0,7.617405414581299,4.0,1.0,0.5578229142409143,11.620320320129395,49.0,"{""type"":""Point"",""coordinates"":[108.99364156683924,18.608913266092966]}"
974,0.0,22.0,191.0,9.813920021057129,51.0,18.67988160760121,109.24615365654546,2024.8345947265625,56.0,0.5941882729530334,3.0,1.0,0.6753541333600714,14.224417686462402,44.0,"{""type"":""Point"",""coordinates"":[109.24682639956565,18.68034696633506]}"
975,0.0,22.0,128.0,21.65013313293457,90.0,19.587180044561926,109.85251647332615,2515.640869140625,55.0,1.3524011373519897,4.0,3.0,0.7024447110421514,13.441391944885254,35.0,"{""type"":""Point"",""coordinates"":[109.85404193004895,19.588108649093186]}"
976,0.0,25.0,256.0,12.805685997009277,181.0,19.16048028460515,109.92438169605572,2358.49853515625,46.0,0.5584074258804321,4.0,2.0,0.650991469919624,14.243996620178223,41.0,"{""type"":""Point"",""coordinates"":[109.92288189639967,19.158582375255016]}"
977,0.0,29.0,97.0,17.833255767822266,79.0,19.66353684371208,109.57403873524913,2205.7333984375,46.0,1.502166748046875,4.0,3.0,0.7068177154152848,13.355230331420898,33.0,"{""type"":""Point"",""coordinates"":[109.57231448724363,19.663008857974344]}"
978,0.0,24.0,234.0,23.490882873535156,228.0,18.43284490446834,109.36293464348103,1940.364990234375,53.0,3.4992921352386475,3.0,1.0,0.6161621056054452,12.42215633392334,41.0,"{""type"":""Point"",""coordinates"":[109.36136146167904,18.434528255738744]}"
979,0.0,31.0,120.0,18.04202651977539,101.0,19.46141590478519,110.45438771368623,2380.862060546875,35.0,1.149173378944397,4.0,3.0,0.6670335716048696,13.569190979003906,39.0,"{""type"":""Point"",""coordinates"":[110.45234462601722,19.45923793633551]}"
980,0.0,28.0,65.0,7.665953636169434,65.0,19.87913251190077,110.3241319974889,2230.738037109375,45.0,0.08372854441404343,9.0,4.0,0.7220241690582783,15.978546142578125,36.0,"{""type"":""Point"",""coordinates"":[110.323952334518,19.877948993159386]}"
981,0.0,27.0,32.0,20.045011520385742,32.0,18.42835332804774,109.17428843381595,1851.7518310546875,45.0,2.7990095615386963,4.0,1.0,0.6975079862286093,12.770830154418945,42.0,"{""type"":""Point"",""coordinates"":[109.17306463854258,18.429470465493303]}"
982,0.0,25.0,14.0,8.062164306640625,14.0,18.401403869524152,109.20123789233952,1901.00146484375,49.0,0.4384223222732544,2.0,1.0,0.7331136312907949,14.635855674743652,41.0,"{""type"":""Point"",""coordinates"":[109.19988480400062,18.403132913894122]}"
983,0.0,31.0,231.0,36.823699951171875,217.0,18.608016384871647,108.99911695341262,1785.7491455078125,40.0,9.104039192199707,5.0,1.0,0.5559273008265387,11.4607515335083,49.0,"{""type"":""Point"",""coordinates"":[108.99694258930002,18.60596055989127]}"
984,0.0,23.0,32.0,10.958891868591309,32.0,19.600654773823713,109.31801887927503,2083.043701171875,51.0,0.6312344670295715,2.0,3.0,0.7443421189416404,14.260929107666016,36.0,"{""type"":""Point"",""coordinates"":[109.31593698502964,19.602689786816835]}"
985,0.0,27.0,255.0,42.35953140258789,157.0,19.416500140579217,109.70878602786706,2521.203369140625,44.0,4.185414791107178,4.0,3.0,0.676684725905798,12.228643417358398,34.0,"{""type"":""Point"",""coordinates"":[109.71009496209595,19.418627967313455]}"
986,0.0,24.0,22.0,9.293926239013672,22.0,19.6365873851885,109.30903572643388,2083.043701171875,54.0,0.4414692521095276,2.0,3.0,0.7569090623836257,14.624316215515137,36.0,"{""type"":""Point"",""coordinates"":[109.30684161540614,19.63533583147761]}"
987,0.0,24.0,179.0,18.9901180267334,62.0,19.34912649427025,109.61895449945507,2450.58984375,49.0,1.1470447778701782,17.0,3.0,0.7282310942220278,13.57422924041748,37.0,"{""type"":""Point"",""coordinates"":[109.61734825770327,19.350239352826854]}"
988,0.0,24.0,46.0,8.321854591369629,46.0,18.720305795386587,110.1624352463474,2159.656494140625,52.0,0.21487697958946228,3.0,1.0,0.6950063404137347,15.330403327941895,45.0,"{""type"":""Point"",""coordinates"":[110.16066616778178,18.719035541899125]}"
989,0.0,24.0,26.0,8.196918487548828,29.0,18.895477275789894,110.3735393381155,2169.853515625,51.0,0.18188048899173737,5.0,2.0,0.7173499635636937,15.50877571105957,45.0,"{""type"":""Point"",""coordinates"":[110.37376630829168,18.895057863542963]}"
990,0.0,29.0,156.0,27.734867095947266,84.0,18.8820025465281,108.99013380057141,1957.0806884765625,43.0,4.255847930908203,4.0,2.0,0.6377161236075877,12.275932312011719,41.0,"{""type"":""Point"",""coordinates"":[108.99117762626014,18.88261430519251]}"
991,0.0,30.0,26.0,12.243600845336914,26.0,19.89260724116256,109.81658386196136,2115.9169921875,42.0,0.8088115453720093,4.0,4.0,0.7630547901681954,14.016496658325195,34.0,"{""type"":""Point"",""coordinates"":[109.81495821231564,19.89270983652082]}"
993,0.0,23.0,81.0,11.121343612670898,81.0,19.35361807069085,108.94970961278602,1782.074951171875,55.0,1.2353427410125732,2.0,3.0,0.64898915773639,13.56048583984375,40.0,"{""type"":""Point"",""coordinates"":[108.9492506273779,19.35502668436359]}"
994,0.0,24.0,145.0,10.048179626464844,115.0,19.506331668991166,110.1130279057208,2448.066650390625,52.0,0.18255704641342163,4.0,3.0,0.7004685796570678,15.433625221252441,33.0,"{""type"":""Point"",""coordinates"":[110.1124658590727,19.50852566656345]}"
995,0.0,39.0,71.0,6.711832523345947,72.0,19.820742018433002,109.5515808531461,1778.168212890625,34.0,0.44194403290748596,5.0,4.0,0.6956375205780368,14.594508171081543,33.0,"{""type"":""Point"",""coordinates"":[109.5522933666768,19.819694343584917]}"
996,0.0,25.0,152.0,25.8835506439209,150.0,18.76522155959256,108.78352128522391,1652.8431396484375,53.0,6.275947570800781,4.0,1.0,0.5790508951870286,11.887835502624512,45.0,"{""type"":""Point"",""coordinates"":[108.78503516119432,18.763728630225742]}"
997,0.0,26.0,103.0,19.522981643676758,74.0,19.510823245411764,110.12650263498261,2448.066650390625,50.0,1.2520447969436646,6.0,3.0,0.7242408762223917,13.533799171447754,34.0,"{""type"":""Point"",""coordinates"":[110.12600563471455,19.51085476123206]}"
998,0.0,31.0,563.0,56.26325225830078,414.0,18.93590146357527,109.83005859122318,2348.892333984375,37.0,10.230198860168457,4.0,2.0,0.5801318946034981,11.095629692077637,45.0,"{""type"":""Point"",""coordinates"":[109.82821612102909,18.936443891957765]}"
999,0.0,27.0,423.0,34.507164001464844,243.0,18.8820025465281,109.51115666536077,2160.26513671875,48.0,5.33937406539917,6.0,2.0,0.5955224866297553,11.864985466003418,45.0,"{""type"":""Point"",""coordinates"":[109.51115086801306,18.882028859734813]}"
1000,0.0,27.0,201.0,18.60548973083496,184.0,18.868527817266305,110.21184258697394,2414.37841796875,49.0,1.2468767166137695,4.0,2.0,0.637069359399921,13.476667404174805,45.0,"{""type"":""Point"",""coordinates"":[110.21250512099691,18.86717269720662]}"
1001,0.0,24.0,11.0,9.858076095581055,14.0,18.774204712433757,110.3735393381155,2031.80419921875,50.0,0.5452330708503723,2.0,1.0,0.7051546812463361,14.419538497924805,49.0,"{""type"":""Point"",""coordinates"":[110.37258696525633,18.77521902396946]}"
1002,0.0,35.0,80.0,24.401187896728516,80.0,19.043699297669612,110.39599722021848,2415.82666015625,36.0,1.9444299936294556,4.0,2.0,0.6949509348602525,13.107234954833984,38.0,"{""type"":""Point"",""coordinates"":[110.39568485877516,19.044416746938566]}"
1003,0.0,31.0,694.0,39.3895263671875,658.0,18.756238406751365,110.03217953015007,2302.499755859375,44.0,7.040339469909668,5.0,1.0,0.5815483833438176,11.358240127563477,45.0,"{""type"":""Point"",""coordinates"":[110.03096996123327,18.75564397260102]}"
1004,0.0,28.0,358.0,35.1364860534668,202.0,19.079631909034397,109.77615967417603,2285.42578125,47.0,4.532546043395996,4.0,2.0,0.629853866278649,12.077371597290039,40.0,"{""type"":""Point"",""coordinates"":[109.77772895395432,19.08103318786121]}"
1005,0.0,25.0,15.0,6.680838584899902,16.0,19.919556699686147,110.72388229892209,1910.9710693359375,46.0,0.33495599031448364,4.0,4.0,0.7023778931906917,13.54038143157959,48.0,"{""type"":""Point"",""coordinates"":[110.7250152194571,19.91831810961619]}"
1006,0.0,27.0,661.0,25.13262367248535,583.0,18.810137323798536,109.72675233354943,2252.894775390625,45.0,3.110706090927124,5.0,1.0,0.5889499395963127,12.209829330444336,46.0,"{""type"":""Point"",""coordinates"":[109.72465521495045,18.809060906804444]}"
1007,0.0,28.0,181.0,33.1558723449707,150.0,18.93590146357527,110.1624352463474,2286.8037109375,47.0,3.772953987121582,4.0,2.0,0.6165138536492893,12.380974769592285,46.0,"{""type"":""Point"",""coordinates"":[110.16090215184566,18.93735316218881]}"
1008,0.0,19.0,76.0,12.629079818725586,66.0,19.12903924966097,108.8688612372153,1842.0745849609375,61.0,1.3770376443862915,2.0,2.0,0.6734276816138013,13.454850196838379,39.0,"{""type"":""Point"",""coordinates"":[108.86760208192482,19.128627130487615]}"
1009,0.0,21.0,14.0,8.499905586242676,15.0,19.820742018433002,109.47971563041654,1765.201416015625,54.0,0.6802979707717896,2.0,4.0,0.7451475201751113,14.196479797363281,36.0,"{""type"":""Point"",""coordinates"":[109.47962413204104,19.822128058784305]}"
1010,0.0,26.0,23.0,7.696505546569824,24.0,19.874640935480173,110.67447495829555,1970.582275390625,44.0,0.42185425758361816,6.0,4.0,0.7154938702891329,13.70612907409668,44.0,"{""type"":""Point"",""coordinates"":[110.6765851362681,19.87354243765963]}"
1011,0.0,27.0,26.0,10.679454803466797,9.0,19.735402066441644,110.04565425941183,2453.1875,49.0,0.2597999572753906,2.0,3.0,0.8163178726227442,15.152210235595703,31.0,"{""type"":""Point"",""coordinates"":[110.04601306557734,19.737261561814748]}"
1012,0.0,30.0,556.0,47.9583740234375,518.0,18.774204712433757,110.02319637730886,2302.499755859375,43.0,8.52534294128418,5.0,1.0,0.5844960375418533,11.287088394165039,45.0,"{""type"":""Point"",""coordinates"":[110.02164075687594,18.77213644340682]}"
1013,0.0,31.0,250.0,33.394447326660156,125.0,18.724797371807185,109.06649059972159,1968.15234375,40.0,5.943129062652588,4.0,1.0,0.5960621683216951,11.879533767700195,44.0,"{""type"":""Point"",""coordinates"":[109.06532250997546,18.724314850514823]}"
1014,0.0,28.0,258.0,34.2787971496582,203.0,19.389550682055628,109.96929746026171,2496.88037109375,47.0,3.2180604934692383,5.0,3.0,0.6665897708026542,12.490193367004395,37.0,"{""type"":""Point"",""coordinates"":[109.96993476108123,19.38889721187491]}"
1015,0.0,28.0,79.0,13.594903945922852,79.0,19.86116620621838,110.45438771368623,2167.918212890625,43.0,1.1315480470657349,5.0,4.0,0.6859700327379897,13.174071311950684,38.0,"{""type"":""Point"",""coordinates"":[110.45268554813501,19.861828778837477]}"
1016,0.0,23.0,121.0,14.221590042114258,68.0,19.277261271540688,110.17141839918861,2508.52392578125,52.0,0.5498856902122498,4.0,2.0,0.7171809162739837,14.34577465057373,38.0,"{""type"":""Point"",""coordinates"":[110.16937181950433,19.27823509347783]}"
1017,0.0,27.0,10.0,4.431948184967041,11.0,20.000405075256907,110.71489914608088,1710.458984375,46.0,0.0,3.0,4.0,0.7008953070362458,15.317362785339355,47.0,"{""type"":""Point"",""coordinates"":[110.7166582161929,20.00164288632478]}"
1018,0.0,30.0,664.0,43.11684036254883,488.0,18.998783533463637,109.78065125059658,2357.043701171875,45.0,7.399914264678955,4.0,2.0,0.597643613962119,11.335858345031738,42.0,"{""type"":""Point"",""coordinates"":[109.78031884605511,18.999599683387046]}"
1019,0.0,24.0,15.0,4.011335849761963,18.0,18.62598269055404,108.72962236817676,1483.9129638671875,49.0,0.12970924377441406,2.0,1.0,0.700079243690483,15.762870788574219,42.0,"{""type"":""Point"",""coordinates"":[108.72813949426096,18.62464995600739]}"
1020,0.0,30.0,501.0,50.67551040649414,412.0,19.025732991987226,109.15632212813352,2352.6279296875,42.0,8.31264591217041,6.0,2.0,0.6183142148684821,11.357681274414062,39.0,"{""type"":""Point"",""coordinates"":[109.15827632657214,19.02369080214609]}"
1021,0.0,30.0,561.0,48.35953140258789,429.0,18.97183407494005,109.20123789233952,2155.08837890625,39.0,10.234006881713867,5.0,2.0,0.5930020796618235,11.096929550170898,40.0,"{""type"":""Point"",""coordinates"":[109.20210704931387,18.969807129250995]}"
1022,0.0,24.0,14.0,7.596009254455566,15.0,19.739893642862242,110.91252850858717,1793.6075439453125,53.0,1.0422154664993286,4.0,3.0,0.7076897117679048,12.407427787780762,45.0,"{""type"":""Point"",""coordinates"":[110.91035247771022,19.74025594412875]}"
1023,0.0,27.0,91.0,13.984077453613281,91.0,19.55124743319714,109.04403271761862,1792.6734619140625,46.0,1.7775863409042358,2.0,3.0,0.6537177380941251,13.190409660339355,36.0,"{""type"":""Point"",""coordinates"":[109.0456913179916,19.552381962047782]}"
1024,0.0,24.0,29.0,10.374455451965332,30.0,19.739893642862242,110.82269698017524,2053.818603515625,53.0,0.9971005320549011,5.0,3.0,0.7152831222072645,12.836722373962402,43.0,"{""type"":""Point"",""coordinates"":[110.82290461181837,19.740789468793626]}"
1025,0.0,26.0,169.0,24.32281494140625,99.0,19.35361807069085,109.94234800173814,2473.1416015625,49.0,1.7957247495651245,4.0,3.0,0.6678241048997019,13.132152557373047,39.0,"{""type"":""Point"",""coordinates"":[109.94377858387703,19.353529613872798]}"
1026,0.0,29.0,394.0,36.636138916015625,374.0,18.8775109701075,110.19836785771219,2240.729736328125,45.0,5.239002227783203,4.0,2.0,0.6005728064525186,11.905656814575195,45.0,"{""type"":""Point"",""coordinates"":[110.1993527013681,18.876293069149714]}"
1027,0.0,28.0,367.0,43.379669189453125,250.0,19.367092799952644,109.64590395797865,2563.9365234375,48.0,4.6612324714660645,4.0,3.0,0.6621185386402175,12.042778015136719,36.0,"{""type"":""Point"",""coordinates"":[109.64696930301471,19.366059821898357]}"
1028,0.0,25.0,38.0,13.771955490112305,38.0,19.762351524965233,109.47522405399599,1940.4478759765625,52.0,1.3770875930786133,3.0,4.0,0.7445546478762273,13.47723388671875,32.0,"{""type"":""Point"",""coordinates"":[109.47662615554077,19.761232023472257]}"
1029,0.0,24.0,36.0,6.510477066040039,39.0,18.536151162142083,108.84191177869172,1524.37890625,50.0,0.6909388899803162,2.0,1.0,0.6626730625832332,14.168218612670898,45.0,"{""type"":""Point"",""coordinates"":[108.84334121096992,18.536005299638397]}"
1030,0.0,24.0,38.0,13.939750671386719,27.0,19.71294418433866,110.18938470487097,2448.582763671875,48.0,0.594419538974762,3.0,3.0,0.7989273435274575,14.147502899169922,30.0,"{""type"":""Point"",""coordinates"":[110.18800270995888,19.71309282312017]}"
1031,0.0,29.0,36.0,9.01702880859375,36.0,18.59903323203045,110.03217953015007,2092.2900390625,41.0,0.3648192584514618,5.0,1.0,0.6990886352043311,14.806902885437012,46.0,"{""type"":""Point"",""coordinates"":[110.0340626900983,18.599165142072813]}"
1032,0.0,27.0,36.0,9.30143928527832,37.0,19.83421674769479,110.58913500630416,2149.127197265625,41.0,0.4697864353656769,5.0,4.0,0.7367191759220435,13.64440631866455,38.0,"{""type"":""Point"",""coordinates"":[110.58843633151164,19.83261361889689]}"
1033,0.0,25.0,32.0,13.31632137298584,23.0,19.164971861025748,110.28370780970351,2528.46728515625,47.0,0.4212370216846466,4.0,2.0,0.7655357369819112,14.665432929992676,40.0,"{""type"":""Point"",""coordinates"":[110.28534269066601,19.166713785539724]}"
1034,0.0,31.0,442.0,47.513877868652344,318.0,18.97183407494005,109.17878001023655,2123.965576171875,37.0,9.416939735412598,6.0,2.0,0.6013727198810892,11.277022361755371,40.0,"{""type"":""Point"",""coordinates"":[109.17718225097525,18.973455038793656]}"
1036,0.0,28.0,11.0,6.691524028778076,12.0,19.870149359059575,109.55607242956671,1663.892578125,43.0,0.5041846036911011,2.0,4.0,0.7476935593601942,14.497814178466797,35.0,"{""type"":""Point"",""coordinates"":[109.55710939027581,19.87219467319026]}"
1037,0.0,30.0,224.0,55.880615234375,196.0,18.563100620665672,109.35395149063982,2054.148193359375,42.0,11.963418960571289,4.0,1.0,0.5742247650358526,11.185991287231445,46.0,"{""type"":""Point"",""coordinates"":[109.35339159672506,18.561990149469317]}"
1038,0.0,29.0,19.0,16.483509063720703,19.0,19.924048276106745,109.94234800173814,2228.732421875,39.0,1.3127237558364868,4.0,4.0,0.7671532561108537,13.266189575195312,36.0,"{""type"":""Point"",""coordinates"":[109.94058158434828,19.921898027759955]}"
1039,0.0,27.0,29.0,9.694977760314941,13.0,19.726418913600448,110.06811214151486,2454.400634765625,46.0,0.13469535112380981,4.0,3.0,0.8093278371452518,15.807372093200684,32.0,"{""type"":""Point"",""coordinates"":[110.06968674304919,19.724960755705293]}"
1040,0.0,22.0,141.0,18.245161056518555,83.0,19.479382210467584,109.56954715882853,2435.49169921875,54.0,1.0851951837539673,4.0,3.0,0.6970000757529091,13.653542518615723,37.0,"{""type"":""Point"",""coordinates"":[109.56927499225277,19.479139341090242]}"
1041,0.0,29.0,244.0,22.857872009277344,239.0,18.54513431498328,109.83005859122318,2219.58642578125,43.0,2.2789828777313232,5.0,1.0,0.6107493070285623,12.845094680786133,47.0,"{""type"":""Point"",""coordinates"":[109.8288589663996,18.546014819643684]}"
1042,0.0,28.0,211.0,38.96623229980469,194.0,19.245820236596508,110.21184258697394,2568.791748046875,43.0,3.4344468116760254,3.0,2.0,0.6530947739087991,12.455944061279297,41.0,"{""type"":""Point"",""coordinates"":[110.21323071875554,19.247409272144544]}"
1043,0.0,29.0,209.0,45.55818557739258,184.0,18.899968852210492,108.8688612372153,1813.3656005859375,43.0,12.068471908569336,5.0,2.0,0.5763961248179611,11.186755180358887,43.0,"{""type"":""Point"",""coordinates"":[108.86726949221189,18.8983676159699]}"
1044,0.0,29.0,991.0,46.341312408447266,811.0,18.98980038062244,109.4437830190518,2204.309814453125,41.0,14.573638916015625,6.0,2.0,0.5510824455443964,10.284333229064941,42.0,"{""type"":""Point"",""coordinates"":[109.44307816647816,18.989185463216412]}"
1045,0.0,24.0,44.0,12.549357414245605,35.0,19.618621079506106,110.32862357390951,2373.91259765625,50.0,0.5480378270149231,3.0,3.0,0.7588156429261412,14.165224075317383,36.0,"{""type"":""Point"",""coordinates"":[110.32938768627707,19.61691322185594]}"
1047,0.0,25.0,47.0,15.828848838806152,38.0,19.72192733717985,110.22531731623576,2397.03466796875,51.0,0.9878027439117432,6.0,3.0,0.7749098018477034,13.529251098632812,32.0,"{""type"":""Point"",""coordinates"":[110.22545686553494,19.722438012205142]}"
1048,0.0,30.0,437.0,52.748558044433594,248.0,19.12454767324037,109.58751346451089,2310.368896484375,40.0,8.780731201171875,4.0,2.0,0.6121138753970112,11.351972579956055,40.0,"{""type"":""Point"",""coordinates"":[109.58662594949783,19.124903450803856]}"
1049,0.0,25.0,229.0,28.888113021850586,128.0,19.40751698773802,109.5920050409315,2483.901123046875,53.0,2.4679453372955322,4.0,3.0,0.6876658075835621,12.77524471282959,33.0,"{""type"":""Point"",""coordinates"":[109.59408127997354,19.40726169492592]}"
1050,0.0,27.0,252.0,39.32514190673828,118.0,19.21437920165232,109.3943756784252,2624.8427734375,45.0,3.341942071914673,4.0,2.0,0.675601963520382,12.456345558166504,36.0,"{""type"":""Point"",""coordinates"":[109.39366637352853,19.21230195532307]}"
1051,0.0,28.0,512.0,58.388893127441406,409.0,19.142513978922757,109.19225473949831,2434.729248046875,49.0,9.999748229980469,6.0,2.0,0.6212678546652919,11.160892486572266,38.0,"{""type"":""Point"",""coordinates"":[109.19158489280574,19.143825563270322]}"
1052,0.0,29.0,24.0,8.898138999938965,24.0,19.72192733717985,110.7328654517633,2247.13623046875,45.0,0.2931986153125763,4.0,3.0,0.7488503095060813,14.355355262756348,40.0,"{""type"":""Point"",""coordinates"":[110.73097657527417,19.721808737695497]}"
1053,0.0,22.0,66.0,12.527962684631348,49.0,19.55124743319714,110.28370780970351,2438.87841796875,53.0,0.43129903078079224,4.0,3.0,0.7380571420818924,14.602093696594238,38.0,"{""type"":""Point"",""coordinates"":[110.28590605724531,19.551252312322724]}"
1054,0.0,34.0,126.0,21.642107009887695,111.0,19.340143341429055,110.30616569180654,2498.102783203125,41.0,1.5128589868545532,4.0,3.0,0.6766467231283093,13.330456733703613,38.0,"{""type"":""Point"",""coordinates"":[110.30452861641764,19.340049966162265]}"
1055,0.0,26.0,517.0,76.40827178955078,432.0,19.245820236596508,109.91989011963511,2466.73095703125,49.0,14.625534057617188,5.0,2.0,0.6067678931880294,10.764813423156738,38.0,"{""type"":""Point"",""coordinates"":[109.92041420327783,19.245795902012244]}"
1056,0.0,21.0,28.0,9.378262519836426,28.0,19.66802842013268,109.34945991421921,1975.52392578125,57.0,0.56007981300354,2.0,3.0,0.7429233934562113,14.382858276367188,36.0,"{""type"":""Point"",""coordinates"":[109.34728534534725,19.665785884010056]}"
1057,0.0,25.0,47.0,45.59540557861328,42.0,18.46428593941252,109.26861153864849,1948.5382080078125,48.0,8.71571159362793,11.0,1.0,0.671899154386927,11.619250297546387,43.0,"{""type"":""Point"",""coordinates"":[109.26671027576475,18.464177065608578]}"
1058,0.0,30.0,740.0,15.925756454467773,536.0,18.922426734313476,109.60547977019331,2224.193603515625,46.0,1.583059549331665,5.0,2.0,0.5970085433812865,12.810881614685059,44.0,"{""type"":""Point"",""coordinates"":[109.60701999383723,18.922541875606157]}"
1059,0.0,30.0,32.0,26.01516342163086,33.0,19.474890634046986,110.64303392335137,2277.371826171875,39.0,3.142345905303955,5.0,3.0,0.7434582308430686,12.22144889831543,37.0,"{""type"":""Point"",""coordinates"":[110.64080515866164,19.475226810116094]}"
1060,0.0,28.0,722.0,65.32299041748047,490.0,18.97183407494005,109.72226075712882,2368.278076171875,44.0,15.282071113586426,6.0,2.0,0.5718415169715083,10.537330627441406,42.0,"{""type"":""Point"",""coordinates"":[109.72201097578416,18.971082898194584]}"
1061,0.0,25.0,175.0,14.843700408935547,98.0,19.29522757722308,109.87048277900857,2426.37109375,52.0,0.7609332203865051,5.0,3.0,0.6799689137917265,13.987242698669434,37.0,"{""type"":""Point"",""coordinates"":[109.87166246382998,19.29453545314906]}"
1062,0.0,33.0,59.0,15.209596633911133,59.0,19.72192733717985,109.47971563041654,2085.091552734375,42.0,1.388449788093567,4.0,3.0,0.7292468578761888,13.456686019897461,32.0,"{""type"":""Point"",""coordinates"":[109.47958209490727,19.723672960415644]}"
1063,0.0,27.0,118.0,13.596220016479492,61.0,19.60514635024431,109.74022706281124,2344.997802734375,46.0,0.6800330877304077,4.0,3.0,0.7370895156517457,14.135165214538574,33.0,"{""type"":""Point"",""coordinates"":[109.73861324827034,19.60669287842448]}"
1064,0.0,28.0,16.0,7.211090087890625,16.0,19.735402066441644,110.76430648670748,2158.914306640625,48.0,0.12990064918994904,5.0,3.0,0.7587505223140764,14.894585609436035,39.0,"{""type"":""Point"",""coordinates"":[110.76296239847345,19.735725587242566]}"
1065,0.0,34.0,82.0,12.92301082611084,65.0,19.757859948544635,109.8031091326996,2260.687744140625,39.0,0.7555323243141174,6.0,4.0,0.7177742976288195,14.051665306091309,36.0,"{""type"":""Point"",""coordinates"":[109.8048468896965,19.758391402265072]}"
1066,0.0,28.0,108.0,22.260093688964844,100.0,19.29522757722308,110.3241319974889,2649.724609375,46.0,1.2286545038223267,3.0,3.0,0.6927603385077709,13.549626350402832,36.0,"{""type"":""Point"",""coordinates"":[110.32493961566175,19.293380191179093]}"
1067,0.0,30.0,116.0,17.33598518371582,111.0,19.645570538029695,110.61159288840719,2285.096435546875,46.0,1.6837351322174072,3.0,3.0,0.6861319487569623,12.767793655395508,33.0,"{""type"":""Point"",""coordinates"":[110.61102352435147,19.643413292652504]}"
1068,0.0,22.0,40.0,5.959089756011963,40.0,19.097598214716783,108.7071644860738,1422.1533203125,55.0,0.7606479525566101,2.0,2.0,0.663844115974274,14.069755554199219,43.0,"{""type"":""Point"",""coordinates"":[108.705596922885,19.09843896069465]}"
1069,0.0,25.0,381.0,65.27845764160156,234.0,19.178446590287543,109.798617556279,2563.0400390625,46.0,8.559473037719727,3.0,2.0,0.6281888145871597,11.419590950012207,40.0,"{""type"":""Point"",""coordinates"":[109.79934618635026,19.178872807363742]}"
1070,0.0,23.0,32.0,11.000139236450195,35.0,18.90446042863109,110.3645561852743,2169.59130859375,51.0,0.5302743315696716,4.0,2.0,0.7080728250856052,14.435223579406738,45.0,"{""type"":""Point"",""coordinates"":[110.3626520550478,18.90226687843451]}"
1071,0.0,28.0,27.0,20.21527862548828,13.0,19.77582625422702,110.13099421140322,2408.277099609375,43.0,1.5218226909637451,4.0,4.0,0.8008413043297746,13.112259864807129,32.0,"{""type"":""Point"",""coordinates"":[110.12892353388183,19.778043259355314]}"
1072,0.0,26.0,146.0,13.317687034606934,43.0,19.313193882905473,109.72226075712882,2426.930908203125,40.0,0.501423716545105,4.0,3.0,0.7475882829034544,14.422592163085938,36.0,"{""type"":""Point"",""coordinates"":[109.72293843222575,19.311435807290785]}"
1073,0.0,29.0,210.0,25.755327224731445,111.0,19.46141590478519,109.69980287502585,2548.494140625,44.0,1.845649003982544,4.0,3.0,0.6861696905403195,13.078470230102539,35.0,"{""type"":""Point"",""coordinates"":[109.70103989328398,19.462190662720197]}"
1074,0.0,25.0,32.0,17.00869369506836,22.0,19.21437920165232,108.96318434204784,2087.268798828125,53.0,1.6029213666915894,3.0,2.0,0.7304889309156426,13.328803062438965,41.0,"{""type"":""Point"",""coordinates"":[108.96504731733658,19.212465140328003]}"
1075,0.0,26.0,85.0,9.501632690429688,85.0,19.344634917849653,108.92725173068305,1852.2252197265625,53.0,0.8357533812522888,3.0,3.0,0.641826490572876,13.948944091796875,42.0,"{""type"":""Point"",""coordinates"":[108.92518792664309,19.343086350524793]}"
1076,0.0,31.0,18.0,8.164212226867676,17.0,19.816250442012404,110.3735393381155,2227.774658203125,36.0,0.13475751876831055,7.0,4.0,0.7808020514993539,15.543500900268555,35.0,"{""type"":""Point"",""coordinates"":[110.37499875625403,19.8152132282714]}"
1077,0.0,27.0,316.0,11.39296817779541,230.0,19.01225826272543,109.9603143074205,2314.163330078125,49.0,0.5032140612602234,4.0,2.0,0.636112345168405,14.30714225769043,43.0,"{""type"":""Point"",""coordinates"":[109.96142269965691,19.013471300927435]}"
1078,0.0,21.0,32.0,6.587963104248047,32.0,18.495726974356707,110.0007384952059,1884.686767578125,56.0,0.21034331619739532,2.0,1.0,0.694108419304639,15.359901428222656,45.0,"{""type"":""Point"",""coordinates"":[109.99883171979464,18.493860229092853]}"
1079,0.0,24.0,219.0,38.840354919433594,100.0,19.209887625231723,109.82107543838197,2446.655517578125,54.0,4.072091102600098,4.0,2.0,0.6620337474251113,12.279951095581055,37.0,"{""type"":""Point"",""coordinates"":[109.82064803610275,19.20913225717581]}"
1080,0.0,21.0,8.0,3.9072399139404297,8.0,19.01225826272543,108.65326556902659,1227.0540771484375,54.0,0.4826904237270355,2.0,2.0,0.6815852069430854,14.543105125427246,45.0,"{""type"":""Point"",""coordinates"":[108.65420473088841,19.01007298925574]}"
1081,0.0,25.0,20.0,11.505019187927246,20.0,19.89260724116256,109.85700804974675,2217.527099609375,49.0,0.5971271991729736,4.0,4.0,0.7770508552255859,14.133926391601562,34.0,"{""type"":""Point"",""coordinates"":[109.85791013494351,19.894433712664185]}"
1082,0.0,25.0,180.0,10.535866737365723,95.0,19.29971915364368,109.78514282701718,2421.7236328125,54.0,0.2930593490600586,4.0,3.0,0.6840785234778682,14.938287734985352,37.0,"{""type"":""Point"",""coordinates"":[109.78643807148444,19.30182505161373]}"
1083,0.0,31.0,241.0,17.309511184692383,124.0,19.308702306484875,109.61895449945507,2450.58984375,42.0,1.0475773811340332,4.0,3.0,0.677615593190724,13.624747276306152,36.0,"{""type"":""Point"",""coordinates"":[109.61940945096072,19.30771042257185]}"
1084,0.0,27.0,280.0,27.239402770996094,156.0,18.886494122948697,109.87497435542917,2305.247314453125,49.0,2.8241164684295654,4.0,2.0,0.6196432577364315,12.606183052062988,45.0,"{""type"":""Point"",""coordinates"":[109.87374472313496,18.88639002785226]}"
1085,0.0,29.0,6.0,8.075708389282227,7.0,19.78031783064762,109.32251045569564,1790.6478271484375,42.0,0.5946331024169922,4.0,4.0,0.7712216018472537,14.33566951751709,33.0,"{""type"":""Point"",""coordinates"":[109.32168594579025,19.77933678986525]}"
1086,0.0,24.0,227.0,58.63800811767578,118.0,19.362601223532046,109.45725774831357,2556.69140625,55.0,7.0634002685546875,3.0,3.0,0.6558060866348461,11.720551490783691,37.0,"{""type"":""Point"",""coordinates"":[109.45633406466605,19.36219769101449]}"
1087,0.0,29.0,117.0,30.571762084960938,93.0,19.007766686304834,110.166926822768,2438.964111328125,41.0,2.6049394607543945,6.0,2.0,0.6425745822667628,12.79211139678955,46.0,"{""type"":""Point"",""coordinates"":[110.16776446806064,19.009346741027063]}"
1088,0.0,26.0,16.0,10.412398338317871,17.0,19.8252335948536,109.52463139462253,1796.7110595703125,46.0,1.002838134765625,4.0,4.0,0.749451412567853,13.807214736938477,35.0,"{""type"":""Point"",""coordinates"":[109.52286493049473,19.824693562954984]}"
1089,0.0,24.0,108.0,14.334400177001953,87.0,19.286244424381884,109.04852429403917,2158.419921875,55.0,1.089429259300232,3.0,3.0,0.6598295685539366,13.66992473602295,41.0,"{""type"":""Point"",""coordinates"":[109.04821834121576,19.285851728540194]}"
1090,0.0,31.0,412.0,68.25164031982422,280.0,19.003275109884235,109.19674631591892,2352.6279296875,39.0,12.695324897766113,7.0,2.0,0.6098215462422133,10.993448257446289,39.0,"{""type"":""Point"",""coordinates"":[109.19884545349014,19.00145743497571]}"
1091,0.0,25.0,65.0,13.6744384765625,34.0,19.483873786888182,110.27921623328291,2359.156005859375,43.0,0.6084182858467102,4.0,3.0,0.7536167437444541,14.278374671936035,37.0,"{""type"":""Point"",""coordinates"":[110.27726150776684,19.481844825413276]}"
1092,0.0,28.0,346.0,49.44965362548828,309.0,19.32666861216726,110.21633416339455,2583.78125,47.0,5.514670372009277,5.0,3.0,0.6574799779643743,11.888809204101562,37.0,"{""type"":""Point"",""coordinates"":[110.21663508288215,19.32672419477005]}"
1093,0.0,23.0,189.0,15.959539413452148,116.0,19.41200856415862,109.53810612388435,2468.859619140625,57.0,0.8603338003158569,4.0,3.0,0.6916044369947328,13.855533599853516,34.0,"{""type"":""Point"",""coordinates"":[109.53959093888973,19.410033113354736]}"
1094,0.0,31.0,253.0,51.255958557128906,256.0,18.3160639175328,109.64590395797865,1939.26171875,44.0,13.015216827392578,4.0,0.0,0.5771068876432077,11.079835891723633,43.0,"{""type"":""Point"",""coordinates"":[109.64749465988068,18.31650616784806]}"
1095,0.0,34.0,118.0,20.681188583374023,111.0,19.474890634046986,110.55769397135998,2377.290283203125,40.0,1.8787055015563965,4.0,3.0,0.6645487500994227,12.829750061035156,39.0,"{""type"":""Point"",""coordinates"":[110.5587106581877,19.47572321501354]}"
1096,0.0,29.0,549.0,14.046804428100586,509.0,18.841578358742723,108.90479384858008,1882.372802734375,48.0,1.9744397401809692,7.0,2.0,0.5886312809195334,12.762704849243164,44.0,"{""type"":""Point"",""coordinates"":[108.90572660634135,18.842320105153803]}"
1097,0.0,29.0,385.0,41.13037109375,381.0,18.42835332804774,109.33598518495745,1934.2215576171875,44.0,9.62550163269043,6.0,1.0,0.5851933459648284,11.2972993850708,42.0,"{""type"":""Point"",""coordinates"":[109.33545581906185,18.42630263435181]}"
1098,0.0,30.0,281.0,26.646528244018555,112.0,19.164971861025748,109.63692080513749,2422.058349609375,37.0,2.231987237930298,4.0,2.0,0.6550525500850767,12.841111183166504,39.0,"{""type"":""Point"",""coordinates"":[109.63740483275598,19.166428540259595]}"
1099,0.0,26.0,180.0,48.81908416748047,153.0,18.80115417095734,110.07709529435607,2242.0576171875,48.0,7.16160774230957,4.0,1.0,0.6019657154310981,11.736954689025879,46.0,"{""type"":""Point"",""coordinates"":[110.07495372166093,18.801620359621698]}"
1100,0.0,26.0,38.0,26.943483352661133,35.0,19.151497131763954,110.34209830317133,2570.515869140625,45.0,1.753566861152649,3.0,2.0,0.7518133704947978,13.235432624816895,39.0,"{""type"":""Point"",""coordinates"":[110.34209970220432,19.14939295559819]}"
1101,0.0,28.0,196.0,22.56016731262207,79.0,19.29522757722308,109.62793765229628,2470.3876953125,42.0,1.55046808719635,4.0,3.0,0.7025402697224193,13.261884689331055,36.0,"{""type"":""Point"",""coordinates"":[109.63018290509682,19.293224237335668]}"
1102,0.0,30.0,238.0,29.298831939697266,114.0,18.832595205901526,109.04852429403917,2014.2178955078125,44.0,4.579415798187256,7.0,2.0,0.6283682375211875,12.149618148803711,39.0,"{""type"":""Point"",""coordinates"":[109.05060080042989,18.83269914326729]}"
1103,0.0,32.0,391.0,67.51782989501953,371.0,18.985308804201843,110.26124992760055,2316.105224609375,37.0,12.8345947265625,4.0,2.0,0.5797936524191971,10.99771785736084,45.0,"{""type"":""Point"",""coordinates"":[110.26038578011548,18.98346760731672]}"
1104,0.0,23.0,30.0,16.800058364868164,30.0,19.641078961609097,109.36742621990163,2237.53662109375,54.0,1.223273754119873,3.0,3.0,0.7542052791259088,13.600371360778809,36.0,"{""type"":""Point"",""coordinates"":[109.3655574217803,19.642593069347093]}"
1105,0.0,25.0,16.0,9.759916305541992,17.0,19.699469455076866,110.99337688415795,1719.0740966796875,46.0,2.376229763031006,3.0,3.0,0.6917832822572995,11.578292846679688,46.0,"{""type"":""Point"",""coordinates"":[110.99327935866026,19.69842658676324]}"
1106,0.0,24.0,303.0,29.173080444335938,106.0,18.985308804201843,109.55607242956671,2257.619384765625,50.0,3.2249038219451904,4.0,2.0,0.6271975452729506,12.457481384277344,42.0,"{""type"":""Point"",""coordinates"":[109.55496365161709,18.98386331010323]}"
1107,0.0,25.0,438.0,41.99955749511719,255.0,19.10658136755798,109.69531129860525,2456.3486328125,51.0,5.081639289855957,4.0,2.0,0.6370299172161522,11.903382301330566,39.0,"{""type"":""Point"",""coordinates"":[109.69437949809023,19.108486993591995]}"
1108,0.0,24.0,251.0,39.45262145996094,219.0,19.066157179772603,110.09506160003843,2488.505859375,53.0,3.994067430496216,3.0,2.0,0.6264020792314003,12.278266906738281,45.0,"{""type"":""Point"",""coordinates"":[110.09434301239027,19.067564116458826]}"
1109,0.0,26.0,78.0,9.5852632522583,76.0,19.587180044561926,109.385392525584,2280.16064453125,52.0,0.29819080233573914,2.0,3.0,0.7103534652006611,14.983796119689941,35.0,"{""type"":""Point"",""coordinates"":[109.38678441288234,19.58791298723653]}"
1110,0.0,27.0,396.0,48.94907760620117,272.0,18.79666259453675,109.04403271761862,1951.608154296875,45.0,12.308574676513672,6.0,1.0,0.58611410672762,11.037259101867676,40.0,"{""type"":""Point"",""coordinates"":[109.04374564063004,18.797600009631005]}"
1111,0.0,27.0,52.0,32.892608642578125,37.0,19.142513978922757,110.19387628129158,2545.234619140625,44.0,2.515237331390381,3.0,2.0,0.7261859141172308,12.866186141967773,43.0,"{""type"":""Point"",""coordinates"":[110.19445604697103,19.144726569772573]}"
1112,0.0,28.0,150.0,34.30046463012695,91.0,19.164971861025748,109.97378903668232,2447.962890625,48.0,3.284466028213501,4.0,2.0,0.6659939809620933,12.539520263671875,40.0,"{""type"":""Point"",""coordinates"":[109.97548957355085,19.16470277472818]}"
1113,0.0,33.0,48.0,13.708778381347656,49.0,19.93752300536854,110.09955317645904,2344.78759765625,39.0,0.8116167783737183,3.0,4.0,0.7447513176131468,13.724966049194336,35.0,"{""type"":""Point"",""coordinates"":[110.10109367038108,19.939548180198404]}"
1114,0.0,29.0,243.0,32.156524658203125,196.0,18.666406878339416,109.06199902330098,1991.1480712890625,43.0,5.353088855743408,4.0,1.0,0.5907568516263428,11.989425659179688,46.0,"{""type"":""Point"",""coordinates"":[109.0629734318714,18.666084939051547]}"
1115,0.0,28.0,37.0,8.32687759399414,38.0,19.96896404031272,110.28819938612412,2258.742431640625,44.0,0.18308669328689575,2.0,4.0,0.741014954358022,14.582392692565918,38.0,"{""type"":""Point"",""coordinates"":[110.28923535171134,19.967493476957635]}"
1116,0.0,28.0,46.0,9.908611297607422,46.0,19.919556699686147,110.33311515033012,2218.89111328125,47.0,0.4598827660083771,3.0,4.0,0.7199274498407853,14.105788230895996,40.0,"{""type"":""Point"",""coordinates"":[110.33138580955207,19.92098559591496]}"
1117,0.0,27.0,79.0,9.519518852233887,79.0,19.38505910563503,108.88682754289766,1749.0107421875,53.0,1.0595111846923828,3.0,3.0,0.6463802453356907,13.715264320373535,41.0,"{""type"":""Point"",""coordinates"":[108.88750251456541,19.383635977960477]}"
1118,0.0,32.0,130.0,23.37175178527832,89.0,18.6888647604424,109.67734499292288,2379.972900390625,40.0,1.897669792175293,5.0,1.0,0.6362918357562404,13.101234436035156,48.0,"{""type"":""Point"",""coordinates"":[109.6793117598704,18.68849220011939]}"
1119,0.0,28.0,249.0,27.863191604614258,170.0,18.886494122948697,110.04565425941183,2241.36767578125,48.0,3.1575746536254883,4.0,2.0,0.6166516860569281,12.515213012695312,45.0,"{""type"":""Point"",""coordinates"":[110.04582938905982,18.887608826631112]}"
1120,0.0,24.0,2.0,7.2159104347229,5.0,18.899968852210492,110.49930347789223,1983.33203125,45.0,0.18188537657260895,2.0,2.0,0.7408690975803168,15.503520965576172,43.0,"{""type"":""Point"",""coordinates"":[110.49972012923824,18.900259869033512]}"
1121,0.0,30.0,408.0,44.835174560546875,411.0,18.289114459009213,109.6414123815581,1844.4837646484375,48.0,13.938663482666016,7.0,0.0,0.5763907762762158,10.89954662322998,40.0,"{""type"":""Point"",""coordinates"":[109.64320197194435,18.28701581685724]}"
1122,0.0,26.0,61.0,13.316658973693848,52.0,18.63047426697463,109.91090696679396,2214.982177734375,44.0,0.7674263715744019,4.0,1.0,0.6846509375047637,14.048540115356445,46.0,"{""type"":""Point"",""coordinates"":[109.90985733483024,18.631043479370653]}"
1123,0.0,27.0,223.0,38.18210983276367,56.0,19.29971915364368,109.52463139462253,2477.41064453125,48.0,3.8100509643554688,5.0,3.0,0.71855265165537,12.344062805175781,36.0,"{""type"":""Point"",""coordinates"":[109.52300296570287,19.300063545679755]}"
1124,0.0,34.0,825.0,36.00324630737305,753.0,18.590050079189254,109.50666508894017,2217.01806640625,40.0,7.832195281982422,7.0,1.0,0.5595752173691336,11.118267059326172,47.0,"{""type"":""Point"",""coordinates"":[109.5088164870824,18.591813066216886]}"
1125,0.0,29.0,188.0,23.37027931213379,59.0,18.814628900219134,109.16530528097474,2060.423828125,42.0,2.830721378326416,4.0,1.0,0.656608757945021,12.664467811584473,45.0,"{""type"":""Point"",""coordinates"":[109.16336530445516,18.81628269460703]}"
1126,0.0,23.0,28.0,11.245035171508789,28.0,19.29522757722308,110.56218554778059,2266.578857421875,52.0,0.4895491898059845,5.0,3.0,0.7450935108018163,14.361471176147461,40.0,"{""type"":""Point"",""coordinates"":[110.56376354163665,19.29408214395428]}"
1127,0.0,27.0,51.0,35.597991943359375,54.0,18.248690271223836,109.5920050409315,1769.2059326171875,52.0,8.409850120544434,4.0,0.0,0.6717073578557134,11.653162002563477,37.0,"{""type"":""Point"",""coordinates"":[109.59295413004233,18.249198179907104]}"
1128,0.0,25.0,144.0,19.268978118896484,90.0,18.998783533463637,108.91826857784184,1891.768310546875,49.0,2.585846424102783,3.0,2.0,0.6330226011362411,12.78282642364502,41.0,"{""type"":""Point"",""coordinates"":[108.91685390396559,18.99704186759774]}"
1129,0.0,37.0,66.0,31.471851348876953,52.0,19.726418913600448,109.96480588384111,2418.9755859375,38.0,3.0495071411132812,4.0,3.0,0.7405985648507997,12.665000915527344,34.0,"{""type"":""Point"",""coordinates"":[109.96583287281976,19.725865671293164]}"
1130,0.0,25.0,70.0,10.758954048156738,66.0,19.46141590478519,109.11140636392759,2066.789794921875,53.0,0.6909685134887695,3.0,3.0,0.7082974517644872,14.148163795471191,35.0,"{""type"":""Point"",""coordinates"":[109.10939989370812,19.463372604670138]}"
1131,0.0,24.0,153.0,16.029375076293945,78.0,19.313193882905473,109.92438169605572,2507.2353515625,51.0,0.7554783821105957,3.0,3.0,0.6934759517607255,14.008292198181152,40.0,"{""type"":""Point"",""coordinates"":[109.92646636118202,19.314950004063977]}"
1132,0.0,22.0,181.0,15.067902565002441,111.0,19.429974869841004,109.55607242956671,2483.901123046875,54.0,0.676209568977356,3.0,3.0,0.6973832266994502,14.101485252380371,33.0,"{""type"":""Point"",""coordinates"":[109.5552628002207,19.427744139368613]}"
1133,0.0,28.0,92.0,10.923150062561035,92.0,19.820742018433002,109.92438169605572,2300.04150390625,38.0,0.37029632925987244,4.0,4.0,0.6983892728807829,14.758822441101074,34.0,"{""type"":""Point"",""coordinates"":[109.92288488638138,19.81961192282261]}"
1134,0.0,22.0,17.0,8.279973983764648,17.0,18.46428593941252,109.94683957815869,1974.9600830078125,54.0,0.3795560896396637,2.0,1.0,0.716479628839411,14.778312683105469,45.0,"{""type"":""Point"",""coordinates"":[109.94463235736261,18.466500729342407]}"
1135,0.0,25.0,113.0,19.99143409729004,52.0,19.582688468141328,109.68632814576404,2429.99658203125,51.0,1.328127384185791,4.0,3.0,0.7407347056286879,13.468704223632812,35.0,"{""type"":""Point"",""coordinates"":[109.6847253292242,19.583305858640344]}"
1136,0.0,32.0,435.0,23.404850006103516,258.0,19.178446590287543,109.5920050409315,2326.302490234375,37.0,2.232013702392578,4.0,2.0,0.6448002811839423,12.730513572692871,38.0,"{""type"":""Point"",""coordinates"":[109.59403351458373,19.176605558370245]}"
1137,0.0,26.0,31.0,12.089790344238281,31.0,19.474890634046986,109.06649059972159,1940.4925537109375,51.0,1.0965005159378052,3.0,3.0,0.7405005715538672,13.709226608276367,35.0,"{""type"":""Point"",""coordinates"":[109.06566871703215,19.47506629004741]}"
1138,0.0,29.0,759.0,35.12504577636719,759.0,18.608016384871647,110.13548578782382,2045.549560546875,46.0,8.726286888122559,5.0,1.0,0.5584597476213357,11.077428817749023,45.0,"{""type"":""Point"",""coordinates"":[110.13642900093807,18.606667791181156]}"
1139,0.0,29.0,163.0,37.51322555541992,150.0,19.290736000802482,110.27921623328291,2575.142822265625,44.0,3.2293598651885986,4.0,3.0,0.6802420189014708,12.548328399658203,36.0,"{""type"":""Point"",""coordinates"":[110.27946789567775,19.292387950029557]}"
1140,0.0,28.0,57.0,20.959131240844727,57.0,19.40751698773802,108.95869276562723,1884.3775634765625,49.0,3.0582375526428223,4.0,3.0,0.6871355061208022,12.667461395263672,38.0,"{""type"":""Point"",""coordinates"":[108.95761605086622,19.408704880315735]}"
1141,0.0,24.0,35.0,7.03425407409668,33.0,18.46428593941252,109.00810010625383,1761.8607177734375,51.0,0.4385717213153839,3.0,1.0,0.6897527464345692,14.623358726501465,44.0,"{""type"":""Point"",""coordinates"":[109.00695086549719,18.466514950054794]}"
1143,0.0,29.0,137.0,75.9019775390625,111.0,18.98980038062244,110.15345209350619,2285.305419921875,41.0,13.338590621948242,5.0,2.0,0.591204606138638,11.12894344329834,45.0,"{""type"":""Point"",""coordinates"":[110.152451885596,18.991883400768522]}"
1144,0.0,26.0,80.0,13.823034286499023,80.0,19.403025411317422,109.01708325909499,1984.40625,51.0,1.3210647106170654,2.0,3.0,0.6707284402467195,13.493972778320312,38.0,"{""type"":""Point"",""coordinates"":[109.0159548961084,19.403933513525157]}"
1145,0.0,22.0,66.0,6.72761869430542,60.0,19.088615061875586,108.82843704942991,1679.5831298828125,59.0,0.5462601780891418,2.0,2.0,0.6651551446791277,14.3855562210083,41.0,"{""type"":""Point"",""coordinates"":[108.82725447313328,19.08649383081496]}"
1146,0.0,24.0,21.0,18.129310607910156,21.0,19.27276969512009,110.53972766567762,2408.855224609375,50.0,1.0941693782806396,6.0,2.0,0.7598038800770109,13.679475784301758,40.0,"{""type"":""Point"",""coordinates"":[110.54107170712035,19.27238707177675]}"
1147,0.0,31.0,392.0,58.763641357421875,266.0,19.263786542278893,109.60547977019331,2470.3876953125,38.0,8.34618854522705,5.0,2.0,0.6385796943155078,11.437138557434082,37.0,"{""type"":""Point"",""coordinates"":[109.603368279579,19.2641187501588]}"
1148,0.0,30.0,592.0,61.421592712402344,533.0,18.60352480845105,109.39886725484581,2106.338623046875,40.0,17.164833068847656,9.0,1.0,0.5443597219236002,10.533565521240234,46.0,"{""type"":""Point"",""coordinates"":[109.39853511333565,18.604414140315235]}"
1149,0.0,24.0,13.0,4.478265285491943,16.0,18.57657534992746,108.75208025027973,1479.3214111328125,48.0,0.25013336539268494,3.0,1.0,0.6935922442155011,15.107426643371582,44.0,"{""type"":""Point"",""coordinates"":[108.75394809817776,18.575034346659244]}"
1150,0.0,26.0,473.0,52.128726959228516,370.0,18.944884616416466,110.05463741225304,2307.875,47.0,8.810047149658203,4.0,2.0,0.5964697341859846,11.320828437805176,43.0,"{""type"":""Point"",""coordinates"":[110.05471381218942,18.943525628089834]}"
1151,0.0,26.0,314.0,28.08917808532715,217.0,18.60352480845105,109.1877631630777,1997.200439453125,52.0,4.607227802276611,3.0,1.0,0.5887524899730584,12.092035293579102,46.0,"{""type"":""Point"",""coordinates"":[109.18844405857529,18.605350821292824]}"
1152,0.0,28.0,24.0,8.703617095947266,24.0,19.91506512326555,110.39599722021848,2180.3662109375,42.0,0.2986000180244446,7.0,4.0,0.7425363734152118,14.3371000289917,41.0,"{""type"":""Point"",""coordinates"":[110.39608411522836,19.916413194249685]}"
1153,0.0,31.0,221.0,51.35443115234375,202.0,18.477760668674314,109.58302188809029,2144.568603515625,42.0,9.349943161010742,5.0,1.0,0.5881910452167417,11.440185546875,46.0,"{""type"":""Point"",""coordinates"":[109.58406455697576,18.47600053960435]}"
1154,0.0,31.0,388.0,44.779380798339844,196.0,19.097598214716783,109.56954715882853,2326.20654296875,38.0,6.323331832885742,5.0,2.0,0.6246955290093206,11.720670700073242,40.0,"{""type"":""Point"",""coordinates"":[109.57153585077563,19.09689860862207]}"
1155,0.0,26.0,105.0,36.65240478515625,99.0,18.57657534992746,108.97216749488905,1850.952880859375,51.0,7.716683864593506,3.0,1.0,0.570823263650349,11.7080659866333,49.0,"{""type"":""Point"",""coordinates"":[108.97183194108926,18.574468456358357]}"
1156,0.0,27.0,46.0,13.14875602722168,40.0,19.793792559909413,110.28370780970351,2331.13330078125,45.0,0.6989989876747131,6.0,4.0,0.7699899919915898,13.875905990600586,32.0,"{""type"":""Point"",""coordinates"":[110.28389998714135,19.793819926876953]}"
1157,0.0,28.0,99.0,15.199895858764648,81.0,18.549625891403878,109.63242922871689,2323.01220703125,46.0,0.9196715950965881,5.0,1.0,0.6566978772618535,13.844812393188477,46.0,"{""type"":""Point"",""coordinates"":[109.63277429735587,18.55089073285588]}"
1158,0.0,24.0,5.0,8.657938003540039,8.0,18.3205554939534,109.71776918070822,1824.7301025390625,51.0,0.6435312628746033,2.0,0.0,0.730544462568425,14.257209777832031,42.0,"{""type"":""Point"",""coordinates"":[109.71891759521246,18.31966074235485]}"
1159,0.0,28.0,307.0,65.66698455810547,269.0,19.173955013866944,109.11140636392759,2362.961181640625,49.0,11.391228675842285,5.0,2.0,0.6148093196602856,11.180534362792969,40.0,"{""type"":""Point"",""coordinates"":[109.1116400970237,19.175621432246615]}"
1160,0.0,29.0,502.0,23.70580291748047,357.0,18.783187865274954,109.31801887927503,2050.3203125,48.0,3.6492228507995605,5.0,1.0,0.5896920061620305,12.185843467712402,45.0,"{""type"":""Point"",""coordinates"":[109.31816035090438,18.781153699751314]}"
1161,0.0,30.0,102.0,27.7664737701416,74.0,18.54064273856268,109.33598518495745,2005.75732421875,43.0,3.956166982650757,4.0,1.0,0.6336760052455668,12.382475852966309,46.0,"{""type"":""Point"",""coordinates"":[109.33705032445837,18.542696152183687]}"
1162,0.0,30.0,321.0,40.29039764404297,160.0,18.890985699369296,109.81658386196136,2328.828369140625,39.0,5.052343368530273,7.0,2.0,0.6123882215389539,11.994492530822754,45.0,"{""type"":""Point"",""coordinates"":[109.81577484341192,18.8902613096805]}"
1163,0.0,32.0,120.0,17.72037696838379,111.0,18.612507961292245,109.88395750827033,2301.193359375,39.0,1.2884650230407715,5.0,1.0,0.6314729279225789,13.49475383758545,46.0,"{""type"":""Point"",""coordinates"":[109.88372220355969,18.61425606588965]}"
1164,0.0,28.0,379.0,21.794254302978516,355.0,18.819120476639732,110.09955317645904,2242.0576171875,47.0,2.2084901332855225,4.0,1.0,0.6034727572265175,12.782760620117188,47.0,"{""type"":""Point"",""coordinates"":[110.1003593274742,18.817142982983498]}"
1165,0.0,30.0,207.0,27.764223098754883,187.0,18.46428593941252,109.5470892767255,2118.890869140625,44.0,3.593468427658081,5.0,1.0,0.6291482006390078,12.413161277770996,41.0,"{""type"":""Point"",""coordinates"":[109.54659796853284,18.4640691391094]}"
1166,0.0,28.0,683.0,28.14443016052246,534.0,18.74276367748957,109.34047676137806,2104.474365234375,49.0,5.08811616897583,7.0,1.0,0.5788043133920237,11.695749282836914,45.0,"{""type"":""Point"",""coordinates"":[109.33891211576777,18.743782268103498]}"
1167,0.0,25.0,14.0,4.9769206047058105,15.0,19.982438769574514,110.81371382733403,1727.705078125,52.0,0.1825825423002243,2.0,4.0,0.6959558581204508,14.149435997009277,47.0,"{""type"":""Point"",""coordinates"":[110.81284682538501,19.98202881717666]}"
1168,0.0,28.0,122.0,43.89537048339844,114.0,19.304210730064277,110.3196404210683,2498.102783203125,42.0,4.265397071838379,4.0,3.0,0.6740409663115666,12.29476261138916,36.0,"{""type"":""Point"",""coordinates"":[110.32043369678526,19.302163099709748]}"
1169,0.0,24.0,64.0,16.33908462524414,39.0,19.506331668991166,110.18489312845037,2405.9716796875,52.0,0.9125352501869202,3.0,3.0,0.748928988683314,13.873556137084961,37.0,"{""type"":""Point"",""coordinates"":[110.1868255823708,19.50644362048426]}"
1170,0.0,25.0,41.0,8.15357494354248,40.0,18.84606993516332,108.77004655596215,1607.6392822265625,48.0,0.9178534746170044,2.0,2.0,0.6699118689404924,13.881277084350586,44.0,"{""type"":""Point"",""coordinates"":[108.77133354288993,18.847751691559306]}"
1171,0.0,28.0,51.0,13.41051197052002,51.0,19.739893642862242,109.47073247757538,2085.091552734375,47.0,1.0484226942062378,3.0,3.0,0.7391282028703129,13.742384910583496,32.0,"{""type"":""Point"",""coordinates"":[109.46966759680595,19.738220162733924]}"
1172,0.0,33.0,118.0,27.63515853881836,69.0,19.4434495991028,109.96480588384111,2554.376953125,38.0,2.0226101875305176,4.0,3.0,0.7169127126062891,13.044794082641602,37.0,"{""type"":""Point"",""coordinates"":[109.96282579017358,19.442325043658126]}"
1173,0.0,20.0,57.0,5.810810089111328,54.0,19.0706487561932,108.79250443806512,1544.436279296875,58.0,0.4936683475971222,2.0,2.0,0.6643685609736989,14.492116928100586,41.0,"{""type"":""Point"",""coordinates"":[108.79427755152062,19.070923065068097]}"
1174,0.0,22.0,159.0,16.12287139892578,93.0,19.447941175523397,109.57853031166974,2483.901123046875,56.0,0.8113114833831787,3.0,3.0,0.7015065624625516,13.933222770690918,34.0,"{""type"":""Point"",""coordinates"":[109.57730821189298,19.44924000906241]}"
1175,0.0,28.0,43.0,7.262305736541748,43.0,19.78031783064762,109.41683356052818,1883.355224609375,44.0,0.334800124168396,2.0,4.0,0.7384456100263433,14.888686180114746,32.0,"{""type"":""Point"",""coordinates"":[109.41694315643264,19.778785353479826]}"
1176,0.0,29.0,927.0,44.25498580932617,808.0,18.80115417095734,109.57403873524913,2161.00537109375,47.0,13.878331184387207,8.0,1.0,0.53379964552725,10.416037559509277,47.0,"{""type"":""Point"",""coordinates"":[109.57455968998856,18.80042742159454]}"
1177,0.0,28.0,922.0,38.00595474243164,852.0,18.82361205306033,108.97216749488905,1936.308349609375,50.0,15.148249626159668,9.0,2.0,0.5370096824016193,10.33066463470459,43.0,"{""type"":""Point"",""coordinates"":[108.97178443802028,18.82432206833206]}"
1178,0.0,21.0,13.0,7.008120059967041,13.0,19.46141590478519,108.88682754289766,1628.577392578125,53.0,0.5936300754547119,2.0,3.0,0.7262100620465325,14.333340644836426,39.0,"{""type"":""Point"",""coordinates"":[108.88834694728382,19.462491849433594]}"
1179,0.0,30.0,297.0,43.92789077758789,232.0,18.91344358147228,108.98564222415081,2023.5472412109375,42.0,8.835721015930176,5.0,2.0,0.596727040115293,11.446799278259277,42.0,"{""type"":""Point"",""coordinates"":[108.98526771283241,18.91521616329896]}"
1180,0.0,29.0,47.0,12.139241218566895,44.0,19.739893642862242,110.47235401936865,2324.4462890625,39.0,0.5748113989830017,7.0,3.0,0.7663427561423181,13.997896194458008,32.0,"{""type"":""Point"",""coordinates"":[110.47227499658716,19.73861098555009]}"
1181,0.0,28.0,32.0,8.378708839416504,33.0,19.79828413633001,109.33598518495745,1790.6478271484375,41.0,0.630933403968811,3.0,4.0,0.7398300703780214,14.261405944824219,33.0,"{""type"":""Point"",""coordinates"":[109.33713022146051,19.79765163371903]}"
1182,0.0,25.0,159.0,9.459598541259766,118.0,18.8820025465281,110.09506160003843,2220.776611328125,50.0,0.3113715350627899,3.0,2.0,0.6313127889577255,14.890945434570312,45.0,"{""type"":""Point"",""coordinates"":[110.0928868086823,18.881188949005164]}"
1183,0.0,28.0,661.0,30.188289642333984,537.0,18.76522155959256,109.00810010625383,1951.608154296875,49.0,7.13906192779541,6.0,1.0,0.5822449321015828,11.374886512756348,41.0,"{""type"":""Point"",""coordinates"":[109.00614857547583,18.765201982601948]}"
1184,0.0,25.0,44.0,6.2028937339782715,40.0,19.847691476956584,110.87210432080184,1757.096435546875,50.0,0.5751658082008362,3.0,4.0,0.6631950226688371,12.932153701782227,48.0,"{""type"":""Point"",""coordinates"":[110.87261764830802,19.84551472801407]}"
1185,0.0,28.0,37.0,22.96347999572754,37.0,19.416500140579217,110.54871081851877,2420.212646484375,43.0,1.8926113843917847,4.0,3.0,0.7461012122408329,12.886448860168457,38.0,"{""type"":""Point"",""coordinates"":[110.54673378700677,19.418620167383768]}"
1186,0.0,21.0,24.0,8.012713432312012,24.0,19.60963792666491,109.2775946914897,1986.991943359375,53.0,0.30445486307144165,2.0,3.0,0.7492572806624396,14.994754791259766,36.0,"{""type"":""Point"",""coordinates"":[109.27726296595085,19.609348581010885]}"
1187,0.0,35.0,86.0,12.273848533630371,85.0,19.659045267291482,110.62955919408955,2281.0185546875,39.0,0.8096224665641785,4.0,3.0,0.7039782553118668,13.528900146484375,34.0,"{""type"":""Point"",""coordinates"":[110.6287237924371,19.65877123558596]}"
1188,0.0,23.0,155.0,14.826526641845703,100.0,19.46141590478519,109.47522405399599,2451.546142578125,56.0,0.729988694190979,3.0,3.0,0.6880229015872622,14.041366577148438,35.0,"{""type"":""Point"",""coordinates"":[109.47519511632377,19.462614816761175]}"
1189,0.0,30.0,185.0,33.51874542236328,80.0,19.335651765008457,109.66387026366107,2447.774169921875,40.0,3.087728261947632,9.0,3.0,0.6981850314792274,12.579325675964355,36.0,"{""type"":""Point"",""coordinates"":[109.66581108373828,19.336814699069205]}"
1190,0.0,29.0,123.0,17.543912887573242,84.0,19.6320958087679,109.81209228554076,2430.4580078125,43.0,1.0367755889892578,4.0,3.0,0.7147425192147965,13.710309028625488,33.0,"{""type"":""Point"",""coordinates"":[109.81301256509249,19.631352504758247]}"
1191,0.0,25.0,176.0,33.216758728027344,94.0,19.403025411317422,109.3943756784252,2441.422119140625,54.0,3.20936918258667,4.0,3.0,0.6921893255397288,12.54633617401123,33.0,"{""type"":""Point"",""coordinates"":[109.39533139561114,19.403551861927827]}"
1192,0.0,28.0,149.0,36.56840515136719,132.0,19.084123485454995,110.17590997560922,2538.372314453125,41.0,3.0793681144714355,3.0,2.0,0.6386760104054957,12.604756355285645,45.0,"{""type"":""Point"",""coordinates"":[110.17806007275776,19.083913042158443]}"
1193,0.0,26.0,160.0,12.490497589111328,31.0,18.73827210106898,109.19225473949831,1956.654541015625,51.0,1.175211787223816,2.0,1.0,0.6969555755665763,13.561969757080078,43.0,"{""type"":""Point"",""coordinates"":[109.19137763066651,18.73884829769567]}"
1194,0.0,27.0,614.0,55.038368225097656,561.0,18.810137323798536,108.93174330710366,1882.372802734375,48.0,20.86765480041504,10.0,1.0,0.5355264508697369,10.304001808166504,43.0,"{""type"":""Point"",""coordinates"":[108.93135718337601,18.812042367581036]}"
1195,0.0,26.0,221.0,42.43452072143555,105.0,19.371584376373235,109.49319035967835,2556.69140625,53.0,4.278634071350098,4.0,3.0,0.6718383828261225,12.22899341583252,36.0,"{""type"":""Point"",""coordinates"":[109.4924732893774,19.372757090463477]}"
1196,0.0,25.0,71.0,13.044676780700684,63.0,19.196412895969935,108.90030227215948,1958.3717041015625,54.0,1.2604522705078125,3.0,2.0,0.6718514066108534,13.546323776245117,42.0,"{""type"":""Point"",""coordinates"":[108.9006529216886,19.194729227992536]}"
1197,0.0,25.0,190.0,42.98169708251953,172.0,19.151497131763954,110.13997736424443,2488.633056640625,52.0,4.482879161834717,4.0,2.0,0.6378138106581432,12.202225685119629,43.0,"{""type"":""Point"",""coordinates"":[110.14041054633051,19.150982691508805]}"
1198,0.0,27.0,195.0,15.096013069152832,174.0,18.643948996236425,109.03504956477741,1944.4202880859375,46.0,1.6413074731826782,4.0,1.0,0.5993470610832415,13.205561637878418,47.0,"{""type"":""Point"",""coordinates"":[109.03345048512331,18.64454828664083]}"
1199,0.0,25.0,95.0,30.25356674194336,65.0,19.55124743319714,109.94683957815869,2507.357666015625,48.0,2.3338165283203125,4.0,3.0,0.7274130890720925,12.915517807006836,35.0,"{""type"":""Point"",""coordinates"":[109.94638966214816,19.55178215264343]}"
1200,0.0,24.0,47.0,11.25366497039795,47.0,19.49734851614997,108.99013380057141,1810.4371337890625,52.0,1.1699551343917847,3.0,3.0,0.700378129553381,13.635027885437012,38.0,"{""type"":""Point"",""coordinates"":[108.99219581971425,19.495162030335646]}"
1201,0.0,26.0,53.0,6.076271057128906,54.0,19.322177035746662,108.75657182670034,1517.7021484375,51.0,0.646279513835907,3.0,3.0,0.6677145937962684,14.225088119506836,40.0,"{""type"":""Point"",""coordinates"":[108.75678743243057,19.321762834346153]}"
1202,0.0,28.0,785.0,28.24955940246582,579.0,18.67988160760121,109.45725774831357,2057.635498046875,48.0,5.948298454284668,6.0,1.0,0.5622842751608644,11.43830394744873,46.0,"{""type"":""Point"",""coordinates"":[109.45535371741431,18.679313007149972]}"
1203,0.0,40.0,121.0,14.474287986755371,121.0,19.838708324115387,109.91539854321451,2300.04150390625,34.0,0.9771929979324341,3.0,4.0,0.6846818677377186,13.770734786987305,34.0,"{""type"":""Point"",""coordinates"":[109.9170083308674,19.84010941798272]}"
1204,0.0,23.0,106.0,15.657849311828613,78.0,19.65455369087089,109.5964966173521,2205.7333984375,54.0,1.1493247747421265,4.0,3.0,0.7042834649621745,13.617607116699219,34.0,"{""type"":""Point"",""coordinates"":[109.59648110690789,19.654538947063063]}"
1205,0.0,27.0,204.0,28.370403289794922,27.0,19.259294965858295,109.49768193609896,2465.9775390625,44.0,2.2963814735412598,8.0,2.0,0.7460486966729089,12.86366081237793,39.0,"{""type"":""Point"",""coordinates"":[109.4977432952324,19.257606708331306]}"
1206,0.0,25.0,60.0,19.806533813476562,39.0,19.54226428035595,110.22531731623576,2399.712158203125,48.0,1.2947595119476318,3.0,3.0,0.7426307491510251,13.525983810424805,38.0,"{""type"":""Point"",""coordinates"":[110.22420312493789,19.54248064077021]}"
1207,0.0,25.0,153.0,11.42982006072998,133.0,19.546755856776542,109.47522405399599,2394.724853515625,54.0,0.4195604920387268,4.0,3.0,0.6824564861875902,14.596475601196289,36.0,"{""type"":""Point"",""coordinates"":[109.47435423523106,19.544801139376712]}"
1208,0.0,21.0,8.0,7.611573696136475,8.0,18.284622882588614,109.45725774831357,1782.992431640625,52.0,0.4745074212551117,2.0,0.0,0.7417660775040756,14.560203552246094,39.0,"{""type"":""Point"",""coordinates"":[109.45571381995893,18.28267560394018]}"
1209,0.0,24.0,147.0,15.182427406311035,111.0,19.501840092570568,109.48420720683714,2394.724853515625,56.0,0.8690510988235474,4.0,3.0,0.6853275347299759,13.871967315673828,35.0,"{""type"":""Point"",""coordinates"":[109.48429070921757,19.500353554036877]}"
1210,0.0,27.0,18.0,11.645405769348145,20.0,19.57370531530013,110.7328654517633,2246.103271484375,52.0,0.729021430015564,6.0,3.0,0.7845073414365258,13.695898056030273,33.0,"{""type"":""Point"",""coordinates"":[110.73238140751424,19.573521641377006]}"
1211,0.0,25.0,251.0,11.060358047485352,168.0,18.80115417095734,109.92438169605572,2275.58984375,50.0,0.4689904749393463,4.0,1.0,0.633457585970702,14.421849250793457,44.0,"{""type"":""Point"",""coordinates"":[109.92589547094758,18.800534048688746]}"
1212,0.0,23.0,10.0,8.896600723266602,11.0,19.820742018433002,109.47522405399599,1765.201416015625,53.0,0.7845005393028259,2.0,4.0,0.7494934332812798,14.056246757507324,36.0,"{""type"":""Point"",""coordinates"":[109.47736585884611,19.81969455734128]}"
1213,0.0,32.0,360.0,49.89530944824219,200.0,19.18293816670814,109.63242922871689,2422.058349609375,38.0,6.70655632019043,4.0,2.0,0.6339612923315232,11.681641578674316,39.0,"{""type"":""Point"",""coordinates"":[109.63408592365195,19.1809662784079]}"
1214,0.0,26.0,249.0,29.808347702026367,170.0,18.890985699369296,110.04565425941183,2241.36767578125,50.0,3.454202651977539,4.0,2.0,0.6110425696146224,12.425226211547852,46.0,"{""type"":""Point"",""coordinates"":[110.0439577538022,18.89095370937404]}"
1215,0.0,29.0,374.0,37.721214294433594,328.0,18.71581421896599,109.60098819377271,2317.573486328125,48.0,5.094522476196289,4.0,1.0,0.5888886492605011,11.948394775390625,49.0,"{""type"":""Point"",""coordinates"":[109.602557469993,18.71795888576216]}"
1216,0.0,23.0,108.0,13.389883041381836,68.0,19.659045267291482,109.64590395797865,2253.215576171875,52.0,0.7526414394378662,5.0,3.0,0.7248707544343017,14.03980827331543,33.0,"{""type"":""Point"",""coordinates"":[109.64481283814271,19.65832219592952]}"
1217,0.0,25.0,8.0,6.489464282989502,11.0,18.751746830330767,110.39150564379787,2031.80419921875,52.0,0.08342364430427551,2.0,1.0,0.7105620501910721,16.279468536376953,49.0,"{""type"":""Point"",""coordinates"":[110.38982356563992,18.7526203529478]}"
1218,0.0,19.0,60.0,13.317249298095703,49.0,19.57370531530013,110.32862357390951,2402.07421875,58.0,0.5506401658058167,3.0,3.0,0.7305004075917529,14.342562675476074,39.0,"{""type"":""Point"",""coordinates"":[110.32799774211337,19.574934732587035]}"
1219,0.0,31.0,13.0,6.171738624572754,14.0,19.874640935480173,109.33598518495745,1665.792236328125,39.0,0.40611863136291504,2.0,4.0,0.7458227940467025,14.712970733642578,35.0,"{""type"":""Point"",""coordinates"":[109.33537114080819,19.875565774909642]}"
1220,0.0,23.0,155.0,19.847923278808594,91.0,19.560230586038337,109.77615967417603,2450.18603515625,51.0,1.2365778684616089,4.0,3.0,0.696312983947758,13.514190673828125,35.0,"{""type"":""Point"",""coordinates"":[109.77801199463747,19.560185683892072]}"
1221,0.0,26.0,29.0,10.185341835021973,28.0,19.18293816670814,110.38701406737727,2601.484619140625,43.0,0.057359881699085236,3.0,2.0,0.7743233563891123,16.66104507446289,38.0,"{""type"":""Point"",""coordinates"":[110.38769447148567,19.184012635303027]}"
1222,0.0,30.0,333.0,22.25562286376953,249.0,18.693356336862998,109.05301587045977,1991.1480712890625,41.0,3.0985333919525146,4.0,1.0,0.5974127444971575,12.476614952087402,45.0,"{""type"":""Point"",""coordinates"":[109.05099581092577,18.691842384946938]}"
1223,0.0,24.0,147.0,10.819805145263672,89.0,19.46590748120579,109.56056400598732,2435.49169921875,51.0,0.2690325975418091,4.0,3.0,0.7069616674191351,15.04460620880127,34.0,"{""type"":""Point"",""coordinates"":[109.5617330538955,19.46464595702447]}"
1224,0.0,30.0,355.0,38.75143051147461,336.0,18.468777515833118,109.35395149063982,2014.6226806640625,47.0,7.988712310791016,4.0,1.0,0.5817635194811779,11.508355140686035,45.0,"{""type"":""Point"",""coordinates"":[109.3557348439078,18.468267327520575]}"
1225,0.0,26.0,78.0,22.915748596191406,63.0,18.590050079189254,109.798617556279,2266.9189453125,44.0,1.945026159286499,4.0,1.0,0.6739889699499755,13.108123779296875,45.0,"{""type"":""Point"",""coordinates"":[109.796550407305,18.587880387908477]}"
1226,0.0,28.0,570.0,25.914592742919922,569.0,18.392420716682963,109.56505558240792,2052.32177734375,48.0,4.322227478027344,5.0,1.0,0.596798768175155,11.960104942321777,42.0,"{""type"":""Point"",""coordinates"":[109.56633745046815,18.39376451454293]}"
1227,0.0,27.0,406.0,84.86592864990234,319.0,18.96285092209886,110.08607844719722,2420.62890625,46.0,16.59942054748535,4.0,2.0,0.5766132571304976,10.71779727935791,44.0,"{""type"":""Point"",""coordinates"":[110.0850514440485,18.963506938085985]}"
1228,0.0,26.0,62.0,10.984347343444824,62.0,19.560230586038337,109.00810010625383,1792.6734619140625,46.0,1.132476806640625,3.0,3.0,0.6907302941131097,13.658758163452148,36.0,"{""type"":""Point"",""coordinates"":[109.0086516350856,19.56199707240061]}"
1229,0.0,26.0,180.0,25.672138214111328,142.0,19.0751403326138,110.06811214151486,2488.505859375,50.0,1.9583626985549927,4.0,2.0,0.6351698522573648,13.03841781616211,46.0,"{""type"":""Point"",""coordinates"":[110.06634442660086,19.07404471145765]}"
1230,0.0,24.0,34.0,16.61666488647461,14.0,19.694977878656267,110.0097216480471,2424.776123046875,47.0,0.8588094711303711,4.0,3.0,0.7983088787324047,13.951861381530762,33.0,"{""type"":""Point"",""coordinates"":[110.00915332177651,19.695138501315146]}"
1231,0.0,25.0,161.0,75.39805603027344,156.0,18.477760668674314,109.65039553439925,2272.670654296875,50.0,13.771947860717773,3.0,1.0,0.5909481287767974,11.080774307250977,44.0,"{""type"":""Point"",""coordinates"":[109.64897191247469,18.475737862920624]}"
1232,0.0,30.0,558.0,49.399925231933594,510.0,18.76971313601316,109.65937868724046,2296.720947265625,41.0,8.878437995910645,6.0,1.0,0.5791199812982785,11.24420166015625,46.0,"{""type"":""Point"",""coordinates"":[109.65848160923532,18.771451038676414]}"
1233,0.0,30.0,331.0,51.4526481628418,307.0,18.985308804201843,110.22082573981515,2426.90576171875,38.0,6.668030738830566,3.0,2.0,0.6083922777516579,11.708074569702148,45.0,"{""type"":""Point"",""coordinates"":[110.22140499608548,18.98321763683531]}"
1234,0.0,25.0,34.0,10.33577823638916,33.0,18.57208377350686,109.98277218952347,2177.196533203125,46.0,0.4294798672199249,3.0,1.0,0.7102968173334603,14.644889831542969,45.0,"{""type"":""Point"",""coordinates"":[109.98489356280074,18.570548796354117]}"
1235,0.0,23.0,39.0,7.817580223083496,37.0,19.659045267291482,109.4437830190518,2111.220703125,54.0,0.19152140617370605,4.0,3.0,0.7566923729063126,15.449565887451172,33.0,"{""type"":""Point"",""coordinates"":[109.44202497578193,19.659276577881112]}"
1236,0.0,31.0,386.0,52.117977142333984,181.0,19.115564520399175,109.34496833779866,2307.548095703125,39.0,8.391627311706543,4.0,2.0,0.6161887783621799,11.436033248901367,40.0,"{""type"":""Point"",""coordinates"":[109.34370292861007,19.117726109038014]}"
1237,0.0,28.0,615.0,30.378820419311523,507.0,18.832595205901526,109.78514282701718,2353.478759765625,47.0,3.8182461261749268,4.0,2.0,0.6032336572146367,12.045687675476074,44.0,"{""type"":""Point"",""coordinates"":[109.78566494826872,18.834319398227148]}"
1238,0.0,20.0,197.0,20.779436111450195,106.0,19.46141590478519,109.65937868724046,2548.494140625,59.0,1.2359851598739624,3.0,3.0,0.6843980708499573,13.488018989562988,36.0,"{""type"":""Point"",""coordinates"":[109.66111922111003,19.459313456041972]}"
1239,0.0,22.0,143.0,15.441734313964844,115.0,19.49734851614997,109.41683356052818,2385.66015625,56.0,0.8586769700050354,3.0,3.0,0.6842421493832984,13.886467933654785,35.0,"{""type"":""Point"",""coordinates"":[109.41738576157111,19.496766224459027]}"
1240,0.0,26.0,57.0,16.41423988342285,36.0,19.506331668991166,110.24777519833873,2399.712158203125,47.0,0.9145111441612244,4.0,3.0,0.7530271810625427,13.875531196594238,37.0,"{""type"":""Point"",""coordinates"":[110.24881122441559,19.504341133378922]}"
1241,0.0,31.0,85.0,16.512331008911133,72.0,19.614129503085508,110.55769397135998,2339.02685546875,43.0,1.3135141134262085,3.0,3.0,0.7235828263289512,13.110554695129395,33.0,"{""type"":""Point"",""coordinates"":[110.55984436091407,19.614599866863497]}"
1242,0.0,28.0,19.0,6.486538887023926,19.0,19.77582625422702,109.3898841020046,1847.4410400390625,42.0,0.22943836450576782,3.0,4.0,0.7655501200311702,15.280536651611328,32.0,"{""type"":""Point"",""coordinates"":[109.38869257026771,19.77563828408895]}"
1243,0.0,33.0,583.0,50.05696487426758,451.0,18.98980038062244,109.19674631591892,2123.965576171875,40.0,12.342479705810547,7.0,2.0,0.5856210727912088,10.886031150817871,40.0,"{""type"":""Point"",""coordinates"":[109.19525271587996,18.991295559783865]}"
1244,0.0,31.0,206.0,40.31061935424805,209.0,18.670898454760014,110.4813371722098,1828.7535400390625,45.0,10.43990707397461,15.0,1.0,0.5812369757690662,11.315872192382812,45.0,"{""type"":""Point"",""coordinates"":[110.48192225372094,18.66915403495521]}"
1245,0.0,25.0,35.0,5.959575176239014,36.0,19.874640935480173,110.78676436881045,1901.2159423828125,50.0,0.18256863951683044,4.0,4.0,0.687744367108182,14.101171493530273,46.0,"{""type"":""Point"",""coordinates"":[110.78613724470998,19.87600696962359]}"
1246,0.0,21.0,23.0,5.749301433563232,23.0,19.120056096819773,108.74309709743858,1440.050048828125,54.0,0.6338469386100769,2.0,2.0,0.6896912767172712,14.262017250061035,42.0,"{""type"":""Point"",""coordinates"":[108.74337376896653,19.122191509521226]}"
1247,0.0,38.0,165.0,37.18558120727539,138.0,19.358109647111448,110.26574150402115,2427.2626953125,36.0,4.066354751586914,5.0,3.0,0.6741815092024475,12.315984725952148,35.0,"{""type"":""Point"",""coordinates"":[110.26618237377127,19.360288278663234]}"
1248,0.0,26.0,47.0,20.62638282775879,47.0,18.500218550777305,109.97828061310292,2051.551025390625,46.0,2.195831775665283,3.0,1.0,0.6795347455950744,13.005082130432129,45.0,"{""type"":""Point"",""coordinates"":[109.97792557477172,18.4984600219121]}"
1249,0.0,26.0,137.0,16.00747299194336,85.0,19.452432751943995,109.87048277900857,2563.62548828125,50.0,0.7143272757530212,4.0,3.0,0.7043472464222025,14.074264526367188,37.0,"{""type"":""Point"",""coordinates"":[109.87009923285211,19.45050002380168]}"
1250,0.0,30.0,448.0,58.75174331665039,426.0,18.917935157892877,110.19836785771219,2286.8037109375,45.0,11.515474319458008,4.0,2.0,0.5752270677060929,11.066719055175781,46.0,"{""type"":""Point"",""coordinates"":[110.20015893471519,18.92006876810254]}"
1251,0.0,29.0,54.0,42.26211166381836,47.0,18.473269092253716,109.26861153864849,1948.5382080078125,47.0,8.277826309204102,12.0,1.0,0.6684741708871615,11.66744613647461,43.0,"{""type"":""Point"",""coordinates"":[109.27031648978738,18.472770044353105]}"
1252,0.0,27.0,187.0,47.72663879394531,153.0,19.061665603352004,108.90030227215948,1913.0430908203125,48.0,11.136312484741211,5.0,2.0,0.5901712761306904,11.283536911010742,42.0,"{""type"":""Point"",""coordinates"":[108.90132452056785,19.060278818655345]}"
1253,0.0,25.0,79.0,15.327239990234375,58.0,19.537772703935353,110.1579436699268,2405.9716796875,50.0,0.7994585037231445,5.0,3.0,0.7377663781091874,13.996941566467285,35.0,"{""type"":""Point"",""coordinates"":[110.15629633717457,19.536326653298843]}"
1254,0.0,33.0,106.0,19.8338680267334,86.0,19.41200856415862,110.34209830317133,2416.2685546875,40.0,1.385994791984558,5.0,3.0,0.6853967239937246,13.430302619934082,39.0,"{""type"":""Point"",""coordinates"":[110.34037553440126,19.41136175575619]}"
1255,0.0,23.0,10.0,11.642820358276367,10.0,18.29809761185041,109.53361454746374,1847.343505859375,48.0,1.0830503702163696,2.0,0.0,0.7454387271031632,13.7337007522583,38.0,"{""type"":""Point"",""coordinates"":[109.53219955990122,18.299537810596316]}"
1256,0.0,25.0,51.0,14.060393333435059,41.0,19.24132866017591,108.93174330710366,1912.50732421875,54.0,1.5384674072265625,2.0,2.0,0.7019352583306016,13.358757019042969,40.0,"{""type"":""Point"",""coordinates"":[108.93029775070481,19.241732895450664]}"
1257,0.0,27.0,278.0,48.261165618896484,177.0,19.259294965858295,109.30454415001327,2483.80322265625,48.0,5.656705379486084,3.0,2.0,0.6494935034031666,11.910449028015137,38.0,"{""type"":""Point"",""coordinates"":[109.30553294012968,19.260905987486723]}"
1258,0.0,29.0,354.0,47.47603225708008,326.0,18.57208377350686,109.31352730285442,2014.9139404296875,48.0,11.082986831665039,4.0,1.0,0.5722642432418041,11.175616264343262,45.0,"{""type"":""Point"",""coordinates"":[109.3123607772911,18.572094390981036]}"
1259,0.0,28.0,750.0,50.12440872192383,535.0,18.926918310734074,109.65039553439925,2255.438720703125,46.0,11.741730690002441,5.0,2.0,0.5700815750724487,10.783278465270996,43.0,"{""type"":""Point"",""coordinates"":[109.64963191434404,18.926316049406953]}"
1260,0.0,24.0,218.0,10.71121597290039,177.0,18.62598269055404,109.31352730285442,2023.846435546875,55.0,0.7774810791015625,3.0,1.0,0.6185300511317514,13.938080787658691,44.0,"{""type"":""Point"",""coordinates"":[109.31206801203112,18.62416755638769]}"
1261,0.0,21.0,12.0,3.672694206237793,12.0,18.93590146357527,108.6667402982884,1309.2335205078125,52.0,0.24925492703914642,2.0,2.0,0.6737062736530551,15.201725006103516,47.0,"{""type"":""Point"",""coordinates"":[108.66773988435057,18.934210020139815]}"
1262,0.0,31.0,10.0,13.000409126281738,11.0,19.40751698773802,110.6834581111367,2258.0458984375,35.0,0.8090580701828003,4.0,3.0,0.7715359366087259,13.59877872467041,38.0,"{""type"":""Point"",""coordinates"":[110.68207601570079,19.406420244635903]}"
1263,0.0,29.0,674.0,29.69950294494629,617.0,18.693356336862998,108.99911695341262,1814.3345947265625,48.0,8.9013671875,8.0,1.0,0.5479852882762662,11.139378547668457,46.0,"{""type"":""Point"",""coordinates"":[108.99745544059917,18.694873629984397]}"
1264,0.0,27.0,56.0,26.780519485473633,40.0,19.147005555343355,109.00360852983323,2173.647216796875,45.0,2.850238800048828,6.0,2.0,0.7113103507339518,12.738612174987793,41.0,"{""type"":""Point"",""coordinates"":[109.00330804100153,19.14602831406159]}"
1265,0.0,33.0,112.0,19.17799949645996,100.0,19.55573900961774,110.56667712420119,2362.20703125,39.0,1.6135666370391846,4.0,3.0,0.6827545346014301,12.986869812011719,35.0,"{""type"":""Point"",""coordinates"":[110.56594946753705,19.555187238093648]}"
1266,0.0,29.0,27.0,9.657654762268066,26.0,19.71743576075925,110.71040756966033,2247.13623046875,41.0,0.3495074212551117,7.0,3.0,0.7483573089196093,14.397796630859375,40.0,"{""type"":""Point"",""coordinates"":[110.71199173941042,19.718738577171855]}"
1267,0.0,27.0,206.0,35.290977478027344,171.0,18.940393039995868,110.14896051708558,2168.944091796875,47.0,4.794522762298584,5.0,2.0,0.6054392329256468,12.124425888061523,46.0,"{""type"":""Point"",""coordinates"":[110.15011492798746,18.942524459169697]}"
1268,0.0,27.0,771.0,41.387447357177734,711.0,18.590050079189254,109.5470892767255,2217.01806640625,48.0,9.012809753417969,8.0,1.0,0.55953770513174,11.032442092895508,47.0,"{""type"":""Point"",""coordinates"":[109.5453350897517,18.591746431349844]}"
1269,0.0,27.0,70.0,18.94283103942871,58.0,19.111072943978577,110.23879204549758,2566.118408203125,47.0,0.9863185286521912,4.0,2.0,0.7062019420429352,13.792227745056152,44.0,"{""type"":""Point"",""coordinates"":[110.23673208376113,19.1122121080776]}"
1270,0.0,28.0,72.0,31.940074920654297,72.0,18.495726974356707,109.81658386196136,2033.9652099609375,50.0,4.846640110015869,5.0,1.0,0.6459947734690697,12.196686744689941,44.0,"{""type"":""Point"",""coordinates"":[109.81639173212322,18.49442803783382]}"
1271,0.0,23.0,83.0,12.693520545959473,51.0,19.72192733717985,109.65937868724046,2199.714599609375,52.0,0.7296971678733826,3.0,3.0,0.7407302521860848,14.08586311340332,33.0,"{""type"":""Point"",""coordinates"":[109.66029127192014,19.721751705797384]}"
1272,0.0,29.0,667.0,47.8634147644043,611.0,19.12903924966097,109.13835582245116,2401.808349609375,49.0,8.665376663208008,7.0,2.0,0.6115978393976693,11.17314624786377,39.0,"{""type"":""Point"",""coordinates"":[109.13871278694292,19.130952935869644]}"
1273,0.0,31.0,378.0,61.240013122558594,201.0,19.24132866017591,109.57853031166974,2420.150146484375,39.0,9.487897872924805,4.0,2.0,0.6188993938657386,11.317076683044434,40.0,"{""type"":""Point"",""coordinates"":[109.57674259430067,19.240887421147086]}"
1274,0.0,36.0,86.0,21.875398635864258,85.0,19.72192733717985,109.56056400598732,2136.4345703125,40.0,2.463714838027954,4.0,3.0,0.6932799087463591,12.866705894470215,33.0,"{""type"":""Point"",""coordinates"":[109.56144885674736,19.722074331479323]}"
1275,0.0,24.0,78.0,25.011320114135742,40.0,19.115564520399175,110.05463741225304,2436.7685546875,49.0,1.8349326848983765,4.0,2.0,0.709835209987713,13.166433334350586,45.0,"{""type"":""Point"",""coordinates"":[110.05569668219243,19.114038694859698]}"
1276,0.0,29.0,1252.0,40.03757858276367,1057.0,19.039207721249014,109.46174932473417,2288.69921875,39.0,16.060516357421875,10.0,2.0,0.5408730496668023,9.762373924255371,42.0,"{""type"":""Point"",""coordinates"":[109.4621862064506,19.03896861204843]}"
1277,0.0,30.0,1342.0,19.842132568359375,1218.0,18.908952005051688,109.15632212813352,2127.0185546875,39.0,6.053511619567871,12.0,2.0,0.5515707712559303,10.562600135803223,43.0,"{""type"":""Point"",""coordinates"":[109.15811162223845,18.907159706361956]}"
1278,0.0,27.0,50.0,15.918251991271973,50.0,19.447941175523397,109.05750744688038,2018.091064453125,49.0,1.5850071907043457,3.0,3.0,0.7298385820728749,13.329526901245117,33.0,"{""type"":""Point"",""coordinates"":[109.05635173114926,19.447742580790184]}"
1279,0.0,26.0,347.0,13.874384880065918,286.0,18.73378052464838,109.56954715882853,2184.576416015625,51.0,1.044839859008789,4.0,1.0,0.6065330325759708,13.554630279541016,47.0,"{""type"":""Point"",""coordinates"":[109.5694145515488,18.734502282266092]}"
1280,0.0,25.0,9.0,7.584409713745117,12.0,18.837086782322125,110.40947194948029,1980.75830078125,52.0,0.2972862124443054,2.0,2.0,0.714355740662596,15.01394271850586,47.0,"{""type"":""Point"",""coordinates"":[110.40813208217992,18.83817418232228]}"
1281,0.0,27.0,249.0,39.137550354003906,99.0,19.286244424381884,109.56056400598732,2439.51611328125,48.0,4.189988136291504,4.0,3.0,0.6604951413464438,12.231547355651855,37.0,"{""type"":""Point"",""coordinates"":[109.56164273061796,19.28414553618495]}"
1282,0.0,24.0,36.0,7.1492838859558105,39.0,18.531659585721485,108.85987808437409,1635.392333984375,50.0,0.6424281597137451,3.0,1.0,0.6746887516898781,14.241022109985352,44.0,"{""type"":""Point"",""coordinates"":[108.85999860229337,18.530866558728086]}"
1283,0.0,26.0,269.0,22.30046272277832,178.0,18.8775109701075,110.0052300716265,2241.36767578125,49.0,2.15462327003479,4.0,2.0,0.6191297036507185,12.884547233581543,45.0,"{""type"":""Point"",""coordinates"":[110.00463455936358,18.877233563899342]}"
1284,0.0,23.0,240.0,10.85608196258545,201.0,18.608016384871647,109.33149360853685,2023.846435546875,56.0,0.7954465746879578,3.0,1.0,0.6170954747799803,13.900788307189941,44.0,"{""type"":""Point"",""coordinates"":[109.33093954242509,18.608133728237192]}"
1285,0.0,25.0,435.0,38.29941177368164,282.0,18.760729983171963,109.37191779632224,2141.485107421875,51.0,6.5164642333984375,5.0,1.0,0.5846881862842856,11.655266761779785,46.0,"{""type"":""Point"",""coordinates"":[109.37274387049301,18.760343255426722]}"
1286,0.0,31.0,542.0,34.37398147583008,533.0,18.527168009300887,109.21022104518073,1971.8980712890625,48.0,8.291542053222656,4.0,1.0,0.5722524702400844,11.326936721801758,44.0,"{""type"":""Point"",""coordinates"":[109.20996986879788,18.525125274218304]}"
1287,0.0,26.0,6.0,9.722673416137695,9.0,18.706831066124792,110.3735393381155,2005.9544677734375,44.0,0.5460132956504822,2.0,1.0,0.7138958202318366,14.40247917175293,48.0,"{""type"":""Point"",""coordinates"":[110.37460558479938,18.706978965680037]}"
1288,0.0,26.0,33.0,18.550073623657227,26.0,19.12903924966097,110.30616569180654,2484.43798828125,50.0,1.0635828971862793,4.0,2.0,0.7522292884001038,13.73855209350586,41.0,"{""type"":""Point"",""coordinates"":[110.30710368088377,19.128724337486222]}"
1289,0.0,26.0,49.0,17.454437255859375,28.0,19.537772703935353,110.22531731623576,2399.712158203125,46.0,1.0198668241500854,3.0,3.0,0.7567334195915645,13.771181106567383,38.0,"{""type"":""Point"",""coordinates"":[110.22323130008564,19.53903114651941]}"
1290,0.0,27.0,207.0,51.04821014404297,207.0,18.63047426697463,110.06362056509425,2197.380859375,46.0,8.274617195129395,4.0,1.0,0.5987421393112553,11.57341194152832,45.0,"{""type"":""Point"",""coordinates"":[110.06161669515302,18.63219167406199]}"
1291,0.0,25.0,259.0,29.282569885253906,62.0,18.980817227781245,109.56056400598732,2257.619384765625,48.0,3.1785480976104736,4.0,2.0,0.6722259443709598,12.501903533935547,42.0,"{""type"":""Point"",""coordinates"":[109.56068646537338,18.979357195339702]}"
1292,0.0,21.0,33.0,10.935406684875488,33.0,18.45979436299192,109.76268494491421,2021.7745361328125,58.0,0.7489013671875,2.0,1.0,0.699101916794485,14.089401245117188,45.0,"{""type"":""Point"",""coordinates"":[109.76364046956358,18.45769432491981]}"
1293,0.0,25.0,139.0,26.40203285217285,127.0,18.52267643288029,109.26411996222788,1976.6585693359375,53.0,3.9097793102264404,4.0,1.0,0.6055691380459609,12.371628761291504,45.0,"{""type"":""Point"",""coordinates"":[109.26484243001086,18.523205515810872]}"
1294,0.0,30.0,474.0,48.15049362182617,390.0,19.178446590287543,109.16081370455413,2377.816162109375,43.0,7.306487560272217,7.0,2.0,0.6297663528355348,11.509659767150879,38.0,"{""type"":""Point"",""coordinates"":[109.15939451553052,19.17753399820382]}"
1295,0.0,22.0,70.0,7.851113319396973,62.0,19.304210730064277,108.90479384858008,1852.2252197265625,59.0,0.5197901725769043,2.0,3.0,0.6820475028254422,14.432853698730469,39.0,"{""type"":""Point"",""coordinates"":[108.9056653264569,19.302745062086235]}"
1296,0.0,30.0,2.0,8.422375679016113,3.0,19.99591349883631,110.49930347789223,2053.503662109375,38.0,0.46516039967536926,2.0,4.0,0.7597886808669322,13.639725685119629,40.0,"{""type"":""Point"",""coordinates"":[110.49812319925812,19.994853081233632]}"
1297,0.0,23.0,140.0,18.891071319580078,104.0,19.49734851614997,109.50666508894017,2466.86962890625,52.0,1.109489917755127,5.0,3.0,0.6895359338285636,13.632018089294434,35.0,"{""type"":""Point"",""coordinates"":[109.50881366333027,19.49726037287975]}"
1298,0.0,29.0,317.0,40.45490264892578,150.0,18.873019393686903,109.81658386196136,2328.828369140625,37.0,4.9250288009643555,7.0,2.0,0.6084684902845185,12.022934913635254,46.0,"{""type"":""Point"",""coordinates"":[109.81741627658108,18.871689268003454]}"
1299,0.0,29.0,352.0,62.75643539428711,352.0,18.5092017036185,109.83005859122318,2219.58642578125,48.0,13.240588188171387,5.0,1.0,0.5770394909640967,10.99372673034668,45.0,"{""type"":""Point"",""coordinates"":[109.82950662459282,18.5085573148874]}"
1300,0.0,24.0,117.0,62.74359130859375,99.0,19.10658136755798,110.14896051708558,2475.162109375,51.0,7.743757724761963,4.0,2.0,0.6257120343479893,11.697208404541016,44.0,"{""type"":""Point"",""coordinates"":[110.14691311170802,19.105384860385875]}"
1301,0.0,28.0,175.0,67.82946014404297,120.0,19.41200856415862,109.89743223753214,2568.3486328125,44.0,8.220504760742188,4.0,3.0,0.6555766860249488,11.600564956665039,37.0,"{""type"":""Point"",""coordinates"":[109.8987509899353,19.410989682678547]}"
1302,0.0,25.0,25.0,6.958624839782715,22.0,19.793792559909413,110.7328654517633,2082.735107421875,53.0,0.1674090027809143,3.0,4.0,0.7408634429830508,14.62732982635498,40.0,"{""type"":""Point"",""coordinates"":[110.733658273495,19.794237287535356]}"
1303,0.0,29.0,40.0,15.009108543395996,40.0,19.77133467780643,110.64752549977192,2139.865966796875,37.0,1.3777207136154175,6.0,4.0,0.7253533478011719,13.013978958129883,39.0,"{""type"":""Point"",""coordinates"":[110.64935001416009,19.77335335153477]}"
1304,0.0,24.0,122.0,13.832921981811523,104.0,19.479382210467584,109.26861153864849,2225.5869140625,57.0,0.9493915438652039,2.0,3.0,0.6794946164543839,13.798990249633789,34.0,"{""type"":""Point"",""coordinates"":[109.2683412073579,19.478959748567974]}"
1305,0.0,29.0,18.0,7.539175987243652,18.0,19.74438521928284,110.76430648670748,2158.914306640625,45.0,0.18282771110534668,5.0,4.0,0.7562012512311159,14.549806594848633,39.0,"{""type"":""Point"",""coordinates"":[110.76510260251099,19.742791765416424]}"
1306,0.0,29.0,248.0,33.66984176635742,246.0,18.814628900219134,108.79250443806512,1607.6392822265625,43.0,10.70097541809082,5.0,1.0,0.5539746190732898,11.284637451171875,46.0,"{""type"":""Point"",""coordinates"":[108.79136935139122,18.816532265385852]}"
1307,0.0,25.0,40.0,7.410131454467773,40.0,19.178446590287543,108.76106340312094,1554.357666015625,51.0,0.8856614828109741,2.0,2.0,0.6802626362538194,13.917570114135742,41.0,"{""type"":""Point"",""coordinates"":[108.7620120888183,19.17634382781215]}"
1308,0.0,27.0,343.0,34.27925491333008,157.0,19.093106638296184,109.47073247757538,2353.865478515625,41.0,3.6984243392944336,4.0,2.0,0.6372545128731003,12.292150497436523,40.0,"{""type"":""Point"",""coordinates"":[109.47202962587671,19.092157756434684]}"
1309,0.0,25.0,132.0,49.97938537597656,55.0,19.38056752921443,109.78963440343779,2475.954833984375,47.0,5.33716344833374,3.0,3.0,0.7128729870490143,12.063401222229004,37.0,"{""type"":""Point"",""coordinates"":[109.78939495443234,19.378380160180367]}"
1310,0.0,25.0,25.0,5.856813907623291,26.0,20.072270297986464,110.59362658272477,1782.658935546875,45.0,0.31172075867652893,3.0,4.0,0.7000065133371387,13.589493751525879,44.0,"{""type"":""Point"",""coordinates"":[110.59370709802197,20.073287924813524]}"
1311,0.0,30.0,229.0,56.978065490722656,170.0,18.99429195704304,110.02319637730886,2353.339599609375,44.0,8.530130386352539,4.0,2.0,0.6095070005185056,11.528218269348145,44.0,"{""type"":""Point"",""coordinates"":[110.02388749729151,18.99462415622365]}"
1312,0.0,28.0,588.0,37.77692413330078,456.0,18.85056151158392,109.2371705037043,1985.92822265625,43.0,8.78470516204834,6.0,2.0,0.5697866146190177,11.229537963867188,44.0,"{""type"":""Point"",""coordinates"":[109.23921627303301,18.849743309047412]}"
1313,0.0,23.0,128.0,13.694061279296875,119.0,19.510823245411764,109.32251045569564,2211.846923828125,58.0,0.9411227703094482,4.0,3.0,0.6664755253056597,13.804051399230957,37.0,"{""type"":""Point"",""coordinates"":[109.3205052652518,19.510449602179193]}"
1314,0.0,24.0,26.0,10.391303062438965,26.0,18.57657534992746,110.04565425941183,2092.2900390625,40.0,0.4840899705886841,3.0,1.0,0.7087356590156966,14.529834747314453,46.0,"{""type"":""Point"",""coordinates"":[110.04443084059851,18.57750828873438]}"
1315,0.0,29.0,254.0,42.48015213012695,76.0,19.169463437446346,109.53810612388435,2394.40869140625,39.0,4.825505256652832,5.0,2.0,0.6813864127714013,12.086414337158203,37.0,"{""type"":""Point"",""coordinates"":[109.53738643578848,19.168423841417706]}"
1316,0.0,26.0,67.0,11.414920806884766,60.0,19.730910490021046,110.60260973556598,2256.68115234375,51.0,0.6511110067367554,6.0,3.0,0.7290458664284326,13.76456069946289,35.0,"{""type"":""Point"",""coordinates"":[110.60244105387319,19.733038551632198]}"
1317,0.0,26.0,48.0,19.35226058959961,38.0,19.034716144828415,110.31065726822715,2411.55615234375,46.0,1.2180511951446533,4.0,2.0,0.724022592636369,13.59414291381836,43.0,"{""type"":""Point"",""coordinates"":[110.30920456004633,19.032838551641213]}"
1318,0.0,22.0,31.0,14.08276653289795,31.0,19.71743576075925,109.46174932473417,2085.091552734375,54.0,1.085922360420227,2.0,3.0,0.7616022706401615,13.718923568725586,32.0,"{""type"":""Point"",""coordinates"":[109.46074941977581,19.719658363961752]}"
1319,0.0,28.0,368.0,29.729598999023438,260.0,18.976325651360646,109.91989011963511,2220.6201171875,44.0,3.661454439163208,4.0,2.0,0.6196997194344012,12.284321784973145,42.0,"{""type"":""Point"",""coordinates"":[109.92196181137915,18.974422850981785]}"
1320,0.0,30.0,138.0,25.537960052490234,85.0,19.416500140579217,110.10853632930025,2491.281982421875,41.0,1.878363013267517,4.0,3.0,0.6903833776744607,13.106523513793945,38.0,"{""type"":""Point"",""coordinates"":[110.1063339969512,19.41861187300494]}"
1321,0.0,25.0,146.0,37.424468994140625,64.0,19.313193882905473,110.17141839918861,2494.969482421875,48.0,3.3724899291992188,4.0,3.0,0.7071198680536899,12.515506744384766,38.0,"{""type"":""Point"",""coordinates"":[110.17121180786505,19.3129327894714]}"
1322,0.0,26.0,226.0,65.09381866455078,218.0,19.286244424381884,110.30167411538594,2649.724609375,50.0,7.413427352905273,4.0,3.0,0.661427478548398,11.672322273254395,36.0,"{""type"":""Point"",""coordinates"":[110.30328807809092,19.284689914939587]}"
1323,0.0,30.0,784.0,37.464969635009766,631.0,18.73827210106898,109.35395149063982,2173.339599609375,47.0,8.600204467773438,9.0,1.0,0.5675591066688089,11.0667085647583,45.0,"{""type"":""Point"",""coordinates"":[109.35319237132244,18.73702391776481]}"
1324,0.0,20.0,129.0,16.171369552612305,111.0,19.528789551094157,109.4347998662106,2353.402587890625,55.0,0.9257146120071411,5.0,3.0,0.6842689480745444,13.8199462890625,35.0,"{""type"":""Point"",""coordinates"":[109.43649122672157,19.528171290473036]}"
1325,0.0,30.0,13.0,8.539067268371582,15.0,19.120056096819773,110.5711687006218,2199.19921875,41.0,0.2106022983789444,7.0,2.0,0.7412984224285641,15.35049819946289,44.0,"{""type"":""Point"",""coordinates"":[110.5719603714315,19.119155439265285]}"
1326,0.0,27.0,245.0,18.428003311157227,114.0,19.317685459326064,109.48420720683714,2485.3037109375,46.0,1.0847076177597046,4.0,3.0,0.6791712773826556,13.587258338928223,36.0,"{""type"":""Point"",""coordinates"":[109.4857423811708,19.316052590769036]}"
1327,0.0,25.0,36.0,13.135820388793945,35.0,18.751746830330767,110.18938470487097,2270.92138671875,46.0,0.6680275797843933,3.0,1.0,0.703636497827826,14.201944351196289,47.0,"{""type"":""Point"",""coordinates"":[110.19122243329105,18.752724653276683]}"
1328,0.0,31.0,151.0,20.579601287841797,76.0,19.528789551094157,109.69081972218464,2453.00830078125,43.0,1.4214431047439575,4.0,3.0,0.7127817231704001,13.377318382263184,35.0,"{""type"":""Point"",""coordinates"":[109.68952374218821,19.530059716191314]}"
1329,0.0,27.0,27.0,14.623944282531738,28.0,19.6365873851885,110.71040756966033,2260.121337890625,52.0,1.2043805122375488,10.0,3.0,0.7637222216397053,13.185783386230469,36.0,"{""type"":""Point"",""coordinates"":[110.71031885661114,19.638720921503147]}"
1330,0.0,32.0,404.0,51.81349182128906,273.0,19.259294965858295,109.5964966173521,2439.51611328125,37.0,7.135189056396484,4.0,2.0,0.6397271524157794,11.586962699890137,37.0,"{""type"":""Point"",""coordinates"":[109.59492826336921,19.260454481782908]}"
1331,0.0,38.0,96.0,13.973326683044434,70.0,19.57370531530013,110.5262529364158,2369.894775390625,37.0,0.9130920767784119,4.0,3.0,0.720436237660529,13.569339752197266,35.0,"{""type"":""Point"",""coordinates"":[110.5244991166553,19.574957566410927]}"
1332,0.0,26.0,33.0,5.905546188354492,33.0,19.46590748120579,108.91826857784184,1688.7327880859375,47.0,0.3115393817424774,2.0,3.0,0.707408102728979,14.966529846191406,39.0,"{""type"":""Point"",""coordinates"":[108.9203967804684,19.464009472870117]}"
1333,0.0,24.0,19.0,6.613714218139648,19.0,19.87913251190077,110.94396954353141,1650.4893798828125,51.0,1.0347052812576294,2.0,4.0,0.6706352956722166,12.403361320495605,50.0,"{""type"":""Point"",""coordinates"":[110.94486073239173,19.87702698794123]}"
1334,0.0,30.0,57.0,13.0228853225708,57.0,19.591671620982524,109.20572946876013,2113.005615234375,45.0,0.966838538646698,2.0,3.0,0.7111388638801784,13.819878578186035,37.0,"{""type"":""Point"",""coordinates"":[109.20518833876,19.59052422853973]}"
1335,0.0,31.0,1210.0,39.15910339355469,969.0,18.917935157892877,109.71327760428761,2336.541748046875,40.0,13.51103401184082,12.0,2.0,0.5455017027771938,10.023791313171387,44.0,"{""type"":""Point"",""coordinates"":[109.7132804640392,18.918459481490647]}"
1336,0.0,21.0,5.0,3.592128038406372,8.0,18.59903323203045,108.69818133323258,1396.1109619140625,54.0,0.12104114890098572,2.0,1.0,0.7020578767602149,15.83831787109375,43.0,"{""type"":""Point"",""coordinates"":[108.6987269987311,18.59999639938242]}"
1337,0.0,30.0,108.0,11.460600852966309,72.0,19.650062114450293,109.83005859122318,2392.74609375,45.0,0.4183167517185211,4.0,3.0,0.7295527884480557,14.627198219299316,33.0,"{""type"":""Point"",""coordinates"":[109.831507145668,19.65055759886894]}"
1338,0.0,30.0,198.0,47.31129837036133,196.0,18.706831066124792,108.79250443806512,1662.3695068359375,44.0,16.824363708496094,5.0,1.0,0.5556218681469776,10.847237586975098,43.0,"{""type"":""Point"",""coordinates"":[108.79352212279396,18.706908781570284]}"
1339,0.0,25.0,17.0,5.677663803100586,18.0,19.874640935480173,110.80473067449287,1829.52197265625,48.0,0.19175733625888824,2.0,4.0,0.7029883980352517,14.093643188476562,46.0,"{""type"":""Point"",""coordinates"":[110.80550132723312,19.873449561856027]}"
1340,0.0,45.0,101.0,16.455995559692383,101.0,19.847691476956584,109.75819336849361,2047.6168212890625,31.0,1.8878742456436157,5.0,4.0,0.6735716191716151,13.12413501739502,33.0,"{""type"":""Point"",""coordinates"":[109.75841733988088,19.847590232922748]}"
1341,0.0,28.0,22.0,8.57841682434082,22.0,19.703961031497464,110.7328654517633,2247.13623046875,43.0,0.19157029688358307,3.0,3.0,0.7596661201693303,15.003643035888672,38.0,"{""type"":""Point"",""coordinates"":[110.73480775815909,19.703580865475104]}"
1342,0.0,28.0,148.0,11.139192581176758,130.0,19.560230586038337,110.55320239493938,2362.20703125,48.0,0.45953473448753357,5.0,3.0,0.6859089159684013,14.213396072387695,35.0,"{""type"":""Point"",""coordinates"":[110.55453478022324,19.56116656801813]}"
1343,0.0,24.0,136.0,29.99756622314453,83.0,19.470399057626388,110.05463741225304,2600.5888671875,52.0,2.1491189002990723,4.0,3.0,0.7022249387006749,12.972993850708008,37.0,"{""type"":""Point"",""coordinates"":[110.05293881754359,19.469216537477433]}"
1344,0.0,22.0,71.0,13.148231506347656,64.0,19.322177035746662,110.36006460885369,2526.060302734375,49.0,0.3823137879371643,4.0,3.0,0.7220021063841037,14.739455223083496,39.0,"{""type"":""Point"",""coordinates"":[110.36188499123232,19.321431846566085]}"
1345,0.0,26.0,56.0,14.243070602416992,56.0,19.55573900961774,109.20572946876013,2113.005615234375,51.0,1.1313915252685547,3.0,3.0,0.7079305437988535,13.663261413574219,38.0,"{""type"":""Point"",""coordinates"":[109.2069845398793,19.55464651818376]}"
1346,0.0,24.0,31.0,6.973531723022461,33.0,19.694977878656267,110.90803693216662,1783.1656494140625,50.0,0.691869854927063,4.0,3.0,0.7047769197299522,12.951568603515625,41.0,"{""type"":""Point"",""coordinates"":[110.90902465021323,19.69559312028686]}"
1347,0.0,34.0,635.0,35.77598571777344,443.0,19.097598214716783,109.3943756784252,2293.6220703125,37.0,5.617123126983643,5.0,2.0,0.6067372584931177,11.640183448791504,41.0,"{""type"":""Point"",""coordinates"":[109.39577206642349,19.097663214145616]}"
1348,0.0,30.0,372.0,29.06968116760254,323.0,18.71132264254539,109.58751346451089,2184.576416015625,47.0,3.9806067943573,5.0,1.0,0.586216134590317,12.197606086730957,49.0,"{""type"":""Point"",""coordinates"":[109.58927379216654,18.711748723571947]}"
1349,0.0,23.0,223.0,31.22372817993164,109.0,19.263786542278893,109.37191779632224,2539.175537109375,54.0,2.5406291484832764,4.0,2.0,0.659638579388099,12.750113487243652,40.0,"{""type"":""Point"",""coordinates"":[109.37390634574555,19.263053395336815]}"
1350,0.0,30.0,427.0,32.3235969543457,427.0,18.63496584339523,110.13997736424443,2045.549560546875,47.0,5.9308881759643555,4.0,1.0,0.5901820425526488,11.7562255859375,44.0,"{""type"":""Point"",""coordinates"":[110.14019361055895,18.63577703790798]}"
1351,0.0,29.0,450.0,76.35270690917969,396.0,19.066157179772603,109.08894848182456,2314.381103515625,49.0,17.77129364013672,5.0,2.0,0.5892999804009589,10.612076759338379,39.0,"{""type"":""Point"",""coordinates"":[109.09062988999416,19.065406664737583]}"
1352,0.0,23.0,50.0,10.656599998474121,50.0,18.49123539793611,109.83005859122318,2033.9652099609375,56.0,0.7117961645126343,4.0,1.0,0.6859956540301657,14.13028335571289,44.0,"{""type"":""Point"",""coordinates"":[109.82880843614122,18.489483914644264]}"
1353,0.0,30.0,445.0,46.562522888183594,321.0,18.783187865274954,109.06649059972159,1993.2198486328125,42.0,11.335755348205566,8.0,1.0,0.5856274453471726,11.085171699523926,41.0,"{""type"":""Point"",""coordinates"":[109.06852181171253,18.783626743734562]}"
1354,0.0,25.0,31.0,9.884950637817383,34.0,18.90446042863109,110.39150564379787,2169.59130859375,51.0,0.4173111319541931,4.0,2.0,0.7142168502595373,14.675378799438477,44.0,"{""type"":""Point"",""coordinates"":[110.3929602024707,18.904425472710773]}"
1355,0.0,24.0,116.0,15.173439025878906,78.0,19.470399057626388,109.385392525584,2411.119384765625,55.0,0.8234622478485107,3.0,3.0,0.720960279899587,13.944990158081055,33.0,"{""type"":""Point"",""coordinates"":[109.38444031443969,19.46954815761234]}"
1356,0.0,20.0,53.0,13.863763809204102,42.0,19.569213738879533,110.3241319974889,2402.07421875,57.0,0.619453489780426,3.0,3.0,0.7384189271293836,14.22908878326416,39.0,"{""type"":""Point"",""coordinates"":[110.3257168887266,19.56727956066902]}"
1357,0.0,23.0,175.0,12.254446029663086,46.0,18.73378052464838,109.21022104518073,1962.1627197265625,54.0,1.0901062488555908,3.0,1.0,0.680706321724322,13.62769603729248,43.0,"{""type"":""Point"",""coordinates"":[109.21160893423608,18.736019035126507]}"
1358,0.0,30.0,5.0,19.470321655273438,7.0,18.67988160760121,110.41396352590084,1873.4666748046875,43.0,2.6843485832214355,5.0,1.0,0.7116666379618738,12.809226989746094,46.0,"{""type"":""Point"",""coordinates"":[110.41422289176897,18.679819666478394]}"
1359,0.0,28.0,778.0,41.50607681274414,755.0,18.71132264254539,109.85251647332615,2126.425537109375,47.0,10.533707618713379,7.0,1.0,0.5445466315170688,10.866286277770996,48.0,"{""type"":""Point"",""coordinates"":[109.85202760571578,18.711704581049244]}"
1360,0.0,31.0,301.0,34.86195373535156,258.0,18.65742372549822,109.05750744688038,1991.1480712890625,40.0,6.3484086990356445,4.0,1.0,0.5841178185622843,11.778512001037598,46.0,"{""type"":""Point"",""coordinates"":[109.05600216643009,18.658451951463615]}"
1361,0.0,26.0,222.0,30.921091079711914,119.0,19.420991716999815,109.70429445144646,2521.203369140625,46.0,2.4945483207702637,4.0,3.0,0.6854386176040489,12.769095420837402,34.0,"{""type"":""Point"",""coordinates"":[109.70349743916655,19.419107961449317]}"
1362,0.0,24.0,102.0,10.482898712158203,52.0,19.38505910563503,109.25513680938667,2333.445556640625,50.0,0.311515748500824,4.0,3.0,0.7445213892658749,14.925638198852539,34.0,"{""type"":""Point"",""coordinates"":[109.25488878878735,19.38649439839299]}"
1363,0.0,24.0,117.0,25.1436824798584,88.0,18.71132264254539,109.74471863923185,2429.87939453125,50.0,1.9079616069793701,4.0,1.0,0.6401261554311275,13.103804588317871,48.0,"{""type"":""Point"",""coordinates"":[109.74513763077165,18.709540537333393]}"
1364,0.0,27.0,67.0,9.130624771118164,70.0,18.65293214907762,108.80597916732694,1698.3560791015625,47.0,0.9869297742843628,3.0,1.0,0.640926460760539,13.793390274047852,44.0,"{""type"":""Point"",""coordinates"":[108.80455162552836,18.653316131344344]}"
1365,0.0,29.0,18.0,4.003276348114014,19.0,19.358109647111448,108.78352128522391,1442.558837890625,45.0,0.21070392429828644,2.0,3.0,0.6915875826677308,15.366294860839844,43.0,"{""type"":""Point"",""coordinates"":[108.7834560419964,19.356173109586248]}"
1366,0.0,24.0,140.0,14.459757804870605,126.0,19.10658136755798,108.91826857784184,1907.9285888671875,48.0,1.527092456817627,3.0,2.0,0.6312833179947539,13.312440872192383,40.0,"{""type"":""Point"",""coordinates"":[108.91617955965133,19.106396382714987]}"
1367,0.0,25.0,457.0,29.368621826171875,409.0,18.6888647604424,108.98564222415081,1814.3345947265625,51.0,6.934626579284668,6.0,1.0,0.5648285476260045,11.575651168823242,46.0,"{""type"":""Point"",""coordinates"":[108.98634327095417,18.69057429244307]}"
1368,0.0,29.0,878.0,28.965330123901367,876.0,18.73827210106898,108.81047074374754,1701.0960693359375,49.0,13.333146095275879,6.0,1.0,0.5250305570843482,10.51535701751709,44.0,"{""type"":""Point"",""coordinates"":[108.81041331828344,18.738440362058334]}"
1369,0.0,27.0,75.0,21.661128997802734,60.0,19.043699297669612,110.25226677475933,2367.773681640625,43.0,1.5699959993362427,3.0,2.0,0.6886415872598928,13.324250221252441,44.0,"{""type"":""Point"",""coordinates"":[110.25261408972233,19.042504102346467]}"
1370,0.0,28.0,19.0,8.032508850097656,20.0,19.950997734630327,110.45438771368623,2053.503662109375,43.0,0.3817470371723175,2.0,4.0,0.7356985608355243,13.873409271240234,41.0,"{""type"":""Point"",""coordinates"":[110.4564481977005,19.95145415905112]}"
1371,0.0,26.0,20.0,7.596553802490234,22.0,19.659045267291482,110.86312116796063,1919.7142333984375,50.0,0.5511682629585266,5.0,3.0,0.731501229275191,13.44327163696289,40.0,"{""type"":""Point"",""coordinates"":[110.86257833807464,19.65799814922611]}"
1372,0.0,23.0,257.0,25.26460075378418,229.0,18.554117467824476,109.29556099717206,1977.984130859375,55.0,3.7716825008392334,4.0,1.0,0.5989607546519515,12.33172607421875,45.0,"{""type"":""Point"",""coordinates"":[109.29707324344629,18.554369985265495]}"
1373,0.0,27.0,425.0,16.805124282836914,421.0,18.49123539793611,109.20572946876013,1933.0565185546875,50.0,2.297102689743042,4.0,1.0,0.5957823450600801,12.709303855895996,44.0,"{""type"":""Point"",""coordinates"":[109.2070260574987,18.491430776429123]}"
1374,0.0,29.0,106.0,14.350492477416992,69.0,18.940393039995868,110.12650263498261,2168.944091796875,41.0,1.0116868019104004,6.0,2.0,0.6607910353379594,13.745192527770996,46.0,"{""type"":""Point"",""coordinates"":[110.1283602798857,18.939629471760632]}"
1375,0.0,27.0,442.0,34.49534225463867,412.0,18.724797371807185,109.96929746026171,2299.428955078125,47.0,4.449219226837158,4.0,1.0,0.5947701818790508,12.033852577209473,47.0,"{""type"":""Point"",""coordinates"":[109.97087429621699,18.725227054428377]}"
1376,0.0,32.0,419.0,50.34428405761719,256.0,19.142513978922757,109.67285341650228,2456.3486328125,37.0,6.733973503112793,6.0,2.0,0.6337500175116033,11.634214401245117,39.0,"{""type"":""Point"",""coordinates"":[109.67456373070237,19.140496529886867]}"
1377,0.0,25.0,47.0,19.673812866210938,24.0,19.66353684371208,109.96480588384111,2425.486328125,47.0,1.2197661399841309,5.0,3.0,0.7900537073769685,13.593321800231934,32.0,"{""type"":""Point"",""coordinates"":[109.9632124347106,19.66480603661256]}"
1378,0.0,28.0,86.0,24.83233642578125,86.0,19.789300983488815,109.99624691878529,2434.827392578125,44.0,1.8709388971328735,4.0,4.0,0.7158390949563492,13.142196655273438,32.0,"{""type"":""Point"",""coordinates"":[109.99587442611586,19.790324978576734]}"
1379,0.0,23.0,51.0,13.974205017089844,33.0,19.672519996553277,110.06811214151486,2439.843994140625,55.0,0.6187000870704651,2.0,3.0,0.7812215279059338,14.269879341125488,32.0,"{""type"":""Point"",""coordinates"":[110.069578273645,19.67388370944049]}"
1380,0.0,26.0,141.0,24.675382614135742,83.0,19.376075952793833,109.93785642531753,2473.1416015625,48.0,1.8033465147018433,4.0,3.0,0.6916775548255422,13.145447731018066,38.0,"{""type"":""Point"",""coordinates"":[109.93586028892821,19.37477393750217]}"
1381,0.0,27.0,581.0,50.99235534667969,576.0,18.48674382151551,109.22369577444249,1933.0565185546875,52.0,17.24640655517578,5.0,1.0,0.542384429585755,10.537964820861816,44.0,"{""type"":""Point"",""coordinates"":[109.22463933143743,18.485105693952878]}"
1382,0.0,27.0,7.0,6.606929779052734,10.0,18.80115417095734,110.40498037305969,1980.75830078125,43.0,0.11471964418888092,2.0,1.0,0.7084805302070863,15.962076187133789,49.0,"{""type"":""Point"",""coordinates"":[110.40332066509114,18.80334529583702]}"
1383,0.0,25.0,1081.0,60.269325256347656,884.0,19.01674983914603,109.53361454746374,2312.52880859375,47.0,23.139835357666016,10.0,2.0,0.5309238141552038,9.661487579345703,42.0,"{""type"":""Point"",""coordinates"":[109.53448099811317,19.0152279474649]}"
1384,0.0,27.0,99.0,11.752206802368164,93.0,19.87913251190077,110.26574150402115,2264.700927734375,44.0,0.5970932841300964,4.0,4.0,0.6850314305245284,13.991741180419922,36.0,"{""type"":""Point"",""coordinates"":[110.26449025424725,19.880483408830287]}"
1385,0.0,26.0,311.0,82.86537170410156,306.0,18.473269092253716,109.65039553439925,2272.670654296875,50.0,18.20224952697754,3.0,1.0,0.5690904492598876,10.687901496887207,44.0,"{""type"":""Point"",""coordinates"":[109.6515593233578,18.472333384535958]}"
1386,0.0,27.0,86.0,9.63455867767334,76.0,19.277261271540688,108.94072645994487,1942.234619140625,51.0,0.7120141983032227,2.0,2.0,0.6746339276567633,14.108598709106445,38.0,"{""type"":""Point"",""coordinates"":[108.93887653949065,19.275025608172484]}"
1389,0.0,32.0,148.0,14.654946327209473,132.0,19.49734851614997,110.5217613599952,2406.15625,43.0,0.9144240021705627,7.0,3.0,0.6704210792630951,13.525252342224121,39.0,"{""type"":""Point"",""coordinates"":[110.52289780866033,19.497713801235257]}"
1390,0.0,27.0,43.0,22.69576072692871,30.0,18.612507961292245,109.82107543838197,2316.350830078125,43.0,1.7939761877059937,4.0,1.0,0.7074004334792896,13.20971393585205,47.0,"{""type"":""Point"",""coordinates"":[109.8226688611072,18.614582561050387]}"
1391,0.0,25.0,36.0,10.143050193786621,36.0,18.729288948227783,110.17590997560922,2159.656494140625,51.0,0.4628489911556244,4.0,1.0,0.7020140450393129,14.568896293640137,46.0,"{""type"":""Point"",""coordinates"":[110.1775199120426,18.731029848494934]}"
1392,0.0,26.0,84.0,13.17602252960205,75.0,19.389550682055628,109.14284739887177,2158.427490234375,53.0,0.938811182975769,3.0,3.0,0.7019408264746874,13.833244323730469,35.0,"{""type"":""Point"",""coordinates"":[109.14098952022219,19.388573111101906]}"
1393,0.0,25.0,29.0,6.9795331954956055,32.0,18.908952005051688,110.40498037305969,2133.727294921875,50.0,0.057359881699085236,3.0,2.0,0.7195868286087007,16.66104507446289,43.0,"{""type"":""Point"",""coordinates"":[110.40604306070253,18.91092620433012]}"
1394,0.0,32.0,848.0,63.3937873840332,702.0,19.18293816670814,109.68183656934343,2473.31298828125,41.0,15.392021179199219,5.0,2.0,0.5788527543842805,10.399322509765625,40.0,"{""type"":""Point"",""coordinates"":[109.683160001055,19.1812522721567]}"
1395,0.0,27.0,331.0,36.31031799316406,287.0,18.581066926348058,109.17428843381595,1949.932373046875,52.0,7.758001804351807,4.0,1.0,0.5759194567467448,11.555066108703613,46.0,"{""type"":""Point"",""coordinates"":[109.17244947240997,18.58074420091924]}"
1396,0.0,29.0,164.0,58.78833770751953,167.0,18.280131306168023,109.62793765229628,1844.4837646484375,48.0,17.785587310791016,5.0,0.0,0.5729272986150102,10.809792518615723,41.0,"{""type"":""Point"",""coordinates"":[109.6296492719982,18.279581703053626]}"
1397,0.0,27.0,369.0,44.40559387207031,360.0,19.27276969512009,110.28370780970351,2575.142822265625,50.0,4.80012321472168,4.0,2.0,0.6621159036020687,12.011837005615234,36.0,"{""type"":""Point"",""coordinates"":[110.28223718441653,19.274685313439157]}"
1398,0.0,28.0,39.0,6.686176776885986,40.0,19.820742018433002,109.34945991421921,1698.42041015625,39.0,0.4306330382823944,4.0,4.0,0.7186496852425328,14.639293670654297,35.0,"{""type"":""Point"",""coordinates"":[109.34824684737764,19.821109297365098]}"
1399,0.0,29.0,143.0,25.687862396240234,73.0,19.367092799952644,109.89294066111154,2506.4521484375,42.0,1.8509143590927124,4.0,3.0,0.6999345243123865,13.118152618408203,39.0,"{""type"":""Point"",""coordinates"":[109.89093770892514,19.365108519279634]}"
1400,0.0,28.0,86.0,22.09181785583496,73.0,18.57208377350686,109.81658386196136,2279.03271484375,42.0,1.8388705253601074,4.0,1.0,0.659132548554551,13.15949821472168,46.0,"{""type"":""Point"",""coordinates"":[109.81469450587703,18.574256912191636]}"
1401,0.0,25.0,51.0,22.151416778564453,51.0,19.582688468141328,109.0305579883568,1792.6734619140625,45.0,3.4798619747161865,3.0,3.0,0.6953539448793472,12.541560173034668,36.0,"{""type"":""Point"",""coordinates"":[109.02923226539941,19.583933952820477]}"
1402,0.0,23.0,12.0,4.364254951477051,12.0,18.93590146357527,108.67572345112961,1309.2335205078125,54.0,0.5122824311256409,2.0,2.0,0.6773475872313887,14.481305122375488,46.0,"{""type"":""Point"",""coordinates"":[108.6744576841933,18.933746768671956]}"
1403,0.0,22.0,25.0,5.527359485626221,25.0,19.74887679570344,110.94396954353141,1793.6075439453125,56.0,0.23739443719387054,2.0,4.0,0.6924205746351804,13.861883163452148,46.0,"{""type"":""Point"",""coordinates"":[110.94350259895813,19.74972469239991]}"
1404,0.0,24.0,5.0,5.16179895401001,5.0,18.212757659859058,109.48869878325775,1714.954345703125,51.0,0.13369931280612946,4.0,0.0,0.7395076483403423,15.828627586364746,40.0,"{""type"":""Point"",""coordinates"":[109.48926427111851,18.21258301651362]}"
1405,0.0,26.0,412.0,51.54038619995117,234.0,19.007766686304834,109.76268494491421,2359.838134765625,50.0,7.9804368019104,4.0,2.0,0.6145108216854323,11.467747688293457,41.0,"{""type"":""Point"",""coordinates"":[109.76149293514247,19.006075370188775]}"
1406,0.0,25.0,170.0,54.634033203125,115.0,19.434466446261602,109.83904174406439,2556.494384765625,46.0,5.679823398590088,4.0,3.0,0.6643591960869959,11.97705364227295,37.0,"{""type"":""Point"",""coordinates"":[109.83968678609476,19.43225663348977]}"
1407,0.0,26.0,35.0,11.593379974365234,32.0,18.60352480845105,109.9603143074205,2221.81396484375,45.0,0.5458130836486816,3.0,1.0,0.7046447740415192,14.404594421386719,47.0,"{""type"":""Point"",""coordinates"":[109.9619931402281,18.60167450515784]}"
1408,0.0,26.0,34.0,11.325887680053711,32.0,19.80277571275061,110.45438771368623,2187.89306640625,44.0,0.6513681411743164,5.0,4.0,0.7616706826134654,13.79426383972168,34.0,"{""type"":""Point"",""coordinates"":[110.45506370302199,19.803276680134818]}"
1409,0.0,24.0,166.0,19.0188045501709,66.0,19.27276969512009,109.30005257359267,2483.80322265625,55.0,1.182050108909607,4.0,2.0,0.7124724370920137,13.552390098571777,38.0,"{""type"":""Point"",""coordinates"":[109.300551144314,19.274235023752247]}"
1410,0.0,26.0,351.0,89.26883697509766,322.0,18.720305795386587,109.94234800173814,2422.595703125,46.0,16.925874710083008,4.0,1.0,0.5650119121015692,10.737213134765625,47.0,"{""type"":""Point"",""coordinates"":[109.94043652538666,18.721935659425835]}"
1411,0.0,26.0,70.0,14.903886795043945,35.0,19.474890634046986,110.31065726822715,2390.966064453125,46.0,0.7481141090393066,4.0,3.0,0.7535424364415397,14.068694114685059,37.0,"{""type"":""Point"",""coordinates"":[110.31030262834986,19.474391650159568]}"
1412,0.0,24.0,202.0,15.558941841125488,186.0,18.468777515833118,109.41234198410757,2027.291015625,51.0,1.512600064277649,4.0,1.0,0.6086898017674867,13.282759666442871,46.0,"{""type"":""Point"",""coordinates"":[109.41140438835383,18.468865183442016]}"
1413,0.0,29.0,20.0,8.171740531921387,21.0,20.004896651677498,110.27023308044176,2033.156982421875,43.0,0.4629114866256714,2.0,4.0,0.7508161892644648,13.679207801818848,37.0,"{""type"":""Point"",""coordinates"":[110.27025828624703,20.00304470961551]}"
1414,0.0,30.0,43.0,10.949252128601074,44.0,19.51980639825296,110.73735702818391,2234.5419921875,43.0,0.5938122868537903,7.0,3.0,0.7479242117835275,13.878664016723633,35.0,"{""type"":""Point"",""coordinates"":[110.73871656836776,19.52061691853125]}"
1415,0.0,27.0,176.0,78.1417007446289,168.0,19.286244424381884,110.3196404210683,2649.724609375,49.0,9.76117992401123,3.0,3.0,0.6550767074016964,11.42530345916748,36.0,"{""type"":""Point"",""coordinates"":[110.321720470051,19.2881381621183]}"
1416,0.0,26.0,14.0,8.53144645690918,14.0,19.942014581789138,110.38701406737727,2180.3662109375,47.0,0.3050905466079712,4.0,4.0,0.7520647803068541,14.104621887207031,41.0,"{""type"":""Point"",""coordinates"":[110.3883948130359,19.94396934843441]}"
1418,0.0,35.0,121.0,8.988588333129883,100.0,19.371584376373235,110.28819938612412,2427.2626953125,37.0,0.11471964418888092,5.0,3.0,0.6795873477344706,15.913022994995117,38.0,"{""type"":""Point"",""coordinates"":[110.28958843597256,19.372489014066492]}"
1419,0.0,37.0,77.0,10.128973960876465,77.0,19.838708324115387,109.9603143074205,2337.716064453125,34.0,0.3348653316497803,4.0,4.0,0.7230158716829406,14.760046005249023,33.0,"{""type"":""Point"",""coordinates"":[109.96066346383503,19.840249016313482]}"
1420,0.0,22.0,91.0,17.493730545043945,61.0,19.470399057626388,110.19836785771219,2474.58447265625,53.0,0.9196891784667969,6.0,3.0,0.7245567631040489,13.849620819091797,38.0,"{""type"":""Point"",""coordinates"":[110.19976575199465,19.47057786118118]}"
1421,0.0,29.0,26.0,12.916069030761719,27.0,19.55124743319714,110.71939072250149,2246.103271484375,47.0,0.9146522879600525,9.0,3.0,0.786606130254986,13.461915016174316,31.0,"{""type"":""Point"",""coordinates"":[110.7184847021279,19.550830726588458]}"
1422,0.0,24.0,143.0,18.773218154907227,49.0,19.308702306484875,109.30903572643388,2455.494873046875,53.0,1.1560611724853516,4.0,3.0,0.7267079530438026,13.589025497436523,39.0,"{""type"":""Point"",""coordinates"":[109.30806926280547,19.306731963816983]}"
1423,0.0,27.0,221.0,36.91715621948242,136.0,19.447941175523397,109.75819336849361,2534.375244140625,51.0,3.503307342529297,3.0,3.0,0.6817494596752641,12.429533958435059,34.0,"{""type"":""Point"",""coordinates"":[109.75629295112792,19.447312608799944]}"
1424,0.0,25.0,19.0,8.99029541015625,22.0,18.899968852210492,110.43192983158326,2069.898681640625,48.0,0.38017648458480835,4.0,2.0,0.7268720158439916,14.756300926208496,43.0,"{""type"":""Point"",""coordinates"":[110.43153532009225,18.90065553820789]}"
1425,0.0,27.0,608.0,35.91632843017578,541.0,18.56759219708627,109.45725774831357,2102.9501953125,50.0,7.260390758514404,6.0,1.0,0.5710639370461318,11.405291557312012,46.0,"{""type"":""Point"",""coordinates"":[109.4574753125002,18.568823999013667]}"
1426,0.0,21.0,107.0,12.308643341064453,51.0,19.6320958087679,109.70878602786706,2344.997802734375,55.0,0.5039097666740417,3.0,3.0,0.7533043435035602,14.44163990020752,32.0,"{""type"":""Point"",""coordinates"":[109.71007985054685,19.633515046040063]}"
1427,0.0,32.0,358.0,44.14033126831055,180.0,19.138022402502166,109.4437830190518,2359.242919921875,36.0,5.812965393066406,5.0,2.0,0.6388777217081176,11.827214241027832,38.0,"{""type"":""Point"",""coordinates"":[109.44392688077454,19.137856735077506]}"
1428,0.0,28.0,851.0,39.80788040161133,647.0,18.841578358742723,109.56954715882853,2161.00537109375,47.0,10.09402847290039,6.0,2.0,0.5517861699176723,10.831952095031738,46.0,"{""type"":""Point"",""coordinates"":[109.57093718382419,18.843621637145844]}"
1429,0.0,24.0,20.0,8.537114143371582,22.0,19.66802842013268,110.92151166142838,1783.1656494140625,50.0,1.1586227416992188,4.0,3.0,0.7161782149727167,12.600373268127441,41.0,"{""type"":""Point"",""coordinates"":[110.92003566090742,19.669788435510387]}"
1430,0.0,29.0,28.0,8.532302856445312,28.0,19.708452607918062,110.72388229892209,2247.13623046875,42.0,0.19157519936561584,3.0,3.0,0.7481948741316474,14.998133659362793,39.0,"{""type"":""Point"",""coordinates"":[110.72196964683023,19.707530590225552]}"
1431,0.0,28.0,176.0,82.3760986328125,159.0,18.890985699369296,110.22082573981515,2414.37841796875,49.0,14.188034057617188,4.0,2.0,0.5880434019579286,11.040321350097656,46.0,"{""type"":""Point"",""coordinates"":[110.2201534179858,18.891954612029075]}"
1432,0.0,27.0,207.0,29.94881248474121,195.0,19.205396048811124,110.22082573981515,2568.791748046875,50.0,2.3709521293640137,4.0,2.0,0.6631566561694259,12.829728126525879,40.0,"{""type"":""Point"",""coordinates"":[110.21873632711923,19.204905451468466]}"
1433,0.0,29.0,333.0,18.683242797851562,212.0,18.976325651360646,109.89294066111154,2199.937744140625,41.0,1.6905158758163452,4.0,2.0,0.6279047823045585,13.083195686340332,42.0,"{""type"":""Point"",""coordinates"":[109.89265276924404,18.974935989456814]}"
1434,0.0,27.0,529.0,43.231651306152344,415.0,18.841578358742723,109.74022706281124,2252.894775390625,44.0,7.12598180770874,4.0,2.0,0.586865524272659,11.490951538085938,45.0,"{""type"":""Point"",""coordinates"":[109.74138863662667,18.839864969587147]}"
1435,0.0,23.0,11.0,7.764712333679199,14.0,18.855053088004517,110.50828663073344,1984.05029296875,54.0,0.3084395229816437,3.0,2.0,0.7306641790819813,14.970109939575195,43.0,"{""type"":""Point"",""coordinates"":[110.50662734340968,18.85552711728757]}"
1436,0.0,31.0,87.0,22.690818786621094,69.0,19.614129503085508,110.53523608925701,2372.656005859375,39.0,2.0515904426574707,4.0,3.0,0.7219694662098783,12.7666597366333,34.0,"{""type"":""Point"",""coordinates"":[110.53686548418825,19.61412672585048]}"
1437,0.0,30.0,473.0,51.21797180175781,417.0,18.855053088004517,108.96318434204784,1957.0806884765625,46.0,15.023453712463379,7.0,2.0,0.5618986278695816,10.771740913391113,43.0,"{""type"":""Point"",""coordinates"":[108.96526947055764,18.854956536798873]}"
1438,0.0,29.0,603.0,19.137510299682617,386.0,18.890985699369296,109.64590395797865,2269.93896484375,45.0,1.877232313156128,5.0,2.0,0.6024046013869486,12.767302513122559,45.0,"{""type"":""Point"",""coordinates"":[109.6477350851312,18.890924008927207]}"
1439,0.0,24.0,69.0,8.394554138183594,67.0,19.362601223532046,108.99013380057141,1894.2255859375,55.0,0.5501697659492493,2.0,3.0,0.6745060713300407,14.376643180847168,40.0,"{""type"":""Point"",""coordinates"":[108.98985109798427,19.3622719363652]}"
1440,0.0,29.0,143.0,24.656497955322266,114.0,18.675390031180612,109.70878602786706,2412.17822265625,43.0,1.9531134366989136,6.0,1.0,0.6255734682802586,13.06436824798584,48.0,"{""type"":""Point"",""coordinates"":[109.70759063120357,18.675978794282255]}"
1441,0.0,31.0,69.0,17.059104919433594,70.0,19.942014581789138,110.25675835117994,2264.173828125,40.0,1.5591132640838623,3.0,4.0,0.6947775613922358,12.888382911682129,39.0,"{""type"":""Point"",""coordinates"":[110.25766999446945,19.93980233480134]}"
1442,0.0,34.0,85.0,19.012399673461914,83.0,19.596163197403122,109.40335883126642,2331.542724609375,43.0,1.5141133069992065,4.0,3.0,0.7016996054435537,13.354530334472656,35.0,"{""type"":""Point"",""coordinates"":[109.40194099431382,19.594361427247307]}"
1444,0.0,28.0,692.0,25.879894256591797,639.0,18.76971313601316,108.91377700142124,1790.397216796875,49.0,7.3268022537231445,9.0,1.0,0.5553183637509986,11.319825172424316,45.0,"{""type"":""Point"",""coordinates"":[108.91171820509847,18.768080875447566]}"
1445,0.0,25.0,32.0,19.13209342956543,32.0,19.726418913600448,109.43030828978999,2073.8330078125,48.0,1.8781722784042358,3.0,3.0,0.761841388525995,13.170234680175781,31.0,"{""type"":""Point"",""coordinates"":[109.4280812814199,19.725409093298623]}"
1446,0.0,26.0,189.0,28.819766998291016,178.0,18.52267643288029,109.06199902330098,1859.5963134765625,53.0,5.571672439575195,4.0,1.0,0.5728381636610638,11.984319686889648,49.0,"{""type"":""Point"",""coordinates"":[109.06272478974321,18.521297550972214]}"
1447,0.0,20.0,11.0,3.0802907943725586,11.0,19.066157179772603,108.68021502755016,1239.5926513671875,58.0,0.1908886730670929,2.0,2.0,0.6841893874761606,15.469088554382324,44.0,"{""type"":""Point"",""coordinates"":[108.68127129522713,19.067766624303562]}"
1448,0.0,26.0,813.0,25.79087257385254,788.0,18.6888647604424,108.89581069573887,1671.6162109375,49.0,9.815360069274902,6.0,1.0,0.5277255940807746,10.90182876586914,46.0,"{""type"":""Point"",""coordinates"":[108.89457371330623,18.690383136488194]}"
1449,0.0,27.0,59.0,10.76366901397705,57.0,19.820742018433002,110.3151488446477,2224.071533203125,44.0,0.501072108745575,5.0,4.0,0.7306345271320093,14.198748588562012,35.0,"{""type"":""Point"",""coordinates"":[110.31522584419403,19.820072199596904]}"
1450,0.0,25.0,35.0,7.333078384399414,38.0,18.62149111413344,108.77453813238276,1499.8656005859375,47.0,0.9376296997070312,3.0,1.0,0.6667260089165628,13.863456726074219,44.0,"{""type"":""Point"",""coordinates"":[108.77492914512155,18.6221300549733]}"
1451,0.0,28.0,163.0,65.84413146972656,151.0,19.178446590287543,110.22531731623576,2564.603271484375,48.0,8.136622428894043,4.0,2.0,0.6434011983954839,11.618542671203613,40.0,"{""type"":""Point"",""coordinates"":[110.2245241953887,19.178892488989952]}"
1452,0.0,25.0,502.0,45.745182037353516,495.0,18.500218550777305,109.22369577444249,1971.8980712890625,54.0,12.325294494628906,4.0,1.0,0.5622347893027135,10.954463005065918,44.0,"{""type"":""Point"",""coordinates"":[109.22483009706535,18.50050227620099]}"
1453,0.0,25.0,126.0,31.592121124267578,126.0,18.39691229310356,109.09793163466577,1710.1309814453125,49.0,7.392614364624023,4.0,1.0,0.5979441251473919,11.738637924194336,41.0,"{""type"":""Point"",""coordinates"":[109.09927233300452,18.398602812041943]}"
1454,0.0,32.0,95.0,12.218273162841797,93.0,19.52429797467356,110.62506761766895,2296.9658203125,42.0,0.7502682209014893,6.0,3.0,0.6927141508299508,13.596528053283691,35.0,"{""type"":""Point"",""coordinates"":[110.62708687717566,19.5225263688452]}"
1455,0.0,26.0,178.0,12.999293327331543,47.0,19.35361807069085,109.55607242956671,2451.974365234375,48.0,0.5014894008636475,10.0,3.0,0.7472294626582447,14.402335166931152,36.0,"{""type"":""Point"",""coordinates"":[109.55737546047688,19.35484644304403]}"
1456,0.0,21.0,40.0,16.530643463134766,40.0,18.369962834579972,109.21471262160128,1818.0406494140625,59.0,2.2558813095092773,2.0,1.0,0.6955737696698817,12.982172012329102,40.0,"{""type"":""Point"",""coordinates"":[109.21513480463717,18.36928806136589]}"
1457,0.0,23.0,89.0,11.6351957321167,68.0,19.115564520399175,109.03504956477741,2173.647216796875,56.0,0.6702086925506592,2.0,2.0,0.6839476571492751,14.16731071472168,41.0,"{""type"":""Point"",""coordinates"":[109.0340183741433,19.11716069103541]}"
1458,0.0,33.0,74.0,10.967458724975586,75.0,19.789300983488815,109.19225473949831,1677.2408447265625,39.0,1.492265224456787,8.0,4.0,0.6845720624924079,13.375648498535156,33.0,"{""type"":""Point"",""coordinates"":[109.1924118964043,19.789119943074656]}"
1459,0.0,32.0,663.0,61.271968841552734,611.0,18.79666259453675,109.798617556279,2421.832763671875,39.0,12.284199714660645,4.0,1.0,0.576721340711754,10.820024490356445,44.0,"{""type"":""Point"",""coordinates"":[109.79637973700642,18.796736618455913]}"
1460,0.0,25.0,125.0,38.791526794433594,38.0,19.308702306484875,110.12201105856201,2490.553955078125,49.0,3.5853798389434814,4.0,3.0,0.731758601856389,12.467134475708008,39.0,"{""type"":""Point"",""coordinates"":[110.1227288336068,19.30880331811921]}"
1461,0.0,29.0,53.0,12.37619400024414,24.0,18.65293214907762,109.69531129860525,2379.972900390625,43.0,0.49770766496658325,4.0,1.0,0.7228710019627248,14.486324310302734,47.0,"{""type"":""Point"",""coordinates"":[109.69581409074026,18.651984178891876]}"
1462,0.0,22.0,31.0,15.723546028137207,31.0,19.32666861216726,110.58913500630416,2320.225830078125,53.0,1.039584994316101,5.0,3.0,0.7469776367426094,13.490426063537598,39.0,"{""type"":""Point"",""coordinates"":[110.58966712207658,19.32854154725604]}"
1463,0.0,27.0,115.0,19.916210174560547,89.0,19.55124743319714,109.54259770030495,2367.700927734375,50.0,1.4795300960540771,4.0,3.0,0.6952976196585725,13.359485626220703,35.0,"{""type"":""Point"",""coordinates"":[109.54259287096045,19.553131198690526]}"
1464,0.0,27.0,26.0,7.358585834503174,26.0,19.60514635024431,109.13835582245116,1844.996337890625,47.0,0.40382999181747437,3.0,3.0,0.7343427306740934,14.711118698120117,37.0,"{""type"":""Point"",""coordinates"":[109.13624051225597,19.603442888106503]}"
1465,0.0,26.0,26.0,10.185656547546387,27.0,19.501840092570568,110.75532333386627,2154.845947265625,48.0,0.5506364703178406,5.0,3.0,0.7528488953600727,13.969438552856445,37.0,"{""type"":""Point"",""coordinates"":[110.75698783469393,19.500719607282935]}"
1466,0.0,29.0,18.0,11.322610855102539,15.0,19.74887679570344,110.33311515033012,2360.567626953125,41.0,0.4217427670955658,3.0,4.0,0.8090701572673912,14.402565956115723,30.0,"{""type"":""Point"",""coordinates"":[110.33316045131487,19.75020578345021]}"
1467,0.0,28.0,34.0,9.224527359008789,31.0,19.730910490021046,110.45438771368623,2324.4462890625,41.0,0.18255025148391724,3.0,3.0,0.7802429670190559,15.227792739868164,32.0,"{""type"":""Point"",""coordinates"":[110.45487939714432,19.731724262634657]}"
1468,0.0,23.0,274.0,47.036739349365234,140.0,19.196412895969935,109.37640937274284,2449.81689453125,50.0,5.328026294708252,4.0,2.0,0.658355782264057,11.973387718200684,36.0,"{""type"":""Point"",""coordinates"":[109.37474030682856,19.196995450839378]}"
1469,0.0,31.0,163.0,28.154319763183594,144.0,18.63047426697463,109.03504956477741,1944.4202880859375,41.0,4.521988868713379,4.0,1.0,0.5913077304190301,12.210640907287598,47.0,"{""type"":""Point"",""coordinates"":[109.03656214358502,18.631855509292283]}"
1470,0.0,26.0,39.0,16.711490631103516,34.0,19.263786542278893,108.85089493153288,1856.351806640625,52.0,2.209784984588623,3.0,2.0,0.701036981626904,13.003422737121582,41.0,"{""type"":""Point"",""coordinates"":[108.85306208004098,19.263874915026815]}"
1471,0.0,30.0,10.0,3.689286947250366,11.0,19.977947193153916,109.5920050409315,1437.7763671875,41.0,0.12994441390037537,4.0,4.0,0.7335368625618828,15.585895538330078,36.0,"{""type"":""Point"",""coordinates"":[109.5901289409677,19.978402301582978]}"
1472,0.0,26.0,303.0,14.767931938171387,127.0,18.810137323798536,109.46624090115478,2156.750732421875,50.0,1.201490044593811,4.0,1.0,0.6069460868462397,13.445732116699219,47.0,"{""type"":""Point"",""coordinates"":[109.46581560341754,18.81100925398421]}"
1473,0.0,25.0,112.0,13.019356727600098,98.0,19.501840092570568,109.24615365654546,2163.45751953125,49.0,0.8390563726425171,2.0,3.0,0.6789521934601599,13.928669929504395,34.0,"{""type"":""Point"",""coordinates"":[109.2458405685974,19.502684547136433]}"
1475,0.0,30.0,285.0,21.808841705322266,229.0,18.926918310734074,108.94970961278602,1859.2220458984375,44.0,3.6680169105529785,5.0,2.0,0.5961104621380613,12.340767860412598,44.0,"{""type"":""Point"",""coordinates"":[108.95179850761414,18.928204057264477]}"
1476,0.0,28.0,396.0,45.358455657958984,226.0,18.8820025465281,109.45276617189296,2164.189453125,48.0,8.389591217041016,5.0,2.0,0.5778589745223237,11.428932189941406,47.0,"{""type"":""Point"",""coordinates"":[109.45221686321949,18.88343561041053]}"
1477,0.0,27.0,180.0,12.66895580291748,27.0,18.864036240845707,109.36293464348103,2157.0654296875,47.0,0.8344717621803284,4.0,2.0,0.7148196526422502,13.891801834106445,43.0,"{""type"":""Point"",""coordinates"":[109.36082152873641,18.864126237818947]}"
1478,0.0,19.0,61.0,6.110243797302246,57.0,18.96285092209886,108.78352128522391,1528.5201416015625,59.0,0.5843334794044495,2.0,2.0,0.650626539183909,14.321136474609375,43.0,"{""type"":""Point"",""coordinates"":[108.78250204913196,18.960740133669727]}"
1479,0.0,36.0,121.0,17.75575828552246,101.0,19.470399057626388,110.47684559578926,2380.862060546875,37.0,1.417694330215454,4.0,3.0,0.6619279992111304,13.109001159667969,40.0,"{""type"":""Point"",""coordinates"":[110.47888267334753,19.471228182709968]}"
1480,0.0,22.0,111.0,17.665254592895508,56.0,19.4389580226822,110.02768795372947,2578.53076171875,53.0,0.809207558631897,3.0,3.0,0.7333066370777925,13.965506553649902,38.0,"{""type"":""Point"",""coordinates"":[110.02597811304385,19.440324155156663]}"
1481,0.0,24.0,37.0,6.952730178833008,35.0,19.164971861025748,108.81047074374754,1665.15966796875,56.0,0.6179719567298889,2.0,2.0,0.6936056133877718,14.279253959655762,41.0,"{""type"":""Point"",""coordinates"":[108.81268506415367,19.16607200362901]}"
1482,0.0,35.0,139.0,21.94180679321289,118.0,19.35361807069085,110.27023308044176,2427.2626953125,38.0,1.6720995903015137,5.0,3.0,0.6806412500842351,13.222299575805664,36.0,"{""type"":""Point"",""coordinates"":[110.26842112660381,19.355417818182303]}"
1483,0.0,28.0,174.0,18.745389938354492,174.0,18.527168009300887,109.78514282701718,2278.89501953125,46.0,1.486582636833191,5.0,1.0,0.6260461932388748,13.318020820617676,46.0,"{""type"":""Point"",""coordinates"":[109.7869354812928,18.52619051785498]}"
1484,0.0,29.0,299.0,59.703277587890625,194.0,18.949376192837065,109.94683957815869,2276.47412109375,43.0,10.31881332397461,4.0,2.0,0.5865302305367587,11.287334442138672,46.0,"{""type"":""Point"",""coordinates"":[109.94790103863696,18.951058713878485]}"
1485,0.0,27.0,30.0,8.887533187866211,31.0,19.27276969512009,108.79250443806512,1543.1580810546875,47.0,1.2772423028945923,3.0,2.0,0.6807452667789807,13.557185173034668,43.0,"{""type"":""Point"",""coordinates"":[108.79385881179357,19.271768197312213]}"
1486,0.0,27.0,223.0,12.474738121032715,213.0,18.949376192837065,108.8239454730093,1663.7646484375,50.0,2.001271963119507,4.0,2.0,0.5933212815318819,12.988991737365723,44.0,"{""type"":""Point"",""coordinates"":[108.82401249195638,18.950254900377455]}"
1487,0.0,33.0,59.0,15.209596633911133,59.0,19.72192733717985,109.47971563041654,2085.091552734375,42.0,1.388449788093567,4.0,3.0,0.7292468578761888,13.456686019897461,32.0,"{""type"":""Point"",""coordinates"":[109.48125078863373,19.72297921156029]}"
1488,0.0,29.0,19.0,8.993289947509766,19.0,19.807267289171207,109.41234198410757,1767.964599609375,42.0,0.8055278062820435,4.0,4.0,0.7505165210480507,14.024613380432129,34.0,"{""type"":""Point"",""coordinates"":[109.41344821248929,19.806268909194728]}"
1489,0.0,25.0,184.0,51.66226577758789,174.0,18.68437318402181,109.91989011963511,2376.788818359375,51.0,6.737288951873779,4.0,1.0,0.6015625403983412,11.796086311340332,48.0,"{""type"":""Point"",""coordinates"":[109.91836091811112,18.682265346179424]}"
1490,0.0,30.0,502.0,50.97931671142578,310.0,19.084123485454995,109.56954715882853,2326.20654296875,40.0,8.534398078918457,5.0,2.0,0.6108213054971056,11.330171585083008,40.0,"{""type"":""Point"",""coordinates"":[109.56835212696224,19.08208521193919]}"
1491,0.0,28.0,59.0,12.687898635864258,59.0,19.569213738879533,109.0754737525628,1811.597412109375,47.0,1.4919542074203491,3.0,3.0,0.6941507942870653,13.384756088256836,36.0,"{""type"":""Point"",""coordinates"":[109.07389328651178,19.570964170321723]}"
1492,0.0,29.0,156.0,42.347843170166016,141.0,18.473269092253716,109.60547977019331,2237.040283203125,43.0,5.709681034088135,5.0,1.0,0.622234617828506,11.980587005615234,43.0,"{""type"":""Point"",""coordinates"":[109.60354208393632,18.474949689353135]}"
1493,0.0,25.0,136.0,12.55241584777832,67.0,18.8775109701075,110.07260371793546,2220.776611328125,50.0,0.711901843547821,4.0,2.0,0.6640192485237829,14.078285217285156,46.0,"{""type"":""Point"",""coordinates"":[110.07041213791223,18.875660934788886]}"
1494,0.0,32.0,12.0,7.7155561447143555,13.0,19.88362408832137,109.31352730285442,1665.792236328125,41.0,0.7677570581436157,2.0,4.0,0.7502040730176867,14.076674461364746,34.0,"{""type"":""Point"",""coordinates"":[109.31482561740849,19.88481360282635]}"
1495,0.0,23.0,16.0,3.480344295501709,16.0,18.8775109701075,108.69818133323258,1350.9761962890625,48.0,0.13412488996982574,2.0,2.0,0.6852519757868704,15.819132804870605,44.0,"{""type"":""Point"",""coordinates"":[108.69745638204425,18.876431183395034]}"
1496,0.0,31.0,86.0,14.228275299072266,76.0,18.84606993516332,108.83292862585051,1710.587890625,43.0,2.1841490268707275,4.0,2.0,0.639382726956427,12.987281799316406,42.0,"{""type"":""Point"",""coordinates"":[108.83504595580665,18.84467840797356]}"
1497,0.0,29.0,32.0,10.412521362304688,32.0,19.69048630223567,110.71040756966033,2244.463134765625,48.0,0.5304081439971924,6.0,3.0,0.7487507304095388,14.00150203704834,38.0,"{""type"":""Point"",""coordinates"":[110.71105543697101,19.68987415827366]}"
1498,0.0,31.0,27.0,7.663267135620117,27.0,19.789300983488815,110.67447495829555,2141.910400390625,43.0,0.2438383251428604,7.0,4.0,0.7458993243838228,14.272314071655273,39.0,"{""type"":""Point"",""coordinates"":[110.67465317017384,19.789663061947092]}"
1499,0.0,27.0,451.0,93.18732452392578,326.0,19.21887077807292,109.76268494491421,2572.776123046875,49.0,17.365877151489258,4.0,2.0,0.6061522582935466,10.635897636413574,38.0,"{""type"":""Point"",""coordinates"":[109.76394390517606,19.216950872243547]}"
1500,0.0,29.0,685.0,59.27012634277344,647.0,19.034716144828415,110.07709529435607,2561.3291015625,45.0,9.997886657714844,4.0,2.0,0.5811753785242636,11.010822296142578,46.0,"{""type"":""Point"",""coordinates"":[110.07536135558045,19.033137007146355]}"
1501,0.0,27.0,159.0,12.595683097839355,89.0,19.416500140579217,109.37640937274284,2441.422119140625,41.0,0.42957064509391785,4.0,3.0,0.7102404252478707,14.569136619567871,33.0,"{""type"":""Point"",""coordinates"":[109.37862781860947,19.41426777391896]}"
1502,0.0,20.0,102.0,15.628077507019043,87.0,19.290736000802482,109.00360852983323,2158.419921875,60.0,1.2420978546142578,2.0,3.0,0.6632391994031415,13.542384147644043,40.0,"{""type"":""Point"",""coordinates"":[109.00544366102233,19.290786733159322]}"
1503,0.0,22.0,25.0,8.457353591918945,25.0,19.650062114450293,109.21471262160128,1873.43505859375,52.0,0.5167343020439148,2.0,3.0,0.736007358466393,14.465152740478516,37.0,"{""type"":""Point"",""coordinates"":[109.21332685661919,19.650625050862946]}"
1504,0.0,29.0,47.0,8.187379837036133,40.0,19.80277571275061,110.26574150402115,2249.654541015625,39.0,0.11471964418888092,6.0,4.0,0.767443899617162,15.682340621948242,32.0,"{""type"":""Point"",""coordinates"":[110.26360906770302,19.802712350307917]}"
1506,0.0,26.0,181.0,44.58661651611328,183.0,18.6888647604424,110.31065726822715,1921.5181884765625,49.0,9.718377113342285,4.0,1.0,0.572300694521177,11.426606178283691,47.0,"{""type"":""Point"",""coordinates"":[110.3099685844528,18.690805833801537]}"
1507,0.0,25.0,176.0,6.845380783081055,161.0,19.003275109884235,108.84191177869172,1721.330810546875,56.0,0.5489838123321533,5.0,2.0,0.6142424736060348,14.31311321258545,42.0,"{""type"":""Point"",""coordinates"":[108.83999872157042,19.001585763156264]}"
1508,0.0,29.0,15.0,6.523395538330078,15.0,19.820742018433002,109.4347998662106,1767.964599609375,40.0,0.32572680711746216,4.0,4.0,0.7480525495082759,14.932412147521973,36.0,"{""type"":""Point"",""coordinates"":[109.43443361749601,19.81996300884832]}"
1509,0.0,27.0,778.0,33.099483489990234,725.0,18.778696288854356,108.90928542500069,1790.397216796875,49.0,12.15061092376709,8.0,1.0,0.5401984324714003,10.719693183898926,44.0,"{""type"":""Point"",""coordinates"":[108.91010296108844,18.780828435654996]}"
1510,0.0,21.0,11.0,13.184182167053223,13.0,19.18293816670814,110.5711687006218,2218.235595703125,52.0,0.7280105948448181,3.0,2.0,0.7439908764073028,14.0929594039917,43.0,"{""type"":""Point"",""coordinates"":[110.5723132685995,19.181040723328717]}"
1511,0.0,26.0,206.0,28.541318893432617,129.0,18.868527817266305,110.03667110657068,2241.36767578125,48.0,3.0984740257263184,4.0,2.0,0.6193012398562954,12.562353134155273,45.0,"{""type"":""Point"",""coordinates"":[110.03736236834852,18.870540316313296]}"
1512,0.0,28.0,91.0,20.169462203979492,83.0,19.753368372124037,109.97378903668232,2434.827392578125,46.0,1.3411296606063843,4.0,4.0,0.7212081513339367,13.472291946411133,32.0,"{""type"":""Point"",""coordinates"":[109.9753094219197,19.755159937888497]}"
1513,0.0,31.0,761.0,42.81272888183594,566.0,18.85056151158392,109.6414123815581,2269.93896484375,45.0,9.251518249511719,4.0,2.0,0.5684415016842328,11.015995025634766,45.0,"{""type"":""Point"",""coordinates"":[109.64136249884399,18.85212660351962]}"
1514,0.0,25.0,63.0,11.460689544677734,63.0,19.618621079506106,109.2326789272837,1944.6160888671875,51.0,0.9653562903404236,4.0,3.0,0.6999841613470437,13.817867279052734,36.0,"{""type"":""Point"",""coordinates"":[109.23152539250908,19.616681067474477]}"
1515,0.0,28.0,21.0,6.730740547180176,24.0,18.751746830330767,110.3241319974889,2048.75732421875,49.0,0.12115024030208588,2.0,1.0,0.6962148569894222,15.917988777160645,49.0,"{""type"":""Point"",""coordinates"":[110.3246396684102,18.753253996598037]}"
1516,0.0,28.0,983.0,61.1136474609375,813.0,18.980817227781245,109.39886725484581,2298.569580078125,42.0,20.648426055908203,9.0,2.0,0.5457792243435313,9.923609733581543,41.0,"{""type"":""Point"",""coordinates"":[109.39743053939858,18.982608721603498]}"
1517,0.0,31.0,621.0,65.65531158447266,567.0,19.021241415566628,109.13386424603056,2366.662109375,40.0,14.145637512207031,6.0,2.0,0.594041819133796,10.711651802062988,39.0,"{""type"":""Point"",""coordinates"":[109.13487413863837,19.02173191297583]}"
1518,0.0,26.0,244.0,21.581941604614258,242.0,18.778696288854356,108.77902970880336,1652.8431396484375,54.0,5.11494255065918,4.0,1.0,0.5771944757244334,12.034523963928223,45.0,"{""type"":""Point"",""coordinates"":[108.77730283406933,18.777597133424475]}"
1519,0.0,25.0,97.0,13.244565963745117,28.0,19.34912649427025,110.1624352463474,2494.969482421875,48.0,0.4591660797595978,4.0,3.0,0.767155707615433,14.540690422058105,37.0,"{""type"":""Point"",""coordinates"":[110.16401286990765,19.34895961864959]}"
1520,0.0,28.0,76.0,13.693563461303711,75.0,19.60514635024431,109.39886725484581,2237.53662109375,49.0,0.8817649483680725,3.0,3.0,0.7073437811216867,13.900728225708008,35.0,"{""type"":""Point"",""coordinates"":[109.39913079557383,19.60606864768676]}"
1521,0.0,22.0,214.0,8.79344367980957,212.0,18.414878598785947,109.39886725484581,1940.364990234375,56.0,0.5454509258270264,3.0,1.0,0.6279562060430423,14.295162200927734,41.0,"{""type"":""Point"",""coordinates"":[109.3966396035412,18.415264916390306]}"
1522,0.0,26.0,36.0,11.340429306030273,36.0,19.793792559909413,110.62955919408955,2139.865966796875,40.0,0.7087077498435974,5.0,4.0,0.7406600001157261,13.661097526550293,37.0,"{""type"":""Point"",""coordinates"":[110.62755916042393,19.794198208626636]}"
1523,0.0,25.0,11.0,9.171174049377441,14.0,18.868527817266305,110.39599722021848,2169.853515625,47.0,0.2931329309940338,4.0,2.0,0.7337106168509038,15.04014778137207,45.0,"{""type"":""Point"",""coordinates"":[110.39730079533116,18.87045656925973]}"
1524,0.0,20.0,21.0,6.162820339202881,21.0,18.450811210150732,110.06811214151486,1879.015625,53.0,0.11471964418888092,4.0,1.0,0.7173605387468824,15.972529411315918,43.0,"{""type"":""Point"",""coordinates"":[110.06858367303425,18.452904136222703]}"
1525,0.0,27.0,509.0,55.788414001464844,272.0,18.944884616416466,109.69081972218464,2255.438720703125,44.0,10.805370330810547,5.0,2.0,0.5815670082129109,11.084096908569336,44.0,"{""type"":""Point"",""coordinates"":[109.68970565363082,18.94569019796065]}"
1526,0.0,32.0,472.0,41.16524887084961,278.0,19.133530826081568,109.32251045569564,2307.548095703125,39.0,6.108654499053955,6.0,2.0,0.6204325269198652,11.691922187805176,40.0,"{""type"":""Point"",""coordinates"":[109.3223338062191,19.131947333569155]}"
1527,0.0,25.0,93.0,11.288732528686523,85.0,19.4434495991028,109.13835582245116,2156.859619140625,50.0,0.6180107593536377,3.0,3.0,0.7002777569590747,14.245992660522461,33.0,"{""type"":""Point"",""coordinates"":[109.14012066469009,19.442725663176617]}"
1528,0.0,26.0,762.0,46.2235107421875,755.0,18.495726974356707,109.2281873508631,1933.0565185546875,53.0,17.461822509765625,8.0,1.0,0.533961665159197,10.356850624084473,44.0,"{""type"":""Point"",""coordinates"":[109.2274061146037,18.49495055584287]}"
1529,0.0,24.0,40.0,12.051546096801758,40.0,19.4389580226822,108.97216749488905,1884.3775634765625,51.0,1.1486555337905884,2.0,3.0,0.7122867768945027,13.657503128051758,38.0,"{""type"":""Point"",""coordinates"":[108.97364793739146,19.44046623346418]}"
1530,0.0,28.0,176.0,66.37348175048828,148.0,18.54064273856268,109.32700203211624,2005.75732421875,45.0,16.297496795654297,5.0,1.0,0.5619082018699492,10.894954681396484,46.0,"{""type"":""Point"",""coordinates"":[109.32633066356794,18.539516072861094]}"
1531,0.0,24.0,107.0,33.8209228515625,24.0,19.313193882905473,110.14446894066504,2490.553955078125,50.0,2.8482167720794678,3.0,3.0,0.7550537054141263,12.70879077911377,38.0,"{""type"":""Point"",""coordinates"":[110.14637896534786,19.31516914107279]}"
1533,0.0,26.0,71.0,38.66705322265625,71.0,18.39691229310356,109.01259168267438,1680.3056640625,50.0,10.721762657165527,3.0,1.0,0.6256317117340736,11.393911361694336,40.0,"{""type"":""Point"",""coordinates"":[109.01122277250995,18.397358412426236]}"
1534,0.0,27.0,70.0,7.403553485870361,49.0,18.873019393686903,108.85538650795348,1813.3656005859375,45.0,0.44077426195144653,4.0,2.0,0.6647581359670984,14.597753524780273,46.0,"{""type"":""Point"",""coordinates"":[108.85357110667913,18.87351508501645]}"
1535,0.0,24.0,52.0,16.95783805847168,51.0,18.76522155959256,110.19836785771219,2270.92138671875,53.0,1.2062894105911255,3.0,1.0,0.6782482423989882,13.6014986038208,48.0,"{""type"":""Point"",""coordinates"":[110.19846691368488,18.763851861171794]}"
1536,0.0,26.0,30.0,12.317191123962402,30.0,19.389550682055628,110.60260973556598,2206.82666015625,42.0,0.7071169018745422,5.0,3.0,0.7471728483566619,13.876628875732422,38.0,"{""type"":""Point"",""coordinates"":[110.60101608625273,19.389800602695512]}"
1537,0.0,24.0,36.0,14.128718376159668,26.0,19.6320958087679,110.47235401936865,2363.2412109375,53.0,0.8095847964286804,4.0,3.0,0.7817280456753316,13.736703872680664,33.0,"{""type"":""Point"",""coordinates"":[110.47317461784533,19.632020747186786]}"
1538,0.0,22.0,10.0,5.428406715393066,10.0,18.37445441100057,109.16081370455413,1731.37109375,49.0,0.1338011473417282,2.0,1.0,0.7286714075585219,15.824999809265137,41.0,"{""type"":""Point"",""coordinates"":[109.16005841893005,18.374064388955667]}"
1539,0.0,25.0,12.0,35.66698455810547,14.0,18.693356336862998,110.33311515033012,1921.5181884765625,51.0,6.225388526916504,5.0,1.0,0.6896358931846636,11.979870796203613,47.0,"{""type"":""Point"",""coordinates"":[110.33147590653546,18.692029462118064]}"
1540,0.0,35.0,126.0,12.272168159484863,109.0,19.33116018858786,110.28819938612412,2504.05615234375,38.0,0.41951364278793335,4.0,3.0,0.6951293707417396,14.61333179473877,35.0,"{""type"":""Point"",""coordinates"":[110.28791560148835,19.329815451831646]}"
1541,0.0,23.0,7.0,5.781231880187988,7.0,19.753368372124037,109.37191779632224,1847.4410400390625,47.0,0.08369342237710953,2.0,4.0,0.7749556078632157,16.295915603637695,33.0,"{""type"":""Point"",""coordinates"":[109.37397315679146,19.754903131263752]}"
1542,0.0,27.0,183.0,54.60427474975586,126.0,19.21887077807292,109.15632212813352,2401.96533203125,45.0,6.99050760269165,4.0,2.0,0.6507882520810089,11.75947380065918,37.0,"{""type"":""Point"",""coordinates"":[109.15412385381067,19.2170031753112]}"
1543,0.0,28.0,93.0,39.15672302246094,84.0,19.025732991987226,110.33760672675072,2411.55615234375,42.0,3.88562273979187,4.0,2.0,0.6724794491023077,12.405964851379395,40.0,"{""type"":""Point"",""coordinates"":[110.33805676070047,19.0279184313511]}"
1544,0.0,26.0,130.0,20.556177139282227,112.0,19.259294965858295,110.19387628129158,2508.52392578125,46.0,1.2250242233276367,4.0,2.0,0.6824395548642727,13.539113998413086,37.0,"{""type"":""Point"",""coordinates"":[110.19356675178977,19.259268586593045]}"
1545,0.0,23.0,141.0,15.462194442749023,83.0,19.54226428035595,109.60997134661392,2476.4443359375,53.0,0.7303535342216492,4.0,3.0,0.709911494006607,14.04959487915039,35.0,"{""type"":""Point"",""coordinates"":[109.61145214897083,19.543275714637097]}"
1546,0.0,27.0,96.0,52.134498596191406,96.0,18.52267643288029,110.05014583583244,1987.9119873046875,49.0,11.002644538879395,4.0,1.0,0.5945754366670518,11.352437973022461,44.0,"{""type"":""Point"",""coordinates"":[110.05060712620812,18.521450863356996]}"
1547,0.0,35.0,140.0,14.288948059082031,140.0,19.74438521928284,109.56954715882853,2136.4345703125,41.0,1.2122341394424438,4.0,4.0,0.6780558628262341,13.543428421020508,33.0,"{""type"":""Point"",""coordinates"":[109.568211551578,19.74577638960351]}"
1548,0.0,31.0,23.0,7.94390869140625,23.0,19.71294418433866,110.74634018102506,2247.13623046875,40.0,0.13468605279922485,3.0,3.0,0.7543302929121527,15.017473220825195,39.0,"{""type"":""Point"",""coordinates"":[110.74478097570734,19.714034238731674]}"
1549,0.0,29.0,864.0,40.083045959472656,679.0,18.832595205901526,109.52013981820193,2218.24951171875,45.0,9.51785945892334,5.0,2.0,0.5506935918522359,10.877355575561523,47.0,"{""type"":""Point"",""coordinates"":[109.5198557021763,18.834167921264307]}"
1550,0.0,20.0,93.0,10.12448501586914,83.0,19.16048028460515,108.93174330710366,1958.3717041015625,62.0,0.7639086246490479,3.0,2.0,0.6501461249917353,14.034029960632324,42.0,"{""type"":""Point"",""coordinates"":[108.93069211947717,19.15865096926752]}"
1551,0.0,27.0,413.0,61.845497131347656,370.0,18.76522155959256,109.71327760428761,2440.123291015625,46.0,9.598014831542969,4.0,1.0,0.5864542518646176,11.279518127441406,47.0,"{""type"":""Point"",""coordinates"":[109.71505409465641,18.767249499811346]}"
1552,0.0,25.0,21.0,16.3001708984375,21.0,19.874640935480173,110.02768795372947,2411.477294921875,49.0,0.990839958190918,4.0,4.0,0.7813680857208826,13.546058654785156,35.0,"{""type"":""Point"",""coordinates"":[110.02648586039994,19.87417269244375]}"
1553,0.0,27.0,183.0,59.817657470703125,186.0,18.343013376056383,109.65039553439925,1958.8673095703125,52.0,15.7174072265625,3.0,0.0,0.5733226803976953,10.928703308105469,43.0,"{""type"":""Point"",""coordinates"":[109.64820300669895,18.341975926378712]}"
1554,0.0,32.0,401.0,60.08760452270508,223.0,19.173955013866944,109.42132513694878,2415.94140625,38.0,9.469257354736328,4.0,2.0,0.630855291737135,11.30219841003418,37.0,"{""type"":""Point"",""coordinates"":[109.42047742684126,19.174933458746125]}"
1555,0.0,22.0,132.0,18.19304847717285,68.0,19.564722162458935,109.65937868724046,2429.99658203125,57.0,1.1318955421447754,3.0,3.0,0.7219275118673972,13.61697006225586,35.0,"{""type"":""Point"",""coordinates"":[109.66155432913833,19.56594889615588]}"
1556,0.0,26.0,188.0,18.182952880859375,169.0,18.500218550777305,109.32700203211624,2005.75732421875,52.0,2.137826442718506,4.0,1.0,0.6060978752711608,12.945560455322266,46.0,"{""type"":""Point"",""coordinates"":[109.3268045481234,18.498094737473707]}"
1557,0.0,24.0,25.0,6.2960205078125,26.0,18.513693280039092,108.8733528136359,1635.392333984375,52.0,0.4745483994483948,2.0,1.0,0.6941200442812465,14.550321578979492,43.0,"{""type"":""Point"",""coordinates"":[108.87200902029106,18.512854005140312]}"
1558,0.0,21.0,82.0,13.580751419067383,74.0,19.376075952793833,109.08445690540395,2068.065673828125,57.0,1.072588324546814,3.0,3.0,0.6971772524003046,13.701199531555176,35.0,"{""type"":""Point"",""coordinates"":[109.08442252832634,19.377549033160008]}"
1559,0.0,34.0,922.0,46.83612823486328,868.0,19.003275109884235,109.10242321108637,2366.662109375,40.0,11.617762565612793,9.0,2.0,0.5836630578665017,10.605864524841309,40.0,"{""type"":""Point"",""coordinates"":[109.10175272627282,19.004542013827432]}"
1560,0.0,24.0,115.0,21.10499382019043,62.0,19.18742974312874,110.01870480088826,2392.388427734375,51.0,1.5021017789840698,4.0,2.0,0.708723855805938,13.344338417053223,39.0,"{""type"":""Point"",""coordinates"":[110.0173361807508,19.188014337967125]}"
1561,0.0,22.0,139.0,15.864785194396973,116.0,19.474890634046986,109.33149360853685,2291.190673828125,56.0,1.0483702421188354,3.0,3.0,0.6825396680949418,13.689314842224121,34.0,"{""type"":""Point"",""coordinates"":[109.33320860405539,19.475658802671894]}"
1563,0.0,36.0,114.0,17.736614227294922,84.0,19.49285693972937,110.42294667874205,2422.32958984375,35.0,1.1479007005691528,4.0,3.0,0.6878124473600887,13.574118614196777,39.0,"{""type"":""Point"",""coordinates"":[110.4243920729624,19.492616939454127]}"
1564,0.0,27.0,18.0,10.128409385681152,19.0,19.928539852527344,110.47235401936865,2144.307861328125,44.0,0.6699092984199524,2.0,4.0,0.7412993326362535,13.312410354614258,41.0,"{""type"":""Point"",""coordinates"":[110.47184639002698,19.929109698405657]}"
1565,0.0,27.0,320.0,31.576385498046875,175.0,18.805645747377937,109.31801887927503,2119.0888671875,48.0,4.595664978027344,5.0,1.0,0.6055300856325966,12.090377807617188,44.0,"{""type"":""Point"",""coordinates"":[109.31602614163768,18.80457477641713]}"
1566,0.0,23.0,18.0,3.2885584831237793,18.0,18.864036240845707,108.69368975681198,1350.9761962890625,49.0,0.08345301449298859,2.0,2.0,0.6875184760217334,16.292469024658203,43.0,"{""type"":""Point"",""coordinates"":[108.69376151285438,18.86552048305216]}"
1567,0.0,26.0,29.0,8.983009338378906,25.0,19.40751698773802,109.09344005824516,2018.091064453125,49.0,0.45886939764022827,3.0,3.0,0.7543455193380948,14.581603050231934,35.0,"{""type"":""Point"",""coordinates"":[109.09400800767409,19.407077376308685]}"
1568,0.0,24.0,10.0,4.4692206382751465,11.0,19.245820236596508,108.73860552101797,1453.4632568359375,53.0,0.31147533655166626,2.0,2.0,0.7057354952583691,14.980026245117188,42.0,"{""type"":""Point"",""coordinates"":[108.73777721239925,19.245993614237317]}"
1569,0.0,30.0,79.0,22.061113357543945,45.0,18.65742372549822,109.68632814576404,2379.972900390625,43.0,1.6847444772720337,4.0,1.0,0.6884051261564896,13.251283645629883,48.0,"{""type"":""Point"",""coordinates"":[109.6843576604273,18.65735156196933]}"
1570,0.0,21.0,122.0,12.225041389465332,92.0,19.596163197403122,109.87048277900857,2515.640869140625,57.0,0.349499374628067,4.0,3.0,0.7096080688825728,14.798388481140137,34.0,"{""type"":""Point"",""coordinates"":[109.86978217284616,19.59553799321345]}"
1571,0.0,22.0,162.0,16.499935150146484,107.0,19.470399057626388,109.53810612388435,2466.86962890625,55.0,0.8624779582023621,4.0,3.0,0.6796895490692673,13.870171546936035,37.0,"{""type"":""Point"",""coordinates"":[109.53586199127189,19.47107217342335]}"
1572,0.0,23.0,85.0,15.268667221069336,52.0,19.66802842013268,109.61895449945507,2253.215576171875,55.0,1.0276395082473755,3.0,3.0,0.7414902886038894,13.742220878601074,33.0,"{""type"":""Point"",""coordinates"":[109.61867082390079,19.668505659855725]}"
1573,0.0,26.0,355.0,47.25415802001953,349.0,18.666406878339416,110.04565425941183,2162.231689453125,49.0,8.495060920715332,5.0,1.0,0.5840317514750657,11.446043968200684,46.0,"{""type"":""Point"",""coordinates"":[110.04411756481299,18.664528977045148]}"
1574,0.0,31.0,8.0,8.045845031738281,8.0,19.85667462979778,110.40048879663908,2196.421630859375,32.0,0.13478560745716095,3.0,4.0,0.7732138926976119,15.392786026000977,38.0,"{""type"":""Point"",""coordinates"":[110.40045454577192,19.8563183443598]}"
1575,0.0,22.0,7.0,4.151986122131348,8.0,19.23683708375531,108.7116560624944,1453.4632568359375,47.0,0.1671038568019867,4.0,2.0,0.7111624646691923,15.604458808898926,42.0,"{""type"":""Point"",""coordinates"":[108.71342599185463,19.23597127231991]}"
1576,0.0,24.0,172.0,14.689902305603027,87.0,19.29522757722308,109.78065125059658,2421.7236328125,53.0,0.7382107973098755,4.0,3.0,0.6914389812514035,14.019462585449219,37.0,"{""type"":""Point"",""coordinates"":[109.78158957895862,19.2963217553275]}"
1577,0.0,29.0,43.0,7.329336643218994,44.0,19.96896404031272,110.24777519833873,2036.987548828125,39.0,0.244114950299263,2.0,4.0,0.7248047725411391,14.285951614379883,37.0,"{""type"":""Point"",""coordinates"":[110.24744101082668,19.969336559803576]}"
1578,0.0,30.0,76.0,9.921740531921387,76.0,19.54226428035595,109.08894848182456,1882.287841796875,43.0,0.8234802484512329,3.0,3.0,0.6852858226193397,13.969123840332031,35.0,"{""type"":""Point"",""coordinates"":[109.09036620019248,19.543774729904328]}"
1579,0.0,22.0,172.0,17.559568405151367,102.0,19.434466446261602,109.57403873524913,2483.901123046875,55.0,0.9598334431648254,3.0,3.0,0.6966847727570409,13.7568941116333,33.0,"{""type"":""Point"",""coordinates"":[109.57442634260819,19.435752885780683]}"
1580,0.0,24.0,15.0,9.690644264221191,15.0,18.554117467824476,109.99624691878529,2177.196533203125,46.0,0.3334863781929016,3.0,1.0,0.7318500409693702,14.908868789672852,45.0,"{""type"":""Point"",""coordinates"":[109.99817162681826,18.5530821642845]}"
1581,0.0,38.0,88.0,11.114904403686523,88.0,19.83421674769479,109.9513311545793,2337.716064453125,35.0,0.4648658037185669,4.0,4.0,0.7051301082607103,14.53377628326416,34.0,"{""type"":""Point"",""coordinates"":[109.95072837291939,19.833144315712335]}"
1583,0.0,26.0,83.0,15.662887573242188,68.0,19.4434495991028,110.49930347789223,2380.563232421875,46.0,0.9647570848464966,4.0,3.0,0.705838681453907,13.524669647216797,39.0,"{""type"":""Point"",""coordinates"":[110.49814802383656,19.441702642911157]}"
1584,0.0,28.0,18.0,7.546797275543213,17.0,19.76684310138583,110.76430648670748,1971.188232421875,45.0,0.43171510100364685,3.0,4.0,0.743626612405854,13.690569877624512,39.0,"{""type"":""Point"",""coordinates"":[110.76313407965304,19.766454764894814]}"
1585,0.0,28.0,91.0,16.824798583984375,84.0,19.66802842013268,110.60260973556598,2281.0185546875,46.0,1.5021673440933228,4.0,3.0,0.7020594150613165,12.905917167663574,34.0,"{""type"":""Point"",""coordinates"":[110.60433983174947,19.67018281038565]}"
1586,0.0,28.0,40.0,15.842599868774414,37.0,18.95835934567826,110.34209830317133,2259.705322265625,44.0,1.0577439069747925,4.0,2.0,0.7129853152238422,13.739977836608887,44.0,"{""type"":""Point"",""coordinates"":[110.34370646286803,18.960087797490775]}"
1587,0.0,33.0,116.0,29.887060165405273,106.0,18.639457419815827,109.843533320485,2316.350830078125,39.0,3.0427792072296143,5.0,1.0,0.6167312481973274,12.637109756469727,48.0,"{""type"":""Point"",""coordinates"":[109.84420653226921,18.639735201305125]}"
1588,0.0,28.0,21.0,12.757026672363281,21.0,19.596163197403122,109.06649059972159,1811.597412109375,45.0,1.4578579664230347,2.0,3.0,0.7380467814493515,13.430082321166992,36.0,"{""type"":""Point"",""coordinates"":[109.0675079071368,19.595095861809483]}"
1589,0.0,28.0,12.0,6.386857509613037,13.0,19.793792559909413,109.27310311506909,1739.326416015625,42.0,0.3348151445388794,2.0,4.0,0.7605519225710948,14.906618118286133,33.0,"{""type"":""Point"",""coordinates"":[109.27339582662822,19.79244464944581]}"
1590,0.0,38.0,636.0,63.66968536376953,610.0,18.5092017036185,109.56954715882853,2274.271240234375,34.0,16.4251651763916,6.0,1.0,0.5555588750782495,10.541571617126465,45.0,"{""type"":""Point"",""coordinates"":[109.57013181718985,18.511133971027355]}"
1591,0.0,23.0,35.0,10.118760108947754,35.0,18.8775109701075,108.73411394459737,1477.279296875,53.0,1.7907830476760864,2.0,2.0,0.6607543516022703,13.216167449951172,45.0,"{""type"":""Point"",""coordinates"":[108.73239047760967,18.87624013490463]}"
1592,0.0,29.0,44.0,10.456602096557617,44.0,19.789300983488815,110.55769397135998,2197.389404296875,43.0,0.5476582646369934,5.0,4.0,0.735422172598665,13.958674430847168,37.0,"{""type"":""Point"",""coordinates"":[110.55691573848834,19.78986878627059]}"
1593,0.0,25.0,107.0,44.393043518066406,99.0,18.73378052464838,110.08607844719722,2340.23681640625,52.0,5.376335620880127,4.0,1.0,0.6190350859217548,12.071359634399414,46.0,"{""type"":""Point"",""coordinates"":[110.08665634793189,18.73218286133298]}"
1594,0.0,34.0,520.0,57.76314163208008,350.0,18.998783533463637,109.31352730285442,2167.042236328125,36.0,13.713213920593262,5.0,2.0,0.5722571816626272,10.829492568969727,43.0,"{""type"":""Point"",""coordinates"":[109.31389041680512,18.996685573484577]}"
1595,0.0,25.0,146.0,15.439430236816406,52.0,19.29971915364368,109.30903572643388,2483.80322265625,53.0,0.7644979953765869,4.0,3.0,0.7266445253020749,14.0007905960083,39.0,"{""type"":""Point"",""coordinates"":[109.309815256681,19.298907751668537]}"
1596,0.0,30.0,917.0,41.53993606567383,704.0,18.84606993516332,109.60098819377271,2231.682861328125,45.0,10.916707992553711,5.0,2.0,0.5489179447373798,10.675745010375977,46.0,"{""type"":""Point"",""coordinates"":[109.59905749450141,18.84599466550573]}"
1597,0.0,32.0,149.0,20.264190673828125,102.0,19.470399057626388,109.96929746026171,2557.805908203125,39.0,1.1783262491226196,4.0,3.0,0.6800445490441619,13.566207885742188,38.0,"{""type"":""Point"",""coordinates"":[109.97072422987185,19.472185628303574]}"
1598,0.0,27.0,19.0,10.328493118286133,19.0,19.308702306484875,110.61159288840719,2182.517822265625,46.0,0.4995666444301605,5.0,3.0,0.7550834941994727,14.232458114624023,39.0,"{""type"":""Point"",""coordinates"":[110.61197617673798,19.307902315908184]}"
1599,0.0,23.0,32.0,6.226187229156494,32.0,19.088615061875586,108.72063921533555,1422.1533203125,52.0,0.8216907382011414,2.0,2.0,0.6730167541552868,13.997214317321777,43.0,"{""type"":""Point"",""coordinates"":[108.71840944193819,19.090088113816133]}"
1600,0.0,23.0,25.0,8.77841567993164,28.0,18.873019393686903,110.35557303243309,2169.853515625,52.0,0.2503647208213806,3.0,2.0,0.7122985586967512,15.189783096313477,46.0,"{""type"":""Point"",""coordinates"":[110.35507368293815,18.870849813790045]}"
1601,0.0,38.0,55.0,16.06325912475586,56.0,19.820742018433002,109.57403873524913,1778.168212890625,37.0,2.5070042610168457,4.0,4.0,0.7109296474847916,12.86770248413086,32.0,"{""type"":""Point"",""coordinates"":[109.57588764513783,19.8186885101708]}"
1602,0.0,29.0,49.0,9.517121315002441,42.0,19.811758865591806,110.26124992760055,2249.654541015625,42.0,0.3116419315338135,2.0,4.0,0.7613535316631849,14.68142318725586,32.0,"{""type"":""Point"",""coordinates"":[110.26118519359274,19.81308216154246]}"
1603,0.0,30.0,101.0,29.54623794555664,68.0,18.594541655609852,109.65488711081986,2290.20751953125,42.0,2.9963600635528564,5.0,1.0,0.6606781928713044,12.661638259887695,46.0,"{""type"":""Point"",""coordinates"":[109.65674813840161,18.594204904215374]}"
1604,0.0,23.0,35.0,11.869132041931152,19.0,19.703961031497464,110.06362056509425,2454.400634765625,46.0,0.3116097152233124,3.0,3.0,0.7961856439088479,14.965139389038086,33.0,"{""type"":""Point"",""coordinates"":[110.06478127217319,19.703207850024686]}"
1605,0.0,32.0,118.0,31.767946243286133,15.0,18.91344358147228,110.04116268299128,2408.430419921875,40.0,2.984828233718872,5.0,2.0,0.7297946175288045,12.6551513671875,45.0,"{""type"":""Point"",""coordinates"":[110.0421401363494,18.911435926681946]}"
1606,0.0,26.0,45.0,10.975747108459473,28.0,19.618621079506106,110.50828663073344,2372.656005859375,51.0,0.4061039388179779,6.0,3.0,0.7782653745896871,14.419750213623047,34.0,"{""type"":""Point"",""coordinates"":[110.51041619386908,19.620281512733847]}"
1607,0.0,29.0,289.0,18.651647567749023,165.0,18.91344358147228,109.87497435542917,2317.205322265625,43.0,1.434978723526001,4.0,2.0,0.6207197666955406,13.277697563171387,46.0,"{""type"":""Point"",""coordinates"":[109.87559205208468,18.91444327881312]}"
1608,0.0,22.0,106.0,14.143221855163574,42.0,19.569213738879533,109.63692080513749,2427.2001953125,53.0,0.6183879971504211,3.0,3.0,0.7544166077429411,14.237515449523926,35.0,"{""type"":""Point"",""coordinates"":[109.63702778094805,19.570466983575304]}"
1609,0.0,25.0,327.0,51.287715911865234,231.0,18.706831066124792,109.0305579883568,1944.328857421875,51.0,13.056745529174805,5.0,1.0,0.5734829155119754,11.025911331176758,43.0,"{""type"":""Point"",""coordinates"":[109.03267050053378,18.708015646724622]}"
1610,0.0,20.0,38.0,6.653136730194092,38.0,19.847691476956584,110.73735702818391,1963.365234375,55.0,0.18256518244743347,5.0,4.0,0.7030932940867638,14.520707130432129,43.0,"{""type"":""Point"",""coordinates"":[110.73814069454782,19.84926218359762]}"
1611,0.0,28.0,64.0,10.035365104675293,64.0,19.452432751943995,110.59362658272477,2377.290283203125,42.0,0.2433277815580368,4.0,3.0,0.7053969025555743,14.917203903198242,41.0,"{""type"":""Point"",""coordinates"":[110.59470280382453,19.454584403886837]}"
1612,0.0,26.0,161.0,23.979433059692383,84.0,19.33116018858786,109.81658386196136,2437.638916015625,51.0,1.8678280115127563,4.0,3.0,0.682691350246422,13.097799301147461,39.0,"{""type"":""Point"",""coordinates"":[109.81878998899393,19.331057597056635]}"
1613,0.0,27.0,447.0,54.59408187866211,422.0,18.71581421896599,109.96929746026171,2299.428955078125,48.0,9.730789184570312,7.0,1.0,0.5791764608653331,11.239795684814453,47.0,"{""type"":""Point"",""coordinates"":[109.97117552662783,18.71666644790044]}"
1614,0.0,24.0,25.0,15.947155952453613,24.0,18.57208377350686,109.96929746026171,2177.196533203125,47.0,1.148569107055664,3.0,1.0,0.7178298711129717,13.666302680969238,45.0,"{""type"":""Point"",""coordinates"":[109.97003844113914,18.57364214441945]}"
1616,0.0,28.0,42.0,9.116029739379883,43.0,19.843199900535986,109.28208626791024,1649.26708984375,42.0,1.0462230443954468,2.0,4.0,0.7130000266227744,13.749763488769531,34.0,"{""type"":""Point"",""coordinates"":[109.28036749605342,19.841286811977874]}"
1617,0.0,27.0,290.0,21.994712829589844,276.0,18.62598269055404,108.97216749488905,1785.7491455078125,48.0,4.1157097816467285,5.0,1.0,0.5678975191921034,12.22183895111084,49.0,"{""type"":""Point"",""coordinates"":[108.9732472961305,18.626405957206988]}"
1618,0.0,22.0,25.0,5.265850067138672,25.0,20.112694485771847,110.6879496875573,1694.5672607421875,56.0,0.3495340347290039,2.0,4.0,0.6994215363518378,13.432639122009277,43.0,"{""type"":""Point"",""coordinates"":[110.68785465594497,20.111588459406256]}"
1619,0.0,29.0,94.0,18.990087509155273,81.0,19.429974869841004,110.43642140800387,2411.057373046875,38.0,1.193359136581421,3.0,3.0,0.6905530061269669,13.547897338867188,39.0,"{""type"":""Point"",""coordinates"":[110.43751657826839,19.42874916620877]}"
1621,0.0,23.0,213.0,11.535845756530762,213.0,18.392420716682963,109.41683356052818,2017.27685546875,56.0,0.9118625521659851,3.0,1.0,0.631251435090166,13.781881332397461,41.0,"{""type"":""Point"",""coordinates"":[109.41890742147561,18.393409417443003]}"
1622,0.0,29.0,609.0,60.588592529296875,571.0,19.147005555343355,109.09793163466577,2317.00634765625,48.0,13.641020774841309,7.0,2.0,0.5948300324980847,10.759994506835938,39.0,"{""type"":""Point"",""coordinates"":[109.09633546685025,19.145588403453647]}"
1623,0.0,26.0,415.0,13.790384292602539,409.0,18.616999537712843,108.8688612372153,1622.00927734375,50.0,2.7050766944885254,3.0,1.0,0.562787708608167,12.553121566772461,47.0,"{""type"":""Point"",""coordinates"":[108.8668849409571,18.616836743365]}"
1624,0.0,21.0,12.0,5.16788911819458,15.0,18.648440572657023,108.7116560624944,1483.9129638671875,52.0,0.4060506224632263,2.0,1.0,0.6937695371682765,14.62356185913086,44.0,"{""type"":""Point"",""coordinates"":[108.71066643277086,18.647080368941214]}"
1625,0.0,27.0,11.0,5.740836143493652,12.0,19.250311813017106,108.77902970880336,1543.1580810546875,43.0,0.4628738462924957,2.0,2.0,0.7049985290131883,14.583306312561035,43.0,"{""type"":""Point"",""coordinates"":[108.78124273731606,19.24820046437558]}"
1626,0.0,28.0,108.0,10.280308723449707,77.0,19.60963792666491,109.58302188809029,2298.0244140625,48.0,0.3650660216808319,3.0,3.0,0.713358809320901,14.763362884521484,34.0,"{""type"":""Point"",""coordinates"":[109.5833504130147,19.6101890005108]}"
1627,0.0,40.0,32.0,18.385576248168945,32.0,19.88362408832137,109.93336484889693,2261.216796875,34.0,1.802651286125183,5.0,4.0,0.757464364011207,12.939005851745605,35.0,"{""type"":""Point"",""coordinates"":[109.93217783235625,19.88538908223473]}"
1628,0.0,27.0,915.0,27.33485984802246,887.0,18.702339489704194,108.90479384858008,1725.745361328125,48.0,11.30976390838623,7.0,1.0,0.517033907830674,10.641861915588379,47.0,"{""type"":""Point"",""coordinates"":[108.90346457459027,18.702244054017864]}"
1629,0.0,27.0,185.0,14.141141891479492,168.0,19.232345507334713,110.18938470487097,2607.08447265625,45.0,0.45886939764022827,4.0,2.0,0.674675130477591,14.486698150634766,40.0,"{""type"":""Point"",""coordinates"":[110.18897984402062,19.234087728639267]}"
1630,0.0,25.0,56.0,8.699787139892578,56.0,19.928539852527344,110.30167411538594,2218.89111328125,45.0,0.21601849794387817,8.0,4.0,0.7216624090397038,14.830174446105957,38.0,"{""type"":""Point"",""coordinates"":[110.3021710504984,19.929927159345223]}"
1631,0.0,26.0,403.0,22.648130416870117,212.0,19.0706487561932,109.69081972218464,2360.84228515625,49.0,2.0004003047943115,4.0,2.0,0.640758827347192,12.864176750183105,40.0,"{""type"":""Point"",""coordinates"":[109.6923259082206,19.06875254779783]}"
1632,0.0,29.0,570.0,57.47380065917969,419.0,18.890985699369296,109.30454415001327,2148.780029296875,41.0,14.01356315612793,7.0,2.0,0.5599587552902034,10.765525817871094,45.0,"{""type"":""Point"",""coordinates"":[109.30284639622869,18.889624647987603]}"
1633,0.0,21.0,39.0,18.98418426513672,28.0,19.71743576075925,110.19387628129158,2448.582763671875,54.0,1.2164700031280518,2.0,3.0,0.7943568511470283,13.371417999267578,30.0,"{""type"":""Point"",""coordinates"":[110.1949177376367,19.717527166603304]}"
1634,0.0,26.0,20.0,14.11596393585205,12.0,19.178446590287543,110.31065726822715,2570.515869140625,45.0,0.458956778049469,4.0,2.0,0.785267905741278,14.58662223815918,39.0,"{""type"":""Point"",""coordinates"":[110.31263499635385,19.17946447750164]}"
1635,0.0,29.0,73.0,11.409808158874512,59.0,19.816250442012404,110.19836785771219,2266.892333984375,45.0,0.5863968729972839,9.0,4.0,0.7505778446884265,14.03052043914795,31.0,"{""type"":""Point"",""coordinates"":[110.19767393868149,19.817934492452512]}"
1636,0.0,29.0,687.0,36.93531036376953,464.0,19.088615061875586,109.64590395797865,2272.7275390625,40.0,6.008906364440918,5.0,2.0,0.6099014947378595,11.52462387084961,39.0,"{""type"":""Point"",""coordinates"":[109.64665138151184,19.089820135284516]}"
1637,0.0,26.0,195.0,32.135902404785156,118.0,19.27276969512009,109.86599120258796,2426.37109375,53.0,3.1533448696136475,3.0,2.0,0.6652807413440467,12.551854133605957,37.0,"{""type"":""Point"",""coordinates"":[109.86400668444978,19.271649911324303]}"
1638,0.0,26.0,604.0,51.28075408935547,597.0,18.500218550777305,109.2326789272837,1971.8980712890625,53.0,16.6069278717041,8.0,1.0,0.5470993949231924,10.558202743530273,44.0,"{""type"":""Point"",""coordinates"":[109.23420807724794,18.498476498285065]}"
1639,0.0,26.0,21.0,9.383164405822754,13.0,19.735402066441644,110.27921623328291,2359.862060546875,47.0,0.18281742930412292,2.0,3.0,0.8068993807488068,15.236220359802246,31.0,"{""type"":""Point"",""coordinates"":[110.28029057896072,19.73513998624688]}"
1640,0.0,23.0,44.0,7.92746639251709,36.0,19.677011572973875,110.44091298442447,2380.733154296875,54.0,0.0,19.0,3.0,0.7812465527986909,16.37891960144043,34.0,"{""type"":""Point"",""coordinates"":[110.44071577092373,19.67870044943683]}"
1641,0.0,28.0,204.0,38.7886962890625,150.0,19.007766686304834,108.93623488352426,1929.5830078125,45.0,7.750779628753662,4.0,2.0,0.6041921268694251,11.641611099243164,41.0,"{""type"":""Point"",""coordinates"":[108.93779914179835,19.006819822616784]}"
1642,0.0,29.0,101.0,20.354961395263672,88.0,19.4389580226822,110.45438771368623,2380.563232421875,37.0,1.4034419059753418,5.0,3.0,0.6855646779332712,13.381284713745117,38.0,"{""type"":""Point"",""coordinates"":[110.45524111626003,19.438102438281913]}"
1643,0.0,20.0,8.0,4.824883937835693,9.0,19.196412895969935,108.67572345112961,1315.886962890625,55.0,0.5989168882369995,2.0,2.0,0.6988000436114736,14.32734489440918,42.0,"{""type"":""Point"",""coordinates"":[108.67447158398268,19.198204604266472]}"
1644,0.0,23.0,63.0,9.37852668762207,53.0,19.304210730064277,108.94970961278602,1852.2252197265625,57.0,0.7921296954154968,2.0,3.0,0.6825788441518301,14.015670776367188,41.0,"{""type"":""Point"",""coordinates"":[108.94795857022233,19.305787278406573]}"
1645,0.0,34.0,131.0,11.183202743530273,112.0,19.582688468141328,110.49930347789223,2374.86572265625,40.0,0.47474831342697144,4.0,3.0,0.6869516194948316,14.194961547851562,35.0,"{""type"":""Point"",""coordinates"":[110.49877754647349,19.580958350498044]}"
1646,0.0,28.0,10.0,4.974154949188232,10.0,19.51980639825296,108.96318434204784,1713.1121826171875,46.0,0.11471964418888092,3.0,3.0,0.7462108933409733,15.978863716125488,37.0,"{""type"":""Point"",""coordinates"":[108.96502581694061,19.51977441277701]}"
1647,0.0,23.0,100.0,42.39878463745117,72.0,18.5092017036185,109.35844306706042,2065.91845703125,54.0,6.925187587738037,4.0,1.0,0.6291527941089488,11.820502281188965,46.0,"{""type"":""Point"",""coordinates"":[109.35839195049185,18.510570230453656]}"
1648,0.0,31.0,40.0,13.923205375671387,40.0,19.91057354684495,109.87946593184972,2186.51904296875,39.0,1.050552248954773,5.0,4.0,0.7418749000431396,13.473040580749512,36.0,"{""type"":""Point"",""coordinates"":[109.88028758697422,19.91116146281371]}"
1649,0.0,24.0,138.0,11.573396682739258,84.0,19.025732991987226,108.93174330710366,1929.5830078125,53.0,1.0341471433639526,3.0,2.0,0.6479353607162746,13.703597068786621,41.0,"{""type"":""Point"",""coordinates"":[108.9298506243212,19.025724516475552]}"
1650,0.0,26.0,802.0,61.336082458496094,724.0,18.787679441695552,109.60997134661392,2426.21484375,48.0,13.920354843139648,5.0,1.0,0.5517648619159479,10.553970336914062,47.0,"{""type"":""Point"",""coordinates"":[109.6099831464121,18.787355160814514]}"
1651,0.0,29.0,31.0,10.411249160766602,31.0,19.582688468141328,109.25962838580728,2135.86328125,42.0,0.5136732459068298,4.0,3.0,0.7462244343953633,14.46761417388916,37.0,"{""type"":""Point"",""coordinates"":[109.25905691899774,19.583247380944446]}"
1652,0.0,23.0,29.0,5.822262763977051,29.0,18.837086782322125,108.72513079175616,1502.5916748046875,51.0,0.5498895049095154,2.0,2.0,0.6822614745270453,14.400641441345215,43.0,"{""type"":""Point"",""coordinates"":[108.72440506194135,18.839308855331016]}"
1653,0.0,28.0,40.0,24.224994659423828,42.0,18.414878598785947,109.76268494491421,2004.039306640625,45.0,3.0823912620544434,4.0,1.0,0.698119364017959,12.66955852508545,41.0,"{""type"":""Point"",""coordinates"":[109.76429855085233,18.41503007292106]}"
1654,0.0,22.0,99.0,18.09563446044922,97.0,19.569213738879533,109.3943756784252,2280.16064453125,56.0,1.3457167148590088,4.0,3.0,0.6782831955147575,13.464048385620117,36.0,"{""type"":""Point"",""coordinates"":[109.39487171316505,19.568435772652073]}"
1655,0.0,23.0,273.0,14.2767333984375,166.0,19.33116018858786,109.40785040768702,2535.124755859375,56.0,0.5932261347770691,4.0,3.0,0.6737653954843856,14.172077178955078,38.0,"{""type"":""Point"",""coordinates"":[109.4058288692383,19.329085937199157]}"
1656,0.0,26.0,35.0,8.671513557434082,36.0,19.80277571275061,109.1832715866571,1613.1937255859375,46.0,1.02304208278656,5.0,4.0,0.7258058362144735,13.776259422302246,33.0,"{""type"":""Point"",""coordinates"":[109.18544229393088,19.800563149341148]}"
1657,0.0,25.0,40.0,13.262081146240234,26.0,19.23683708375531,109.00810010625383,2254.831298828125,51.0,0.7523216605186462,4.0,2.0,0.7395675955400917,14.080763816833496,41.0,"{""type"":""Point"",""coordinates"":[109.00751673150971,19.237078846332874]}"
1658,0.0,20.0,110.0,23.841064453125,70.0,19.55573900961774,109.843533320485,2543.13134765625,56.0,1.4904371500015259,3.0,3.0,0.7214621060065031,13.35518741607666,36.0,"{""type"":""Point"",""coordinates"":[109.84234867478847,19.555787739430578]}"
1659,0.0,27.0,16.0,9.843785285949707,18.0,19.582688468141328,110.87210432080184,1890.4022216796875,44.0,1.1788196563720703,3.0,3.0,0.7352970269392824,12.712652206420898,39.0,"{""type"":""Point"",""coordinates"":[110.87104856092168,19.580786875435752]}"
1660,0.0,25.0,318.0,60.29190444946289,292.0,18.71581421896599,109.9603143074205,2299.428955078125,48.0,10.055915832519531,5.0,1.0,0.5835889794025294,11.300531387329102,47.0,"{""type"":""Point"",""coordinates"":[109.96035254884508,18.71359598728917]}"
1661,0.0,26.0,52.0,14.434676170349121,35.0,19.60514635024431,110.49930347789223,2363.2412109375,48.0,0.8391016125679016,4.0,3.0,0.761710630988185,13.68856143951416,35.0,"{""type"":""Point"",""coordinates"":[110.50109370382474,19.60512287361817]}"
1662,0.0,23.0,11.0,10.536827087402344,13.0,19.138022402502166,110.46337086652744,2271.1904296875,47.0,0.33974793553352356,3.0,2.0,0.7621400011312802,14.873430252075195,40.0,"{""type"":""Point"",""coordinates"":[110.46309672384766,19.137456244247623]}"
1663,0.0,29.0,289.0,42.96431350708008,103.0,19.12454767324037,109.39886725484581,2388.43994140625,42.0,5.165810585021973,4.0,2.0,0.6416133367338995,11.994279861450195,39.0,"{""type"":""Point"",""coordinates"":[109.40001065242664,19.125522214825885]}"
1664,0.0,28.0,16.0,6.097129821777344,17.0,20.08125345082766,110.63854234693076,1779.9571533203125,43.0,0.44262486696243286,3.0,4.0,0.7100186732031524,13.257134437561035,44.0,"{""type"":""Point"",""coordinates"":[110.63976902182603,20.082466592123637]}"
1665,0.0,24.0,147.0,6.050324440002441,18.0,18.74276367748957,109.15632212813352,1956.654541015625,54.0,0.08342130482196808,2.0,1.0,0.7163294176801362,16.21554183959961,43.0,"{""type"":""Point"",""coordinates"":[109.15494768222942,18.743459679097977]}"
1666,0.0,27.0,169.0,10.380815505981445,40.0,18.720305795386587,109.17878001023655,1956.654541015625,48.0,0.7957515120506287,2.0,1.0,0.6878057771861671,13.946292877197266,43.0,"{""type"":""Point"",""coordinates"":[109.17962671991081,18.719011968464763]}"
1667,0.0,23.0,168.0,15.561055183410645,164.0,18.43284490446834,109.29106942075146,1907.5286865234375,55.0,1.8455801010131836,3.0,1.0,0.6196102264890221,13.10538101196289,42.0,"{""type"":""Point"",""coordinates"":[109.29246526097906,18.43203291574142]}"
1668,0.0,27.0,155.0,48.65089797973633,155.0,18.68437318402181,110.09506160003843,2157.830810546875,50.0,8.160453796386719,4.0,1.0,0.5958808346266151,11.620600700378418,46.0,"{""type"":""Point"",""coordinates"":[110.09609204147401,18.68586386061897]}"
1669,0.0,23.0,65.0,6.772810935974121,65.0,19.483873786888182,109.07996532898335,1940.4925537109375,56.0,0.21558813750743866,3.0,3.0,0.7039806718150337,15.315899848937988,35.0,"{""type"":""Point"",""coordinates"":[109.0813129691395,19.485076178093742]}"
1670,0.0,29.0,41.0,17.783832550048828,38.0,19.335651765008457,110.49930347789223,2500.8623046875,39.0,0.9196903705596924,5.0,3.0,0.7362378284302493,13.841155052185059,42.0,"{""type"":""Point"",""coordinates"":[110.50120076259662,19.335355387960124]}"
1671,0.0,26.0,167.0,25.220203399658203,113.0,19.061665603352004,109.98277218952347,2397.50146484375,51.0,2.134613037109375,3.0,2.0,0.6426126005239596,12.960403442382812,43.0,"{""type"":""Point"",""coordinates"":[109.98436895717666,19.06244833216975]}"
1672,0.0,31.0,248.0,36.55682373046875,239.0,18.554117467824476,109.81209228554076,2279.03271484375,41.0,4.569448471069336,5.0,1.0,0.6099166758543437,12.145179748535156,46.0,"{""type"":""Point"",""coordinates"":[109.81413378376337,18.55562078727708]}"
1673,0.0,27.0,971.0,76.14704895019531,738.0,18.967342498519457,109.72226075712882,2368.278076171875,41.0,26.541227340698242,12.0,2.0,0.5307098579167082,9.657347679138184,42.0,"{""type"":""Point"",""coordinates"":[109.72435862503585,18.969533902691087]}"
1674,0.0,25.0,677.0,51.06766128540039,576.0,18.814628900219134,109.63692080513749,2231.682861328125,49.0,11.284530639648438,5.0,1.0,0.5518183932028068,10.89440631866455,48.0,"{""type"":""Point"",""coordinates"":[109.63836333689328,18.8161504747764]}"
1675,0.0,29.0,376.0,55.82746887207031,195.0,19.115564520399175,109.48420720683714,2440.710693359375,40.0,7.728607177734375,4.0,2.0,0.6302831763635778,11.526728630065918,39.0,"{""type"":""Point"",""coordinates"":[109.48414556739793,19.113930894922998]}"
1676,0.0,25.0,70.0,31.891569137573242,70.0,18.3160639175328,109.50666508894017,1910.6126708984375,48.0,5.304038047790527,4.0,0.0,0.6610889813243696,12.107219696044922,39.0,"{""type"":""Point"",""coordinates"":[109.50795022629684,18.31593488389538]}"
1677,0.0,26.0,1.0,5.589927673339844,2.0,20.02286295735989,110.64303392335137,1782.2510986328125,43.0,0.21611134707927704,4.0,4.0,0.7247211648315521,14.009637832641602,45.0,"{""type"":""Point"",""coordinates"":[110.64103256664482,20.02154635081244]}"
1678,0.0,25.0,37.0,60.26103591918945,29.0,19.21437920165232,110.31065726822715,2711.21728515625,51.0,5.51948356628418,4.0,2.0,0.7488445008963175,12.08659553527832,38.0,"{""type"":""Point"",""coordinates"":[110.30997423508984,19.214591208362297]}"
1679,0.0,22.0,133.0,10.4391508102417,95.0,19.025732991987226,108.89581069573887,1826.54345703125,48.0,0.9196828603744507,2.0,2.0,0.6294552618308575,13.824016571044922,41.0,"{""type"":""Point"",""coordinates"":[108.89769801243281,19.02411926279952]}"
1680,0.0,25.0,38.0,13.771955490112305,38.0,19.762351524965233,109.47522405399599,1940.4478759765625,52.0,1.3770875930786133,3.0,4.0,0.7445546478762273,13.47723388671875,32.0,"{""type"":""Point"",""coordinates"":[109.47659366487304,19.76251193529348]}"
1681,0.0,29.0,27.0,7.366990566253662,28.0,19.807267289171207,109.26861153864849,1649.26708984375,38.0,0.6495410203933716,3.0,4.0,0.7371459414097731,14.235240936279297,33.0,"{""type"":""Point"",""coordinates"":[109.26868217031597,19.805428986619432]}"
1682,0.0,27.0,221.0,30.159326553344727,92.0,19.151497131763954,109.843533320485,2390.321533203125,50.0,2.9590063095092773,4.0,2.0,0.6497770190539262,12.598745346069336,42.0,"{""type"":""Point"",""coordinates"":[109.84372677791826,19.15303453671692]}"
1683,0.0,24.0,81.0,18.444978713989258,68.0,19.677011572973875,109.56505558240792,2205.7333984375,53.0,1.5456123352050781,4.0,3.0,0.7197843805979631,13.336326599121094,33.0,"{""type"":""Point"",""coordinates"":[109.56359598831212,19.67630566464645]}"
1684,0.0,23.0,36.0,11.162626266479492,34.0,18.54064273856268,108.97665907130965,1767.1611328125,55.0,1.261971116065979,3.0,1.0,0.6637343730710555,13.565726280212402,49.0,"{""type"":""Point"",""coordinates"":[108.97585207609781,18.54209673302299]}"
1685,0.0,20.0,78.0,8.5574369430542,53.0,19.51980639825296,110.3151488446477,2373.451904296875,57.0,0.057359881699085236,2.0,3.0,0.7247130137890729,16.61228370666504,39.0,"{""type"":""Point"",""coordinates"":[110.31433955288985,19.51832687552496]}"
1686,0.0,27.0,57.0,9.204556465148926,57.0,19.398533834896824,108.92725173068305,1782.074951171875,47.0,0.8409125804901123,2.0,3.0,0.6785371602097054,13.95944595336914,40.0,"{""type"":""Point"",""coordinates"":[108.92764086818102,19.39951773218242]}"
1687,0.0,29.0,278.0,23.341060638427734,197.0,18.805645747377937,109.87497435542917,2300.31689453125,43.0,2.15382981300354,5.0,1.0,0.6316133193908415,12.878828048706055,43.0,"{""type"":""Point"",""coordinates"":[109.87490191228693,18.805904300439995]}"
1688,0.0,28.0,195.0,67.04280090332031,174.0,19.133530826081568,109.05301587045977,2317.00634765625,51.0,11.876485824584961,4.0,2.0,0.6166415272909441,11.212300300598145,40.0,"{""type"":""Point"",""coordinates"":[109.0542569584508,19.132557608881324]}"
1689,0.0,27.0,245.0,41.949913024902344,248.0,18.729288948227783,110.34658987959187,2005.96826171875,50.0,8.350886344909668,5.0,1.0,0.5693773527651115,11.539204597473145,49.0,"{""type"":""Point"",""coordinates"":[110.34615836373301,18.72964746042091]}"
1690,0.0,27.0,36.0,10.700509071350098,35.0,19.71294418433866,110.69693284039852,2239.82568359375,45.0,0.5169147253036499,4.0,3.0,0.7389276060548947,13.998152732849121,39.0,"{""type"":""Point"",""coordinates"":[110.69727375245047,19.7139995145845]}"
1691,0.0,25.0,250.0,25.547889709472656,149.0,19.335651765008457,109.37191779632224,2543.485107421875,54.0,1.9212472438812256,4.0,3.0,0.6743619047722379,13.012015342712402,37.0,"{""type"":""Point"",""coordinates"":[109.3729619151294,19.33384075443386]}"
1692,0.0,24.0,27.0,6.980418682098389,29.0,18.76522155959256,110.31065726822715,2048.75732421875,51.0,0.12115991860628128,2.0,1.0,0.6902334230762821,15.914437294006348,49.0,"{""type"":""Point"",""coordinates"":[110.3114688654002,18.764831078205116]}"
1693,0.0,24.0,67.0,10.380648612976074,47.0,19.71743576075925,109.6414123815581,2173.063720703125,53.0,0.48431089520454407,3.0,3.0,0.7456371019508776,14.505337715148926,33.0,"{""type"":""Point"",""coordinates"":[109.64324025233141,19.718857740401237]}"
1694,0.0,23.0,51.0,15.730097770690918,49.0,18.527168009300887,108.9811506477302,1767.1611328125,56.0,2.278810501098633,4.0,1.0,0.6478012577534119,12.96560287475586,48.0,"{""type"":""Point"",""coordinates"":[108.97912620889232,18.52726211502206]}"
1695,0.0,34.0,565.0,31.424461364746094,563.0,18.419370175206545,109.34047676137806,1934.2215576171875,41.0,7.4724626541137695,8.0,1.0,0.5874811753405828,11.413079261779785,41.0,"{""type"":""Point"",""coordinates"":[109.33945152038609,18.41866049517239]}"
1696,0.0,27.0,338.0,23.242658615112305,311.0,19.27276969512009,109.11140636392759,2412.712646484375,49.0,1.9465405941009521,7.0,2.0,0.6590850356652185,12.93855094909668,38.0,"{""type"":""Point"",""coordinates"":[109.10992798889978,19.27187368326745]}"
1697,0.0,26.0,184.0,31.004850387573242,187.0,18.594541655609852,108.85538650795348,1696.260009765625,50.0,7.813239574432373,3.0,1.0,0.5696366007254533,11.646323204040527,46.0,"{""type"":""Point"",""coordinates"":[108.85364653018398,18.593949808216372]}"
1698,0.0,25.0,66.0,9.924155235290527,69.0,18.65293214907762,108.80148759090633,1698.3560791015625,51.0,1.16132652759552,4.0,1.0,0.642233091646069,13.631226539611816,44.0,"{""type"":""Point"",""coordinates"":[108.80307334166898,18.653091917448116]}"
1699,0.0,27.0,52.0,9.364577293395996,45.0,19.80277571275061,110.10853632930025,2307.186767578125,42.0,0.21089807152748108,4.0,4.0,0.7631505176904697,15.069585800170898,32.0,"{""type"":""Point"",""coordinates"":[110.10965593642068,19.803524890808195]}"
1700,0.0,28.0,50.0,10.3842191696167,42.0,19.699469455076866,110.48582874863041,2362.193115234375,41.0,0.29319682717323303,3.0,3.0,0.7599433329912266,14.741661071777344,34.0,"{""type"":""Point"",""coordinates"":[110.48699718778347,19.698671949475017]}"
1701,0.0,25.0,5.0,23.20844078063965,5.0,18.473269092253716,110.05463741225304,1879.015625,52.0,3.442955732345581,4.0,1.0,0.7196757439673236,12.578932762145996,44.0,"{""type"":""Point"",""coordinates"":[110.05284116558363,18.47504725857627]}"
1702,0.0,21.0,38.0,15.670313835144043,31.0,19.76684310138583,110.07709529435607,2441.12060546875,53.0,0.7793909311294556,3.0,4.0,0.7887365401888449,13.909205436706543,31.0,"{""type"":""Point"",""coordinates"":[110.07601448374167,19.766699659470355]}"
1703,0.0,22.0,61.0,5.626541614532471,56.0,19.10208979113738,108.82843704942991,1666.1102294921875,60.0,0.33972668647766113,2.0,2.0,0.6742756519306893,14.863489151000977,40.0,"{""type"":""Point"",""coordinates"":[108.82720262551948,19.1024245098531]}"
1704,0.0,24.0,130.0,12.623592376708984,102.0,19.425483293420413,109.2281873508631,2317.81494140625,56.0,0.6492020487785339,3.0,3.0,0.6953334594841061,14.174196243286133,32.0,"{""type"":""Point"",""coordinates"":[109.22743261395789,19.424379094975677]}"
1705,0.0,29.0,383.0,35.37613296508789,208.0,19.025732991987226,109.77166809775542,2359.838134765625,46.0,4.274684906005859,4.0,2.0,0.6245985616212673,12.11807918548584,42.0,"{""type"":""Point"",""coordinates"":[109.76966788549318,19.026547532888415]}"
1706,0.0,24.0,128.0,15.973386764526367,96.0,19.474890634046986,110.09057002361783,2600.5888671875,54.0,0.6725860238075256,3.0,3.0,0.6987402695364779,14.14003849029541,36.0,"{""type"":""Point"",""coordinates"":[110.08989679510903,19.473577949301443]}"
1707,0.0,28.0,35.0,13.244675636291504,36.0,19.919556699686147,110.12201105856201,2262.23486328125,43.0,0.8052998185157776,2.0,4.0,0.7542803719407396,13.742776870727539,35.0,"{""type"":""Point"",""coordinates"":[110.12311938182741,19.917851294620924]}"
1708,0.0,22.0,96.0,12.771956443786621,52.0,19.618621079506106,109.62344607587568,2323.588623046875,55.0,0.5993174910545349,3.0,3.0,0.7423232636456124,14.27489948272705,34.0,"{""type"":""Point"",""coordinates"":[109.62478166638579,19.616490173803818]}"
1709,0.0,26.0,299.0,53.278289794921875,268.0,19.4434495991028,110.18040155202976,2558.123779296875,49.0,6.121039390563965,4.0,3.0,0.655708669165327,11.816651344299316,37.0,"{""type"":""Point"",""coordinates"":[110.17849657588614,19.44489831588762]}"
1710,0.0,25.0,163.0,35.221153259277344,147.0,19.483873786888182,109.29556099717206,2225.5869140625,54.0,4.525671482086182,4.0,3.0,0.6693064174173307,12.209823608398438,33.0,"{""type"":""Point"",""coordinates"":[109.2955280664238,19.483404788589485]}"
1711,0.0,31.0,233.0,21.768159866333008,56.0,19.24132866017591,109.48869878325775,2483.548828125,40.0,1.5021090507507324,4.0,2.0,0.7180308135668327,13.269519805908203,38.0,"{""type"":""Point"",""coordinates"":[109.4870246282526,19.24325896807936]}"
1712,0.0,25.0,18.0,5.725270748138428,20.0,19.66802842013268,110.95295269637256,1719.0740966796875,49.0,0.4415499269962311,4.0,3.0,0.7080741412938638,13.259566307067871,43.0,"{""type"":""Point"",""coordinates"":[110.95257408227488,19.668286412481883]}"
1713,0.0,32.0,67.0,18.043701171875,68.0,19.49734851614997,110.63405077051016,2277.371826171875,39.0,1.7167279720306396,4.0,3.0,0.7114040318612195,12.794809341430664,36.0,"{""type"":""Point"",""coordinates"":[110.63327225434749,19.49950559925341]}"
1714,0.0,24.0,115.0,18.625173568725586,41.0,19.29522757722308,110.06811214151486,2513.426025390625,47.0,0.9722850322723389,4.0,3.0,0.7369434545419978,13.77944278717041,40.0,"{""type"":""Point"",""coordinates"":[110.06920021340858,19.29730858557835]}"
1715,0.0,23.0,126.0,18.497575759887695,107.0,19.479382210467584,109.2371705037043,2260.566162109375,57.0,1.507482647895813,4.0,3.0,0.6804737954718414,13.33401870727539,34.0,"{""type"":""Point"",""coordinates"":[109.23872552836592,19.481080171285853]}"
1716,0.0,29.0,24.0,28.76935386657715,15.0,19.12903924966097,110.25675835117994,2458.948974609375,41.0,2.2391884326934814,4.0,2.0,0.7582599875965363,12.998908996582031,41.0,"{""type"":""Point"",""coordinates"":[110.25764033008421,19.12851804747905]}"
1717,0.0,30.0,55.0,8.432931900024414,53.0,19.77582625422702,110.49930347789223,2219.2353515625,41.0,0.210886150598526,6.0,4.0,0.7370025449516764,14.903010368347168,35.0,"{""type"":""Point"",""coordinates"":[110.50113456118386,19.773877479708226]}"
1718,0.0,28.0,49.0,7.0066070556640625,49.0,19.4434495991028,108.91377700142124,1755.8851318359375,43.0,0.4409771263599396,3.0,3.0,0.6929643386333773,14.609701156616211,39.0,"{""type"":""Point"",""coordinates"":[108.9148287101773,19.444600505018425]}"
1719,0.0,29.0,108.0,30.275068283081055,71.0,18.95835934567826,110.13997736424443,2309.04736328125,43.0,3.0269253253936768,4.0,2.0,0.661541981239455,12.647221565246582,45.0,"{""type"":""Point"",""coordinates"":[110.14031737381538,18.95784189634731]}"
1720,0.0,27.0,204.0,17.73927116394043,31.0,18.926918310734074,109.46624090115478,2246.189697265625,47.0,1.4104763269424438,4.0,2.0,0.7074018092232043,13.351401329040527,44.0,"{""type"":""Point"",""coordinates"":[109.46522228591917,18.928043399449592]}"
1721,0.0,23.0,541.0,50.597923278808594,477.0,18.79217101811615,109.6414123815581,2426.21484375,52.0,7.530275344848633,5.0,1.0,0.5860402051172843,11.425301551818848,47.0,"{""type"":""Point"",""coordinates"":[109.64150753493557,18.79241438915554]}"
1722,0.0,25.0,134.0,37.47247314453125,126.0,18.513693280039092,109.64590395797865,2323.01220703125,51.0,4.216663837432861,4.0,1.0,0.6151509036121457,12.298906326293945,47.0,"{""type"":""Point"",""coordinates"":[109.64813319462108,18.5158224071068]}"
1723,0.0,25.0,117.0,27.857101440429688,101.0,19.564722162458935,109.48869878325775,2399.52490234375,53.0,2.461081027984619,4.0,3.0,0.6896170416481975,12.848994255065918,33.0,"{""type"":""Point"",""coordinates"":[109.4889489081395,19.56545505285431]}"
1724,0.0,23.0,34.0,13.73750114440918,33.0,19.694977878656267,109.48420720683714,2149.899658203125,57.0,1.0024722814559937,3.0,3.0,0.7597744292872896,13.797157287597656,33.0,"{""type"":""Point"",""coordinates"":[109.48228764084539,19.69592947315474]}"
1725,0.0,23.0,32.0,3.9477717876434326,32.0,18.82810362948093,108.72962236817676,1502.5916748046875,50.0,0.08344359695911407,2.0,2.0,0.6758667834512287,16.284475326538086,44.0,"{""type"":""Point"",""coordinates"":[108.72809784313237,18.828608200593003]}"
1726,0.0,27.0,167.0,18.255868911743164,121.0,19.488365363308773,109.52912297104314,2466.86962890625,55.0,1.2221260070800781,4.0,3.0,0.6825471240904653,13.518407821655273,36.0,"{""type"":""Point"",""coordinates"":[109.5302087154664,19.490204031883778]}"
1727,0.0,26.0,49.0,38.52259826660156,38.0,18.917935157892877,110.27472465686236,2287.98779296875,50.0,4.4593329429626465,4.0,2.0,0.6907366115262138,12.293937683105469,46.0,"{""type"":""Point"",""coordinates"":[110.27689073567377,18.916588613886333]}"
1728,0.0,29.0,287.0,32.44758605957031,176.0,19.003275109884235,109.91989011963511,2268.03173828125,42.0,3.8079018592834473,4.0,2.0,0.6311052030322547,12.301870346069336,41.0,"{""type"":""Point"",""coordinates"":[109.92043870017314,19.004056318880554]}"
1729,0.0,29.0,27.0,8.760921478271484,28.0,19.91506512326555,110.48582874863041,2144.307861328125,45.0,0.4421893060207367,3.0,4.0,0.7367951199788946,13.715028762817383,40.0,"{""type"":""Point"",""coordinates"":[110.48381091999927,19.912906686825167]}"
1730,0.0,31.0,729.0,46.82857131958008,550.0,18.8775109701075,109.48869878325775,2164.189453125,46.0,12.36783504486084,6.0,2.0,0.5567835308670354,10.750504493713379,45.0,"{""type"":""Point"",""coordinates"":[109.48730862941181,18.87861586530062]}"
1731,0.0,26.0,156.0,14.857916831970215,129.0,19.600654773823713,109.89294066111154,2411.656982421875,48.0,0.7528175711631775,5.0,3.0,0.6869170230227951,14.009943008422852,35.0,"{""type"":""Point"",""coordinates"":[109.8918675100667,19.599035184591404]}"
1732,0.0,21.0,70.0,13.523195266723633,50.0,19.533281127514755,110.35557303243309,2356.94970703125,57.0,0.6568179130554199,3.0,3.0,0.7256786087416018,14.160062789916992,39.0,"{""type"":""Point"",""coordinates"":[110.35360432853875,19.53487025587406]}"
1733,0.0,39.0,496.0,54.27812194824219,462.0,18.500218550777305,109.55607242956671,2274.271240234375,34.0,11.199956893920898,6.0,1.0,0.5747451667343824,11.057737350463867,46.0,"{""type"":""Point"",""coordinates"":[109.55476241271198,18.498382640571588]}"
1734,0.0,25.0,151.0,25.96666145324707,48.0,19.33116018858786,109.71327760428761,2426.930908203125,45.0,1.989912509918213,4.0,3.0,0.7352379212575777,13.040702819824219,36.0,"{""type"":""Point"",""coordinates"":[109.71241403323862,19.333144297663615]}"
1735,0.0,30.0,35.0,10.995084762573242,36.0,19.506331668991166,110.70142441681912,2234.5419921875,46.0,0.63386070728302,9.0,3.0,0.754234894853457,13.820612907409668,36.0,"{""type"":""Point"",""coordinates"":[110.70255662059454,19.50777057849118]}"
1736,0.0,24.0,32.0,4.658024311065674,33.0,19.88811566474196,110.90354535574602,1650.4893798828125,50.0,0.16746176779270172,3.0,4.0,0.6620383959320776,14.19459342956543,49.0,"{""type"":""Point"",""coordinates"":[110.9018050233534,19.890237622616148]}"
1737,0.0,29.0,68.0,39.01876449584961,53.0,19.052682450510808,110.23879204549758,2492.645751953125,40.0,3.493623733520508,4.0,2.0,0.6966934079039581,12.527559280395508,44.0,"{""type"":""Point"",""coordinates"":[110.23687760859161,19.053967557965496]}"
1738,0.0,25.0,165.0,27.51858139038086,165.0,19.344634917849653,108.84640335511227,1634.623291015625,53.0,7.192135334014893,6.0,3.0,0.5937574655249771,11.74215316772461,41.0,"{""type"":""Point"",""coordinates"":[108.8472115263855,19.345175953627678]}"
1739,0.0,28.0,123.0,51.25715255737305,126.0,18.271148153326827,109.64590395797865,1844.4837646484375,48.0,13.59957504272461,6.0,0.0,0.5926527762763192,11.117465019226074,40.0,"{""type"":""Point"",""coordinates"":[109.64703456339795,18.26937677600967]}"
1740,0.0,27.0,420.0,47.405879974365234,296.0,18.79217101811615,109.03954114119801,1951.608154296875,45.0,11.884257316589355,6.0,1.0,0.5815788120545737,11.055547714233398,41.0,"{""type"":""Point"",""coordinates"":[109.03945122664355,18.79129951491177]}"
1741,0.0,32.0,429.0,52.00819396972656,224.0,19.111072943978577,109.36293464348103,2388.43994140625,38.0,7.847108364105225,4.0,2.0,0.619896677633154,11.472043991088867,40.0,"{""type"":""Point"",""coordinates"":[109.36228429211354,19.112565393940088]}"
1742,0.0,29.0,19.0,7.924365043640137,19.0,19.74887679570344,110.78676436881045,2158.914306640625,48.0,0.2932007610797882,6.0,4.0,0.7554110288786191,14.075983047485352,39.0,"{""type"":""Point"",""coordinates"":[110.78877371940216,19.747000971181453]}"
1743,0.0,25.0,185.0,68.69252014160156,130.0,19.429974869841004,109.83455016764378,2556.494384765625,47.0,8.33441162109375,4.0,3.0,0.6537546224455748,11.580248832702637,37.0,"{""type"":""Point"",""coordinates"":[109.8329961414885,19.430850302654488]}"
1744,0.0,21.0,56.0,6.873709678649902,53.0,19.066157179772603,108.78801286164452,1544.436279296875,59.0,0.7889095544815063,3.0,2.0,0.66531695067692,14.023880004882812,41.0,"{""type"":""Point"",""coordinates"":[108.78785658158093,19.068283119553477]}"
1745,0.0,30.0,533.0,60.25702667236328,456.0,18.814628900219134,109.81209228554076,2352.640625,38.0,11.07119369506836,4.0,1.0,0.5881399777758306,11.03969669342041,43.0,"{""type"":""Point"",""coordinates"":[109.81425392709212,18.815278665539584]}"
1746,0.0,22.0,12.0,4.040114879608154,12.0,18.855053088004517,108.69368975681198,1350.9761962890625,52.0,0.3084395229816437,2.0,2.0,0.6938329782891773,14.988672256469727,43.0,"{""type"":""Point"",""coordinates"":[108.69577266805156,18.85388052647533]}"
1747,0.0,30.0,747.0,74.70343017578125,718.0,18.71581421896599,109.81658386196136,2364.40869140625,41.0,20.098461151123047,7.0,1.0,0.5301566523464848,10.220675468444824,48.0,"{""type"":""Point"",""coordinates"":[109.81751629948027,18.715676841946028]}"
1748,0.0,31.0,108.0,27.96530532836914,111.0,18.37445441100057,109.60997134661392,2058.072021484375,42.0,3.7659521102905273,4.0,1.0,0.6214048660691358,12.42825698852539,43.0,"{""type"":""Point"",""coordinates"":[109.60982555460717,18.372319338969003]}"
1749,0.0,26.0,6.0,3.4662327766418457,7.0,19.281752847961286,108.69818133323258,1381.2518310546875,49.0,0.12982065975666046,2.0,3.0,0.7110852170209311,15.857494354248047,41.0,"{""type"":""Point"",""coordinates"":[108.6988648927697,19.280294004194765]}"
1750,0.0,24.0,30.0,7.666612148284912,30.0,19.6320958087679,109.22369577444249,1944.6160888671875,49.0,0.3115883469581604,2.0,3.0,0.7396637537038188,14.96811580657959,36.0,"{""type"":""Point"",""coordinates"":[109.2223039733051,19.633278873880524]}"
1751,0.0,28.0,171.0,51.881534576416016,156.0,19.15598870818455,108.99013380057141,2120.6435546875,43.0,9.118622779846191,6.0,2.0,0.6087731538281527,11.49781322479248,42.0,"{""type"":""Point"",""coordinates"":[108.99066744186592,19.1552460456719]}"
1752,0.0,23.0,66.0,6.262251377105713,65.0,19.120056096819773,108.79699601448573,1562.3634033203125,57.0,0.6254057288169861,2.0,2.0,0.6567162399671764,14.25024127960205,40.0,"{""type"":""Point"",""coordinates"":[108.7991536381212,19.118042724401736]}"
1753,0.0,25.0,170.0,30.91269302368164,95.0,19.322177035746662,109.99624691878529,2432.5693359375,50.0,2.7562050819396973,4.0,3.0,0.6658663782850733,12.702630996704102,39.0,"{""type"":""Point"",""coordinates"":[109.99451368097847,19.323034835000474]}"
1754,0.0,25.0,160.0,27.858131408691406,57.0,18.922426734313476,110.05463741225304,2307.875,48.0,2.647157907485962,3.0,2.0,0.6745493467383835,12.749360084533691,45.0,"{""type"":""Point"",""coordinates"":[110.05458366220051,18.92336441096566]}"
1755,0.0,28.0,39.0,10.430295944213867,33.0,19.789300983488815,110.28370780970351,2331.13330078125,44.0,0.3495121896266937,9.0,4.0,0.7818891234896391,14.574440956115723,32.0,"{""type"":""Point"",""coordinates"":[110.28213979332851,19.788282978426555]}"
1756,0.0,24.0,207.0,27.87663459777832,85.0,18.729288948227783,109.0305579883568,1944.328857421875,51.0,4.410470485687256,3.0,1.0,0.6226267987839321,12.207632064819336,43.0,"{""type"":""Point"",""coordinates"":[109.03000530801259,18.730648574691426]}"
1757,0.0,28.0,27.0,9.517278671264648,27.0,19.784809407068217,110.70142441681912,2082.735107421875,48.0,0.7555356621742249,5.0,4.0,0.7346451577179456,13.117242813110352,40.0,"{""type"":""Point"",""coordinates"":[110.70307578027865,19.78551787679986]}"
1758,0.0,28.0,7.0,5.494078636169434,9.0,19.627604232347302,110.95744427279317,1762.325439453125,43.0,0.2597615122795105,5.0,3.0,0.7293306379860139,13.814688682556152,42.0,"{""type"":""Point"",""coordinates"":[110.95621861230568,19.62678527014874]}"
1759,0.0,26.0,34.0,11.765122413635254,34.0,19.596163197403122,109.08445690540395,1811.597412109375,48.0,1.2585339546203613,4.0,3.0,0.7205494858554279,13.569620132446289,37.0,"{""type"":""Point"",""coordinates"":[109.0849802259344,19.59484161743679]}"
1760,0.0,25.0,97.0,14.009963989257812,90.0,19.587180044561926,109.4437830190518,2331.542724609375,51.0,0.7555114030838013,5.0,3.0,0.7013510157141789,14.042671203613281,34.0,"{""type"":""Point"",""coordinates"":[109.44546104320327,19.58822415216794]}"
1761,0.0,26.0,181.0,8.184261322021484,172.0,18.45530278657133,109.30454415001327,1938.3341064453125,52.0,0.4745378792285919,3.0,1.0,0.6168450131221547,14.455670356750488,44.0,"{""type"":""Point"",""coordinates"":[109.30578215982528,18.457453166140425]}"
1762,0.0,26.0,53.0,11.164359092712402,53.0,19.389550682055628,108.83292862585051,1544.7276611328125,52.0,1.9585975408554077,3.0,3.0,0.6527896337338185,13.115988731384277,43.0,"{""type"":""Point"",""coordinates"":[108.83248051724604,19.39165169919562]}"
1763,0.0,29.0,713.0,20.529356002807617,565.0,18.760729983171963,109.33598518495745,2050.3203125,49.0,3.3156628608703613,6.0,1.0,0.574493092622823,12.097051620483398,46.0,"{""type"":""Point"",""coordinates"":[109.334496738696,18.761529604212484]}"
1764,0.0,28.0,478.0,17.894973754882812,472.0,18.62598269055404,108.8643696607947,1622.00927734375,50.0,4.512227535247803,4.0,1.0,0.5542653289190308,11.991868019104004,47.0,"{""type"":""Point"",""coordinates"":[108.86547148546727,18.62615583973165]}"
1765,0.0,26.0,55.0,9.531888008117676,55.0,19.537772703935353,109.19674631591892,2060.4052734375,50.0,0.5017907023429871,3.0,3.0,0.712902394228655,14.47697639465332,37.0,"{""type"":""Point"",""coordinates"":[109.1973381772746,19.53931558589034]}"
1766,0.0,29.0,41.0,13.94387435913086,41.0,19.77133467780643,110.64303392335137,2139.865966796875,39.0,1.205920934677124,6.0,4.0,0.7292858683322053,13.146283149719238,38.0,"{""type"":""Point"",""coordinates"":[110.64290702683476,19.771259359029937]}"
1767,0.0,29.0,723.0,19.551002502441406,517.0,18.675390031180612,109.46624090115478,2057.635498046875,48.0,2.984039545059204,5.0,1.0,0.5746228650148693,12.192972183227539,46.0,"{""type"":""Point"",""coordinates"":[109.46739740880345,18.676531322616917]}"
1768,0.0,26.0,136.0,15.634489059448242,139.0,18.325047070373998,109.65937868724046,1958.8673095703125,52.0,1.7526911497116089,4.0,0.0,0.6212639184067074,13.177057266235352,43.0,"{""type"":""Point"",""coordinates"":[109.65857270243393,18.324838148757042]}"
1769,0.0,22.0,17.0,2.6604526042938232,17.0,19.039207721249014,108.65775714544719,1227.0540771484375,54.0,0.06067930534482002,2.0,2.0,0.6767931624259022,16.611726760864258,44.0,"{""type"":""Point"",""coordinates"":[108.65778051708526,19.040796161698804]}"
1770,0.0,32.0,111.0,9.482768058776855,68.0,19.38505910563503,110.21633416339455,2471.6640625,40.0,0.1216140165925026,2.0,3.0,0.7205963955051272,15.860774993896484,37.0,"{""type"":""Point"",""coordinates"":[110.2157675913811,19.38460908350579]}"
1771,0.0,30.0,40.0,10.497723579406738,40.0,19.76684310138583,109.40785040768702,1883.355224609375,43.0,0.915989875793457,2.0,4.0,0.7398101103066661,13.883893966674805,32.0,"{""type"":""Point"",""coordinates"":[109.40880772038831,19.766344787038364]}"
1773,0.0,23.0,122.0,17.22477912902832,69.0,19.34912649427025,109.27310311506909,2385.889404296875,46.0,0.9726057052612305,3.0,3.0,0.7148750658437425,13.77482795715332,36.0,"{""type"":""Point"",""coordinates"":[109.2716013774163,19.351165520267774]}"
1774,0.0,31.0,480.0,40.726322174072266,427.0,18.49123539793611,109.48420720683714,2004.23193359375,40.0,9.124588012695312,7.0,1.0,0.5723847931147861,11.279680252075195,45.0,"{""type"":""Point"",""coordinates"":[109.4861707054929,18.489661221475373]}"
1775,0.0,27.0,245.0,65.50064086914062,140.0,18.926918310734074,109.9603143074205,2387.700927734375,49.0,10.329312324523926,4.0,2.0,0.5954151884652141,11.322786331176758,46.0,"{""type"":""Point"",""coordinates"":[109.9584896477448,18.92648976784842]}"
1776,0.0,25.0,305.0,19.09880256652832,256.0,18.57208377350686,109.15183055171292,1949.932373046875,55.0,2.681198835372925,4.0,1.0,0.5894400480854035,12.64106559753418,47.0,"{""type"":""Point"",""coordinates"":[109.15301139462984,18.57019366185027]}"
1777,0.0,23.0,28.0,9.165118217468262,31.0,18.922426734313476,110.39150564379787,2169.59130859375,50.0,0.28679710626602173,2.0,2.0,0.7167361068523554,15.052186012268066,44.0,"{""type"":""Point"",""coordinates"":[110.39265529329693,18.92309394371503]}"
1778,0.0,21.0,108.0,46.03721618652344,94.0,19.21887077807292,109.00810010625383,2254.831298828125,52.0,5.852379322052002,3.0,2.0,0.639197670371186,11.98536491394043,41.0,"{""type"":""Point"",""coordinates"":[109.00645879025888,19.22030337690486]}"
1779,0.0,31.0,60.0,39.33161163330078,58.0,19.04819087409021,110.38252249095666,2415.82666015625,40.0,3.9615402221679688,5.0,2.0,0.7130722975234104,12.40625,38.0,"{""type"":""Point"",""coordinates"":[110.38448937081256,19.047980975404695]}"
1780,0.0,23.0,15.0,6.303069114685059,17.0,19.627604232347302,110.92151166142838,1826.4105224609375,50.0,0.3044888973236084,3.0,3.0,0.7176876507941568,14.044211387634277,43.0,"{""type"":""Point"",""coordinates"":[110.92172644151948,19.62652920941489]}"
1781,0.0,29.0,365.0,47.187862396240234,311.0,19.043699297669612,109.07996532898335,2335.939208984375,48.0,7.158143043518066,7.0,2.0,0.6300455014316191,11.612237930297852,39.0,"{""type"":""Point"",""coordinates"":[109.08064514779689,19.04376484312954]}"
1782,0.0,29.0,16.0,6.628068923950195,17.0,19.865657782638976,110.62955919408955,1987.6383056640625,42.0,0.18256747722625732,5.0,4.0,0.7337329954388427,14.554234504699707,42.0,"{""type"":""Point"",""coordinates"":[110.63167673510686,19.863829547900977]}"
1783,0.0,23.0,110.0,13.390608787536621,103.0,18.57208377350686,109.00810010625383,1872.8131103515625,56.0,1.5034135580062866,3.0,1.0,0.5957080469759253,13.346514701843262,48.0,"{""type"":""Point"",""coordinates"":[109.00771275320582,18.57002253568725]}"
1784,0.0,32.0,559.0,34.98386001586914,547.0,18.441828057309536,109.34047676137806,1934.2215576171875,40.0,8.504288673400879,7.0,1.0,0.5793276647641693,11.287086486816406,42.0,"{""type"":""Point"",""coordinates"":[109.33965950504565,18.440808179897374]}"
1785,0.0,30.0,10.0,5.778065204620361,12.0,19.537772703935353,110.86761274438123,1845.5467529296875,39.0,0.13456593453884125,5.0,3.0,0.7400841439711398,15.367725372314453,40.0,"{""type"":""Point"",""coordinates"":[110.86928003704105,19.53878451424222]}"
1786,0.0,28.0,11.0,12.00104808807373,3.0,19.699469455076866,110.31065726822715,2412.654541015625,42.0,0.4416307806968689,2.0,3.0,0.8251102177866074,14.361759185791016,30.0,"{""type"":""Point"",""coordinates"":[110.3112516892802,19.69882600348544]}"
1787,0.0,30.0,489.0,58.566001892089844,372.0,19.27276969512009,109.68632814576404,2494.40576171875,38.0,8.52364730834961,4.0,2.0,0.6284951949786128,11.341797828674316,38.0,"{""type"":""Point"",""coordinates"":[109.68636053237708,19.27150715498707]}"
1788,0.0,26.0,37.0,12.352514266967773,28.0,19.60963792666491,110.41845510232145,2387.16796875,46.0,0.5166187286376953,5.0,3.0,0.7783354481279061,14.185193061828613,34.0,"{""type"":""Point"",""coordinates"":[110.41963376245484,19.609324384844932]}"
1789,0.0,24.0,57.0,12.28995418548584,60.0,18.581066926348058,108.79699601448573,1479.3214111328125,55.0,2.565202474594116,3.0,1.0,0.634535154840775,12.843544006347656,44.0,"{""type"":""Point"",""coordinates"":[108.79702991146416,18.58068347220791]}"
1790,0.0,30.0,311.0,35.99434280395508,114.0,19.039207721249014,109.39886725484581,2328.453125,39.0,4.189204216003418,4.0,2.0,0.631623783068239,12.18960952758789,41.0,"{""type"":""Point"",""coordinates"":[109.40026462501251,19.037731035487948]}"
1791,0.0,28.0,476.0,59.20359420776367,427.0,18.783187865274954,110.0097216480471,2302.499755859375,46.0,11.356865882873535,5.0,1.0,0.5799439579466787,11.059257507324219,45.0,"{""type"":""Point"",""coordinates"":[110.01154360597161,18.78238916392087]}"
1792,0.0,25.0,24.0,5.533267498016357,24.0,19.784809407068217,110.9394779671108,1680.28076171875,49.0,0.4600888192653656,3.0,4.0,0.6734541634235807,13.202472686767578,49.0,"{""type"":""Point"",""coordinates"":[110.93844653959928,19.783964519467922]}"
1793,0.0,25.0,169.0,40.51454544067383,159.0,19.29971915364368,110.28819938612412,2575.142822265625,50.0,3.6000845432281494,4.0,3.0,0.6782893189431776,12.435614585876465,36.0,"{""type"":""Point"",""coordinates"":[110.2863058875612,19.298179656120837]}"
1794,0.0,23.0,30.0,4.376904010772705,30.0,19.04819087409021,108.73411394459737,1403.7781982421875,50.0,0.3243730366230011,2.0,2.0,0.6758670630828392,14.92790412902832,43.0,"{""type"":""Point"",""coordinates"":[108.73495901609793,19.04935980131283]}"
1795,0.0,34.0,41.0,55.56364059448242,40.0,19.173955013866944,110.38701406737727,2601.484619140625,36.0,5.546847343444824,4.0,2.0,0.737351666234964,12.07928466796875,38.0,"{""type"":""Point"",""coordinates"":[110.38834731581026,19.171843718324098]}"
1796,0.0,27.0,159.0,25.86590003967285,56.0,19.394042258476226,109.66836184008167,2457.172607421875,46.0,1.9977067708969116,4.0,3.0,0.7321695663936949,13.031781196594238,35.0,"{""type"":""Point"",""coordinates"":[109.66856311019495,19.39208285313331]}"
1797,0.0,23.0,166.0,13.155424118041992,136.0,18.8775109701075,110.13099421140322,2121.096923828125,49.0,0.8938419818878174,4.0,2.0,0.6232088752759172,13.831927299499512,45.0,"{""type"":""Point"",""coordinates"":[110.13059881472321,18.879595207393063]}"
1798,0.0,25.0,22.0,15.944623947143555,22.0,19.591671620982524,109.04403271761862,1792.6734619140625,47.0,2.0960848331451416,3.0,3.0,0.7297178669917934,13.066171646118164,37.0,"{""type"":""Point"",""coordinates"":[109.0438889190367,19.593272794143317]}"
1799,0.0,26.0,612.0,50.80146026611328,369.0,18.980817227781245,109.69980287502585,2270.836181640625,47.0,9.948623657226562,4.0,2.0,0.587531240135867,11.082039833068848,42.0,"{""type"":""Point"",""coordinates"":[109.70084373468941,18.980535560540137]}"
1800,0.0,29.0,86.0,8.2081298828125,84.0,19.865657782638976,110.27472465686236,2264.700927734375,44.0,0.13479185104370117,5.0,4.0,0.6985036980247704,15.490521430969238,36.0,"{""type"":""Point"",""coordinates"":[110.2760654951871,19.866639046168963]}"
1801,0.0,29.0,737.0,45.257930755615234,670.0,18.648440572657023,109.385392525584,2106.338623046875,49.0,12.718369483947754,7.0,1.0,0.5529429148702288,10.71379280090332,45.0,"{""type"":""Point"",""coordinates"":[109.38458985854578,18.647713805190058]}"
1802,0.0,28.0,26.0,7.230556964874268,27.0,19.852183053377182,109.34496833779866,1665.792236328125,39.0,0.5868833661079407,2.0,4.0,0.7298942549167955,14.337267875671387,35.0,"{""type"":""Point"",""coordinates"":[109.34698456294737,19.854010084221223]}"
1803,0.0,24.0,127.0,12.998723983764648,123.0,18.536151162142083,109.0215748355156,1844.8031005859375,54.0,1.49815833568573,4.0,1.0,0.5937704569000577,13.339611053466797,48.0,"{""type"":""Point"",""coordinates"":[109.01980456433544,18.535879053884702]}"
1804,0.0,28.0,12.0,8.245948791503906,12.0,19.955489311050925,110.38252249095666,2134.75634765625,41.0,0.293217271566391,4.0,4.0,0.756132232889667,14.147126197814941,40.0,"{""type"":""Point"",""coordinates"":[110.38425172095683,19.956679160880196]}"
1805,0.0,27.0,275.0,36.84938430786133,247.0,18.513693280039092,109.34047676137806,2005.75732421875,52.0,7.068696022033691,4.0,1.0,0.5844044227726628,11.687812805175781,46.0,"{""type"":""Point"",""coordinates"":[109.34030736298288,18.513526132683133]}"
1806,0.0,26.0,459.0,46.23029708862305,335.0,18.756238406751365,109.03954114119801,1951.608154296875,46.0,11.644737243652344,5.0,1.0,0.5748388666566471,11.046774864196777,42.0,"{""type"":""Point"",""coordinates"":[109.03804321747519,18.7568520302888]}"
1807,0.0,32.0,336.0,14.31104564666748,190.0,19.205396048811124,109.6414123815581,2427.286376953125,39.0,0.7288452386856079,4.0,2.0,0.6628773384397078,13.922643661499023,38.0,"{""type"":""Point"",""coordinates"":[109.64292548241305,19.206216079282157]}"
1808,0.0,25.0,70.0,14.864543914794922,43.0,19.71294418433866,109.86149962616736,2362.25927734375,51.0,0.8122201561927795,4.0,3.0,0.7605097675815347,13.986467361450195,33.0,"{""type"":""Point"",""coordinates"":[109.86165939694024,19.713459825675198]}"
1809,0.0,21.0,143.0,13.586469650268555,79.0,19.560230586038337,109.78065125059658,2450.18603515625,57.0,0.5597202181816101,4.0,3.0,0.7134497455605089,14.31446647644043,35.0,"{""type"":""Point"",""coordinates"":[109.7818491704681,19.558996937193534]}"
1810,0.0,23.0,17.0,7.532623291015625,19.0,19.72192733717985,110.84964643869881,2053.818603515625,55.0,0.3100205361843109,5.0,3.0,0.7350185415913809,14.023208618164062,42.0,"{""type"":""Point"",""coordinates"":[110.84993461450603,19.721707618736836]}"
1811,0.0,26.0,193.0,53.90026092529297,189.0,18.85056151158392,110.27023308044176,2323.929443359375,47.0,7.567322254180908,4.0,2.0,0.6085305876863906,11.672934532165527,45.0,"{""type"":""Point"",""coordinates"":[110.27125582984172,18.84897893618112]}"
1812,0.0,26.0,19.0,6.915318012237549,20.0,19.735402066441644,110.81371382733403,2053.818603515625,51.0,0.1916045993566513,5.0,3.0,0.738657982109014,14.501411437988281,41.0,"{""type"":""Point"",""coordinates"":[110.81491795486198,19.73574412830753]}"
1813,0.0,25.0,129.0,11.264910697937012,109.0,19.38056752921443,109.17428843381595,2283.57080078125,54.0,0.513232409954071,4.0,3.0,0.6813264041987611,14.409843444824219,35.0,"{""type"":""Point"",""coordinates"":[109.17432027063957,19.378678566808205]}"
1814,0.0,27.0,41.0,10.777976036071777,38.0,18.60352480845105,109.97378903668232,2221.81396484375,42.0,0.438904732465744,3.0,1.0,0.6980529090116154,14.619098663330078,47.0,"{""type"":""Point"",""coordinates"":[109.97242585894422,18.601438105017625]}"
1815,0.0,27.0,243.0,16.134929656982422,122.0,19.034716144828415,109.86149962616736,2272.455078125,47.0,1.1527204513549805,3.0,2.0,0.6435346056065774,13.527754783630371,41.0,"{""type"":""Point"",""coordinates"":[109.86075943690626,19.03627057508372]}"
1816,0.0,26.0,203.0,32.118370056152344,81.0,19.29522757722308,109.60098819377271,2470.3876953125,42.0,2.702200412750244,4.0,3.0,0.6949181199079715,12.70136833190918,36.0,"{""type"":""Point"",""coordinates"":[109.59927978865669,19.296886770933984]}"
1817,0.0,28.0,33.0,11.20888614654541,33.0,19.789300983488815,110.59362658272477,2197.389404296875,38.0,0.61226886510849,7.0,4.0,0.7494781820925316,13.83161449432373,37.0,"{""type"":""Point"",""coordinates"":[110.59582899086851,19.788872978605454]}"
1818,0.0,31.0,50.0,9.493128776550293,49.0,19.757859948544635,110.62506761766895,2139.865966796875,43.0,0.5040544271469116,4.0,4.0,0.7210820008913712,14.036191940307617,38.0,"{""type"":""Point"",""coordinates"":[110.62325533413177,19.75640923964425]}"
1819,0.0,30.0,408.0,44.835174560546875,411.0,18.289114459009213,109.6414123815581,1844.4837646484375,48.0,13.938663482666016,7.0,0.0,0.5763907762762158,10.89954662322998,40.0,"{""type"":""Point"",""coordinates"":[109.64062586523335,18.28975332490813]}"
1820,0.0,24.0,98.0,14.370954513549805,55.0,19.394042258476226,110.1624352463474,2486.4404296875,50.0,0.5851423740386963,4.0,3.0,0.7315616881268926,14.297629356384277,38.0,"{""type"":""Point"",""coordinates"":[110.16101120479324,19.392776280024524]}"
1821,0.0,27.0,601.0,46.453792572021484,486.0,18.783187865274954,109.55607242956671,2297.04443359375,49.0,8.493122100830078,4.0,1.0,0.5677213484401419,11.252579689025879,48.0,"{""type"":""Point"",""coordinates"":[109.55516603881708,18.782391073021017]}"
1822,0.0,30.0,20.0,16.51500701904297,20.0,19.906081970424353,109.86599120258796,2186.51904296875,44.0,1.5079723596572876,3.0,4.0,0.7710337092878494,13.126716613769531,34.0,"{""type"":""Point"",""coordinates"":[109.86647171853039,19.90430844476716]}"
1823,0.0,29.0,336.0,68.70237731933594,315.0,19.138022402502166,109.05301587045977,2317.00634765625,50.0,13.765740394592285,4.0,2.0,0.6029042032022459,10.964715957641602,40.0,"{""type"":""Point"",""coordinates"":[109.05098000729977,19.137050714273553]}"
1824,0.0,23.0,72.0,23.73257827758789,49.0,19.618621079506106,109.97378903668232,2430.345458984375,51.0,1.6919889450073242,5.0,3.0,0.7589647263477753,13.251165390014648,32.0,"{""type"":""Point"",""coordinates"":[109.97273581222711,19.617403464467966]}"
1825,0.0,26.0,125.0,14.955649375915527,125.0,18.917935157892877,108.74758867385913,1459.9063720703125,48.0,3.5732951164245605,3.0,2.0,0.5727243343788242,12.470519065856934,46.0,"{""type"":""Point"",""coordinates"":[108.74554736263791,18.917905420576457]}"
1826,0.0,25.0,182.0,22.28652000427246,163.0,18.527168009300887,109.29556099717206,1976.6585693359375,53.0,3.052194833755493,4.0,1.0,0.597057979398784,12.592835426330566,47.0,"{""type"":""Point"",""coordinates"":[109.29510126253611,18.52554100348769]}"
1827,0.0,40.0,55.0,15.138376235961914,55.0,19.865657782638976,109.77166809775542,1998.9007568359375,34.0,1.634863257408142,4.0,4.0,0.7235807458044881,13.295598983764648,33.0,"{""type"":""Point"",""coordinates"":[109.77253202867769,19.86588487364591]}"
1828,0.0,26.0,469.0,38.648128509521484,236.0,18.967342498519457,109.69081972218464,2270.836181640625,47.0,5.567878246307373,5.0,2.0,0.6061720931894992,11.787599563598633,43.0,"{""type"":""Point"",""coordinates"":[109.69000357101403,18.967569709595583]}"
1829,0.0,23.0,208.0,17.674224853515625,131.0,19.313193882905473,109.85251647332615,2453.7353515625,52.0,1.0114771127700806,4.0,3.0,0.6709659964027904,13.681427955627441,38.0,"{""type"":""Point"",""coordinates"":[109.8507512418814,19.313818582405464]}"
1830,0.0,26.0,237.0,44.01710510253906,85.0,19.286244424381884,109.49768193609896,2465.9775390625,49.0,4.828568935394287,4.0,3.0,0.6757637821523207,12.097061157226562,37.0,"{""type"":""Point"",""coordinates"":[109.49625172438625,19.284588074285335]}"
1831,0.0,24.0,88.0,14.767731666564941,61.0,19.501840092570568,110.1579436699268,2405.9716796875,52.0,0.7391260266304016,5.0,3.0,0.7252619047992983,14.070023536682129,37.0,"{""type"":""Point"",""coordinates"":[110.15576503591129,19.503493834539277]}"
1832,0.0,26.0,436.0,37.168983459472656,427.0,19.034716144828415,108.81047074374754,1721.330810546875,52.0,12.298206329345703,7.0,2.0,0.5683700129214496,11.008186340332031,41.0,"{""type"":""Point"",""coordinates"":[108.8124752484859,19.034670323592305]}"
1833,0.0,22.0,173.0,14.462855339050293,100.0,19.474890634046986,109.62793765229628,2542.2578125,54.0,0.5475389361381531,5.0,3.0,0.6856351772896859,14.317649841308594,37.0,"{""type"":""Point"",""coordinates"":[109.62798237663603,19.474186442395233]}"
1834,0.0,26.0,131.0,14.189311981201172,104.0,19.618621079506106,109.86599120258796,2411.656982421875,53.0,0.7306997776031494,4.0,3.0,0.6923671272471,14.055309295654297,34.0,"{""type"":""Point"",""coordinates"":[109.86678232104141,19.618914894468165]}"
1835,0.0,29.0,11.0,5.212405204772949,11.0,20.000405075256907,109.69980287502585,1408.1483154296875,41.0,0.6338788270950317,2.0,4.0,0.7285820055379049,14.000354766845703,36.0,"{""type"":""Point"",""coordinates"":[109.6998817394627,20.001312465506278]}"
1836,0.0,24.0,154.0,6.756301403045654,133.0,18.56759219708627,109.08894848182456,1872.3480224609375,56.0,0.3079339563846588,2.0,1.0,0.6010930834089588,14.905180931091309,47.0,"{""type"":""Point"",""coordinates"":[109.08914644962313,18.565522322478813]}"
1837,0.0,30.0,4.0,7.871467113494873,4.0,19.89260724116256,110.42294667874205,2196.421630859375,38.0,0.12992893159389496,4.0,4.0,0.7698078449349265,15.408187866210938,40.0,"{""type"":""Point"",""coordinates"":[110.4249974044819,19.891996328026007]}"
1838,0.0,20.0,8.0,3.9021921157836914,9.0,18.46428593941252,108.87784439005651,1578.17626953125,57.0,0.0,2.0,1.0,0.716674593574523,16.67427635192871,42.0,"{""type"":""Point"",""coordinates"":[108.87671486444496,18.462720294453803]}"
1839,0.0,26.0,29.0,9.980591773986816,29.0,18.729288948227783,110.18489312845037,2159.656494140625,49.0,0.439208060503006,3.0,1.0,0.709577655430425,14.625396728515625,46.0,"{""type"":""Point"",""coordinates"":[110.18649695946176,18.730853638969734]}"
1841,0.0,28.0,94.0,11.426403999328613,95.0,19.874640935480173,110.18489312845037,2257.867919921875,41.0,0.5509575009346008,3.0,4.0,0.6865860795949652,14.076176643371582,35.0,"{""type"":""Point"",""coordinates"":[110.18531247284726,19.872798537854596]}"
1842,0.0,25.0,93.0,14.87756061553955,71.0,18.778696288854356,110.12201105856201,2217.525634765625,52.0,1.0434386730194092,4.0,1.0,0.6562486906402687,13.722149848937988,47.0,"{""type"":""Point"",""coordinates"":[110.1227641292827,18.77721329935977]}"
1843,0.0,27.0,145.0,29.12749671936035,84.0,19.420991716999815,109.81658386196136,2556.494384765625,46.0,2.152061700820923,3.0,3.0,0.7017625302953988,12.966039657592773,36.0,"{""type"":""Point"",""coordinates"":[109.8175176706411,19.420279384284648]}"
1844,0.0,32.0,968.0,23.026866912841797,945.0,18.774204712433757,108.8733528136359,1748.3607177734375,46.0,9.268166542053223,9.0,1.0,0.5270825489057684,10.77985954284668,46.0,"{""type"":""Point"",""coordinates"":[108.87143609846282,18.773538327771554]}"
1845,0.0,28.0,188.0,38.91704559326172,173.0,19.178446590287543,109.00360852983323,2200.460693359375,44.0,5.273600101470947,4.0,2.0,0.6190997133133755,12.040270805358887,43.0,"{""type"":""Point"",""coordinates"":[109.00403871286444,19.177951568701967]}"
1846,0.0,29.0,26.0,7.611500263214111,26.0,19.816250442012404,110.44540456084502,2205.4912109375,40.0,0.08371094614267349,6.0,4.0,0.7728852666228117,15.85317325592041,34.0,"{""type"":""Point"",""coordinates"":[110.44363025521977,19.817839158465837]}"
1847,0.0,27.0,34.0,10.224974632263184,19.0,18.608016384871647,109.8031091326996,2316.350830078125,43.0,0.28679710626602173,5.0,1.0,0.7363005564056414,15.048700332641602,45.0,"{""type"":""Point"",""coordinates"":[109.80380199554452,18.608888706074612]}"
1848,0.0,28.0,206.0,11.989452362060547,87.0,19.147005555343355,109.84802489690554,2350.144775390625,49.0,0.5421478152275085,4.0,2.0,0.6637837483365475,14.306425094604492,42.0,"{""type"":""Point"",""coordinates"":[109.84996149481273,19.145374252775905]}"
1849,0.0,31.0,782.0,54.97446060180664,613.0,18.976325651360646,109.35395149063982,2298.569580078125,37.0,13.103635787963867,7.0,2.0,0.5633651894458213,10.637567520141602,44.0,"{""type"":""Point"",""coordinates"":[109.35277181415971,18.97408830856911]}"
1850,0.0,31.0,491.0,48.41143035888672,397.0,18.976325651360646,110.0052300716265,2353.339599609375,44.0,7.941190242767334,4.0,2.0,0.6011364748327712,11.41197681427002,43.0,"{""type"":""Point"",""coordinates"":[110.00746507118068,18.978029247896917]}"
1851,0.0,30.0,631.0,52.1019172668457,403.0,19.088615061875586,109.29106942075146,2262.072509765625,40.0,10.789970397949219,5.0,2.0,0.5975251105646282,10.982251167297363,39.0,"{""type"":""Point"",""coordinates"":[109.29152141932511,19.087157976404157]}"
1852,0.0,34.0,790.0,74.94042205810547,636.0,19.147005555343355,109.30454415001327,2307.548095703125,38.0,23.909299850463867,9.0,2.0,0.5604562046037457,9.98503303527832,38.0,"{""type"":""Point"",""coordinates"":[109.30366232371264,19.14481060345491]}"
1853,0.0,28.0,8.0,7.707272052764893,10.0,19.641078961609097,110.97091900205498,1762.325439453125,42.0,1.1165926456451416,4.0,3.0,0.7159207158283692,12.354085922241211,44.0,"{""type"":""Point"",""coordinates"":[110.97109759585025,19.639551754939138]}"
1854,0.0,22.0,18.0,5.656396865844727,18.0,19.24132866017591,108.77902970880336,1560.2686767578125,53.0,0.4177594482898712,2.0,2.0,0.6990861310604943,14.681830406188965,43.0,"{""type"":""Point"",""coordinates"":[108.77959112949448,19.24259658281451]}"
1855,0.0,23.0,11.0,9.955159187316895,13.0,19.18742974312874,110.58913500630416,2218.235595703125,51.0,0.3490316867828369,2.0,2.0,0.744903446729787,14.828153610229492,43.0,"{""type"":""Point"",""coordinates"":[110.58731792832818,19.1862710954238]}"
1856,0.0,24.0,16.0,6.2835540771484375,19.0,18.513693280039092,108.83292862585051,1524.37890625,48.0,0.6153138279914856,2.0,1.0,0.6997003418061308,14.295735359191895,42.0,"{""type"":""Point"",""coordinates"":[108.83176525704809,18.512323803303257]}"
1857,0.0,26.0,323.0,15.960956573486328,274.0,19.447941175523397,109.90192381395275,2506.492919921875,47.0,0.7843250036239624,4.0,3.0,0.6813987948533734,13.85841178894043,35.0,"{""type"":""Point"",""coordinates"":[109.90054741608493,19.44696888965887]}"
1858,0.0,25.0,462.0,77.82524108886719,280.0,18.890985699369296,109.78514282701718,2426.6181640625,47.0,14.530767440795898,4.0,2.0,0.5713096662512096,10.815174102783203,46.0,"{""type"":""Point"",""coordinates"":[109.7865025713688,18.891890082870727]}"
1859,0.0,24.0,216.0,18.941129684448242,39.0,19.209887625231723,109.45725774831357,2483.548828125,48.0,1.0897066593170166,4.0,2.0,0.7440600360775756,13.601719856262207,37.0,"{""type"":""Point"",""coordinates"":[109.45755624110485,19.210821313932183]}"
1861,0.0,28.0,551.0,72.37983703613281,405.0,19.18742974312874,109.67285341650228,2473.31298828125,43.0,13.349407196044922,6.0,2.0,0.6054178635906872,10.83192253112793,39.0,"{""type"":""Point"",""coordinates"":[109.67213029009062,19.18804253742214]}"
1862,0.0,31.0,16.0,6.763388633728027,17.0,19.89260724116256,109.30005257359267,1665.792236328125,39.0,0.5304437279701233,3.0,4.0,0.7470510074041263,14.44416332244873,34.0,"{""type"":""Point"",""coordinates"":[109.3007546162363,19.891869595758116]}"
1863,0.0,27.0,722.0,63.66301727294922,614.0,18.832595205901526,109.76268494491421,2353.478759765625,45.0,14.758543968200684,5.0,2.0,0.5629598916354014,10.573838233947754,44.0,"{""type"":""Point"",""coordinates"":[109.76046682956716,18.83470660600888]}"
1864,0.0,27.0,208.0,35.10365676879883,206.0,18.45530278657133,109.22369577444249,1933.0565185546875,50.0,6.80592679977417,4.0,1.0,0.5939781669631078,11.770431518554688,44.0,"{""type"":""Point"",""coordinates"":[109.22276318257279,18.455610808334946]}"
1865,0.0,29.0,537.0,12.513558387756348,392.0,18.787679441695552,109.31352730285442,2050.3203125,46.0,1.1487151384353638,5.0,1.0,0.6006372149502297,13.314533233642578,44.0,"{""type"":""Point"",""coordinates"":[109.31223004137158,18.785642626705833]}"
1866,0.0,24.0,119.0,15.207405090332031,81.0,19.510823245411764,109.89743223753214,2484.549072265625,52.0,0.6990858912467957,5.0,3.0,0.7015332764223084,14.106918334960938,38.0,"{""type"":""Point"",""coordinates"":[109.89748537457314,19.51126063435063]}"
1867,0.0,23.0,35.0,16.834754943847656,25.0,19.223362354493517,108.95869276562723,2087.268798828125,55.0,1.5451444387435913,2.0,2.0,0.726410983751357,13.363785743713379,41.0,"{""type"":""Point"",""coordinates"":[108.95704372661444,19.225603358799678]}"
1868,0.0,29.0,63.0,16.89063835144043,44.0,19.6320958087679,110.06811214151486,2442.889892578125,42.0,0.9189774990081787,4.0,3.0,0.7552052114828515,13.867112159729004,35.0,"{""type"":""Point"",""coordinates"":[110.06868524637099,19.63324101506485]}"
1869,0.0,29.0,44.0,9.880855560302734,44.0,19.757859948544635,109.40785040768702,1883.355224609375,45.0,0.8097612261772156,2.0,4.0,0.7355181269735119,14.004839897155762,32.0,"{""type"":""Point"",""coordinates"":[109.40986257907996,19.757577518750004]}"
1870,0.0,32.0,577.0,44.169654846191406,409.0,19.115564520399175,109.28208626791024,2362.28125,39.0,6.940086364746094,6.0,2.0,0.614609068873606,11.47761344909668,40.0,"{""type"":""Point"",""coordinates"":[109.28364121139954,19.11661282565604]}"
1871,0.0,30.0,297.0,22.259471893310547,244.0,18.783187865274954,109.85700804974675,2524.4267578125,38.0,1.4639043807983398,4.0,1.0,0.6365886734910339,13.252248764038086,45.0,"{""type"":""Point"",""coordinates"":[109.85568839339906,18.78457778994948]}"
1872,0.0,27.0,43.0,11.36693000793457,43.0,19.816250442012404,110.5217613599952,2136.56494140625,41.0,0.7299982905387878,5.0,4.0,0.7321879038579968,13.672165870666504,37.0,"{""type"":""Point"",""coordinates"":[110.52213834075819,19.816240552201027]}"
1873,0.0,29.0,60.0,17.862154006958008,53.0,19.38505910563503,110.47684559578926,2457.861572265625,37.0,0.9747823476791382,4.0,3.0,0.7326275569223395,13.771364212036133,38.0,"{""type"":""Point"",""coordinates"":[110.47464157732469,19.385484930639777]}"
1874,0.0,28.0,28.0,6.035427570343018,25.0,19.78031783064762,110.71040756966033,2082.735107421875,50.0,0.0,4.0,4.0,0.7431486202231317,15.694975852966309,39.0,"{""type"":""Point"",""coordinates"":[110.71230628508962,19.77913592268143]}"
1875,0.0,31.0,429.0,50.07713317871094,234.0,19.052682450510808,109.42132513694878,2328.90869140625,39.0,7.875162601470947,5.0,2.0,0.6084336049618967,11.468430519104004,42.0,"{""type"":""Point"",""coordinates"":[109.41992983790922,19.05246045638931]}"
1876,0.0,24.0,39.0,14.662416458129883,30.0,19.645570538029695,110.45887929010684,2363.2412109375,53.0,0.8822062015533447,5.0,3.0,0.7775412451633439,13.648487091064453,33.0,"{""type"":""Point"",""coordinates"":[110.45947456820441,19.643948348693975]}"
1877,0.0,25.0,9.0,4.2955169677734375,9.0,19.4434495991028,108.83292862585051,1548.9913330078125,49.0,0.1298488974571228,6.0,3.0,0.726255157874933,15.855557441711426,40.0,"{""type"":""Point"",""coordinates"":[108.83138249016599,19.441567822814186]}"
1878,0.0,26.0,246.0,70.73187255859375,246.0,18.648440572657023,110.1624352463474,2090.6728515625,49.0,16.87519073486328,4.0,1.0,0.5641376800761538,10.812664985656738,45.0,"{""type"":""Point"",""coordinates"":[110.16070861511186,18.648556728901497]}"
1879,0.0,29.0,60.0,14.827993392944336,51.0,19.650062114450293,110.30616569180654,2412.654541015625,44.0,0.8420701622962952,4.0,3.0,0.7641722809767081,13.678808212280273,31.0,"{""type"":""Point"",""coordinates"":[110.30780611013263,19.649606807136376]}"
1880,0.0,25.0,46.0,8.149209022521973,46.0,19.762351524965233,110.84066328585766,1885.602294921875,48.0,0.7336013913154602,5.0,4.0,0.682772910189948,13.117316246032715,44.0,"{""type"":""Point"",""coordinates"":[110.84032818769599,19.760424849177852]}"
1881,0.0,26.0,192.0,40.09280776977539,89.0,19.425483293420413,109.70878602786706,2521.203369140625,47.0,3.756239414215088,4.0,3.0,0.6943592455610127,12.378400802612305,34.0,"{""type"":""Point"",""coordinates"":[109.70981983062336,19.42566619104579]}"
1882,0.0,29.0,65.0,9.064591407775879,63.0,19.8252335948536,110.28819938612412,2249.654541015625,42.0,0.25113892555236816,6.0,4.0,0.7313565703071332,14.8848237991333,34.0,"{""type"":""Point"",""coordinates"":[110.2874769354441,19.825724819364623]}"
1883,0.0,32.0,65.0,16.48337173461914,66.0,19.49734851614997,110.63854234693076,2277.371826171875,40.0,1.4541946649551392,4.0,3.0,0.7147446813349219,12.962711334228516,36.0,"{""type"":""Point"",""coordinates"":[110.64076204003487,19.49833904880824]}"
1884,0.0,24.0,168.0,13.088983535766602,69.0,19.232345507334713,109.8031091326996,2446.655517578125,55.0,0.5502877235412598,4.0,2.0,0.7140446780775219,14.315803527832031,37.0,"{""type"":""Point"",""coordinates"":[109.80440599138565,19.230437888258795]}"
1885,0.0,29.0,94.0,26.175539016723633,74.0,19.546755856776542,110.47235401936865,2381.405517578125,44.0,2.6376657485961914,4.0,3.0,0.6920782097014221,12.50950813293457,39.0,"{""type"":""Point"",""coordinates"":[110.47017206812448,19.545081464156763]}"
1886,0.0,21.0,6.0,6.091823101043701,8.0,18.67988160760121,110.35557303243309,1899.267578125,56.0,0.11471964418888092,2.0,1.0,0.7191819869965669,15.967897415161133,46.0,"{""type"":""Point"",""coordinates"":[110.35467296791101,18.680390945008202]}"
1887,0.0,38.0,84.0,25.647579193115234,84.0,19.85667462979778,109.91989011963511,2261.216796875,34.0,2.6904995441436768,4.0,4.0,0.6919299726497172,12.737483978271484,35.0,"{""type"":""Point"",""coordinates"":[109.9198832271369,19.857851044115222]}"
1888,0.0,26.0,28.0,5.033046722412109,29.0,19.924048276106745,110.90354535574602,1634.38232421875,46.0,0.3495212197303772,4.0,4.0,0.6659433669298709,13.468098640441895,49.0,"{""type"":""Point"",""coordinates"":[110.90337207353565,19.923118107439247]}"
1889,0.0,29.0,66.0,15.426926612854004,62.0,19.77582625422702,109.85700804974675,2321.503662109375,48.0,0.9920173287391663,2.0,4.0,0.7306349452414908,13.788841247558594,34.0,"{""type"":""Point"",""coordinates"":[109.85764850623929,19.774244575948156]}"
1890,0.0,26.0,103.0,28.347251892089844,73.0,19.147005555343355,110.10404475287964,2475.162109375,44.0,2.151416778564453,4.0,2.0,0.6813614453274838,12.99213981628418,43.0,"{""type"":""Point"",""coordinates"":[110.1035131828554,19.14535465414466]}"
1891,0.0,31.0,36.0,11.711616516113281,38.0,19.057174026931406,110.40947194948029,2344.2353515625,40.0,0.4628645181655884,4.0,2.0,0.7375036377807993,14.568862915039062,40.0,"{""type"":""Point"",""coordinates"":[110.40815948913284,19.056842956291405]}"
1892,0.0,21.0,20.0,10.704863548278809,20.0,19.672519996553277,109.34945991421921,1975.52392578125,57.0,0.7661014199256897,2.0,3.0,0.7559470584986018,14.074225425720215,35.0,"{""type"":""Point"",""coordinates"":[109.34806195935991,19.67361587697667]}"
1893,0.0,21.0,21.0,8.998123168945312,17.0,19.250311813017106,108.83292862585051,1699.705322265625,51.0,0.8624758720397949,3.0,2.0,0.7075193204587128,13.95513916015625,43.0,"{""type"":""Point"",""coordinates"":[108.83157128014663,19.249136987637314]}"
1894,0.0,33.0,53.0,11.92973518371582,54.0,19.86116620621838,109.30903572643388,1665.792236328125,38.0,1.7271050214767456,3.0,4.0,0.6951087049119894,13.241857528686523,35.0,"{""type"":""Point"",""coordinates"":[109.30977943703755,19.86145888043239]}"
1895,0.0,24.0,488.0,58.656494140625,431.0,18.639457419815827,109.5470892767255,2183.75,51.0,12.881464958190918,4.0,1.0,0.5630449384913102,10.920008659362793,46.0,"{""type"":""Point"",""coordinates"":[109.54499889764962,18.638428703699212]}"
1896,0.0,24.0,182.0,22.53539276123047,112.0,19.4434495991028,109.4392914426312,2506.381103515625,56.0,1.5907325744628906,3.0,3.0,0.6903471774384601,13.24519157409668,34.0,"{""type"":""Point"",""coordinates"":[109.43903574415053,19.44248650626252]}"
1897,0.0,22.0,18.0,7.505746841430664,18.0,19.71294418433866,109.32700203211624,1902.32470703125,54.0,0.34009450674057007,2.0,3.0,0.764425938088121,14.887517929077148,33.0,"{""type"":""Point"",""coordinates"":[109.32632094292728,19.71321499750437]}"
1898,0.0,32.0,538.0,44.169044494628906,514.0,18.908952005051688,110.18489312845037,2286.8037109375,44.0,7.845946788787842,5.0,2.0,0.5827134128643254,11.386212348937988,46.0,"{""type"":""Point"",""coordinates"":[110.18658926389519,18.90671566988577]}"
1899,0.0,23.0,36.0,13.058408737182617,36.0,18.392420716682963,109.21022104518073,1818.0406494140625,55.0,1.5206012725830078,2.0,1.0,0.702852242014576,13.379222869873047,40.0,"{""type"":""Point"",""coordinates"":[109.21060434213825,18.390266105850035]}"
1900,0.0,25.0,6.0,4.636707305908203,7.0,19.259294965858295,108.72513079175616,1480.2640380859375,48.0,0.2931625247001648,2.0,2.0,0.716533664970221,15.042914390563965,41.0,"{""type"":""Point"",""coordinates"":[108.72665494153944,19.26040732564966]}"
1901,0.0,29.0,26.0,10.187658309936523,26.0,19.80277571275061,110.58015185346295,2149.127197265625,38.0,0.530427873134613,7.0,4.0,0.7551379386845073,13.981535911560059,37.0,"{""type"":""Point"",""coordinates"":[110.57815511369283,19.80474960506331]}"
1902,0.0,26.0,252.0,37.65943908691406,243.0,19.26827811869949,110.26574150402115,2575.142822265625,50.0,3.393869400024414,4.0,2.0,0.6698650590094383,12.44089126586914,37.0,"{""type"":""Point"",""coordinates"":[110.26529933056798,19.26673977115386]}"
1903,0.0,23.0,92.0,9.427398681640625,84.0,19.340143341429055,109.04852429403917,2089.597900390625,56.0,0.4628782272338867,3.0,3.0,0.6669842129439773,14.535654067993164,40.0,"{""type"":""Point"",""coordinates"":[109.04762683004816,19.341336107439787]}"
1904,0.0,27.0,327.0,42.605770111083984,210.0,19.38505910563503,109.60997134661392,2563.9365234375,47.0,4.2956414222717285,4.0,3.0,0.6656623453317064,12.1532621383667,36.0,"{""type"":""Point"",""coordinates"":[109.6093987209032,19.385825853252665]}"
1905,0.0,24.0,33.0,11.858336448669434,33.0,19.596163197403122,109.09793163466577,1811.597412109375,51.0,1.264400839805603,3.0,3.0,0.7209463843098411,13.56554889678955,37.0,"{""type"":""Point"",""coordinates"":[109.09720851943607,19.59727909015515]}"
1906,0.0,23.0,144.0,12.658049583435059,118.0,19.46590748120579,109.29106942075146,2225.5869140625,59.0,0.7991108298301697,4.0,3.0,0.6846946637589902,13.957749366760254,33.0,"{""type"":""Point"",""coordinates"":[109.29100915706802,19.466958948664654]}"
1907,0.0,27.0,155.0,24.178865432739258,87.0,19.429974869841004,109.385392525584,2441.422119140625,42.0,1.7551442384719849,4.0,3.0,0.7113069436208972,13.163829803466797,32.0,"{""type"":""Point"",""coordinates"":[109.38614868249482,19.43114035257088]}"
1908,0.0,22.0,145.0,18.319843292236328,109.0,19.501840092570568,109.50666508894017,2438.78955078125,54.0,1.089972972869873,4.0,3.0,0.6869283438293354,13.646662712097168,35.0,"{""type"":""Point"",""coordinates"":[109.50666496807398,19.50390233899592]}"
1909,0.0,25.0,138.0,27.28553581237793,123.0,18.52267643288029,109.27310311506909,1976.6585693359375,52.0,4.066070556640625,4.0,1.0,0.6006041840782239,12.332924842834473,46.0,"{""type"":""Point"",""coordinates"":[109.27307632874435,18.522425217552225]}"
1910,0.0,27.0,331.0,31.90335464477539,323.0,18.441828057309536,109.41683356052818,1976.3687744140625,51.0,5.952173233032227,5.0,1.0,0.6015080073721943,11.822565078735352,42.0,"{""type"":""Point"",""coordinates"":[109.41493137116765,18.442425840602525]}"
1911,0.0,39.0,68.0,28.333911895751953,57.0,19.587180044561926,110.22531731623576,2413.289794921875,35.0,2.6161515712738037,4.0,3.0,0.7318914609211675,12.817339897155762,35.0,"{""type"":""Point"",""coordinates"":[110.22428959882897,19.586838480302053]}"
1912,0.0,26.0,10.0,5.408412933349609,11.0,20.07676187440706,110.63405077051016,1779.9571533203125,44.0,0.1720791757106781,3.0,4.0,0.7178767724656834,14.215402603149414,44.0,"{""type"":""Point"",""coordinates"":[110.63488116084878,20.078279754808197]}"
1913,0.0,28.0,482.0,90.60598754882812,410.0,19.27276969512009,109.21471262160128,2571.679443359375,47.0,17.00287437438965,4.0,2.0,0.6056409150097285,10.634228706359863,38.0,"{""type"":""Point"",""coordinates"":[109.21572876490856,19.27066354474489]}"
1914,0.0,23.0,172.0,14.316251754760742,124.0,19.46590748120579,109.44827459547236,2385.66015625,59.0,0.8052831292152405,3.0,3.0,0.6872784143245192,13.932487487792969,34.0,"{""type"":""Point"",""coordinates"":[109.44870371344432,19.46537452921604]}"
1915,0.0,28.0,151.0,29.840425491333008,119.0,19.232345507334713,110.12201105856201,2666.216064453125,43.0,1.9679020643234253,4.0,2.0,0.6740036038400969,13.051834106445312,39.0,"{""type"":""Point"",""coordinates"":[110.12125039944686,19.23031331892498]}"
1916,0.0,29.0,488.0,28.96302604675293,339.0,18.810137323798536,109.33598518495745,2119.0888671875,47.0,4.532281398773193,6.0,1.0,0.5877488172227273,11.979534149169922,46.0,"{""type"":""Point"",""coordinates"":[109.33707451444283,18.812030540887363]}"
1917,0.0,28.0,169.0,38.93006896972656,150.0,18.90446042863109,108.85089493153288,1785.240234375,43.0,9.368609428405762,4.0,2.0,0.5800831885402798,11.471556663513184,44.0,"{""type"":""Point"",""coordinates"":[108.8520211275299,18.90326128939834]}"
1918,0.0,25.0,163.0,9.068809509277344,34.0,18.720305795386587,109.14733897529231,1955.2479248046875,53.0,0.591375470161438,3.0,1.0,0.6962929137777463,14.246940612792969,43.0,"{""type"":""Point"",""coordinates"":[109.14854979423467,18.722463521257865]}"
1919,0.0,28.0,14.0,8.068221092224121,15.0,19.865657782638976,109.57403873524913,1663.892578125,43.0,0.793870210647583,4.0,4.0,0.7446353166362398,14.042073249816895,35.0,"{""type"":""Point"",""coordinates"":[109.57453222707669,19.86665771379594]}"
1920,0.0,23.0,57.0,8.075163841247559,55.0,19.74438521928284,109.65039553439925,2199.714599609375,51.0,0.12990225851535797,2.0,4.0,0.7352128374371905,15.827220916748047,34.0,"{""type"":""Point"",""coordinates"":[109.6516837669754,19.743916981475618]}"
1921,0.0,27.0,112.0,23.904504776000977,93.0,19.54226428035595,110.44091298442447,2389.639892578125,45.0,2.189732313156128,4.0,3.0,0.6719749622148592,12.681315422058105,39.0,"{""type"":""Point"",""coordinates"":[110.43889646385036,19.54319148827235]}"
1922,0.0,26.0,282.0,21.9963321685791,115.0,18.855053088004517,109.82107543838197,2328.828369140625,46.0,1.8321655988693237,4.0,2.0,0.6245898104327016,13.03799057006836,45.0,"{""type"":""Point"",""coordinates"":[109.82037905380965,18.853643174563842]}"
1923,0.0,30.0,14.0,11.56230354309082,15.0,19.447941175523397,110.7283738753427,2172.11572265625,42.0,0.7651310563087463,5.0,3.0,0.7671534730587302,13.651084899902344,37.0,"{""type"":""Point"",""coordinates"":[110.72638826363217,19.447830922612447]}"
1924,0.0,24.0,157.0,21.49763298034668,57.0,19.317685459326064,109.33598518495745,2455.494873046875,51.0,1.4498751163482666,4.0,3.0,0.7245128638239359,13.353750228881836,37.0,"{""type"":""Point"",""coordinates"":[109.3352003010797,19.316015593663995]}"
1925,0.0,30.0,756.0,62.806209564208984,543.0,19.030224568407817,109.5964966173521,2398.9931640625,41.0,14.349822998046875,6.0,2.0,0.5789443094702368,10.569601058959961,41.0,"{""type"":""Point"",""coordinates"":[109.59743210706432,19.029869738297318]}"
1926,0.0,21.0,108.0,14.448786735534668,54.0,19.659045267291482,109.71776918070822,2267.14599609375,54.0,0.8457638025283813,4.0,3.0,0.7489691253265917,13.923142433166504,31.0,"{""type"":""Point"",""coordinates"":[109.71825128087563,19.657405342466166]}"
1927,0.0,31.0,139.0,31.184885025024414,69.0,19.358109647111448,109.91989011963511,2473.1416015625,40.0,2.6698062419891357,5.0,3.0,0.7000669005076726,12.75393295288086,39.0,"{""type"":""Point"",""coordinates"":[109.92199929116164,19.359035843397724]}"
1928,0.0,23.0,26.0,5.2192182540893555,27.0,19.726418913600448,110.95744427279317,1691.9498291015625,54.0,0.32555800676345825,2.0,3.0,0.6881566891095372,13.543753623962402,45.0,"{""type"":""Point"",""coordinates"":[110.95765078043524,19.728391742491368]}"
1929,0.0,24.0,33.0,29.018367767333984,34.0,18.441828057309536,109.78963440343779,2004.039306640625,52.0,4.036499500274658,4.0,1.0,0.6995748910453344,12.403275489807129,42.0,"{""type"":""Point"",""coordinates"":[109.79074610791982,18.440604898680995]}"
1930,0.0,24.0,12.0,3.85294771194458,12.0,18.76971313601316,108.69368975681198,1442.952392578125,48.0,0.12973323464393616,2.0,1.0,0.6911044725267032,15.85472583770752,45.0,"{""type"":""Point"",""coordinates"":[108.69398290516749,18.768786568359097]}"
1931,0.0,26.0,25.0,9.646181106567383,9.0,19.726418913600448,110.10404475287964,2459.694091796875,46.0,0.11471964418888092,3.0,3.0,0.8225542687279248,15.970215797424316,30.0,"{""type"":""Point"",""coordinates"":[110.10421480413599,19.728401457508873]}"
1932,0.0,30.0,627.0,44.32062911987305,421.0,18.697847913283596,109.42581671336939,2054.364013671875,47.0,11.787109375,6.0,1.0,0.5494028026440038,10.895095825195312,47.0,"{""type"":""Point"",""coordinates"":[109.42522802247305,18.699400704813808]}"
1933,0.0,30.0,180.0,36.316314697265625,178.0,18.76971313601316,108.75657182670034,1652.8431396484375,43.0,10.889497756958008,6.0,1.0,0.5650941090421514,11.31097412109375,45.0,"{""type"":""Point"",""coordinates"":[108.75607828086899,18.77083814853428]}"
1934,0.0,25.0,266.0,56.017757415771484,153.0,18.8775109701075,109.05301587045977,2079.56005859375,45.0,11.235034942626953,6.0,2.0,0.5942280778566855,11.222684860229492,42.0,"{""type"":""Point"",""coordinates"":[109.05166316688528,18.87582209598399]}"
1935,0.0,27.0,297.0,26.016103744506836,300.0,18.60352480845105,108.84191177869172,1625.0540771484375,51.0,7.357255458831787,4.0,1.0,0.561241105633017,11.632369041442871,46.0,"{""type"":""Point"",""coordinates"":[108.84200860527946,18.60147822330058]}"
1937,0.0,28.0,212.0,30.264005661010742,75.0,19.340143341429055,109.5515808531461,2442.043212890625,44.0,2.674422025680542,9.0,3.0,0.6990194952214019,12.705889701843262,37.0,"{""type"":""Point"",""coordinates"":[109.55104348859275,19.34168708909203]}"
1938,0.0,23.0,10.0,4.645550727844238,13.0,18.60352480845105,108.72063921533555,1483.9129638671875,51.0,0.2931132912635803,2.0,1.0,0.6965101489361134,14.950745582580566,44.0,"{""type"":""Point"",""coordinates"":[108.71882956510247,18.605091016299358]}"
1939,0.0,23.0,138.0,9.360771179199219,111.0,19.4434495991028,109.25962838580728,2333.6689453125,56.0,0.21554961800575256,3.0,3.0,0.6931696407797988,15.271842002868652,33.0,"{""type"":""Point"",""coordinates"":[109.25966861934256,19.4415816576694]}"
1940,0.0,27.0,22.0,6.356366157531738,22.0,19.807267289171207,110.71040756966033,1963.365234375,49.0,0.18289987742900848,3.0,4.0,0.729331256165913,14.543378829956055,41.0,"{""type"":""Point"",""coordinates"":[110.71195560727263,19.80591396841125]}"
1941,0.0,23.0,45.0,18.663606643676758,48.0,18.68437318402181,108.73411394459737,1558.21240234375,50.0,3.93338942527771,3.0,1.0,0.6486844382649056,12.42223072052002,44.0,"{""type"":""Point"",""coordinates"":[108.7321907161292,18.68614401680667]}"
1942,0.0,27.0,571.0,57.714378356933594,338.0,19.057174026931406,109.6414123815581,2272.7275390625,46.0,12.034675598144531,3.0,2.0,0.5916400484586197,10.922277450561523,40.0,"{""type"":""Point"",""coordinates"":[109.6431573819532,19.05626028348545]}"
1943,0.0,24.0,293.0,37.35151290893555,180.0,19.21887077807292,109.27310311506909,2431.2763671875,54.0,4.039212226867676,4.0,2.0,0.6569285465591824,12.23861026763916,37.0,"{""type"":""Point"",""coordinates"":[109.27299899103532,19.216994422312116]}"
1944,0.0,33.0,682.0,26.495037078857422,579.0,18.96285092209886,110.0097216480471,2353.339599609375,41.0,3.2595248222351074,5.0,2.0,0.6065170696596038,12.14356517791748,43.0,"{""type"":""Point"",""coordinates"":[110.01131035652033,18.964393734714395]}"
1945,0.0,24.0,35.0,15.486320495605469,35.0,18.343013376056383,109.52463139462253,1910.6126708984375,54.0,1.763452172279358,3.0,0.0,0.7048965329158905,13.23155689239502,41.0,"{""type"":""Point"",""coordinates"":[109.524075408549,18.343678263043632]}"
1946,0.0,22.0,53.0,14.024636268615723,43.0,19.614129503085508,110.44540456084502,2387.16796875,54.0,0.7329268455505371,4.0,3.0,0.7590347095254553,13.823088645935059,34.0,"{""type"":""Point"",""coordinates"":[110.44479071626957,19.6128019982519]}"
1947,0.0,26.0,19.0,6.835494041442871,20.0,19.304210730064277,108.7071644860738,1495.552490234375,51.0,0.8818879723548889,3.0,3.0,0.7054734088052292,13.934032440185547,40.0,"{""type"":""Point"",""coordinates"":[108.70889507151063,19.305631514325434]}"
1948,0.0,27.0,169.0,34.11180114746094,115.0,18.949376192837065,108.99462537699202,2023.5472412109375,45.0,5.317389011383057,4.0,2.0,0.6147561260746378,12.04403018951416,42.0,"{""type"":""Point"",""coordinates"":[108.99598746796966,18.947297358437453]}"
1949,0.0,29.0,27.0,10.305901527404785,27.0,19.78031783064762,110.64303392335137,2139.865966796875,37.0,0.5604569315910339,5.0,4.0,0.7384781685009553,13.904261589050293,40.0,"{""type"":""Point"",""coordinates"":[110.64224697168166,19.78108685021295]}"
1950,0.0,23.0,471.0,87.65412902832031,461.0,18.67988160760121,109.88844908469093,2419.6015625,52.0,18.201744079589844,5.0,1.0,0.5553689496076557,10.570235252380371,47.0,"{""type"":""Point"",""coordinates"":[109.88974517727404,18.678291660476923]}"
1951,0.0,26.0,209.0,20.91524887084961,69.0,18.778696288854356,109.28657784433085,2020.6241455078125,50.0,2.5845983028411865,4.0,1.0,0.642897862812761,12.742047309875488,45.0,"{""type"":""Point"",""coordinates"":[109.28784620503323,18.779847142180426]}"
1952,0.0,25.0,242.0,83.73042297363281,215.0,19.290736000802482,109.16081370455413,2558.994873046875,50.0,12.243319511413574,4.0,3.0,0.6240637411765397,11.150311470031738,40.0,"{""type"":""Point"",""coordinates"":[109.15963987401646,19.291422232383177]}"
1953,0.0,22.0,66.0,7.168960094451904,64.0,19.762351524965233,109.65937868724046,2114.7578125,49.0,0.060949619859457016,3.0,4.0,0.7205254019351847,16.57863426208496,34.0,"{""type"":""Point"",""coordinates"":[109.65821350685326,19.763832096245586]}"
1954,0.0,27.0,11.0,7.366007328033447,12.0,20.054303992304078,110.19387628129158,1977.58447265625,48.0,0.37670597434043884,2.0,4.0,0.7538888055934128,13.897971153259277,38.0,"{""type"":""Point"",""coordinates"":[110.19373840526904,20.053850628944904]}"
1955,0.0,27.0,382.0,12.751370429992676,261.0,18.71581421896599,108.94970961278602,1725.745361328125,50.0,1.981730341911316,5.0,1.0,0.5836155076884233,12.889008522033691,45.0,"{""type"":""Point"",""coordinates"":[108.95146252838317,18.7171756012013]}"
1956,0.0,22.0,59.0,19.142004013061523,32.0,19.730910490021046,109.85700804974675,2362.25927734375,53.0,1.2674834728240967,3.0,3.0,0.7617067188002066,13.547872543334961,35.0,"{""type"":""Point"",""coordinates"":[109.85842952535639,19.72921751729702]}"
1957,0.0,27.0,895.0,57.127899169921875,743.0,19.057174026931406,109.20572946876013,2241.46240234375,48.0,18.140216827392578,7.0,2.0,0.5532835359453784,10.171900749206543,41.0,"{""type"":""Point"",""coordinates"":[109.20546957104813,19.055382725373736]}"
1958,0.0,29.0,572.0,65.10556030273438,385.0,18.886494122948697,109.5470892767255,2160.26513671875,47.0,18.158889770507812,5.0,2.0,0.5471314430070268,10.490632057189941,45.0,"{""type"":""Point"",""coordinates"":[109.54913064840453,18.886226930026385]}"
1959,0.0,24.0,24.0,10.002795219421387,22.0,18.419370175206545,108.99013380057141,1724.735595703125,51.0,1.0820916891098022,3.0,1.0,0.7158914737032462,13.726516723632812,40.0,"{""type"":""Point"",""coordinates"":[108.98806037052184,18.420926323753964]}"
1960,0.0,26.0,21.0,7.149173736572266,22.0,19.87913251190077,110.6879496875573,1970.582275390625,46.0,0.31031644344329834,5.0,4.0,0.7130513953966545,14.016230583190918,45.0,"{""type"":""Point"",""coordinates"":[110.68740830793067,19.878110227876906]}"
1961,0.0,27.0,107.0,18.104108810424805,97.0,18.922426734313476,108.81496232016809,1663.7646484375,48.0,3.3929591178894043,3.0,2.0,0.5983871318425253,12.533435821533203,44.0,"{""type"":""Point"",""coordinates"":[108.81614251736488,18.92182740978778]}"
1962,0.0,23.0,81.0,42.718841552734375,81.0,18.468777515833118,109.85700804974675,2007.1123046875,56.0,7.710196495056152,3.0,1.0,0.6228343615353192,11.723383903503418,44.0,"{""type"":""Point"",""coordinates"":[109.8550803422207,18.467833508892454]}"
1963,0.0,17.0,8.0,11.551243782043457,8.0,18.46428593941252,110.07709529435607,1879.015625,59.0,0.9918879866600037,3.0,1.0,0.7240589919591095,13.822793960571289,44.0,"{""type"":""Point"",""coordinates"":[110.07660744498538,18.464129466709025]}"
1964,0.0,25.0,82.0,11.064590454101562,61.0,18.868527817266305,108.85089493153288,1813.3656005859375,46.0,1.0889147520065308,4.0,2.0,0.6527145956821236,13.686089515686035,45.0,"{""type"":""Point"",""coordinates"":[108.85141297785181,18.866507383893016]}"
1965,0.0,27.0,50.0,11.206832885742188,50.0,19.77133467780643,110.62955919408955,2139.865966796875,40.0,0.7006726264953613,6.0,4.0,0.7205860710614203,13.68095588684082,38.0,"{""type"":""Point"",""coordinates"":[110.62746870661486,19.77300263738283]}"
1966,0.0,31.0,14.0,7.028103351593018,14.0,19.955489311050925,110.36006460885369,2134.75634765625,38.0,0.08375000953674316,5.0,4.0,0.7508706855778803,15.3974027633667,41.0,"{""type"":""Point"",""coordinates"":[110.35789670757393,19.956967614245958]}"
1967,0.0,28.0,71.0,13.944613456726074,68.0,19.24132866017591,110.35557303243309,2565.28466796875,50.0,0.5303308367729187,4.0,2.0,0.7283253669684809,14.412181854248047,37.0,"{""type"":""Point"",""coordinates"":[110.35705201825535,19.24082434385153]}"
1968,0.0,27.0,80.0,10.320629119873047,68.0,19.838708324115387,110.22531731623576,2230.9384765625,45.0,0.44122087955474854,5.0,4.0,0.7266750293240919,14.309454917907715,33.0,"{""type"":""Point"",""coordinates"":[110.22583683831631,19.839657386126824]}"
1969,0.0,32.0,471.0,40.297637939453125,432.0,18.585558502768656,109.35395149063982,2054.148193359375,42.0,8.594249725341797,4.0,1.0,0.5707596727354668,11.347575187683105,46.0,"{""type"":""Point"",""coordinates"":[109.35491900717751,18.58517925328306]}"
1970,0.0,28.0,57.0,13.489059448242188,57.0,18.365471258159374,109.52013981820193,2009.0716552734375,48.0,1.2163172960281372,3.0,1.0,0.6825221195059304,13.590271949768066,42.0,"{""type"":""Point"",""coordinates"":[109.51824812773947,18.367246946665016]}"
1971,0.0,26.0,99.0,18.628259658813477,58.0,19.66802842013268,109.78065125059658,2346.495849609375,49.0,1.2998415231704712,3.0,3.0,0.7382987911214043,13.49874496459961,33.0,"{""type"":""Point"",""coordinates"":[109.77847919582283,19.66795183896439]}"
1972,0.0,27.0,36.0,7.851394176483154,36.0,19.964472463892122,110.30167411538594,2181.118408203125,44.0,0.1720791757106781,2.0,4.0,0.7386401308074917,14.645851135253906,38.0,"{""type"":""Point"",""coordinates"":[110.30031604307854,19.965024805713938]}"
1973,0.0,26.0,172.0,9.566150665283203,35.0,18.760729983171963,109.25513680938667,2020.6241455078125,52.0,0.5943771004676819,4.0,1.0,0.6948401836879484,14.236197471618652,44.0,"{""type"":""Point"",""coordinates"":[109.25297061236044,18.758710594435257]}"
1974,0.0,28.0,56.0,11.407929420471191,40.0,19.672519996553277,110.51277820715399,2352.861328125,45.0,0.4628946781158447,7.0,3.0,0.7679800555714563,14.280338287353516,33.0,"{""type"":""Point"",""coordinates"":[110.51116714360246,19.673695740355356]}"
1975,0.0,22.0,42.0,17.966846466064453,31.0,19.71294418433866,110.19836785771219,2448.582763671875,52.0,1.09136962890625,2.0,3.0,0.7913732973644475,13.477762222290039,30.0,"{""type"":""Point"",""coordinates"":[110.19620752333597,19.713900526100378]}"
1976,0.0,23.0,144.0,16.797466278076172,96.0,19.474890634046986,109.43030828978999,2385.66015625,59.0,1.1084320545196533,3.0,3.0,0.6921513567512148,13.630487442016602,34.0,"{""type"":""Point"",""coordinates"":[109.42849858042756,19.476813299072703]}"
1977,0.0,29.0,102.0,17.934417724609375,102.0,19.501840092570568,110.61608446482774,2296.9658203125,39.0,1.585715889930725,3.0,3.0,0.6700600750056673,12.841293334960938,37.0,"{""type"":""Point"",""coordinates"":[110.61806039582447,19.50367512386347]}"
1978,0.0,31.0,732.0,46.06704330444336,610.0,19.18742974312874,109.24166208012491,2485.12939453125,40.0,7.258406162261963,8.0,2.0,0.6217871423438605,11.290840148925781,38.0,"{""type"":""Point"",""coordinates"":[109.24376657177413,19.186111932279577]}"
1979,0.0,31.0,654.0,51.519710540771484,649.0,18.43284490446834,109.50666508894017,2060.3134765625,41.0,14.836226463317871,5.0,1.0,0.5560119464726928,10.632279396057129,43.0,"{""type"":""Point"",""coordinates"":[109.50736020991279,18.43227051587103]}"
1980,0.0,25.0,51.0,10.793113708496094,51.0,19.703961031497464,109.36293464348103,1972.650146484375,49.0,0.7844451069831848,2.0,3.0,0.7282356262853457,14.032500267028809,33.0,"{""type"":""Point"",""coordinates"":[109.36291592518809,19.70526775595749]}"
1981,0.0,25.0,23.0,6.148272514343262,24.0,19.87913251190077,110.71489914608088,1966.8828125,53.0,0.1348012387752533,4.0,4.0,0.7103924036251503,14.847003936767578,45.0,"{""type"":""Point"",""coordinates"":[110.71679143152265,19.876936772364203]}"
1982,0.0,26.0,300.0,13.89310359954834,288.0,18.62598269055404,108.93623488352426,1686.8045654296875,49.0,2.292574405670166,4.0,1.0,0.5667337267595749,12.801300048828125,49.0,"{""type"":""Point"",""coordinates"":[108.9368278442622,18.62766006383626]}"
1983,0.0,28.0,258.0,76.83331298828125,136.0,19.227853930914115,109.70878602786706,2507.430419921875,47.0,11.720376014709473,4.0,2.0,0.6360503329426526,11.184609413146973,37.0,"{""type"":""Point"",""coordinates"":[109.7093906467146,19.228353339146434]}"
1984,0.0,29.0,748.0,38.55085372924805,568.0,18.832595205901526,109.50217351251956,2218.24951171875,46.0,7.879887580871582,5.0,2.0,0.5622389478907744,11.191912651062012,47.0,"{""type"":""Point"",""coordinates"":[109.50193484881518,18.8332765329007]}"
1985,0.0,28.0,427.0,88.20174407958984,289.0,19.205396048811124,109.74471863923185,2507.430419921875,48.0,16.912372589111328,5.0,2.0,0.6021240240590183,10.682286262512207,39.0,"{""type"":""Point"",""coordinates"":[109.74684845573525,19.205044400628946]}"
1986,0.0,29.0,79.0,36.97092819213867,68.0,18.926918310734074,110.27921623328291,2287.98779296875,46.0,4.304259777069092,4.0,2.0,0.6562791384463874,12.311697006225586,46.0,"{""type"":""Point"",""coordinates"":[110.27744387646112,18.925596861209375]}"
1987,0.0,32.0,778.0,25.595319747924805,559.0,19.039207721249014,109.25513680938667,2173.348388671875,40.0,4.11475133895874,7.0,2.0,0.6023836551364945,11.815923690795898,40.0,"{""type"":""Point"",""coordinates"":[109.25411694099,19.04026257342929]}"
1988,0.0,26.0,49.0,9.24485969543457,47.0,19.82972517127419,109.70878602786706,1993.1951904296875,47.0,0.5142197608947754,4.0,4.0,0.7321200569364135,14.456036567687988,34.0,"{""type"":""Point"",""coordinates"":[109.70885380485964,19.831779406945593]}"
1989,0.0,22.0,106.0,26.041475296020508,83.0,19.10208979113738,109.03504956477741,2173.647216796875,57.0,2.858400344848633,2.0,2.0,0.6620717145304982,12.705822944641113,40.0,"{""type"":""Point"",""coordinates"":[109.03296446184413,19.102965010991365]}"
1990,0.0,23.0,172.0,10.54253101348877,134.0,19.066157179772603,110.07709529435607,2488.505859375,52.0,0.1908886730670929,3.0,2.0,0.6426492071470616,15.372053146362305,46.0,"{""type"":""Point"",""coordinates"":[110.07617581135283,19.066669170744923]}"
1991,0.0,30.0,100.0,21.157535552978516,75.0,18.554117467824476,109.61895449945507,2308.90234375,42.0,1.7127443552017212,4.0,1.0,0.6584089726921969,13.222159385681152,46.0,"{""type"":""Point"",""coordinates"":[109.61678063468148,18.552634291384685]}"
1992,0.0,23.0,10.0,9.12419605255127,11.0,19.847691476956584,109.52912297104314,1796.7110595703125,51.0,0.7534347176551819,4.0,4.0,0.7707238611797683,14.096656799316406,32.0,"{""type"":""Point"",""coordinates"":[109.52832714799557,19.849714833961254]}"
1993,0.0,23.0,41.0,5.024977207183838,41.0,19.304210730064277,108.80597916732694,1634.623291015625,51.0,0.18249668180942535,3.0,3.0,0.6870514487953644,15.496665000915527,41.0,"{""type"":""Point"",""coordinates"":[108.8060459145154,19.30607607805109]}"
1994,0.0,32.0,236.0,70.91506958007812,119.0,19.277261271540688,109.66836184008167,2494.40576171875,38.0,10.125086784362793,4.0,2.0,0.637414070104338,11.349140167236328,38.0,"{""type"":""Point"",""coordinates"":[109.67031550660406,19.27571912168089]}"
1995,0.0,27.0,414.0,36.70011520385742,260.0,19.084123485454995,109.78514282701718,2285.42578125,46.0,4.884615898132324,4.0,2.0,0.6251802950920453,11.961225509643555,40.0,"{""type"":""Point"",""coordinates"":[109.78717256486148,19.083519499812468]}"
1996,0.0,27.0,170.0,14.919469833374023,67.0,19.27276969512009,109.75819336849361,2421.7236328125,53.0,0.8389571905136108,4.0,2.0,0.7090404442354734,13.892781257629395,38.0,"{""type"":""Point"",""coordinates"":[109.7599630080344,19.27264745744471]}"
1997,0.0,30.0,35.0,4.95389461517334,36.0,19.86116620621838,109.64590395797865,1718.752685546875,38.0,0.0837235078215599,3.0,4.0,0.7250968950259427,16.279380798339844,35.0,"{""type"":""Point"",""coordinates"":[109.64576624210837,19.862075421057735]}"
1998,0.0,27.0,17.0,6.297476291656494,17.0,19.753368372124037,110.99337688415795,1610.2484130859375,43.0,0.9767343401908875,2.0,4.0,0.6751548253007886,12.46556568145752,49.0,"{""type"":""Point"",""coordinates"":[110.99241131225891,19.75392842907869]}"
1999,0.0,22.0,6.0,3.2332301139831543,7.0,19.147005555343355,108.68021502755016,1269.3720703125,52.0,0.18215596675872803,2.0,2.0,0.6952127274909661,15.518783569335938,43.0,"{""type"":""Point"",""coordinates"":[108.68111918567807,19.146572758401685]}"
2000,0.0,24.0,23.0,5.670655727386475,25.0,19.703961031497464,110.95744427279317,1691.9498291015625,52.0,0.5039923191070557,3.0,3.0,0.6863194948660182,13.113622665405273,46.0,"{""type"":""Point"",""coordinates"":[110.95551535480134,19.70531079970272]}"
2001,0.0,28.0,277.0,25.03453826904297,268.0,19.24132866017591,110.26574150402115,2596.0888671875,48.0,1.7450734376907349,4.0,2.0,0.6676025737460493,13.090119361877441,39.0,"{""type"":""Point"",""coordinates"":[110.26453360159549,19.240289704412007]}"
2002,0.0,31.0,82.0,13.2151460647583,75.0,19.708452607918062,109.58302188809029,2136.4345703125,45.0,0.9877913594245911,4.0,3.0,0.710206689777015,13.783576011657715,33.0,"{""type"":""Point"",""coordinates"":[109.58219126527455,19.70687316449172]}"
2003,0.0,31.0,264.0,27.162569046020508,159.0,18.922426734313476,109.92438169605572,2276.47412109375,42.0,2.9014291763305664,4.0,2.0,0.6142365232317561,12.58994197845459,46.0,"{""type"":""Point"",""coordinates"":[109.92568473493307,18.921491730589526]}"
2004,0.0,27.0,267.0,71.6828842163086,202.0,19.254803389437704,110.01421322446765,2505.67822265625,43.0,9.971199035644531,5.0,2.0,0.6327019730722624,11.344114303588867,39.0,"{""type"":""Point"",""coordinates"":[110.01236744111739,19.256929627572426]}"
2005,0.0,32.0,77.0,13.414556503295898,67.0,18.648440572657023,109.85251647332615,2301.193359375,41.0,0.7480895519256592,5.0,1.0,0.6686405805473187,14.064556121826172,47.0,"{""type"":""Point"",""coordinates"":[109.85180827312526,18.648498836030186]}"
2006,0.0,25.0,87.0,18.400407791137695,49.0,19.54226428035595,109.91090696679396,2534.21337890625,48.0,0.944686233997345,4.0,3.0,0.7445175649210596,13.825203895568848,37.0,"{""type"":""Point"",""coordinates"":[109.91191970235278,19.543630589044778]}"
2007,0.0,27.0,151.0,41.40085220336914,46.0,18.90446042863109,109.97828061310292,2387.700927734375,44.0,4.470451354980469,4.0,2.0,0.6854839340393287,12.229674339294434,45.0,"{""type"":""Point"",""coordinates"":[109.97757486997475,18.90390290385119]}"
2008,0.0,24.0,30.0,6.396883964538574,31.0,19.928539852527344,110.85413801511942,1721.6395263671875,52.0,0.7410534620285034,2.0,4.0,0.6617881867711137,12.711895942687988,50.0,"{""type"":""Point"",""coordinates"":[110.85627124563109,19.927806424890747]}"
2009,0.0,31.0,455.0,55.362464904785156,299.0,18.980817227781245,109.83455016764378,2312.043701171875,37.0,9.553465843200684,4.0,2.0,0.5908395133726577,11.252388954162598,44.0,"{""type"":""Point"",""coordinates"":[109.83461606381195,18.980832869158892]}"
2010,0.0,27.0,388.0,43.60734558105469,379.0,18.675390031180612,109.9603143074205,2275.347412109375,48.0,6.6053690910339355,4.0,1.0,0.5892682806691412,11.67666244506836,47.0,"{""type"":""Point"",""coordinates"":[109.96135568334401,18.673897094018063]}"
2011,0.0,28.0,6.0,9.377972602844238,8.0,19.6320958087679,110.89456220290481,1920.755859375,41.0,0.9573751091957092,4.0,3.0,0.7369568001305014,12.91195011138916,42.0,"{""type"":""Point"",""coordinates"":[110.89277963506899,19.632124858370016]}"
2012,0.0,36.0,701.0,62.23725128173828,555.0,19.18742974312874,109.68632814576404,2473.31298828125,37.0,12.98665714263916,5.0,2.0,0.5941230062455394,10.72705364227295,40.0,"{""type"":""Point"",""coordinates"":[109.68506762734684,19.186980264411453]}"
2013,0.0,25.0,15.0,13.500923156738281,16.0,19.924048276106745,110.02319637730886,2354.27783203125,45.0,0.671098530292511,2.0,4.0,0.7792488017966652,13.940281867980957,36.0,"{""type"":""Point"",""coordinates"":[110.02439665382461,19.92362168219959]}"
2014,0.0,28.0,96.0,20.90522575378418,96.0,19.793792559909413,110.02768795372947,2474.703125,44.0,1.3316537141799927,3.0,4.0,0.712480136165471,13.476370811462402,31.0,"{""type"":""Point"",""coordinates"":[110.02733364902608,19.794382463459023]}"
2015,0.0,28.0,12.0,13.670947074890137,12.0,18.43284490446834,109.92438169605572,1935.4896240234375,47.0,1.3679858446121216,5.0,1.0,0.7318243672195952,13.498923301696777,42.0,"{""type"":""Point"",""coordinates"":[109.92291728508106,18.433970505103634]}"
2016,0.0,24.0,29.0,10.717621803283691,29.0,19.60514635024431,109.30454415001327,2083.043701171875,54.0,0.6470885276794434,2.0,3.0,0.747875107068462,14.237863540649414,36.0,"{""type"":""Point"",""coordinates"":[109.30393651284467,19.60552893888091]}"
2017,0.0,27.0,51.0,6.156968116760254,52.0,19.96896404031272,109.64590395797865,1468.1046142578125,48.0,0.8435640931129456,5.0,4.0,0.6857528958466714,13.68403148651123,36.0,"{""type"":""Point"",""coordinates"":[109.64800735735962,19.969540930499754]}"
2018,0.0,25.0,72.0,16.118040084838867,48.0,19.68599472581507,109.91090696679396,2360.077880859375,52.0,0.9777738451957703,2.0,3.0,0.7569717222635947,13.7997407913208,32.0,"{""type"":""Point"",""coordinates"":[109.9120883526237,19.68721919984369]}"
2019,0.0,24.0,97.0,28.402851104736328,97.0,18.338521799635792,109.30454415001327,1784.969970703125,55.0,5.718634605407715,4.0,0.0,0.6214181705708725,12.015310287475586,39.0,"{""type"":""Point"",""coordinates"":[109.30523874469567,18.336487116382308]}"
2020,0.0,25.0,480.0,49.80723571777344,406.0,19.030224568407817,109.14284739887177,2366.662109375,50.0,7.688314914703369,5.0,2.0,0.6214705842298144,11.453429222106934,39.0,"{""type"":""Point"",""coordinates"":[109.14465805414133,19.02822217414944]}"
2021,0.0,25.0,14.0,7.668337345123291,14.0,19.52429797467356,109.00360852983323,1809.5689697265625,52.0,0.5162250995635986,3.0,3.0,0.7503280239639156,14.472487449645996,36.0,"{""type"":""Point"",""coordinates"":[109.0021655700606,19.52411680288982]}"
2022,0.0,27.0,4.0,12.213094711303711,5.0,19.99142192241571,110.14446894066504,2212.72607421875,40.0,0.6805103421211243,3.0,4.0,0.779971520186097,13.930113792419434,37.0,"{""type"":""Point"",""coordinates"":[110.14591111823881,19.991727009366258]}"
2024,0.0,29.0,35.0,15.576790809631348,36.0,19.950997734630327,110.09506160003843,2313.19287109375,40.0,1.043585181236267,2.0,4.0,0.7518748834456576,13.483529090881348,36.0,"{""type"":""Point"",""coordinates"":[110.09435718125893,19.95169446625122]}"
2025,0.0,34.0,29.0,21.31385040283203,29.0,19.89260724116256,109.83005859122318,2115.9169921875,39.0,2.3236353397369385,5.0,4.0,0.7545210956835853,12.918082237243652,34.0,"{""type"":""Point"",""coordinates"":[109.82918496738438,19.893336431742945]}"
2026,0.0,24.0,33.0,24.448196411132812,33.0,19.01674983914603,110.39599722021848,2415.82666015625,47.0,1.7566546201705933,4.0,2.0,0.746083144111448,13.23658561706543,39.0,"{""type"":""Point"",""coordinates"":[110.39375303503681,19.016630882254088]}"
2027,0.0,25.0,32.0,15.708474159240723,25.0,19.40751698773802,109.09793163466577,2018.091064453125,49.0,1.479365587234497,3.0,3.0,0.7501460425630542,13.409055709838867,35.0,"{""type"":""Point"",""coordinates"":[109.09751421431866,19.40962563679522]}"
2028,0.0,25.0,39.0,10.354879379272461,42.0,18.899968852210492,110.34658987959187,2199.814208984375,49.0,0.4300763010978699,4.0,2.0,0.6976749111096852,14.64058780670166,46.0,"{""type"":""Point"",""coordinates"":[110.34630038024106,18.898259060810762]}"
2029,0.0,32.0,500.0,48.992427825927734,456.0,18.581066926348058,109.39886725484581,2054.148193359375,38.0,11.7796049118042,6.0,1.0,0.5650982259959654,11.002710342407227,45.0,"{""type"":""Point"",""coordinates"":[109.39811685664938,18.579413993156855]}"
2030,0.0,25.0,12.0,11.400110244750977,14.0,19.200904472390526,110.56667712420119,2306.609375,45.0,0.421267569065094,2.0,2.0,0.7531307572163336,14.639446258544922,42.0,"{""type"":""Point"",""coordinates"":[110.56679133796814,19.1987153774652]}"
2031,0.0,21.0,137.0,12.735220909118652,119.0,19.510823245411764,109.41683356052818,2353.402587890625,55.0,0.5476715564727783,3.0,3.0,0.6795462231784574,14.339951515197754,36.0,"{""type"":""Point"",""coordinates"":[109.41738524486293,19.510437881142447]}"
2032,0.0,24.0,70.0,15.650599479675293,62.0,19.35361807069085,110.3690477616949,2474.90185546875,51.0,0.7384682297706604,5.0,3.0,0.7159889475362397,14.081672668457031,40.0,"{""type"":""Point"",""coordinates"":[110.3701115066151,19.355840135630878]}"
2033,0.0,22.0,8.0,7.256989479064941,8.0,19.71294418433866,109.21471262160128,1828.048095703125,52.0,0.3700520694255829,11.0,3.0,0.7693284506647136,14.808846473693848,35.0,"{""type"":""Point"",""coordinates"":[109.21569007075574,19.7119179631465]}"
2034,0.0,28.0,180.0,24.14925193786621,127.0,18.868527817266305,108.93623488352426,1870.324951171875,47.0,4.009086608886719,4.0,2.0,0.6056187738337103,12.320718765258789,43.0,"{""type"":""Point"",""coordinates"":[108.9343084316614,18.866631189267967]}"
2035,0.0,27.0,1173.0,37.078575134277344,1003.0,18.980817227781245,109.40785040768702,2204.309814453125,40.0,12.658097267150879,8.0,2.0,0.5525619232268753,10.157360076904297,41.0,"{""type"":""Point"",""coordinates"":[109.40835650530468,18.980730597798942]}"
2036,0.0,24.0,91.0,21.84776496887207,58.0,19.54226428035595,109.98726376594408,2510.52392578125,50.0,1.3498157262802124,4.0,3.0,0.735486385278385,13.46583366394043,36.0,"{""type"":""Point"",""coordinates"":[109.98901659663352,19.540372304985937]}"
2037,0.0,26.0,35.0,11.506511688232422,26.0,19.60963792666491,110.39599722021848,2344.37939453125,48.0,0.4747535288333893,4.0,3.0,0.7687016004768323,14.271238327026367,36.0,"{""type"":""Point"",""coordinates"":[110.39748708514226,19.610144850001323]}"
2038,0.0,26.0,72.0,28.305910110473633,43.0,19.49285693972937,110.39599722021848,2407.34814453125,46.0,2.388645648956299,3.0,3.0,0.7333272263203084,12.867215156555176,38.0,"{""type"":""Point"",""coordinates"":[110.39419177626392,19.49116126179855]}"
2039,0.0,24.0,11.0,10.530800819396973,11.0,18.311572341112203,109.54259770030495,1910.6126708984375,48.0,0.8029860258102417,4.0,0.0,0.7461470587771883,14.032379150390625,39.0,"{""type"":""Point"",""coordinates"":[109.54373940016237,18.313187556007218]}"
2040,0.0,29.0,117.0,16.671707153320312,87.0,19.560230586038337,110.01870480088826,2499.493896484375,46.0,0.8766639828681946,4.0,3.0,0.7077413095291708,13.881763458251953,35.0,"{""type"":""Point"",""coordinates"":[110.01700995347638,19.56112983087892]}"
2041,0.0,31.0,729.0,36.109683990478516,651.0,18.697847913283596,109.53361454746374,2218.6328125,46.0,7.190948963165283,5.0,1.0,0.570123457523341,11.303214073181152,46.0,"{""type"":""Point"",""coordinates"":[109.53154808642472,18.69930770371204]}"
2042,0.0,23.0,244.0,37.7241096496582,101.0,19.039207721249014,109.83005859122318,2358.28466796875,53.0,4.225164890289307,3.0,2.0,0.6363871171197241,12.226478576660156,41.0,"{""type"":""Point"",""coordinates"":[109.82818670832215,19.04000453126057]}"
2043,0.0,28.0,565.0,57.60761642456055,466.0,19.12454767324037,109.19225473949831,2434.729248046875,47.0,9.974363327026367,5.0,2.0,0.6174918056761726,11.119804382324219,38.0,"{""type"":""Point"",""coordinates"":[109.19406616720306,19.12255428517823]}"
2044,0.0,24.0,183.0,19.56924819946289,44.0,19.340143341429055,109.52912297104314,2484.883544921875,49.0,1.159216046333313,7.0,3.0,0.7425349138902269,13.561125755310059,37.0,"{""type"":""Point"",""coordinates"":[109.5309054847438,19.338012327935363]}"
2045,0.0,28.0,675.0,40.436424255371094,608.0,18.558609044245074,109.45276617189296,2102.9501953125,48.0,9.467363357543945,6.0,1.0,0.5649187985188089,11.075736999511719,45.0,"{""type"":""Point"",""coordinates"":[109.45253254803187,18.559927037434285]}"
2046,0.0,30.0,31.0,6.749453544616699,32.0,19.91506512326555,109.68183656934343,1664.8851318359375,42.0,0.5392903089523315,2.0,4.0,0.7330873747135421,14.418944358825684,33.0,"{""type"":""Point"",""coordinates"":[109.68072323246678,19.91393811115087]}"
2047,0.0,22.0,7.0,2.9471168518066406,7.0,18.97183407494005,108.6667402982884,1259.3690185546875,55.0,0.12130933254957199,2.0,2.0,0.6858584613399189,15.924732208251953,45.0,"{""type"":""Point"",""coordinates"":[108.66458636476267,18.97090396059711]}"
2049,0.0,30.0,23.0,6.315888404846191,24.0,20.07676187440706,110.61608446482774,1779.9571533203125,45.0,0.6133739948272705,3.0,4.0,0.7013385808288928,12.917196273803711,44.0,"{""type"":""Point"",""coordinates"":[110.61472571781547,20.077897457006447]}"
2050,0.0,24.0,187.0,19.840112686157227,104.0,19.29522757722308,109.79412597985839,2421.7236328125,55.0,1.3957327604293823,4.0,3.0,0.6733006083759123,13.372836112976074,37.0,"{""type"":""Point"",""coordinates"":[109.79527375999096,19.295003838830503]}"
2051,0.0,27.0,58.0,9.267290115356445,59.0,19.34912649427025,108.68021502755016,1343.5787353515625,46.0,2.1785459518432617,3.0,3.0,0.6466095434574007,12.913804054260254,40.0,"{""type"":""Point"",""coordinates"":[108.67850051780653,19.350545757635686]}"
2052,0.0,26.0,30.0,11.370227813720703,30.0,18.52267643288029,109.96929746026171,2051.551025390625,51.0,0.7946891188621521,2.0,1.0,0.7042488109446864,14.031793594360352,45.0,"{""type"":""Point"",""coordinates"":[109.97103005177279,18.52443912332223]}"
2053,0.0,23.0,109.0,16.774953842163086,68.0,19.416500140579217,110.18938470487097,2558.123779296875,53.0,0.7649962902069092,4.0,3.0,0.7243292701465323,14.022915840148926,37.0,"{""type"":""Point"",""coordinates"":[110.19112424373279,19.414277281388127]}"
2054,0.0,30.0,165.0,55.61363220214844,111.0,19.38505910563503,110.14446894066504,2471.07763671875,42.0,6.741719722747803,5.0,3.0,0.6528518325891614,11.807467460632324,38.0,"{""type"":""Point"",""coordinates"":[110.14664927622147,19.38713922070886]}"
2055,0.0,24.0,127.0,16.468141555786133,94.0,19.420991716999815,109.24615365654546,2317.81494140625,57.0,1.1611114740371704,3.0,3.0,0.7000669930084704,13.594560623168945,32.0,"{""type"":""Point"",""coordinates"":[109.24777771979478,19.419781602152984]}"
2056,0.0,26.0,40.0,10.586987495422363,40.0,19.928539852527344,110.33760672675072,2218.89111328125,42.0,0.5393279194831848,3.0,4.0,0.7221731312078088,13.727469444274902,41.0,"{""type"":""Point"",""coordinates"":[110.33682989869504,19.929223006424607]}"
2057,0.0,23.0,11.0,5.7733235359191895,10.0,18.441828057309536,108.91826857784184,1626.8270263671875,53.0,0.3647823929786682,2.0,1.0,0.7259538133710376,14.821467399597168,40.0,"{""type"":""Point"",""coordinates"":[108.91970621459743,18.44380560135385]}"
2058,0.0,23.0,192.0,16.414047241210938,95.0,19.21887077807292,109.84802489690554,2446.655517578125,55.0,0.9123567342758179,3.0,2.0,0.6768562217808172,13.794893264770508,38.0,"{""type"":""Point"",""coordinates"":[109.8491046525418,19.22031888552369]}"
2059,0.0,29.0,511.0,53.63027572631836,326.0,19.01225826272543,109.43030828978999,2313.302734375,40.0,9.372471809387207,6.0,2.0,0.6031070897360641,11.22773265838623,41.0,"{""type"":""Point"",""coordinates"":[109.43070418973994,19.0117492680697]}"
2060,0.0,22.0,30.0,8.85469913482666,30.0,19.10658136755798,108.7116560624944,1440.050048828125,52.0,1.4959509372711182,2.0,2.0,0.678662659791335,13.399064064025879,42.0,"{""type"":""Point"",""coordinates"":[108.71212028562402,19.106664984210774]}"
2062,0.0,23.0,21.0,12.926897048950195,24.0,18.917935157892877,110.40947194948029,2133.727294921875,50.0,0.8209140300750732,3.0,2.0,0.7257625895047083,14.004534721374512,43.0,"{""type"":""Point"",""coordinates"":[110.41023367550481,18.91907377729772]}"
2063,0.0,24.0,48.0,21.7082576751709,35.0,19.178446590287543,108.97216749488905,2120.6435546875,49.0,2.1519925594329834,6.0,2.0,0.7124946959403792,13.024681091308594,42.0,"{""type"":""Point"",""coordinates"":[108.97201500712993,19.179916333323398]}"
2064,0.0,27.0,230.0,17.26752471923828,208.0,18.890985699369296,110.19387628129158,2240.729736328125,50.0,1.4163708686828613,3.0,2.0,0.6192538101127297,13.330290794372559,46.0,"{""type"":""Point"",""coordinates"":[110.19568152616908,18.892181864683447]}"
2065,0.0,24.0,74.0,18.235382080078125,44.0,19.74438521928284,109.69531129860525,2199.714599609375,50.0,1.4745601415634155,5.0,4.0,0.7430299302672201,13.387589454650879,34.0,"{""type"":""Point"",""coordinates"":[109.69496648423755,19.746368700186814]}"
2066,0.0,24.0,230.0,14.68537425994873,124.0,19.164971861025748,109.86599120258796,2328.757568359375,52.0,0.8610867857933044,4.0,2.0,0.654039920051367,13.82807731628418,40.0,"{""type"":""Point"",""coordinates"":[109.86410121561741,19.165283844538834]}"
2067,0.0,28.0,70.0,13.28410816192627,63.0,19.730910490021046,110.62506761766895,2256.68115234375,46.0,0.9347795248031616,6.0,3.0,0.715522668107377,13.400102615356445,37.0,"{""type"":""Point"",""coordinates"":[110.62446469837293,19.732014003334328]}"
2068,0.0,30.0,107.0,25.663116455078125,83.0,19.003275109884235,110.2073510105534,2430.447265625,38.0,1.9640198945999146,3.0,2.0,0.6586727992799081,13.080923080444336,45.0,"{""type"":""Point"",""coordinates"":[110.20835858267347,19.003410545481742]}"
2069,0.0,25.0,58.0,20.991056442260742,38.0,19.659045267291482,110.02768795372947,2424.776123046875,48.0,1.3884403705596924,4.0,3.0,0.7678809129972782,13.457283020019531,33.0,"{""type"":""Point"",""coordinates"":[110.02569998787149,19.65714628036007]}"
2070,0.0,33.0,283.0,50.84444808959961,166.0,19.313193882905473,109.66387026366107,2447.774169921875,39.0,6.568488597869873,9.0,3.0,0.6530243552693824,11.756470680236816,37.0,"{""type"":""Point"",""coordinates"":[109.661862317353,19.31342435311636]}"
2071,0.0,31.0,533.0,69.0765609741211,473.0,18.563100620665672,109.54259770030495,2217.01806640625,42.0,17.62561798095703,5.0,1.0,0.5445875100748196,10.554985046386719,47.0,"{""type"":""Point"",""coordinates"":[109.54447875349464,18.562185325650773]}"
2072,0.0,25.0,100.0,12.34511661529541,67.0,19.564722162458935,110.03667110657068,2499.493896484375,46.0,0.34949731826782227,5.0,3.0,0.7384612101818537,14.811800956726074,34.0,"{""type"":""Point"",""coordinates"":[110.03766924244485,19.56414918255569]}"
2073,0.0,24.0,199.0,10.723369598388672,93.0,18.65742372549822,109.25513680938667,2048.8427734375,49.0,0.6698805093765259,4.0,1.0,0.6255829254828023,14.099366188049316,45.0,"{""type"":""Point"",""coordinates"":[109.25706162432488,18.657803222001633]}"
2074,0.0,30.0,288.0,62.10080337524414,266.0,18.980817227781245,110.24328362191818,2426.90576171875,39.0,8.906595230102539,4.0,2.0,0.6038937625831289,11.444847106933594,45.0,"{""type"":""Point"",""coordinates"":[110.24290103915328,18.979019331167947]}"
2075,0.0,30.0,402.0,63.97788619995117,273.0,18.837086782322125,109.17878001023655,2060.423828125,43.0,17.057273864746094,5.0,2.0,0.5544328662412543,10.691926002502441,45.0,"{""type"":""Point"",""coordinates"":[109.1773458707473,18.837370358591283]}"
2076,0.0,23.0,107.0,17.269777297973633,69.0,19.515314821832362,109.88395750827033,2484.549072265625,53.0,0.9089560508728027,4.0,3.0,0.718334551172734,13.851682662963867,37.0,"{""type"":""Point"",""coordinates"":[109.88429994648358,19.514122062223468]}"
2077,0.0,24.0,170.0,16.953683853149414,146.0,19.254803389437704,110.17141839918861,2508.52392578125,52.0,0.8688706755638123,4.0,2.0,0.6816503647955993,13.857741355895996,37.0,"{""type"":""Point"",""coordinates"":[110.17059187292759,19.256024992888445]}"
2078,0.0,20.0,77.0,16.91808319091797,57.0,19.66353684371208,110.0052300716265,2424.776123046875,54.0,0.8877653479576111,2.0,3.0,0.7418123761424679,13.893348693847656,34.0,"{""type"":""Point"",""coordinates"":[110.00346567722828,19.662240371471498]}"
2079,0.0,27.0,258.0,14.134511947631836,167.0,19.15598870818455,109.91090696679396,2358.49853515625,43.0,0.7268742322921753,4.0,2.0,0.6501567509105802,13.978972434997559,41.0,"{""type"":""Point"",""coordinates"":[109.91237453355207,19.1561255582726]}"
2080,0.0,23.0,38.0,17.50044822692871,38.0,18.325047070373998,109.385392525584,1896.7607421875,55.0,2.1749792098999023,3.0,0.0,0.7168370354909922,13.0198974609375,37.0,"{""type"":""Point"",""coordinates"":[109.38692275923826,18.32354925854361]}"
2081,0.0,40.0,619.0,39.074031829833984,609.0,18.446319633730134,109.52463139462253,2060.3134765625,32.0,9.526854515075684,6.0,1.0,0.5792328941589644,11.12004566192627,42.0,"{""type"":""Point"",""coordinates"":[109.52526642086198,18.44496795663902]}"
2082,0.0,30.0,266.0,37.99576950073242,88.0,19.18742974312874,109.51115666536077,2394.40869140625,41.0,4.193881511688232,4.0,2.0,0.6646832478224762,12.219240188598633,38.0,"{""type"":""Point"",""coordinates"":[109.50994563301062,19.18557936600905]}"
2083,0.0,28.0,570.0,16.882654190063477,446.0,18.76522155959256,109.01708325909499,1951.608154296875,49.0,2.4443631172180176,8.0,1.0,0.5994479096361007,12.531383514404297,42.0,"{""type"":""Point"",""coordinates"":[109.01525439875007,18.76563955951693]}"
2084,0.0,25.0,34.0,10.786834716796875,30.0,19.093106638296184,110.35557303243309,2379.963623046875,47.0,0.29291707277297974,4.0,2.0,0.7493465621277959,15.02758502960205,40.0,"{""type"":""Point"",""coordinates"":[110.35598091344788,19.095215913132947]}"
2085,0.0,32.0,33.0,4.732344150543213,34.0,19.816250442012404,109.25513680938667,1649.26708984375,35.0,0.11471964418888092,3.0,4.0,0.7320149279393622,15.965572357177734,33.0,"{""type"":""Point"",""coordinates"":[109.25328800123928,19.81643779972535]}"
2086,0.0,23.0,26.0,7.700036525726318,27.0,19.83421674769479,110.69244126397791,2011.361572265625,54.0,0.4015127122402191,3.0,4.0,0.7300975857189818,13.750995635986328,40.0,"{""type"":""Point"",""coordinates"":[110.69377857928252,19.832380714849545]}"
2087,0.0,24.0,99.0,19.409866333007812,67.0,19.178446590287543,110.09506160003843,2447.77880859375,48.0,1.1594088077545166,4.0,2.0,0.6999090752730603,13.613112449645996,41.0,"{""type"":""Point"",""coordinates"":[110.0962804692948,19.178691206270486]}"
2088,0.0,25.0,354.0,21.97245216369629,163.0,19.034716144828415,109.70878602786706,2287.161376953125,51.0,2.051159143447876,3.0,2.0,0.6385193907001389,12.874777793884277,40.0,"{""type"":""Point"",""coordinates"":[109.71050913463847,19.033304432878086]}"
2089,0.0,26.0,262.0,64.23739624023438,240.0,18.805645747377937,110.13099421140322,2226.138671875,49.0,12.15503978729248,4.0,1.0,0.5801655889568469,11.144437789916992,46.0,"{""type"":""Point"",""coordinates"":[110.13229214975979,18.805347035420393]}"
2090,0.0,22.0,78.0,7.79018497467041,74.0,19.34912649427025,108.96318434204784,1981.021484375,58.0,0.33987367153167725,2.0,3.0,0.6677396199367251,14.85295295715332,41.0,"{""type"":""Point"",""coordinates"":[108.96486806020133,19.349633315031603]}"
2091,0.0,29.0,1435.0,21.31572914123535,1240.0,19.034716144828415,109.51115666536077,2312.52880859375,39.0,6.889952182769775,9.0,2.0,0.5615551883043752,10.174813270568848,41.0,"{""type"":""Point"",""coordinates"":[109.51337189746165,19.0345284245991]}"
2092,0.0,27.0,33.0,4.393181800842285,33.0,19.838708324115387,110.91252850858717,1647.989990234375,49.0,0.12195760011672974,2.0,4.0,0.6612528539769638,14.509331703186035,49.0,"{""type"":""Point"",""coordinates"":[110.91448473794223,19.839908045306938]}"
2093,0.0,21.0,39.0,11.167764663696289,39.0,19.681503149394473,109.38090094916339,2094.633056640625,57.0,0.6693578362464905,2.0,3.0,0.7589293058810455,14.19820499420166,31.0,"{""type"":""Point"",""coordinates"":[109.37906964506507,19.681394379299373]}"
2094,0.0,31.0,349.0,24.86767578125,171.0,19.169463437446346,109.52463139462253,2394.40869140625,36.0,2.1319222450256348,5.0,2.0,0.6638646991444405,12.839694023132324,36.0,"{""type"":""Point"",""coordinates"":[109.52629092657999,19.170801618151003]}"
2095,0.0,25.0,30.0,12.292654037475586,30.0,19.38505910563503,110.61608446482774,2206.82666015625,47.0,0.728808581829071,7.0,3.0,0.7486062228691295,13.846409797668457,38.0,"{""type"":""Point"",""coordinates"":[110.61711277985006,19.38587827039496]}"
2096,0.0,23.0,118.0,13.341946601867676,80.0,19.0706487561932,109.04403271761862,2160.386962890625,55.0,0.9185059666633606,2.0,2.0,0.6714577616821469,13.834519386291504,40.0,"{""type"":""Point"",""coordinates"":[109.04202812589648,19.071824721985678]}"
2097,0.0,33.0,1107.0,17.70142936706543,978.0,18.895477275789894,109.19225473949831,2006.328125,40.0,3.908883571624756,10.0,2.0,0.5540276340521492,11.455257415771484,45.0,"{""type"":""Point"",""coordinates"":[109.19183382032743,18.89651146130285]}"
2098,0.0,28.0,287.0,27.072275161743164,70.0,19.025732991987226,109.63692080513749,2382.161376953125,45.0,2.495054006576538,4.0,2.0,0.675919693617378,12.725480079650879,41.0,"{""type"":""Point"",""coordinates"":[109.6376244427417,19.02389114902508]}"
2099,0.0,29.0,36.0,8.174474716186523,36.0,19.964472463892122,110.29269096254473,2258.742431640625,44.0,0.1720791757106781,2.0,4.0,0.7433599512039687,14.645851135253906,38.0,"{""type"":""Point"",""coordinates"":[110.2918611574849,19.963981492404006]}"
2100,0.0,28.0,657.0,46.29730224609375,590.0,18.643948996236425,109.385392525584,2106.338623046875,50.0,12.056248664855957,7.0,1.0,0.5592850820414434,10.84482479095459,45.0,"{""type"":""Point"",""coordinates"":[109.38350523234405,18.642824337736155]}"
2101,0.0,26.0,90.0,13.507828712463379,70.0,19.614129503085508,110.06362056509425,2442.889892578125,46.0,0.5384576916694641,4.0,3.0,0.7307853909990318,14.385605812072754,34.0,"{""type"":""Point"",""coordinates"":[110.06224705462995,19.611942955638945]}"
2102,0.0,27.0,239.0,37.433013916015625,213.0,18.967342498519457,110.19387628129158,2285.305419921875,49.0,4.718822479248047,3.0,2.0,0.613258864496458,12.1188383102417,45.0,"{""type"":""Point"",""coordinates"":[110.19346727401722,18.96753201582922]}"
2103,0.0,20.0,11.0,10.933845520019531,11.0,19.66353684371208,109.32251045569564,1975.52392578125,55.0,0.755520761013031,2.0,3.0,0.7620334099021961,14.093317031860352,36.0,"{""type"":""Point"",""coordinates"":[109.3211621990128,19.66397121743814]}"
2104,0.0,29.0,447.0,54.84572982788086,293.0,18.985308804201843,109.84802489690554,2312.043701171875,42.0,9.433650970458984,4.0,2.0,0.6006328990591003,11.271392822265625,42.0,"{""type"":""Point"",""coordinates"":[109.84934679992041,18.985483388497425]}"
2105,0.0,26.0,62.0,12.338541030883789,63.0,19.88811566474196,110.13099421140322,2310.109130859375,44.0,0.5949766635894775,2.0,4.0,0.7307340307543897,14.024624824523926,34.0,"{""type"":""Point"",""coordinates"":[110.13086542831373,19.88875339204574]}"
2106,0.0,29.0,507.0,42.17483139038086,331.0,18.76971313601316,109.4347998662106,2225.93115234375,49.0,7.668933391571045,6.0,1.0,0.5869348371948505,11.434528350830078,45.0,"{""type"":""Point"",""coordinates"":[109.43492440312968,18.770841916277032]}"
2107,0.0,26.0,119.0,27.919559478759766,100.0,19.55573900961774,109.49768193609896,2399.52490234375,52.0,2.4947993755340576,4.0,3.0,0.6849520062443301,12.834145545959473,34.0,"{""type"":""Point"",""coordinates"":[109.4977083954545,19.556977915634874]}"
2108,0.0,21.0,58.0,9.572749137878418,24.0,19.726418913600448,109.8031091326996,2343.59033203125,52.0,0.1720791757106781,3.0,3.0,0.77433612533245,15.54545783996582,35.0,"{""type"":""Point"",""coordinates"":[109.80246983688563,19.724532953450062]}"
2109,0.0,28.0,199.0,34.68189239501953,125.0,19.35361807069085,110.0052300716265,2484.22607421875,45.0,3.1767780780792236,5.0,3.0,0.6650185257566815,12.541862487792969,38.0,"{""type"":""Point"",""coordinates"":[110.00671559566747,19.35406281022198]}"
2110,0.0,23.0,123.0,20.80668830871582,68.0,19.4389580226822,110.03667110657068,2578.53076171875,53.0,1.1569832563400269,4.0,3.0,0.7184165016168576,13.600582122802734,38.0,"{""type"":""Point"",""coordinates"":[110.03512188020625,19.44011412666627]}"
2111,0.0,29.0,10.0,7.004826068878174,11.0,19.89260724116256,109.57403873524913,1663.892578125,42.0,0.5768138766288757,2.0,4.0,0.7486174446260064,14.363802909851074,35.0,"{""type"":""Point"",""coordinates"":[109.57256607297916,19.89324745727948]}"
2112,0.0,28.0,79.0,20.782611846923828,79.0,19.789300983488815,109.99175534236468,2434.827392578125,46.0,1.4091088771820068,4.0,4.0,0.7260892313522314,13.43002700805664,32.0,"{""type"":""Point"",""coordinates"":[109.99088734287133,19.78796979901151]}"
2113,0.0,23.0,81.0,42.718841552734375,81.0,18.468777515833118,109.85700804974675,2007.1123046875,56.0,7.710196495056152,3.0,1.0,0.6228343615353192,11.723383903503418,44.0,"{""type"":""Point"",""coordinates"":[109.85909569318396,18.46777225614903]}"
2114,0.0,26.0,45.0,18.751033782958984,24.0,19.569213738879533,110.14896051708558,2478.219970703125,46.0,1.0483888387680054,6.0,3.0,0.7859123830415484,13.745938301086426,34.0,"{""type"":""Point"",""coordinates"":[110.1496220973831,19.568399923761515]}"
2115,0.0,25.0,86.0,73.98819732666016,76.0,18.80115417095734,110.21184258697394,2264.24462890625,50.0,12.881752967834473,5.0,1.0,0.6079393263355288,11.19612979888916,48.0,"{""type"":""Point"",""coordinates"":[110.21103404756175,18.802239382849883]}"
2116,0.0,25.0,84.0,61.30698013305664,54.0,19.10208979113738,110.10404475287964,2475.162109375,48.0,7.259789943695068,5.0,2.0,0.6755595964701161,11.782469749450684,45.0,"{""type"":""Point"",""coordinates"":[110.10282580334568,19.102737393659424]}"
2117,0.0,24.0,23.0,10.271936416625977,26.0,18.908952005051688,110.42294667874205,2133.727294921875,47.0,0.4628574550151825,3.0,2.0,0.7248909918536045,14.563033103942871,43.0,"{""type"":""Point"",""coordinates"":[110.42084660922713,18.908763474542127]}"
2118,0.0,27.0,239.0,20.47439193725586,123.0,19.138022402502166,109.85700804974675,2304.437744140625,51.0,1.7786215543746948,3.0,2.0,0.6388015474459612,13.096501350402832,42.0,"{""type"":""Point"",""coordinates"":[109.85493629636069,19.139970904487964]}"
2119,0.0,23.0,63.0,18.679187774658203,49.0,19.681503149394473,110.13099421140322,2437.535888671875,53.0,1.1201428174972534,2.0,3.0,0.7647212985964986,13.669120788574219,31.0,"{""type"":""Point"",""coordinates"":[110.12949053583588,19.679799030683615]}"
2120,0.0,26.0,149.0,23.047454833984375,128.0,19.29522757722308,110.23879204549758,2590.316162109375,43.0,1.3314565420150757,4.0,3.0,0.6854992007090543,13.443990707397461,37.0,"{""type"":""Point"",""coordinates"":[110.23866649781881,19.29589611555938]}"
2121,0.0,30.0,1060.0,43.25829315185547,1006.0,19.0751403326138,109.11140636392759,2405.359130859375,48.0,11.912880897521973,8.0,2.0,0.5813033292318323,10.39822006225586,39.0,"{""type"":""Point"",""coordinates"":[109.11085596917525,19.074924076182427]}"
2122,0.0,26.0,140.0,63.10492706298828,143.0,18.257673424065032,109.66387026366107,1947.633544921875,51.0,16.349712371826172,5.0,0.0,0.5833621773141346,10.914161682128906,41.0,"{""type"":""Point"",""coordinates"":[109.66443120967901,18.257652905711737]}"
2123,0.0,27.0,470.0,28.475271224975586,462.0,18.513693280039092,109.22369577444249,1971.8980712890625,52.0,5.497373104095459,5.0,1.0,0.5856476628374442,11.799643516540527,44.0,"{""type"":""Point"",""coordinates"":[109.22312063917926,18.51356416386434]}"
2124,0.0,29.0,148.0,22.409748077392578,145.0,18.423861751627143,109.25513680938667,1907.5286865234375,52.0,3.6252870559692383,4.0,1.0,0.6112248204188501,12.441798210144043,43.0,"{""type"":""Point"",""coordinates"":[109.25626676742111,18.422721519056534]}"
2125,0.0,30.0,273.0,33.52350997924805,211.0,19.084123485454995,109.93336484889693,2314.9736328125,44.0,3.8991944789886475,4.0,2.0,0.6255136486803144,12.287617683410645,43.0,"{""type"":""Point"",""coordinates"":[109.93447421610027,19.0836429522833]}"
2126,0.0,30.0,285.0,39.80207061767578,285.0,18.325047070373998,109.36742621990163,1896.7607421875,48.0,9.628003120422363,4.0,0.0,0.610083529715822,11.367635726928711,37.0,"{""type"":""Point"",""coordinates"":[109.36617093604472,18.325824360345706]}"
2127,0.0,32.0,17.0,8.116012573242188,18.0,19.72192733717985,110.76879806312809,2158.914306640625,39.0,0.29335615038871765,7.0,3.0,0.7528989209437184,14.078460693359375,40.0,"{""type"":""Point"",""coordinates"":[110.76785798137983,19.719834588054336]}"
2128,0.0,29.0,586.0,53.60023498535156,519.0,18.65742372549822,109.38090094916339,2130.394287109375,48.0,13.956355094909668,5.0,1.0,0.5618011845449753,10.756155014038086,44.0,"{""type"":""Point"",""coordinates"":[109.38036806572411,18.658934048277466]}"
2129,0.0,32.0,19.0,5.8052144050598145,20.0,19.93752300536854,109.58751346451089,1523.7469482421875,40.0,0.5609893202781677,3.0,4.0,0.734901768302131,14.386443138122559,34.0,"{""type"":""Point"",""coordinates"":[109.58774659741384,19.93836987965479]}"
2130,0.0,28.0,61.0,15.157028198242188,53.0,19.753368372124037,110.5262529364158,2239.703125,42.0,1.2200886011123657,5.0,4.0,0.7376132261166057,13.141993522644043,34.0,"{""type"":""Point"",""coordinates"":[110.52629896740969,19.751726148906535]}"
2131,0.0,28.0,215.0,35.65798568725586,172.0,18.581066926348058,109.12038951676874,1948.8321533203125,50.0,6.997348785400391,5.0,1.0,0.5768870069243031,11.737879753112793,48.0,"{""type"":""Point"",""coordinates"":[109.11998796236519,18.579804662326055]}"
2132,0.0,22.0,64.0,14.700721740722656,39.0,19.726418913600448,109.87497435542917,2362.25927734375,54.0,0.7615687251091003,2.0,3.0,0.7551156821363754,14.054428100585938,35.0,"{""type"":""Point"",""coordinates"":[109.87375623571504,19.72787858244694]}"
2133,0.0,29.0,326.0,70.18270874023438,329.0,18.98980038062244,110.40947194948029,2318.270263671875,45.0,13.294233322143555,6.0,2.0,0.6059162424229823,11.007935523986816,40.0,"{""type"":""Point"",""coordinates"":[110.41116965907878,18.990376002099882]}"
2134,0.0,26.0,1123.0,34.33145523071289,1022.0,18.810137323798536,109.60997134661392,2231.682861328125,48.0,9.958580017089844,6.0,1.0,0.5364658240062483,10.486367225646973,47.0,"{""type"":""Point"",""coordinates"":[109.61149151977861,18.81214362352653]}"
2135,0.0,29.0,296.0,18.716388702392578,291.0,18.54513431498328,109.83455016764378,2219.58642578125,43.0,1.6580640077590942,5.0,1.0,0.6099928933643811,13.12833023071289,47.0,"{""type"":""Point"",""coordinates"":[109.83444232839322,18.54621042685567]}"
2136,0.0,30.0,462.0,11.193781852722168,439.0,18.814628900219134,108.8733528136359,1867.174560546875,47.0,1.292292594909668,7.0,1.0,0.6087151356380917,13.256622314453125,41.0,"{""type"":""Point"",""coordinates"":[108.87455616402427,18.81346771211067]}"
2137,0.0,26.0,177.0,27.653478622436523,111.0,19.4389580226822,109.51115666536077,2468.859619140625,53.0,2.3461174964904785,4.0,3.0,0.6905223673008194,12.859501838684082,33.0,"{""type"":""Point"",""coordinates"":[109.5121082688124,19.440012232733903]}"
2138,0.0,25.0,90.0,11.55443286895752,93.0,18.648440572657023,108.8239454730093,1625.0540771484375,51.0,1.7497459650039673,4.0,1.0,0.6033005131439679,13.206807136535645,45.0,"{""type"":""Point"",""coordinates"":[108.8238814659975,18.647115891042414]}"
2139,0.0,27.0,22.0,18.169389724731445,24.0,19.66353684371208,110.75083175744567,2176.3623046875,46.0,1.9519416093826294,5.0,3.0,0.7525231414557306,12.68193531036377,37.0,"{""type"":""Point"",""coordinates"":[110.75078894070847,19.66152177729373]}"
2140,0.0,24.0,15.0,10.393757820129395,15.0,18.37894598742117,109.0709821761422,1710.1309814453125,51.0,1.1921205520629883,2.0,1.0,0.7222239932281239,13.634848594665527,40.0,"{""type"":""Point"",""coordinates"":[109.07311981721199,18.38105750149537]}"
2141,0.0,29.0,100.0,11.856088638305664,75.0,19.66353684371208,109.5920050409315,2205.7333984375,47.0,0.67948979139328,3.0,3.0,0.7136957945236181,14.146920204162598,33.0,"{""type"":""Point"",""coordinates"":[109.59293546500822,19.661677706342083]}"
2142,0.0,22.0,36.0,16.766313552856445,27.0,19.677011572973875,110.22082573981515,2417.25244140625,53.0,0.9196988940238953,2.0,3.0,0.7860559060427164,13.84417724609375,32.0,"{""type"":""Point"",""coordinates"":[110.22229809695274,19.67786368022008]}"
2143,0.0,23.0,77.0,12.271166801452637,67.0,19.281752847961286,108.96767591846844,2102.3544921875,56.0,0.8584142327308655,2.0,3.0,0.6896815935808246,13.926974296569824,39.0,"{""type"":""Point"",""coordinates"":[108.968502158974,19.28216460093409]}"
2145,0.0,24.0,67.0,8.955565452575684,62.0,18.48674382151551,109.66387026366107,2272.670654296875,51.0,0.19029276072978973,3.0,1.0,0.6828283241235862,15.439520835876465,45.0,"{""type"":""Point"",""coordinates"":[109.6636435855845,18.48752582178287]}"
2146,0.0,33.0,566.0,88.31995391845703,397.0,19.138022402502166,109.66836184008167,2456.3486328125,38.0,20.178810119628906,6.0,2.0,0.5785953351928295,10.381935119628906,40.0,"{""type"":""Point"",""coordinates"":[109.66764243892372,19.139073908051028]}"
2147,0.0,22.0,128.0,12.805819511413574,88.0,19.501840092570568,109.88395750827033,2484.549072265625,53.0,0.41955065727233887,4.0,3.0,0.693683098545869,14.61201286315918,38.0,"{""type"":""Point"",""coordinates"":[109.88417945934712,19.499998159669573]}"
2148,0.0,26.0,28.0,13.288249015808105,28.0,19.26827811869949,110.5711687006218,2266.578857421875,43.0,0.7286781072616577,5.0,2.0,0.7351601326225351,13.96369457244873,42.0,"{""type"":""Point"",""coordinates"":[110.56987463134483,19.26784052302973]}"
2149,0.0,27.0,327.0,63.891990661621094,164.0,19.12454767324037,109.76268494491421,2405.475830078125,44.0,9.756985664367676,4.0,2.0,0.6198879836274153,11.325023651123047,40.0,"{""type"":""Point"",""coordinates"":[109.7622750321648,19.123415805003305]}"
2150,0.0,29.0,81.0,41.909446716308594,81.0,18.697847913283596,110.21184258697394,2043.6812744140625,46.0,7.166032314300537,5.0,1.0,0.6236522238115338,11.797404289245605,45.0,"{""type"":""Point"",""coordinates"":[110.21188644548974,18.696796132700005]}"
2151,0.0,30.0,280.0,25.883731842041016,213.0,18.536151162142083,109.46174932473417,2137.67236328125,42.0,3.1781117916107178,5.0,1.0,0.6094670671746996,12.487875938415527,45.0,"{""type"":""Point"",""coordinates"":[109.4618586027435,18.53548351435695]}"
2152,0.0,23.0,37.0,14.913877487182617,28.0,19.6320958087679,110.34658987959187,2373.91259765625,54.0,0.8876270055770874,4.0,3.0,0.7752912084043767,13.64389419555664,34.0,"{""type"":""Point"",""coordinates"":[110.34741358591216,19.630308241445036]}"
2153,0.0,24.0,51.0,33.075191497802734,54.0,18.401403869524152,109.70878602786706,2085.138916015625,56.0,4.6856184005737305,3.0,1.0,0.6780026904787674,12.243053436279297,42.0,"{""type"":""Point"",""coordinates"":[109.71031888980548,18.403613066412913]}"
2154,0.0,26.0,76.0,7.322427272796631,71.0,18.93590146357527,108.79250443806512,1522.835693359375,48.0,0.9256570935249329,2.0,2.0,0.6237931313229477,13.852141380310059,45.0,"{""type"":""Point"",""coordinates"":[108.79029784081553,18.934384463947737]}"
2155,0.0,24.0,22.0,7.768348693847656,22.0,20.004896651677498,110.30167411538594,2025.2205810546875,48.0,0.3402756154537201,2.0,4.0,0.7450397200288777,13.984156608581543,38.0,"{""type"":""Point"",""coordinates"":[110.30199745993137,20.00411351130978]}"
2156,0.0,28.0,379.0,25.79252052307129,166.0,18.95835934567826,109.6414123815581,2230.192626953125,45.0,2.909255266189575,5.0,2.0,0.6186400885653149,12.506808280944824,43.0,"{""type"":""Point"",""coordinates"":[109.64163284853123,18.959032521352068]}"
2157,0.0,24.0,15.0,9.518537521362305,16.0,19.488365363308773,110.74184860460451,2164.388671875,51.0,0.42151471972465515,4.0,3.0,0.7616210753705599,14.24643611907959,38.0,"{""type"":""Point"",""coordinates"":[110.74372495077381,19.49047031443472]}"
2158,0.0,26.0,562.0,44.0115966796875,424.0,19.196412895969935,109.72226075712882,2412.357421875,49.0,6.316928386688232,5.0,2.0,0.6194591738225118,11.585224151611328,40.0,"{""type"":""Point"",""coordinates"":[109.72204522398181,19.19565190151705]}"
2159,0.0,24.0,81.0,9.664189338684082,43.0,19.694977878656267,109.65039553439925,2262.527099609375,52.0,0.2933369576931,4.0,3.0,0.7605557071245933,14.998414039611816,32.0,"{""type"":""Point"",""coordinates"":[109.64832891374643,19.69331513928645]}"
2160,0.0,28.0,1037.0,21.484039306640625,1004.0,18.720305795386587,108.90479384858008,1725.745361328125,47.0,8.635383605957031,7.0,1.0,0.5218510800453212,10.759613990783691,46.0,"{""type"":""Point"",""coordinates"":[108.90460129610008,18.7217219875251]}"
2161,0.0,24.0,12.0,7.8230390548706055,12.0,19.6320958087679,109.30005257359267,2083.043701171875,52.0,0.21573026478290558,2.0,3.0,0.7695217014442783,15.346174240112305,36.0,"{""type"":""Point"",""coordinates"":[109.30069024830699,19.63101727984509]}"
2162,0.0,30.0,264.0,31.561708450317383,267.0,18.194791354176665,109.5920050409315,1610.205078125,46.0,10.18286418914795,4.0,0.0,0.5808190371715684,11.324687004089355,40.0,"{""type"":""Point"",""coordinates"":[109.5942220960466,18.19523189372928]}"
2163,0.0,28.0,928.0,22.902040481567383,912.0,18.751746830330767,108.85538650795348,1748.3607177734375,47.0,7.987120628356934,7.0,1.0,0.5312610198420563,10.980645179748535,46.0,"{""type"":""Point"",""coordinates"":[108.85314210479488,18.751689222628436]}"
2164,0.0,26.0,714.0,47.90935134887695,558.0,18.74725525391017,109.37191779632224,2173.339599609375,51.0,11.905014991760254,6.0,1.0,0.5547324282094465,10.804365158081055,46.0,"{""type"":""Point"",""coordinates"":[109.37084852717311,18.748938504271692]}"
2165,0.0,28.0,77.0,14.025431632995605,67.0,19.40751698773802,110.43642140800387,2411.057373046875,39.0,0.6108308434486389,4.0,3.0,0.7104402837938202,14.247379302978516,39.0,"{""type"":""Point"",""coordinates"":[110.43589654013304,19.406345164041678]}"
2166,0.0,29.0,425.0,89.18011474609375,295.0,19.209887625231723,109.78514282701718,2572.776123046875,41.0,15.147942543029785,6.0,2.0,0.6156055535592554,10.799936294555664,38.0,"{""type"":""Point"",""coordinates"":[109.78617644132201,19.21179676564398]}"
2167,0.0,28.0,445.0,60.82723617553711,428.0,19.196412895969935,110.18489312845037,2533.036376953125,47.0,8.812756538391113,4.0,2.0,0.6190461820133054,11.342171669006348,41.0,"{""type"":""Point"",""coordinates"":[110.18474397636317,19.196719900059396]}"
2168,0.0,20.0,29.0,4.997607231140137,30.0,19.173955013866944,108.73411394459737,1460.210205078125,56.0,0.4029559791088104,2.0,2.0,0.687969175312589,14.711545944213867,41.0,"{""type"":""Point"",""coordinates"":[108.73307502121403,19.171820246497788]}"
2169,0.0,27.0,76.0,44.47743225097656,73.0,18.868527817266305,110.28819938612412,2323.929443359375,49.0,5.453123569488525,3.0,2.0,0.6434373857805585,12.075762748718262,47.0,"{""type"":""Point"",""coordinates"":[110.28975626476976,18.867363737064917]}"
2170,0.0,26.0,124.0,16.7187557220459,63.0,19.317685459326064,109.2775946914897,2385.889404296875,46.0,0.9750241637229919,4.0,3.0,0.7089321612161776,13.771116256713867,39.0,"{""type"":""Point"",""coordinates"":[109.27629872851129,19.319093655994635]}"
2171,0.0,25.0,90.0,12.683180809020996,48.0,19.394042258476226,110.18489312845037,2486.4404296875,47.0,0.4015127122402191,4.0,3.0,0.749550649308341,14.679088592529297,36.0,"{""type"":""Point"",""coordinates"":[110.18611635227937,19.395596246156064]}"
2172,0.0,22.0,58.0,7.508063793182373,54.0,19.093106638296184,108.81496232016809,1679.5831298828125,58.0,0.6989075541496277,3.0,2.0,0.6725060397647825,14.143847465515137,41.0,"{""type"":""Point"",""coordinates"":[108.8152479671888,19.09429711400925]}"
2173,0.0,25.0,90.0,12.704856872558594,49.0,19.41200856415862,110.24777519833873,2457.144775390625,45.0,0.41799038648605347,4.0,3.0,0.7376967630602925,14.63886833190918,38.0,"{""type"":""Point"",""coordinates"":[110.24809356242545,19.410827608145016]}"
2174,0.0,32.0,132.0,40.08427429199219,98.0,18.6888647604424,109.68632814576404,2379.972900390625,41.0,4.502955436706543,6.0,1.0,0.6167624214448336,12.234197616577148,48.0,"{""type"":""Point"",""coordinates"":[109.68721004202713,18.68777427276238]}"
2175,0.0,22.0,56.0,13.854668617248535,52.0,19.38505910563503,109.05301587045977,2068.065673828125,54.0,1.0893751382827759,3.0,3.0,0.7231243158436352,13.701115608215332,35.0,"{""type"":""Point"",""coordinates"":[109.05323342869902,19.387276388166484]}"
2176,0.0,26.0,65.0,12.497840881347656,65.0,19.4434495991028,110.58913500630416,2397.93994140625,43.0,0.503695011138916,3.0,3.0,0.708012334892079,14.18883991241455,40.0,"{""type"":""Point"",""coordinates"":[110.58879803020972,19.444639442793456]}"
2177,0.0,27.0,32.0,23.47792625427246,32.0,18.42835332804774,109.89294066111154,1926.960205078125,51.0,3.405487060546875,3.0,1.0,0.6991493933513779,12.574324607849121,42.0,"{""type"":""Point"",""coordinates"":[109.8948293726329,18.4301195046674]}"
2178,0.0,32.0,871.0,44.60321807861328,770.0,18.819120476639732,109.68183656934343,2239.0673828125,43.0,11.814099311828613,5.0,1.0,0.5448723326363266,10.648262023925781,47.0,"{""type"":""Point"",""coordinates"":[109.68167537296554,18.8178244369209]}"
2179,0.0,26.0,355.0,81.35023498535156,330.0,19.277261271540688,109.07996532898335,2288.5537109375,52.0,18.34310531616211,5.0,2.0,0.5866030116656236,10.648634910583496,40.0,"{""type"":""Point"",""coordinates"":[109.08180969416763,19.278951767430584]}"
2180,0.0,23.0,33.0,11.267889022827148,17.0,19.708452607918062,110.06362056509425,2454.400634765625,46.0,0.2510414123535156,3.0,3.0,0.8032589283074189,15.182440757751465,32.0,"{""type"":""Point"",""coordinates"":[110.06283848437364,19.70620995770373]}"
2181,0.0,24.0,24.0,9.60609245300293,24.0,19.6320958087679,109.36293464348103,2237.53662109375,51.0,0.2982463538646698,3.0,3.0,0.7651249934140782,15.015357971191406,36.0,"{""type"":""Point"",""coordinates"":[109.36321403080942,19.632935410449363]}"
2182,0.0,30.0,79.0,20.88304328918457,63.0,19.55573900961774,110.26124992760055,2438.87841796875,42.0,1.4095962047576904,2.0,3.0,0.7159454029861817,13.429680824279785,38.0,"{""type"":""Point"",""coordinates"":[110.26251786393247,19.555283225080498]}"
2183,0.0,24.0,112.0,12.587484359741211,78.0,19.41200856415862,109.2371705037043,2317.81494140625,57.0,0.656779944896698,4.0,3.0,0.7216190689693159,14.173625946044922,32.0,"{""type"":""Point"",""coordinates"":[109.23891072397298,19.409956992779627]}"
2184,0.0,28.0,41.0,9.60092830657959,40.0,19.82972517127419,110.33311515033012,2224.071533203125,44.0,0.3500835597515106,7.0,4.0,0.7527472066388772,14.571271896362305,35.0,"{""type"":""Point"",""coordinates"":[110.33273153930759,19.831257319919047]}"
2185,0.0,26.0,59.0,14.780402183532715,53.0,19.21887077807292,108.8733528136359,1859.462158203125,51.0,1.7928730249404907,3.0,2.0,0.6758973910308916,13.200923919677734,42.0,"{""type"":""Point"",""coordinates"":[108.87418896128264,19.218035880506715]}"
2186,0.0,21.0,22.0,6.154171943664551,23.0,19.919556699686147,110.83617170943705,1825.8330078125,57.0,0.37657061219215393,2.0,4.0,0.6785564936348971,13.407381057739258,50.0,"{""type"":""Point"",""coordinates"":[110.83520465539627,19.917595829166928]}"
2187,0.0,30.0,534.0,49.240901947021484,379.0,19.178446590287543,109.65488711081986,2473.31298828125,41.0,6.9150285720825195,4.0,2.0,0.6260151060009689,11.517208099365234,39.0,"{""type"":""Point"",""coordinates"":[109.65536110005576,19.178701936079644]}"
2188,0.0,25.0,210.0,26.384870529174805,99.0,19.025732991987226,109.91090696679396,2268.03173828125,49.0,2.624601125717163,3.0,2.0,0.6404976605348404,12.726018905639648,41.0,"{""type"":""Point"",""coordinates"":[109.90869745200489,19.024570557774425]}"
2189,0.0,20.0,12.0,4.086376190185547,12.0,18.864036240845707,108.6622487218678,1350.9761962890625,58.0,0.33958736062049866,2.0,2.0,0.6804124564564857,14.892464637756348,46.0,"{""type"":""Point"",""coordinates"":[108.66144294811993,18.862871210292028]}"
2190,0.0,22.0,144.0,13.469367980957031,96.0,19.488365363308773,109.5515808531461,2435.49169921875,54.0,0.5505911707878113,3.0,3.0,0.6884554470359178,14.330290794372559,36.0,"{""type"":""Point"",""coordinates"":[109.55237072420955,19.486462324833656]}"
2191,0.0,34.0,52.0,16.32010841369629,53.0,19.928539852527344,110.09955317645904,2344.78759765625,38.0,1.1943058967590332,3.0,4.0,0.7429791970763208,13.33549976348877,34.0,"{""type"":""Point"",""coordinates"":[110.0983957751929,19.92648766105873]}"
2192,0.0,24.0,3.0,6.613789081573486,6.0,18.783187865274954,110.43642140800387,1954.4813232421875,44.0,0.11471964418888092,3.0,1.0,0.7211779549042003,15.963826179504395,47.0,"{""type"":""Point"",""coordinates"":[110.43604498037008,18.78176777384261]}"
2193,0.0,27.0,23.0,10.275933265686035,24.0,19.847691476956584,109.27310311506909,1649.26708984375,45.0,1.3111129999160767,2.0,4.0,0.7343721716245208,13.535059928894043,34.0,"{""type"":""Point"",""coordinates"":[109.27201244462117,19.845974330663825]}"
2194,0.0,32.0,665.0,65.71733856201172,511.0,19.138022402502166,109.29106942075146,2362.28125,39.0,15.016297340393066,5.0,2.0,0.5837065936306024,10.609582901000977,40.0,"{""type"":""Point"",""coordinates"":[109.29226044207527,19.136795996186294]}"
2195,0.0,25.0,338.0,18.880077362060547,317.0,18.666406878339416,108.9811506477302,1814.3345947265625,52.0,3.160357713699341,4.0,1.0,0.5778982701426779,12.453289985656738,47.0,"{""type"":""Point"",""coordinates"":[108.9798292004273,18.667236756298898]}"
2196,0.0,28.0,14.0,12.522992134094238,14.0,19.91057354684495,109.82107543838197,2060.74951171875,40.0,0.9786794781684875,3.0,4.0,0.7725012034459918,13.58012580871582,34.0,"{""type"":""Point"",""coordinates"":[109.82272296866732,19.91032540018129]}"
2197,0.0,27.0,196.0,21.55109214782715,180.0,19.088615061875586,108.91826857784184,1913.0430908203125,47.0,3.1094729900360107,4.0,2.0,0.6278444586035532,12.565250396728516,39.0,"{""type"":""Point"",""coordinates"":[108.91660257725371,19.08861575254201]}"
2198,0.0,28.0,16.0,8.646018028259277,16.0,19.681503149394473,111.00685161341977,1781.5382080078125,41.0,1.4795185327529907,3.0,3.0,0.6903229521143595,12.05244255065918,48.0,"{""type"":""Point"",""coordinates"":[111.00483267137814,19.680460504679335]}"
2199,0.0,25.0,330.0,30.510303497314453,139.0,19.052682450510808,109.69531129860525,2360.84228515625,48.0,3.0888540744781494,4.0,2.0,0.6363858654744534,12.48186206817627,41.0,"{""type"":""Point"",""coordinates"":[109.6960624955389,19.053463751536874]}"
2200,0.0,26.0,178.0,73.69026184082031,154.0,19.15598870818455,110.12650263498261,2488.633056640625,50.0,10.543817520141602,4.0,2.0,0.6212095890063356,11.345269203186035,42.0,"{""type"":""Point"",""coordinates"":[110.12710144772029,19.154907784029078]}"
2201,0.0,21.0,55.0,11.28243637084961,55.0,19.820742018433002,110.05463741225304,2373.684326171875,53.0,0.3764720857143402,2.0,4.0,0.7447536196839539,14.487778663635254,34.0,"{""type"":""Point"",""coordinates"":[110.05426816020453,19.821825953593155]}"
2202,0.0,27.0,25.0,7.8597211837768555,27.0,18.751746830330767,110.30616569180654,2048.75732421875,53.0,0.3113349676132202,2.0,1.0,0.6919141334946325,14.971829414367676,49.0,"{""type"":""Point"",""coordinates"":[110.30574480929481,18.75393037039267]}"
2203,0.0,25.0,142.0,14.399894714355469,96.0,19.528789551094157,109.58751346451089,2417.142822265625,52.0,0.7144662141799927,2.0,3.0,0.6905385456109311,14.070969581604004,35.0,"{""type"":""Point"",""coordinates"":[109.58805545331252,19.527843809438377]}"
2204,0.0,24.0,5.0,10.600251197814941,8.0,18.3205554939534,109.68632814576404,1958.8673095703125,51.0,0.7673488259315491,4.0,0.0,0.7351242238916111,14.081221580505371,43.0,"{""type"":""Point"",""coordinates"":[109.68657807234602,18.321050055854077]}"
2205,0.0,28.0,9.0,10.85315990447998,9.0,19.304210730064277,110.62057604124834,2182.517822265625,46.0,0.5931429862976074,6.0,3.0,0.7672049846761877,14.068283081054688,39.0,"{""type"":""Point"",""coordinates"":[110.62105264064888,19.305717382964747]}"
2206,0.0,27.0,48.0,9.262107849121094,46.0,19.74887679570344,110.44540456084502,2398.802734375,41.0,0.11471964418888092,6.0,4.0,0.7696833499738959,15.681568145751953,32.0,"{""type"":""Point"",""coordinates"":[110.44642832525518,19.746640227901796]}"
2207,0.0,22.0,115.0,26.09243392944336,63.0,19.447941175523397,110.01421322446765,2578.53076171875,53.0,1.6866017580032349,3.0,3.0,0.721242833520126,13.22842788696289,38.0,"{""type"":""Point"",""coordinates"":[110.01240388641698,19.448358094133127]}"
2208,0.0,27.0,98.0,27.72205352783203,89.0,18.495726974356707,109.26861153864849,1948.5382080078125,50.0,4.336452960968018,4.0,1.0,0.6172395511242352,12.292795181274414,45.0,"{""type"":""Point"",""coordinates"":[109.27025390777708,18.494469347759647]}"
2209,0.0,29.0,307.0,36.90187454223633,279.0,18.536151162142083,109.30903572643388,2005.75732421875,45.0,6.931042671203613,4.0,1.0,0.5783128900546248,11.685771942138672,47.0,"{""type"":""Point"",""coordinates"":[109.31009346647267,18.53822911412064]}"
2210,0.0,31.0,260.0,21.507566452026367,122.0,19.196412895969935,109.3898841020046,2449.81689453125,39.0,1.534285306930542,4.0,2.0,0.6742603906827287,13.23038101196289,36.0,"{""type"":""Point"",""coordinates"":[109.38870487968832,19.195192191977423]}"
2211,0.0,29.0,318.0,48.36395263671875,264.0,18.949376192837065,108.94970961278602,1859.2220458984375,45.0,13.620694160461426,6.0,2.0,0.5643385179701492,10.988354682922363,44.0,"{""type"":""Point"",""coordinates"":[108.95052793327321,18.949015730772686]}"
2212,0.0,26.0,19.0,22.85908317565918,21.0,19.04819087409021,110.5262529364158,2145.39697265625,41.0,2.198904037475586,5.0,2.0,0.7435893838070873,13.00074577331543,39.0,"{""type"":""Point"",""coordinates"":[110.5252898656142,19.0465473457534]}"
2213,0.0,23.0,49.0,9.851808547973633,49.0,18.720305795386587,110.1579436699268,2159.656494140625,52.0,0.4015127122402191,4.0,1.0,0.6914277437804462,14.703458786010742,45.0,"{""type"":""Point"",""coordinates"":[110.15937407565856,18.719534565123357]}"
2214,0.0,25.0,339.0,80.28926086425781,305.0,18.71132264254539,109.72675233354943,2429.87939453125,50.0,14.237517356872559,3.0,1.0,0.5696504568774627,10.927517890930176,48.0,"{""type"":""Point"",""coordinates"":[109.72685629103611,18.710809343579747]}"
2215,0.0,24.0,175.0,42.55113983154297,120.0,19.40751698773802,109.99175534236468,2554.376953125,49.0,3.8791663646698,5.0,3.0,0.6673472941762445,12.356942176818848,38.0,"{""type"":""Point"",""coordinates"":[109.98995495315137,19.409282442491662]}"
2216,0.0,35.0,283.0,71.57984924316406,283.0,18.608016384871647,110.08158687077662,2197.380859375,39.0,16.342567443847656,6.0,1.0,0.5710488097059833,10.82172966003418,45.0,"{""type"":""Point"",""coordinates"":[110.08153803898374,18.60687561145231]}"
2217,0.0,28.0,29.0,11.724503517150879,32.0,18.84606993516332,110.32862357390951,2117.527099609375,42.0,0.6999265551567078,4.0,2.0,0.7033532007429996,14.159364700317383,46.0,"{""type"":""Point"",""coordinates"":[110.32939700657766,18.84785020040018]}"
2218,0.0,25.0,19.0,8.423201560974121,18.0,18.419370175206545,108.98564222415081,1724.735595703125,52.0,0.7949393391609192,3.0,1.0,0.7217045991270413,14.037846565246582,40.0,"{""type"":""Point"",""coordinates"":[108.9872833030229,18.41841407587428]}"
2219,0.0,30.0,273.0,28.43909454345703,149.0,18.82361205306033,109.0709821761422,1962.9852294921875,42.0,4.690134048461914,6.0,2.0,0.6088888311610052,12.102234840393066,42.0,"{""type"":""Point"",""coordinates"":[109.06957237122039,18.821521350055225]}"
2220,0.0,27.0,221.0,39.59806823730469,168.0,19.120056096819773,109.99175534236468,2461.674072265625,45.0,3.989530086517334,4.0,2.0,0.6273172678199048,12.29919719696045,45.0,"{""type"":""Point"",""coordinates"":[109.9907844294113,19.118828330062865]}"
2221,0.0,29.0,4.0,9.937346458435059,6.0,19.600654773823713,110.84964643869881,2029.8648681640625,37.0,0.7613815069198608,5.0,3.0,0.7560268608317929,13.309234619140625,40.0,"{""type"":""Point"",""coordinates"":[110.85049360020844,19.599931293195382]}"
2222,0.0,28.0,555.0,61.82613754272461,426.0,18.85056151158392,109.1832715866571,2006.328125,42.0,19.05199432373047,8.0,2.0,0.5394243410482819,10.453375816345215,45.0,"{""type"":""Point"",""coordinates"":[109.182948064213,18.850942878008386]}"
2223,0.0,31.0,585.0,71.73609161376953,431.0,19.133530826081568,109.28657784433085,2362.28125,40.0,15.992398262023926,6.0,2.0,0.5856379808112231,10.6144380569458,40.0,"{""type"":""Point"",""coordinates"":[109.28780089036732,19.133577753521852]}"
2224,0.0,30.0,1118.0,28.85423469543457,993.0,18.899968852210492,109.16530528097474,2006.328125,42.0,10.354337692260742,12.0,2.0,0.5364370000751056,10.454485893249512,45.0,"{""type"":""Point"",""coordinates"":[109.16542143903429,18.900228706244107]}"
2225,0.0,26.0,153.0,9.74846363067627,24.0,18.74725525391017,109.16530528097474,1956.654541015625,49.0,0.6770355105400085,2.0,1.0,0.7070048577398431,14.11793041229248,43.0,"{""type"":""Point"",""coordinates"":[109.16596666020146,18.74670957566766]}"
2226,0.0,30.0,69.0,9.673120498657227,62.0,19.6365873851885,110.58015185346295,2339.02685546875,41.0,0.2692655920982361,3.0,3.0,0.7486686964842867,14.645724296569824,31.0,"{""type"":""Point"",""coordinates"":[110.58146786294166,19.63630103075685]}"
2227,0.0,26.0,353.0,70.6991958618164,236.0,19.26827811869949,109.39886725484581,2539.175537109375,51.0,10.569265365600586,4.0,2.0,0.6319066572779376,11.22494125366211,38.0,"{""type"":""Point"",""coordinates"":[109.39792030370378,19.26767896052474]}"
2228,0.0,24.0,38.0,5.561669826507568,39.0,19.89260724116256,110.8855790500636,1758.84033203125,51.0,0.30499523878097534,2.0,4.0,0.6604085532318256,13.580894470214844,49.0,"{""type"":""Point"",""coordinates"":[110.88750825812913,19.89213508973064]}"
2229,0.0,22.0,11.0,7.74014139175415,14.0,18.91344358147228,110.44989613726563,2133.727294921875,51.0,0.12975747883319855,3.0,2.0,0.744794600598557,15.835976600646973,42.0,"{""type"":""Point"",""coordinates"":[110.45007573541427,18.915187089017465]}"
2230,0.0,21.0,56.0,19.64586639404297,45.0,19.66802842013268,110.19836785771219,2435.576416015625,53.0,1.198599100112915,4.0,3.0,0.7616609440228005,13.567073822021484,33.0,"{""type"":""Point"",""coordinates"":[110.19627246893327,19.669525312883458]}"
2231,0.0,24.0,66.0,17.356609344482422,50.0,19.600654773823713,110.45887929010684,2363.2412109375,49.0,1.2059177160263062,6.0,3.0,0.7441062108038282,13.314908981323242,35.0,"{""type"":""Point"",""coordinates"":[110.45769302356638,19.60163476488834]}"
2232,0.0,30.0,86.0,14.057510375976562,79.0,19.618621079506106,110.59362658272477,2339.02685546875,40.0,0.8994038105010986,2.0,3.0,0.7165705894484221,13.423720359802246,33.0,"{""type"":""Point"",""coordinates"":[110.59371609799038,19.620858236041226]}"
2233,0.0,25.0,52.0,27.289884567260742,55.0,18.40589544594475,109.69081972218464,2117.45654296875,51.0,3.213688373565674,4.0,1.0,0.6844855240970686,12.620726585388184,42.0,"{""type"":""Point"",""coordinates"":[109.6921324571033,18.405439241350347]}"
2234,0.0,26.0,172.0,28.002351760864258,87.0,19.097598214716783,109.91989011963511,2314.9736328125,49.0,2.7342991828918457,4.0,2.0,0.6458514251746794,12.709357261657715,44.0,"{""type"":""Point"",""coordinates"":[109.91838232783138,19.09749807630805]}"
2235,0.0,38.0,563.0,57.61982727050781,527.0,18.495726974356707,109.54259770030495,2118.890869140625,32.0,15.656241416931152,6.0,1.0,0.5537166524147262,10.655478477478027,45.0,"{""type"":""Point"",""coordinates"":[109.54238550825556,18.497458500163805]}"
2236,0.0,30.0,330.0,34.44525909423828,163.0,18.8775109701075,109.81658386196136,2328.828369140625,38.0,3.9089906215667725,6.0,2.0,0.6107694934915091,12.24579906463623,46.0,"{""type"":""Point"",""coordinates"":[109.81797986791383,18.876225951096558]}"
2237,0.0,29.0,87.0,14.632061958312988,87.0,19.479382210467584,110.59362658272477,2377.290283203125,41.0,0.842968225479126,4.0,3.0,0.6892528454072298,13.65645694732666,38.0,"{""type"":""Point"",""coordinates"":[110.59444501232016,19.47782623568264]}"
2238,0.0,27.0,23.0,13.224244117736816,24.0,19.99142192241571,110.28819938612412,2258.742431640625,45.0,1.1172510385513306,2.0,4.0,0.7584842697104327,12.793747901916504,37.0,"{""type"":""Point"",""coordinates"":[110.28729446675085,19.993016781660263]}"
2240,0.0,26.0,596.0,57.19548034667969,500.0,19.115564520399175,109.1832715866571,2434.729248046875,51.0,10.174140930175781,6.0,2.0,0.6070283824079756,11.073095321655273,40.0,"{""type"":""Point"",""coordinates"":[109.18332428625689,19.117117898309633]}"
2241,0.0,28.0,892.0,65.72733306884766,838.0,19.039207721249014,109.10242321108637,2366.662109375,48.0,19.96380043029785,8.0,2.0,0.5599686218703277,10.072168350219727,40.0,"{""type"":""Point"",""coordinates"":[109.10185516623896,19.03744490120782]}"
2242,0.0,24.0,96.0,20.94347381591797,58.0,19.15598870818455,110.05014583583244,2447.77880859375,46.0,1.307620882987976,4.0,2.0,0.704943058444893,13.494589805603027,42.0,"{""type"":""Point"",""coordinates"":[110.04845205124744,19.154413341975854]}"
2243,0.0,28.0,22.0,15.865211486816406,20.0,19.735402066441644,110.38252249095666,2367.65625,39.0,0.9607059359550476,4.0,3.0,0.7976613172940946,13.576191902160645,31.0,"{""type"":""Point"",""coordinates"":[110.38381283557179,19.737082687096603]}"
2244,0.0,23.0,36.0,7.714615345001221,37.0,19.322177035746662,108.7116560624944,1495.552490234375,56.0,1.117946982383728,4.0,3.0,0.6854976560421454,13.686942100524902,40.0,"{""type"":""Point"",""coordinates"":[108.71229972073043,19.320433912909984]}"
2245,0.0,28.0,8.0,7.707272052764893,10.0,19.641078961609097,110.97091900205498,1762.325439453125,42.0,1.1165926456451416,4.0,3.0,0.7159207158283692,12.354085922241211,44.0,"{""type"":""Point"",""coordinates"":[110.97065819312705,19.640518215914508]}"
2246,0.0,27.0,241.0,36.47768020629883,241.0,18.365471258159374,109.25513680938667,1818.52880859375,53.0,9.165966033935547,4.0,1.0,0.5965166953897855,11.447259902954102,40.0,"{""type"":""Point"",""coordinates"":[109.25470204036735,18.36332824654341]}"
2247,0.0,26.0,113.0,35.31724548339844,111.0,18.35199652889758,109.29106942075146,1818.52880859375,54.0,7.986300468444824,4.0,0.0,0.6075885591076626,11.66841983795166,40.0,"{""type"":""Point"",""coordinates"":[109.29023311602089,18.351382701006226]}"
2248,0.0,24.0,35.0,9.092818260192871,35.0,19.600654773823713,109.09793163466577,1766.3026123046875,51.0,0.82407146692276,4.0,3.0,0.7182472615320824,13.992574691772461,37.0,"{""type"":""Point"",""coordinates"":[109.09894875165693,19.60095970141431]}"
2249,0.0,27.0,596.0,25.9794979095459,509.0,18.65293214907762,109.41683356052818,2054.364013671875,47.0,4.268518447875977,8.0,1.0,0.5798825369467933,11.950413703918457,46.0,"{""type"":""Point"",""coordinates"":[109.41825635688157,18.651854318354374]}"
2250,0.0,24.0,187.0,48.887001037597656,128.0,19.10208979113738,109.9513311545793,2461.674072265625,52.0,5.544411659240723,4.0,2.0,0.627957056390859,11.990534782409668,44.0,"{""type"":""Point"",""coordinates"":[109.95175711427058,19.10432106857302]}"
2251,0.0,26.0,859.0,56.758880615234375,772.0,18.82810362948093,109.76268494491421,2353.478759765625,46.0,14.030184745788574,5.0,2.0,0.5578357706796125,10.483915328979492,44.0,"{""type"":""Point"",""coordinates"":[109.76054716371331,18.82856302724665]}"
2252,0.0,29.0,432.0,72.59233856201172,317.0,19.232345507334713,109.35395149063982,2624.8427734375,50.0,11.232515335083008,5.0,2.0,0.6339115412899171,11.104458808898926,37.0,"{""type"":""Point"",""coordinates"":[109.35579946281467,19.232107761335975]}"
2253,0.0,27.0,299.0,62.92874526977539,273.0,19.030224568407817,110.13997736424443,2519.60888671875,48.0,8.475191116333008,4.0,2.0,0.6053739419707765,11.487723350524902,46.0,"{""type"":""Point"",""coordinates"":[110.14001782781561,19.031058529940495]}"
2254,0.0,25.0,3.0,6.607480049133301,6.0,18.908952005051688,110.49930347789223,2017.482666015625,42.0,0.0606318935751915,3.0,2.0,0.7429796567938264,16.601497650146484,43.0,"{""type"":""Point"",""coordinates"":[110.50031774555397,18.909758739966893]}"
2255,0.0,23.0,161.0,15.661175727844238,147.0,19.488365363308773,109.30454415001327,2291.190673828125,53.0,1.0116699934005737,4.0,3.0,0.6776138042317479,13.711223602294922,35.0,"{""type"":""Point"",""coordinates"":[109.30373546611554,19.4889491928038]}"
2256,0.0,32.0,737.0,36.326499938964844,731.0,18.437336480888938,109.50666508894017,2060.3134765625,39.0,8.708703994750977,5.0,1.0,0.5693944445914135,11.10138988494873,43.0,"{""type"":""Point"",""coordinates"":[109.50829158301146,18.43783209733544]}"
2257,0.0,26.0,162.0,15.906977653503418,138.0,18.8820025465281,110.1624352463474,2240.729736328125,52.0,1.197121024131775,4.0,2.0,0.6294802276620312,13.542236328125,45.0,"{""type"":""Point"",""coordinates"":[110.1637711517195,18.881103777597726]}"
2258,0.0,32.0,0.0,6.022673606872559,1.0,19.93752300536854,110.59362658272477,2050.36474609375,39.0,0.0,8.0,4.0,0.7873261233484365,15.736835479736328,44.0,"{""type"":""Point"",""coordinates"":[110.59498282387315,19.938494966286786]}"
2259,0.0,23.0,41.0,9.270111083984375,41.0,19.703961031497464,109.34945991421921,1902.32470703125,52.0,0.6314765810966492,2.0,3.0,0.7318946422016489,14.25529956817627,34.0,"{""type"":""Point"",""coordinates"":[109.34900678144707,19.701978515410442]}"
2260,0.0,29.0,27.0,5.303959369659424,27.0,19.91057354684495,109.69980287502585,1664.8851318359375,40.0,0.2109460085630417,2.0,4.0,0.7400217913840914,15.359943389892578,33.0,"{""type"":""Point"",""coordinates"":[109.69825747066285,19.90878383163407]}"
2261,0.0,28.0,23.0,8.092581748962402,24.0,19.88811566474196,110.51277820715399,2113.147705078125,40.0,0.28679710626602173,6.0,4.0,0.7423174447550919,14.153717041015625,40.0,"{""type"":""Point"",""coordinates"":[110.51458999407116,19.88794018832713]}"
2262,0.0,24.0,56.0,7.73393440246582,54.0,19.173955013866944,108.80597916732694,1665.15966796875,55.0,0.7787653803825378,2.0,2.0,0.6707510409100332,14.036823272705078,41.0,"{""type"":""Point"",""coordinates"":[108.80521967170361,19.172919600998537]}"
2263,0.0,23.0,50.0,9.796422958374023,43.0,19.376075952793833,109.0709821761422,2068.065673828125,56.0,0.5378100275993347,4.0,3.0,0.7320547038160958,14.410592079162598,36.0,"{""type"":""Point"",""coordinates"":[109.07206675159411,19.37828971950869]}"
2264,0.0,32.0,205.0,58.123199462890625,150.0,19.416500140579217,109.91539854321451,2506.492919921875,38.0,7.092029094696045,5.0,3.0,0.6511461876782711,11.730788230895996,38.0,"{""type"":""Point"",""coordinates"":[109.91655655693907,19.416385972220166]}"
2265,0.0,34.0,61.0,15.893695831298828,47.0,19.757859948544635,109.83005859122318,2260.687744140625,41.0,1.1726523637771606,4.0,4.0,0.7403434787001515,13.624479293823242,35.0,"{""type"":""Point"",""coordinates"":[109.83181929637983,19.759381077747168]}"
2266,0.0,29.0,199.0,32.13364028930664,179.0,18.473269092253716,109.40335883126642,2027.291015625,49.0,5.297922611236572,4.0,1.0,0.5958452454650065,12.028585433959961,46.0,"{""type"":""Point"",""coordinates"":[109.40127194100906,18.47468501593871]}"
2267,0.0,30.0,8.0,10.586898803710938,9.0,19.977947193153916,110.48582874863041,2053.503662109375,41.0,1.02068030834198,3.0,4.0,0.7560841698957312,12.844949722290039,39.0,"{""type"":""Point"",""coordinates"":[110.48678958445907,19.977472115718648]}"
2268,0.0,31.0,107.0,15.433526039123535,105.0,19.51980639825296,109.21022104518073,2163.45751953125,45.0,1.2788063287734985,3.0,3.0,0.6761570695488398,13.510214805603027,34.0,"{""type"":""Point"",""coordinates"":[109.20962693379407,19.519458861631257]}"
2269,0.0,33.0,461.0,27.323205947875977,416.0,18.949376192837065,108.90928542500069,1859.2220458984375,42.0,6.0891642570495605,7.0,2.0,0.579524190908318,11.703699111938477,44.0,"{""type"":""Point"",""coordinates"":[108.91127250195052,18.949177103071687]}"
2270,0.0,23.0,140.0,12.003693580627441,107.0,19.591671620982524,109.86149962616736,2515.640869140625,53.0,0.3253185749053955,4.0,3.0,0.6952725184542567,14.858983039855957,35.0,"{""type"":""Point"",""coordinates"":[109.8594283390955,19.590246090054]}"
2271,0.0,23.0,136.0,23.61423110961914,84.0,19.456924328364593,109.86599120258796,2563.62548828125,55.0,1.5248104333877563,3.0,3.0,0.7010877617147739,13.316414833068848,37.0,"{""type"":""Point"",""coordinates"":[109.86568834347398,19.45552696362848]}"
2272,0.0,28.0,278.0,28.355289459228516,100.0,19.169463437446346,109.57403873524913,2326.302490234375,41.0,2.7719273567199707,4.0,2.0,0.6520584212001449,12.62622356414795,38.0,"{""type"":""Point"",""coordinates"":[109.57354928007395,19.169073782495676]}"
2273,0.0,26.0,161.0,25.463665008544922,145.0,18.531659585721485,109.27310311506909,1976.6585693359375,54.0,3.866419792175293,4.0,1.0,0.6000822562593338,12.369081497192383,46.0,"{""type"":""Point"",""coordinates"":[109.27238131282607,18.531369836516745]}"
2274,0.0,25.0,59.0,7.311607837677002,59.0,19.33116018858786,108.85089493153288,1831.2161865234375,51.0,0.41788068413734436,3.0,3.0,0.6858752548059882,14.657610893249512,39.0,"{""type"":""Point"",""coordinates"":[108.84983405687277,19.331381493870246]}"
2275,0.0,25.0,45.0,21.560731887817383,43.0,18.99429195704304,110.3735393381155,2256.33837890625,48.0,1.7960638999938965,3.0,2.0,0.7197455098287949,13.207379341125488,40.0,"{""type"":""Point"",""coordinates"":[110.37277075694824,18.992056062233775]}"
2276,0.0,29.0,1218.0,66.24592590332031,988.0,18.895477275789894,109.71776918070822,2405.75634765625,41.0,32.9857292175293,11.0,2.0,0.4944346772828315,9.015220642089844,44.0,"{""type"":""Point"",""coordinates"":[109.71779367344439,18.89382299990851]}"
2277,0.0,36.0,622.0,49.88215255737305,403.0,19.079631909034397,109.34047676137806,2307.342041015625,36.0,9.99661922454834,5.0,2.0,0.598882813930874,11.068318367004395,40.0,"{""type"":""Point"",""coordinates"":[109.34081150461111,19.078646031946693]}"
2278,0.0,37.0,160.0,12.849194526672363,160.0,19.76684310138583,109.56505558240792,1991.26611328125,38.0,1.2664716243743896,4.0,4.0,0.6636018587940442,13.487160682678223,34.0,"{""type"":""Point"",""coordinates"":[109.5645621438894,19.76633574840893]}"
2279,0.0,19.0,72.0,13.470452308654785,59.0,19.6365873851885,110.17590997560922,2372.288818359375,55.0,0.5653412938117981,2.0,3.0,0.7426655317546614,14.347654342651367,33.0,"{""type"":""Point"",""coordinates"":[110.17394926821612,19.635574177332252]}"
2280,0.0,31.0,323.0,56.799537658691406,118.0,19.120056096819773,109.35395149063982,2388.43994140625,38.0,8.308382034301758,4.0,2.0,0.6242361980853841,11.491233825683594,40.0,"{""type"":""Point"",""coordinates"":[109.35467690330296,19.120312108061203]}"
2281,0.0,25.0,242.0,25.257917404174805,240.0,18.774204712433757,108.77902970880336,1652.8431396484375,55.0,6.515331268310547,4.0,1.0,0.5730432991066571,11.792195320129395,45.0,"{""type"":""Point"",""coordinates"":[108.77933548187339,18.77197591889783]}"
2282,0.0,27.0,426.0,54.16868209838867,309.0,19.277261271540688,109.41683356052818,2521.103271484375,49.0,7.269840240478516,4.0,2.0,0.6336606435037268,11.551612854003906,39.0,"{""type"":""Point"",""coordinates"":[109.41665766683172,19.278674947459873]}"
2283,0.0,39.0,108.0,12.138548851013184,107.0,19.80277571275061,109.78963440343779,2047.6168212890625,37.0,1.0547288656234741,8.0,4.0,0.6694894350741386,13.702302932739258,35.0,"{""type"":""Point"",""coordinates"":[109.78825648785946,19.801360069875162]}"
2284,0.0,22.0,76.0,7.982594966888428,61.0,19.71294418433866,109.62344607587568,2173.063720703125,52.0,0.13468605279922485,2.0,3.0,0.730181422033933,15.779784202575684,33.0,"{""type"":""Point"",""coordinates"":[109.622559889092,19.714059813048625]}"
2285,0.0,25.0,16.0,14.090088844299316,15.0,19.227853930914115,110.42743825516266,2507.417236328125,44.0,0.49933329224586487,4.0,2.0,0.7781925650810836,14.485414505004883,39.0,"{""type"":""Point"",""coordinates"":[110.42898152365242,19.22876058117517]}"
2286,0.0,28.0,15.0,13.46982479095459,17.0,19.043699297669612,110.46337086652744,2135.88671875,42.0,0.9176799058914185,4.0,2.0,0.7566474142103853,13.87736701965332,38.0,"{""type"":""Point"",""coordinates"":[110.46318288528393,19.045870999142977]}"
2287,0.0,23.0,92.0,9.315486907958984,80.0,19.147005555343355,108.92276015426245,1907.9285888671875,55.0,0.6714838743209839,4.0,2.0,0.6604650290558324,14.163604736328125,40.0,"{""type"":""Point"",""coordinates"":[108.92123493168324,19.147932691403874]}"
2288,0.0,27.0,277.0,19.237024307250977,172.0,18.814628900219134,109.9558227309999,2263.56494140625,50.0,1.6880306005477905,4.0,1.0,0.6218389101768803,13.123373031616211,45.0,"{""type"":""Point"",""coordinates"":[109.95652723989767,18.81407414113123]}"
2289,0.0,28.0,379.0,89.08367919921875,336.0,18.71132264254539,109.65039553439925,2442.33740234375,47.0,17.659440994262695,5.0,1.0,0.5590283091156967,10.671908378601074,48.0,"{""type"":""Point"",""coordinates"":[109.64847916937919,18.712657448182064]}"
2290,0.0,25.0,199.0,25.14651870727539,102.0,19.46590748120579,109.70429445144646,2574.9228515625,52.0,1.7240556478500366,4.0,3.0,0.6889156210178781,13.15377426147461,35.0,"{""type"":""Point"",""coordinates"":[109.70499412755385,19.467158797753093]}"
2291,0.0,28.0,334.0,61.242618560791016,333.0,18.45979436299192,109.65039553439925,2272.670654296875,48.0,11.457443237304688,4.0,1.0,0.5943147794068877,11.155719757080078,43.0,"{""type"":""Point"",""coordinates"":[109.65050424208074,18.458158995552687]}"
2292,0.0,28.0,99.0,25.73524284362793,69.0,19.483873786888182,110.42294667874205,2422.32958984375,38.0,1.970645785331726,4.0,3.0,0.7060405417690473,13.042916297912598,38.0,"{""type"":""Point"",""coordinates"":[110.42377707732113,19.486116717162375]}"
2293,0.0,32.0,37.0,14.191805839538574,38.0,19.933031428947942,110.10404475287964,2262.23486328125,39.0,0.9828643798828125,3.0,4.0,0.7564709738556881,13.541956901550293,34.0,"{""type"":""Point"",""coordinates"":[110.10386343978283,19.93388989574078]}"
2294,0.0,26.0,175.0,19.78065299987793,129.0,19.488365363308773,109.52463139462253,2466.86962890625,51.0,1.2945727109909058,5.0,3.0,0.6822763158287987,13.455740928649902,36.0,"{""type"":""Point"",""coordinates"":[109.52368958502085,19.48812940586487]}"
2295,0.0,24.0,74.0,7.077544212341309,74.0,19.501840092570568,109.12038951676874,1984.3712158203125,56.0,0.23737041652202606,4.0,3.0,0.7011973605432059,15.2142972946167,34.0,"{""type"":""Point"",""coordinates"":[109.12062296476479,19.503942104438153]}"
2296,0.0,29.0,274.0,17.28289794921875,118.0,18.85056151158392,109.3943756784252,2157.0654296875,47.0,1.634203314781189,4.0,2.0,0.616017217350729,13.157830238342285,45.0,"{""type"":""Point"",""coordinates"":[109.39414924125387,18.851433336464787]}"
2297,0.0,31.0,88.0,25.714595794677734,59.0,18.666406878339416,109.70429445144646,2412.17822265625,42.0,2.1070492267608643,5.0,1.0,0.6731681235759397,13.022051811218262,48.0,"{""type"":""Point"",""coordinates"":[109.70579686144006,18.66708342740722]}"
2298,0.0,30.0,153.0,17.985877990722656,128.0,19.488365363308773,110.46786244294805,2380.862060546875,45.0,1.4286184310913086,5.0,3.0,0.6606153202388393,13.0747652053833,40.0,"{""type"":""Point"",""coordinates"":[110.46934962403384,19.489846479562413]}"
2299,0.0,27.0,48.0,27.05695343017578,39.0,18.495726974356707,109.28208626791024,1948.5382080078125,50.0,4.089776992797852,12.0,1.0,0.6781198840322858,12.381355285644531,46.0,"{""type"":""Point"",""coordinates"":[109.28184947639876,18.494817986290183]}"
2300,0.0,26.0,145.0,32.75693893432617,148.0,18.392420716682963,109.68183656934343,2014.9620361328125,50.0,5.13988733291626,3.0,1.0,0.6157062687051393,12.093217849731445,42.0,"{""type"":""Point"",""coordinates"":[109.68298650039142,18.391187574276593]}"
2301,0.0,25.0,254.0,11.187825202941895,252.0,18.48674382151551,109.12937266960995,1773.9639892578125,57.0,1.4588758945465088,3.0,1.0,0.5946501707561713,13.284815788269043,45.0,"{""type"":""Point"",""coordinates"":[109.1289724628435,18.48513581384287]}"
2302,0.0,22.0,40.0,6.907957553863525,40.0,19.78031783064762,110.89456220290481,1793.6622314453125,55.0,0.7514033317565918,2.0,4.0,0.6688109562958933,12.6744384765625,47.0,"{""type"":""Point"",""coordinates"":[110.89357544166602,19.778715120478992]}"
2303,0.0,31.0,12.0,5.952315330505371,14.0,19.659045267291482,110.98439373131674,1719.0740966796875,39.0,0.5476085543632507,4.0,3.0,0.7059099620119786,13.057769775390625,45.0,"{""type"":""Point"",""coordinates"":[110.98257835661298,19.66015030050644]}"
2304,0.0,25.0,26.0,8.412028312683105,26.0,19.286244424381884,108.81496232016809,1699.705322265625,52.0,0.838962972164154,2.0,3.0,0.7099915708883946,13.979890823364258,40.0,"{""type"":""Point"",""coordinates"":[108.81605016392095,19.28773947904947]}"
2305,0.0,22.0,89.0,15.877249717712402,64.0,19.51980639825296,110.14446894066504,2448.066650390625,53.0,0.779127299785614,4.0,3.0,0.7322681189563325,14.016709327697754,35.0,"{""type"":""Point"",""coordinates"":[110.14528319401238,19.520466826398067]}"
2306,0.0,25.0,33.0,7.618508815765381,33.0,19.079631909034397,108.71614763891495,1422.1533203125,50.0,1.2455264329910278,2.0,2.0,0.670488002069266,13.580594062805176,43.0,"{""type"":""Point"",""coordinates"":[108.71644614176985,19.08029733542142]}"
2307,0.0,27.0,295.0,65.96186828613281,198.0,19.263786542278893,109.798617556279,2421.7236328125,50.0,10.492668151855469,4.0,2.0,0.6294786493542344,11.273002624511719,38.0,"{""type"":""Point"",""coordinates"":[109.79843183941091,19.263302144832675]}"
2308,0.0,32.0,681.0,34.11178207397461,542.0,18.855053088004517,109.24615365654546,1985.92822265625,39.0,8.274373054504395,6.0,2.0,0.5661204288372114,11.207011222839355,44.0,"{""type"":""Point"",""coordinates"":[109.24642344822583,18.85415249217812]}"
2309,0.0,23.0,56.0,11.485333442687988,56.0,19.83421674769479,110.05912898867365,2373.684326171875,52.0,0.42683228850364685,4.0,4.0,0.744892827185604,14.361449241638184,34.0,"{""type"":""Point"",""coordinates"":[110.05745672071984,19.83432043904992]}"
2310,0.0,29.0,627.0,37.63432312011719,430.0,18.864036240845707,109.57403873524913,2170.943115234375,47.0,7.304889678955078,5.0,2.0,0.577300243368318,11.382367134094238,45.0,"{""type"":""Point"",""coordinates"":[109.57463584842101,18.86334263479899]}"
2311,0.0,25.0,29.0,7.693737030029297,29.0,19.88362408832137,110.94846111995196,1650.4893798828125,50.0,1.6741206645965576,2.0,4.0,0.6570880921281652,11.899024963378906,50.0,"{""type"":""Point"",""coordinates"":[110.9484819967676,19.883279638717152]}"
2312,0.0,23.0,75.0,19.19984245300293,49.0,19.506331668991166,110.3735393381155,2356.94970703125,47.0,1.264570951461792,5.0,3.0,0.7296449019592187,13.501768112182617,38.0,"{""type"":""Point"",""coordinates"":[110.37435674980382,19.505789578895612]}"
2313,0.0,25.0,90.0,21.710052490234375,64.0,19.506331668991166,110.43192983158326,2389.639892578125,50.0,1.7273168563842773,5.0,3.0,0.7079253724779115,13.05741024017334,39.0,"{""type"":""Point"",""coordinates"":[110.43348141044899,19.506044743184535]}"
2314,0.0,25.0,24.0,8.65703296661377,8.0,19.74887679570344,110.10404475287964,2459.694091796875,45.0,0.0,2.0,4.0,0.8190449921161359,16.51620101928711,31.0,"{""type"":""Point"",""coordinates"":[110.10562064084392,19.749917307016894]}"
2315,0.0,26.0,44.0,6.784918308258057,44.0,19.173955013866944,108.75657182670034,1554.357666015625,52.0,0.7675663232803345,2.0,2.0,0.6760018073865712,14.058361053466797,41.0,"{""type"":""Point"",""coordinates"":[108.75757218573429,19.172062124254264]}"
2316,0.0,26.0,175.0,39.00090789794922,96.0,19.29522757722308,110.0052300716265,2505.67822265625,50.0,3.7403817176818848,4.0,3.0,0.6691765286834518,12.393482208251953,38.0,"{""type"":""Point"",""coordinates"":[110.00316102990601,19.29606894941522]}"
2317,0.0,26.0,250.0,40.44359588623047,145.0,18.886494122948697,109.92887327247632,2361.087646484375,48.0,4.7540483474731445,5.0,2.0,0.617983260859162,12.104069709777832,45.0,"{""type"":""Point"",""coordinates"":[109.92726499679164,18.88804496048728]}"
2318,0.0,28.0,98.0,20.37862205505371,72.0,19.546755856776542,110.50828663073344,2364.302978515625,48.0,1.7877328395843506,7.0,3.0,0.6986068257892641,12.895626068115234,39.0,"{""type"":""Point"",""coordinates"":[110.5090781600199,19.547479697686658]}"
2319,0.0,27.0,763.0,20.33449935913086,742.0,18.67988160760121,108.88682754289766,1671.6162109375,49.0,6.185329437255859,8.0,1.0,0.5424690622755164,11.421430587768555,46.0,"{""type"":""Point"",""coordinates"":[108.88798418125765,18.679079432463766]}"
2320,0.0,25.0,43.0,8.015399932861328,43.0,19.340143341429055,108.80597916732694,1634.623291015625,53.0,0.8935997486114502,2.0,3.0,0.6815446807091894,13.906891822814941,41.0,"{""type"":""Point"",""coordinates"":[108.80486432952591,19.33891287176211]}"
2321,0.0,28.0,417.0,35.8704833984375,371.0,18.760729983171963,110.01421322446765,2302.499755859375,46.0,4.69927453994751,6.0,1.0,0.6059503065814671,11.997844696044922,45.0,"{""type"":""Point"",""coordinates"":[110.01365450448965,18.76252463401168]}"
2322,0.0,28.0,331.0,36.43976593017578,194.0,19.151497131763954,109.2775946914897,2446.190673828125,43.0,3.7523324489593506,5.0,2.0,0.6571552006423289,12.28611946105957,37.0,"{""type"":""Point"",""coordinates"":[109.27661304435745,19.15255134012032]}"
2323,0.0,26.0,89.0,10.907234191894531,89.0,19.838708324115387,110.09506160003843,2373.684326171875,47.0,0.36512434482574463,3.0,4.0,0.7101736591518135,14.49161148071289,33.0,"{""type"":""Point"",""coordinates"":[110.09332939519572,19.83868519306568]}"
2324,0.0,24.0,237.0,21.863391876220703,131.0,18.62149111413344,109.15183055171292,1997.200439453125,55.0,2.952901601791382,3.0,1.0,0.5989738398676867,12.59030818939209,46.0,"{""type"":""Point"",""coordinates"":[109.15014163481207,18.619434471359995]}"
2325,0.0,24.0,44.0,28.2249755859375,39.0,18.79217101811615,110.2073510105534,2183.9365234375,53.0,3.107215642929077,4.0,1.0,0.6802492587155032,12.65918254852295,48.0,"{""type"":""Point"",""coordinates"":[110.20591202997879,18.79138651643401]}"
2326,0.0,24.0,44.0,5.587676048278809,44.0,19.003275109884235,108.76106340312094,1550.017822265625,54.0,0.46286195516586304,2.0,2.0,0.6678634372335973,14.564194679260254,43.0,"{""type"":""Point"",""coordinates"":[108.75918433731763,19.00177057391527]}"
2327,0.0,29.0,919.0,41.645843505859375,729.0,18.873019393686903,109.55607242956671,2170.943115234375,48.0,12.247488021850586,6.0,2.0,0.5469208979715054,10.555129051208496,45.0,"{""type"":""Point"",""coordinates"":[109.55603210676166,18.870944507220543]}"
2328,0.0,28.0,60.0,11.570228576660156,58.0,19.74887679570344,110.58913500630416,2344.573974609375,40.0,0.4875441789627075,5.0,4.0,0.7411987347709261,14.060338973999023,34.0,"{""type"":""Point"",""coordinates"":[110.58812341585175,19.748611726226137]}"
2329,0.0,24.0,131.0,10.260344505310059,92.0,19.04819087409021,108.90479384858008,1929.5830078125,48.0,0.7514142394065857,3.0,2.0,0.6360240214123398,14.027351379394531,42.0,"{""type"":""Point"",""coordinates"":[108.90688332593517,19.047283683892186]}"
2330,0.0,26.0,19.0,10.261157989501953,16.0,19.26827811869949,110.38701406737727,2570.716796875,51.0,0.12981832027435303,5.0,2.0,0.7966409872862389,15.850038528442383,36.0,"{""type"":""Point"",""coordinates"":[110.38706271157817,19.268172379796308]}"
2331,0.0,27.0,361.0,49.547760009765625,253.0,18.643948996236425,109.2281873508631,2019.3427734375,53.0,12.155503273010254,4.0,1.0,0.564552511393712,11.075645446777344,46.0,"{""type"":""Point"",""coordinates"":[109.2285927258367,18.642363225784667]}"
2332,0.0,37.0,76.0,28.573936462402344,73.0,19.77133467780643,110.01421322446765,2474.703125,37.0,2.443911075592041,5.0,4.0,0.7318568247496079,12.880770683288574,32.0,"{""type"":""Point"",""coordinates"":[110.01349405263419,19.770240177142234]}"
2333,0.0,21.0,29.0,7.5390543937683105,29.0,19.15598870818455,108.75208025027973,1554.357666015625,54.0,0.8603338003158569,2.0,2.0,0.6931977586514816,13.952994346618652,41.0,"{""type"":""Point"",""coordinates"":[108.75226987064516,19.15431128960318]}"
2334,0.0,29.0,13.0,3.826280355453491,13.0,19.057174026931406,108.7071644860738,1422.1533203125,44.0,0.18246637284755707,2.0,2.0,0.6929679047808253,15.513063430786133,44.0,"{""type"":""Point"",""coordinates"":[108.70887297113501,19.05870499340241]}"
2335,0.0,31.0,729.0,46.77988052368164,605.0,18.940393039995868,109.12937266960995,2141.94677734375,41.0,12.013225555419922,5.0,2.0,0.5733339546299374,10.780492782592773,41.0,"{""type"":""Point"",""coordinates"":[109.13138633528085,18.941716895904932]}"
2336,0.0,30.0,334.0,13.698984146118164,327.0,18.60352480845105,108.90479384858008,1686.8045654296875,43.0,2.305838108062744,5.0,1.0,0.5653860896523929,12.771830558776855,49.0,"{""type"":""Point"",""coordinates"":[108.90408926587779,18.60161486986512]}"
2337,0.0,22.0,83.0,15.991253852844238,72.0,19.371584376373235,109.13835582245116,2158.427490234375,58.0,1.3160841464996338,3.0,3.0,0.69488985413049,13.495955467224121,37.0,"{""type"":""Point"",""coordinates"":[109.13961658077785,19.372145776718273]}"
2338,0.0,31.0,31.0,13.674236297607422,32.0,19.479382210467584,110.66100022903373,2277.717041015625,38.0,0.9176799058914185,4.0,3.0,0.7521470792214261,13.454139709472656,37.0,"{""type"":""Point"",""coordinates"":[110.66304406747045,19.47983496059558]}"
2339,0.0,26.0,189.0,29.455726623535156,148.0,18.751746830330767,109.74022706281124,2440.123291015625,45.0,2.478549003601074,4.0,1.0,0.6161691775522564,12.796876907348633,49.0,"{""type"":""Point"",""coordinates"":[109.74070692933282,18.751495729240126]}"
2340,0.0,28.0,1083.0,64.51454162597656,887.0,18.890985699369296,109.70878602786706,2405.75634765625,48.0,24.918441772460938,7.0,2.0,0.5201090295641185,9.574999809265137,44.0,"{""type"":""Point"",""coordinates"":[109.70944182293469,18.88965789944938]}"
2341,0.0,29.0,215.0,16.178064346313477,198.0,19.227853930914115,110.19836785771219,2607.08447265625,40.0,0.656722903251648,4.0,2.0,0.6718821020184758,14.10884952545166,40.0,"{""type"":""Point"",""coordinates"":[110.20032886392032,19.228699452014027]}"
2342,0.0,26.0,5.0,6.27572774887085,7.0,19.6365873851885,110.96193584921377,1762.325439453125,45.0,0.5162250995635986,2.0,3.0,0.7197582626405685,13.132294654846191,44.0,"{""type"":""Point"",""coordinates"":[110.96337880976722,19.638062369500688]}"
2343,0.0,28.0,270.0,25.670623779296875,268.0,18.45530278657133,109.21920419802188,1933.0565185546875,50.0,4.3541789054870605,3.0,1.0,0.5975601939081314,12.178895950317383,44.0,"{""type"":""Point"",""coordinates"":[109.2199322885426,18.453541328919986]}"
2344,0.0,26.0,276.0,41.88887023925781,276.0,18.643948996236425,110.06811214151486,2197.380859375,49.0,6.324744701385498,3.0,1.0,0.6005920477339055,11.799360275268555,45.0,"{""type"":""Point"",""coordinates"":[110.06795476866435,18.643689005823504]}"
2345,0.0,26.0,55.0,13.671836853027344,42.0,18.57208377350686,109.68632814576404,2290.20751953125,44.0,0.7118180394172668,4.0,1.0,0.7052787810033903,14.127310752868652,45.0,"{""type"":""Point"",""coordinates"":[109.68720859740769,18.572510197007762]}"
2346,0.0,25.0,236.0,32.37318801879883,215.0,18.940393039995868,108.8688612372153,1785.240234375,55.0,7.781221866607666,4.0,2.0,0.5813239452777099,11.616754531860352,44.0,"{""type"":""Point"",""coordinates"":[108.86763085923346,18.93958996630737]}"
2347,0.0,27.0,35.0,8.111724853515625,35.0,19.434466446261602,108.94970961278602,1755.8851318359375,47.0,0.6691411733627319,3.0,3.0,0.7130195862933769,14.200860977172852,38.0,"{""type"":""Point"",""coordinates"":[108.94869978631198,19.436034757434022]}"
2348,0.0,25.0,31.0,5.2919745445251465,32.0,19.91057354684495,110.9304948142696,1634.38232421875,48.0,0.5304468870162964,4.0,4.0,0.657476134473432,12.837021827697754,50.0,"{""type"":""Point"",""coordinates"":[110.93254920602614,19.90980240671448]}"
2349,0.0,29.0,60.0,14.827993392944336,51.0,19.650062114450293,110.30616569180654,2412.654541015625,44.0,0.8420701622962952,4.0,3.0,0.7641722809767081,13.678808212280273,31.0,"{""type"":""Point"",""coordinates"":[110.30441533101299,19.648695446720172]}"
2350,0.0,29.0,28.0,18.242691040039062,30.0,19.052682450510808,110.45887929010684,2224.185302734375,43.0,1.4593032598495483,3.0,2.0,0.7348234174217241,13.405712127685547,40.0,"{""type"":""Point"",""coordinates"":[110.45827208191471,19.053276450726123]}"
2351,0.0,28.0,140.0,47.18080520629883,70.0,19.51980639825296,109.6414123815581,2476.4443359375,48.0,5.21775484085083,4.0,3.0,0.7062890834681318,12.081206321716309,35.0,"{""type"":""Point"",""coordinates"":[109.64132616812314,19.519997064331715]}"
2352,0.0,26.0,23.0,6.9759697914123535,20.0,19.784809407068217,110.7283738753427,2082.735107421875,53.0,0.1916586458683014,3.0,4.0,0.7431453918883055,14.495087623596191,40.0,"{""type"":""Point"",""coordinates"":[110.72966517222522,19.785950773204213]}"
2353,0.0,23.0,22.0,5.425873279571533,25.0,18.661915301918818,108.72513079175616,1558.21240234375,51.0,0.36775410175323486,2.0,1.0,0.6866647625150796,14.807015419006348,44.0,"{""type"":""Point"",""coordinates"":[108.72619855823253,18.66381104946118]}"
2354,0.0,23.0,34.0,7.834033489227295,34.0,19.87913251190077,110.76879806312809,1901.2159423828125,45.0,0.6882857084274292,4.0,4.0,0.6794741984985978,12.77640438079834,48.0,"{""type"":""Point"",""coordinates"":[110.76824149423632,19.878455605142896]}"
2355,0.0,24.0,130.0,8.42424488067627,115.0,18.585558502768656,109.03954114119801,1872.8131103515625,53.0,0.5701544284820557,2.0,1.0,0.5971407183484521,14.304041862487793,48.0,"{""type"":""Point"",""coordinates"":[109.03990436173227,18.5833654941899]}"
2356,0.0,27.0,5.0,9.154118537902832,5.0,19.227853930914115,110.49481190147162,2406.010009765625,40.0,0.08354968577623367,3.0,2.0,0.7851057521792981,16.27971076965332,39.0,"{""type"":""Point"",""coordinates"":[110.4930610778239,19.229283146843677]}"
2357,0.0,27.0,5.0,14.24014949798584,5.0,18.42835332804774,109.91989011963511,1935.4896240234375,48.0,1.4512580633163452,3.0,1.0,0.7382206623364943,13.443822860717773,42.0,"{""type"":""Point"",""coordinates"":[109.92002222925136,18.429262229629032]}"
2358,0.0,24.0,46.0,9.851259231567383,35.0,19.60514635024431,109.47971563041654,2292.05126953125,52.0,0.28679710626602173,4.0,3.0,0.7689577104599721,15.041690826416016,33.0,"{""type"":""Point"",""coordinates"":[109.47837042504054,19.606986250150964]}"
2359,0.0,26.0,135.0,15.266416549682617,111.0,19.26827811869949,110.18489312845037,2508.52392578125,48.0,0.6781418919563293,4.0,2.0,0.684656741956786,14.12749195098877,37.0,"{""type"":""Point"",""coordinates"":[110.18323885335433,19.26690941346427]}"
2360,0.0,27.0,1297.0,52.82008743286133,1102.0,19.052682450510808,109.54259770030495,2393.872802734375,41.0,26.21791648864746,12.0,2.0,0.5270372705716484,9.131245613098145,40.0,"{""type"":""Point"",""coordinates"":[109.54195402973544,19.051717529174947]}"
2361,0.0,23.0,67.0,7.547323226928711,60.0,19.164971861025748,108.8733528136359,1862.6644287109375,50.0,0.3819807469844818,2.0,2.0,0.6766182009488162,14.742703437805176,41.0,"{""type"":""Point"",""coordinates"":[108.87459855744048,19.163124680730334]}"
2362,0.0,22.0,118.0,34.60814666748047,47.0,19.286244424381884,110.166926822768,2508.52392578125,53.0,2.8816137313842773,4.0,3.0,0.725967291436365,12.690403938293457,39.0,"{""type"":""Point"",""coordinates"":[110.16898868601754,19.284189797176438]}"
2363,0.0,29.0,5.0,6.0510663986206055,6.0,19.986930345995113,110.85862959154002,1676.977294921875,42.0,0.700853168964386,3.0,4.0,0.6981579850007618,12.78386116027832,48.0,"{""type"":""Point"",""coordinates"":[110.8564579414367,19.988923144316306]}"
2364,0.0,33.0,520.0,40.81905746459961,515.0,18.437336480888938,109.45276617189296,2062.75830078125,38.0,8.812427520751953,7.0,1.0,0.5831674375390937,11.283114433288574,43.0,"{""type"":""Point"",""coordinates"":[109.45485353891408,18.43568550623996]}"
2365,0.0,26.0,70.0,11.212692260742188,70.0,19.91506512326555,110.28370780970351,2264.173828125,48.0,0.5392903089523315,4.0,4.0,0.703718302354955,14.097580909729004,38.0,"{""type"":""Point"",""coordinates"":[110.28429559804995,19.916909532733317]}"
2366,0.0,26.0,62.0,9.359675407409668,62.0,19.901590394003755,110.30167411538594,2218.89111328125,45.0,0.3050125539302826,4.0,4.0,0.7157404731814025,14.6738920211792,37.0,"{""type"":""Point"",""coordinates"":[110.30076659951692,19.903735786059258]}"
2367,0.0,25.0,25.0,6.148656845092773,26.0,19.371584376373235,108.77453813238276,1442.558837890625,49.0,0.7648041844367981,2.0,3.0,0.6815328060237373,14.073029518127441,43.0,"{""type"":""Point"",""coordinates"":[108.77572980839766,19.37149802556231]}"
2368,0.0,27.0,1.0,11.011190414428711,1.0,19.928539852527344,109.97828061310292,2301.054931640625,39.0,0.40450116991996765,2.0,4.0,0.8317428803788902,14.457066535949707,36.0,"{""type"":""Point"",""coordinates"":[109.97906769451711,19.929884988369743]}"
2369,0.0,24.0,28.0,6.995380878448486,27.0,18.48674382151551,108.95420118920663,1710.053466796875,52.0,0.5113502144813538,3.0,1.0,0.689038032383849,14.473888397216797,45.0,"{""type"":""Point"",""coordinates"":[108.95574122626067,18.48833685737023]}"
2370,0.0,27.0,282.0,32.35041046142578,95.0,18.91344358147228,109.5470892767255,2240.629638671875,47.0,3.9557137489318848,4.0,2.0,0.6216012115624329,12.267078399658203,44.0,"{""type"":""Point"",""coordinates"":[109.54889416876946,18.914661531330843]}"
2371,0.0,25.0,12.0,7.862268924713135,12.0,20.02735453378049,110.33760672675072,2025.2205810546875,45.0,0.35041582584381104,4.0,4.0,0.7493147988538321,13.968915939331055,40.0,"{""type"":""Point"",""coordinates"":[110.33883021433626,20.028120284662776]}"
2372,0.0,22.0,30.0,7.0320868492126465,30.0,19.838708324115387,110.7283738753427,1963.365234375,53.0,0.28679710626602173,3.0,4.0,0.7150973992147571,14.081360816955566,42.0,"{""type"":""Point"",""coordinates"":[110.72761179189872,19.837969961660473]}"
2373,0.0,36.0,111.0,21.809526443481445,111.0,19.730910490021046,109.5515808531461,2136.4345703125,41.0,2.5053539276123047,4.0,3.0,0.679426302768644,12.834805488586426,32.0,"{""type"":""Point"",""coordinates"":[109.5520369834095,19.73206474996401]}"
2374,0.0,22.0,37.0,11.584108352661133,28.0,19.6320958087679,110.3151488446477,2373.91259765625,55.0,0.4411228895187378,2.0,3.0,0.7712077104359901,14.3763427734375,35.0,"{""type"":""Point"",""coordinates"":[110.3139320462896,19.631905437450403]}"
2375,0.0,26.0,228.0,36.26891326904297,120.0,18.841578358742723,109.91539854321451,2275.58984375,46.0,4.305914878845215,4.0,2.0,0.6153571060072465,12.21803092956543,45.0,"{""type"":""Point"",""coordinates"":[109.91417932874309,18.840407013552113]}"
2376,0.0,27.0,52.0,6.7630743980407715,55.0,18.549625891403878,108.8688612372153,1635.392333984375,46.0,0.5767616033554077,3.0,1.0,0.6472823947094394,14.33948802947998,46.0,"{""type"":""Point"",""coordinates"":[108.87007772667201,18.549740237866533]}"
2377,0.0,25.0,83.0,24.410797119140625,46.0,18.59903323203045,109.63242922871689,2308.90234375,46.0,2.0468692779541016,5.0,1.0,0.6908733712418341,13.054055213928223,46.0,"{""type"":""Point"",""coordinates"":[109.63099472622439,18.598604920160604]}"
2378,0.0,42.0,73.0,5.856640338897705,74.0,19.82972517127419,109.60098819377271,1854.223876953125,32.0,0.21091002225875854,5.0,4.0,0.70319158154345,15.333085060119629,32.0,"{""type"":""Point"",""coordinates"":[109.60087122598429,19.8293014213718]}"
2379,0.0,26.0,657.0,58.38322830200195,545.0,19.04819087409021,109.19225473949831,2352.6279296875,50.0,12.26798152923584,7.0,2.0,0.5935017947839375,10.826881408691406,40.0,"{""type"":""Point"",""coordinates"":[109.190499413164,19.050206184356867]}"
2380,0.0,23.0,31.0,11.766639709472656,31.0,19.591671620982524,109.16530528097474,2014.7352294921875,55.0,0.8945243954658508,3.0,3.0,0.7367650829425558,13.91285514831543,37.0,"{""type"":""Point"",""coordinates"":[109.1650901640428,19.59213779321431]}"
2381,0.0,25.0,231.0,30.18134307861328,157.0,18.648440572657023,109.26411996222788,2038.566650390625,56.0,4.82405948638916,4.0,1.0,0.600614285324545,12.10195255279541,45.0,"{""type"":""Point"",""coordinates"":[109.26443480857662,18.647275454247414]}"
2382,0.0,31.0,16.0,10.131852149963379,17.0,19.60963792666491,110.70142441681912,2260.121337890625,47.0,0.4938907325267792,6.0,3.0,0.7897463648257772,14.087085723876953,33.0,"{""type"":""Point"",""coordinates"":[110.69976554258733,19.60757496311143]}"
2383,0.0,23.0,64.0,16.47526741027832,64.0,19.838708324115387,110.06811214151486,2373.684326171875,52.0,1.0795302391052246,3.0,4.0,0.7320488962108921,13.42721939086914,34.0,"{""type"":""Point"",""coordinates"":[110.06993160506813,19.836469569472946]}"
2385,0.0,29.0,23.0,8.549127578735352,24.0,19.955489311050925,110.54421924209822,1995.80712890625,44.0,0.6496749520301819,4.0,4.0,0.7325952660481947,13.2742919921875,40.0,"{""type"":""Point"",""coordinates"":[110.54233872936683,19.956315354723426]}"
2386,0.0,32.0,161.0,28.510730743408203,86.0,19.528789551094157,109.68632814576404,2453.00830078125,41.0,2.452556848526001,4.0,3.0,0.6967448949974921,12.825187683105469,35.0,"{""type"":""Point"",""coordinates"":[109.68565664047446,19.528947436304257]}"
2387,0.0,27.0,93.0,14.39600658416748,71.0,18.60352480845105,109.73573548639064,2305.7861328125,44.0,0.8029860258102417,4.0,1.0,0.6712864931244639,13.984134674072266,45.0,"{""type"":""Point"",""coordinates"":[109.73634327688623,18.603080165849217]}"
2388,0.0,23.0,103.0,14.89864730834961,57.0,19.60963792666491,109.62344607587568,2323.588623046875,53.0,0.8543459177017212,3.0,3.0,0.7307888669548208,13.916081428527832,35.0,"{""type"":""Point"",""coordinates"":[109.62224291159382,19.608073404939038]}"
2389,0.0,26.0,132.0,15.762171745300293,105.0,19.429974869841004,109.21920419802188,2317.81494140625,55.0,1.0946968793869019,3.0,3.0,0.6889681087880585,13.650394439697266,33.0,"{""type"":""Point"",""coordinates"":[109.22071745908069,19.432079439748485]}"
2390,0.0,29.0,167.0,49.28645706176758,113.0,18.998783533463637,109.06199902330098,2232.802734375,40.0,7.172798156738281,9.0,2.0,0.6324357821072925,11.743612289428711,40.0,"{""type"":""Point"",""coordinates"":[109.05995918452801,18.997909981395477]}"
2391,0.0,27.0,463.0,36.1716194152832,420.0,18.774204712433757,109.94234800173814,2435.9326171875,45.0,4.0365519523620605,4.0,1.0,0.6158797914035912,12.115386962890625,44.0,"{""type"":""Point"",""coordinates"":[109.9405535557022,18.772226973968905]}"
2392,0.0,29.0,61.0,13.057154655456543,61.0,19.71743576075925,109.52013981820193,2097.0947265625,46.0,0.9887915253639221,5.0,3.0,0.7254035329237186,13.795060157775879,33.0,"{""type"":""Point"",""coordinates"":[109.51817356850535,19.718784009902024]}"
2393,0.0,24.0,44.0,11.956918716430664,27.0,19.57819689172073,110.20285943413279,2413.289794921875,47.0,0.37623289227485657,4.0,3.0,0.775876270845385,14.77142333984375,35.0,"{""type"":""Point"",""coordinates"":[110.20159470113408,19.580377242062575]}"
2394,0.0,20.0,86.0,15.74245548248291,72.0,19.281752847961286,108.99911695341262,2102.3544921875,59.0,1.3412387371063232,2.0,3.0,0.6771624812431847,13.47521686553955,40.0,"{""type"":""Point"",""coordinates"":[109.0004378342098,19.280285045431604]}"
2395,0.0,26.0,48.0,16.52738380432129,40.0,19.77133467780643,110.25675835117994,2331.13330078125,49.0,1.1937806606292725,5.0,4.0,0.7671533051956164,13.339035987854004,32.0,"{""type"":""Point"",""coordinates"":[110.25554069559519,19.771768934533362]}"
2396,0.0,29.0,132.0,39.91895294189453,89.0,18.608016384871647,109.5964966173521,2291.134033203125,44.0,4.85407018661499,5.0,1.0,0.624152040327973,12.15877914428711,47.0,"{""type"":""Point"",""coordinates"":[109.59490042735436,18.60651949617877]}"
2397,0.0,24.0,140.0,20.577144622802734,99.0,19.452432751943995,110.09955317645904,2600.5888671875,51.0,1.1048753261566162,4.0,3.0,0.6844276090789055,13.636186599731445,38.0,"{""type"":""Point"",""coordinates"":[110.10105452190074,19.45044057367918]}"
2398,0.0,31.0,833.0,32.82571029663086,655.0,19.133530826081568,109.65488711081986,2456.3486328125,38.0,4.411726951599121,6.0,2.0,0.6089325319090627,11.68785285949707,41.0,"{""type"":""Point"",""coordinates"":[109.65534710121227,19.13207171035719]}"
2399,0.0,27.0,482.0,52.05023193359375,315.0,18.899968852210492,109.40785040768702,2167.26318359375,46.0,10.791016578674316,6.0,2.0,0.5660642986115872,11.106947898864746,47.0,"{""type"":""Point"",""coordinates"":[109.40646508378322,18.901249761582385]}"
2400,0.0,22.0,24.0,4.998907566070557,25.0,18.513693280039092,108.87784439005651,1635.392333984375,54.0,0.18240144848823547,2.0,1.0,0.6963024815788343,15.507074356079102,43.0,"{""type"":""Point"",""coordinates"":[108.87818360361864,18.51176144310179]}"
2401,0.0,27.0,28.0,10.657008171081543,28.0,19.88811566474196,110.45438771368623,2167.918212890625,44.0,0.6020596623420715,3.0,4.0,0.7418191661232005,13.831717491149902,39.0,"{""type"":""Point"",""coordinates"":[110.45570197409104,19.89014454245776]}"
2402,0.0,28.0,119.0,39.90431213378906,105.0,19.147005555343355,108.95869276562723,2095.3857421875,46.0,6.189486503601074,5.0,2.0,0.6240216570177941,11.922233581542969,41.0,"{""type"":""Point"",""coordinates"":[108.95982825232673,19.14592141375811]}"
2403,0.0,26.0,72.0,14.46861743927002,31.0,19.429974869841004,110.26124992760055,2394.509521484375,44.0,0.6787949800491333,4.0,3.0,0.7539055915421167,14.164750099182129,38.0,"{""type"":""Point"",""coordinates"":[110.26061458960875,19.43145467243537]}"
2404,0.0,29.0,160.0,12.553399085998535,23.0,18.814628900219134,109.25064523296606,2058.20947265625,43.0,0.9663879871368408,5.0,1.0,0.7059482513754957,13.75765323638916,45.0,"{""type"":""Point"",""coordinates"":[109.24989950646733,18.816520921579944]}"
2405,0.0,26.0,35.0,6.248664379119873,36.0,19.88811566474196,110.8855790500636,1758.84033203125,50.0,0.6126465797424316,3.0,4.0,0.6637555140818991,12.890474319458008,49.0,"{""type"":""Point"",""coordinates"":[110.88357875863647,19.887690297205214]}"
2407,0.0,24.0,59.0,14.936324119567871,50.0,18.554117467824476,109.68183656934343,2290.20751953125,44.0,0.8296263217926025,4.0,1.0,0.6911266524199082,13.971779823303223,46.0,"{""type"":""Point"",""coordinates"":[109.68370371415116,18.553471801399763]}"
2408,0.0,24.0,76.0,13.63931941986084,76.0,19.398533834896824,108.96767591846844,1894.2255859375,54.0,1.4784908294677734,2.0,3.0,0.6650607629484221,13.383733749389648,39.0,"{""type"":""Point"",""coordinates"":[108.96691795064001,19.397792449178212]}"
2409,0.0,33.0,435.0,54.19521713256836,389.0,18.59903323203045,109.385392525584,2054.148193359375,41.0,13.895073890686035,5.0,1.0,0.5575458306324186,10.882511138916016,46.0,"{""type"":""Point"",""coordinates"":[109.38563961121278,18.600071428650764]}"
2410,0.0,27.0,141.0,16.1500244140625,94.0,19.317685459326064,109.22369577444249,2432.173828125,43.0,0.8405442833900452,4.0,3.0,0.681198268159837,13.909056663513184,38.0,"{""type"":""Point"",""coordinates"":[109.22454046645002,19.31903737772038]}"
2411,0.0,25.0,73.0,8.570509910583496,72.0,19.74438521928284,109.61895449945507,2173.063720703125,53.0,0.2598031759262085,3.0,4.0,0.7184455467642916,15.124589920043945,33.0,"{""type"":""Point"",""coordinates"":[109.61840372508134,19.74602559146436]}"
2412,0.0,25.0,236.0,26.387657165527344,131.0,19.389550682055628,109.47522405399599,2556.69140625,54.0,1.9870675802230835,4.0,3.0,0.6890255039388395,12.987581253051758,34.0,"{""type"":""Point"",""coordinates"":[109.47695888494174,19.38861634480582]}"
2413,0.0,24.0,29.0,14.576315879821777,26.0,19.416500140579217,109.0754737525628,2018.091064453125,49.0,1.2708842754364014,3.0,3.0,0.749986476114524,13.56275749206543,35.0,"{""type"":""Point"",""coordinates"":[109.07614001817426,19.414995648440872]}"
2414,0.0,22.0,133.0,34.861351013183594,84.0,19.4434495991028,109.99175534236468,2554.376953125,52.0,2.7615482807159424,4.0,3.0,0.6914453165749836,12.723810195922852,38.0,"{""type"":""Point"",""coordinates"":[109.99056562285675,19.44133872980104]}"
2415,0.0,24.0,72.0,14.891374588012695,62.0,19.762351524965233,109.69531129860525,2114.7578125,50.0,1.1615194082260132,3.0,4.0,0.7134992610507824,13.627494812011719,35.0,"{""type"":""Point"",""coordinates"":[109.6968760976993,19.760641206893176]}"
2416,0.0,33.0,532.0,62.40095901489258,359.0,19.003275109884235,109.34047676137806,2216.093994140625,38.0,14.797015190124512,4.0,2.0,0.5700969102907466,10.740407943725586,43.0,"{""type"":""Point"",""coordinates"":[109.3412739958017,19.00458477223934]}"
2417,0.0,33.0,137.0,79.82662963867188,136.0,19.169463437446346,110.38252249095666,2601.484619140625,40.0,10.597926139831543,5.0,2.0,0.6476362400025663,11.365747451782227,38.0,"{""type"":""Point"",""coordinates"":[110.38410926396165,19.171115720572875]}"
2418,0.0,34.0,789.0,20.138883590698242,642.0,18.917935157892877,109.2326789272837,2027.9306640625,39.0,3.455805540084839,5.0,2.0,0.5674196555615639,11.979596138000488,46.0,"{""type"":""Point"",""coordinates"":[109.23057764768002,18.918344531762354]}"
2419,0.0,23.0,15.0,14.013553619384766,15.0,19.726418913600448,109.38090094916339,1972.650146484375,49.0,1.243546485900879,4.0,3.0,0.7745345374276217,13.592602729797363,32.0,"{""type"":""Point"",""coordinates"":[109.38280407520196,19.72800367717156]}"
2420,0.0,32.0,68.0,16.240554809570312,67.0,19.852183053377182,110.31065726822715,2230.738037109375,40.0,1.3884694576263428,5.0,4.0,0.7159711937227738,13.172330856323242,35.0,"{""type"":""Point"",""coordinates"":[110.31155653920256,19.85297914268282]}"
2421,0.0,26.0,465.0,51.03685760498047,456.0,18.482252245094912,109.61895449945507,2237.040283203125,50.0,9.576205253601074,4.0,1.0,0.5820530490787831,11.242227554321289,45.0,"{""type"":""Point"",""coordinates"":[109.61844776325934,18.480729982715328]}"
2422,0.0,20.0,107.0,11.593246459960938,99.0,19.32666861216726,109.01259168267438,2089.597900390625,59.0,0.7523889541625977,3.0,3.0,0.6437510352880894,14.040752410888672,41.0,"{""type"":""Point"",""coordinates"":[109.01161727048631,19.32448343161169]}"
2423,0.0,30.0,825.0,36.87212371826172,615.0,19.10208979113738,109.62793765229628,2405.822509765625,39.0,5.744217395782471,6.0,2.0,0.6065626068008501,11.43121337890625,40.0,"{""type"":""Point"",""coordinates"":[109.62965625256642,19.100610056218326]}"
2424,0.0,29.0,7.0,8.386954307556152,8.0,19.919556699686147,110.55320239493938,2050.36474609375,43.0,0.49402227997779846,3.0,4.0,0.7499636355277401,13.572154998779297,41.0,"{""type"":""Point"",""coordinates"":[110.55184474447441,19.9202073436986]}"
2425,0.0,23.0,109.0,31.3265323638916,107.0,18.495726974356707,109.03954114119801,1761.8607177734375,55.0,6.811439037322998,4.0,1.0,0.5859029376066095,11.831761360168457,45.0,"{""type"":""Point"",""coordinates"":[109.03978550375146,18.49576308438255]}"
2426,0.0,30.0,199.0,63.293643951416016,179.0,18.98980038062244,110.25675835117994,2316.105224609375,38.0,9.858713150024414,4.0,2.0,0.5999320693410968,11.40046215057373,45.0,"{""type"":""Point"",""coordinates"":[110.25608496118184,18.987641275238452]}"
2427,0.0,33.0,412.0,26.699613571166992,393.0,19.0751403326138,110.15345209350619,2538.372314453125,37.0,2.160825729370117,4.0,2.0,0.6276432544448975,12.780272483825684,45.0,"{""type"":""Point"",""coordinates"":[110.15478700037632,19.073619884721815]}"
2428,0.0,32.0,458.0,40.94417953491211,412.0,18.702339489704194,109.5920050409315,2184.576416015625,45.0,7.542943954467773,5.0,1.0,0.5694728213086178,11.48989200592041,49.0,"{""type"":""Point"",""coordinates"":[109.59193034094885,18.701750250120007]}"
2429,0.0,26.0,302.0,92.02264404296875,301.0,18.52267643288029,109.753701792073,2278.89501953125,53.0,22.073476791381836,4.0,1.0,0.5502885435489139,10.484492301940918,46.0,"{""type"":""Point"",""coordinates"":[109.75523692041901,18.52310368338804]}"
2430,0.0,26.0,409.0,98.26605224609375,309.0,19.403025411317422,109.48420720683714,2530.707275390625,50.0,19.034469604492188,4.0,3.0,0.6142327615586614,10.56945514678955,35.0,"{""type"":""Point"",""coordinates"":[109.4859433657585,19.403426243998823]}"
2431,0.0,20.0,141.0,13.042503356933594,127.0,19.510823245411764,109.39886725484581,2330.65966796875,53.0,0.5740659832954407,3.0,3.0,0.6777619807114952,14.290399551391602,36.0,"{""type"":""Point"",""coordinates"":[109.39729524795067,19.513003593310028]}"
2432,0.0,24.0,197.0,11.405352592468262,116.0,19.263786542278893,109.89294066111154,2426.37109375,55.0,0.38218969106674194,3.0,2.0,0.672161987516345,14.661866188049316,38.0,"{""type"":""Point"",""coordinates"":[109.89482829084498,19.263156304968092]}"
2433,0.0,25.0,212.0,19.347515106201172,107.0,19.371584376373235,109.45725774831357,2556.69140625,55.0,1.155224084854126,3.0,3.0,0.6889402109238828,13.545919418334961,35.0,"{""type"":""Point"",""coordinates"":[109.45639379028663,19.370297777169352]}"
2434,0.0,27.0,110.0,27.323408126831055,92.0,18.594541655609852,109.7492102156524,2292.315185546875,45.0,2.5889124870300293,4.0,1.0,0.6387897863091068,12.802563667297363,45.0,"{""type"":""Point"",""coordinates"":[109.74924278546966,18.594307825642687]}"
2435,0.0,23.0,21.0,8.82426929473877,21.0,19.277261271540688,110.60710131198658,2145.01025390625,50.0,0.2930437922477722,4.0,2.0,0.7416371059103012,14.76438045501709,41.0,"{""type"":""Point"",""coordinates"":[110.60543451408427,19.27631922743275]}"
2436,0.0,28.0,0.0,3.5421628952026367,3.0,18.549625891403878,108.72962236817676,1461.4180908203125,46.0,0.06050310656428337,3.0,1.0,0.7261880390556388,16.534879684448242,40.0,"{""type"":""Point"",""coordinates"":[108.72833743848778,18.551079893655164]}"
2437,0.0,29.0,438.0,59.54701232910156,400.0,19.12454767324037,110.04116268299128,2507.076416015625,41.0,8.37819766998291,4.0,2.0,0.6014555054801152,11.398847579956055,45.0,"{""type"":""Point"",""coordinates"":[110.04085615099213,19.122676076871542]}"
2438,0.0,27.0,97.0,36.392120361328125,68.0,18.67988160760121,109.74471863923185,2412.17822265625,47.0,3.564570903778076,3.0,1.0,0.6551594844334473,12.490033149719238,48.0,"{""type"":""Point"",""coordinates"":[109.74548267964691,18.678891017301815]}"
2439,0.0,28.0,68.0,13.88266658782959,69.0,19.950997734630327,110.27921623328291,2258.742431640625,44.0,1.3320128917694092,2.0,4.0,0.7005854549458451,12.551624298095703,38.0,"{""type"":""Point"",""coordinates"":[110.27923025773687,19.949320205987686]}"
2440,0.0,26.0,275.0,30.844518661499023,249.0,18.661915301918818,109.00360852983323,1916.8575439453125,52.0,5.897069454193115,4.0,1.0,0.5831441079249937,11.870585441589355,46.0,"{""type"":""Point"",""coordinates"":[109.00346161077172,18.660658037788615]}"
2441,0.0,26.0,19.0,9.44421672821045,19.0,19.281752847961286,110.62506761766895,2145.01025390625,47.0,0.4060850143432617,5.0,3.0,0.7531955343503908,14.439644813537598,39.0,"{""type"":""Point"",""coordinates"":[110.62388816789706,19.280477184866914]}"
2442,0.0,30.0,27.0,14.977950096130371,27.0,19.928539852527344,109.81209228554076,2060.74951171875,41.0,1.4828643798828125,3.0,4.0,0.7510193979153096,13.138204574584961,35.0,"{""type"":""Point"",""coordinates"":[109.81314701950225,19.927945990358044]}"
2443,0.0,30.0,62.0,16.050771713256836,33.0,18.661915301918818,109.75819336849361,2398.240966796875,43.0,0.9152852296829224,4.0,1.0,0.7027065910836051,13.871729850769043,49.0,"{""type"":""Point"",""coordinates"":[109.7564783091089,18.66317949239776]}"
2444,0.0,23.0,15.0,10.510066032409668,18.0,18.84606993516332,110.40048879663908,1980.75830078125,52.0,0.7127894759178162,2.0,2.0,0.7011981794066204,14.14924430847168,48.0,"{""type"":""Point"",""coordinates"":[110.40127744294558,18.843829253732224]}"
2445,0.0,26.0,46.0,21.259984970092773,31.0,19.093106638296184,110.22082573981515,2492.645751953125,43.0,1.2633463144302368,4.0,2.0,0.7275046856663213,13.558793067932129,45.0,"{""type"":""Point"",""coordinates"":[110.21996200612409,19.09288064025737]}"
2446,0.0,26.0,57.0,8.640427589416504,56.0,18.5092017036185,108.96767591846844,1767.1611328125,55.0,0.8413385152816772,2.0,1.0,0.6477408682104313,13.958939552307129,47.0,"{""type"":""Point"",""coordinates"":[108.96961986656528,18.509885385708873]}"
2447,0.0,28.0,92.0,13.896380424499512,91.0,19.510823245411764,110.61159288840719,2296.9658203125,41.0,0.914480984210968,3.0,3.0,0.6832320708193969,13.401421546936035,37.0,"{""type"":""Point"",""coordinates"":[110.6136078875527,19.509876373932062]}"
2448,0.0,37.0,105.0,13.410866737365723,88.0,19.371584376373235,110.3151488446477,2494.1552734375,36.0,0.5646542310714722,5.0,3.0,0.6870549447981124,14.329031944274902,40.0,"{""type"":""Point"",""coordinates"":[110.31548406452762,19.36941649775321]}"
2449,0.0,25.0,38.0,5.596401691436768,38.0,19.74438521928284,110.98888530773735,1691.9498291015625,45.0,0.41844746470451355,2.0,4.0,0.661547217618415,13.264631271362305,48.0,"{""type"":""Point"",""coordinates"":[110.98943057157143,19.74386189276245]}"
2450,0.0,27.0,73.0,10.768648147583008,74.0,19.897098817583156,110.18489312845037,2257.867919921875,41.0,0.44214245676994324,3.0,4.0,0.711630556124458,14.312899589538574,35.0,"{""type"":""Point"",""coordinates"":[110.1831463332769,19.898672529882298]}"
2451,0.0,34.0,642.0,52.70738220214844,435.0,19.025732991987226,109.2326789272837,2316.926025390625,36.0,10.679967880249023,8.0,2.0,0.5937025102822968,10.982880592346191,41.0,"{""type"":""Point"",""coordinates"":[109.23450614346628,19.027227839007953]}"
2452,0.0,29.0,146.0,25.201051712036133,22.0,18.814628900219134,109.07996532898335,1962.9852294921875,39.0,3.5029685497283936,7.0,1.0,0.7122310272620064,12.477456092834473,41.0,"{""type"":""Point"",""coordinates"":[109.08163079487916,18.813085904695225]}"
2453,0.0,31.0,114.0,17.422325134277344,108.0,19.645570538029695,110.60260973556598,2285.096435546875,43.0,1.6705089807510376,4.0,3.0,0.6958985055514617,12.777623176574707,31.0,"{""type"":""Point"",""coordinates"":[110.6044071695575,19.64431226143265]}"
2454,0.0,24.0,24.0,12.110664367675781,24.0,19.18742974312874,110.45438771368623,2358.047607421875,44.0,0.4289803206920624,2.0,2.0,0.7576104872390831,14.632575988769531,39.0,"{""type"":""Point"",""coordinates"":[110.45223961738466,19.18782053780459]}"
2455,0.0,29.0,184.0,14.646838188171387,97.0,19.488365363308773,109.69081972218464,2548.494140625,45.0,0.6019211411476135,4.0,3.0,0.6966474481272215,14.215960502624512,35.0,"{""type"":""Point"",""coordinates"":[109.69169323755919,19.48766808923419]}"
2456,0.0,29.0,41.0,18.208009719848633,42.0,19.959980887471524,110.14446894066504,2212.72607421875,42.0,1.6781587600708008,3.0,4.0,0.7327809257788225,13.003717422485352,37.0,"{""type"":""Point"",""coordinates"":[110.14254522155296,19.95952495582718]}"
2457,0.0,27.0,68.0,24.225162506103516,44.0,19.623112655926704,109.9558227309999,2430.345458984375,47.0,1.8148473501205444,5.0,3.0,0.7643543785011375,13.183403015136719,32.0,"{""type"":""Point"",""coordinates"":[109.9579398680936,19.621351899036323]}"
2458,0.0,25.0,172.0,20.459077835083008,144.0,18.985308804201843,108.88233596647706,1798.662353515625,48.0,3.2799642086029053,4.0,2.0,0.6087537723830619,12.527066230773926,42.0,"{""type"":""Point"",""coordinates"":[108.88333051479634,18.985837974739024]}"
2459,0.0,30.0,44.0,18.370849609375,39.0,19.34912649427025,110.45887929010684,2500.8623046875,41.0,1.013993501663208,4.0,3.0,0.7338374959739996,13.760379791259766,42.0,"{""type"":""Point"",""coordinates"":[110.45720967621615,19.347488041956247]}"
2460,0.0,27.0,72.0,28.652057647705078,49.0,19.65455369087089,109.96929746026171,2425.486328125,46.0,2.372422456741333,7.0,3.0,0.7573729704821109,12.912878036499023,32.0,"{""type"":""Point"",""coordinates"":[109.96924780441833,19.655509274232394]}"
2461,0.0,25.0,80.0,17.029573440551758,48.0,19.16048028460515,110.07709529435607,2447.77880859375,46.0,0.8929483294487,4.0,2.0,0.7189354623477247,13.885733604431152,42.0,"{""type"":""Point"",""coordinates"":[110.07823010031701,19.162540040917424]}"
2462,0.0,24.0,13.0,13.991360664367676,13.0,19.694977878656267,109.31352730285442,1975.52392578125,52.0,1.299964427947998,2.0,3.0,0.7621084219640409,13.549368858337402,35.0,"{""type"":""Point"",""coordinates"":[109.31453347759779,19.694233818917425]}"
2463,0.0,29.0,655.0,32.89985656738281,588.0,18.60352480845105,109.46174932473417,2107.558837890625,43.0,6.20154333114624,5.0,1.0,0.5709912053767681,11.522432327270508,46.0,"{""type"":""Point"",""coordinates"":[109.46112619101065,18.603774287394078]}"
2464,0.0,28.0,204.0,61.32795333862305,182.0,19.322177035746662,109.13835582245116,2349.343017578125,50.0,9.792985916137695,4.0,3.0,0.6289409217895088,11.404060363769531,39.0,"{""type"":""Point"",""coordinates"":[109.13863328248446,19.321930329706706]}"
2465,0.0,27.0,22.0,6.25417947769165,16.0,19.789300983488815,110.76879806312809,1971.188232421875,52.0,0.1828792244195938,6.0,4.0,0.7342813566974766,14.54349136352539,42.0,"{""type"":""Point"",""coordinates"":[110.7689210326064,19.790209341657118]}"
2466,0.0,28.0,448.0,41.004920959472656,303.0,18.706831066124792,109.31352730285442,2104.474365234375,49.0,8.089340209960938,5.0,1.0,0.5860051324035923,11.426780700683594,44.0,"{""type"":""Point"",""coordinates"":[109.31565629068429,18.708320412088803]}"
2467,0.0,25.0,18.0,5.678001880645752,18.0,19.528789551094157,108.96318434204784,1713.1121826171875,51.0,0.2508927583694458,3.0,3.0,0.7407799813983349,15.19172191619873,36.0,"{""type"":""Point"",""coordinates"":[108.96270030224277,19.526801847052248]}"
2468,0.0,21.0,43.0,11.032657623291016,43.0,19.677011572973875,109.36293464348103,2094.633056640625,57.0,0.6509189605712891,3.0,3.0,0.7372764626975339,14.22380256652832,35.0,"{""type"":""Point"",""coordinates"":[109.36440999149418,19.67515269593503]}"
2469,0.0,40.0,111.0,14.803667068481445,111.0,19.753368372124037,109.60547977019331,2029.538818359375,33.0,1.5108009576797485,5.0,4.0,0.6686921982570526,13.341001510620117,34.0,"{""type"":""Point"",""coordinates"":[109.60580798390981,19.753187261779367]}"
2470,0.0,24.0,108.0,38.28264617919922,100.0,18.54513431498328,109.67734499292288,2384.11669921875,54.0,4.066058158874512,4.0,1.0,0.6251639993379635,12.35134506225586,46.0,"{""type"":""Point"",""coordinates"":[109.67511458565099,18.546121274794206]}"
2471,0.0,28.0,11.0,10.404797554016113,11.0,19.470399057626388,108.94072645994487,1688.7327880859375,47.0,1.2932381629943848,2.0,3.0,0.7297867905215557,13.555707931518555,39.0,"{""type"":""Point"",""coordinates"":[108.94044730233752,19.469940705186957]}"
2472,0.0,31.0,26.0,7.015047073364258,27.0,20.085745027248258,110.61608446482774,1779.9571533203125,46.0,0.9770967364311218,3.0,4.0,0.696766612992352,12.442310333251953,44.0,"{""type"":""Point"",""coordinates"":[110.61702656773762,20.085574633569053]}"
2473,0.0,24.0,29.0,16.48894691467285,27.0,19.254803389437704,110.39150564379787,2570.716796875,51.0,0.7065954804420471,3.0,2.0,0.7750674609130422,14.149880409240723,37.0,"{""type"":""Point"",""coordinates"":[110.39133251532147,19.254662155264658]}"
2474,0.0,25.0,7.0,11.63577651977539,7.0,19.23683708375531,110.55320239493938,2306.609375,48.0,0.46931949257850647,3.0,2.0,0.7706757896093978,14.534405708312988,40.0,"{""type"":""Point"",""coordinates"":[110.55470887438595,19.235371962122677]}"
2475,0.0,28.0,89.0,15.780016899108887,57.0,19.569213738879533,110.05014583583244,2497.172119140625,45.0,0.7456365823745728,3.0,3.0,0.74688510421163,14.060650825500488,34.0,"{""type"":""Point"",""coordinates"":[110.05033054857772,19.5671884227592]}"
2476,0.0,29.0,284.0,58.02949142456055,284.0,18.473269092253716,109.87946593184972,2007.1123046875,50.0,15.24973201751709,5.0,1.0,0.5686553647664835,10.893895149230957,44.0,"{""type"":""Point"",""coordinates"":[109.87907668173972,18.47541260693963]}"
2477,0.0,24.0,142.0,24.663284301757812,68.0,19.286244424381884,110.04116268299128,2505.67822265625,53.0,1.7584506273269653,4.0,3.0,0.7059600280666197,13.17005443572998,39.0,"{""type"":""Point"",""coordinates"":[110.03901800388812,19.28472422754146]}"
2478,0.0,33.0,80.0,12.02228832244873,67.0,19.60963792666491,110.56218554778059,2339.02685546875,42.0,0.676306962966919,5.0,3.0,0.7290551989840289,13.71448040008545,34.0,"{""type"":""Point"",""coordinates"":[110.56061910341884,19.611142433637717]}"
2479,0.0,26.0,6.0,5.565467357635498,7.0,20.031846110201087,110.72388229892209,1710.458984375,43.0,0.3495285212993622,4.0,4.0,0.7141013681321174,13.517862319946289,45.0,"{""type"":""Point"",""coordinates"":[110.72330566351134,20.03015382988808]}"
2480,0.0,23.0,143.0,50.332271575927734,127.0,19.18742974312874,109.0215748355156,2200.460693359375,56.0,7.994070529937744,4.0,2.0,0.6215124522486022,11.648962020874023,41.0,"{""type"":""Point"",""coordinates"":[109.02175942285254,19.18803494780166]}"
2481,0.0,28.0,464.0,65.47293853759766,266.0,18.73378052464838,109.47073247757538,2238.554443359375,48.0,14.826825141906738,4.0,1.0,0.5571468496361012,10.792542457580566,47.0,"{""type"":""Point"",""coordinates"":[109.47006486719025,18.735678959751365]}"
2482,0.0,27.0,167.0,51.99338150024414,90.0,19.38505910563503,109.81209228554076,2448.507568359375,47.0,6.183136940002441,4.0,3.0,0.6683337019538169,11.893433570861816,37.0,"{""type"":""Point"",""coordinates"":[109.81162291464487,19.385238641344444]}"
2483,0.0,27.0,46.0,12.005284309387207,46.0,19.789300983488815,110.56667712420119,2197.389404296875,41.0,0.7404189705848694,6.0,4.0,0.7329971305707845,13.655269622802734,37.0,"{""type"":""Point"",""coordinates"":[110.56591012257223,19.790357971598393]}"
2484,0.0,23.0,4.0,6.529853820800781,7.0,18.74725525391017,110.41396352590084,1895.9713134765625,51.0,0.18172019720077515,2.0,1.0,0.7110614203807474,15.503264427185059,48.0,"{""type"":""Point"",""coordinates"":[110.41224093462354,18.74576014012663]}"
2485,0.0,29.0,77.0,13.314107894897461,67.0,19.398533834896824,110.43642140800387,2452.181640625,39.0,0.5036442875862122,4.0,3.0,0.7178459862395029,14.44034194946289,38.0,"{""type"":""Point"",""coordinates"":[110.43423105403316,19.398355100182016]}"
2486,0.0,20.0,13.0,6.023174285888672,13.0,19.65455369087089,109.19225473949831,1777.8284912109375,53.0,0.19151651859283447,2.0,3.0,0.7410792829250984,15.464654922485352,38.0,"{""type"":""Point"",""coordinates"":[109.19197459148732,19.65236048965835]}"
2487,0.0,26.0,6.0,6.482181549072266,7.0,19.942014581789138,110.79125594523106,1868.8828125,44.0,0.3502718508243561,2.0,4.0,0.7044158045073241,13.515737533569336,49.0,"{""type"":""Point"",""coordinates"":[110.79251443340895,19.94295029229621]}"
2488,0.0,28.0,570.0,28.942676544189453,446.0,18.76971313601316,109.01708325909499,1951.608154296875,49.0,6.155030250549316,7.0,1.0,0.5913094669463889,11.60464859008789,41.0,"{""type"":""Point"",""coordinates"":[109.01494117049019,18.771848742569638]}"
2489,0.0,27.0,199.0,75.10588836669922,177.0,18.95835934567826,110.21633416339455,2426.90576171875,51.0,12.252079963684082,4.0,2.0,0.5982371147745803,11.177653312683105,45.0,"{""type"":""Point"",""coordinates"":[110.2154335952594,18.958323990636295]}"
2490,0.0,28.0,55.0,8.879936218261719,53.0,19.807267289171207,110.31065726822715,2224.071533203125,42.0,0.23740015923976898,6.0,4.0,0.7460251639873466,14.948884010314941,33.0,"{""type"":""Point"",""coordinates"":[110.31047974241777,19.808913339174833]}"
2491,0.0,31.0,324.0,44.72053146362305,270.0,18.940393039995868,109.05750744688038,2034.9632568359375,40.0,9.106035232543945,7.0,2.0,0.6008474041640031,11.397435188293457,41.0,"{""type"":""Point"",""coordinates"":[109.05831772895714,18.939728792507683]}"
2492,0.0,23.0,104.0,6.6141462326049805,96.0,19.32666861216726,108.9811506477302,1981.021484375,59.0,0.1824994683265686,4.0,3.0,0.6393771944201361,15.459134101867676,42.0,"{""type"":""Point"",""coordinates"":[108.97895845012413,19.324713235593887]}"
2493,0.0,25.0,30.0,8.246282577514648,33.0,18.84606993516332,110.35557303243309,2084.740478515625,48.0,0.25949084758758545,3.0,2.0,0.7012761843952184,15.151081085205078,46.0,"{""type"":""Point"",""coordinates"":[110.35360957398186,18.844854784857514]}"
2494,0.0,26.0,129.0,20.54256248474121,50.0,19.308702306484875,110.02768795372947,2461.3125,51.0,1.3765344619750977,4.0,3.0,0.7258825904036514,13.42308235168457,39.0,"{""type"":""Point"",""coordinates"":[110.02745190142356,19.307314582929468]}"
2495,0.0,23.0,111.0,9.78699779510498,82.0,19.061665603352004,108.95869276562723,2068.481689453125,50.0,0.4854887127876282,2.0,2.0,0.6614092013477271,14.476448059082031,41.0,"{""type"":""Point"",""coordinates"":[108.95729958705778,19.061260756391736]}"
2496,0.0,33.0,520.0,58.840057373046875,384.0,19.21437920165232,109.66387026366107,2408.156494140625,38.0,10.306991577148438,5.0,2.0,0.6175341134399494,11.123514175415039,38.0,"{""type"":""Point"",""coordinates"":[109.66319905466017,19.212820490613087]}"
2497,0.0,25.0,134.0,21.309459686279297,59.0,19.33116018858786,109.87946593184972,2453.7353515625,50.0,1.4349851608276367,3.0,3.0,0.7096062947948416,13.37839412689209,40.0,"{""type"":""Point"",""coordinates"":[109.88165050754034,19.33307411666641]}"
2498,0.0,27.0,41.0,7.508979797363281,39.0,19.79828413633001,110.47235401936865,2219.2353515625,44.0,0.057359881699085236,5.0,4.0,0.7488215128555153,16.217727661132812,36.0,"{""type"":""Point"",""coordinates"":[110.47355840567437,19.79853639809633]}"
2499,0.0,24.0,405.0,22.921030044555664,359.0,18.68437318402181,109.57853031166974,2216.7021484375,53.0,2.47896671295166,4.0,1.0,0.5949399835649181,12.647980690002441,48.0,"{""type"":""Point"",""coordinates"":[109.57899619314209,18.6825532662708]}"
2500,0.0,30.0,598.0,33.41433334350586,392.0,18.6888647604424,109.42581671336939,2054.364013671875,47.0,7.025843620300293,6.0,1.0,0.5698172029270454,11.447175979614258,46.0,"{""type"":""Point"",""coordinates"":[109.42413319867086,18.68786771951339]}"
2501,0.0,23.0,92.0,11.385849952697754,55.0,19.708452607918062,109.72675233354943,2260.42578125,53.0,0.5007378458976746,2.0,3.0,0.7440374813767002,14.457032203674316,32.0,"{""type"":""Point"",""coordinates"":[109.72506570213034,19.709601927688514]}"
2502,0.0,22.0,88.0,16.43419647216797,84.0,19.32666861216726,108.90479384858008,1852.2252197265625,58.0,2.1757640838623047,2.0,3.0,0.6416068817675237,12.989931106567383,41.0,"{""type"":""Point"",""coordinates"":[108.90421971219243,19.32454872169078]}"
2503,0.0,28.0,256.0,49.407379150390625,241.0,19.209887625231723,110.21184258697394,2568.791748046875,45.0,5.214137077331543,4.0,2.0,0.648787629500728,12.007223129272461,40.0,"{""type"":""Point"",""coordinates"":[110.21110502734587,19.21153906459004]}"
2504,0.0,28.0,140.0,31.247888565063477,37.0,19.398533834896824,109.68183656934343,2457.172607421875,44.0,2.68746018409729,4.0,3.0,0.7515544247665122,12.746712684631348,35.0,"{""type"":""Point"",""coordinates"":[109.6818929598309,19.398711372966748]}"
2505,0.0,27.0,356.0,32.28470230102539,150.0,18.720305795386587,109.48869878325775,2238.554443359375,48.0,4.150824069976807,5.0,1.0,0.6027343614288009,12.167119979858398,46.0,"{""type"":""Point"",""coordinates"":[109.48792764356162,18.720940190223526]}"
2506,0.0,23.0,30.0,9.956347465515137,30.0,19.681503149394473,109.34496833779866,1975.52392578125,55.0,0.6693578362464905,2.0,3.0,0.7490683179158477,14.203444480895996,34.0,"{""type"":""Point"",""coordinates"":[109.34710199284446,19.68289711312422]}"
2507,0.0,32.0,147.0,20.676435470581055,145.0,19.54226428035595,109.26411996222788,2114.9560546875,45.0,2.3220059871673584,4.0,3.0,0.6543605341418149,12.888711929321289,37.0,"{""type"":""Point"",""coordinates"":[109.26610011374777,19.542882686387273]}"
2508,0.0,29.0,238.0,16.82292366027832,60.0,19.191921319549337,109.4392914426312,2415.94140625,42.0,0.9954878091812134,4.0,2.0,0.7158987254017926,13.677743911743164,37.0,"{""type"":""Point"",""coordinates"":[109.43707240365342,19.190200646554636]}"
2509,0.0,30.0,56.0,14.31495475769043,49.0,19.376075952793833,110.45438771368623,2457.861572265625,41.0,0.6318928599357605,4.0,3.0,0.7345093776831205,14.22618579864502,39.0,"{""type"":""Point"",""coordinates"":[110.45501446299247,19.374980508652143]}"
2510,0.0,27.0,291.0,45.52801513671875,289.0,18.590050079189254,108.88233596647706,1696.260009765625,50.0,16.039148330688477,3.0,1.0,0.5350489627304826,10.83604621887207,47.0,"{""type"":""Point"",""coordinates"":[108.88276663515751,18.59186540167861]}"
2511,0.0,28.0,4.0,6.084249496459961,5.0,20.013879804518695,110.49930347789223,1848.7701416015625,42.0,0.22943836450576782,2.0,4.0,0.7414622999596505,14.343548774719238,41.0,"{""type"":""Point"",""coordinates"":[110.49811453571328,20.01497142464285]}"
2512,0.0,22.0,28.0,12.297402381896973,27.0,19.120056096819773,110.39150564379787,2465.280029296875,52.0,0.36873725056648254,3.0,2.0,0.76149751931728,14.800871849060059,39.0,"{""type"":""Point"",""coordinates"":[110.39050727759447,19.12142146230068]}"
2513,0.0,23.0,74.0,9.331750869750977,72.0,18.832595205901526,108.77453813238276,1607.6392822265625,59.0,1.3330540657043457,3.0,2.0,0.6317730133594913,13.488516807556152,44.0,"{""type"":""Point"",""coordinates"":[108.77639206198081,18.833888105028414]}"
2514,0.0,29.0,450.0,19.093387603759766,430.0,18.79666259453675,110.1579436699268,2270.92138671875,48.0,1.8018461465835571,4.0,1.0,0.6024760050476319,12.933327674865723,47.0,"{""type"":""Point"",""coordinates"":[110.15779125682418,18.795603258886743]}"
2515,0.0,28.0,252.0,57.27138900756836,198.0,19.111072943978577,109.97828061310292,2461.674072265625,48.0,7.696949005126953,4.0,2.0,0.6123221628531876,11.617167472839355,45.0,"{""type"":""Point"",""coordinates"":[109.97823857484903,19.109334006953862]}"
2516,0.0,20.0,28.0,5.255514621734619,28.0,18.37894598742117,109.04403271761862,1680.3056640625,56.0,0.1720791757106781,2.0,1.0,0.708796457638582,15.56301212310791,40.0,"{""type"":""Point"",""coordinates"":[109.04503477472875,18.376775055286224]}"
2517,0.0,32.0,560.0,48.50720977783203,373.0,19.15598870818455,109.60547977019331,2422.058349609375,38.0,7.3834967613220215,5.0,2.0,0.6254378073439144,11.42939567565918,38.0,"{""type"":""Point"",""coordinates"":[109.60435132272987,19.157271164673297]}"
2518,0.0,27.0,101.0,33.548274993896484,71.0,19.55124743319714,109.9513311545793,2512.889892578125,46.0,2.7838571071624756,4.0,3.0,0.71887418232473,12.735323905944824,35.0,"{""type"":""Point"",""coordinates"":[109.95261377264602,19.551791653155714]}"
2519,0.0,22.0,96.0,13.255121231079102,51.0,19.510823245411764,109.86149962616736,2484.549072265625,53.0,0.46288663148880005,4.0,3.0,0.7365626710415567,14.533224105834961,38.0,"{""type"":""Point"",""coordinates"":[109.86094236343328,19.512894914369987]}"
2520,0.0,23.0,41.0,14.207807540893555,27.0,19.694977878656267,110.14446894066504,2437.535888671875,54.0,0.6338675618171692,2.0,3.0,0.7971625317811779,14.251520156860352,30.0,"{""type"":""Point"",""coordinates"":[110.14468389402204,19.69387136767735]}"
2521,0.0,35.0,416.0,44.926422119140625,412.0,18.423861751627143,109.34496833779866,1934.2215576171875,39.0,12.142916679382324,7.0,1.0,0.5814055437040904,11.036370277404785,41.0,"{""type"":""Point"",""coordinates"":[109.34282871660265,18.425271505567295]}"
2522,0.0,24.0,293.0,57.0217399597168,168.0,19.24132866017591,109.41234198410757,2492.259033203125,50.0,7.138699531555176,4.0,2.0,0.6486686872525608,11.665595054626465,37.0,"{""type"":""Point"",""coordinates"":[109.41148914673691,19.241158484333404]}"
2523,0.0,26.0,64.0,6.787841796875,64.0,18.495726974356707,109.89743223753214,2007.1123046875,47.0,0.12968769669532776,3.0,1.0,0.6650301612746797,15.824736595153809,45.0,"{""type"":""Point"",""coordinates"":[109.89704118333084,18.49683058687388]}"
2524,0.0,25.0,190.0,13.733817100524902,181.0,18.513693280039092,109.25513680938667,1976.6585693359375,54.0,1.3910061120986938,4.0,1.0,0.6114553423253496,13.374310493469238,45.0,"{""type"":""Point"",""coordinates"":[109.25308604273805,18.514338419161465]}"
2525,0.0,30.0,385.0,56.56718826293945,240.0,19.200904472390526,109.65937868724046,2408.156494140625,41.0,8.482501983642578,4.0,2.0,0.630136701457544,11.425836563110352,38.0,"{""type"":""Point"",""coordinates"":[109.65977803751902,19.201797609414072]}"
2526,0.0,25.0,172.0,15.685977935791016,84.0,19.371584376373235,109.7492102156524,2447.051513671875,50.0,0.8066672682762146,4.0,3.0,0.6959453852006349,13.930769920349121,37.0,"{""type"":""Point"",""coordinates"":[109.74830293490834,19.369935810294006]}"
2527,0.0,26.0,129.0,14.568809509277344,104.0,19.286244424381884,110.20285943413279,2590.316162109375,48.0,0.5192724466323853,4.0,3.0,0.68617886021367,14.39814281463623,38.0,"{""type"":""Point"",""coordinates"":[110.20259976525003,19.28761336986887]}"
2528,0.0,28.0,68.0,13.08435344696045,43.0,18.585558502768656,109.66387026366107,2290.20751953125,43.0,0.6681110858917236,5.0,1.0,0.6998999674806884,14.182994842529297,46.0,"{""type"":""Point"",""coordinates"":[109.66413747783987,18.58410914271904]}"
2529,0.0,31.0,86.0,16.47599983215332,62.0,19.66802842013268,109.91090696679396,2360.077880859375,42.0,1.0370069742202759,4.0,3.0,0.7462520935774408,13.732544898986816,31.0,"{""type"":""Point"",""coordinates"":[109.90928267376202,19.668681779463437]}"
2530,0.0,32.0,838.0,45.68451690673828,647.0,18.702339489704194,109.48420720683714,2238.554443359375,46.0,12.351791381835938,6.0,1.0,0.554939422413509,10.639180183410645,45.0,"{""type"":""Point"",""coordinates"":[109.48371359478259,18.70395055231172]}"
2531,0.0,25.0,1.0,7.851889133453369,4.0,18.8820025465281,110.45438771368623,1983.33203125,46.0,0.2927737236022949,3.0,2.0,0.7379231064535287,15.028074264526367,44.0,"{""type"":""Point"",""coordinates"":[110.45619220703766,18.88137558597054]}"
2532,0.0,27.0,243.0,49.6938591003418,170.0,19.40751698773802,109.50666508894017,2468.859619140625,52.0,6.20696496963501,4.0,3.0,0.6675730296904842,11.84041976928711,34.0,"{""type"":""Point"",""coordinates"":[109.50669479138504,19.40550378363961]}"
2533,0.0,23.0,18.0,7.490066051483154,18.0,18.57208377350686,110.07260371793546,2085.37158203125,44.0,0.11471964418888092,3.0,1.0,0.7236925109035635,15.974261283874512,45.0,"{""type"":""Point"",""coordinates"":[110.07377430239599,18.571742112624943]}"
2534,0.0,24.0,14.0,5.019693374633789,14.0,19.757859948544635,110.98439373131674,1610.2484130859375,51.0,0.4061118960380554,3.0,4.0,0.685551424927806,13.349996566772461,48.0,"{""type"":""Point"",""coordinates"":[110.98527628562243,19.757507264742674]}"
2535,0.0,24.0,30.0,6.924104690551758,29.0,18.49123539793611,108.95420118920663,1710.053466796875,52.0,0.49726104736328125,3.0,1.0,0.6822985362237078,14.5006685256958,46.0,"{""type"":""Point"",""coordinates"":[108.95259317907572,18.490832071046885]}"
2536,0.0,28.0,356.0,29.466995239257812,200.0,19.084123485454995,109.77615967417603,2285.42578125,46.0,3.365532636642456,4.0,2.0,0.6341187246023279,12.37744140625,40.0,"{""type"":""Point"",""coordinates"":[109.77426719708025,19.083747062845095]}"
2537,0.0,28.0,1357.0,28.027950286865234,1190.0,18.940393039995868,109.37640937274284,2199.232666015625,44.0,12.489361763000488,11.0,2.0,0.5233183647401277,9.788804054260254,46.0,"{""type"":""Point"",""coordinates"":[109.37424799011701,18.94104034586311]}"
2538,0.0,27.0,64.0,10.645505905151367,53.0,19.82972517127419,110.14896051708558,2307.186767578125,41.0,0.3703167736530304,2.0,4.0,0.7513611294863637,14.497246742248535,32.0,"{""type"":""Point"",""coordinates"":[110.14933438183363,19.829526142001793]}"
2539,0.0,31.0,98.0,20.021074295043945,87.0,19.627604232347302,109.50666508894017,2335.781982421875,46.0,1.6077919006347656,4.0,3.0,0.7051478063917056,13.286639213562012,33.0,"{""type"":""Point"",""coordinates"":[109.50677533163389,19.627071525864977]}"
2540,0.0,23.0,60.0,6.536803722381592,57.0,19.133530826081568,108.81496232016809,1666.1102294921875,57.0,0.5197827816009521,2.0,2.0,0.6770238502139829,14.43879508972168,39.0,"{""type"":""Point"",""coordinates"":[108.81524221194549,19.133428652225316]}"
2541,0.0,30.0,26.0,7.157183647155762,27.0,20.009388228098096,110.23430046907697,1924.267578125,44.0,0.43218994140625,2.0,4.0,0.7373588982208054,13.739334106445312,37.0,"{""type"":""Point"",""coordinates"":[110.23380987048692,20.011411230462354]}"
2542,0.0,27.0,640.0,49.42869186401367,460.0,18.864036240845707,109.51115666536077,2160.26513671875,50.0,12.005538940429688,4.0,2.0,0.5519814920844275,10.864572525024414,47.0,"{""type"":""Point"",""coordinates"":[109.50950572145979,18.864832972533158]}"
2543,0.0,26.0,637.0,46.96247482299805,584.0,18.774204712433757,109.65039553439925,2296.720947265625,47.0,8.567940711975098,5.0,1.0,0.5703665672512359,11.211901664733887,47.0,"{""type"":""Point"",""coordinates"":[109.65196788622141,18.774122731943844]}"
2544,0.0,27.0,5.0,5.771492004394531,6.0,19.973455616733318,110.80473067449287,1727.705078125,44.0,0.4196552336215973,4.0,4.0,0.7027865146688925,13.337213516235352,48.0,"{""type"":""Point"",""coordinates"":[110.8060792242947,19.971480525583207]}"
2545,0.0,24.0,5.0,3.4451944828033447,6.0,19.18293816670814,108.69818133323258,1315.886962890625,53.0,0.2153036892414093,2.0,2.0,0.7080167973380322,15.352168083190918,41.0,"{""type"":""Point"",""coordinates"":[108.70022758709433,19.180982972338676]}"
2546,0.0,28.0,104.0,12.860413551330566,91.0,19.434466446261602,110.42294667874205,2411.057373046875,41.0,0.4999319911003113,5.0,3.0,0.692269297076489,14.431159973144531,37.0,"{""type"":""Point"",""coordinates"":[110.42442075268448,19.43655941523998]}"
2547,0.0,27.0,655.0,52.23894500732422,565.0,19.138022402502166,109.16979685739534,2434.729248046875,49.0,9.146702766418457,7.0,2.0,0.6166543756355155,11.129207611083984,38.0,"{""type"":""Point"",""coordinates"":[109.16995556452667,19.13721260497655]}"
2548,0.0,29.0,280.0,34.13414001464844,175.0,18.91344358147228,109.97378903668232,2387.700927734375,42.0,3.5573770999908447,4.0,2.0,0.6213903010174766,12.374879837036133,45.0,"{""type"":""Point"",""coordinates"":[109.97584564650032,18.913041731556575]}"
2549,0.0,24.0,32.0,10.165336608886719,18.0,19.735402066441644,110.01421322446765,2453.1875,49.0,0.16737648844718933,2.0,3.0,0.8018455123585556,15.588397979736328,32.0,"{""type"":""Point"",""coordinates"":[110.01580036287025,19.733316457818606]}"
2550,0.0,24.0,4.0,5.98056697845459,4.0,18.369962834579972,109.15183055171292,1731.37109375,47.0,0.24846921861171722,3.0,1.0,0.736043352026835,15.20946979522705,41.0,"{""type"":""Point"",""coordinates"":[109.15285137492387,18.370156662280017]}"
2551,0.0,27.0,634.0,42.34062576293945,578.0,19.164971861025748,109.13386424603056,2362.961181640625,49.0,6.8149895668029785,5.0,2.0,0.6111071266072946,11.446252822875977,40.0,"{""type"":""Point"",""coordinates"":[109.1347784132121,19.166770616871265]}"
2552,0.0,23.0,227.0,52.85187911987305,126.0,19.304210730064277,109.37191779632224,2543.485107421875,55.0,5.92899751663208,4.0,3.0,0.6553739801468532,11.897128105163574,38.0,"{""type"":""Point"",""coordinates"":[109.37406077513954,19.303468793399304]}"
2553,0.0,31.0,56.0,8.944308280944824,50.0,19.362601223532046,110.44989613726563,2452.181640625,38.0,0.057359881699085236,5.0,3.0,0.7319560267410348,16.625600814819336,40.0,"{""type"":""Point"",""coordinates"":[110.44782151313183,19.361138501796006]}"
2554,0.0,26.0,373.0,88.94751739501953,326.0,19.003275109884235,110.07709529435607,2561.3291015625,46.0,14.541275978088379,4.0,2.0,0.5826214156750942,10.881135940551758,46.0,"{""type"":""Point"",""coordinates"":[110.07919967618714,19.00129576137674]}"
2555,0.0,27.0,398.0,59.563255310058594,378.0,18.899968852210492,110.21184258697394,2414.37841796875,47.0,9.2904052734375,4.0,2.0,0.5915021315088587,11.323830604553223,46.0,"{""type"":""Point"",""coordinates"":[110.21308538243278,18.90187491715931]}"
2556,0.0,24.0,211.0,27.857135772705078,87.0,18.73827210106898,109.0260664119362,1944.328857421875,50.0,4.371967792510986,4.0,1.0,0.6209978049306161,12.213842391967773,43.0,"{""type"":""Point"",""coordinates"":[109.02534559371041,18.7366363167131]}"
2557,0.0,23.0,100.0,20.078319549560547,62.0,19.52429797467356,109.87048277900857,2484.549072265625,53.0,1.2156460285186768,4.0,3.0,0.725163048158502,13.565128326416016,37.0,"{""type"":""Point"",""coordinates"":[109.87148014589802,19.524035110212452]}"
2558,0.0,26.0,100.0,36.79700469970703,100.0,18.343013376056383,109.51115666536077,1910.6126708984375,53.0,7.262907981872559,4.0,0.0,0.6155325389675278,11.7723970413208,40.0,"{""type"":""Point"",""coordinates"":[109.50980583731699,18.344305534502134]}"
2559,0.0,22.0,104.0,11.593420028686523,82.0,19.120056096819773,109.05301587045977,2317.00634765625,58.0,0.5011124014854431,2.0,2.0,0.6811867575942476,14.449028968811035,40.0,"{""type"":""Point"",""coordinates"":[109.05323853652911,19.11888543051969]}"
2560,0.0,29.0,51.0,11.905555725097656,51.0,19.847691476956584,110.33311515033012,2224.071533203125,42.0,0.6805126667022705,6.0,4.0,0.7422833904445346,13.898846626281738,34.0,"{""type"":""Point"",""coordinates"":[110.33360709454736,19.848083784545768]}"
2561,0.0,25.0,26.0,6.379136562347412,29.0,18.65293214907762,108.75208025027973,1622.9434814453125,51.0,0.5197625160217285,3.0,1.0,0.6861227233158921,14.45872974395752,44.0,"{""type"":""Point"",""coordinates"":[108.7521850393963,18.650857846520676]}"
2562,0.0,23.0,247.0,36.411128997802734,223.0,18.949376192837065,108.8733528136359,1785.240234375,57.0,9.30587100982666,5.0,2.0,0.5811682325870624,11.42786693572998,43.0,"{""type"":""Point"",""coordinates"":[108.87428390083068,18.947548147214096]}"
2563,0.0,29.0,111.0,10.404123306274414,57.0,19.178446590287543,109.99175534236468,2447.962890625,41.0,0.21062707901000977,4.0,2.0,0.7190791894641251,15.311534881591797,40.0,"{""type"":""Point"",""coordinates"":[109.99077112402593,19.180431749180887]}"
2564,0.0,29.0,434.0,55.42588806152344,247.0,18.79217101811615,109.50666508894017,2277.970703125,48.0,10.601861000061035,4.0,1.0,0.5696520476861312,11.162148475646973,48.0,"{""type"":""Point"",""coordinates"":[109.50579564919062,18.792313604747072]}"
2565,0.0,21.0,8.0,8.251317024230957,10.0,18.40589544594475,109.75819336849361,2004.039306640625,51.0,0.30765363574028015,2.0,1.0,0.7445696571294204,14.99351978302002,41.0,"{""type"":""Point"",""coordinates"":[109.75614463472219,18.407834858414347]}"
2566,0.0,29.0,170.0,41.57733917236328,46.0,18.783187865274954,109.11589794034813,1974.6949462890625,41.0,7.812171459197998,4.0,1.0,0.6683042997764839,11.655350685119629,41.0,"{""type"":""Point"",""coordinates"":[109.11628617307453,18.78341305716066]}"
2567,0.0,21.0,148.0,14.130659103393555,122.0,19.515314821832362,109.47971563041654,2394.724853515625,56.0,0.6727234721183777,4.0,3.0,0.6859842923209002,14.127442359924316,35.0,"{""type"":""Point"",""coordinates"":[109.478387997659,19.514807393437835]}"
2568,0.0,26.0,223.0,22.805606842041016,46.0,19.277261271540688,109.52912297104314,2477.41064453125,46.0,1.5805813074111938,4.0,2.0,0.733400442380579,13.22513484954834,37.0,"{""type"":""Point"",""coordinates"":[109.5308444223213,19.276030292782846]}"
2569,0.0,22.0,28.0,17.695363998413086,28.0,18.325047070373998,109.28657784433085,1781.3466796875,56.0,2.6021387577056885,4.0,0.0,0.7121949293768451,12.846193313598633,39.0,"{""type"":""Point"",""coordinates"":[109.28685274495494,18.325704986443547]}"
2570,0.0,29.0,283.0,57.20174789428711,228.0,19.420991716999815,109.88395750827033,2568.3486328125,42.0,6.646057605743408,5.0,3.0,0.6558999981542077,11.74462604522705,37.0,"{""type"":""Point"",""coordinates"":[109.88341214154129,19.422271671360715]}"
2571,0.0,36.0,690.0,54.24774932861328,585.0,18.967342498519457,109.97378903668232,2268.375244140625,37.0,13.19546127319336,4.0,2.0,0.5737817783611773,10.720946311950684,42.0,"{""type"":""Point"",""coordinates"":[109.97155585511015,18.96696506070074]}"
2572,0.0,27.0,53.0,14.170178413391113,34.0,19.564722162458935,110.45887929010684,2374.86572265625,47.0,0.7981175780296326,5.0,3.0,0.7466005154423134,13.737868309020996,39.0,"{""type"":""Point"",""coordinates"":[110.46070284557365,19.56662251275692]}"
2573,0.0,29.0,303.0,19.7528133392334,175.0,19.15598870818455,109.27310311506909,2446.190673828125,43.0,1.343584418296814,4.0,2.0,0.6677985926362509,13.333916664123535,37.0,"{""type"":""Point"",""coordinates"":[109.27462896552065,19.15439893417194]}"
2574,0.0,31.0,332.0,46.61265563964844,291.0,18.581066926348058,109.385392525584,2054.148193359375,40.0,9.539170265197754,5.0,1.0,0.5807886298322045,11.344517707824707,45.0,"{""type"":""Point"",""coordinates"":[109.3863832619224,18.57993793713061]}"
2575,0.0,27.0,1040.0,44.97234344482422,846.0,19.066157179772603,109.21920419802188,2241.46240234375,42.0,13.729190826416016,8.0,2.0,0.5631107610533783,10.279966354370117,40.0,"{""type"":""Point"",""coordinates"":[109.22101416427338,19.067593284249114]}"
2576,0.0,24.0,81.0,12.640748977661133,77.0,18.563100620665672,108.9811506477302,1850.952880859375,53.0,1.3744299411773682,2.0,1.0,0.6214487023898495,13.453758239746094,48.0,"{""type"":""Point"",""coordinates"":[108.98162512518681,18.565177340948452]}"
2577,0.0,25.0,44.0,15.16537857055664,35.0,19.650062114450293,110.29718253896533,2387.02685546875,48.0,0.862929105758667,3.0,3.0,0.7804885450652201,13.700075149536133,31.0,"{""type"":""Point"",""coordinates"":[110.2982888847062,19.65220881710702]}"
2578,0.0,25.0,31.0,6.953485012054443,30.0,18.48674382151551,108.95869276562723,1710.053466796875,51.0,0.5113502144813538,2.0,1.0,0.6847880833417223,14.472146987915039,45.0,"{""type"":""Point"",""coordinates"":[108.95782091102366,18.484998095377097]}"
2579,0.0,29.0,65.0,11.155994415283203,63.0,19.820742018433002,110.29269096254473,2249.654541015625,43.0,0.5509002208709717,6.0,4.0,0.7301516629399925,14.099251747131348,34.0,"{""type"":""Point"",""coordinates"":[110.29085733529705,19.819027695459734]}"
2580,0.0,23.0,54.0,14.210138320922852,54.0,19.726418913600448,109.52013981820193,2097.0947265625,56.0,1.149704098701477,3.0,3.0,0.7314783943793169,13.6483793258667,33.0,"{""type"":""Point"",""coordinates"":[109.52043085140433,19.724637248976283]}"
2581,0.0,27.0,708.0,50.47269821166992,584.0,18.79217101811615,109.0260664119362,1951.608154296875,49.0,18.03140640258789,8.0,1.0,0.5538673006251851,10.375713348388672,40.0,"{""type"":""Point"",""coordinates"":[109.02553870748139,18.79096276070945]}"
2582,0.0,24.0,128.0,18.861082077026367,95.0,19.46590748120579,109.37191779632224,2411.119384765625,56.0,1.2889039516448975,3.0,3.0,0.6949174905505512,13.48949909210205,34.0,"{""type"":""Point"",""coordinates"":[109.37146573531653,19.464191834530837]}"
2583,0.0,30.0,51.0,9.861666679382324,51.0,19.371584376373235,108.80148759090633,1544.7276611328125,44.0,1.5778745412826538,3.0,3.0,0.6608093010340844,13.333452224731445,42.0,"{""type"":""Point"",""coordinates"":[108.80339732913681,19.370411633118117]}"
2585,0.0,24.0,16.0,15.897981643676758,16.0,19.191921319549337,110.43642140800387,2458.581298828125,48.0,0.7514815330505371,3.0,2.0,0.7767462584146645,14.07660961151123,38.0,"{""type"":""Point"",""coordinates"":[110.43692641820859,19.192141220518227]}"
2586,0.0,22.0,11.0,2.9971401691436768,11.0,19.088615061875586,108.65326556902659,1239.5926513671875,55.0,0.16702447831630707,2.0,2.0,0.6842667893370485,15.602639198303223,44.0,"{""type"":""Point"",""coordinates"":[108.65539708390924,19.087335551767094]}"
2587,0.0,27.0,4.0,4.87156343460083,5.0,20.04532083946288,110.70142441681912,1710.458984375,44.0,0.1299566924571991,2.0,4.0,0.7112174747776722,14.511661529541016,46.0,"{""type"":""Point"",""coordinates"":[110.70339608036335,20.044012376709052]}"
2588,0.0,23.0,22.0,6.888823509216309,19.0,19.8252335948536,110.85413801511942,1757.096435546875,54.0,0.8435750007629395,3.0,4.0,0.6915156576592668,12.60077953338623,47.0,"{""type"":""Point"",""coordinates"":[110.85221644620076,19.824147996763166]}"
2589,0.0,24.0,31.0,13.498200416564941,31.0,18.40589544594475,109.0260664119362,1779.36962890625,48.0,1.6218050718307495,3.0,1.0,0.7022780220109239,13.317666053771973,41.0,"{""type"":""Point"",""coordinates"":[109.02461592922086,18.404465233336456]}"
2590,0.0,20.0,24.0,11.95294189453125,26.0,18.419370175206545,109.79412597985839,2004.039306640625,54.0,0.8579846620559692,2.0,1.0,0.7280672441612999,13.958626747131348,40.0,"{""type"":""Point"",""coordinates"":[109.79496511924611,18.41823122550764]}"
2591,0.0,30.0,330.0,40.986263275146484,201.0,18.82361205306033,109.22369577444249,2139.259521484375,43.0,6.916673183441162,5.0,2.0,0.5938914801496314,11.671822547912598,45.0,"{""type"":""Point"",""coordinates"":[109.22430727786592,18.822144758597087]}"
2592,0.0,25.0,323.0,46.707183837890625,254.0,18.864036240845707,110.05463741225304,2220.776611328125,49.0,7.398202896118164,4.0,2.0,0.5961544819489097,11.608725547790527,45.0,"{""type"":""Point"",""coordinates"":[110.05426379899788,18.864934592128343]}"
2593,0.0,28.0,33.0,14.720499992370605,33.0,19.672519996553277,110.6834581111367,2287.281982421875,46.0,1.0964926481246948,6.0,3.0,0.7478659603488473,13.274285316467285,38.0,"{""type"":""Point"",""coordinates"":[110.68163436066052,19.67402617580703]}"
2594,0.0,28.0,141.0,42.14555740356445,109.0,19.12454767324037,110.07260371793546,2436.7685546875,47.0,4.524666786193848,4.0,2.0,0.6332751720725054,12.223796844482422,44.0,"{""type"":""Point"",""coordinates"":[110.07375941731215,19.12372142372878]}"
2595,0.0,36.0,76.0,7.907834529876709,76.0,19.82972517127419,109.74471863923185,1993.1951904296875,38.0,0.38341155648231506,3.0,4.0,0.6981105272630129,14.733609199523926,34.0,"{""type"":""Point"",""coordinates"":[109.74267209715255,19.829137631966738]}"
2596,0.0,26.0,198.0,44.99193572998047,191.0,18.59903323203045,108.99013380057141,1850.952880859375,51.0,11.35413932800293,4.0,1.0,0.5538775505632746,11.256606101989746,49.0,"{""type"":""Point"",""coordinates"":[108.98813430693357,18.597217750943866]}"
2597,0.0,27.0,1290.0,33.54875946044922,1121.0,18.95835934567826,109.40335883126642,2204.309814453125,42.0,14.084921836853027,12.0,2.0,0.5366751537383667,9.820838928222656,43.0,"{""type"":""Point"",""coordinates"":[109.40344865976063,18.958345462611735]}"
2598,0.0,23.0,22.0,11.496438026428223,25.0,18.873019393686903,110.39150564379787,2169.853515625,49.0,0.5767737627029419,4.0,2.0,0.7195923091103209,14.35696029663086,45.0,"{""type"":""Point"",""coordinates"":[110.39139907173795,18.871385743808876]}"
2599,0.0,27.0,17.0,6.797585487365723,18.0,20.05879556872467,110.61159288840719,1779.9571533203125,45.0,0.7107001543045044,4.0,4.0,0.7087690033705646,12.783575057983398,44.0,"{""type"":""Point"",""coordinates"":[110.61245463637349,20.060487575633175]}"
2600,0.0,24.0,33.0,12.424535751342773,33.0,19.55573900961774,109.25513680938667,2135.86328125,48.0,0.7528092265129089,2.0,3.0,0.7458038621389842,14.084196090698242,36.0,"{""type"":""Point"",""coordinates"":[109.25626030099671,19.5560058349487]}"
2601,0.0,36.0,893.0,36.913352966308594,742.0,18.91344358147228,109.26861153864849,2035.63525390625,38.0,11.983392715454102,5.0,2.0,0.5411365090596125,10.608327865600586,45.0,"{""type"":""Point"",""coordinates"":[109.26750411408295,18.91143076171734]}"
2602,0.0,32.0,76.0,22.236679077148438,73.0,19.77133467780643,110.02319637730886,2474.703125,40.0,1.527776837348938,4.0,4.0,0.7392308671508542,13.350926399230957,31.0,"{""type"":""Point"",""coordinates"":[110.02370525356265,19.773227946461464]}"
2603,0.0,29.0,66.0,10.137691497802734,65.0,19.68599472581507,110.65650865261313,2287.281982421875,48.0,0.4411483407020569,5.0,3.0,0.7166136075242695,14.154808044433594,37.0,"{""type"":""Point"",""coordinates"":[110.65630768767925,19.68591061637523]}"
2604,0.0,27.0,127.0,30.896175384521484,57.0,19.394042258476226,109.83904174406439,2448.507568359375,44.0,2.6088316440582275,4.0,3.0,0.7165387728858404,12.784481048583984,38.0,"{""type"":""Point"",""coordinates"":[109.83903300635453,19.39261640507114]}"
2605,0.0,28.0,224.0,72.487060546875,201.0,19.304210730064277,109.15183055171292,2386.53564453125,44.0,11.665749549865723,6.0,3.0,0.6199353231911888,11.211915969848633,40.0,"{""type"":""Point"",""coordinates"":[109.1515882838554,19.304611242211205]}"
2606,0.0,22.0,8.0,3.3953921794891357,8.0,18.832595205901526,108.6622487218678,1411.12451171875,54.0,0.057359881699085236,2.0,2.0,0.6852226324142501,16.673158645629883,47.0,"{""type"":""Point"",""coordinates"":[108.66204417448647,18.834439546831018]}"
2607,0.0,24.0,140.0,11.908687591552734,105.0,18.85954466442511,110.10853632930025,2121.096923828125,51.0,0.751024067401886,3.0,2.0,0.6202583178366547,14.022303581237793,46.0,"{""type"":""Point"",""coordinates"":[110.10851134461275,18.861576309038682]}"
2608,0.0,26.0,950.0,46.46485900878906,777.0,18.985308804201843,109.42581671336939,2204.309814453125,43.0,13.261055946350098,7.0,2.0,0.5575675420940546,10.435006141662598,42.0,"{""type"":""Point"",""coordinates"":[109.42691315764151,18.983797512516208]}"
2610,0.0,28.0,188.0,7.804571151733398,59.0,18.729288948227783,109.13386424603056,1955.2479248046875,42.0,0.3395094573497772,4.0,1.0,0.668615499949486,14.786055564880371,43.0,"{""type"":""Point"",""coordinates"":[109.13578105745692,18.731381853391596]}"
2611,0.0,30.0,35.0,10.777667045593262,33.0,19.793792559909413,110.42743825516266,2310.51513671875,40.0,0.4317674934864044,7.0,4.0,0.7702126448036668,14.267314910888672,34.0,"{""type"":""Point"",""coordinates"":[110.4294308887256,19.79312551941592]}"
2612,0.0,28.0,1159.0,45.32193374633789,1074.0,19.084123485454995,109.16081370455413,2315.17333984375,46.0,16.669736862182617,11.0,2.0,0.5507546178513487,9.893625259399414,41.0,"{""type"":""Point"",""coordinates"":[109.16276133546984,19.08590156127209]}"
2613,0.0,30.0,218.0,51.824058532714844,187.0,18.97183407494005,110.1579436699268,2285.305419921875,40.0,7.612868309020996,4.0,2.0,0.6049520998184421,11.650696754455566,45.0,"{""type"":""Point"",""coordinates"":[110.15823830973433,18.970040852418045]}"
2614,0.0,29.0,360.0,33.81732177734375,348.0,19.227853930914115,110.23430046907697,2568.791748046875,43.0,2.9793219566345215,4.0,2.0,0.6469059511141921,12.496711730957031,41.0,"{""type"":""Point"",""coordinates"":[110.23384056950775,19.228074615668074]}"
2615,0.0,24.0,20.0,8.935402870178223,20.0,19.12903924966097,110.40947194948029,2398.890869140625,50.0,0.0835232064127922,3.0,2.0,0.7671223705393238,16.29047393798828,39.0,"{""type"":""Point"",""coordinates"":[110.40999095404092,19.126954492008263]}"
2616,0.0,26.0,229.0,22.762434005737305,210.0,18.5092017036185,109.32251045569564,2005.75732421875,54.0,3.2047324180603027,4.0,1.0,0.5999150125152037,12.513577461242676,46.0,"{""type"":""Point"",""coordinates"":[109.32455152091946,18.508454862027506]}"
2617,0.0,29.0,378.0,35.4290885925293,250.0,18.940393039995868,109.87048277900857,2317.205322265625,42.0,4.331021785736084,4.0,2.0,0.6043468962898426,12.108582496643066,46.0,"{""type"":""Point"",""coordinates"":[109.87017166904934,18.938705474601523]}"
2618,0.0,30.0,23.0,10.404851913452148,23.0,19.96896404031272,109.94234800173814,2181.903564453125,39.0,0.5025103092193604,2.0,4.0,0.7569966485858893,14.223554611206055,37.0,"{""type"":""Point"",""coordinates"":[109.9426619549375,19.970294679345297]}"
2619,0.0,22.0,48.0,4.642105579376221,45.0,19.079631909034397,108.79699601448573,1544.436279296875,57.0,0.23733027279376984,3.0,2.0,0.6765575028714602,15.229842185974121,41.0,"{""type"":""Point"",""coordinates"":[108.79657757244772,19.078961888866164]}"
2620,0.0,29.0,14.0,6.005699157714844,14.0,19.77133467780643,109.34945991421921,1790.6478271484375,41.0,0.21088416874408722,4.0,4.0,0.76435752735228,15.367744445800781,33.0,"{""type"":""Point"",""coordinates"":[109.34778152606853,19.77318029553195]}"
2621,0.0,21.0,45.0,10.910432815551758,29.0,19.564722162458935,110.38252249095666,2397.133056640625,54.0,0.3097274601459503,3.0,3.0,0.7589176750782923,14.735158920288086,38.0,"{""type"":""Point"",""coordinates"":[110.38368210321978,19.563403911131285]}"
2622,0.0,26.0,116.0,48.220420837402344,119.0,18.26665657690623,109.60547977019331,1844.4837646484375,54.0,12.679667472839355,4.0,0.0,0.5989940448308754,11.194308280944824,39.0,"{""type"":""Point"",""coordinates"":[109.60747487627418,18.265727679270384]}"
2623,0.0,25.0,230.0,39.960506439208984,82.0,18.82810362948093,109.32700203211624,2119.0888671875,51.0,6.342323303222656,5.0,2.0,0.6204653220946557,11.827251434326172,45.0,"{""type"":""Point"",""coordinates"":[109.32904558483241,18.83032812683174]}"
2624,0.0,25.0,44.0,11.314979553222656,35.0,19.591671620982524,110.3196404210683,2402.07421875,49.0,0.34968870878219604,3.0,3.0,0.7524291871109371,14.80639934539795,38.0,"{""type"":""Point"",""coordinates"":[110.31813298370676,19.590562890445305]}"
2625,0.0,27.0,307.0,17.614465713500977,229.0,19.01674983914603,109.96480588384111,2314.163330078125,50.0,1.3584672212600708,4.0,2.0,0.6331736095884085,13.3201322555542,43.0,"{""type"":""Point"",""coordinates"":[109.96652859302574,19.014749656186012]}"
2626,0.0,27.0,252.0,49.699668884277344,62.0,18.953867769257663,109.53810612388435,2362.948974609375,47.0,6.671887397766113,4.0,2.0,0.6659971975867216,11.761595726013184,42.0,"{""type"":""Point"",""coordinates"":[109.53759082777715,18.95208036372912]}"
2627,0.0,27.0,81.0,21.13491439819336,81.0,18.697847913283596,110.23879204549758,2043.6812744140625,46.0,2.3751060962677,4.0,1.0,0.6349130480946964,12.906373977661133,46.0,"{""type"":""Point"",""coordinates"":[110.24049004949242,18.70007302285935]}"
2628,0.0,24.0,54.0,16.534502029418945,48.0,19.21887077807292,108.88233596647706,1859.462158203125,53.0,2.1073317527770996,4.0,2.0,0.6813360881992598,13.042144775390625,42.0,"{""type"":""Point"",""coordinates"":[108.88419523095027,19.217318465723295]}"
2629,0.0,24.0,11.0,7.366405963897705,11.0,19.46590748120579,109.01708325909499,1890.7239990234375,47.0,0.30954471230506897,2.0,3.0,0.7586927899036383,14.98567008972168,36.0,"{""type"":""Point"",""coordinates"":[109.01834185665206,19.466450782275054]}"
2630,0.0,26.0,523.0,63.96348190307617,353.0,18.93590146357527,109.4437830190518,2322.0009765625,50.0,13.18563461303711,4.0,2.0,0.5763769827898412,10.867765426635742,44.0,"{""type"":""Point"",""coordinates"":[109.4417484547272,18.934204302551347]}"
2631,0.0,25.0,340.0,67.77393341064453,300.0,19.164971861025748,109.11140636392759,2362.961181640625,50.0,11.677342414855957,4.0,2.0,0.6108568767463242,11.131942749023438,40.0,"{""type"":""Point"",""coordinates"":[109.11058776946177,19.166275855616625]}"
2632,0.0,26.0,473.0,75.97413635253906,445.0,19.26827811869949,109.12937266960995,2412.712646484375,52.0,15.44268798828125,5.0,2.0,0.6042282947419964,10.742876052856445,38.0,"{""type"":""Point"",""coordinates"":[109.13054514293373,19.268482414835564]}"
2633,0.0,24.0,7.0,5.922657012939453,8.0,19.977947193153916,110.64752549977192,1898.6990966796875,48.0,0.12994441390037537,2.0,4.0,0.7190851696983301,14.505141258239746,46.0,"{""type"":""Point"",""coordinates"":[110.64812220969334,19.977970948171535]}"
2634,0.0,28.0,66.0,14.081161499023438,66.0,19.560230586038337,109.19225473949831,2014.7352294921875,49.0,1.3230582475662231,3.0,3.0,0.6852543648161369,13.500802040100098,39.0,"{""type"":""Point"",""coordinates"":[109.19279639620476,19.558909870207735]}"
2635,0.0,26.0,907.0,21.60354995727539,854.0,18.79666259453675,108.92725173068305,1790.397216796875,49.0,6.305461883544922,9.0,1.0,0.5544077738206892,11.244684219360352,43.0,"{""type"":""Point"",""coordinates"":[108.92559037980236,18.797873404749193]}"
2636,0.0,28.0,136.0,30.05523109436035,89.0,19.474890634046986,109.98726376594408,2557.805908203125,40.0,2.1797633171081543,4.0,3.0,0.6884207695586431,12.958822250366211,38.0,"{""type"":""Point"",""coordinates"":[109.98505172797476,19.476236739863005]}"
2637,0.0,28.0,719.0,60.20335006713867,704.0,18.71581421896599,109.92438169605572,2422.595703125,46.0,12.55454158782959,5.0,1.0,0.5558445700205602,10.744766235351562,48.0,"{""type"":""Point"",""coordinates"":[109.92305554406337,18.717840286345012]}"
2638,0.0,27.0,471.0,43.872249603271484,384.0,18.675390031180612,109.31352730285442,2082.710693359375,50.0,9.429780006408691,5.0,1.0,0.5748505799272818,11.253249168395996,45.0,"{""type"":""Point"",""coordinates"":[109.31449683111639,18.67344412562168]}"
2639,0.0,29.0,444.0,30.92008399963379,435.0,18.531659585721485,109.20572946876013,1971.8980712890625,49.0,6.232214450836182,5.0,1.0,0.5848948860567149,11.693380355834961,44.0,"{""type"":""Point"",""coordinates"":[109.20561944742849,18.53260609162752]}"
2640,0.0,27.0,250.0,79.1075668334961,238.0,19.205396048811124,110.23430046907697,2568.791748046875,46.0,11.070740699768066,4.0,2.0,0.6280972084187523,11.248504638671875,40.0,"{""type"":""Point"",""coordinates"":[110.23493304596576,19.205394855915873]}"
2641,0.0,30.0,405.0,53.651371002197266,227.0,19.12903924966097,109.52912297104314,2362.609375,38.0,8.124028205871582,5.0,2.0,0.6194755113428688,11.454888343811035,40.0,"{""type"":""Point"",""coordinates"":[109.52891338577277,19.13023428456724]}"
2642,0.0,28.0,324.0,51.47538757324219,327.0,18.3160639175328,109.65488711081986,1958.8673095703125,49.0,13.34860897064209,5.0,0.0,0.5738031822857566,11.005105018615723,43.0,"{""type"":""Point"",""coordinates"":[109.65458545348075,18.31703421013922]}"
2643,0.0,26.0,334.0,47.30073928833008,224.0,19.173955013866944,109.19225473949831,2377.816162109375,47.0,6.233504295349121,5.0,2.0,0.6353205782896578,11.773920059204102,39.0,"{""type"":""Point"",""coordinates"":[109.19444853277703,19.175977687575646]}"
2644,0.0,27.0,333.0,37.688720703125,297.0,18.93590146357527,108.89581069573887,1785.240234375,53.0,10.860307693481445,4.0,2.0,0.5665523799309832,11.21132755279541,44.0,"{""type"":""Point"",""coordinates"":[108.89565491792983,18.936951550700666]}"
2645,0.0,22.0,77.0,8.804953575134277,69.0,19.313193882905473,108.90479384858008,1852.2252197265625,58.0,0.679680347442627,2.0,3.0,0.6643419822463252,14.160466194152832,41.0,"{""type"":""Point"",""coordinates"":[108.90343179086717,19.315284324977892]}"
2646,0.0,25.0,16.0,3.629089832305908,16.0,18.967342498519457,108.7116560624944,1400.225830078125,48.0,0.1341838240623474,2.0,2.0,0.6882588774405385,15.818694114685059,44.0,"{""type"":""Point"",""coordinates"":[108.71053384485938,18.9661242867683]}"
2647,0.0,30.0,966.0,20.973941802978516,941.0,18.724797371807185,108.87784439005651,1653.1212158203125,46.0,8.886631965637207,8.0,1.0,0.5219845509933152,10.825156211853027,46.0,"{""type"":""Point"",""coordinates"":[108.87780215633506,18.72530374626041]}"
2648,0.0,26.0,245.0,51.44014358520508,144.0,19.250311813017106,109.29556099717206,2573.3681640625,51.0,5.637760639190674,4.0,2.0,0.661584764494278,11.935966491699219,37.0,"{""type"":""Point"",""coordinates"":[109.29562510574404,19.24812647154994]}"
2649,0.0,23.0,17.0,12.493651390075684,17.0,18.554117467824476,110.06811214151486,2085.37158203125,47.0,0.8051117062568665,2.0,1.0,0.725752474589565,14.026283264160156,44.0,"{""type"":""Point"",""coordinates"":[110.06602929378322,18.555057538201225]}"
2650,0.0,31.0,338.0,48.64944839477539,146.0,19.084123485454995,109.40335883126642,2328.90869140625,38.0,6.996281623840332,4.0,2.0,0.6202419319225615,11.654623985290527,41.0,"{""type"":""Point"",""coordinates"":[109.40445363162944,19.084182946709976]}"
2651,0.0,27.0,87.0,18.537256240844727,60.0,19.488365363308773,110.17590997560922,2474.58447265625,48.0,1.0897296667099,4.0,3.0,0.7326704476758252,13.682342529296875,36.0,"{""type"":""Point"",""coordinates"":[110.17500935986476,19.48887807145455]}"
2652,0.0,21.0,146.0,15.016497611999512,118.0,19.506331668991166,109.4347998662106,2353.402587890625,57.0,0.8414064645767212,3.0,3.0,0.677758445973381,13.904922485351562,36.0,"{""type"":""Point"",""coordinates"":[109.43565445802449,19.504680155129876]}"
2653,0.0,26.0,252.0,55.710487365722656,252.0,18.581066926348058,110.13099421140322,2118.16162109375,50.0,11.16250991821289,4.0,1.0,0.5829076223884845,11.238706588745117,45.0,"{""type"":""Point"",""coordinates"":[110.1320975516408,18.57888797232858]}"
2654,0.0,24.0,94.0,16.559310913085938,61.0,19.55124743319714,110.0052300716265,2499.493896484375,51.0,0.8094721436500549,3.0,3.0,0.7330556487935317,13.975485801696777,36.0,"{""type"":""Point"",""coordinates"":[110.00659768908473,19.551890871794132]}"
2655,0.0,24.0,62.0,17.762109756469727,46.0,19.659045267291482,110.08607844719722,2439.843994140625,51.0,1.0123716592788696,3.0,3.0,0.7650250267467875,13.770895957946777,32.0,"{""type"":""Point"",""coordinates"":[110.08681694216656,19.660700990165836]}"
2656,0.0,30.0,818.0,26.590869903564453,795.0,18.778696288854356,108.8733528136359,1748.3607177734375,48.0,9.790364265441895,10.0,1.0,0.5350011724263846,10.899090766906738,46.0,"{""type"":""Point"",""coordinates"":[108.87383210427363,18.779938668587832]}"
2657,0.0,30.0,302.0,60.18320846557617,248.0,18.944884616416466,109.04852429403917,2039.1141357421875,40.0,14.31783390045166,7.0,2.0,0.5861568644593681,10.947500228881836,41.0,"{""type"":""Point"",""coordinates"":[109.04804708497825,18.94608799851153]}"
2658,0.0,25.0,35.0,29.371679306030273,36.0,18.45979436299192,109.70878602786706,2092.06005859375,47.0,3.5599422454833984,3.0,1.0,0.6941311322068695,12.52811336517334,44.0,"{""type"":""Point"",""coordinates"":[109.70708305316872,18.459992913383036]}"
2659,0.0,30.0,590.0,64.32079315185547,544.0,18.76522155959256,109.81209228554076,2450.55078125,39.0,11.604808807373047,4.0,1.0,0.579555774603195,10.943483352661133,45.0,"{""type"":""Point"",""coordinates"":[109.81339601517777,18.766797681598806]}"
2660,0.0,21.0,30.0,11.63940715789795,28.0,18.329538646794596,109.26861153864849,1781.3466796875,59.0,1.3345465660095215,3.0,0.0,0.715806357368566,13.513280868530273,39.0,"{""type"":""Point"",""coordinates"":[109.26903699567214,18.330169629837563]}"
2661,0.0,23.0,29.0,19.7480411529541,29.0,19.18742974312874,110.42743825516266,2458.581298828125,50.0,1.167595624923706,4.0,2.0,0.7603570745859509,13.62821102142334,38.0,"{""type"":""Point"",""coordinates"":[110.42680083967026,19.188197546981783]}"
2662,0.0,44.0,90.0,10.71812629699707,84.0,19.811758865591806,109.73124390997003,1993.1951904296875,33.0,0.958355188369751,5.0,4.0,0.6833503548043125,13.809032440185547,35.0,"{""type"":""Point"",""coordinates"":[109.73062219210354,19.809590038004718]}"
2663,0.0,25.0,140.0,19.005096435546875,113.0,19.232345507334713,109.09793163466577,2242.354248046875,43.0,1.4588207006454468,4.0,2.0,0.6607150101701332,13.358198165893555,38.0,"{""type"":""Point"",""coordinates"":[109.0964322671568,19.230284860506366]}"
2664,0.0,31.0,32.0,12.975162506103516,32.0,19.928539852527344,109.89294066111154,2186.51904296875,41.0,0.9222845435142517,3.0,4.0,0.7503035213757561,13.60940933227539,36.0,"{""type"":""Point"",""coordinates"":[109.89474889632586,19.926744102057537]}"
2665,0.0,28.0,317.0,25.565471649169922,172.0,18.80115417095734,109.31801887927503,2119.0888671875,49.0,3.368366241455078,6.0,1.0,0.6063776931028759,12.40415096282959,45.0,"{""type"":""Point"",""coordinates"":[109.31875469213867,18.800973616536265]}"
2666,0.0,30.0,334.0,27.56735610961914,213.0,18.976325651360646,109.88395750827033,2199.937744140625,40.0,3.266533136367798,4.0,2.0,0.6219774058491736,12.423001289367676,42.0,"{""type"":""Point"",""coordinates"":[109.8851401108653,18.97488754951389]}"
2667,0.0,27.0,381.0,40.26012420654297,236.0,18.706831066124792,109.30903572643388,2104.474365234375,49.0,7.32392692565918,4.0,1.0,0.5870111695185511,11.577493667602539,45.0,"{""type"":""Point"",""coordinates"":[109.31028910791589,18.70839046825113]}"
2668,0.0,23.0,133.0,12.299753189086914,78.0,19.483873786888182,109.56505558240792,2435.49169921875,53.0,0.4297458827495575,3.0,3.0,0.7052483127115878,14.584918022155762,37.0,"{""type"":""Point"",""coordinates"":[109.56718626398843,19.484338250927426]}"
2669,0.0,23.0,44.0,11.372395515441895,35.0,19.60514635024431,110.34209830317133,2373.91259765625,52.0,0.40382999181747437,4.0,3.0,0.7601739995921135,14.470588684082031,36.0,"{""type"":""Point"",""coordinates"":[110.34352247053103,19.604545744040383]}"
2670,0.0,21.0,11.0,5.336653232574463,14.0,18.495726974356707,108.80148759090633,1498.8682861328125,54.0,0.4406075179576874,2.0,1.0,0.7090760513164666,14.542510986328125,41.0,"{""type"":""Point"",""coordinates"":[108.8003016748393,18.49594388023452]}"
2671,0.0,25.0,85.0,26.187955856323242,71.0,19.587180044561926,109.47971563041654,2399.52490234375,51.0,2.1545770168304443,5.0,3.0,0.7256830344614161,13.001526832580566,33.0,"{""type"":""Point"",""coordinates"":[109.48125269267209,19.58802138657456]}"
2672,0.0,25.0,13.0,12.172436714172363,11.0,19.259294965858295,110.42743825516266,2574.03955078125,43.0,0.2506730258464813,3.0,2.0,0.7961229519577195,15.176318168640137,37.0,"{""type"":""Point"",""coordinates"":[110.4266615171605,19.258238957912305]}"
2673,0.0,27.0,64.0,12.846014976501465,65.0,19.91057354684495,110.18040155202976,2195.25,43.0,0.8373146653175354,2.0,4.0,0.7161426957128889,13.681347846984863,35.0,"{""type"":""Point"",""coordinates"":[110.1807815735172,19.909262088415822]}"
2674,0.0,32.0,65.0,13.503852844238281,66.0,19.852183053377182,109.28657784433085,1648.9810791015625,40.0,2.187077045440674,4.0,4.0,0.6836965514712637,12.998467445373535,34.0,"{""type"":""Point"",""coordinates"":[109.28603273683242,19.85387520278416]}"
2675,0.0,22.0,109.0,20.715560913085938,57.0,19.537772703935353,109.81658386196136,2506.52001953125,53.0,1.2263453006744385,5.0,3.0,0.7365364279526385,13.55090045928955,36.0,"{""type"":""Point"",""coordinates"":[109.81826382288385,19.538600609550237]}"
2676,0.0,31.0,296.0,52.33088302612305,179.0,19.26827811869949,109.65039553439925,2494.40576171875,40.0,6.405519962310791,4.0,2.0,0.6470243005397118,11.772921562194824,38.0,"{""type"":""Point"",""coordinates"":[109.65194035254001,19.269254533195465]}"
2677,0.0,26.0,11.0,3.324747323989868,11.0,18.873019393686903,108.6667402982884,1350.9761962890625,48.0,0.1212376281619072,2.0,2.0,0.6867381263938445,15.923027992248535,45.0,"{""type"":""Point"",""coordinates"":[108.66861846010217,18.874358284626727]}"
2678,0.0,20.0,122.0,12.791308403015137,61.0,19.57370531530013,109.66387026366107,2429.99658203125,56.0,0.46288976073265076,3.0,3.0,0.7376192709815494,14.5173921585083,34.0,"{""type"":""Point"",""coordinates"":[109.66359889336559,19.572360402718438]}"
2679,0.0,26.0,32.0,6.057575225830078,33.0,19.919556699686147,110.85413801511942,1721.6395263671875,49.0,0.6100770831108093,3.0,4.0,0.6605820489548513,12.901728630065918,50.0,"{""type"":""Point"",""coordinates"":[110.85398620162006,19.918112408323918]}"
2680,0.0,28.0,120.0,16.173858642578125,82.0,19.641078961609097,109.81209228554076,2430.4580078125,45.0,0.8798345327377319,4.0,3.0,0.7178418914838866,13.87631607055664,33.0,"{""type"":""Point"",""coordinates"":[109.81365795860737,19.64094250479298]}"
2681,0.0,24.0,361.0,34.916656494140625,242.0,19.27276969512009,109.42132513694878,2521.103271484375,51.0,3.2653822898864746,3.0,2.0,0.6510980273794262,12.404129981994629,39.0,"{""type"":""Point"",""coordinates"":[109.42188955423919,19.272541602360388]}"
2682,0.0,39.0,73.0,15.965986251831055,73.0,19.85667462979778,109.9603143074205,2322.7568359375,35.0,1.2804884910583496,5.0,4.0,0.7194481291823766,13.249388694763184,34.0,"{""type"":""Point"",""coordinates"":[109.95819767299676,19.85753194773402]}"
2683,0.0,22.0,76.0,8.796431541442871,72.0,19.344634917849653,108.9811506477302,1981.021484375,58.0,0.49967074394226074,3.0,3.0,0.6702078685198699,14.468757629394531,41.0,"{""type"":""Point"",""coordinates"":[108.98224148556358,19.346049992508323]}"
2684,0.0,21.0,103.0,14.146645545959473,47.0,19.623112655926704,109.69531129860525,2358.80810546875,53.0,0.6793784499168396,4.0,3.0,0.7543027745340802,14.14526653289795,33.0,"{""type"":""Point"",""coordinates"":[109.6953114513565,19.621716769253627]}"
2685,0.0,27.0,20.0,13.911371231079102,11.0,19.169463437446346,110.29269096254473,2528.46728515625,46.0,0.5011916756629944,4.0,2.0,0.7792801587580485,14.49858570098877,40.0,"{""type"":""Point"",""coordinates"":[110.29348865272604,19.168278924726213]}"
2686,0.0,29.0,1266.0,46.02226638793945,1036.0,18.890985699369296,109.69980287502585,2228.55224609375,45.0,25.47857666015625,6.0,2.0,0.49985980985371214,9.230046272277832,44.0,"{""type"":""Point"",""coordinates"":[109.69953437332005,18.890477707449453]}"
2687,0.0,32.0,15.0,12.56617546081543,16.0,19.955489311050925,110.13548578782382,2212.72607421875,38.0,0.8015101552009583,2.0,4.0,0.7659523176412476,13.762680053710938,37.0,"{""type"":""Point"",""coordinates"":[110.13358308321435,19.953800736436627]}"
2688,0.0,22.0,127.0,20.728328704833984,97.0,19.618621079506106,109.85251647332615,2411.656982421875,55.0,1.4289934635162354,4.0,3.0,0.6927700772842434,13.386897087097168,34.0,"{""type"":""Point"",""coordinates"":[109.8508185660247,19.616986225546647]}"
2689,0.0,26.0,603.0,44.200889587402344,536.0,18.554117467824476,109.44827459547236,2051.8896484375,49.0,10.809866905212402,5.0,1.0,0.5613192416456291,11.005035400390625,45.0,"{""type"":""Point"",""coordinates"":[109.44973144884008,18.555209972900748]}"
2690,0.0,26.0,503.0,29.76418113708496,488.0,18.661915301918818,108.91826857784184,1703.216552734375,50.0,8.962636947631836,6.0,1.0,0.5455901239174737,11.279643058776855,47.0,"{""type"":""Point"",""coordinates"":[108.91674505292825,18.66009590483068]}"
2691,0.0,22.0,134.0,16.18754005432129,83.0,19.35361807069085,109.25513680938667,2333.445556640625,49.0,0.9387556314468384,3.0,3.0,0.7001000126221113,13.802868843078613,35.0,"{""type"":""Point"",""coordinates"":[109.25548957277452,19.355189384510123]}"
2692,0.0,23.0,143.0,19.53584861755371,107.0,19.537772703935353,109.56505558240792,2417.142822265625,55.0,1.3134660720825195,2.0,3.0,0.6834120377831423,13.461335182189941,35.0,"{""type"":""Point"",""coordinates"":[109.56328775543143,19.53691693749084]}"
2693,0.0,28.0,250.0,41.216453552246094,94.0,18.855053088004517,109.3943756784252,2157.0654296875,47.0,6.515237808227539,4.0,2.0,0.6067948603793115,11.786897659301758,45.0,"{""type"":""Point"",""coordinates"":[109.39602133304442,18.855484691632594]}"
2694,0.0,24.0,57.0,7.460507869720459,52.0,19.223362354493517,108.84640335511227,1684.8936767578125,52.0,0.6493276953697205,2.0,2.0,0.6700656013698256,14.218025207519531,42.0,"{""type"":""Point"",""coordinates"":[108.84441959870178,19.22203002645761]}"
2695,0.0,21.0,144.0,19.381446838378906,86.0,19.49285693972937,109.79412597985839,2578.342529296875,56.0,1.0049314498901367,4.0,3.0,0.711134079925826,13.728536605834961,35.0,"{""type"":""Point"",""coordinates"":[109.79368562862695,19.494407658974758]}"
2696,0.0,26.0,803.0,12.032022476196289,780.0,18.74725525391017,108.8688612372153,1653.1212158203125,48.0,2.4694104194641113,6.0,1.0,0.5483968827178082,12.30162239074707,46.0,"{""type"":""Point"",""coordinates"":[108.86775356488705,18.748304916075107]}"
2697,0.0,25.0,96.0,17.876039505004883,94.0,19.582688468141328,109.40335883126642,2331.542724609375,50.0,1.217443823814392,4.0,3.0,0.689783412813823,13.566068649291992,35.0,"{""type"":""Point"",""coordinates"":[109.40177510200714,19.582987020508128]}"
2698,0.0,23.0,107.0,18.747888565063477,52.0,19.57819689172073,109.62793765229628,2427.2001953125,53.0,1.1579771041870117,4.0,3.0,0.7416289311127886,13.6094970703125,35.0,"{""type"":""Point"",""coordinates"":[109.62624826689877,19.577728182590402]}"
2699,0.0,28.0,357.0,60.47732162475586,340.0,19.205396048811124,110.19387628129158,2607.08447265625,47.0,7.531826972961426,4.0,2.0,0.6318523802271704,11.566540718078613,41.0,"{""type"":""Point"",""coordinates"":[110.19432295715086,19.204618980630634]}"
2700,0.0,26.0,89.0,14.545110702514648,89.0,19.394042258476226,110.5711687006218,2361.814208984375,46.0,0.8448944091796875,4.0,3.0,0.6859664211558286,13.652579307556152,38.0,"{""type"":""Point"",""coordinates"":[110.56971506289544,19.39254748243345]}"
2701,0.0,34.0,49.0,8.421623229980469,49.0,19.793792559909413,109.42581671336939,1883.355224609375,37.0,0.5657542943954468,3.0,4.0,0.7268769857847166,14.36052131652832,33.0,"{""type"":""Point"",""coordinates"":[109.42374493069093,19.793372962512077]}"
2702,0.0,36.0,746.0,28.746145248413086,597.0,18.895477275789894,109.2775946914897,2056.625732421875,37.0,6.140511512756348,5.0,2.0,0.5677480908567556,11.445802688598633,45.0,"{""type"":""Point"",""coordinates"":[109.27645122677113,18.894925909397124]}"
2703,0.0,23.0,160.0,34.59174728393555,136.0,19.245820236596508,110.166926822768,2607.08447265625,54.0,2.7091920375823975,4.0,2.0,0.6705618539173552,12.72616195678711,39.0,"{""type"":""Point"",""coordinates"":[110.16590489754819,19.24646916498769]}"
2704,0.0,31.0,652.0,36.90788269042969,428.0,19.034716144828415,109.36742621990163,2328.453125,36.0,5.406395435333252,7.0,2.0,0.6095882022188527,11.663320541381836,41.0,"{""type"":""Point"",""coordinates"":[109.36643396701795,19.033408693585148]}"
2705,0.0,28.0,392.0,64.67227172851562,384.0,18.837086782322125,110.23879204549758,2264.24462890625,47.0,13.096375465393066,4.0,2.0,0.5765166357170942,10.976085662841797,45.0,"{""type"":""Point"",""coordinates"":[110.24081117152025,18.83486474796586]}"
2706,0.0,36.0,104.0,15.877099990844727,103.0,19.71743576075925,109.57853031166974,2136.4345703125,40.0,1.4622150659561157,4.0,3.0,0.6793079254749775,13.377960205078125,33.0,"{""type"":""Point"",""coordinates"":[109.5774791205074,19.715807498370005]}"
2707,0.0,27.0,14.0,12.09808349609375,13.0,19.227853930914115,110.40947194948029,2507.417236328125,44.0,0.3246820569038391,4.0,2.0,0.7858565940279791,14.936200141906738,38.0,"{""type"":""Point"",""coordinates"":[110.41106131100197,19.225866219904162]}"
2708,0.0,26.0,274.0,20.251480102539062,269.0,18.706831066124792,108.83292862585051,1701.0960693359375,51.0,4.158535480499268,3.0,1.0,0.5846820555073804,12.222335815429688,44.0,"{""type"":""Point"",""coordinates"":[108.83482753394665,18.70604574393329]}"
2709,0.0,28.0,136.0,41.90253829956055,136.0,18.71132264254539,110.10853632930025,2152.765869140625,47.0,6.31827449798584,4.0,1.0,0.6072336919525276,11.891010284423828,45.0,"{""type"":""Point"",""coordinates"":[110.1078017143823,18.70986949425287]}"
2710,0.0,25.0,254.0,56.90922546386719,181.0,19.420991716999815,109.47073247757538,2530.707275390625,56.0,7.322727680206299,4.0,3.0,0.6663533969856605,11.66624927520752,34.0,"{""type"":""Point"",""coordinates"":[109.47180425894629,19.4218145293847]}"
2711,0.0,27.0,266.0,66.71538543701172,249.0,19.178446590287543,110.18040155202976,2533.036376953125,50.0,9.199231147766113,4.0,2.0,0.6322772717094391,11.42689037322998,40.0,"{""type"":""Point"",""coordinates"":[110.18219467051983,19.178603225819636]}"
2712,0.0,31.0,886.0,41.37080764770508,689.0,19.034716144828415,109.4392914426312,2313.302734375,37.0,8.65807819366455,5.0,2.0,0.5748175755251456,10.948552131652832,43.0,"{""type"":""Point"",""coordinates"":[109.44073635093244,19.03420067327186]}"
2713,0.0,32.0,571.0,53.40794372558594,422.0,18.895477275789894,109.28657784433085,2056.625732421875,40.0,14.762155532836914,6.0,2.0,0.5525228915735056,10.7103853225708,45.0,"{""type"":""Point"",""coordinates"":[109.2868841533792,18.893539997409842]}"
2714,0.0,28.0,772.0,53.947025299072266,550.0,18.998783533463637,109.70878602786706,2368.278076171875,47.0,11.8945951461792,4.0,2.0,0.5781657468045162,10.74776840209961,42.0,"{""type"":""Point"",""coordinates"":[109.70922983065739,18.997387735050538]}"
2715,0.0,24.0,131.0,9.767777442932129,115.0,18.585558502768656,109.04403271761862,1872.8131103515625,55.0,0.838668704032898,2.0,1.0,0.5961174288807091,13.917478561401367,48.0,"{""type"":""Point"",""coordinates"":[109.0420333185862,18.587673599068204]}"
2716,0.0,22.0,12.0,10.026185989379883,14.0,18.40589544594475,109.76268494491421,2004.039306640625,54.0,0.6072167754173279,2.0,1.0,0.7387442218631833,14.311284065246582,41.0,"{""type"":""Point"",""coordinates"":[109.76442694609204,18.406745592268265]}"
2717,0.0,24.0,160.0,37.7877311706543,86.0,19.34912649427025,109.91539854321451,2507.2353515625,51.0,3.431126117706299,3.0,3.0,0.6727132359028268,12.489473342895508,40.0,"{""type"":""Point"",""coordinates"":[109.91552549775648,19.348043749145113]}"
2718,0.0,27.0,32.0,7.5081634521484375,32.0,19.510823245411764,109.05301587045977,1882.287841796875,49.0,0.4015127122402191,3.0,3.0,0.7384690064127711,14.713391304016113,35.0,"{""type"":""Point"",""coordinates"":[109.05304603211037,19.51057488780167]}"
2719,0.0,23.0,32.0,5.185362339019775,31.0,19.138022402502166,108.76555497954155,1562.3634033203125,55.0,0.33974793553352356,2.0,2.0,0.6930929753149244,14.880431175231934,41.0,"{""type"":""Point"",""coordinates"":[108.76752233506825,19.137006701163788]}"
2720,0.0,29.0,847.0,53.73994064331055,667.0,18.832595205901526,109.51115666536077,2218.24951171875,48.0,16.486255645751953,5.0,2.0,0.5315021938614488,10.328076362609863,47.0,"{""type"":""Point"",""coordinates"":[109.51135861653465,18.830606792282374]}"
2721,0.0,26.0,44.0,33.447845458984375,37.0,19.18293816670814,110.3196404210683,2570.515869140625,44.0,2.4655747413635254,4.0,2.0,0.7423136160782826,12.890848159790039,40.0,"{""type"":""Point"",""coordinates"":[110.3186069702961,19.18473521504348]}"
2722,0.0,31.0,106.0,13.801984786987305,104.0,19.66802842013268,110.62057604124834,2281.0185546875,42.0,1.0158346891403198,7.0,3.0,0.687450491157643,13.282933235168457,34.0,"{""type"":""Point"",""coordinates"":[110.6196218203575,19.665832449343732]}"
2723,0.0,26.0,234.0,20.20027732849121,213.0,18.84606993516332,110.1624352463474,2182.461669921875,52.0,2.0213189125061035,4.0,2.0,0.6140054207644849,12.971796035766602,46.0,"{""type"":""Point"",""coordinates"":[110.16131405705923,18.84765812542094]}"
2724,0.0,27.0,255.0,43.90301513671875,231.0,18.82361205306033,110.1130279057208,2226.138671875,49.0,6.626026630401611,4.0,2.0,0.594323879582642,11.766552925109863,47.0,"{""type"":""Point"",""coordinates"":[110.11254656095063,18.822312148354865]}"
2725,0.0,23.0,5.0,7.037236213684082,8.0,18.244198694803238,109.60997134661392,1798.0888671875,56.0,0.41928768157958984,3.0,0.0,0.7483323054276266,14.685647964477539,38.0,"{""type"":""Point"",""coordinates"":[109.61157282265557,18.243632547137416]}"
2727,0.0,30.0,195.0,36.7729606628418,66.0,18.751746830330767,109.12038951676874,1974.6949462890625,42.0,6.672529220581055,4.0,1.0,0.6395315496814914,11.79879379272461,43.0,"{""type"":""Point"",""coordinates"":[109.11890967412937,18.751408776177964]}"
2728,0.0,30.0,5.0,4.982183933258057,6.0,19.91057354684495,109.54259770030495,1559.5784912109375,41.0,0.28679710626602173,3.0,4.0,0.7499488079535231,15.065439224243164,35.0,"{""type"":""Point"",""coordinates"":[109.54423327300094,19.910023215468254]}"
2730,0.0,24.0,103.0,24.531721115112305,21.0,19.340143341429055,110.13548578782382,2490.553955078125,48.0,1.6640794277191162,5.0,3.0,0.7695479417471299,13.24918270111084,37.0,"{""type"":""Point"",""coordinates"":[110.13602566071017,19.34089039038489]}"
2731,0.0,24.0,9.0,4.8581318855285645,10.0,19.245820236596508,108.73411394459737,1453.4632568359375,52.0,0.40608304738998413,2.0,2.0,0.7065883108249389,14.71535587310791,42.0,"{""type"":""Point"",""coordinates"":[108.73534574402929,19.245540072326715]}"
2732,0.0,26.0,564.0,57.03020477294922,541.0,19.29522757722308,109.08445690540395,2288.5537109375,51.0,11.88658618927002,6.0,3.0,0.6002334353111394,10.940936088562012,39.0,"{""type"":""Point"",""coordinates"":[109.08576878774284,19.294085494041187]}"
2734,0.0,26.0,20.0,13.48818302154541,12.0,19.672519996553277,110.3241319974889,2412.654541015625,47.0,0.6329671740531921,2.0,3.0,0.8137517524200438,13.995009422302246,30.0,"{""type"":""Point"",""coordinates"":[110.32574535548754,19.673563751546347]}"
2735,0.0,22.0,125.0,17.927656173706055,89.0,19.533281127514755,109.5515808531461,2417.142822265625,56.0,1.101383090019226,3.0,3.0,0.693922704883171,13.648614883422852,36.0,"{""type"":""Point"",""coordinates"":[109.55019788441297,19.53339531922821]}"
2736,0.0,29.0,166.0,57.213375091552734,142.0,19.007766686304834,110.21184258697394,2430.447265625,37.0,7.0006279945373535,4.0,2.0,0.612990993679333,11.768789291381836,46.0,"{""type"":""Point"",""coordinates"":[110.21363515302357,19.00719869461238]}"
2737,0.0,25.0,32.0,8.399955749511719,32.0,19.919556699686147,110.36006460885369,2180.3662109375,42.0,0.1918068826198578,2.0,4.0,0.7297811206533148,14.9718656539917,41.0,"{""type"":""Point"",""coordinates"":[110.3594976392266,19.920223283732653]}"
2738,0.0,25.0,149.0,11.272398948669434,131.0,18.594541655609852,109.05750744688038,1872.3480224609375,54.0,1.1390856504440308,2.0,1.0,0.5983459216087184,13.600086212158203,47.0,"{""type"":""Point"",""coordinates"":[109.0579735691214,18.593578013953174]}"
2739,0.0,28.0,25.0,5.868844985961914,25.0,19.80277571275061,110.72388229892209,1963.365234375,46.0,0.06096508726477623,5.0,4.0,0.7277036307474403,15.637470245361328,41.0,"{""type"":""Point"",""coordinates"":[110.72535246109463,19.803483471682874]}"
2740,0.0,28.0,48.0,20.788742065429688,33.0,19.088615061875586,110.21184258697394,2492.645751953125,42.0,1.2471699714660645,4.0,2.0,0.7253036688238088,13.570510864257812,45.0,"{""type"":""Point"",""coordinates"":[110.21022139010122,19.08873258152744]}"
2741,0.0,22.0,41.0,9.6939697265625,41.0,19.645570538029695,109.22369577444249,1944.6160888671875,53.0,0.6313395500183105,2.0,3.0,0.721078041744406,14.255516052246094,37.0,"{""type"":""Point"",""coordinates"":[109.22314808456582,19.64342044235473]}"
2742,0.0,22.0,34.0,5.072617053985596,34.0,19.83421674769479,110.9304948142696,1647.989990234375,54.0,0.3401693105697632,2.0,4.0,0.659390234490525,13.481201171875,49.0,"{""type"":""Point"",""coordinates"":[110.92856083600387,19.83314607238918]}"
2743,0.0,25.0,71.0,13.435579299926758,69.0,19.546755856776542,109.34047676137806,2211.846923828125,52.0,0.8520861864089966,3.0,3.0,0.7039750315371219,13.937950134277344,37.0,"{""type"":""Point"",""coordinates"":[109.34146462709413,19.5486171848548]}"
2744,0.0,28.0,194.0,45.545021057128906,140.0,18.944884616416466,109.04403271761862,2039.1141357421875,44.0,8.451864242553711,6.0,2.0,0.6098195974775178,11.560293197631836,41.0,"{""type"":""Point"",""coordinates"":[109.04400480977526,18.94622398901797]}"
2745,0.0,30.0,456.0,57.55298614501953,265.0,19.120056096819773,109.58751346451089,2310.368896484375,39.0,10.23510456085205,5.0,2.0,0.607023082385133,11.181309700012207,40.0,"{""type"":""Point"",""coordinates"":[109.58705567730681,19.118957214662725]}"
2746,0.0,23.0,65.0,13.760595321655273,65.0,19.515314821832362,109.11140636392759,1984.3712158203125,54.0,1.2644319534301758,4.0,3.0,0.7077318392570413,13.546733856201172,34.0,"{""type"":""Point"",""coordinates"":[109.1119312998955,19.513792082489424]}"
2747,0.0,27.0,31.0,6.145558834075928,32.0,19.843199900535986,109.35844306706042,1763.005859375,42.0,0.25115400552749634,3.0,4.0,0.7318417077976838,15.183155059814453,35.0,"{""type"":""Point"",""coordinates"":[109.3575209738264,19.84368533951189]}"
2748,0.0,23.0,100.0,24.374828338623047,45.0,19.447941175523397,109.84802489690554,2556.494384765625,55.0,1.6057684421539307,3.0,3.0,0.7502786620540388,13.286689758300781,36.0,"{""type"":""Point"",""coordinates"":[109.84694863834603,19.446186817013157]}"
2749,0.0,22.0,100.0,11.393468856811523,84.0,19.088615061875586,108.88233596647706,1868.880859375,59.0,1.1536333560943604,3.0,2.0,0.6551678399913476,13.617502212524414,39.0,"{""type"":""Point"",""coordinates"":[108.88245089267946,19.090720526851126]}"
2750,0.0,28.0,477.0,43.34901809692383,332.0,19.169463437446346,109.35844306706042,2449.81689453125,42.0,5.367156028747559,5.0,2.0,0.6383996466159136,11.818284034729004,38.0,"{""type"":""Point"",""coordinates"":[109.35922673402587,19.168564065652973]}"
2751,0.0,26.0,172.0,11.435977935791016,70.0,18.65742372549822,109.12488109318934,1978.3724365234375,50.0,0.9411555528640747,2.0,1.0,0.6461454748469843,13.776549339294434,45.0,"{""type"":""Point"",""coordinates"":[109.1252154989104,18.658229841543218]}"
2752,0.0,22.0,32.0,13.74628734588623,32.0,19.317685459326064,110.5217613599952,2464.503173828125,56.0,0.5645158886909485,5.0,3.0,0.7474343130164581,14.334726333618164,41.0,"{""type"":""Point"",""coordinates"":[110.5235308340022,19.318765876233158]}"
2753,0.0,22.0,26.0,12.864628791809082,26.0,18.387929140262365,109.09344005824516,1710.1309814453125,51.0,1.6638511419296265,3.0,1.0,0.708349650145834,13.294958114624023,40.0,"{""type"":""Point"",""coordinates"":[109.09322923405684,18.386599349765998]}"
2754,0.0,25.0,94.0,34.478694915771484,90.0,18.73378052464838,110.12201105856201,2152.765869140625,52.0,4.536412715911865,4.0,1.0,0.6225423524005557,12.249950408935547,46.0,"{""type"":""Point"",""coordinates"":[110.12245233813557,18.733110090087585]}"
2755,0.0,22.0,73.0,11.931078910827637,59.0,19.659045267291482,109.5470892767255,2176.409912109375,55.0,0.6699825525283813,3.0,3.0,0.7268925209745768,14.177224159240723,34.0,"{""type"":""Point"",""coordinates"":[109.54536544890153,19.660916207277968]}"
2756,0.0,27.0,921.0,52.55757141113281,763.0,18.706831066124792,109.36293464348103,2173.339599609375,49.0,18.092432022094727,7.0,1.0,0.5263848808995929,10.143915176391602,46.0,"{""type"":""Point"",""coordinates"":[109.36296512069946,18.70726704072595]}"
2757,0.0,30.0,499.0,44.4328727722168,485.0,18.85056151158392,110.22082573981515,2414.37841796875,46.0,6.416457653045654,4.0,2.0,0.6001704822195135,11.621048927307129,45.0,"{""type"":""Point"",""coordinates"":[110.22270552118896,18.851076403597077]}"
2758,0.0,30.0,274.0,30.186172485351562,213.0,18.783187865274954,109.86599120258796,2524.4267578125,39.0,2.460059881210327,4.0,1.0,0.6382317388922265,12.748456954956055,44.0,"{""type"":""Point"",""coordinates"":[109.86475030164385,18.781257024835533]}"
2759,0.0,23.0,233.0,30.492341995239258,160.0,19.474890634046986,109.64590395797865,2542.2578125,57.0,2.543590784072876,3.0,3.0,0.6764038054504652,12.742385864257812,36.0,"{""type"":""Point"",""coordinates"":[109.64547421542058,19.477038316610273]}"
2760,0.0,27.0,580.0,44.822139739990234,456.0,18.76522155959256,109.0260664119362,1951.608154296875,49.0,12.911542892456055,7.0,1.0,0.5660362226918382,10.842026710510254,42.0,"{""type"":""Point"",""coordinates"":[109.02724179509049,18.766165020651492]}"
2761,0.0,27.0,251.0,12.262301445007324,198.0,19.452432751943995,110.06811214151486,2600.5888671875,51.0,0.3344385027885437,4.0,3.0,0.6802147020625131,14.759989738464355,38.0,"{""type"":""Point"",""coordinates"":[110.06594758346482,19.452958706898784]}"
2762,0.0,29.0,603.0,19.137510299682617,386.0,18.890985699369296,109.64590395797865,2269.93896484375,45.0,1.877232313156128,5.0,2.0,0.6024046013869486,12.767302513122559,45.0,"{""type"":""Point"",""coordinates"":[109.64799774451225,18.892646634154172]}"
2763,0.0,28.0,89.0,10.428401947021484,48.0,19.398533834896824,110.18489312845037,2486.4404296875,43.0,0.1824357807636261,4.0,3.0,0.7506543704098356,15.468544006347656,36.0,"{""type"":""Point"",""coordinates"":[110.18430649199115,19.397022021997152]}"
2764,0.0,27.0,229.0,30.393068313598633,232.0,18.37894598742117,109.66836184008167,2014.9620361328125,50.0,4.860080718994141,4.0,1.0,0.6124780086011581,12.095791816711426,42.0,"{""type"":""Point"",""coordinates"":[109.6673186461721,18.37829005681244]}"
2765,0.0,31.0,859.0,32.7130126953125,603.0,18.917935157892877,109.69531129860525,2255.438720703125,38.0,5.947726249694824,8.0,2.0,0.5793063424912737,11.35878849029541,44.0,"{""type"":""Point"",""coordinates"":[109.69497546368031,18.918099946613488]}"
2766,0.0,30.0,761.0,33.42012023925781,571.0,18.85056151158392,109.5515808531461,2170.943115234375,48.0,6.951025485992432,5.0,2.0,0.5663944230901522,11.30571460723877,46.0,"{""type"":""Point"",""coordinates"":[109.55265808183461,18.849543640329202]}"
2767,0.0,22.0,5.0,6.421497821807861,5.0,19.753368372124037,109.34496833779866,1790.6478271484375,48.0,0.2437833696603775,2.0,4.0,0.7732579690849434,15.227936744689941,33.0,"{""type"":""Point"",""coordinates"":[109.34683186770488,19.75344714759456]}"
2768,0.0,24.0,85.0,12.795238494873047,61.0,19.600654773823713,109.98277218952347,2430.345458984375,50.0,0.4747518002986908,8.0,3.0,0.7480427456051597,14.514533042907715,33.0,"{""type"":""Point"",""coordinates"":[109.98149776126957,19.60104434777244]}"
2769,0.0,26.0,94.0,17.621639251708984,64.0,19.560230586038337,110.0097216480471,2499.493896484375,50.0,0.956986129283905,4.0,3.0,0.7343071955331869,13.808053016662598,35.0,"{""type"":""Point"",""coordinates"":[110.00999738230858,19.559026060149105]}"
2770,0.0,27.0,665.0,53.58930969238281,541.0,18.79666259453675,109.0305579883568,1951.608154296875,49.0,19.076492309570312,7.0,1.0,0.5613967267544989,10.35559368133545,38.0,"{""type"":""Point"",""coordinates"":[109.02866937745434,18.79886997097245]}"
2771,0.0,27.0,62.0,17.879962921142578,41.0,19.564722162458935,110.12201105856201,2478.219970703125,47.0,0.9919729828834534,4.0,3.0,0.7603810551027317,13.791254997253418,35.0,"{""type"":""Point"",""coordinates"":[110.12073637358414,19.564881781718263]}"
2772,0.0,25.0,5.0,17.87459373474121,5.0,18.446319633730134,110.05463741225304,1840.1761474609375,49.0,2.3628201484680176,4.0,1.0,0.730019433329329,12.95604419708252,42.0,"{""type"":""Point"",""coordinates"":[110.0562812291615,18.445939821260914]}"
2773,0.0,24.0,51.0,27.006927490234375,51.0,18.34750495247698,109.52463139462253,1910.6126708984375,54.0,4.240357875823975,4.0,0.0,0.6781958900430826,12.343307495117188,41.0,"{""type"":""Point"",""coordinates"":[109.52590292920091,18.347832273263275]}"
2774,0.0,29.0,142.0,13.83742618560791,126.0,18.612507961292245,109.0260664119362,1944.4202880859375,43.0,1.3974868059158325,4.0,1.0,0.5990559338375016,13.399928092956543,48.0,"{""type"":""Point"",""coordinates"":[109.0265391968796,18.610543124843296]}"
2775,0.0,30.0,130.0,47.018165588378906,78.0,19.434466446261602,109.94234800173814,2506.492919921875,40.0,4.796421527862549,5.0,3.0,0.692800658198092,12.172017097473145,37.0,"{""type"":""Point"",""coordinates"":[109.94412540742121,19.435375557858357]}"
2776,0.0,29.0,367.0,36.041927337646484,261.0,18.670898454760014,109.2775946914897,2048.8427734375,49.0,6.825413703918457,5.0,1.0,0.5873503249804475,11.658868789672852,45.0,"{""type"":""Point"",""coordinates"":[109.27761764237128,18.670640471515565]}"
2777,0.0,25.0,15.0,7.001674652099609,18.0,18.756238406751365,110.33760672675072,2048.75732421875,50.0,0.1297309696674347,4.0,1.0,0.7090964253094842,15.853017807006836,48.0,"{""type"":""Point"",""coordinates"":[110.33723898921357,18.75635781948383]}"
2778,0.0,27.0,222.0,57.09703063964844,219.0,19.21887077807292,110.32862357390951,2711.21728515625,48.0,5.601641654968262,5.0,2.0,0.6597768529768036,11.957582473754883,38.0,"{""type"":""Point"",""coordinates"":[110.32849526638466,19.21878066742429]}"
2779,0.0,30.0,216.0,22.78532600402832,199.0,19.21437920165232,110.19836785771219,2607.08447265625,41.0,1.377711534500122,4.0,2.0,0.6685718745645298,13.367132186889648,40.0,"{""type"":""Point"",""coordinates"":[110.1987809895392,19.21549852587083]}"
2780,0.0,28.0,76.0,40.71821594238281,68.0,19.245820236596508,110.31065726822715,2711.21728515625,43.0,2.996988296508789,3.0,2.0,0.712934252725042,12.676456451416016,38.0,"{""type"":""Point"",""coordinates"":[110.31122004001158,19.24568906245612]}"
2781,0.0,24.0,19.0,8.413518905639648,22.0,18.383437563841767,109.71776918070822,1968.3428955078125,52.0,0.4231041669845581,2.0,1.0,0.7235882732240889,14.668540000915527,42.0,"{""type"":""Point"",""coordinates"":[109.71885063032846,18.383298845566415]}"
2782,0.0,32.0,648.0,47.47981262207031,402.0,19.034716144828415,109.33149360853685,2216.093994140625,37.0,10.008674621582031,5.0,2.0,0.5877049203478213,11.043810844421387,41.0,"{""type"":""Point"",""coordinates"":[109.32970459939558,19.033147011235467]}"
2783,0.0,29.0,32.0,10.034817695617676,32.0,19.569213738879533,109.25962838580728,2135.86328125,42.0,0.46288952231407166,3.0,3.0,0.748964341876497,14.571136474609375,36.0,"{""type"":""Point"",""coordinates"":[109.2586959501881,19.569771881255424]}"
2784,0.0,28.0,323.0,58.944602966308594,179.0,19.191921319549337,109.81209228554076,2390.321533203125,47.0,9.098276138305664,4.0,2.0,0.6308141926223363,11.399002075195312,38.0,"{""type"":""Point"",""coordinates"":[109.81012667969337,19.19214712498652]}"
2785,0.0,26.0,35.0,10.376455307006836,35.0,19.986930345995113,110.30167411538594,2181.118408203125,48.0,0.690986156463623,2.0,4.0,0.7379705939202156,13.25709056854248,38.0,"{""type"":""Point"",""coordinates"":[110.30255693969228,19.985036437071305]}"
2786,0.0,25.0,156.0,33.1439323425293,109.0,19.57370531530013,109.81658386196136,2543.13134765625,47.0,2.62845778465271,5.0,3.0,0.6907824053538804,12.758968353271484,34.0,"{""type"":""Point"",""coordinates"":[109.81696903455124,19.57407359766461]}"
2787,0.0,23.0,38.0,9.921582221984863,40.0,19.564722162458935,110.7732896395487,2169.308349609375,53.0,0.4839538335800171,3.0,3.0,0.7506316370151838,14.087767601013184,34.0,"{""type"":""Point"",""coordinates"":[110.77467576320466,19.564288165910835]}"
2788,0.0,22.0,40.0,9.669219970703125,43.0,18.67988160760121,108.78352128522391,1622.9434814453125,50.0,1.1823850870132446,3.0,1.0,0.6673357354097849,13.628554344177246,44.0,"{""type"":""Point"",""coordinates"":[108.78195834072008,18.678912915680304]}"
2789,0.0,29.0,389.0,22.944013595581055,288.0,18.73827210106898,109.53361454746374,2192.415283203125,48.0,2.6708483695983887,5.0,1.0,0.599134752983224,12.585134506225586,47.0,"{""type"":""Point"",""coordinates"":[109.53287679869402,18.740238339476914]}"
2790,0.0,27.0,26.0,14.021098136901855,26.0,19.245820236596508,110.5217613599952,2365.661376953125,51.0,0.7516763210296631,16.0,2.0,0.760439411866369,14.07046127319336,40.0,"{""type"":""Point"",""coordinates"":[110.52321476002939,19.244057138169175]}"
2791,0.0,23.0,60.0,15.94997787475586,36.0,19.71743576075925,109.90641539037335,2361.642822265625,54.0,0.9299637675285339,2.0,3.0,0.7668533520035828,13.857000350952148,33.0,"{""type"":""Point"",""coordinates"":[109.90782811428564,19.71869687612049]}"
2792,0.0,26.0,200.0,14.869507789611816,83.0,19.362601223532046,109.61895449945507,2563.9365234375,49.0,0.5958146452903748,4.0,3.0,0.7121341736342225,14.215901374816895,35.0,"{""type"":""Point"",""coordinates"":[109.61901659100677,19.364277756072486]}"
2793,0.0,31.0,603.0,61.652896881103516,593.0,18.6888647604424,110.0052300716265,2162.231689453125,46.0,17.54964828491211,5.0,1.0,0.5387219402296787,10.500449180603027,47.0,"{""type"":""Point"",""coordinates"":[110.00356102411861,18.690133976909852]}"
2794,0.0,26.0,84.0,9.683796882629395,80.0,18.949376192837065,108.78352128522391,1522.835693359375,51.0,1.6090915203094482,4.0,2.0,0.612568544296206,13.294260025024414,45.0,"{""type"":""Point"",""coordinates"":[108.78290611268945,18.95108179354403]}"
2795,0.0,22.0,31.0,5.975244522094727,31.0,19.87913251190077,109.69081972218464,1785.67431640625,47.0,0.1674567312002182,2.0,4.0,0.7427447600836076,15.588500022888184,33.0,"{""type"":""Point"",""coordinates"":[109.69201752401449,19.877827616167533]}"
2796,0.0,26.0,332.0,46.37558364868164,329.0,18.82361205306033,108.79250443806512,1607.6392822265625,47.0,18.91122055053711,6.0,2.0,0.5308789130198481,10.6322021484375,45.0,"{""type"":""Point"",""coordinates"":[108.79331790395219,18.82320399085629]}"
2797,0.0,27.0,38.0,8.482271194458008,36.0,19.79828413633001,110.45438771368623,2219.2353515625,43.0,0.1916734129190445,6.0,4.0,0.7569772910994101,15.013984680175781,35.0,"{""type"":""Point"",""coordinates"":[110.45569677099171,19.796362306843946]}"
2798,0.0,24.0,17.0,3.8111159801483154,17.0,19.12454767324037,108.68470660397077,1269.3720703125,52.0,0.40285736322402954,2.0,2.0,0.6827492432882125,14.718730926513672,43.0,"{""type"":""Point"",""coordinates"":[108.68302812865629,19.126557464392626]}"
2799,0.0,25.0,46.0,5.397883892059326,46.0,19.003275109884235,108.75657182670034,1550.017822265625,49.0,0.38931289315223694,2.0,2.0,0.6657415368092161,14.736075401306152,43.0,"{""type"":""Point"",""coordinates"":[108.75793772752148,19.005351429769252]}"
2800,0.0,28.0,197.0,32.653961181640625,183.0,19.196412895969935,108.99911695341262,2120.6435546875,45.0,4.491174221038818,5.0,2.0,0.6265705110267423,12.195878028869629,41.0,"{""type"":""Point"",""coordinates"":[109.00098445928104,19.19465902937061]}"
2801,0.0,32.0,355.0,17.431564331054688,218.0,18.95835934567826,109.843533320485,2312.043701171875,40.0,1.3426408767700195,4.0,2.0,0.6257150844766424,13.298072814941406,44.0,"{""type"":""Point"",""coordinates"":[109.84268859727935,18.956251955134878]}"
2802,0.0,23.0,8.0,7.99054479598999,11.0,18.360979681738776,109.73124390997003,1968.3428955078125,55.0,0.36712369322776794,2.0,1.0,0.741166169825284,14.816791534423828,41.0,"{""type"":""Point"",""coordinates"":[109.72968261139931,18.362181679804465]}"
2803,0.0,29.0,1009.0,20.00365447998047,937.0,18.82361205306033,108.9811506477302,1936.308349609375,48.0,5.023007869720459,11.0,2.0,0.5710107914444005,11.3449125289917,41.0,"{""type"":""Point"",""coordinates"":[108.98040365238818,18.82545303760361]}"
2804,0.0,27.0,43.0,14.822651863098145,45.0,19.066157179772603,110.43642140800387,2344.2353515625,45.0,0.8088086843490601,4.0,2.0,0.727748236948718,13.987103462219238,40.0,"{""type"":""Point"",""coordinates"":[110.43462696754185,19.067826082602455]}"
2805,0.0,24.0,201.0,16.211259841918945,173.0,18.967342498519457,108.88682754289766,1798.662353515625,47.0,2.2300827503204346,3.0,2.0,0.6097591676429435,12.894923210144043,42.0,"{""type"":""Point"",""coordinates"":[108.88847639430362,18.967779266563277]}"
2806,0.0,30.0,48.0,8.96915054321289,49.0,19.973455616733318,110.19387628129158,2096.443603515625,43.0,0.44128552079200745,2.0,4.0,0.7262039004372824,14.234468460083008,36.0,"{""type"":""Point"",""coordinates"":[110.19553949593858,19.972303498166347]}"
2807,0.0,23.0,286.0,28.639673233032227,161.0,19.250311813017106,109.42132513694878,2521.103271484375,52.0,2.2603745460510254,4.0,2.0,0.6647892276633744,12.825055122375488,38.0,"{""type"":""Point"",""coordinates"":[109.42030049585269,19.251279723483513]}"
2808,0.0,30.0,439.0,49.64793014526367,317.0,19.245820236596508,109.65937868724046,2408.156494140625,38.0,6.905355930328369,4.0,2.0,0.6411240569387254,11.59372615814209,36.0,"{""type"":""Point"",""coordinates"":[109.66071628928673,19.244761936182066]}"
2809,0.0,25.0,26.0,10.163209915161133,17.0,19.659045267291482,110.23879204549758,2417.25244140625,46.0,0.19152140617370605,2.0,3.0,0.7966051821163436,15.419341087341309,33.0,"{""type"":""Point"",""coordinates"":[110.24097031940317,19.66080997294191]}"
2810,0.0,33.0,341.0,24.16079330444336,322.0,18.46428593941252,109.35395149063982,2014.6226806640625,41.0,3.625345468521118,4.0,1.0,0.5966438263693938,12.313580513000488,45.0,"{""type"":""Point"",""coordinates"":[109.35465205503543,18.465334878271577]}"
2811,0.0,24.0,8.0,7.595776557922363,11.0,18.908952005051688,110.44989613726563,2133.727294921875,51.0,0.13414548337459564,3.0,2.0,0.743889921223269,15.804473876953125,43.0,"{""type"":""Point"",""coordinates"":[110.44770426055577,18.90954590664191]}"
2812,0.0,23.0,47.0,42.57539367675781,47.0,18.482252245094912,110.02319637730886,1884.686767578125,57.0,9.113739967346191,4.0,1.0,0.6524608499613982,11.573864936828613,44.0,"{""type"":""Point"",""coordinates"":[110.02382139709722,18.48401579201469]}"
2813,0.0,28.0,75.0,13.755644798278809,71.0,19.470399057626388,109.10242321108637,2066.789794921875,46.0,1.1269774436950684,4.0,3.0,0.7014314982237431,13.655905723571777,35.0,"{""type"":""Point"",""coordinates"":[109.10345625043081,19.469717361493025]}"
2814,0.0,26.0,31.0,4.745648384094238,31.0,19.82972517127419,110.91702008500778,1647.989990234375,47.0,0.2159218192100525,2.0,4.0,0.6632881966433861,13.942769050598145,49.0,"{""type"":""Point"",""coordinates"":[110.9165948590435,19.83042835654737]}"
2815,0.0,26.0,157.0,8.161720275878906,28.0,18.76522155959256,109.22369577444249,1960.152099609375,52.0,0.4407261908054352,3.0,1.0,0.7042062227662923,14.544753074645996,43.0,"{""type"":""Point"",""coordinates"":[109.2231304784341,18.766221132137098]}"
2816,0.0,33.0,11.0,12.817377090454102,12.0,19.964472463892122,110.1130279057208,2212.72607421875,39.0,0.8689460158348083,4.0,4.0,0.7719028261730831,13.684895515441895,37.0,"{""type"":""Point"",""coordinates"":[110.11092117592402,19.966277971575057]}"
2817,0.0,30.0,201.0,31.712480545043945,69.0,19.205396048811124,109.8031091326996,2446.655517578125,42.0,2.899803400039673,6.0,2.0,0.6991048495945127,12.631969451904297,38.0,"{""type"":""Point"",""coordinates"":[109.80469651309433,19.206895739453838]}"
2818,0.0,31.0,526.0,56.32456588745117,513.0,18.45979436299192,109.43030828978999,2027.291015625,41.0,16.054861068725586,7.0,1.0,0.5459461783896526,10.659649848937988,46.0,"{""type"":""Point"",""coordinates"":[109.43077735916847,18.46092867593925]}"
2819,0.0,32.0,86.0,16.26565933227539,65.0,19.582688468141328,110.1175194821414,2478.219970703125,44.0,0.8941254615783691,4.0,3.0,0.7461665731093922,13.880821228027344,32.0,"{""type"":""Point"",""coordinates"":[110.11557821825461,19.58483796916845]}"
2820,0.0,30.0,67.0,10.011728286743164,65.0,19.82972517127419,110.28370780970351,2249.654541015625,40.0,0.38156041502952576,6.0,4.0,0.7284783880810355,14.464984893798828,34.0,"{""type"":""Point"",""coordinates"":[110.28409532769233,19.831269748684758]}"
2822,0.0,25.0,224.0,21.889694213867188,153.0,18.819120476639732,110.0052300716265,2209.63916015625,53.0,2.196397542953491,4.0,1.0,0.6154926102138154,12.895218849182129,46.0,"{""type"":""Point"",""coordinates"":[110.00646773639207,18.819721135298774]}"
2823,0.0,33.0,638.0,40.95348358154297,485.0,18.944884616416466,109.2371705037043,2027.9306640625,36.0,10.157522201538086,6.0,2.0,0.5563084680926416,11.037755966186523,46.0,"{""type"":""Point"",""coordinates"":[109.23714237297314,18.945446207511807]}"
2824,0.0,29.0,387.0,54.53694152832031,206.0,19.115564520399175,109.45276617189296,2440.710693359375,41.0,7.5521697998046875,4.0,2.0,0.6303265952348122,11.542072296142578,39.0,"{""type"":""Point"",""coordinates"":[109.45228984268599,19.11373173857309]}"
2825,0.0,29.0,32.0,14.334805488586426,33.0,19.959980887471524,110.06362056509425,2313.19287109375,41.0,0.8805197477340698,2.0,4.0,0.7516275851376152,13.65575885772705,37.0,"{""type"":""Point"",""coordinates"":[110.06185745250932,19.959683237254286]}"
2826,0.0,24.0,145.0,31.87946891784668,76.0,19.335651765008457,110.19836785771219,2494.969482421875,52.0,2.6727614402770996,4.0,3.0,0.6968082098454323,12.749098777770996,38.0,"{""type"":""Point"",""coordinates"":[110.1965074556513,19.33573486225437]}"
2827,0.0,27.0,370.0,24.617538452148438,360.0,18.985308804201843,108.82843704942991,1675.0687255859375,51.0,6.443125247955322,5.0,2.0,0.5809086771198216,11.714858055114746,42.0,"{""type"":""Point"",""coordinates"":[108.83053388596655,18.98306525294164]}"
2828,0.0,26.0,107.0,8.32064151763916,93.0,18.57657534992746,109.0305579883568,1872.8131103515625,49.0,0.5457610487937927,3.0,1.0,0.5982733545651919,14.361851692199707,50.0,"{""type"":""Point"",""coordinates"":[109.02976644941427,18.57545638708951]}"
2829,0.0,29.0,48.0,9.675882339477539,49.0,19.8252335948536,110.5711687006218,2149.127197265625,44.0,0.5010855197906494,5.0,4.0,0.7224846107299223,14.018113136291504,38.0,"{""type"":""Point"",""coordinates"":[110.57154683009031,19.827309250627376]}"
2830,0.0,31.0,145.0,24.138954162597656,143.0,19.039207721249014,110.3690477616949,2415.82666015625,40.0,1.8921884298324585,4.0,2.0,0.6644591883595827,13.094839096069336,39.0,"{""type"":""Point"",""coordinates"":[110.37055743125536,19.03758495396071]}"
2831,0.0,29.0,172.0,44.771549224853516,172.0,18.35199652889758,109.38090094916339,1951.2088623046875,40.0,9.047491073608398,5.0,0.0,0.6170451653608879,11.505144119262695,38.0,"{""type"":""Point"",""coordinates"":[109.38228373816442,18.350848978791483]}"
2832,0.0,27.0,800.0,40.47412872314453,728.0,18.805645747377937,108.97665907130965,1936.308349609375,49.0,13.943807601928711,9.0,1.0,0.5558548846602136,10.554322242736816,41.0,"{""type"":""Point"",""coordinates"":[108.97791048668245,18.80607366992259]}"
2833,0.0,26.0,877.0,50.50245666503906,776.0,18.814628900219134,109.62793765229628,2231.682861328125,49.0,14.238621711730957,7.0,1.0,0.5382301889008897,10.448189735412598,47.0,"{""type"":""Point"",""coordinates"":[109.62678891480634,18.816305004821743]}"
2834,0.0,28.0,434.0,57.6633186340332,407.0,18.76971313601316,110.06811214151486,2260.36083984375,44.0,10.880291938781738,4.0,1.0,0.5718247639736274,11.135607719421387,47.0,"{""type"":""Point"",""coordinates"":[110.0676931946217,18.768781075087862]}"
2835,0.0,29.0,48.0,17.41912269592285,49.0,19.528789551094157,110.71040756966033,2234.5419921875,46.0,1.7245357036590576,7.0,3.0,0.7378303554612069,12.807707786560059,35.0,"{""type"":""Point"",""coordinates"":[110.70864594839725,19.528569350307805]}"
2836,0.0,24.0,57.0,8.655573844909668,57.0,19.49285693972937,109.09344005824516,1940.4925537109375,54.0,0.5197983980178833,3.0,3.0,0.7166383040662775,14.440536499023438,34.0,"{""type"":""Point"",""coordinates"":[109.0949904147824,19.491541468137697]}"
2837,0.0,25.0,90.0,26.593717575073242,52.0,19.120056096819773,110.05463741225304,2436.7685546875,49.0,2.074028491973877,4.0,2.0,0.6948191317075721,13.036659240722656,45.0,"{""type"":""Point"",""coordinates"":[110.05608546107717,19.11817980752814]}"
2838,0.0,23.0,136.0,13.485912322998047,78.0,19.488365363308773,109.57853031166974,2435.49169921875,52.0,0.5505911707878113,3.0,3.0,0.704501153197294,14.335253715515137,37.0,"{""type"":""Point"",""coordinates"":[109.57842143536827,19.489061868346177]}"
2839,0.0,25.0,125.0,16.149314880371094,66.0,19.24132866017591,110.04565425941183,2548.869140625,45.0,0.6780336499214172,4.0,2.0,0.7164574239604641,14.133816719055176,39.0,"{""type"":""Point"",""coordinates"":[110.04365981701096,19.242808789071432]}"
2840,0.0,26.0,4.0,5.423467636108398,6.0,19.627604232347302,110.94846111995196,1826.4105224609375,47.0,0.11471964418888092,3.0,3.0,0.7356973628962129,14.800209045410156,42.0,"{""type"":""Point"",""coordinates"":[110.94901272165829,19.628634645683718]}"
2841,0.0,25.0,280.0,10.94657039642334,98.0,19.097598214716783,109.70878602786706,2288.568359375,47.0,0.4194636642932892,4.0,2.0,0.6570606293096186,14.51395034790039,39.0,"{""type"":""Point"",""coordinates"":[109.71092326269412,19.095739645021457]}"
2842,0.0,23.0,48.0,9.074492454528809,27.0,19.528789551094157,110.26124992760055,2360.239990234375,51.0,0.12172184139490128,4.0,3.0,0.7602903087903161,15.897561073303223,38.0,"{""type"":""Point"",""coordinates"":[110.26104528490008,19.526930291042373]}"
2843,0.0,24.0,624.0,50.33830261230469,537.0,18.82361205306033,109.74471863923185,2252.894775390625,47.0,9.7708158493042,5.0,2.0,0.5736323572098514,11.089853286743164,45.0,"{""type"":""Point"",""coordinates"":[109.74487034414773,18.82433385716137]}"
2844,0.0,22.0,34.0,5.859943389892578,35.0,19.906081970424353,110.90354535574602,1634.38232421875,52.0,0.6909834146499634,2.0,4.0,0.6563979771964938,12.772492408752441,49.0,"{""type"":""Point"",""coordinates"":[110.90545745663988,19.904275841756697]}"
2845,0.0,24.0,142.0,12.667078018188477,128.0,18.60352480845105,109.0215748355156,1944.4202880859375,54.0,1.2156869173049927,2.0,1.0,0.5938389741177352,13.539341926574707,49.0,"{""type"":""Point"",""coordinates"":[109.0222176978341,18.605629570590235]}"
2846,0.0,29.0,745.0,36.36713790893555,541.0,18.908952005051688,109.60547977019331,2224.193603515625,47.0,7.103183269500732,5.0,2.0,0.5785274377484444,11.299858093261719,44.0,"{""type"":""Point"",""coordinates"":[109.60374492316963,18.911169208036743]}"
2847,0.0,30.0,28.0,15.436253547668457,28.0,19.924048276106745,109.88395750827033,2186.51904296875,42.0,1.3017369508743286,5.0,4.0,0.7549925320475483,13.26777172088623,36.0,"{""type"":""Point"",""coordinates"":[109.88299524504804,19.924079190719315]}"
2848,0.0,30.0,428.0,44.774688720703125,268.0,18.85056151158392,109.41683356052818,2167.26318359375,46.0,8.520835876464844,7.0,2.0,0.5729161011042343,11.389300346374512,48.0,"{""type"":""Point"",""coordinates"":[109.41520642495857,18.850710046526682]}"
2849,0.0,28.0,334.0,61.88298034667969,130.0,18.96285092209886,109.5964966173521,2257.619384765625,47.0,11.75265884399414,4.0,2.0,0.592514467780405,11.129570960998535,43.0,"{""type"":""Point"",""coordinates"":[109.59477935122212,18.963795435725565]}"
2850,0.0,28.0,683.0,28.14443016052246,534.0,18.74276367748957,109.34047676137806,2104.474365234375,49.0,5.08811616897583,7.0,1.0,0.5788043133920237,11.695749282836914,45.0,"{""type"":""Point"",""coordinates"":[109.34119581445934,18.742296027027546]}"
2851,0.0,27.0,37.0,8.595438957214355,37.0,19.83421674769479,110.5262529364158,2136.56494140625,43.0,0.29849833250045776,5.0,4.0,0.7364618155293015,14.54636001586914,38.0,"{""type"":""Point"",""coordinates"":[110.52681746090035,19.834861898642373]}"
2852,0.0,26.0,117.0,13.79918098449707,36.0,19.38505910563503,110.09057002361783,2536.8037109375,44.0,0.4628804326057434,3.0,3.0,0.758741444137007,14.520474433898926,37.0,"{""type"":""Point"",""coordinates"":[110.09114797060887,19.38641503322561]}"
2853,0.0,24.0,129.0,14.008316040039062,79.0,19.358109647111448,109.25064523296606,2333.445556640625,48.0,0.709234356880188,4.0,3.0,0.7066448308828184,14.0863618850708,35.0,"{""type"":""Point"",""coordinates"":[109.25028947932775,19.357115097347982]}"
2854,0.0,26.0,190.0,14.625659942626953,175.0,19.025732991987226,108.84191177869172,1721.330810546875,54.0,2.3966991901397705,4.0,2.0,0.6107907684898944,12.829858779907227,41.0,"{""type"":""Point"",""coordinates"":[108.84161518648509,19.024533973760715]}"
2855,0.0,31.0,759.0,55.162296295166016,728.0,18.73378052464838,110.04116268299128,2244.787109375,44.0,14.847326278686523,5.0,1.0,0.546747522995554,10.53098201751709,46.0,"{""type"":""Point"",""coordinates"":[110.03992065889177,18.73302475218878]}"
2856,0.0,25.0,150.0,11.955911636352539,83.0,19.564722162458935,109.73124390997003,2443.47509765625,51.0,0.4015127122402191,3.0,3.0,0.7037267487415306,14.642319679260254,36.0,"{""type"":""Point"",""coordinates"":[109.73180353269366,19.56555489616398]}"
2857,0.0,24.0,61.0,15.337878227233887,43.0,19.40751698773802,109.17878001023655,2267.273193359375,49.0,0.9561653137207031,3.0,3.0,0.7540006291933591,13.828619003295898,33.0,"{""type"":""Point"",""coordinates"":[109.17876685678556,19.40870513206486]}"
2858,0.0,24.0,266.0,33.63959884643555,153.0,19.209887625231723,109.2371705037043,2470.385009765625,51.0,3.115727186203003,4.0,2.0,0.6596699566808202,12.517206192016602,38.0,"{""type"":""Point"",""coordinates"":[109.2376509516747,19.211970787663027]}"
2859,0.0,29.0,205.0,25.901432037353516,27.0,19.18293816670814,109.49319035967835,2387.507568359375,40.0,2.1732993125915527,4.0,2.0,0.747921632050892,12.918158531188965,37.0,"{""type"":""Point"",""coordinates"":[109.49472920789846,19.18396431812757]}"
2860,0.0,26.0,16.0,9.843439102172852,18.0,19.587180044561926,110.87659589722244,1890.4022216796875,46.0,1.1788393259048462,3.0,3.0,0.730852610644797,12.712635040283203,40.0,"{""type"":""Point"",""coordinates"":[110.87693769212635,19.587892846644127]}"
2861,0.0,29.0,701.0,37.24483871459961,629.0,18.720305795386587,108.93174330710366,1725.745361328125,48.0,15.910557746887207,5.0,1.0,0.5196445457710517,10.515149116516113,46.0,"{""type"":""Point"",""coordinates"":[108.93258618275102,18.721986940122786]}"
2862,0.0,25.0,35.0,7.252180576324463,35.0,19.227853930914115,108.78352128522391,1560.2686767578125,50.0,0.8223305940628052,2.0,2.0,0.682238744268119,13.99468994140625,42.0,"{""type"":""Point"",""coordinates"":[108.7847561128871,19.225925265119006]}"
2863,0.0,29.0,39.0,8.389979362487793,39.0,19.54226428035595,108.99911695341262,1713.1121826171875,44.0,0.8053373694419861,3.0,3.0,0.7141786911074847,14.0132417678833,36.0,"{""type"":""Point"",""coordinates"":[108.99813093663973,19.54295500909615]}"
2864,0.0,28.0,853.0,34.18568420410156,666.0,19.003275109884235,109.47522405399599,2288.69921875,42.0,6.00226354598999,6.0,2.0,0.5931197728579252,11.356290817260742,41.0,"{""type"":""Point"",""coordinates"":[109.47585069429084,19.00129204518691]}"
2865,0.0,24.0,26.0,9.126734733581543,27.0,19.15598870818455,108.7071644860738,1460.210205078125,54.0,1.610597014427185,2.0,2.0,0.6831438358759541,13.327505111694336,42.0,"{""type"":""Point"",""coordinates"":[108.70588715315213,19.157138803504377]}"
2866,0.0,23.0,258.0,19.937358856201172,217.0,18.62149111413344,109.34496833779866,2023.846435546875,53.0,2.3601598739624023,4.0,1.0,0.606399108926703,12.800728797912598,45.0,"{""type"":""Point"",""coordinates"":[109.34475677699666,18.620619520613005]}"
2867,0.0,21.0,9.0,15.661968231201172,9.0,18.441828057309536,110.04565425941183,1857.4478759765625,53.0,1.7982794046401978,2.0,1.0,0.7267983719680848,13.22701644897461,42.0,"{""type"":""Point"",""coordinates"":[110.0458985198991,18.440671255039053]}"
2868,0.0,26.0,128.0,46.29864501953125,104.0,19.15598870818455,110.12201105856201,2488.633056640625,52.0,4.9950761795043945,4.0,2.0,0.644083631828546,12.132469177246094,42.0,"{""type"":""Point"",""coordinates"":[110.12262803401512,19.157153345889604]}"
2869,0.0,26.0,0.0,6.240451335906982,3.0,18.338521799635792,109.72675233354943,1824.7301025390625,46.0,0.21027980744838715,2.0,0.0,0.7424600804178648,15.378637313842773,41.0,"{""type"":""Point"",""coordinates"":[109.72893487767229,18.337035431007667]}"
2870,0.0,27.0,67.0,13.509113311767578,60.0,19.753368372124037,110.54421924209822,2239.703125,43.0,0.9393811821937561,7.0,4.0,0.73200586744723,13.39797306060791,34.0,"{""type"":""Point"",""coordinates"":[110.54443063157692,19.75136003814392]}"
2871,0.0,38.0,84.0,9.101049423217773,84.0,19.852183053377182,109.94683957815869,2261.216796875,34.0,0.29344937205314636,3.0,4.0,0.7052293251227092,14.841583251953125,34.0,"{""type"":""Point"",""coordinates"":[109.94861704799523,19.853429286476533]}"
2872,0.0,27.0,512.0,65.05668640136719,320.0,19.079631909034397,109.56505558240792,2326.20654296875,45.0,12.942221641540527,5.0,2.0,0.5961922013697656,10.895970344543457,40.0,"{""type"":""Point"",""coordinates"":[109.56670306512451,19.079380034140478]}"
2873,0.0,24.0,7.0,27.473852157592773,7.0,18.51818485645969,110.04565425941183,1987.3636474609375,50.0,3.6853668689727783,3.0,1.0,0.7217310569055116,12.509571075439453,44.0,"{""type"":""Point"",""coordinates"":[110.04530356699834,18.516653518078666]}"
2874,0.0,25.0,79.0,20.036466598510742,66.0,18.76522155959256,110.13548578782382,2217.525634765625,52.0,1.765180230140686,5.0,1.0,0.6560362386396527,13.20461654663086,48.0,"{""type"":""Point"",""coordinates"":[110.13460246113003,18.763694114324775]}"
2875,0.0,31.0,755.0,34.604469299316406,668.0,18.724797371807185,108.93623488352426,1725.745361328125,48.0,15.587646484375,4.0,1.0,0.5213989777348229,10.483977317810059,45.0,"{""type"":""Point"",""coordinates"":[108.93632379573373,18.724258432380974]}"
2876,0.0,23.0,68.0,16.17002296447754,44.0,19.703961031497464,109.90192381395275,2361.642822265625,55.0,0.9723029732704163,3.0,3.0,0.7580579365443955,13.807730674743652,33.0,"{""type"":""Point"",""coordinates"":[109.90301838035647,19.704460795884554]}"
2877,0.0,32.0,209.0,31.721824645996094,126.0,19.416500140579217,109.76717652133482,2534.375244140625,41.0,2.702834129333496,5.0,3.0,0.6782137880140187,12.697253227233887,36.0,"{""type"":""Point"",""coordinates"":[109.76719360077844,19.416187556586788]}"
2879,0.0,22.0,57.0,11.09769344329834,57.0,19.83421674769479,110.06362056509425,2373.684326171875,53.0,0.3703269958496094,3.0,4.0,0.743204908420125,14.502680778503418,34.0,"{""type"":""Point"",""coordinates"":[110.06474131732698,19.83224196876754]}"
2880,0.0,25.0,29.0,9.829141616821289,29.0,19.924048276106745,109.72226075712882,1767.4561767578125,43.0,0.9208130240440369,2.0,4.0,0.7368048605776742,13.844176292419434,34.0,"{""type"":""Point"",""coordinates"":[109.72232971504178,19.922202908039562]}"
2881,0.0,27.0,23.0,6.508351802825928,24.0,20.013879804518695,110.24777519833873,1924.267578125,46.0,0.23742063343524933,2.0,4.0,0.7370580689965558,14.34266185760498,38.0,"{""type"":""Point"",""coordinates"":[110.24914177923918,20.01535151648531]}"
2882,0.0,21.0,111.0,17.304298400878906,75.0,19.596163197403122,109.58751346451089,2401.87890625,56.0,1.0199733972549438,3.0,3.0,0.7186286678683365,13.733990669250488,34.0,"{""type"":""Point"",""coordinates"":[109.5884512013895,19.595994344556864]}"
2883,0.0,24.0,106.0,25.805862426757812,84.0,19.416500140579217,109.1877631630777,2267.273193359375,48.0,2.37334942817688,3.0,3.0,0.6998418569033151,12.892041206359863,33.0,"{""type"":""Point"",""coordinates"":[109.18616831655845,19.415961521689905]}"
2884,0.0,26.0,89.0,40.26113510131836,40.0,19.447941175523397,109.92438169605572,2506.492919921875,45.0,3.613612174987793,4.0,3.0,0.7501239724336267,12.481155395507812,35.0,"{""type"":""Point"",""coordinates"":[109.92470972542343,19.449705918830944]}"
2885,0.0,33.0,110.0,17.670154571533203,83.0,19.6365873851885,109.86599120258796,2411.656982421875,44.0,1.1919739246368408,4.0,3.0,0.7150842878922588,13.578727722167969,33.0,"{""type"":""Point"",""coordinates"":[109.86564484150391,19.636398948911964]}"
2886,0.0,25.0,89.0,25.789642333984375,76.0,18.594541655609852,109.81209228554076,2279.03271484375,45.0,2.3058853149414062,4.0,1.0,0.6625280569070722,12.931185722351074,44.0,"{""type"":""Point"",""coordinates"":[109.81218049705045,18.59332676975396]}"
2887,0.0,29.0,603.0,43.04182052612305,390.0,18.895477275789894,109.63692080513749,2269.93896484375,46.0,7.785133361816406,5.0,2.0,0.5825051229796333,11.339062690734863,45.0,"{""type"":""Point"",""coordinates"":[109.63759563919483,18.89470966213942]}"
2888,0.0,33.0,676.0,84.89688873291016,531.0,19.16048028460515,109.30903572643388,2486.160400390625,40.0,20.77292823791504,9.0,2.0,0.5840502688856976,10.252955436706543,38.0,"{""type"":""Point"",""coordinates"":[109.31071309601543,19.16070342799685]}"
2889,0.0,27.0,179.0,74.71351623535156,157.0,18.93590146357527,110.22980889265637,2423.057861328125,49.0,11.757826805114746,3.0,2.0,0.5953565595010395,11.232855796813965,46.0,"{""type"":""Point"",""coordinates"":[110.23150897007606,18.93484090277955]}"
2890,0.0,30.0,346.0,19.59186553955078,229.0,18.702339489704194,109.10691478750698,1955.2479248046875,42.0,2.692336082458496,4.0,1.0,0.6048780109366868,12.608170509338379,43.0,"{""type"":""Point"",""coordinates"":[109.10645688835329,18.70064606903681]}"
2891,0.0,26.0,945.0,43.281314849853516,804.0,18.841578358742723,109.70429445144646,2252.894775390625,47.0,11.149179458618164,6.0,2.0,0.5527231345730713,10.620035171508789,45.0,"{""type"":""Point"",""coordinates"":[109.70570128067348,18.840515006973522]}"
2892,0.0,24.0,55.0,26.49520492553711,43.0,19.191921319549337,108.97216749488905,2120.6435546875,49.0,2.948587417602539,4.0,2.0,0.6986615598845839,12.705219268798828,42.0,"{""type"":""Point"",""coordinates"":[108.97226694917818,19.193963715291513]}"
2893,0.0,35.0,47.0,27.435405731201172,47.0,19.052682450510808,110.39599722021848,2379.963623046875,36.0,2.4198739528656006,5.0,2.0,0.725888961679913,12.907822608947754,39.0,"{""type"":""Point"",""coordinates"":[110.39449427836075,19.054254920366034]}"
2894,0.0,27.0,724.0,53.200050354003906,656.0,18.594541655609852,109.52463139462253,2217.01806640625,48.0,13.411982536315918,8.0,1.0,0.5445073177816945,10.671531677246094,48.0,"{""type"":""Point"",""coordinates"":[109.52563368788218,18.593943581648382]}"
2895,0.0,25.0,85.0,13.232001304626465,81.0,19.35361807069085,108.99462537699202,1894.2255859375,57.0,1.5138792991638184,2.0,3.0,0.650063899006946,13.354684829711914,41.0,"{""type"":""Point"",""coordinates"":[108.99646403444903,19.35194395318264]}"
2896,0.0,26.0,372.0,19.62778663635254,326.0,18.616999537712843,109.36293464348103,2106.338623046875,49.0,2.1823666095733643,4.0,1.0,0.6005175232876925,12.79975700378418,46.0,"{""type"":""Point"",""coordinates"":[109.36186016135592,18.6165381686719]}"
2897,0.0,31.0,77.0,14.950643539428711,57.0,18.67988160760121,109.80760070912021,2441.753173828125,41.0,0.7355539202690125,5.0,1.0,0.6792289330018646,14.081457138061523,49.0,"{""type"":""Point"",""coordinates"":[109.80782714777415,18.680866774269806]}"
2899,0.0,26.0,82.0,12.588080406188965,80.0,19.55124743319714,109.33598518495745,2200.006591796875,54.0,0.8094721436500549,2.0,3.0,0.6898957134185562,13.982697486877441,37.0,"{""type"":""Point"",""coordinates"":[109.33664243854851,19.549009451278234]}"
2900,0.0,28.0,49.0,12.022722244262695,49.0,19.447941175523397,108.90928542500069,1755.8851318359375,42.0,1.4186197519302368,2.0,3.0,0.6842505287969812,13.441069602966309,40.0,"{""type"":""Point"",""coordinates"":[108.90919455665306,19.448282403651618]}"
2901,0.0,23.0,151.0,12.70711898803711,125.0,19.506331668991166,109.4437830190518,2353.402587890625,57.0,0.6111997961997986,4.0,3.0,0.6792721514199119,14.221488952636719,36.0,"{""type"":""Point"",""coordinates"":[109.44568318280507,19.506463415725523]}"
2902,0.0,33.0,32.0,13.63478946685791,33.0,19.870149359059575,109.27310311506909,1648.9810791015625,41.0,2.2584099769592285,4.0,4.0,0.7177505833446823,12.985713005065918,35.0,"{""type"":""Point"",""coordinates"":[109.27223148137163,19.871210426208776]}"
2903,0.0,41.0,77.0,10.187516212463379,77.0,19.874640935480173,109.92438169605572,2261.216796875,30.0,0.47480547428131104,4.0,4.0,0.709046268099865,14.238466262817383,35.0,"{""type"":""Point"",""coordinates"":[109.92501450293074,19.876581875272905]}"
2904,0.0,22.0,113.0,19.290584564208984,95.0,19.49285693972937,109.385392525584,2411.119384765625,54.0,1.236173391342163,3.0,3.0,0.6958781707475377,13.540477752685547,34.0,"{""type"":""Point"",""coordinates"":[109.38676237521251,19.49452145382272]}"
2905,0.0,27.0,10.0,5.863673210144043,11.0,20.013879804518695,110.45438771368623,1848.7701416015625,43.0,0.16753262281417847,2.0,4.0,0.7346271335928373,14.649131774902344,41.0,"{""type"":""Point"",""coordinates"":[110.45527211004713,20.0135835925422]}"
2906,0.0,22.0,107.0,15.580052375793457,60.0,19.60514635024431,109.63692080513749,2323.588623046875,53.0,0.9150692820549011,4.0,3.0,0.7276480033008315,13.844978332519531,35.0,"{""type"":""Point"",""coordinates"":[109.63504064175787,19.607095785656448]}"
2907,0.0,25.0,55.0,11.083717346191406,55.0,19.398533834896824,108.8688612372153,1749.0107421875,54.0,1.3412703275680542,3.0,3.0,0.677929536591259,13.493629455566406,40.0,"{""type"":""Point"",""coordinates"":[108.86859036416213,19.397075208127262]}"
2908,0.0,33.0,97.0,15.799238204956055,92.0,19.659045267291482,110.61608446482774,2281.0185546875,44.0,1.4615297317504883,4.0,3.0,0.6931283978699658,12.927657127380371,34.0,"{""type"":""Point"",""coordinates"":[110.61527234967257,19.65809266767263]}"
2909,0.0,28.0,321.0,75.70271301269531,300.0,19.138022402502166,109.05750744688038,2317.00634765625,51.0,15.825336456298828,4.0,2.0,0.5971890785220249,10.829436302185059,40.0,"{""type"":""Point"",""coordinates"":[109.05562654815029,19.13984245150686]}"
2910,0.0,32.0,12.0,9.588193893432617,13.0,19.87913251190077,110.65201707619252,1970.582275390625,36.0,0.9395813941955566,9.0,4.0,0.7378075021498819,12.921812057495117,42.0,"{""type"":""Point"",""coordinates"":[110.65240543427237,19.87767322501734]}"
2911,0.0,29.0,2.0,5.400435447692871,3.0,20.000405075256907,110.49481190147162,1848.7701416015625,40.0,0.06104126572608948,3.0,4.0,0.7495609181445538,15.670578956604004,40.0,"{""type"":""Point"",""coordinates"":[110.49671690988986,20.001574578811045]}"
2912,0.0,27.0,166.0,7.482248306274414,39.0,18.756238406751365,109.11589794034813,1974.6949462890625,43.0,0.2594606280326843,4.0,1.0,0.6936654579269727,15.068925857543945,43.0,"{""type"":""Point"",""coordinates"":[109.11593552407501,18.75669115080815]}"
2913,0.0,26.0,18.0,8.450475692749023,20.0,19.57819689172073,110.79574752165166,2169.308349609375,44.0,0.22943836450576782,6.0,3.0,0.7683771061032335,14.852015495300293,36.0,"{""type"":""Point"",""coordinates"":[110.79652868465921,19.576772589642772]}"
2914,0.0,26.0,147.0,27.000789642333984,79.0,19.4434495991028,109.40335883126642,2506.381103515625,42.0,1.916440725326538,4.0,3.0,0.719229661815169,13.080848693847656,33.0,"{""type"":""Point"",""coordinates"":[109.40278141695211,19.442835818271256]}"
2915,0.0,27.0,425.0,20.76359748840332,428.0,18.608016384871647,108.8643696607947,1622.00927734375,51.0,5.533298015594482,3.0,1.0,0.5536375589728355,11.827588081359863,47.0,"{""type"":""Point"",""coordinates"":[108.86231778160547,18.605880008555403]}"
2916,0.0,28.0,159.0,57.24052047729492,102.0,19.376075952793833,110.13548578782382,2471.07763671875,46.0,7.054555892944336,5.0,3.0,0.6520882371014974,11.76544189453125,38.0,"{""type"":""Point"",""coordinates"":[110.13616756626504,19.374581522843958]}"
2917,0.0,24.0,36.0,7.532681941986084,39.0,18.558609044245074,108.78352128522391,1479.3214111328125,54.0,1.104060173034668,2.0,1.0,0.6630889741886736,13.699444770812988,44.0,"{""type"":""Point"",""coordinates"":[108.78299662092529,18.55742734979843]}"
2918,0.0,28.0,450.0,20.657922744750977,404.0,18.82810362948093,110.05463741225304,2242.0576171875,44.0,2.0149807929992676,4.0,2.0,0.6042648045869139,12.821446418762207,46.0,"{""type"":""Point"",""coordinates"":[110.0564477717484,18.82836805680463]}"
2919,0.0,24.0,54.0,14.308059692382812,54.0,19.74438521928284,109.52013981820193,2097.0947265625,53.0,1.1441545486450195,4.0,4.0,0.7366555216930579,13.653219223022461,32.0,"{""type"":""Point"",""coordinates"":[109.52143023803089,19.746380486926938]}"
2920,0.0,34.0,489.0,54.72807693481445,365.0,18.98980038062244,109.1832715866571,2123.965576171875,37.0,13.065093040466309,6.0,2.0,0.5878605447951598,10.90456771850586,40.0,"{""type"":""Point"",""coordinates"":[109.18242397692141,18.990874940580003]}"
2921,0.0,30.0,109.0,13.504941940307617,93.0,19.4434495991028,110.42743825516266,2411.057373046875,37.0,0.5767958760261536,5.0,3.0,0.6894054170926055,14.265592575073242,37.0,"{""type"":""Point"",""coordinates"":[110.42903686649456,19.442383751193493]}"
2922,0.0,25.0,58.0,13.925771713256836,57.0,19.40751698773802,109.04403271761862,1984.40625,51.0,1.3001850843429565,2.0,3.0,0.7065596335423029,13.522981643676758,36.0,"{""type"":""Point"",""coordinates"":[109.045120479358,19.407591630745483]}"
2923,0.0,30.0,57.0,8.285079956054688,56.0,19.82972517127419,109.68632814576404,1916.9561767578125,43.0,0.4877917766571045,3.0,4.0,0.7164579158058845,14.5040922164917,34.0,"{""type"":""Point"",""coordinates"":[109.6880294393548,19.829067175480514]}"
2924,0.0,23.0,76.0,8.565170288085938,74.0,19.735402066441644,109.62793765229628,2173.063720703125,53.0,0.22943836450576782,2.0,3.0,0.7153735602061013,15.247093200683594,33.0,"{""type"":""Point"",""coordinates"":[109.62844283770836,19.73739811495037]}"
2925,0.0,27.0,375.0,44.15856170654297,205.0,18.778696288854356,109.43030828978999,2225.93115234375,47.0,7.056727409362793,4.0,1.0,0.5946722933875602,11.61941909790039,45.0,"{""type"":""Point"",""coordinates"":[109.4301668566736,18.77778370080657]}"
2926,0.0,29.0,681.0,31.61557388305664,532.0,18.751746830330767,109.34496833779866,2050.3203125,49.0,6.921718120574951,6.0,1.0,0.5651009576755471,11.387615203857422,46.0,"{""type"":""Point"",""coordinates"":[109.34524030685228,18.7529762068884]}"
2927,0.0,26.0,43.0,20.389991760253906,43.0,18.71132264254539,110.14446894066504,2152.765869140625,49.0,1.9319171905517578,4.0,1.0,0.6919188431571427,13.135583877563477,45.0,"{""type"":""Point"",""coordinates"":[110.14564664215759,18.7115440798339]}"
2928,0.0,24.0,110.0,41.3587532043457,72.0,19.10658136755798,110.04116268299128,2507.076416015625,51.0,3.8679239749908447,4.0,2.0,0.6679918442390477,12.400243759155273,45.0,"{""type"":""Point"",""coordinates"":[110.0390826317717,19.105510439819454]}"
2929,0.0,23.0,26.0,4.122965335845947,26.0,18.908952005051688,108.7071644860738,1459.9063720703125,52.0,0.19072480499744415,2.0,2.0,0.6755206599682612,15.461294174194336,45.0,"{""type"":""Point"",""coordinates"":[108.7072124694451,18.90872355013275]}"
2930,0.0,28.0,106.0,17.997751235961914,76.0,19.560230586038337,110.02768795372947,2499.493896484375,46.0,0.9973743557929993,5.0,3.0,0.720790557884218,13.759443283081055,35.0,"{""type"":""Point"",""coordinates"":[110.02954216653431,19.56239459141703]}"
2931,0.0,26.0,710.0,72.38948822021484,514.0,18.895477275789894,109.7492102156524,2405.75634765625,47.0,17.031780242919922,5.0,2.0,0.5549310464455713,10.434551239013672,45.0,"{""type"":""Point"",""coordinates"":[109.7478433254398,18.89332997888295]}"
2933,0.0,23.0,35.0,4.12029504776001,35.0,19.80277571275061,110.95744427279317,1568.9840087890625,53.0,0.12193004041910172,3.0,4.0,0.6548317114302645,14.504852294921875,49.0,"{""type"":""Point"",""coordinates"":[110.95777879666089,19.80133448512486]}"
2934,0.0,27.0,362.0,71.20098114013672,285.0,19.27276969512009,109.92887327247632,2508.67333984375,47.0,10.888397216796875,5.0,2.0,0.6337539462093361,11.188032150268555,37.0,"{""type"":""Point"",""coordinates"":[109.92850573052992,19.273241554192595]}"
2935,0.0,24.0,91.0,11.991373062133789,55.0,19.677011572973875,109.81658386196136,2392.74609375,56.0,0.4842160642147064,4.0,3.0,0.7536548408433953,14.49118709564209,32.0,"{""type"":""Point"",""coordinates"":[109.81687289622137,19.6787140042034]}"
2936,0.0,26.0,195.0,19.645294189453125,89.0,19.115564520399175,109.88395750827033,2304.437744140625,49.0,1.5568598508834839,4.0,2.0,0.6552123633328714,13.258411407470703,42.0,"{""type"":""Point"",""coordinates"":[109.88405956066276,19.11745457591432]}"
2937,0.0,27.0,288.0,42.15336990356445,139.0,19.290736000802482,109.49319035967835,2465.9775390625,48.0,4.669079303741455,4.0,3.0,0.6567569306876778,12.09656047821045,37.0,"{""type"":""Point"",""coordinates"":[109.49494714752802,19.29182223778959]}"
2939,0.0,30.0,151.0,36.38348388671875,151.0,18.495726974356707,109.9558227309999,1899.7474365234375,43.0,7.211364269256592,4.0,1.0,0.5941550792213071,11.748237609863281,44.0,"{""type"":""Point"",""coordinates"":[109.95570967525722,18.49499867502285]}"
2940,0.0,21.0,157.0,28.78054428100586,75.0,19.515314821832362,109.70429445144646,2442.90283203125,53.0,2.307051420211792,4.0,3.0,0.7088895493129203,12.888930320739746,35.0,"{""type"":""Point"",""coordinates"":[109.70543967408135,19.514808021261707]}"
2941,0.0,28.0,54.0,11.434127807617188,40.0,19.80277571275061,110.1579436699268,2266.892333984375,39.0,0.5196375846862793,5.0,4.0,0.7611693768949386,14.166254043579102,33.0,"{""type"":""Point"",""coordinates"":[110.15878918539784,19.80235220693782]}"
2942,0.0,29.0,3.0,6.30384635925293,3.0,20.05879556872467,110.40498037305969,1938.6326904296875,42.0,0.1720791757106781,2.0,4.0,0.7493861544819465,14.632702827453613,41.0,"{""type"":""Point"",""coordinates"":[110.40598674406431,20.05997737689743]}"
2943,0.0,25.0,160.0,15.103778839111328,57.0,19.27276969512009,109.73124390997003,2433.579345703125,52.0,0.7788679599761963,5.0,2.0,0.7223488229490054,13.973410606384277,38.0,"{""type"":""Point"",""coordinates"":[109.73201403602746,19.271437241744472]}"
2944,0.0,24.0,20.0,6.2559814453125,21.0,19.94650615820973,110.84964643869881,1825.8330078125,51.0,0.4045388698577881,2.0,4.0,0.6808104909318448,13.340302467346191,50.0,"{""type"":""Point"",""coordinates"":[110.85052372885227,19.94724321704495]}"
2945,0.0,22.0,18.0,3.3111448287963867,18.0,19.10658136755798,108.67123187470901,1269.3720703125,56.0,0.2373328059911728,2.0,2.0,0.6776517666003963,15.247283935546875,44.0,"{""type"":""Point"",""coordinates"":[108.67273147937662,19.10455115514626]}"
2946,0.0,29.0,410.0,18.73770523071289,360.0,18.68437318402181,109.56505558240792,2216.7021484375,47.0,1.8240482807159424,4.0,1.0,0.6016224961492532,12.951332092285156,47.0,"{""type"":""Point"",""coordinates"":[109.5654876361101,18.684770538615982]}"
2947,0.0,32.0,52.0,13.834772109985352,38.0,19.57819689172073,110.40947194948029,2432.82666015625,41.0,0.7121008038520813,4.0,3.0,0.749786263102437,13.852693557739258,38.0,"{""type"":""Point"",""coordinates"":[110.4088979234535,19.576716877004802]}"
2948,0.0,27.0,135.0,36.574180603027344,97.0,19.04819087409021,108.97216749488905,2026.699462890625,46.0,5.861627578735352,3.0,2.0,0.6177510701906785,11.967215538024902,42.0,"{""type"":""Point"",""coordinates"":[108.97407777682022,19.04598521009226]}"
2949,0.0,22.0,77.0,11.027735710144043,70.0,19.38505910563503,109.08445690540395,2068.065673828125,57.0,0.7142412662506104,2.0,3.0,0.7026417423015323,14.110862731933594,35.0,"{""type"":""Point"",""coordinates"":[109.08509474107119,19.386224332596786]}"
2950,0.0,27.0,182.0,59.50960922241211,135.0,19.120056096819773,110.03217953015007,2507.076416015625,45.0,7.1020917892456055,4.0,2.0,0.6248616097809874,11.74411392211914,44.0,"{""type"":""Point"",""coordinates"":[110.03162419132236,19.117951199181547]}"
2951,0.0,29.0,132.0,19.934022903442383,103.0,19.479382210467584,110.42743825516266,2422.32958984375,40.0,1.322995662689209,4.0,3.0,0.6680029119532429,13.420609474182129,39.0,"{""type"":""Point"",""coordinates"":[110.42880712436784,19.478648603483645]}"
2952,0.0,26.0,353.0,75.50308227539062,240.0,19.313193882905473,109.41683356052818,2535.124755859375,51.0,11.847065925598145,4.0,3.0,0.6274340083092703,11.10784912109375,38.0,"{""type"":""Point"",""coordinates"":[109.41874821123004,19.31446854509526]}"
2953,0.0,27.0,144.0,33.95341110229492,144.0,18.729288948227783,110.14896051708558,2152.765869140625,50.0,4.614574432373047,4.0,1.0,0.6127130040896136,12.202173233032227,45.0,"{""type"":""Point"",""coordinates"":[110.147520424904,18.72871728048341]}"
2954,0.0,25.0,239.0,17.924230575561523,118.0,19.021241415566628,109.87946593184972,2272.455078125,48.0,1.3584778308868408,5.0,2.0,0.644357335814455,13.366109848022461,41.0,"{""type"":""Point"",""coordinates"":[109.87928574696636,19.021138001230344]}"
2955,0.0,25.0,558.0,34.80358123779297,429.0,18.73827210106898,108.95869276562723,1825.4014892578125,50.0,9.731667518615723,6.0,1.0,0.5511630822374106,11.150809288024902,46.0,"{""type"":""Point"",""coordinates"":[108.9571103112463,18.736150765787755]}"
2956,0.0,27.0,25.0,20.43461036682129,16.0,19.15598870818455,110.26574150402115,2528.46728515625,42.0,1.1259121894836426,4.0,2.0,0.7704238327215983,13.686230659484863,40.0,"{""type"":""Point"",""coordinates"":[110.26786025582962,19.157418009399926]}"
2957,0.0,23.0,95.0,29.817644119262695,65.0,19.501840092570568,110.43642140800387,2389.639892578125,52.0,2.8942959308624268,4.0,3.0,0.6966373172373461,12.537144660949707,40.0,"{""type"":""Point"",""coordinates"":[110.43686722488748,19.499978756081894]}"
2958,0.0,30.0,51.0,12.340728759765625,51.0,19.86116620621838,110.33760672675072,2230.738037109375,40.0,0.7340545058250427,6.0,4.0,0.7380215623977711,13.823101997375488,35.0,"{""type"":""Point"",""coordinates"":[110.33826391287174,19.863343181114924]}"
2959,0.0,20.0,15.0,6.844444274902344,15.0,20.063287145145267,110.70142441681912,1722.5029296875,62.0,1.0052634477615356,1.0,4.0,0.7057192809396221,12.439029693603516,44.0,"{""type"":""Point"",""coordinates"":[110.70069169175656,20.062733191326128]}"
2960,0.0,22.0,36.0,15.192732810974121,33.0,19.69048630223567,109.49319035967835,2149.899658203125,56.0,1.1630336046218872,3.0,3.0,0.7589311397192584,13.647394180297852,33.0,"{""type"":""Point"",""coordinates"":[109.49392660740448,19.68902119045411]}"
2961,0.0,29.0,113.0,15.708054542541504,58.0,19.38056752921443,109.91090696679396,2473.1416015625,41.0,0.7521661520004272,4.0,3.0,0.7257719742397293,14.037394523620605,38.0,"{""type"":""Point"",""coordinates"":[109.90941431946538,19.38016530315345]}"
2962,0.0,28.0,294.0,24.437517166137695,249.0,18.594541655609852,109.12038951676874,1948.8321533203125,50.0,3.980917453765869,5.0,1.0,0.5863963237040175,12.252510070800781,47.0,"{""type"":""Point"",""coordinates"":[109.1218677540015,18.595922218751497]}"
2963,0.0,25.0,98.0,10.245307922363281,51.0,19.66353684371208,109.67285341650228,2262.527099609375,50.0,0.3650796711444855,4.0,3.0,0.7503111555278991,14.769390106201172,32.0,"{""type"":""Point"",""coordinates"":[109.67111013557343,19.662694432342544]}"
2964,0.0,27.0,120.0,14.329459190368652,92.0,19.474890634046986,109.36742621990163,2411.119384765625,50.0,0.7289096117019653,3.0,3.0,0.701134380712648,14.064525604248047,34.0,"{""type"":""Point"",""coordinates"":[109.36586614967335,19.477012617962398]}"
2965,0.0,23.0,35.0,7.792655944824219,33.0,18.450811210150732,109.00810010625383,1761.8607177734375,55.0,0.6046597957611084,2.0,1.0,0.69287782241217,14.30219841003418,43.0,"{""type"":""Point"",""coordinates"":[109.00667736767704,18.45290343612775]}"
2966,0.0,24.0,15.0,10.396684646606445,16.0,19.74438521928284,110.81820540375463,2053.818603515625,53.0,0.9900535345077515,4.0,4.0,0.7354190391042091,12.864996910095215,42.0,"{""type"":""Point"",""coordinates"":[110.81700151289368,19.743692413451047]}"
2967,0.0,24.0,93.0,18.776901245117188,79.0,19.600654773823713,109.51115666536077,2335.781982421875,55.0,1.3779762983322144,3.0,3.0,0.7100040807232473,13.443973541259766,34.0,"{""type"":""Point"",""coordinates"":[109.51032327819118,19.599346476668234]}"
2968,0.0,28.0,162.0,35.59632110595703,161.0,18.62149111413344,110.02319637730886,2144.2236328125,44.0,4.86097526550293,5.0,1.0,0.6063973977508538,12.13865852355957,46.0,"{""type"":""Point"",""coordinates"":[110.02415097514789,18.619656251320947]}"
2969,0.0,27.0,771.0,13.739816665649414,715.0,18.760729983171963,108.91377700142124,1790.397216796875,49.0,2.4592747688293457,8.0,1.0,0.5599730165173634,12.338903427124023,46.0,"{""type"":""Point"",""coordinates"":[108.91593839007923,18.76033261645116]}"
2970,0.0,24.0,178.0,23.378538131713867,54.0,18.73827210106898,109.0305579883568,1944.328857421875,51.0,3.2978572845458984,4.0,1.0,0.6633488774860129,12.51780891418457,43.0,"{""type"":""Point"",""coordinates"":[109.02855128654812,18.736268631791656]}"
2971,0.0,30.0,129.0,99.75973510742188,126.0,19.259294965858295,110.34209830317133,2649.724609375,45.0,14.293975830078125,4.0,2.0,0.6427225889368448,11.061952590942383,36.0,"{""type"":""Point"",""coordinates"":[110.3407471414273,19.25988698581698]}"
2972,0.0,32.0,96.0,15.701971054077148,89.0,19.51980639825296,109.26861153864849,2114.9560546875,46.0,1.4647622108459473,3.0,3.0,0.672212251688163,13.381061553955078,37.0,"{""type"":""Point"",""coordinates"":[109.2696430228414,19.52191355149417]}"
2973,0.0,29.0,70.0,12.181541442871094,68.0,19.569213738879533,109.34496833779866,2200.006591796875,46.0,0.7146303653717041,3.0,3.0,0.7094794919084666,14.11448860168457,36.0,"{""type"":""Point"",""coordinates"":[109.34485888800462,19.570958464149776]}"
2974,0.0,28.0,175.0,25.90102767944336,147.0,18.554117467824476,109.26411996222788,1977.984130859375,53.0,4.12544584274292,4.0,1.0,0.5985631215862872,12.295186996459961,46.0,"{""type"":""Point"",""coordinates"":[109.26275823993316,18.55559947326455]}"
2975,0.0,30.0,631.0,52.1019172668457,403.0,19.088615061875586,109.29106942075146,2262.072509765625,40.0,10.789970397949219,5.0,2.0,0.5975251105646282,10.982251167297363,39.0,"{""type"":""Point"",""coordinates"":[109.28964485005368,19.088889991031717]}"
2976,0.0,27.0,123.0,23.931856155395508,95.0,18.500218550777305,109.37640937274284,2065.91845703125,49.0,2.9335274696350098,5.0,1.0,0.6168779389182277,12.669453620910645,46.0,"{""type"":""Point"",""coordinates"":[109.37509558919733,18.50102870620972]}"
2977,0.0,23.0,142.0,19.924728393554688,48.0,19.358109647111448,109.34047676137806,2401.13671875,45.0,1.2549992799758911,4.0,3.0,0.7418029498802983,13.507506370544434,35.0,"{""type"":""Point"",""coordinates"":[109.33949729156255,19.357982295151302]}"
2978,0.0,25.0,82.0,23.063087463378906,69.0,19.21437920165232,108.98564222415081,2087.268798828125,47.0,2.5053529739379883,4.0,2.0,0.6723473829358269,12.852323532104492,41.0,"{""type"":""Point"",""coordinates"":[108.98579915356072,19.213141920200805]}"
2979,0.0,26.0,365.0,31.06045150756836,312.0,18.837086782322125,108.93174330710366,1882.372802734375,51.0,6.556751728057861,5.0,2.0,0.5878571069551467,11.700836181640625,43.0,"{""type"":""Point"",""coordinates"":[108.92962095375204,18.838400416883132]}"
2980,0.0,25.0,409.0,109.13386535644531,371.0,19.043699297669612,110.08607844719722,2561.3291015625,47.0,20.792020797729492,3.0,2.0,0.5552942172403872,10.473607063293457,47.0,"{""type"":""Point"",""coordinates"":[110.08645606653275,19.044751055801026]}"
2981,0.0,27.0,180.0,28.931243896484375,158.0,18.886494122948697,110.18040155202976,2240.729736328125,51.0,3.303757429122925,5.0,2.0,0.621014004547704,12.51474666595459,45.0,"{""type"":""Point"",""coordinates"":[110.17957706041182,18.885844933864885]}"
2982,0.0,26.0,9.0,6.51563024520874,10.0,19.977947193153916,110.83168013301645,1727.705078125,46.0,0.715709388256073,3.0,4.0,0.692013609434865,12.794488906860352,49.0,"{""type"":""Point"",""coordinates"":[110.82974442663652,19.97967001636679]}"
2983,0.0,25.0,73.0,11.935091972351074,48.0,19.506331668991166,110.17141839918861,2405.9716796875,50.0,0.41955164074897766,4.0,3.0,0.7413100824186257,14.645316123962402,37.0,"{""type"":""Point"",""coordinates"":[110.17129785431341,19.50574289050533]}"
2984,0.0,28.0,456.0,69.58700561523438,413.0,18.76522155959256,109.7492102156524,2440.123291015625,45.0,12.216282844543457,4.0,1.0,0.5756147352639883,10.999763488769531,47.0,"{""type"":""Point"",""coordinates"":[109.74768305878996,18.763669032249513]}"
2985,0.0,26.0,219.0,45.910133361816406,165.0,19.147005555343355,109.98277218952347,2461.674072265625,47.0,5.042269706726074,4.0,2.0,0.6367720191115818,12.065351486206055,42.0,"{""type"":""Point"",""coordinates"":[109.98166916558178,19.149121158257433]}"
2986,0.0,39.0,781.0,20.38224983215332,699.0,18.554117467824476,109.49319035967835,2102.9501953125,32.0,3.1807479858398438,6.0,1.0,0.5739101335894852,12.07099437713623,46.0,"{""type"":""Point"",""coordinates"":[109.49499826141542,18.552789632916287]}"
2987,0.0,23.0,53.0,16.33758544921875,32.0,19.533281127514755,110.24777519833873,2399.712158203125,46.0,0.8390700817108154,4.0,3.0,0.7534774030741701,13.963996887207031,38.0,"{""type"":""Point"",""coordinates"":[110.24699965213452,19.534527427705406]}"
2988,0.0,28.0,75.0,9.715176582336426,73.0,19.83421674769479,110.28819938612412,2249.654541015625,43.0,0.33486029505729675,5.0,4.0,0.7140916962127325,14.589249610900879,35.0,"{""type"":""Point"",""coordinates"":[110.28908803374307,19.83229795503966]}"
2989,0.0,28.0,271.0,45.77195358276367,274.0,18.392420716682963,109.6414123815581,2058.072021484375,48.0,9.065682411193848,3.0,1.0,0.5980040545305015,11.438394546508789,42.0,"{""type"":""Point"",""coordinates"":[109.64121429723504,18.39213840651748]}"
2990,0.0,24.0,45.0,16.21546173095703,43.0,18.54513431498328,108.97665907130965,1767.1611328125,54.0,2.3782405853271484,3.0,1.0,0.6492997442255465,12.926369667053223,49.0,"{""type"":""Point"",""coordinates"":[108.97822709968752,18.546282401040227]}"
2991,0.0,28.0,206.0,25.893810272216797,73.0,18.675390031180612,109.1877631630777,2000.183349609375,46.0,3.7172491550445557,4.0,1.0,0.6334738091587768,12.379850387573242,45.0,"{""type"":""Point"",""coordinates"":[109.18878201758535,18.676293916114577]}"
2992,0.0,23.0,107.0,27.035762786865234,70.0,19.537772703935353,109.94683957815869,2534.21337890625,52.0,1.896812915802002,4.0,3.0,0.7245686546193012,13.115767478942871,35.0,"{""type"":""Point"",""coordinates"":[109.948143919632,19.537988236710266]}"
2993,0.0,23.0,125.0,16.06001853942871,84.0,19.46141590478519,109.38090094916339,2411.119384765625,56.0,0.9185511469841003,3.0,3.0,0.7088618081285344,13.830177307128906,34.0,"{""type"":""Point"",""coordinates"":[109.37924160199468,19.460257516001906]}"
2994,0.0,28.0,186.0,27.171266555786133,141.0,18.65742372549822,109.0754737525628,1991.1480712890625,43.0,3.916762590408325,5.0,1.0,0.6041148748514462,12.340267181396484,45.0,"{""type"":""Point"",""coordinates"":[109.07764609413844,18.65689829316575]}"
2995,0.0,25.0,51.0,43.335445404052734,48.0,19.173955013866944,110.33311515033012,2570.515869140625,52.0,3.902684211730957,4.0,2.0,0.7283580765245369,12.426570892333984,39.0,"{""type"":""Point"",""coordinates"":[110.33528225606695,19.174370006721308]}"
2996,0.0,23.0,75.0,18.14071273803711,68.0,19.362601223532046,109.05750744688038,2068.065673828125,58.0,1.9009463787078857,3.0,3.0,0.6923284756212356,13.132855415344238,37.0,"{""type"":""Point"",""coordinates"":[109.05942714333673,19.363010290419638]}"
2997,0.0,24.0,34.0,12.405183792114258,25.0,19.641078961609097,110.3241319974889,2373.91259765625,51.0,0.5478866100311279,4.0,3.0,0.7890949684319891,14.12872314453125,32.0,"{""type"":""Point"",""coordinates"":[110.32492239484779,19.63887529584955]}"
2998,0.0,26.0,286.0,41.81726837158203,109.0,19.286244424381884,109.55607242956671,2439.51611328125,47.0,4.614490509033203,4.0,3.0,0.6554564324193539,12.10973834991455,37.0,"{""type"":""Point"",""coordinates"":[109.55804511717334,19.28646575036505]}"
2999,0.0,26.0,632.0,42.37175369262695,493.0,19.205396048811124,109.77615967417603,2572.776123046875,48.0,5.0763630867004395,4.0,2.0,0.6366162487278957,11.74467945098877,38.0,"{""type"":""Point"",""coordinates"":[109.7752580866332,19.2062803683147]}"
3000,0.0,25.0,27.0,12.132365226745605,27.0,19.89260724116256,109.75819336849361,1998.9007568359375,43.0,0.8910946846008301,3.0,4.0,0.7537395346169099,13.919018745422363,34.0,"{""type"":""Point"",""coordinates"":[109.7573520800911,19.894292515094502]}"
3001,0.0,22.0,15.0,5.966197967529297,15.0,19.142513978922757,108.72962236817676,1440.050048828125,53.0,0.700160562992096,2.0,2.0,0.7033065005635493,14.167122840881348,41.0,"{""type"":""Point"",""coordinates"":[108.72818435021584,19.141903185934073]}"
3002,0.0,25.0,722.0,81.988525390625,518.0,19.025732991987226,109.56505558240792,2398.9931640625,48.0,21.364171981811523,9.0,2.0,0.5572387356947088,10.178500175476074,42.0,"{""type"":""Point"",""coordinates"":[109.5635284614616,19.027045863190864]}"
3003,0.0,26.0,202.0,36.18354034423828,176.0,18.783187865274954,110.08158687077662,2260.36083984375,50.0,4.486439228057861,4.0,1.0,0.6067063257881,12.193716049194336,47.0,"{""type"":""Point"",""coordinates"":[110.08293216535337,18.785242692899974]}"
3004,0.0,32.0,150.0,26.926570892333984,135.0,18.495726974356707,109.30454415001327,1938.3341064453125,41.0,4.300902366638184,4.0,1.0,0.5969976744689356,12.26911449432373,46.0,"{""type"":""Point"",""coordinates"":[109.30399949012231,18.494430498004906]}"
3005,0.0,25.0,90.0,28.624099731445312,75.0,18.554117467824476,109.6414123815581,2308.90234375,46.0,2.643141508102417,4.0,1.0,0.655069742588483,12.79391098022461,46.0,"{""type"":""Point"",""coordinates"":[109.64283000192542,18.552073965823862]}"
3006,0.0,35.0,450.0,69.73552703857422,424.0,18.52267643288029,109.57853031166974,2274.271240234375,37.0,15.784544944763184,5.0,1.0,0.5620889840754152,10.73768138885498,46.0,"{""type"":""Point"",""coordinates"":[109.57825801849073,18.520607452703043]}"
3007,0.0,30.0,17.0,11.568289756774902,11.0,19.72192733717985,110.34209830317133,2360.567626953125,40.0,0.45963147282600403,3.0,3.0,0.8134281824856943,14.317288398742676,30.0,"{""type"":""Point"",""coordinates"":[110.34002529945926,19.721229951282194]}"
3008,0.0,28.0,92.0,17.675067901611328,92.0,18.360979681738776,109.38090094916339,1951.2088623046875,44.0,2.0403084754943848,4.0,1.0,0.6401213781127956,13.051860809326172,41.0,"{""type"":""Point"",""coordinates"":[109.38108912112138,18.360026773959557]}"
3009,0.0,27.0,23.0,6.508351802825928,24.0,20.013879804518695,110.24777519833873,1924.267578125,46.0,0.23742063343524933,2.0,4.0,0.7370580689965558,14.34266185760498,38.0,"{""type"":""Point"",""coordinates"":[110.24815022555816,20.01442662863177]}"
3010,0.0,30.0,103.0,30.242156982421875,103.0,18.392420716682963,109.48869878325775,2036.7772216796875,43.0,4.333067417144775,5.0,1.0,0.6236779499401658,12.29055118560791,42.0,"{""type"":""Point"",""coordinates"":[109.48661953267641,18.39243306133658]}"
3011,0.0,29.0,14.0,8.915916442871094,15.0,19.933031428947942,110.5217613599952,2109.171630859375,43.0,0.5024495720863342,5.0,4.0,0.7556158287259142,13.605718612670898,39.0,"{""type"":""Point"",""coordinates"":[110.5217362056212,19.93467905905816]}"
3012,0.0,26.0,54.0,7.301242828369141,54.0,19.38056752921443,108.97665907130965,1894.2255859375,52.0,0.3650085926055908,2.0,3.0,0.690576587790376,14.795839309692383,40.0,"{""type"":""Point"",""coordinates"":[108.97751438672206,19.38139826154696]}"
3013,0.0,25.0,181.0,69.8351821899414,125.0,19.425483293420413,110.06362056509425,2603.862060546875,52.0,8.520718574523926,4.0,3.0,0.6559731227641804,11.560368537902832,37.0,"{""type"":""Point"",""coordinates"":[110.06285677773549,19.424041904668954]}"
3014,0.0,28.0,272.0,34.89179611206055,263.0,19.039207721249014,108.8239454730093,1721.330810546875,51.0,10.148199081420898,5.0,2.0,0.5828266898299308,11.322778701782227,41.0,"{""type"":""Point"",""coordinates"":[108.82373439880689,19.040252068375196]}"
3015,0.0,21.0,34.0,6.068068027496338,34.0,19.874640935480173,109.68632814576404,1785.67431640625,49.0,0.18256863951683044,2.0,4.0,0.7391683007433089,15.500353813171387,33.0,"{""type"":""Point"",""coordinates"":[109.68689713101116,19.87536741395875]}"
3016,0.0,22.0,62.0,10.177733421325684,62.0,18.65293214907762,110.1130279057208,2133.284423828125,52.0,0.45886939764022827,3.0,1.0,0.6780425865675386,14.562264442443848,44.0,"{""type"":""Point"",""coordinates"":[110.11265824371925,18.653687975866657]}"
3017,0.0,28.0,7.0,6.371273994445801,8.0,20.004896651677498,110.46786244294805,1848.7701416015625,43.0,0.3117002546787262,2.0,4.0,0.7421213270045482,14.032708168029785,40.0,"{""type"":""Point"",""coordinates"":[110.46945531906287,20.006701885606148]}"
3018,0.0,26.0,12.0,7.172327041625977,13.0,19.959980887471524,110.72388229892209,1819.77197265625,46.0,0.7304605841636658,6.0,4.0,0.7095514330865407,12.767396926879883,46.0,"{""type"":""Point"",""coordinates"":[110.72192869440084,19.961583066592574]}"
3019,0.0,26.0,43.0,17.58304786682129,43.0,18.343013376056383,109.52013981820193,1910.6126708984375,53.0,2.240985870361328,3.0,0.0,0.6894243376811071,12.98705005645752,42.0,"{""type"":""Point"",""coordinates"":[109.52030376820697,18.34401331149687]}"
3020,0.0,30.0,23.0,11.069961547851562,22.0,19.762351524965233,110.66998338187494,2141.910400390625,38.0,0.7085825800895691,5.0,4.0,0.7483157520741219,13.673463821411133,39.0,"{""type"":""Point"",""coordinates"":[110.66973172690659,19.76384350272455]}"
3021,0.0,33.0,125.0,13.763947486877441,119.0,19.659045267291482,110.60710131198658,2281.0185546875,43.0,1.0914068222045898,5.0,3.0,0.6846180250051254,13.192740440368652,34.0,"{""type"":""Point"",""coordinates"":[110.60606988571595,19.66032501438098]}"
3022,0.0,26.0,21.0,12.268362045288086,21.0,19.18293816670814,110.44989613726563,2458.581298828125,48.0,0.4029739499092102,3.0,2.0,0.7681047109966624,14.696885108947754,39.0,"{""type"":""Point"",""coordinates"":[110.44971265869798,19.185006275342403]}"
3023,0.0,21.0,80.0,13.903956413269043,78.0,19.38505910563503,109.03954114119801,2016.7772216796875,58.0,1.2355296611785889,2.0,3.0,0.6840309783470218,13.560933113098145,36.0,"{""type"":""Point"",""coordinates"":[109.03822548940775,19.38401160369427]}"
3024,0.0,30.0,274.0,35.47074508666992,271.0,18.414878598785947,109.28208626791024,1907.5286865234375,45.0,7.5047173500061035,4.0,1.0,0.5998546477859344,11.627984046936035,41.0,"{""type"":""Point"",""coordinates"":[109.28076903950439,18.41382602497688]}"
3025,0.0,25.0,95.0,16.914228439331055,87.0,19.447941175523397,109.13835582245116,2156.859619140625,51.0,1.4279015064239502,3.0,3.0,0.6946822377482632,13.407163619995117,33.0,"{""type"":""Point"",""coordinates"":[109.13757508859624,19.44938146565587]}"
3026,0.0,28.0,43.0,26.074705123901367,34.0,18.590050079189254,109.88395750827033,2243.644287109375,44.0,2.5136284828186035,4.0,1.0,0.7048290231427867,12.872106552124023,45.0,"{""type"":""Point"",""coordinates"":[109.88347426241565,18.58948122363554]}"
3027,0.0,26.0,220.0,21.045896530151367,64.0,18.832595205901526,109.39886725484581,2193.29296875,49.0,2.0474250316619873,4.0,2.0,0.6597302973640987,12.968132972717285,45.0,"{""type"":""Point"",""coordinates"":[109.39765055371036,18.833204750730072]}"
3028,0.0,23.0,207.0,9.806180000305176,167.0,18.62149111413344,109.2775946914897,2038.566650390625,55.0,0.5862138867378235,2.0,1.0,0.6156059157916823,14.22762680053711,45.0,"{""type"":""Point"",""coordinates"":[109.278309219757,18.62017297848523]}"
3029,0.0,25.0,251.0,29.125654220581055,139.0,19.250311813017106,109.34945991421921,2483.80322265625,53.0,2.5235414505004883,4.0,2.0,0.663889454476059,12.738389015197754,38.0,"{""type"":""Point"",""coordinates"":[109.34851489312204,19.251899187970185]}"
3030,0.0,23.0,34.0,12.992350578308105,24.0,19.23683708375531,108.95869276562723,2087.268798828125,54.0,0.9492989182472229,2.0,2.0,0.729908914446648,13.851668357849121,41.0,"{""type"":""Point"",""coordinates"":[108.9586293740797,19.23866643182508]}"
3031,0.0,28.0,420.0,63.933372497558594,240.0,18.80115417095734,109.49768193609896,2156.750732421875,49.0,15.527657508850098,4.0,1.0,0.5489805127730123,10.777715682983398,48.0,"{""type"":""Point"",""coordinates"":[109.49595183531054,18.800959988884266]}"
3032,0.0,28.0,91.0,35.65849304199219,91.0,18.495726974356707,109.80760070912021,2033.9652099609375,49.0,5.737111568450928,5.0,1.0,0.6206858125414575,12.015681266784668,44.0,"{""type"":""Point"",""coordinates"":[109.8061126602693,18.497118231803334]}"
3033,0.0,27.0,70.0,14.125137329101562,49.0,19.54226428035595,110.1624352463474,2405.9716796875,49.0,0.6912535429000854,6.0,3.0,0.749596981178255,14.147750854492188,35.0,"{""type"":""Point"",""coordinates"":[110.16185096395316,19.54444713390133]}"
3034,0.0,28.0,36.0,11.234074592590332,36.0,19.784809407068217,110.60260973556598,2139.865966796875,39.0,0.7101191282272339,7.0,4.0,0.7421616309167232,13.680573463439941,37.0,"{""type"":""Point"",""coordinates"":[110.6032553202427,19.7852633678663]}"
3035,0.0,25.0,147.0,25.494447708129883,73.0,19.35361807069085,110.01421322446765,2484.22607421875,50.0,1.884848952293396,4.0,3.0,0.707163709136301,13.097482681274414,37.0,"{""type"":""Point"",""coordinates"":[110.01507195972461,19.35561218748472]}"
3036,0.0,27.0,16.0,5.975383281707764,17.0,19.739893642862242,110.9304948142696,1793.6075439453125,46.0,0.38142308592796326,2.0,3.0,0.6969653875784028,13.40821361541748,47.0,"{""type"":""Point"",""coordinates"":[110.9324723983893,19.740877933793854]}"
3037,0.0,26.0,480.0,70.11479187011719,418.0,19.191921319549337,109.15183055171292,2377.816162109375,44.0,13.040335655212402,7.0,2.0,0.605912932738954,10.9136323928833,39.0,"{""type"":""Point"",""coordinates"":[109.15297945919417,19.191830655486154]}"
3038,0.0,20.0,11.0,2.3831734657287598,11.0,19.088615061875586,108.64428241618543,1104.112060546875,57.0,0.12978732585906982,2.0,2.0,0.6716877240531572,15.854883193969727,45.0,"{""type"":""Point"",""coordinates"":[108.6441731410316,19.087934932418317]}"
3039,0.0,27.0,184.0,12.067558288574219,31.0,18.868527817266305,109.34496833779866,2148.780029296875,46.0,0.751045286655426,4.0,2.0,0.7055120377353273,13.994600296020508,44.0,"{""type"":""Point"",""coordinates"":[109.34307869496587,18.869788654796324]}"
3040,0.0,25.0,76.0,7.095086097717285,70.0,19.18742974312874,108.85987808437409,1862.6644287109375,55.0,0.38202813267707825,2.0,2.0,0.6517185811007739,14.737223625183105,44.0,"{""type"":""Point"",""coordinates"":[108.85765279074883,19.186314361038033]}"
3041,0.0,24.0,107.0,17.00227165222168,52.0,19.600654773823713,109.65039553439925,2358.80810546875,49.0,1.0331021547317505,4.0,3.0,0.7425478854587739,13.7236328125,34.0,"{""type"":""Point"",""coordinates"":[109.64913920398226,19.599863053934648]}"
3042,0.0,24.0,151.0,27.624540328979492,117.0,19.259294965858295,110.1624352463474,2508.52392578125,53.0,2.1200437545776367,4.0,2.0,0.6773625862727777,12.977302551269531,37.0,"{""type"":""Point"",""coordinates"":[110.16208495276555,19.257181734180975]}"
3043,0.0,21.0,17.0,5.757615089416504,17.0,20.05879556872467,110.70591599323973,1722.5029296875,60.0,0.5147342085838318,2.0,4.0,0.7011225989603546,13.103934288024902,45.0,"{""type"":""Point"",""coordinates"":[110.70754067235565,20.05667384412557]}"
3045,0.0,29.0,108.0,10.784477233886719,51.0,19.600654773823713,109.68183656934343,2358.80810546875,44.0,0.3494996726512909,5.0,3.0,0.7518520929938454,14.806940078735352,33.0,"{""type"":""Point"",""coordinates"":[109.68097436215693,19.599449834506256]}"
3046,0.0,29.0,479.0,65.86878967285156,430.0,18.76971313601316,110.0052300716265,2302.499755859375,45.0,13.7625150680542,5.0,1.0,0.5723377433797977,10.858499526977539,45.0,"{""type"":""Point"",""coordinates"":[110.0032753220694,18.77023039894917]}"
3047,0.0,25.0,275.0,52.1483154296875,161.0,19.24132866017591,109.34945991421921,2608.414306640625,52.0,5.58613395690918,4.0,2.0,0.6613469569874854,11.925117492675781,37.0,"{""type"":""Point"",""coordinates"":[109.34743867567559,19.24030982601867]}"
3048,0.0,30.0,493.0,62.96354293823242,410.0,18.819120476639732,109.82107543838197,2352.640625,38.0,11.536357879638672,4.0,1.0,0.5888591133190777,11.029738426208496,43.0,"{""type"":""Point"",""coordinates"":[109.82276364336083,18.817443128174244]}"
3049,0.0,22.0,70.0,16.004703521728516,61.0,19.699469455076866,109.56505558240792,2205.7333984375,54.0,1.1574299335479736,4.0,3.0,0.7297419288791714,13.63221263885498,33.0,"{""type"":""Point"",""coordinates"":[109.56282455038651,19.698531269492946]}"
3050,0.0,31.0,133.0,48.37275695800781,123.0,18.63047426697463,109.83904174406439,2316.350830078125,40.0,6.36161470413208,6.0,1.0,0.6041200180762734,11.88597297668457,48.0,"{""type"":""Point"",""coordinates"":[109.83924423161815,18.6306785575338]}"
3051,0.0,34.0,868.0,28.83867645263672,698.0,18.980817227781245,109.26861153864849,2088.59326171875,39.0,6.552555561065674,6.0,2.0,0.5707822130902649,11.2510404586792,43.0,"{""type"":""Point"",""coordinates"":[109.26643590793798,18.97913948731424]}"
3052,0.0,33.0,115.0,11.476818084716797,72.0,19.38505910563503,110.22980889265637,2471.6640625,40.0,0.3494855761528015,4.0,3.0,0.716380750961324,14.802713394165039,37.0,"{""type"":""Point"",""coordinates"":[110.22853581207212,19.383042345812417]}"
3053,0.0,23.0,259.0,21.698402404785156,152.0,19.313193882905473,109.40335883126642,2535.124755859375,54.0,1.3958733081817627,4.0,3.0,0.6709984880502255,13.325636863708496,38.0,"{""type"":""Point"",""coordinates"":[109.40220494603818,19.311527182387827]}"
3054,0.0,38.0,82.0,25.13054084777832,72.0,19.739893642862242,109.97828061310292,2418.9755859375,37.0,2.1691722869873047,4.0,3.0,0.7254159793119852,12.996567726135254,33.0,"{""type"":""Point"",""coordinates"":[109.97869531709321,19.738235722933346]}"
3055,0.0,39.0,75.0,16.733810424804688,75.0,19.847691476956584,109.94683957815869,2300.04150390625,32.0,1.3007967472076416,3.0,4.0,0.7139980142527224,13.371798515319824,34.0,"{""type"":""Point"",""coordinates"":[109.9447821220009,19.84667483903428]}"
3056,0.0,29.0,187.0,15.811665534973145,10.0,19.24132866017591,109.52013981820193,2419.290283203125,40.0,0.8389436602592468,6.0,2.0,0.7724574425536526,13.881993293762207,38.0,"{""type"":""Point"",""coordinates"":[109.52081153195222,19.243081614720428]}"
3057,0.0,28.0,287.0,40.10785675048828,166.0,19.115564520399175,109.85700804974675,2304.437744140625,47.0,5.271183013916016,4.0,2.0,0.6280371687413938,11.975340843200684,41.0,"{""type"":""Point"",""coordinates"":[109.85578786822181,19.114578675759855]}"
3058,0.0,29.0,26.0,7.652605056762695,26.0,19.91057354684495,109.77615967417603,1895.5162353515625,42.0,0.38979122042655945,3.0,4.0,0.7552083493520053,14.705704689025879,33.0,"{""type"":""Point"",""coordinates"":[109.77463454322756,19.90979206979134]}"
3059,0.0,25.0,318.0,76.26374816894531,155.0,19.12903924966097,109.74471863923185,2476.05859375,47.0,11.837069511413574,4.0,2.0,0.6124707539519137,11.133428573608398,41.0,"{""type"":""Point"",""coordinates"":[109.74323173294448,19.12910429907449]}"
3060,0.0,28.0,68.0,13.88266658782959,69.0,19.950997734630327,110.27921623328291,2258.742431640625,44.0,1.3320128917694092,2.0,4.0,0.7005854549458451,12.551624298095703,38.0,"{""type"":""Point"",""coordinates"":[110.27973505167024,19.95111651070778]}"
3061,0.0,26.0,40.0,14.121567726135254,37.0,19.735402066441644,110.46337086652744,2324.4462890625,44.0,0.808157205581665,4.0,3.0,0.7713137309960085,13.735401153564453,32.0,"{""type"":""Point"",""coordinates"":[110.46190736648094,19.736963920492098]}"
3062,0.0,24.0,33.0,4.502666473388672,33.0,19.83421674769479,110.9394779671108,1647.989990234375,52.0,0.1347699910402298,2.0,4.0,0.6611968884797766,14.409435272216797,49.0,"{""type"":""Point"",""coordinates"":[110.94113243499318,19.832124528838722]}"
3063,0.0,24.0,99.0,31.437236785888672,62.0,19.537772703935353,109.9513311545793,2510.52392578125,51.0,2.499778985977173,4.0,3.0,0.730022148943494,12.844322204589844,35.0,"{""type"":""Point"",""coordinates"":[109.94969976556384,19.536610648127976]}"
3064,0.0,34.0,123.0,33.421600341796875,98.0,19.488365363308773,110.22082573981515,2423.568603515625,36.0,3.1726009845733643,6.0,3.0,0.6781078333462722,12.590959548950195,36.0,"{""type"":""Point"",""coordinates"":[110.22054790003541,19.49058033405874]}"
3065,0.0,25.0,324.0,37.66572189331055,257.0,18.65742372549822,109.33598518495745,2082.710693359375,50.0,6.331267833709717,4.0,1.0,0.5966582325552517,11.765259742736816,44.0,"{""type"":""Point"",""coordinates"":[109.33749377750391,18.658972914678646]}"
3066,0.0,26.0,61.0,26.18960952758789,59.0,18.437336480888938,109.00810010625383,1779.36962890625,49.0,4.86128568649292,2.0,1.0,0.6533108429347997,12.200181007385254,42.0,"{""type"":""Point"",""coordinates"":[109.00610498994914,18.435682119176644]}"
3067,0.0,26.0,433.0,23.518983840942383,420.0,18.643948996236425,108.88682754289766,1622.00927734375,50.0,6.6157546043396,5.0,1.0,0.5468957280955289,11.641529083251953,48.0,"{""type"":""Point"",""coordinates"":[108.88655707497524,18.643549841137997]}"
3068,0.0,28.0,78.0,14.883845329284668,71.0,19.447941175523397,109.11589794034813,2156.859619140625,47.0,1.1486557722091675,3.0,3.0,0.719094534475818,13.63505744934082,32.0,"{""type"":""Point"",""coordinates"":[109.11761607596033,19.44734517537055]}"
3069,0.0,23.0,5.0,4.742641448974609,8.0,18.59903323203045,108.7116560624944,1476.6796875,53.0,0.3441552519798279,2.0,1.0,0.7062246917221012,14.793344497680664,43.0,"{""type"":""Point"",""coordinates"":[108.71078924776202,18.598551607296606]}"
3070,0.0,21.0,29.0,10.212676048278809,31.0,18.423861751627143,109.78963440343779,2004.039306640625,55.0,0.6285743117332458,4.0,1.0,0.7246376992266482,14.266895294189453,40.0,"{""type"":""Point"",""coordinates"":[109.78812932962141,18.424194407577218]}"
3071,0.0,23.0,10.0,3.7730345726013184,10.0,18.837086782322125,108.67123187470901,1411.12451171875,53.0,0.16689154505729675,2.0,2.0,0.691411473228155,15.604009628295898,45.0,"{""type"":""Point"",""coordinates"":[108.67101070827974,18.836876534511827]}"
3072,0.0,27.0,272.0,38.88336944580078,175.0,19.205396048811124,109.86149962616736,2448.983642578125,49.0,4.193912982940674,4.0,2.0,0.6541510440004018,12.215187072753906,38.0,"{""type"":""Point"",""coordinates"":[109.86068007421717,19.206954916673467]}"
3073,0.0,24.0,56.0,11.433719635009766,55.0,19.708452607918062,110.64752549977192,2256.68115234375,48.0,0.5768064260482788,7.0,3.0,0.727311576773482,13.89587688446045,37.0,"{""type"":""Point"",""coordinates"":[110.6471755564867,19.70726577055812]}"
3074,0.0,28.0,506.0,47.09981918334961,483.0,19.290736000802482,109.11589794034813,2412.712646484375,43.0,6.651402473449707,7.0,3.0,0.6317961315553277,11.579172134399414,38.0,"{""type"":""Point"",""coordinates"":[109.11672218953431,19.29163843133522]}"
3075,0.0,22.0,28.0,10.162449836730957,27.0,18.74725525391017,110.20285943413279,2083.602783203125,51.0,0.5029252171516418,3.0,1.0,0.7025247542047353,14.49050235748291,47.0,"{""type"":""Point"",""coordinates"":[110.20165966260353,18.745255915480016]}"
3076,0.0,26.0,425.0,50.01925277709961,423.0,18.71132264254539,108.79699601448573,1662.3695068359375,50.0,21.58991241455078,3.0,1.0,0.5277594857967812,10.42029857635498,43.0,"{""type"":""Point"",""coordinates"":[108.79750970185428,18.713171712864053]}"
3077,0.0,29.0,168.0,50.675777435302734,162.0,18.54064273856268,109.75819336849361,2278.89501953125,49.0,7.749318599700928,4.0,1.0,0.6120055244876771,11.66479206085205,44.0,"{""type"":""Point"",""coordinates"":[109.75962741214497,18.54267703765169]}"
3078,0.0,24.0,16.0,8.819926261901855,16.0,19.111072943978577,110.40048879663908,2398.890869140625,48.0,0.060705628246068954,4.0,2.0,0.7726364703301183,16.61186981201172,39.0,"{""type"":""Point"",""coordinates"":[110.39992316145215,19.112884971199644]}"
3079,0.0,26.0,69.0,21.661365509033203,69.0,19.793792559909413,109.99175534236468,2434.827392578125,48.0,1.4816120862960815,4.0,4.0,0.7374433273991372,13.385791778564453,32.0,"{""type"":""Point"",""coordinates"":[109.99053807400425,19.792095981162195]}"
3080,0.0,27.0,23.0,9.421849250793457,24.0,19.8252335948536,110.60710131198658,2029.70654296875,43.0,0.7149368524551392,6.0,4.0,0.7491475549250449,13.243099212646484,37.0,"{""type"":""Point"",""coordinates"":[110.60627748417973,19.82590361828182]}"
3081,0.0,30.0,357.0,47.892234802246094,198.0,18.926918310734074,109.82107543838197,2348.892333984375,40.0,6.734994888305664,4.0,2.0,0.6122271933002645,11.679524421691895,43.0,"{""type"":""Point"",""coordinates"":[109.81941388431483,18.927965981291493]}"
3082,0.0,27.0,163.0,10.860955238342285,133.0,19.434466446261602,109.29106942075146,2333.6689453125,48.0,0.38953661918640137,3.0,3.0,0.6953079037033444,14.664454460144043,32.0,"{""type"":""Point"",""coordinates"":[109.28960437775048,19.435499872714644]}"
3083,0.0,28.0,177.0,26.87889862060547,79.0,19.308702306484875,109.74022706281124,2426.930908203125,42.0,2.179471492767334,4.0,3.0,0.6985177723102234,12.933258056640625,36.0,"{""type"":""Point"",""coordinates"":[109.74032144656472,19.30863638743273]}"
3084,0.0,26.0,560.0,68.9546890258789,387.0,18.944884616416466,109.45725774831357,2246.189697265625,49.0,16.924488067626953,5.0,2.0,0.5642576124158786,10.575746536254883,43.0,"{""type"":""Point"",""coordinates"":[109.45650421611718,18.94700203379531]}"
3085,0.0,29.0,570.0,57.47380065917969,419.0,18.890985699369296,109.30454415001327,2148.780029296875,41.0,14.01356315612793,7.0,2.0,0.5599587552902034,10.765525817871094,45.0,"{""type"":""Point"",""coordinates"":[109.30626940610361,18.892798007841726]}"
3086,0.0,29.0,680.0,27.039926528930664,613.0,18.616999537712843,109.44827459547236,1996.3046875,41.0,5.214075565338135,6.0,1.0,0.5626171531918217,11.673965454101562,47.0,"{""type"":""Point"",""coordinates"":[109.44920552440345,18.616741592404782]}"
3087,0.0,24.0,7.0,6.399209499359131,7.0,19.753368372124037,109.37640937274284,1847.4410400390625,46.0,0.1916242390871048,2.0,4.0,0.7745517837051318,15.467536926269531,33.0,"{""type"":""Point"",""coordinates"":[109.37808148089533,19.755502969741123]}"
3088,0.0,36.0,188.0,40.72166442871094,139.0,19.600654773823713,109.8031091326996,2430.4580078125,37.0,4.608232021331787,6.0,3.0,0.6760204100950481,12.175809860229492,34.0,"{""type"":""Point"",""coordinates"":[109.80368114990425,19.602600751031336]}"
3089,0.0,24.0,45.0,15.89344310760498,31.0,19.614129503085508,110.17590997560922,2372.288818359375,49.0,0.8696326017379761,3.0,3.0,0.7704498269081674,13.932912826538086,34.0,"{""type"":""Point"",""coordinates"":[110.17554958940033,19.61544858357494]}"
3090,0.0,29.0,20.0,7.2977213859558105,19.0,19.762351524965233,110.7283738753427,2082.735107421875,47.0,0.2510863244533539,3.0,4.0,0.7442234528549763,14.229538917541504,40.0,"{""type"":""Point"",""coordinates"":[110.7285823215974,19.762362234121696]}"
3091,0.0,28.0,148.0,53.343772888183594,105.0,18.594541655609852,109.5920050409315,2289.04443359375,45.0,7.704956531524658,6.0,1.0,0.6015313957936136,11.683150291442871,47.0,"{""type"":""Point"",""coordinates"":[109.58989828412302,18.593656965938447]}"
3092,0.0,29.0,188.0,38.7894401550293,191.0,18.199282930597263,109.58302188809029,1610.205078125,45.0,13.154693603515625,3.0,0.0,0.5758256429044609,11.111245155334473,40.0,"{""type"":""Point"",""coordinates"":[109.5825728879664,18.19765834420227]}"
3093,0.0,26.0,148.0,38.6780891418457,138.0,18.697847913283596,109.94234800173814,2376.788818359375,49.0,4.179128646850586,4.0,1.0,0.6174310246838242,12.299189567565918,47.0,"{""type"":""Point"",""coordinates"":[109.94077945220936,18.698251685955228]}"
3094,0.0,24.0,62.0,45.15596008300781,65.0,18.338521799635792,109.66836184008167,1958.8673095703125,54.0,8.89834976196289,4.0,0.0,0.6405167804596217,11.58934497833252,43.0,"{""type"":""Point"",""coordinates"":[109.66778968138557,18.340472091949167]}"
3095,0.0,29.0,614.0,48.11503601074219,571.0,18.675390031180612,109.60098819377271,2400.75390625,48.0,8.23001480102539,4.0,1.0,0.5780456222129502,11.273140907287598,47.0,"{""type"":""Point"",""coordinates"":[109.60170286978835,18.67346580687077]}"
3096,0.0,28.0,3.0,4.887574195861816,4.0,20.004896651677498,110.62057604124834,1782.2510986328125,39.0,0.0,3.0,4.0,0.7223244318579729,15.332833290100098,45.0,"{""type"":""Point"",""coordinates"":[110.62057267916664,20.006176444728887]}"
3097,0.0,29.0,79.0,16.478839874267578,48.0,19.72192733717985,109.72675233354943,2260.42578125,42.0,1.149389386177063,4.0,3.0,0.7469213810917308,13.633820533752441,33.0,"{""type"":""Point"",""coordinates"":[109.72612581415018,19.723040858696912]}"
3098,0.0,28.0,182.0,22.485076904296875,182.0,18.401403869524152,109.47073247757538,2062.75830078125,47.0,2.7268621921539307,4.0,1.0,0.6253541617305471,12.70573616027832,42.0,"{""type"":""Point"",""coordinates"":[109.46961045017048,18.403541190014852]}"
3099,0.0,29.0,146.0,34.37255859375,130.0,19.115564520399175,108.97665907130965,2095.3857421875,46.0,5.052391052246094,6.0,2.0,0.6315770971507513,12.109855651855469,40.0,"{""type"":""Point"",""coordinates"":[108.9760490463373,19.116758875002954]}"
3100,0.0,24.0,18.0,8.679458618164062,15.0,19.259294965858295,108.81496232016809,1699.705322265625,51.0,0.8585196733474731,2.0,2.0,0.7137110141908646,13.961468696594238,42.0,"{""type"":""Point"",""coordinates"":[108.81528832274097,19.257276424815252]}"
3101,0.0,28.0,13.0,7.809238910675049,11.0,19.79828413633001,110.3735393381155,2322.571044921875,39.0,0.0,5.0,4.0,0.8014480161149471,16.402523040771484,33.0,"{""type"":""Point"",""coordinates"":[110.37497145398747,19.79658409124011]}"
3102,0.0,36.0,93.0,23.533283233642578,90.0,19.77133467780643,110.0097216480471,2474.703125,38.0,1.7833017110824585,5.0,4.0,0.7146698319142338,13.185993194580078,32.0,"{""type"":""Point"",""coordinates"":[110.00781807765165,19.773510635668462]}"
3103,0.0,26.0,103.0,13.159272193908691,73.0,19.46141590478519,110.15345209350619,2474.58447265625,48.0,0.4866737425327301,4.0,3.0,0.7110335944796442,14.478873252868652,38.0,"{""type"":""Point"",""coordinates"":[110.15235750075388,19.46316225819129]}"
3104,0.0,28.0,4.0,10.826370239257812,5.0,19.83421674769479,109.53361454746374,1796.7110595703125,45.0,1.111034631729126,5.0,4.0,0.768351526236631,13.71162223815918,34.0,"{""type"":""Point"",""coordinates"":[109.53138528432362,19.833138452313605]}"
3105,0.0,25.0,205.0,36.36959457397461,128.0,19.420991716999815,109.8031091326996,2556.494384765625,46.0,3.036078929901123,4.0,3.0,0.6816741201130164,12.583381652832031,35.0,"{""type"":""Point"",""coordinates"":[109.80519460966741,19.420760954994584]}"
3106,0.0,26.0,44.0,20.710529327392578,32.0,18.500218550777305,109.29106942075146,1976.6585693359375,49.0,2.5203826427459717,12.0,1.0,0.6931657608103562,12.868834495544434,46.0,"{""type"":""Point"",""coordinates"":[109.29131936212875,18.499688819087023]}"
3107,0.0,24.0,326.0,20.90441131591797,135.0,19.043699297669612,109.69980287502585,2280.638916015625,49.0,1.8020079135894775,4.0,2.0,0.6369939940406355,13.024209022521973,41.0,"{""type"":""Point"",""coordinates"":[109.70035244941694,19.04477463469003]}"
3108,0.0,26.0,352.0,24.926593780517578,299.0,18.724797371807185,109.58302188809029,2184.576416015625,48.0,2.8606247901916504,4.0,1.0,0.5948404797204045,12.543168067932129,48.0,"{""type"":""Point"",""coordinates"":[109.58467807236356,18.724006283761742]}"
3109,0.0,26.0,199.0,28.286197662353516,50.0,18.868527817266305,109.31801887927503,2148.780029296875,47.0,3.3955764770507812,3.0,2.0,0.668155966681542,12.47511100769043,45.0,"{""type"":""Point"",""coordinates"":[109.31993246034196,18.868827787758878]}"
3110,0.0,26.0,261.0,69.21641540527344,158.0,18.93590146357527,110.06362056509425,2307.875,48.0,12.236430168151855,2.0,2.0,0.595817205352429,11.138229370117188,43.0,"{""type"":""Point"",""coordinates"":[110.06395180272293,18.935114725938345]}"
3111,0.0,27.0,52.0,17.131874084472656,25.0,19.57819689172073,109.9558227309999,2512.889892578125,43.0,0.8239654302597046,5.0,3.0,0.7822380527351153,13.98275375366211,35.0,"{""type"":""Point"",""coordinates"":[109.95392058357862,19.579100454881]}"
3112,0.0,23.0,13.0,4.40787410736084,13.0,18.76522155959256,108.69818133323258,1442.952392578125,49.0,0.2681019604206085,2.0,1.0,0.6894666648617624,15.128257751464844,45.0,"{""type"":""Point"",""coordinates"":[108.70009668506216,18.76563164183281]}"
3113,0.0,25.0,70.0,15.44968032836914,55.0,18.590050079189254,109.70429445144646,2292.315185546875,44.0,0.9076861143112183,4.0,1.0,0.6802709265248229,13.875324249267578,47.0,"{""type"":""Point"",""coordinates"":[109.70400661010022,18.58849182711995]}"
3114,0.0,25.0,29.0,5.9446516036987305,32.0,18.62149111413344,108.77004655596215,1499.8656005859375,47.0,0.58518385887146,2.0,1.0,0.674201081130647,14.338428497314453,44.0,"{""type"":""Point"",""coordinates"":[108.77216141824637,18.61981762086653]}"
3115,0.0,27.0,6.0,6.077816963195801,6.0,18.23521554196204,109.50666508894017,1715.431884765625,50.0,0.3494137227535248,4.0,0.0,0.7376280984228267,14.86738109588623,40.0,"{""type"":""Point"",""coordinates"":[109.50799709275904,18.235647842062832]}"
3116,0.0,26.0,267.0,26.756961822509766,265.0,18.774204712433757,108.79699601448573,1652.8431396484375,51.0,7.0452656745910645,6.0,1.0,0.5668955251295468,11.696568489074707,46.0,"{""type"":""Point"",""coordinates"":[108.79679213440721,18.77635300263406]}"
3117,0.0,32.0,188.0,45.808067321777344,191.0,18.226232389120852,109.70878602786706,1795.47509765625,46.0,13.560050964355469,4.0,0.0,0.5854422206368199,11.079767227172852,40.0,"{""type"":""Point"",""coordinates"":[109.7081014735069,18.228383511368282]}"
3118,0.0,27.0,3.0,7.469107151031494,4.0,20.036337686621685,110.17590997560922,1978.5032958984375,40.0,0.3261163532733917,2.0,4.0,0.7678746831204449,14.053327560424805,37.0,"{""type"":""Point"",""coordinates"":[110.17422658612777,20.036412396816587]}"
3120,0.0,30.0,616.0,92.5696792602539,575.0,18.71581421896599,109.68183656934343,2442.33740234375,43.0,23.203712463378906,5.0,1.0,0.5343789017617305,10.184905052185059,47.0,"{""type"":""Point"",""coordinates"":[109.68349778171277,18.714789546508698]}"
3121,0.0,28.0,328.0,49.3685417175293,159.0,18.899968852210492,109.41234198410757,2167.26318359375,44.0,8.801904678344727,6.0,2.0,0.5810777912024245,11.429159164428711,47.0,"{""type"":""Point"",""coordinates"":[109.41078083873165,18.901871926188694]}"
3122,0.0,37.0,458.0,48.161354064941406,422.0,18.495726974356707,109.5470892767255,2118.890869140625,36.0,10.79857063293457,6.0,1.0,0.5742942641526768,11.12495231628418,45.0,"{""type"":""Point"",""coordinates"":[109.5474446861945,18.497456675283853]}"
3123,0.0,23.0,56.0,24.763103485107422,42.0,19.232345507334713,109.00810010625383,2254.831298828125,55.0,2.335327625274658,4.0,2.0,0.7143377242961204,12.93813419342041,41.0,"{""type"":""Point"",""coordinates"":[109.00630193119076,19.234589248605275]}"
3124,0.0,34.0,356.0,49.46127700805664,346.0,18.441828057309536,109.54259770030495,2060.3134765625,41.0,11.341740608215332,4.0,1.0,0.5871965017538883,11.150506019592285,42.0,"{""type"":""Point"",""coordinates"":[109.54220026263366,18.443212051229832]}"
3125,0.0,29.0,912.0,37.90193557739258,732.0,18.74725525391017,109.42132513694878,2203.71240234375,47.0,9.556516647338867,8.0,1.0,0.5538891855876711,10.817656517028809,46.0,"{""type"":""Point"",""coordinates"":[109.42210628690161,18.746345287608822]}"
3126,0.0,26.0,443.0,26.0302734375,398.0,18.67988160760121,109.0260664119362,1916.8575439453125,50.0,4.82061243057251,5.0,1.0,0.5816866733446902,11.952566146850586,45.0,"{""type"":""Point"",""coordinates"":[109.02639838134466,18.680246150070523]}"
3127,0.0,30.0,79.0,52.94223403930664,71.0,19.030224568407817,110.33760672675072,2411.55615234375,39.0,6.223948955535889,5.0,2.0,0.6796917394001196,11.940836906433105,40.0,"{""type"":""Point"",""coordinates"":[110.33913416160905,19.028182559536347]}"
3128,0.0,29.0,503.0,36.974647521972656,306.0,18.944884616416466,109.57403873524913,2231.989501953125,47.0,5.912786483764648,5.0,2.0,0.6011956427027697,11.700234413146973,43.0,"{""type"":""Point"",""coordinates"":[109.57285397899157,18.945827605459503]}"
3129,0.0,29.0,609.0,50.3272705078125,438.0,19.147005555343355,109.35844306706042,2388.43994140625,40.0,8.273682594299316,5.0,2.0,0.6132910205699166,11.272159576416016,39.0,"{""type"":""Point"",""coordinates"":[109.36035199047727,19.146470042469208]}"
3130,0.0,30.0,595.0,20.60139274597168,595.0,18.616999537712843,110.09506160003843,2197.380859375,45.0,2.416839122772217,5.0,1.0,0.601206315147669,12.521344184875488,44.0,"{""type"":""Point"",""coordinates"":[110.0969892583996,18.616399390514484]}"
3131,0.0,30.0,502.0,50.97931671142578,310.0,19.084123485454995,109.56954715882853,2326.20654296875,40.0,8.534398078918457,5.0,2.0,0.6108213054971056,11.330171585083008,40.0,"{""type"":""Point"",""coordinates"":[109.56901981865548,19.084133989230608]}"
3132,0.0,24.0,186.0,16.36865234375,101.0,19.250311813017106,109.87048277900857,2426.37109375,52.0,0.9175066947937012,3.0,2.0,0.6704162739761506,13.793102264404297,38.0,"{""type"":""Point"",""coordinates"":[109.8724865273103,19.252218193426952]}"
3133,0.0,28.0,272.0,34.301246643066406,95.0,19.227853930914115,109.50217351251956,2419.290283203125,42.0,3.385193109512329,4.0,2.0,0.6608887713856929,12.430033683776855,38.0,"{""type"":""Point"",""coordinates"":[109.50104648837359,19.228974629480184]}"
3134,0.0,29.0,730.0,49.21453857421875,530.0,19.04819087409021,109.58302188809029,2398.9931640625,40.0,8.792572021484375,6.0,2.0,0.60173566918561,11.098527908325195,40.0,"{""type"":""Point"",""coordinates"":[109.58380144356157,19.049260937115672]}"
3135,0.0,25.0,205.0,30.622285842895508,28.0,19.286244424381884,109.52463139462253,2477.41064453125,47.0,2.5428307056427,8.0,3.0,0.7578059966219777,12.760950088500977,36.0,"{""type"":""Point"",""coordinates"":[109.5242922956196,19.286926393197106]}"
3136,0.0,34.0,305.0,51.306697845458984,298.0,18.554117467824476,109.84802489690554,2279.03271484375,36.0,8.217636108398438,5.0,1.0,0.589668091257581,11.514886856079102,47.0,"{""type"":""Point"",""coordinates"":[109.84991790264519,18.55348130439364]}"
3137,0.0,24.0,3.0,9.29142951965332,5.0,19.115564520399175,110.49481190147162,2271.1904296875,42.0,0.18247348070144653,3.0,2.0,0.7766322485674717,15.499710083007812,39.0,"{""type"":""Point"",""coordinates"":[110.49342340858952,19.11742293100046]}"
3138,0.0,26.0,49.0,9.906222343444824,49.0,18.52267643288029,109.89743223753214,2131.235595703125,46.0,0.438711017370224,3.0,1.0,0.6888286840547668,14.614853858947754,45.0,"{""type"":""Point"",""coordinates"":[109.89629070389957,18.52178097322992]}"
3139,0.0,23.0,34.0,7.240406036376953,34.0,19.87913251190077,110.76430648670748,1901.2159423828125,49.0,0.5198156237602234,2.0,4.0,0.6785406096221638,13.096375465393066,48.0,"{""type"":""Point"",""coordinates"":[110.76408321957811,19.877300425734155]}"
3140,0.0,44.0,83.0,13.43292236328125,83.0,19.86116620621838,109.92438169605572,2261.216796875,29.0,0.9632287621498108,3.0,4.0,0.699341305575648,13.659191131591797,35.0,"{""type"":""Point"",""coordinates"":[109.92364881269604,19.859472551042337]}"
3141,0.0,23.0,35.0,9.611940383911133,35.0,18.338521799635792,109.34496833779866,1784.969970703125,55.0,0.9176799058914185,3.0,0.0,0.7183123354031907,13.884966850280762,37.0,"{""type"":""Point"",""coordinates"":[109.34297599285557,18.33649586788959]}"
3142,0.0,23.0,109.0,13.095702171325684,107.0,19.564722162458935,109.3898841020046,2280.16064453125,56.0,0.7284147143363953,3.0,3.0,0.6762271356639031,14.071922302246094,36.0,"{""type"":""Point"",""coordinates"":[109.38991926378061,19.56329448838403]}"
3143,0.0,24.0,84.0,22.275135040283203,74.0,19.65455369087089,109.49768193609896,2149.899658203125,54.0,2.3004236221313477,4.0,3.0,0.7023266798143372,12.936561584472656,34.0,"{""type"":""Point"",""coordinates"":[109.49714811315425,19.654967370196974]}"
3144,0.0,27.0,45.0,10.73313045501709,31.0,19.789300983488815,110.15345209350619,2394.070068359375,42.0,0.2984420657157898,5.0,4.0,0.7802773538585056,14.727791786193848,33.0,"{""type"":""Point"",""coordinates"":[110.15461523717032,19.78751250139521]}"
3145,0.0,29.0,2.0,6.516360759735107,3.0,19.99142192241571,110.49032032505102,2053.503662109375,39.0,0.057359881699085236,2.0,4.0,0.7656635990887894,15.732784271240234,39.0,"{""type"":""Point"",""coordinates"":[110.49033407607007,19.99073374800653]}"
3146,0.0,27.0,127.0,81.7847671508789,96.0,19.4434495991028,110.1624352463474,2558.123779296875,46.0,10.938445091247559,5.0,3.0,0.6532815365943709,11.339537620544434,37.0,"{""type"":""Point"",""coordinates"":[110.16044637590007,19.444784670367493]}"
3147,0.0,26.0,115.0,48.35849380493164,118.0,18.271148153326827,109.62793765229628,1844.4837646484375,52.0,12.387124061584473,4.0,0.0,0.5908585302700412,11.219022750854492,41.0,"{""type"":""Point"",""coordinates"":[109.62716486822626,18.272540118873255]}"
3148,0.0,26.0,147.0,14.798480033874512,133.0,19.111072943978577,108.93174330710366,1907.9285888671875,49.0,1.6729011535644531,4.0,2.0,0.6356011114438225,13.21684741973877,39.0,"{""type"":""Point"",""coordinates"":[108.93008670833223,19.11222831418606]}"
3149,0.0,35.0,66.0,7.799179553985596,66.0,19.838708324115387,109.82556701480257,2149.373046875,40.0,0.2109140157699585,5.0,4.0,0.7125221856178312,15.337226867675781,36.0,"{""type"":""Point"",""coordinates"":[109.82482364866306,19.83894043963097]}"
3150,0.0,29.0,1218.0,66.24592590332031,988.0,18.895477275789894,109.71776918070822,2405.75634765625,41.0,32.9857292175293,11.0,2.0,0.4944346772828315,9.015220642089844,44.0,"{""type"":""Point"",""coordinates"":[109.71808943620825,18.89568064326683]}"
3151,0.0,24.0,92.0,6.774819374084473,92.0,18.931409887154672,108.74309709743858,1459.9063720703125,52.0,0.9264909029006958,3.0,2.0,0.5920035414922861,13.841649055480957,46.0,"{""type"":""Point"",""coordinates"":[108.74219277581642,18.9312211441085]}"
3152,0.0,27.0,128.0,35.00670623779297,128.0,18.34750495247698,109.53361454746374,1910.6126708984375,43.0,6.266795635223389,4.0,0.0,0.612217080489994,11.904195785522461,41.0,"{""type"":""Point"",""coordinates"":[109.53169796061128,18.346055786668114]}"
3153,0.0,30.0,195.0,36.7729606628418,66.0,18.751746830330767,109.12038951676874,1974.6949462890625,42.0,6.672529220581055,4.0,1.0,0.6395315496814914,11.79879379272461,43.0,"{""type"":""Point"",""coordinates"":[109.12107380660754,18.75188782167909]}"
3154,0.0,34.0,49.0,16.009864807128906,50.0,19.425483293420413,110.63854234693076,2250.014892578125,39.0,1.4654276371002197,4.0,3.0,0.7185655770212949,12.96969223022461,39.0,"{""type"":""Point"",""coordinates"":[110.63697960110784,19.427412211068845]}"
3155,0.0,24.0,134.0,21.441469192504883,80.0,19.205396048811124,110.02319637730886,2548.869140625,49.0,1.2456706762313843,4.0,2.0,0.706657594583807,13.519926071166992,37.0,"{""type"":""Point"",""coordinates"":[110.02108826245265,19.20687388331888]}"
3156,0.0,23.0,117.0,19.88502311706543,59.0,19.376075952793833,109.94234800173814,2473.1416015625,50.0,1.177668571472168,3.0,3.0,0.7216943703643579,13.586532592773438,38.0,"{""type"":""Point"",""coordinates"":[109.94384626492571,19.37753651657182]}"
3157,0.0,28.0,737.0,54.22208023071289,705.0,19.034716144828415,110.1175194821414,2519.60888671875,45.0,9.287165641784668,9.0,2.0,0.5775261038912123,11.0360107421875,47.0,"{""type"":""Point"",""coordinates"":[110.11926481642448,19.03482786790817]}"
3158,0.0,22.0,56.0,13.882349967956543,27.0,19.735402066441644,109.83904174406439,2343.59033203125,56.0,0.7121466994285583,4.0,3.0,0.7695758003081985,14.126259803771973,35.0,"{""type"":""Point"",""coordinates"":[109.83704139491952,19.737498720073305]}"
3159,0.0,23.0,18.0,5.905561447143555,20.0,19.71294418433866,110.9349863906902,1793.6075439453125,53.0,0.3495071232318878,3.0,3.0,0.7032325478345216,13.49107551574707,45.0,"{""type"":""Point"",""coordinates"":[110.93328141244307,19.710894632645097]}"
3160,0.0,31.0,265.0,40.987449645996094,136.0,18.729288948227783,109.08894848182456,1968.15234375,40.0,8.363337516784668,4.0,1.0,0.5919175312193325,11.524333000183105,43.0,"{""type"":""Point"",""coordinates"":[109.08963253905556,18.730448571001737]}"
3161,0.0,24.0,42.0,11.80837345123291,33.0,19.600654773823713,110.3151488446477,2373.91259765625,52.0,0.4411081075668335,3.0,3.0,0.7571455647851928,14.575361251831055,37.0,"{""type"":""Point"",""coordinates"":[110.31492838003402,19.602506914978864]}"
3163,0.0,28.0,420.0,63.50422668457031,304.0,19.196412895969935,109.2371705037043,2485.12939453125,49.0,10.082746505737305,7.0,2.0,0.6294570522713742,11.22402572631836,38.0,"{""type"":""Point"",""coordinates"":[109.23716427715955,19.19780526826543]}"
3165,0.0,26.0,136.0,7.968550682067871,118.0,18.616999537712843,109.04403271761862,1944.4202880859375,42.0,0.3494369685649872,4.0,1.0,0.607762720806347,14.78994083404541,47.0,"{""type"":""Point"",""coordinates"":[109.04497638202938,18.618820212979333]}"
3166,0.0,27.0,314.0,28.075010299682617,317.0,18.343013376056383,109.65488711081986,1958.8673095703125,49.0,4.795296669006348,4.0,0.0,0.5999990977141404,12.051846504211426,43.0,"{""type"":""Point"",""coordinates"":[109.65430874588077,18.344942749053917]}"
3167,0.0,26.0,4.0,9.198509216308594,4.0,19.677011572973875,109.31801887927503,1975.52392578125,44.0,0.5020208954811096,3.0,3.0,0.7675511384657467,14.50612735748291,37.0,"{""type"":""Point"",""coordinates"":[109.31626410211334,19.67807357471524]}"
3168,0.0,33.0,342.0,43.133705139160156,179.0,19.151497131763954,109.65488711081986,2473.31298828125,39.0,5.049088001251221,4.0,2.0,0.6349424840544634,11.980356216430664,41.0,"{""type"":""Point"",""coordinates"":[109.6565350966571,19.15298472739869]}"
3169,0.0,26.0,216.0,9.797048568725586,176.0,18.49123539793611,109.40785040768702,2027.291015625,48.0,0.5861948132514954,4.0,1.0,0.6158378897491567,14.221817016601562,45.0,"{""type"":""Point"",""coordinates"":[109.40754028234308,18.491078730503705]}"
3170,0.0,21.0,38.0,11.432618141174316,38.0,18.45979436299192,109.77166809775542,2021.7745361328125,59.0,0.8412582874298096,2.0,1.0,0.6973436305037698,13.970181465148926,44.0,"{""type"":""Point"",""coordinates"":[109.77157490527077,18.461916644569126]}"
3171,0.0,24.0,21.0,4.053532600402832,22.0,19.277261271540688,108.72962236817676,1480.2640380859375,53.0,0.1671256273984909,2.0,2.0,0.6993818689273996,15.596273422241211,41.0,"{""type"":""Point"",""coordinates"":[108.72769436689647,19.27939458976211]}"
3172,0.0,27.0,738.0,47.67034912109375,525.0,19.025732991987226,109.60997134661392,2382.161376953125,46.0,8.732117652893066,5.0,2.0,0.5955100879700219,11.097678184509277,41.0,"{""type"":""Point"",""coordinates"":[109.61093454951636,19.02483041312547]}"
3173,0.0,25.0,103.0,10.446768760681152,101.0,19.55124743319714,109.35844306706042,2280.16064453125,51.0,0.3811372220516205,3.0,3.0,0.6735991887249368,14.72331714630127,37.0,"{""type"":""Point"",""coordinates"":[109.36058176007934,19.54979528084607]}"
3174,0.0,29.0,480.0,37.40886306762695,328.0,19.16048028460515,109.34945991421921,2486.160400390625,40.0,4.025054931640625,5.0,2.0,0.6450917414703132,12.104971885681152,38.0,"{""type"":""Point"",""coordinates"":[109.34859646953814,19.161590375442866]}"
3175,0.0,26.0,105.0,25.7769775390625,97.0,19.335651765008457,110.33311515033012,2498.102783203125,49.0,1.8797845840454102,4.0,3.0,0.6794515034612605,13.126007080078125,38.0,"{""type"":""Point"",""coordinates"":[110.33362430622836,19.33390650689713]}"
3176,0.0,27.0,196.0,33.14678955078125,153.0,18.760729983171963,109.73573548639064,2440.123291015625,45.0,3.051543951034546,4.0,1.0,0.6223909283740082,12.584092140197754,47.0,"{""type"":""Point"",""coordinates"":[109.73732923512688,18.760625815774787]}"
3177,0.0,30.0,625.0,17.876340866088867,419.0,18.697847913283596,109.47073247757538,2057.635498046875,48.0,2.445078134536743,5.0,1.0,0.5868196080210608,12.483442306518555,45.0,"{""type"":""Point"",""coordinates"":[109.47029779497063,18.697555103974345]}"
3178,0.0,29.0,208.0,24.92392349243164,102.0,19.133530826081568,109.87497435542917,2304.437744140625,42.0,2.3015661239624023,4.0,2.0,0.6391758619877778,12.858816146850586,42.0,"{""type"":""Point"",""coordinates"":[109.8757015638903,19.132478718245384]}"
3179,0.0,27.0,326.0,31.17669105529785,144.0,18.944884616416466,109.78963440343779,2468.7900390625,44.0,2.806580066680908,3.0,2.0,0.6386599294215252,12.580674171447754,42.0,"{""type"":""Point"",""coordinates"":[109.78785478864714,18.945478469724797]}"
3180,0.0,28.0,24.0,12.786507606506348,25.0,19.8252335948536,109.52912297104314,1796.7110595703125,45.0,1.5021892786026,4.0,4.0,0.7383081510218498,13.3983793258667,35.0,"{""type"":""Point"",""coordinates"":[109.53010935780672,19.823985425342673]}"
3181,0.0,28.0,26.0,5.803507328033447,25.0,19.807267289171207,110.7328654517633,1963.365234375,50.0,0.08370843529701233,4.0,4.0,0.7224150801909567,15.318910598754883,42.0,"{""type"":""Point"",""coordinates"":[110.73154066702904,19.808555339086997]}"
3183,0.0,28.0,1120.0,52.03953170776367,888.0,18.96285092209886,109.72675233354943,2368.278076171875,39.0,17.302867889404297,10.0,2.0,0.5481988362894678,9.917765617370605,42.0,"{""type"":""Point"",""coordinates"":[109.72769438951131,18.962047161983556]}"
3184,0.0,22.0,146.0,13.802229881286621,119.0,19.447941175523397,109.2281873508631,2317.81494140625,57.0,0.7651310563087463,4.0,3.0,0.690093937605201,13.99996280670166,33.0,"{""type"":""Point"",""coordinates"":[109.22846747922046,19.447359105080075]}"
3185,0.0,26.0,38.0,9.786666870117188,38.0,19.515314821832362,109.04403271761862,1809.5689697265625,50.0,0.912540853023529,3.0,3.0,0.7251750230083644,13.888834953308105,35.0,"{""type"":""Point"",""coordinates"":[109.04579294555691,19.514777683927964]}"
3186,0.0,28.0,41.0,18.04393768310547,41.0,19.919556699686147,109.91539854321451,2228.732421875,43.0,1.5979909896850586,2.0,4.0,0.7388181801583467,13.052694320678711,36.0,"{""type"":""Point"",""coordinates"":[109.91675431976407,19.91734514348946]}"
3187,0.0,27.0,114.0,15.639883041381836,102.0,19.308702306484875,110.29269096254473,2504.05615234375,44.0,0.700293779373169,5.0,3.0,0.690724742383106,14.108248710632324,36.0,"{""type"":""Point"",""coordinates"":[110.29259049861739,19.310623887921263]}"
3188,0.0,28.0,42.0,10.077690124511719,43.0,19.959980887471524,110.27921623328291,2258.742431640625,42.0,0.4848850965499878,3.0,4.0,0.7347572469037291,13.601126670837402,38.0,"{""type"":""Point"",""coordinates"":[110.2792823784593,19.959702788737488]}"
3189,0.0,27.0,1146.0,28.810367584228516,1029.0,18.832595205901526,109.68632814576404,2239.0673828125,45.0,7.094552993774414,5.0,2.0,0.54750419086781,10.793235778808594,46.0,"{""type"":""Point"",""coordinates"":[109.68554414426812,18.83140204626973]}"
3190,0.0,27.0,64.0,10.765206336975098,57.0,19.623112655926704,110.59811815914537,2339.02685546875,45.0,0.4061042070388794,2.0,3.0,0.7576560388210719,14.239431381225586,30.0,"{""type"":""Point"",""coordinates"":[110.59889403605212,19.621191145261722]}"
3191,0.0,28.0,237.0,25.27284049987793,123.0,19.41200856415862,109.62793765229628,2581.869140625,48.0,1.7775863409042358,4.0,3.0,0.6957273751809244,13.098405838012695,33.0,"{""type"":""Point"",""coordinates"":[109.62633063473992,19.412015778306138]}"
3192,0.0,25.0,637.0,34.73686218261719,582.0,18.783187865274954,108.92725173068305,1790.397216796875,50.0,11.05774974822998,5.0,1.0,0.549014474453797,10.951766014099121,44.0,"{""type"":""Point"",""coordinates"":[108.9268137870884,18.782287829719476]}"
3193,0.0,25.0,14.0,33.986724853515625,14.0,18.666406878339416,110.24777519833873,2043.6812744140625,49.0,4.788670539855957,4.0,1.0,0.7091223631369014,12.242717742919922,45.0,"{""type"":""Point"",""coordinates"":[110.24957285125365,18.664217208912596]}"
3194,0.0,29.0,37.0,10.020402908325195,38.0,19.973455616733318,110.28819938612412,2258.742431640625,42.0,0.49159252643585205,2.0,4.0,0.7398768725187259,13.594681739807129,38.0,"{""type"":""Point"",""coordinates"":[110.28642065449479,19.97553700826299]}"
3195,0.0,29.0,60.0,11.755474090576172,60.0,19.587180044561926,109.21022104518073,2113.005615234375,47.0,0.7843900322914124,2.0,3.0,0.7083524823539963,14.027264595031738,37.0,"{""type"":""Point"",""coordinates"":[109.20986654297836,19.585659939208142]}"
3196,0.0,29.0,566.0,78.05867004394531,511.0,18.774204712433757,109.87946593184972,2524.4267578125,45.0,15.042869567871094,6.0,1.0,0.5755370853990098,10.69489574432373,45.0,"{""type"":""Point"",""coordinates"":[109.87967718627716,18.775901103152574]}"
3197,0.0,25.0,149.0,12.95363712310791,96.0,19.317685459326064,109.25064523296606,2385.889404296875,46.0,0.530343770980835,4.0,3.0,0.6726569541377785,14.364645004272461,39.0,"{""type"":""Point"",""coordinates"":[109.25040901043103,19.317717133247687]}"
3198,0.0,23.0,58.0,8.338850975036621,58.0,18.473269092253716,109.77615967417603,2021.7745361328125,56.0,0.37519028782844543,4.0,1.0,0.6727621664758596,14.76596736907959,45.0,"{""type"":""Point"",""coordinates"":[109.7757498463907,18.47219443627012]}"
3199,0.0,26.0,190.0,12.703387260437012,83.0,18.612507961292245,109.15632212813352,1997.200439453125,49.0,1.1132159233093262,5.0,1.0,0.6288234353663658,13.597155570983887,46.0,"{""type"":""Point"",""coordinates"":[109.15831451830103,18.610738335523177]}"
3200,0.0,30.0,86.0,12.035943984985352,87.0,19.528789551094157,110.64752549977192,2296.9658203125,42.0,0.6762630343437195,4.0,3.0,0.6986781381433345,13.708906173706055,35.0,"{""type"":""Point"",""coordinates"":[110.64833940534793,19.527747015400525]}"
3201,0.0,25.0,83.0,10.651859283447266,65.0,19.681503149394473,109.58302188809029,2205.7333984375,53.0,0.5039664506912231,3.0,3.0,0.7265572856766273,14.456011772155762,33.0,"{""type"":""Point"",""coordinates"":[109.58225991820603,19.6813211859927]}"
3202,0.0,28.0,43.0,26.074705123901367,34.0,18.590050079189254,109.88395750827033,2243.644287109375,44.0,2.5136284828186035,4.0,1.0,0.7048290231427867,12.872106552124023,45.0,"{""type"":""Point"",""coordinates"":[109.8845248942975,18.590397027420902]}"
3203,0.0,23.0,200.0,20.768611907958984,63.0,18.670898454760014,109.20123789233952,2024.8345947265625,56.0,2.5515847206115723,4.0,1.0,0.6504940866354344,12.760735511779785,45.0,"{""type"":""Point"",""coordinates"":[109.20325201493374,18.672830726046584]}"
3204,0.0,26.0,96.0,12.419382095336914,73.0,19.600654773823713,110.07260371793546,2442.889892578125,47.0,0.43005135655403137,4.0,3.0,0.732035678771124,14.606803894042969,33.0,"{""type"":""Point"",""coordinates"":[110.07104510644356,19.600112644908307]}"
3205,0.0,22.0,36.0,11.9476318359375,38.0,18.441828057309536,109.76268494491421,2004.039306640625,52.0,0.8811160326004028,3.0,1.0,0.705789087438185,13.925050735473633,42.0,"{""type"":""Point"",""coordinates"":[109.7608248193373,18.442078194251977]}"
3206,0.0,29.0,453.0,68.0272216796875,329.0,18.95835934567826,109.16979685739534,2123.965576171875,42.0,17.533309936523438,5.0,2.0,0.5797984693612747,10.624144554138184,39.0,"{""type"":""Point"",""coordinates"":[109.16833936219275,18.956378163404658]}"
3207,0.0,24.0,38.0,11.39180850982666,29.0,19.596163197403122,110.3645561852743,2397.133056640625,54.0,0.42619726061820984,4.0,3.0,0.7685848514213798,14.376838684082031,36.0,"{""type"":""Point"",""coordinates"":[110.3662841508437,19.595821382514973]}"
3208,0.0,27.0,127.0,38.75051498413086,103.0,19.039207721249014,110.1624352463474,2438.964111328125,48.0,3.90018630027771,5.0,2.0,0.6328675836447032,12.381505012512207,45.0,"{""type"":""Point"",""coordinates"":[110.16324859858327,19.04071633710578]}"
3209,0.0,26.0,167.0,12.17723560333252,140.0,18.554117467824476,109.10691478750698,1948.8321533203125,53.0,1.1720988750457764,3.0,1.0,0.6068586544739154,13.560215950012207,46.0,"{""type"":""Point"",""coordinates"":[109.10837281387093,18.55233191330337]}"
3211,0.0,24.0,252.0,33.820247650146484,250.0,18.74276367748957,108.77453813238276,1662.3695068359375,51.0,9.659685134887695,7.0,1.0,0.5789030380729933,11.386533737182617,42.0,"{""type"":""Point"",""coordinates"":[108.77265421165605,18.741932739898324]}"
3212,0.0,25.0,106.0,13.029984474182129,90.0,19.60963792666491,109.53361454746374,2335.781982421875,53.0,0.6568419337272644,4.0,3.0,0.6963333570086512,14.177183151245117,35.0,"{""type"":""Point"",""coordinates"":[109.5339068346725,19.61086890126689]}"
3213,0.0,32.0,54.0,8.345367431640625,53.0,19.816250442012404,109.66836184008167,1916.9561767578125,43.0,0.5304301977157593,4.0,4.0,0.7205984976766406,14.422057151794434,34.0,"{""type"":""Point"",""coordinates"":[109.6671853067418,19.81447638466791]}"
3214,0.0,28.0,292.0,39.90858840942383,184.0,18.917935157892877,109.89743223753214,2317.205322265625,42.0,4.926731586456299,4.0,2.0,0.6071892047958669,12.0398588180542,46.0,"{""type"":""Point"",""coordinates"":[109.89817560569962,18.917680007933598]}"
3215,0.0,32.0,0.0,6.101841926574707,2.0,19.618621079506106,110.80473067449287,2029.8648681640625,43.0,0.057359881699085236,3.0,3.0,0.770716285772965,16.229412078857422,38.0,"{""type"":""Point"",""coordinates"":[110.80503551880824,19.616524063004597]}"
3216,0.0,31.0,562.0,37.13431930541992,409.0,18.895477275789894,109.31352730285442,2148.780029296875,40.0,6.734492301940918,8.0,2.0,0.5836862215604703,11.520658493041992,45.0,"{""type"":""Point"",""coordinates"":[109.31368282829774,18.89652475055869]}"
3217,0.0,26.0,195.0,36.05059051513672,152.0,18.57208377350686,109.11140636392759,1948.8321533203125,52.0,6.911053657531738,4.0,1.0,0.581951106430812,11.76333999633789,47.0,"{""type"":""Point"",""coordinates"":[109.10966149962722,18.571942204600774]}"
3218,0.0,29.0,800.0,32.6833381652832,607.0,18.670898454760014,109.42581671336939,2054.364013671875,49.0,8.216565132141113,5.0,1.0,0.5627186056758462,11.096336364746094,44.0,"{""type"":""Point"",""coordinates"":[109.42641170297436,18.668887685101748]}"
3219,0.0,30.0,719.0,57.474029541015625,631.0,18.702339489704194,109.50666508894017,2192.415283203125,47.0,16.673749923706055,5.0,1.0,0.5454048694169581,10.44839859008789,45.0,"{""type"":""Point"",""coordinates"":[109.50887016653715,18.701809246674944]}"
3220,0.0,32.0,83.0,20.886106491088867,64.0,19.546755856776542,110.39599722021848,2356.94970703125,41.0,1.753862977027893,4.0,3.0,0.7101608134711487,13.047091484069824,38.0,"{""type"":""Point"",""coordinates"":[110.39770245236288,19.547899741492987]}"
3221,0.0,30.0,129.0,32.990421295166016,117.0,19.164971861025748,110.23430046907697,2564.603271484375,42.0,2.6290292739868164,4.0,2.0,0.6663997837908661,12.775527000427246,40.0,"{""type"":""Point"",""coordinates"":[110.23654126022254,19.164508681827975]}"
3222,0.0,27.0,351.0,69.9236068725586,285.0,19.4389580226822,109.47971563041654,2530.707275390625,50.0,10.565520286560059,5.0,3.0,0.6502075026533971,11.22673225402832,34.0,"{""type"":""Point"",""coordinates"":[109.48075011578484,19.437073410289617]}"
3223,0.0,31.0,484.0,47.85675811767578,477.0,18.706831066124792,110.07260371793546,2340.23681640625,44.0,7.8770599365234375,4.0,1.0,0.592152471666906,11.425724983215332,45.0,"{""type"":""Point"",""coordinates"":[110.07074974601286,18.707980649502424]}"
3224,0.0,30.0,206.0,71.84964752197266,195.0,18.477760668674314,109.60997134661392,2237.040283203125,44.0,14.203398704528809,5.0,1.0,0.5827312098639233,11.019973754882812,45.0,"{""type"":""Point"",""coordinates"":[109.61103909493413,18.47804791945286]}"
3225,0.0,27.0,245.0,25.517179489135742,109.0,19.232345507334713,109.41683356052818,2492.259033203125,47.0,1.9514007568359375,3.0,2.0,0.6707000680992989,12.999753952026367,37.0,"{""type"":""Point"",""coordinates"":[109.41486914776391,19.232027202540113]}"
3226,0.0,26.0,404.0,59.22343826293945,229.0,19.025732991987226,109.21022104518073,2316.926025390625,47.0,10.246965408325195,4.0,2.0,0.6139409233936658,11.219466209411621,39.0,"{""type"":""Point"",""coordinates"":[109.20972483716689,19.02505158993376]}"
3227,0.0,24.0,102.0,12.619460105895996,86.0,19.564722162458935,109.48420720683714,2399.52490234375,53.0,0.5162250995635986,4.0,3.0,0.7098423347732605,14.420527458190918,34.0,"{""type"":""Point"",""coordinates"":[109.48226827373728,19.565212823682533]}"
3228,0.0,26.0,115.0,17.959157943725586,77.0,19.65455369087089,109.8031091326996,2392.74609375,53.0,1.2105218172073364,4.0,3.0,0.7201649487076958,13.560232162475586,33.0,"{""type"":""Point"",""coordinates"":[109.80407344585252,19.655531722080326]}"
3229,0.0,28.0,10.0,3.934239149093628,13.0,18.513693280039092,108.81496232016809,1524.37890625,40.0,0.057359881699085236,3.0,1.0,0.7138222981014114,16.67201042175293,41.0,"{""type"":""Point"",""coordinates"":[108.81558712095955,18.513307281938545]}"
3230,0.0,22.0,18.0,3.3111448287963867,18.0,19.10658136755798,108.67123187470901,1269.3720703125,56.0,0.2373328059911728,2.0,2.0,0.6776517666003963,15.247283935546875,44.0,"{""type"":""Point"",""coordinates"":[108.66983730122072,19.10776371266461]}"
3231,0.0,26.0,448.0,62.783084869384766,255.0,19.030224568407817,109.21471262160128,2316.926025390625,50.0,12.075702667236328,5.0,2.0,0.602214736354231,11.01784610748291,40.0,"{""type"":""Point"",""coordinates"":[109.2146521917714,19.031646338035323]}"
3232,0.0,27.0,90.0,16.023136138916016,70.0,19.614129503085508,110.05463741225304,2442.889892578125,42.0,0.7936368584632874,5.0,3.0,0.7303371024025583,13.99765396118164,34.0,"{""type"":""Point"",""coordinates"":[110.05268512184502,19.615568033050636]}"
3233,0.0,39.0,57.0,11.78122615814209,57.0,19.85667462979778,109.73573548639064,1882.9532470703125,34.0,1.2460882663726807,5.0,4.0,0.716524528528571,13.566082954406738,33.0,"{""type"":""Point"",""coordinates"":[109.73350016254886,19.858099735688587]}"
3234,0.0,25.0,34.0,11.492958068847656,34.0,19.83421674769479,109.99624691878529,2337.716064453125,51.0,0.4878055453300476,3.0,4.0,0.7764709363651854,14.261560440063477,32.0,"{""type"":""Point"",""coordinates"":[109.99543576674999,19.832919943622315]}"
3235,0.0,29.0,145.0,13.531610488891602,125.0,18.608016384871647,109.06649059972159,1918.6156005859375,42.0,1.3882883787155151,4.0,1.0,0.6018129812398122,13.404668807983398,47.0,"{""type"":""Point"",""coordinates"":[109.06453770914432,18.6066580780782]}"
3236,0.0,30.0,44.0,11.66975212097168,44.0,19.600654773823713,109.34047676137806,2083.043701171875,44.0,0.7982211709022522,4.0,3.0,0.7356236889669123,14.019195556640625,35.0,"{""type"":""Point"",""coordinates"":[109.33892768351835,19.60046385398535]}"
3237,0.0,25.0,19.0,6.973911285400391,20.0,19.986930345995113,110.78676436881045,1812.828125,48.0,0.6803908348083496,2.0,4.0,0.6892287942045814,12.822628021240234,48.0,"{""type"":""Point"",""coordinates"":[110.78708166972457,19.986504864398764]}"
3238,0.0,29.0,31.0,11.216693878173828,31.0,19.955489311050925,109.93336484889693,2181.903564453125,41.0,0.62335205078125,2.0,4.0,0.747135148601472,14.001961708068848,37.0,"{""type"":""Point"",""coordinates"":[109.9328934747806,19.95512976222074]}"
3239,0.0,25.0,129.0,17.48294448852539,65.0,19.250311813017106,110.09955317645904,2513.426025390625,47.0,0.8758600354194641,4.0,2.0,0.7143489495548986,13.875314712524414,39.0,"{""type"":""Point"",""coordinates"":[110.10068337049867,19.25126852798253]}"
3240,0.0,26.0,32.0,4.061793327331543,32.0,18.998783533463637,108.72962236817676,1400.225830078125,48.0,0.26840758323669434,2.0,2.0,0.6690658722817673,15.116132736206055,44.0,"{""type"":""Point"",""coordinates"":[108.72879310911384,18.998560678639027]}"
3241,0.0,25.0,3.0,4.527040004730225,6.0,18.54513431498328,108.71614763891495,1461.4180908203125,51.0,0.32352638244628906,2.0,1.0,0.7210604780459621,14.856410026550293,40.0,"{""type"":""Point"",""coordinates"":[108.71478597920327,18.54603272276879]}"
3242,0.0,28.0,83.0,13.69410228729248,76.0,19.681503149394473,110.60710131198658,2281.0185546875,46.0,0.9655730724334717,5.0,3.0,0.7097590616596319,13.355541229248047,35.0,"{""type"":""Point"",""coordinates"":[110.60617877340674,19.682420637691518]}"
3243,0.0,22.0,97.0,13.618496894836426,67.0,19.537772703935353,110.06811214151486,2492.31298828125,54.0,0.5017907023429871,4.0,3.0,0.727914488346939,14.45191478729248,36.0,"{""type"":""Point"",""coordinates"":[110.06754868616802,19.53866614694124]}"
3244,0.0,21.0,19.0,8.255066871643066,18.0,19.681503149394473,109.4347998662106,2111.220703125,55.0,0.22943836450576782,3.0,3.0,0.7825509141974015,15.280536651611328,32.0,"{""type"":""Point"",""coordinates"":[109.43507440634735,19.683099198643966]}"
3245,0.0,28.0,255.0,37.77853775024414,78.0,19.21887077807292,109.56954715882853,2420.150146484375,36.0,3.7534983158111572,4.0,2.0,0.6747535482615307,12.337909698486328,39.0,"{""type"":""Point"",""coordinates"":[109.56749748889217,19.221068038879416]}"
3246,0.0,22.0,100.0,12.320650100708008,96.0,19.344634917849653,109.01259168267438,2089.597900390625,57.0,0.8794459104537964,2.0,3.0,0.6463003604929979,13.888938903808594,41.0,"{""type"":""Point"",""coordinates"":[109.01173266053696,19.346169082714805]}"
3247,0.0,25.0,197.0,14.033183097839355,193.0,18.42835332804774,109.31352730285442,1934.2215576171875,53.0,1.528460144996643,4.0,1.0,0.6213310953688,13.275545120239258,42.0,"{""type"":""Point"",""coordinates"":[109.31481747852719,18.426703317172635]}"
3248,0.0,24.0,50.0,9.785050392150879,50.0,18.504710127197903,109.84802489690554,2219.58642578125,51.0,0.33938121795654297,5.0,1.0,0.6993077163216546,14.870990753173828,44.0,"{""type"":""Point"",""coordinates"":[109.84690814173379,18.50543280313498]}"
3249,0.0,28.0,231.0,47.93309020996094,154.0,18.890985699369296,110.06362056509425,2220.776611328125,47.0,7.568498611450195,4.0,2.0,0.5966961434727047,11.648100852966309,46.0,"{""type"":""Point"",""coordinates"":[110.06558636389713,18.889396494205837]}"
3250,0.0,29.0,56.0,8.331551551818848,57.0,19.973455616733318,109.65488711081986,1518.9111328125,41.0,1.3477989435195923,4.0,4.0,0.6805558993057275,13.211446762084961,36.0,"{""type"":""Point"",""coordinates"":[109.65566721894355,19.973831778354086]}"
3251,0.0,33.0,81.0,44.674591064453125,84.0,18.356488105318178,109.60098819377271,2058.072021484375,38.0,7.718963623046875,4.0,0.0,0.6318200580699611,11.722233772277832,42.0,"{""type"":""Point"",""coordinates"":[109.60225464080871,18.356606341131076]}"
3252,0.0,26.0,10.0,5.145722389221191,11.0,19.959980887471524,110.82269698017524,1727.705078125,48.0,0.21604938805103302,2.0,4.0,0.6916381815455441,13.990078926086426,49.0,"{""type"":""Point"",""coordinates"":[110.822225859288,19.960523900656952]}"
3253,0.0,31.0,28.0,12.227456092834473,29.0,19.99142192241571,110.1624352463474,2096.443603515625,44.0,1.0395559072494507,2.0,4.0,0.7430149674068901,13.39445686340332,37.0,"{""type"":""Point"",""coordinates"":[110.16184954519596,19.989538696913744]}"
3254,0.0,35.0,149.0,17.994306564331055,124.0,19.528789551094157,110.45438771368623,2381.405517578125,37.0,1.4410330057144165,4.0,3.0,0.6645669589169305,13.069467544555664,39.0,"{""type"":""Point"",""coordinates"":[110.456453112855,19.529089278986895]}"
3255,0.0,29.0,541.0,44.56646728515625,498.0,18.760729983171963,109.67285341650228,2296.720947265625,44.0,7.4166741371154785,5.0,1.0,0.5841120179487871,11.440675735473633,46.0,"{""type"":""Point"",""coordinates"":[109.67284449312629,18.759200320036634]}"
3256,0.0,19.0,120.0,23.7813777923584,53.0,19.55573900961774,109.753701792073,2450.18603515625,55.0,1.6159969568252563,3.0,3.0,0.7381440210407697,13.268156051635742,35.0,"{""type"":""Point"",""coordinates"":[109.75299261773633,19.5556398076835]}"
3257,0.0,27.0,74.0,16.154136657714844,44.0,19.560230586038337,109.91539854321451,2507.357666015625,46.0,0.7613216638565063,4.0,3.0,0.7635030734108199,14.048810005187988,34.0,"{""type"":""Point"",""coordinates"":[109.91377441849706,19.559157031787688]}"
3258,0.0,25.0,3.0,6.472674369812012,4.0,20.018371380939293,110.43192983158326,1905.899658203125,41.0,0.191916361451149,2.0,4.0,0.7506124292238956,14.52359676361084,40.0,"{""type"":""Point"",""coordinates"":[110.43166024562436,20.016218864947533]}"
3259,0.0,24.0,20.0,4.666761875152588,20.0,18.93590146357527,108.70267290965319,1459.9063720703125,49.0,0.3241816759109497,2.0,2.0,0.6776628857277202,14.934284210205078,46.0,"{""type"":""Point"",""coordinates"":[108.70460286876205,18.93767538620165]}"
3260,0.0,24.0,29.0,12.451310157775879,29.0,19.703961031497464,109.33149360853685,1902.32470703125,51.0,1.1793540716171265,2.0,3.0,0.748353443603624,13.637526512145996,33.0,"{""type"":""Point"",""coordinates"":[109.33277179398743,19.70349572847009]}"
3261,0.0,31.0,151.0,14.284534454345703,122.0,18.661915301918818,109.73124390997003,2412.17822265625,43.0,0.7296386957168579,6.0,1.0,0.6304054472464772,14.044347763061523,48.0,"{""type"":""Point"",""coordinates"":[109.73018910594834,18.662384060717773]}"
3262,0.0,26.0,104.0,36.83646774291992,104.0,18.423861751627143,109.14733897529231,1817.20556640625,47.0,7.857094764709473,4.0,1.0,0.6035994140036779,11.69041633605957,41.0,"{""type"":""Point"",""coordinates"":[109.14826914366846,18.42516617202996]}"
3263,0.0,20.0,199.0,15.506508827209473,197.0,18.513693280039092,109.11140636392759,1900.6351318359375,60.0,1.8703908920288086,3.0,1.0,0.6038886423592076,13.072253227233887,45.0,"{""type"":""Point"",""coordinates"":[109.11275155931438,18.512766715812585]}"
3264,0.0,31.0,317.0,29.704830169677734,139.0,19.169463437446346,109.52013981820193,2394.40869140625,38.0,2.8661551475524902,4.0,2.0,0.6622114230900459,12.565926551818848,36.0,"{""type"":""Point"",""coordinates"":[109.52077886487106,19.16739317191265]}"
3265,0.0,26.0,62.0,14.486395835876465,60.0,18.549625891403878,109.89294066111154,2131.235595703125,45.0,1.060341715812683,4.0,1.0,0.6651031377398142,13.724590301513672,47.0,"{""type"":""Point"",""coordinates"":[109.89207182137787,18.54998392090472]}"
3266,0.0,28.0,21.0,15.654923439025879,21.0,19.60963792666491,110.6879496875573,2329.546875,49.0,1.2113572359085083,6.0,3.0,0.7862799229618993,13.185348510742188,33.0,"{""type"":""Point"",""coordinates"":[110.68710088675284,19.610110096506734]}"
3267,0.0,26.0,138.0,59.57354736328125,49.0,18.926918310734074,110.08607844719722,2307.875,45.0,8.631254196166992,3.0,2.0,0.6718617322477723,11.574288368225098,43.0,"{""type"":""Point"",""coordinates"":[110.08536627728125,18.92549333011073]}"
3268,0.0,29.0,35.0,8.758203506469727,28.0,18.90446042863109,110.28819938612412,2287.98779296875,46.0,0.1824478805065155,5.0,2.0,0.7206271812025424,15.500432968139648,46.0,"{""type"":""Point"",""coordinates"":[110.29022875890756,18.90252504439829]}"
3269,0.0,32.0,85.0,15.655794143676758,74.0,19.591671620982524,110.58015185346295,2362.20703125,41.0,1.1709191799163818,7.0,3.0,0.7218524255121533,13.16079330444336,34.0,"{""type"":""Point"",""coordinates"":[110.57886204581521,19.59319555558079]}"
3270,0.0,25.0,126.0,17.79265594482422,97.0,19.0706487561932,109.0260664119362,2160.386962890625,54.0,1.627806544303894,3.0,2.0,0.6500753804983967,13.257187843322754,40.0,"{""type"":""Point"",""coordinates"":[109.02704548670211,19.07117158677533]}"
3271,0.0,25.0,154.0,10.917534828186035,136.0,18.54513431498328,109.0709821761422,1859.5963134765625,55.0,1.1167073249816895,2.0,1.0,0.6018286967812103,13.616808891296387,46.0,"{""type"":""Point"",""coordinates"":[109.06939060742867,18.546170106728468]}"
3272,0.0,26.0,2.0,3.783539295196533,5.0,18.5092017036185,108.7071644860738,1461.4180908203125,49.0,0.12097746878862381,2.0,1.0,0.7273431051415609,15.840720176696777,39.0,"{""type"":""Point"",""coordinates"":[108.70760334305086,18.51021274429349]}"
3273,0.0,27.0,5.0,5.716884613037109,6.0,20.031846110201087,110.60710131198658,1782.2510986328125,40.0,0.25131329894065857,2.0,4.0,0.7184331942061237,13.849957466125488,45.0,"{""type"":""Point"",""coordinates"":[110.60572131961956,20.03164206342534]}"
3274,0.0,35.0,136.0,21.644020080566406,126.0,19.470399057626388,110.53972766567762,2406.15625,38.0,1.9730377197265625,5.0,3.0,0.6610689056122742,12.76590633392334,40.0,"{""type"":""Point"",""coordinates"":[110.53949210300122,19.468553445654702]}"
3275,0.0,43.0,36.0,17.340099334716797,22.0,19.730910490021046,109.97378903668232,2418.9755859375,34.0,1.2198697328567505,5.0,3.0,0.7886269477097606,13.599668502807617,33.0,"{""type"":""Point"",""coordinates"":[109.97224094568607,19.73153682239381]}"
3276,0.0,30.0,288.0,33.00825881958008,119.0,19.15598870818455,109.63692080513749,2422.058349609375,38.0,3.1960182189941406,4.0,2.0,0.6508264097728222,12.47679615020752,39.0,"{""type"":""Point"",""coordinates"":[109.6375584874725,19.15398038587203]}"
3277,0.0,32.0,416.0,46.12407302856445,351.0,18.549625891403878,109.52463139462253,2114.751708984375,42.0,9.494808197021484,6.0,1.0,0.5669699186492528,11.288289070129395,48.0,"{""type"":""Point"",""coordinates"":[109.5265771398764,18.550713462690336]}"
3278,0.0,25.0,38.0,11.691858291625977,38.0,19.86116620621838,109.83455016764378,2115.9169921875,51.0,0.7295568585395813,3.0,4.0,0.7485582755229898,14.112661361694336,34.0,"{""type"":""Point"",""coordinates"":[109.83509313438951,19.860559652401946]}"
3279,0.0,22.0,123.0,16.29287338256836,97.0,19.587180044561926,109.56954715882853,2401.87890625,55.0,0.9176799058914185,4.0,3.0,0.69021711669997,13.832354545593262,35.0,"{""type"":""Point"",""coordinates"":[109.57092033671071,19.585221246506805]}"
3280,0.0,23.0,12.0,8.879508018493652,15.0,18.97183407494005,110.50828663073344,2046.4970703125,49.0,0.36841607093811035,3.0,2.0,0.7462835960903299,14.79183292388916,40.0,"{""type"":""Point"",""coordinates"":[110.50851384730242,18.971239617421364]}"
3281,0.0,25.0,47.0,6.218484401702881,43.0,19.227853930914115,108.81496232016809,1684.8936767578125,50.0,0.38942861557006836,2.0,2.0,0.6727117278507666,14.735191345214844,44.0,"{""type"":""Point"",""coordinates"":[108.81308833572935,19.227713530431014]}"
3282,0.0,25.0,47.0,19.33051300048828,24.0,19.650062114450293,109.96480588384111,2425.486328125,46.0,1.1697921752929688,5.0,3.0,0.7946978331930566,13.635167121887207,31.0,"{""type"":""Point"",""coordinates"":[109.9664960574213,19.651717705958177]}"
3283,0.0,23.0,100.0,17.587295532226562,47.0,19.66353684371208,109.71776918070822,2267.14599609375,54.0,1.299168348312378,3.0,3.0,0.7502385814920561,13.498658180236816,32.0,"{""type"":""Point"",""coordinates"":[109.7177066630416,19.66324059109413]}"
3284,0.0,30.0,7.0,6.525843143463135,9.0,19.641078961609097,110.81820540375463,2029.8648681640625,44.0,0.13463661074638367,8.0,3.0,0.7614806392256678,14.935236930847168,39.0,"{""type"":""Point"",""coordinates"":[110.81685056068457,19.642071927679176]}"
3285,0.0,27.0,100.0,10.960643768310547,59.0,19.41200856415862,110.23430046907697,2457.144775390625,43.0,0.2499380260705948,4.0,3.0,0.7267709150823572,15.147089958190918,38.0,"{""type"":""Point"",""coordinates"":[110.2332977391719,19.41124189087568]}"
3286,0.0,23.0,80.0,19.156869888305664,76.0,19.434466446261602,109.10691478750698,2156.859619140625,52.0,1.704789638519287,2.0,3.0,0.7059076058646733,13.238850593566895,33.0,"{""type"":""Point"",""coordinates"":[109.10597319978456,19.43429804746953]}"
3287,0.0,25.0,302.0,16.7053165435791,200.0,19.173955013866944,109.88844908469093,2328.757568359375,51.0,1.1593774557113647,4.0,2.0,0.6528545235825681,13.482110977172852,39.0,"{""type"":""Point"",""coordinates"":[109.88751280027532,19.17297826227284]}"
3288,0.0,23.0,152.0,17.545194625854492,80.0,19.33116018858786,109.30005257359267,2455.494873046875,54.0,1.0048729181289673,3.0,3.0,0.7005022996397187,13.723607063293457,37.0,"{""type"":""Point"",""coordinates"":[109.29866249166447,19.33018438809051]}"
3289,0.0,24.0,157.0,53.305118560791016,157.0,18.369962834579972,109.55607242956671,2052.32177734375,50.0,10.292759895324707,3.0,1.0,0.5999822738938279,11.383161544799805,42.0,"{""type"":""Point"",""coordinates"":[109.55570726084001,18.370190302449302]}"
3290,0.0,30.0,146.0,14.025269508361816,134.0,19.52429797467356,110.55320239493938,2345.144287109375,43.0,0.8691670894622803,5.0,3.0,0.6744374504573245,13.577692985534668,37.0,"{""type"":""Point"",""coordinates"":[110.55157740728734,19.52405418789202]}"
3291,0.0,23.0,20.0,11.40894889831543,13.0,19.147005555343355,110.3196404210683,2484.43798828125,48.0,0.25058260560035706,3.0,2.0,0.7747742303902493,15.191804885864258,40.0,"{""type"":""Point"",""coordinates"":[110.3208836722108,19.148190767140694]}"
3292,0.0,30.0,23.0,23.059328079223633,21.0,19.29971915364368,110.46337086652744,2454.671630859375,37.0,1.559291958808899,5.0,3.0,0.768412736946066,13.342361450195312,38.0,"{""type"":""Point"",""coordinates"":[110.46114168703687,19.299785065421318]}"
3293,0.0,30.0,64.0,16.082603454589844,30.0,18.666406878339416,109.68632814576404,2379.972900390625,42.0,0.9338601231575012,5.0,1.0,0.7099210531124719,13.850451469421387,48.0,"{""type"":""Point"",""coordinates"":[109.68610305176904,18.66450534435456]}"
3294,0.0,28.0,401.0,68.68274688720703,348.0,19.0751403326138,110.0007384952059,2539.062744140625,46.0,10.274290084838867,4.0,2.0,0.6034465043220609,11.218968391418457,44.0,"{""type"":""Point"",""coordinates"":[110.00029487886549,19.074667734890305]}"
3295,0.0,24.0,136.0,15.12039852142334,61.0,19.34912649427025,110.02768795372947,2461.3125,51.0,0.7092159986495972,4.0,3.0,0.7205253391848061,14.08206558227539,38.0,"{""type"":""Point"",""coordinates"":[110.02675654009423,19.34998999747241]}"
3296,0.0,24.0,109.0,11.756741523742676,73.0,19.474890634046986,109.385392525584,2411.119384765625,54.0,0.4180760979652405,3.0,3.0,0.7287081536450795,14.627164840698242,33.0,"{""type"":""Point"",""coordinates"":[109.3862686972598,19.474718482906432]}"
3297,0.0,35.0,167.0,35.6932487487793,119.0,19.46141590478519,109.9513311545793,2557.805908203125,37.0,3.1623198986053467,4.0,3.0,0.6750504532672666,12.566829681396484,37.0,"{""type"":""Point"",""coordinates"":[109.95350379794631,19.46241310908101]}"
3298,0.0,24.0,116.0,16.416276931762695,83.0,19.618621079506106,109.5964966173521,2298.0244140625,52.0,1.096488118171692,4.0,3.0,0.6993250827850391,13.658587455749512,35.0,"{""type"":""Point"",""coordinates"":[109.5943715568421,19.61913242119622]}"
3299,0.0,24.0,124.0,19.925155639648438,66.0,19.569213738879533,109.62344607587568,2427.2001953125,54.0,1.3500375747680664,3.0,3.0,0.7235474133513645,13.445602416992188,35.0,"{""type"":""Point"",""coordinates"":[109.62179824492429,19.57129984366523]}"
3300,0.0,31.0,425.0,45.3333854675293,294.0,19.227853930914115,109.6414123815581,2427.286376953125,41.0,5.9941511154174805,4.0,2.0,0.6374889021179777,11.74704647064209,38.0,"{""type"":""Point"",""coordinates"":[109.63950308109884,19.22645589413379]}"
3301,0.0,26.0,59.0,8.636637687683105,59.0,19.38056752921443,108.98564222415081,1894.2255859375,51.0,0.5851167440414429,2.0,3.0,0.6883166033430153,14.320978164672852,39.0,"{""type"":""Point"",""coordinates"":[108.98533152234275,19.378423544477837]}"
3302,0.0,31.0,347.0,41.671756744384766,294.0,18.96285092209886,108.91377700142124,1891.768310546875,43.0,10.506328582763672,7.0,2.0,0.5833640037340534,11.235329627990723,42.0,"{""type"":""Point"",""coordinates"":[108.91298407082637,18.962084785966418]}"
3303,0.0,30.0,321.0,33.715660095214844,192.0,18.810137323798536,109.20123789233952,2139.259521484375,40.0,4.868442058563232,5.0,1.0,0.6011200863274145,12.031756401062012,45.0,"{""type"":""Point"",""coordinates"":[109.20218719946521,18.808632193310824]}"
3304,0.0,30.0,38.0,10.769322395324707,36.0,19.77582625422702,110.42743825516266,2310.51513671875,41.0,0.42176657915115356,7.0,4.0,0.7667206742554483,14.387289047241211,34.0,"{""type"":""Point"",""coordinates"":[110.425400513284,19.7776388495403]}"
3305,0.0,26.0,84.0,16.67890739440918,75.0,19.429974869841004,109.15632212813352,2267.273193359375,48.0,1.1682333946228027,3.0,3.0,0.7162036890385717,13.614561080932617,33.0,"{""type"":""Point"",""coordinates"":[109.1553216273391,19.431239863345585]}"
3306,0.0,23.0,8.0,5.716070175170898,8.0,18.360979681738776,109.17428843381595,1731.37109375,51.0,0.21028883755207062,2.0,1.0,0.7307643028152041,15.374017715454102,41.0,"{""type"":""Point"",""coordinates"":[109.1745631516146,18.36264828833716]}"
3307,0.0,33.0,596.0,32.57683181762695,394.0,19.12454767324037,109.31352730285442,2307.548095703125,39.0,4.563845634460449,6.0,2.0,0.6185010863444665,11.883249282836914,40.0,"{""type"":""Point"",""coordinates"":[109.31376555988653,19.125994526369762]}"
3308,0.0,30.0,500.0,44.006019592285156,465.0,18.82810362948093,108.90030227215948,1882.372802734375,46.0,13.368572235107422,9.0,2.0,0.5672350786953859,10.872021675109863,42.0,"{""type"":""Point"",""coordinates"":[108.89812517946396,18.828096494641358]}"
3309,0.0,28.0,551.0,43.9503288269043,497.0,18.666406878339416,109.55607242956671,2216.7021484375,48.0,8.329109191894531,4.0,1.0,0.5756985531611751,11.314886093139648,46.0,"{""type"":""Point"",""coordinates"":[109.554681608512,18.665748002788803]}"
3310,0.0,29.0,343.0,69.11276245117188,165.0,19.151497131763954,109.52013981820193,2394.40869140625,41.0,11.490696907043457,4.0,2.0,0.621665113865142,11.14637565612793,38.0,"{""type"":""Point"",""coordinates"":[109.52130129855033,19.152900158608094]}"
3311,0.0,27.0,108.0,20.285673141479492,104.0,19.52429797467356,109.34496833779866,2211.846923828125,48.0,1.8246302604675293,3.0,3.0,0.663323049692335,13.153984069824219,37.0,"{""type"":""Point"",""coordinates"":[109.34308287966365,19.523966134435522]}"
3312,0.0,25.0,15.0,4.3769426345825195,18.0,18.581066926348058,108.76555497954155,1479.3214111328125,51.0,0.2501368224620819,3.0,1.0,0.6912690727935122,15.196467399597168,44.0,"{""type"":""Point"",""coordinates"":[108.76600683184968,18.582222562068743]}"
3314,0.0,24.0,94.0,11.285895347595215,50.0,19.623112655926704,109.63242922871689,2323.588623046875,52.0,0.430110365152359,3.0,3.0,0.7454169738568308,14.607873916625977,34.0,"{""type"":""Point"",""coordinates"":[109.63162260263566,19.624848791039653]}"
3315,0.0,32.0,51.0,11.225408554077148,46.0,19.340143341429055,110.43642140800387,2504.79345703125,37.0,0.2596603035926819,4.0,3.0,0.7382096015569312,15.118566513061523,40.0,"{""type"":""Point"",""coordinates"":[110.43618890240488,19.339759606627876]}"
3316,0.0,22.0,107.0,9.447230339050293,57.0,19.672519996553277,109.73573548639064,2267.14599609375,54.0,0.2503204643726349,3.0,3.0,0.7386495782944075,15.141314506530762,33.0,"{""type"":""Point"",""coordinates"":[109.73463140880324,19.672543612608305]}"
3317,0.0,26.0,117.0,11.12445068359375,110.0,19.55124743319714,109.41234198410757,2331.542724609375,51.0,0.42992186546325684,3.0,3.0,0.6800801164385595,14.594343185424805,36.0,"{""type"":""Point"",""coordinates"":[109.41207234252016,19.549802571516242]}"
3318,0.0,29.0,5.0,6.616967678070068,6.0,19.99591349883631,110.45438771368623,2053.503662109375,40.0,0.08376140892505646,2.0,4.0,0.7576130900183524,15.34974193572998,40.0,"{""type"":""Point"",""coordinates"":[110.4554119814481,19.99531716336435]}"
3319,0.0,22.0,135.0,15.061078071594238,105.0,19.600654773823713,109.86149962616736,2411.656982421875,55.0,0.7657894492149353,4.0,3.0,0.6873954022851919,14.005928039550781,35.0,"{""type"":""Point"",""coordinates"":[109.86019525325025,19.599932659639844]}"
3320,0.0,26.0,18.0,10.220348358154297,18.0,19.0751403326138,110.39150564379787,2379.963623046875,47.0,0.24276845157146454,4.0,2.0,0.7639172593593153,15.224639892578125,40.0,"{""type"":""Point"",""coordinates"":[110.39278304074558,19.07523883303804]}"
3321,0.0,33.0,88.0,8.578407287597656,86.0,19.452432751943995,109.0754737525628,1940.4925537109375,42.0,0.5504704117774963,3.0,3.0,0.6779994719133491,14.36474323272705,35.0,"{""type"":""Point"",""coordinates"":[109.07341159878231,19.452036620750555]}"
3322,0.0,26.0,48.0,19.35226058959961,38.0,19.034716144828415,110.31065726822715,2411.55615234375,46.0,1.2180511951446533,4.0,2.0,0.724022592636369,13.59414291381836,43.0,"{""type"":""Point"",""coordinates"":[110.31114152433555,19.03622113746978]}"
3323,0.0,26.0,17.0,14.253145217895508,17.0,19.232345507334713,110.50828663073344,2365.661376953125,49.0,0.7312175035476685,5.0,2.0,0.7672902130820529,14.103361129760742,39.0,"{""type"":""Point"",""coordinates"":[110.51023658436617,19.232520119071584]}"
3324,0.0,26.0,63.0,9.93502426147461,49.0,19.645570538029695,110.48582874863041,2363.2412109375,45.0,0.23738433420658112,4.0,3.0,0.7568505960541609,14.94271469116211,33.0,"{""type"":""Point"",""coordinates"":[110.48476579440312,19.64629099139869]}"
3325,0.0,21.0,98.0,12.170830726623535,80.0,19.281752847961286,109.03504956477741,2158.419921875,59.0,0.7609136700630188,4.0,3.0,0.670257313861566,14.034940719604492,41.0,"{""type"":""Point"",""coordinates"":[109.03352374893223,19.280012218323275]}"
3326,0.0,28.0,537.0,37.291954040527344,530.0,18.643948996236425,108.85538650795348,1622.00927734375,49.0,16.201854705810547,5.0,1.0,0.5181903751447395,10.641022682189941,47.0,"{""type"":""Point"",""coordinates"":[108.85398811806834,18.642990946278168]}"
3327,0.0,23.0,28.0,8.651275634765625,28.0,18.338521799635792,109.35844306706042,1896.7607421875,52.0,0.5350990891456604,4.0,0.0,0.7353217406420796,14.428488731384277,37.0,"{""type"":""Point"",""coordinates"":[109.35706918291656,18.33750004900877]}"
3328,0.0,29.0,707.0,51.891632080078125,601.0,18.675390031180612,109.38090094916339,2130.394287109375,49.0,15.111846923828125,6.0,1.0,0.5481549677887817,10.563532829284668,45.0,"{""type"":""Point"",""coordinates"":[109.38307612479164,18.675935630003867]}"
3329,0.0,28.0,751.0,78.02460479736328,697.0,19.084123485454995,109.11589794034813,2405.359130859375,48.0,21.38942527770996,7.0,2.0,0.5640674968318881,10.148642539978027,40.0,"{""type"":""Point"",""coordinates"":[109.11780250116692,19.084215070734384]}"
3330,0.0,26.0,91.0,34.70513153076172,91.0,18.495726974356707,109.77166809775542,2021.7745361328125,53.0,5.629261016845703,4.0,1.0,0.6241151636567066,12.034784317016602,43.0,"{""type"":""Point"",""coordinates"":[109.77126964252489,18.493724141744124]}"
3331,0.0,26.0,148.0,12.9022216796875,78.0,18.899968852210492,108.98564222415081,1957.0806884765625,46.0,1.172387719154358,4.0,2.0,0.6557862429996462,13.57188606262207,41.0,"{""type"":""Point"",""coordinates"":[108.98594317647849,18.89785054765036]}"
3332,0.0,27.0,338.0,86.33979797363281,282.0,19.434466446261602,110.06362056509425,2603.862060546875,49.0,13.498806953430176,4.0,3.0,0.6303224980865068,10.983642578125,37.0,"{""type"":""Point"",""coordinates"":[110.06538114201285,19.435413304033794]}"
3333,0.0,27.0,23.0,18.926555633544922,23.0,18.554117467824476,109.9513311545793,2177.196533203125,45.0,1.6102054119110107,4.0,1.0,0.7180032480976242,13.329485893249512,45.0,"{""type"":""Point"",""coordinates"":[109.95200110918469,18.552516702801572]}"
3334,0.0,29.0,289.0,41.535186767578125,161.0,18.886494122948697,109.85700804974675,2305.247314453125,47.0,5.690423011779785,4.0,2.0,0.604389116747739,11.896976470947266,46.0,"{""type"":""Point"",""coordinates"":[109.85649091499234,18.888247554616235]}"
3335,0.0,24.0,122.0,14.501907348632812,67.0,19.38056752921443,109.91989011963511,2473.1416015625,49.0,0.6080313920974731,4.0,3.0,0.7158403397920085,14.244638442993164,38.0,"{""type"":""Point"",""coordinates"":[109.92050114240722,19.3821392134945]}"
3336,0.0,29.0,484.0,75.52550506591797,383.0,19.250311813017106,109.26861153864849,2573.3681640625,48.0,12.932044982910156,4.0,2.0,0.6190243535517973,10.919114112854004,38.0,"{""type"":""Point"",""coordinates"":[109.26864915436931,19.249084749816948]}"
3337,0.0,27.0,366.0,51.42170715332031,250.0,19.205396048811124,109.26861153864849,2431.2763671875,51.0,7.3005499839782715,5.0,2.0,0.637539275496056,11.591607093811035,38.0,"{""type"":""Point"",""coordinates"":[109.26850491891672,19.207215881933276]}"
3338,0.0,25.0,142.0,14.399894714355469,96.0,19.528789551094157,109.58751346451089,2417.142822265625,52.0,0.7144662141799927,2.0,3.0,0.6905385456109311,14.070969581604004,35.0,"{""type"":""Point"",""coordinates"":[109.58813239446998,19.52767650201683]}"
3339,0.0,27.0,1175.0,41.7507209777832,1042.0,19.093106638296184,109.21022104518073,2241.46240234375,47.0,16.274930953979492,8.0,2.0,0.5492075667853028,9.89161491394043,40.0,"{""type"":""Point"",""coordinates"":[109.2096291227634,19.091416241125195]}"
3340,0.0,29.0,749.0,40.59685134887695,526.0,18.805645747377937,109.55607242956671,2161.00537109375,48.0,9.65022087097168,5.0,1.0,0.5538177757578073,10.985062599182129,47.0,"{""type"":""Point"",""coordinates"":[109.55769664798002,18.807624523380408]}"
3341,0.0,23.0,18.0,9.38557243347168,9.0,19.677011572973875,110.28370780970351,2387.02685546875,48.0,0.12989021837711334,2.0,3.0,0.8222248943296745,15.580288887023926,29.0,"{""type"":""Point"",""coordinates"":[110.28394508886818,19.675277561846585]}"
3342,0.0,29.0,249.0,37.92422103881836,245.0,18.832595205901526,108.8194538965887,1710.587890625,43.0,10.86950397491455,5.0,2.0,0.5677950971693568,11.26797103881836,44.0,"{""type"":""Point"",""coordinates"":[108.81824579451425,18.833263544017953]}"
3344,0.0,32.0,382.0,27.732097625732422,371.0,18.608016384871647,108.97665907130965,1785.7491455078125,37.0,6.231771469116211,5.0,1.0,0.5557186881278133,11.739763259887695,49.0,"{""type"":""Point"",""coordinates"":[108.97596271504744,18.606578476535383]}"
3345,0.0,26.0,26.0,6.117652893066406,26.0,18.841578358742723,108.72962236817676,1502.5916748046875,46.0,0.6314336061477661,3.0,2.0,0.6862537481020707,14.2640962600708,43.0,"{""type"":""Point"",""coordinates"":[108.72982367600942,18.843274283668677]}"
3346,0.0,24.0,111.0,12.275994300842285,84.0,19.57370531530013,110.01870480088826,2499.493896484375,49.0,0.34965917468070984,4.0,3.0,0.7181675291543432,14.804656982421875,34.0,"{""type"":""Point"",""coordinates"":[110.01901813536077,19.57458452827769]}"
3347,0.0,29.0,514.0,60.39689636230469,476.0,19.039207721249014,110.06362056509425,2561.3291015625,45.0,8.868278503417969,4.0,2.0,0.5942696962735344,11.281553268432617,46.0,"{""type"":""Point"",""coordinates"":[110.06194057098496,19.040726067485643]}"
3348,0.0,27.0,80.0,27.714111328125,83.0,18.338521799635792,109.56056400598732,1912.557373046875,46.0,4.345151901245117,4.0,0.0,0.6405543512707637,12.301607131958008,41.0,"{""type"":""Point"",""coordinates"":[109.56251411152321,18.34038889263073]}"
3349,0.0,25.0,32.0,8.124189376831055,35.0,18.85056151158392,110.36006460885369,2169.853515625,49.0,0.1720791757106781,2.0,2.0,0.6992421781277186,15.560688972473145,47.0,"{""type"":""Point"",""coordinates"":[110.36000195344918,18.850889446178847]}"
3350,0.0,24.0,255.0,43.555442810058594,254.0,18.63496584339523,110.05014583583244,2197.380859375,49.0,6.409499645233154,3.0,1.0,0.6013087221570852,11.800065994262695,45.0,"{""type"":""Point"",""coordinates"":[110.04842056457747,18.636202091868107]}"
3351,0.0,28.0,159.0,29.343923568725586,85.0,19.389550682055628,109.82556701480257,2448.507568359375,44.0,2.473719835281372,3.0,3.0,0.6878346113918504,12.817841529846191,37.0,"{""type"":""Point"",""coordinates"":[109.82615541715008,19.38793589929014]}"
3352,0.0,25.0,198.0,21.3374080657959,69.0,18.79666259453675,109.21022104518073,1960.152099609375,51.0,2.8685379028320312,3.0,1.0,0.6427528309630879,12.644761085510254,44.0,"{""type"":""Point"",""coordinates"":[109.20837332495923,18.79482857218392]}"
3353,0.0,22.0,15.0,7.3600921630859375,15.0,19.71294418433866,109.42132513694878,2073.8330078125,52.0,0.13468605279922485,2.0,3.0,0.7879598241851897,15.815533638000488,31.0,"{""type"":""Point"",""coordinates"":[109.42312209182069,19.71380425037839]}"
3354,0.0,20.0,4.0,8.932175636291504,7.0,18.91344358147228,110.4813371722098,2017.482666015625,49.0,0.36829036474227905,2.0,2.0,0.7397898270383266,14.796850204467773,43.0,"{""type"":""Point"",""coordinates"":[110.47971770690565,18.91457754708508]}"
3355,0.0,27.0,122.0,21.77347183227539,66.0,19.41200856415862,110.09955317645904,2603.862060546875,43.0,1.1917413473129272,4.0,3.0,0.7217250522934999,13.571587562561035,38.0,"{""type"":""Point"",""coordinates"":[110.09987504294517,19.413763394291426]}"
3356,0.0,23.0,14.0,6.1906633377075195,12.0,18.729288948227783,108.70267290965319,1585.9405517578125,49.0,0.4845257103443146,2.0,1.0,0.7073008134820034,14.535862922668457,43.0,"{""type"":""Point"",""coordinates"":[108.70274644141635,18.728600823428206]}"
3357,0.0,31.0,684.0,65.99207305908203,514.0,18.98980038062244,109.3898841020046,2298.569580078125,37.0,16.20178985595703,8.0,2.0,0.5689460793722532,10.512070655822754,42.0,"{""type"":""Point"",""coordinates"":[109.39006689851448,18.991366310829196]}"
3358,0.0,27.0,296.0,40.65983581542969,270.0,18.76522155959256,110.07260371793546,2260.36083984375,49.0,5.736109256744385,4.0,1.0,0.5968235196630165,11.884130477905273,47.0,"{""type"":""Point"",""coordinates"":[110.07110854757727,18.764062311129692]}"
3359,0.0,25.0,59.0,14.650321960449219,41.0,19.659045267291482,110.05463741225304,2439.843994140625,49.0,0.6695185303688049,4.0,3.0,0.7730445675971417,14.186220169067383,32.0,"{""type"":""Point"",""coordinates"":[110.05315698635107,19.65738691058801]}"
3360,0.0,29.0,157.0,34.76194763183594,134.0,18.527168009300887,109.5964966173521,2274.271240234375,44.0,4.0357818603515625,5.0,1.0,0.6169566006071272,12.328585624694824,46.0,"{""type"":""Point"",""coordinates"":[109.59849027818127,18.529230888726882]}"
3361,0.0,24.0,32.0,10.142559051513672,23.0,19.614129503085508,110.3690477616949,2344.37939453125,51.0,0.2931901216506958,3.0,3.0,0.7722307836569293,14.75551986694336,36.0,"{""type"":""Point"",""coordinates"":[110.37055513419608,19.614068122675473]}"
3362,0.0,25.0,68.0,10.231204986572266,71.0,18.65742372549822,108.79250443806512,1622.9434814453125,51.0,1.4183125495910645,2.0,1.0,0.6330480661317863,13.43006706237793,44.0,"{""type"":""Point"",""coordinates"":[108.7918097394212,18.65548264601131]}"
3363,0.0,28.0,246.0,34.71538162231445,228.0,19.205396048811124,110.166926822768,2607.08447265625,44.0,2.8064918518066406,4.0,2.0,0.6560966024780619,12.635289192199707,41.0,"{""type"":""Point"",""coordinates"":[110.16522758042018,19.203776804166683]}"
3364,0.0,26.0,138.0,41.04978561401367,103.0,18.944884616416466,110.14896051708558,2168.944091796875,48.0,5.833299160003662,5.0,2.0,0.6057921495726099,11.970236778259277,46.0,"{""type"":""Point"",""coordinates"":[110.14738452115614,18.942753291070343]}"
3365,0.0,24.0,44.0,6.028015613555908,47.0,18.616999537712843,108.77902970880336,1499.8656005859375,49.0,0.6079595685005188,2.0,1.0,0.6520892824210182,14.291500091552734,45.0,"{""type"":""Point"",""coordinates"":[108.7768437881285,18.615686482892713]}"
3366,0.0,32.0,111.0,49.477943420410156,103.0,19.317685459326064,110.3241319974889,2498.102783203125,39.0,5.320509433746338,5.0,3.0,0.6671704859688545,12.079423904418945,37.0,"{""type"":""Point"",""coordinates"":[110.32588133719055,19.318452406839036]}"
3367,0.0,24.0,37.0,9.828217506408691,38.0,18.96285092209886,110.3645561852743,2256.33837890625,51.0,0.3086314797401428,4.0,2.0,0.7239266424806099,14.973578453063965,42.0,"{""type"":""Point"",""coordinates"":[110.36559060712825,18.964518707300684]}"
3368,0.0,28.0,411.0,59.197086334228516,389.0,18.976325651360646,110.23879204549758,2426.90576171875,44.0,9.043302536010742,4.0,2.0,0.5966088914848978,11.341606140136719,45.0,"{""type"":""Point"",""coordinates"":[110.23812364138544,18.9760945876676]}"
3369,0.0,29.0,1.0,6.526468753814697,2.0,19.91057354684495,110.61159288840719,1928.7501220703125,41.0,0.22943836450576782,5.0,4.0,0.7387084720511284,14.347957611083984,44.0,"{""type"":""Point"",""coordinates"":[110.60989215693306,19.91254387701329]}"
3370,0.0,26.0,277.0,62.89380645751953,257.0,19.164971861025748,109.04852429403917,2200.460693359375,54.0,13.0685453414917,4.0,2.0,0.5979198275202643,11.05946159362793,41.0,"{""type"":""Point"",""coordinates"":[109.04963150949897,19.16435223833894]}"
3372,0.0,24.0,207.0,26.475889205932617,99.0,19.27276969512009,109.36293464348103,2539.175537109375,53.0,1.9465405941009521,4.0,2.0,0.6642593052306182,13.027153015136719,40.0,"{""type"":""Point"",""coordinates"":[109.36186596379547,19.27097309386061]}"
3373,0.0,31.0,187.0,42.40568161010742,181.0,18.423861751627143,109.54259770030495,2060.3134765625,41.0,7.462297439575195,5.0,1.0,0.6050716794794873,11.690913200378418,43.0,"{""type"":""Point"",""coordinates"":[109.54258995779297,18.423441793018778]}"
3374,0.0,24.0,72.0,17.937705993652344,48.0,19.6365873851885,109.94234800173814,2413.867919921875,54.0,1.1168873310089111,4.0,3.0,0.761025726694718,13.666688919067383,32.0,"{""type"":""Point"",""coordinates"":[109.94122311908825,19.635427193263688]}"
3375,0.0,26.0,280.0,42.44914627075195,271.0,19.26827811869949,110.27023308044176,2575.142822265625,51.0,4.212949752807617,4.0,2.0,0.6650498646672315,12.205222129821777,37.0,"{""type"":""Point"",""coordinates"":[110.27202815849847,19.26663462659835]}"
3376,0.0,29.0,129.0,17.175630569458008,119.0,19.506331668991166,110.54871081851877,2364.302978515625,46.0,1.3093702793121338,4.0,3.0,0.6652528304157502,13.181943893432617,39.0,"{""type"":""Point"",""coordinates"":[110.54723221211549,19.508328114828455]}"
3377,0.0,25.0,28.0,11.047724723815918,16.0,19.0706487561932,110.25675835117994,2390.638427734375,47.0,0.31142503023147583,3.0,2.0,0.747309229645501,14.96980094909668,44.0,"{""type"":""Point"",""coordinates"":[110.25736633928234,19.0712894165914]}"
3378,0.0,29.0,186.0,42.33431625366211,189.0,18.3160639175328,109.65039553439925,1958.8673095703125,49.0,9.02892017364502,6.0,0.0,0.5957596864760922,11.498332977294922,43.0,"{""type"":""Point"",""coordinates"":[109.65098492289654,18.31745939921792]}"
3379,0.0,24.0,43.0,12.463562965393066,40.0,18.585558502768656,109.96480588384111,2177.196533203125,48.0,0.7040705680847168,5.0,1.0,0.6978496782647108,14.145301818847656,46.0,"{""type"":""Point"",""coordinates"":[109.96589577507218,18.587232515316643]}"
3380,0.0,22.0,168.0,33.53322982788086,154.0,19.49285693972937,109.29556099717206,2225.5869140625,56.0,4.031056880950928,4.0,3.0,0.6617052501235209,12.322839736938477,35.0,"{""type"":""Point"",""coordinates"":[109.29521434279849,19.4932554171851]}"
3381,0.0,30.0,595.0,49.435203552246094,541.0,19.025732991987226,109.12937266960995,2366.662109375,43.0,8.539405822753906,8.0,2.0,0.6145752570070976,11.252263069152832,39.0,"{""type"":""Point"",""coordinates"":[109.12731454691539,19.027618509868404]}"
3382,0.0,24.0,156.0,27.66523551940918,81.0,19.32666861216726,110.03667110657068,2461.3125,51.0,2.1996819972991943,4.0,3.0,0.6861562000685384,12.937263488769531,39.0,"{""type"":""Point"",""coordinates"":[110.03483149266206,19.3271305677722]}"
3383,0.0,27.0,347.0,27.220781326293945,344.0,18.500218550777305,109.17428843381595,1905.2071533203125,52.0,5.225357532501221,4.0,1.0,0.5848887667082132,11.942303657531738,45.0,"{""type"":""Point"",""coordinates"":[109.17240350788718,18.50184328794149]}"
3384,0.0,35.0,612.0,43.82170104980469,545.0,18.57208377350686,109.47073247757538,2102.9501953125,37.0,10.439359664916992,8.0,1.0,0.5626924492384506,11.032859802246094,46.0,"{""type"":""Point"",""coordinates"":[109.46864728306652,18.573570432179643]}"
3385,0.0,27.0,166.0,16.5507755279541,63.0,19.27276969512009,109.72675233354943,2433.579345703125,53.0,1.0203652381896973,5.0,2.0,0.7143939412055144,13.699516296386719,38.0,"{""type"":""Point"",""coordinates"":[109.72837610471136,19.272006916797938]}"
3386,0.0,28.0,95.0,19.311918258666992,86.0,19.003275109884235,110.34658987959187,2411.55615234375,42.0,1.22917640209198,4.0,2.0,0.6766584089609969,13.55707836151123,41.0,"{""type"":""Point"",""coordinates"":[110.3451986285809,19.002467319365856]}"
3387,0.0,33.0,153.0,49.00010299682617,118.0,19.52429797467356,110.04565425941183,2499.151611328125,39.0,5.432849407196045,4.0,3.0,0.6681751347336564,12.032478332519531,36.0,"{""type"":""Point"",""coordinates"":[110.04729513280012,19.52329497224148]}"
3388,0.0,25.0,213.0,42.749752044677734,59.0,19.12903924966097,109.78514282701718,2405.475830078125,46.0,4.667930603027344,4.0,2.0,0.6852999765337946,12.146768569946289,41.0,"{""type"":""Point"",""coordinates"":[109.78327165228147,19.130576242548127]}"
3389,0.0,28.0,273.0,33.311614990234375,120.0,18.819120476639732,109.37191779632224,2193.29296875,49.0,4.570267677307129,4.0,1.0,0.6119481806670021,12.1282377243042,44.0,"{""type"":""Point"",""coordinates"":[109.37159342863515,18.82099167002131]}"
3390,0.0,23.0,14.0,10.187131881713867,14.0,18.549625891403878,109.99175534236468,2051.551025390625,47.0,0.5302162170410156,3.0,1.0,0.7246709135331254,14.445744514465332,45.0,"{""type"":""Point"",""coordinates"":[109.99043143414828,18.54787312304425]}"
3391,0.0,27.0,168.0,15.297937393188477,39.0,18.76971313601316,109.17878001023655,1975.5555419921875,46.0,1.585591435432434,3.0,1.0,0.6922876137737658,13.257308006286621,42.0,"{""type"":""Point"",""coordinates"":[109.17718579307973,18.77174632667916]}"
3392,0.0,29.0,45.0,9.710389137268066,45.0,19.928539852527344,109.74471863923185,1767.4561767578125,42.0,1.0371159315109253,5.0,4.0,0.7244453171092687,13.56418514251709,33.0,"{""type"":""Point"",""coordinates"":[109.74529070992995,19.929390454334275]}"
3393,0.0,29.0,55.0,11.098332405090332,55.0,19.874640935480173,110.33311515033012,2230.738037109375,43.0,0.5659683346748352,9.0,4.0,0.7317990977785214,14.075392723083496,36.0,"{""type"":""Point"",""coordinates"":[110.33175862228349,19.875567898863714]}"
3394,0.0,24.0,105.0,13.584485054016113,78.0,19.38505910563503,109.21920419802188,2347.648193359375,47.0,0.6307343244552612,5.0,3.0,0.7155873271843453,14.218353271484375,34.0,"{""type"":""Point"",""coordinates"":[109.21968481697279,19.385380809727526]}"
3395,0.0,22.0,178.0,33.74465560913086,123.0,19.403025411317422,109.98726376594408,2554.376953125,50.0,2.6232056617736816,4.0,3.0,0.6714795019574158,12.747091293334961,38.0,"{""type"":""Point"",""coordinates"":[109.98794691225692,19.402790793712207]}"
3396,0.0,27.0,287.0,25.253009796142578,186.0,19.18293816670814,109.89294066111154,2328.757568359375,47.0,2.3802342414855957,5.0,2.0,0.6496072420847803,12.772647857666016,39.0,"{""type"":""Point"",""coordinates"":[109.8938522526997,19.18438986929163]}"
3397,0.0,23.0,86.0,15.292430877685547,52.0,19.178446590287543,110.07709529435607,2447.77880859375,50.0,0.7063019871711731,4.0,2.0,0.7194119790421468,14.116654396057129,41.0,"{""type"":""Point"",""coordinates"":[110.07533752616065,19.180656769516713]}"
3398,0.0,24.0,74.0,27.015287399291992,47.0,19.57370531530013,109.91989011963511,2507.357666015625,48.0,1.897204041481018,4.0,3.0,0.7549515032260485,13.135422706604004,34.0,"{""type"":""Point"",""coordinates"":[109.91860045449023,19.574917857497148]}"
3399,0.0,28.0,65.0,16.313074111938477,40.0,19.515314821832362,110.40048879663908,2389.639892578125,46.0,0.9667932391166687,6.0,3.0,0.7443975990896505,13.776519775390625,38.0,"{""type"":""Point"",""coordinates"":[110.39881415994056,19.513353595613292]}"
3400,0.0,25.0,137.0,11.785439491271973,98.0,19.232345507334713,110.09506160003843,2531.090576171875,51.0,0.30374887585639954,4.0,2.0,0.6809575928729499,14.929447174072266,39.0,"{""type"":""Point"",""coordinates"":[110.09489206609236,19.230418256342745]}"
3401,0.0,29.0,101.0,7.995744705200195,101.0,19.54226428035595,109.12937266960995,1984.3712158203125,45.0,0.3650490343570709,2.0,3.0,0.6553076896680232,14.767658233642578,37.0,"{""type"":""Point"",""coordinates"":[109.13089457958448,19.543668605571778]}"
3402,0.0,30.0,47.0,32.41081619262695,44.0,19.308702306484875,110.41845510232145,2504.79345703125,44.0,2.7329647541046143,5.0,3.0,0.7439380183730488,12.76644229888916,37.0,"{""type"":""Point"",""coordinates"":[110.4174158631648,19.309334102723366]}"
3403,0.0,29.0,643.0,69.42182159423828,483.0,19.151497131763954,109.67734499292288,2473.31298828125,42.0,13.673358917236328,5.0,2.0,0.5944111219996652,10.727336883544922,40.0,"{""type"":""Point"",""coordinates"":[109.67762524094314,19.15180298091939]}"
3404,0.0,24.0,102.0,17.90633201599121,102.0,19.38056752921443,108.87784439005651,1749.0107421875,55.0,2.9554848670959473,4.0,3.0,0.6158227468193712,12.674792289733887,41.0,"{""type"":""Point"",""coordinates"":[108.87820615218371,19.379556862255114]}"
3405,0.0,31.0,29.0,15.703787803649902,30.0,19.560230586038337,110.6834581111367,2307.919677734375,46.0,1.3096429109573364,8.0,3.0,0.7712345868012682,13.100179672241211,34.0,"{""type"":""Point"",""coordinates"":[110.68214742110965,19.56033369732819]}"
3406,0.0,25.0,26.0,7.304222583770752,23.0,19.793792559909413,110.74184860460451,2082.735107421875,52.0,0.22943836450576782,4.0,4.0,0.7357569414010813,14.310611724853516,41.0,"{""type"":""Point"",""coordinates"":[110.74106962016062,19.794120009880874]}"
3407,0.0,25.0,238.0,35.47887420654297,161.0,19.308702306484875,109.83904174406439,2437.638916015625,52.0,3.586941957473755,4.0,3.0,0.6622492177538191,12.394715309143066,37.0,"{""type"":""Point"",""coordinates"":[109.83949822148509,19.308270611973207]}"
3408,0.0,27.0,85.0,20.466157913208008,88.0,18.325047070373998,109.5964966173521,1912.557373046875,45.0,2.6959800720214844,4.0,0.0,0.6314839508077087,12.777092933654785,43.0,"{""type"":""Point"",""coordinates"":[109.59547924074697,18.32301999565043]}"
3409,0.0,23.0,34.0,8.556528091430664,34.0,19.874640935480173,110.74184860460451,1966.8828125,50.0,0.6426156759262085,3.0,4.0,0.6871836197512385,13.268411636352539,47.0,"{""type"":""Point"",""coordinates"":[110.74028043937066,19.876371452247533]}"
3410,0.0,27.0,139.0,33.5830078125,117.0,19.200904472390526,109.08445690540395,2242.354248046875,46.0,3.8796894550323486,4.0,2.0,0.6471153046933149,12.379378318786621,39.0,"{""type"":""Point"",""coordinates"":[109.08628624861952,19.201599435008262]}"
3411,0.0,29.0,438.0,39.33545684814453,438.0,18.45979436299192,109.12937266960995,1773.9639892578125,48.0,12.581768035888672,5.0,1.0,0.5510546667520884,10.983137130737305,45.0,"{""type"":""Point"",""coordinates"":[109.12827522517736,18.458964638449867]}"
3412,0.0,26.0,50.0,7.407343864440918,50.0,19.694977878656267,109.34945991421921,1975.52392578125,48.0,0.2597855031490326,3.0,3.0,0.7279300034266072,15.138263702392578,34.0,"{""type"":""Point"",""coordinates"":[109.35004827087214,19.696210552664482]}"
3413,0.0,24.0,91.0,55.293025970458984,91.0,18.5092017036185,109.7492102156524,2327.45068359375,56.0,7.884061813354492,3.0,1.0,0.6187674927575755,11.694804191589355,46.0,"{""type"":""Point"",""coordinates"":[109.75135084506688,18.507870078716074]}"
3414,0.0,27.0,83.0,28.74688720703125,68.0,19.04819087409021,110.25675835117994,2367.773681640625,42.0,2.476846694946289,3.0,2.0,0.6754451207057934,12.86318302154541,44.0,"{""type"":""Point"",""coordinates"":[110.25792850904793,19.04988497115106]}"
3415,0.0,28.0,13.0,7.021793365478516,13.0,19.986930345995113,110.35108145601248,2134.75634765625,44.0,0.0837588757276535,3.0,4.0,0.755007868374072,15.398702621459961,40.0,"{""type"":""Point"",""coordinates"":[110.34983341014417,19.986555020225477]}"
3416,0.0,23.0,147.0,15.401612281799316,101.0,19.49734851614997,109.5470892767255,2466.86962890625,54.0,0.7481147646903992,4.0,3.0,0.6900308137889511,14.021833419799805,35.0,"{""type"":""Point"",""coordinates"":[109.54823331729769,19.497120616111854]}"
3417,0.0,30.0,587.0,31.69222068786621,499.0,18.68437318402181,109.49768193609896,2057.635498046875,47.0,6.324267864227295,5.0,1.0,0.5720724010334179,11.562821388244629,46.0,"{""type"":""Point"",""coordinates"":[109.49680842946005,18.6828873992443]}"
3418,0.0,29.0,698.0,41.037010192871094,670.0,18.805645747377937,108.88682754289766,1867.174560546875,46.0,14.370427131652832,8.0,1.0,0.5470755683281665,10.62470531463623,43.0,"{""type"":""Point"",""coordinates"":[108.88879018018709,18.80749442749608]}"
3419,0.0,26.0,28.0,13.675749778747559,25.0,18.57657534992746,109.9513311545793,2177.196533203125,47.0,0.8889679908752441,3.0,1.0,0.7176793220698473,13.920827865600586,45.0,"{""type"":""Point"",""coordinates"":[109.94983099595315,18.57779571490033]}"
3420,0.0,25.0,142.0,22.97750473022461,65.0,19.358109647111448,109.82107543838197,2448.507568359375,51.0,1.6684551239013672,4.0,3.0,0.7108055801773273,13.222620964050293,38.0,"{""type"":""Point"",""coordinates"":[109.81942007509907,19.358509817903816]}"
3421,0.0,26.0,4.0,5.323736190795898,6.0,19.614129503085508,110.9394779671108,1826.4105224609375,44.0,0.057359881699085236,5.0,3.0,0.7328981914529191,15.729843139648438,43.0,"{""type"":""Point"",""coordinates"":[110.93987267603097,19.61261179652751]}"
3423,0.0,23.0,32.0,9.845479011535645,32.0,19.60963792666491,109.12038951676874,1844.996337890625,50.0,0.7970728278160095,2.0,3.0,0.7294857844715563,14.027636528015137,36.0,"{""type"":""Point"",""coordinates"":[109.12191443714505,19.61031219180461]}"
3424,0.0,25.0,9.0,12.40999984741211,9.0,18.639457419815827,110.21184258697394,2023.53125,46.0,0.9146278500556946,3.0,1.0,0.7273623522702455,13.903327941894531,45.0,"{""type"":""Point"",""coordinates"":[110.21104547869987,18.64154993698063]}"
3425,0.0,27.0,403.0,55.07890701293945,381.0,18.814628900219134,110.12650263498261,2226.138671875,48.0,10.516946792602539,4.0,1.0,0.5686528906073757,11.193622589111328,48.0,"{""type"":""Point"",""coordinates"":[110.1276156380603,18.812713306095077]}"
3426,0.0,23.0,37.0,5.097301006317139,40.0,18.639457419815827,108.78352128522391,1499.8656005859375,51.0,0.3753422498703003,3.0,1.0,0.6662655334353282,14.777883529663086,44.0,"{""type"":""Point"",""coordinates"":[108.7831848385116,18.639596299876658]}"
3427,0.0,28.0,33.0,15.9442720413208,14.0,19.699469455076866,110.01870480088826,2424.776123046875,40.0,0.7972396016120911,4.0,3.0,0.7986720520469257,14.026845932006836,33.0,"{""type"":""Point"",""coordinates"":[110.01955905800364,19.698152252148713]}"
3428,0.0,25.0,73.0,22.586862564086914,35.0,19.537772703935353,110.0007384952059,2499.151611328125,49.0,1.4579927921295166,2.0,3.0,0.7595382169104891,13.399489402770996,36.0,"{""type"":""Point"",""coordinates"":[110.00254808958148,19.538477320040982]}"
3429,0.0,26.0,2.0,5.129035949707031,3.0,20.000405075256907,110.63405077051016,1782.2510986328125,41.0,0.057359881699085236,3.0,4.0,0.7233019838225125,15.333905220031738,45.0,"{""type"":""Point"",""coordinates"":[110.63566753422805,19.99950595774301]}"
3430,0.0,22.0,126.0,25.570911407470703,115.0,19.34912649427025,109.11140636392759,2349.343017578125,57.0,2.249793767929077,3.0,3.0,0.6640306143096173,12.933337211608887,38.0,"{""type"":""Point"",""coordinates"":[109.11248701465273,19.350452208763674]}"
3431,0.0,29.0,384.0,40.15769958496094,201.0,19.061665603352004,109.71327760428761,2288.568359375,46.0,5.755878925323486,4.0,2.0,0.6243065136225197,11.818323135375977,40.0,"{""type"":""Point"",""coordinates"":[109.71500103839035,19.06047384170945]}"
3432,0.0,26.0,145.0,30.171878814697266,67.0,19.308702306484875,110.02319637730886,2461.3125,51.0,2.6209089756011963,4.0,3.0,0.7007936692329615,12.768717765808105,39.0,"{""type"":""Point"",""coordinates"":[110.02267790391679,19.310876937147405]}"
3433,0.0,29.0,446.0,47.24570846557617,449.0,18.289114459009213,109.63692080513749,1844.4837646484375,48.0,15.343579292297363,7.0,0.0,0.5700404943122681,10.770525932312012,40.0,"{""type"":""Point"",""coordinates"":[109.63662572983161,18.287633346905864]}"
3434,0.0,34.0,161.0,18.658714294433594,140.0,19.34912649427025,110.26574150402115,2504.05615234375,38.0,1.1179393529891968,5.0,3.0,0.6861214330762906,13.611315727233887,36.0,"{""type"":""Point"",""coordinates"":[110.265791502682,19.350102326126404]}"
3435,0.0,23.0,237.0,9.692980766296387,196.0,18.62149111413344,109.33149360853685,2023.846435546875,56.0,0.6052640080451965,3.0,1.0,0.6180087134023159,14.17603588104248,44.0,"{""type"":""Point"",""coordinates"":[109.33198383098392,18.622046501402234]}"
3436,0.0,31.0,18.0,7.281842231750488,18.0,19.726418913600448,110.75981491028688,2158.914306640625,41.0,0.1298990398645401,5.0,3.0,0.751944680136873,14.891594886779785,40.0,"{""type"":""Point"",""coordinates"":[110.75867434484967,19.72655724667727]}"
3437,0.0,27.0,375.0,28.763757705688477,177.0,19.025732991987226,109.71327760428761,2287.161376953125,49.0,3.300621509552002,4.0,2.0,0.6333695634947638,12.383256912231445,40.0,"{""type"":""Point"",""coordinates"":[109.71524342004273,19.026638518009932]}"
3439,0.0,20.0,12.0,5.537123680114746,15.0,18.63047426697463,108.7116560624944,1483.9129638671875,54.0,0.5003406405448914,2.0,1.0,0.6978991145840978,14.414742469787598,43.0,"{""type"":""Point"",""coordinates"":[108.7130761635388,18.632177543419814]}"
3440,0.0,34.0,90.0,15.272932052612305,89.0,19.582688468141328,109.35844306706042,2280.16064453125,43.0,1.0964851379394531,3.0,3.0,0.6882295528374164,13.674357414245605,36.0,"{""type"":""Point"",""coordinates"":[109.35770000999726,19.583922309320222]}"
3441,0.0,20.0,120.0,11.101696014404297,113.0,18.57657534992746,109.01708325909499,1872.8131103515625,58.0,1.0181708335876465,3.0,1.0,0.5923530960175698,13.730260848999023,49.0,"{""type"":""Point"",""coordinates"":[109.01788575897034,18.5769317116964]}"
3442,0.0,28.0,345.0,39.3515510559082,348.0,18.39691229310356,109.63242922871689,2058.072021484375,46.0,7.259122371673584,6.0,1.0,0.6015457740087204,11.612397193908691,42.0,"{""type"":""Point"",""coordinates"":[109.63057780400348,18.39596859431828]}"
3443,0.0,25.0,142.0,15.157862663269043,39.0,19.344634917849653,109.70429445144646,2426.930908203125,48.0,0.7456365823745728,4.0,3.0,0.7468232739739651,14.0282621383667,37.0,"{""type"":""Point"",""coordinates"":[109.7034059113306,19.345429024510896]}"
3444,0.0,32.0,576.0,70.4593734741211,422.0,19.12903924966097,109.28208626791024,2362.28125,39.0,15.508094787597656,8.0,2.0,0.5891545437542403,10.6544771194458,40.0,"{""type"":""Point"",""coordinates"":[109.28426543669642,19.129273647515046]}"
3445,0.0,34.0,82.0,13.004322052001953,81.0,19.784809407068217,109.85251647332615,2321.503662109375,41.0,0.7101191282272339,4.0,4.0,0.7068076185129285,14.113662719726562,35.0,"{""type"":""Point"",""coordinates"":[109.85208674203808,19.785830148709113]}"
3446,0.0,25.0,69.0,8.007467269897461,70.0,19.344634917849653,108.75657182670034,1517.7021484375,54.0,1.1777825355529785,4.0,3.0,0.6435039502572165,13.615370750427246,41.0,"{""type"":""Point"",""coordinates"":[108.75839893237506,19.344621465932704]}"
3447,0.0,31.0,18.0,8.854289054870605,18.0,19.924048276106745,109.86599120258796,2186.51904296875,39.0,0.28679710626602173,4.0,4.0,0.7699488695754606,14.788196563720703,36.0,"{""type"":""Point"",""coordinates"":[109.86674121812418,19.925943984534328]}"
3448,0.0,26.0,19.0,10.738621711730957,20.0,19.8252335948536,109.53361454746374,1796.7110595703125,47.0,1.0764216184616089,5.0,4.0,0.7464194533195699,13.734661102294922,35.0,"{""type"":""Point"",""coordinates"":[109.53236003419367,19.825947431705107]}"
3449,0.0,24.0,42.0,10.872967720031738,42.0,18.729288948227783,110.25675835117994,1984.4178466796875,52.0,0.7894096374511719,4.0,1.0,0.6787468343409905,14.03146743774414,47.0,"{""type"":""Point"",""coordinates"":[110.25657827632958,18.729540964144558]}"
3450,0.0,32.0,426.0,71.30351257324219,248.0,19.133530826081568,109.48420720683714,2440.710693359375,37.0,12.37301254272461,4.0,2.0,0.6167344121023725,11.009500503540039,38.0,"{""type"":""Point"",""coordinates"":[109.48494650467491,19.131683834651117]}"
3451,0.0,21.0,139.0,13.365442276000977,65.0,19.376075952793833,110.02768795372947,2484.22607421875,53.0,0.4628799855709076,4.0,3.0,0.7271972385285483,14.506928443908691,36.0,"{""type"":""Point"",""coordinates"":[110.02558337359041,19.376810200374273]}"
3452,0.0,24.0,179.0,20.111719131469727,94.0,19.254803389437704,109.85700804974675,2426.37109375,55.0,1.4178305864334106,4.0,2.0,0.6761886197836638,13.36221981048584,38.0,"{""type"":""Point"",""coordinates"":[109.85756648563935,19.254572468425636]}"
3453,0.0,27.0,38.0,15.497208595275879,21.0,19.582688468141328,110.17590997560922,2452.313720703125,44.0,0.7327845692634583,5.0,3.0,0.7888402773621115,14.108245849609375,34.0,"{""type"":""Point"",""coordinates"":[110.17654032079534,19.584537683809447]}"
3454,0.0,33.0,646.0,63.16193389892578,454.0,19.0706487561932,109.48420720683714,2353.865478515625,38.0,14.018108367919922,6.0,2.0,0.5792443269817024,10.69873046875,42.0,"{""type"":""Point"",""coordinates"":[109.4831315981266,19.069591934401828]}"
3455,0.0,32.0,52.0,20.94736671447754,25.0,19.560230586038337,109.94683957815869,2507.357666015625,39.0,1.2993521690368652,5.0,3.0,0.7843193173002798,13.527158737182617,34.0,"{""type"":""Point"",""coordinates"":[109.94839619306839,19.559796429213034]}"
3456,0.0,26.0,120.0,22.545488357543945,86.0,18.895477275789894,108.89131911931827,1813.3656005859375,46.0,3.6514487266540527,4.0,2.0,0.6181570279298889,12.451894760131836,44.0,"{""type"":""Point"",""coordinates"":[108.88938465214912,18.895002508412208]}"
3458,0.0,28.0,31.0,7.505290985107422,34.0,18.95835934567826,110.45887929010684,2048.687255859375,42.0,0.19077613949775696,3.0,2.0,0.7248788425071093,15.438762664794922,40.0,"{""type"":""Point"",""coordinates"":[110.46008196099004,18.95755817584978]}"
3459,0.0,28.0,929.0,60.1141357421875,761.0,19.088615061875586,109.2281873508631,2241.46240234375,42.0,19.997207641601562,8.0,2.0,0.555565629066758,10.026375770568848,39.0,"{""type"":""Point"",""coordinates"":[109.22987194870724,19.08792250780498]}"
3460,0.0,28.0,554.0,10.835650444030762,542.0,18.648440572657023,108.8733528136359,1622.00927734375,50.0,2.000711441040039,3.0,1.0,0.5521587982330965,12.745311737060547,48.0,"{""type"":""Point"",""coordinates"":[108.8721955736056,18.648263068853954]}"
3461,0.0,24.0,110.0,15.63932991027832,57.0,19.394042258476226,109.26861153864849,2333.445556640625,50.0,0.9192636609077454,3.0,3.0,0.7350847800194916,13.838579177856445,34.0,"{""type"":""Point"",""coordinates"":[109.2668962327373,19.396109597070822]}"
3462,0.0,25.0,33.0,6.166032314300537,34.0,19.91057354684495,110.75981491028688,1868.8828125,49.0,0.2934914231300354,4.0,4.0,0.6744410732747568,13.631149291992188,49.0,"{""type"":""Point"",""coordinates"":[110.75876395215415,19.909178078643247]}"
3463,0.0,24.0,31.0,24.359195709228516,33.0,18.706831066124792,110.34658987959187,2005.96826171875,51.0,3.0433168411254883,4.0,1.0,0.6821939792020689,12.687583923339844,47.0,"{""type"":""Point"",""coordinates"":[110.34498635561279,18.70501555021082]}"
3464,0.0,28.0,140.0,13.466086387634277,117.0,19.322177035746662,109.16530528097474,2386.53564453125,44.0,0.6185436844825745,5.0,3.0,0.6692170363843187,14.216391563415527,39.0,"{""type"":""Point"",""coordinates"":[109.16714662717231,19.32132153737131]}"
3465,0.0,26.0,458.0,52.20357894897461,277.0,19.111072943978577,109.69531129860525,2456.3486328125,50.0,7.481051445007324,4.0,2.0,0.6276033148089434,11.4982271194458,39.0,"{""type"":""Point"",""coordinates"":[109.69665200876693,19.10969666398479]}"
3466,0.0,22.0,10.0,21.67020606994629,13.0,18.783187865274954,110.50379505431283,1876.1380615234375,50.0,2.9314136505126953,2.0,1.0,0.7015351082688871,12.718117713928223,46.0,"{""type"":""Point"",""coordinates"":[110.50329179530885,18.785186099385452]}"
3467,0.0,27.0,618.0,36.81027603149414,428.0,18.80115417095734,109.52912297104314,2218.24951171875,49.0,6.4035210609436035,5.0,1.0,0.569851338488164,11.523294448852539,48.0,"{""type"":""Point"",""coordinates"":[109.53113337936449,18.80048074907091]}"
3468,0.0,23.0,19.0,15.08780288696289,10.0,19.169463437446346,110.29718253896533,2528.46728515625,50.0,0.5859235525131226,4.0,2.0,0.779982354588081,14.342952728271484,40.0,"{""type"":""Point"",""coordinates"":[110.29878265455477,19.16903248487473]}"
3469,0.0,28.0,21.0,11.338563919067383,22.0,19.618621079506106,110.70142441681912,2260.121337890625,49.0,0.6425786018371582,8.0,3.0,0.7802839155638612,13.819462776184082,34.0,"{""type"":""Point"",""coordinates"":[110.70061649925051,19.617070500456663]}"
3470,0.0,25.0,217.0,32.42912673950195,59.0,19.286244424381884,109.50217351251956,2477.41064453125,50.0,2.879824161529541,4.0,3.0,0.7139798009787939,12.628525733947754,37.0,"{""type"":""Point"",""coordinates"":[109.50130988375165,19.287655247884924]}"
3471,0.0,23.0,150.0,16.15448760986328,114.0,19.488365363308773,109.48869878325775,2451.546142578125,58.0,0.9143860340118408,3.0,3.0,0.6875811390325888,13.81923770904541,35.0,"{""type"":""Point"",""coordinates"":[109.4886682525834,19.48802377508516]}"
3472,0.0,30.0,755.0,51.40544128417969,560.0,19.079631909034397,109.60098819377271,2272.7275390625,40.0,11.789680480957031,5.0,2.0,0.583770417598891,10.774083137512207,40.0,"{""type"":""Point"",""coordinates"":[109.60155457744592,19.077395305202455]}"
3473,0.0,28.0,139.0,14.946303367614746,50.0,19.33116018858786,110.08158687077662,2461.424560546875,45.0,0.7068904638290405,4.0,3.0,0.7326137224442643,14.083492279052734,38.0,"{""type"":""Point"",""coordinates"":[110.07972125923021,19.33184507470884]}"
3474,0.0,28.0,38.0,11.248550415039062,38.0,19.8252335948536,110.5307445128364,2136.56494140625,38.0,0.7102041840553284,6.0,4.0,0.7388680230710248,13.678605079650879,37.0,"{""type"":""Point"",""coordinates"":[110.53255483842683,19.823788739218248]}"
3475,0.0,28.0,20.0,9.192159652709961,22.0,19.68599472581507,110.7777812159693,2176.3623046875,46.0,0.4696688652038574,6.0,3.0,0.7523755452888733,13.667548179626465,39.0,"{""type"":""Point"",""coordinates"":[110.7759423787053,19.686264704922397]}"
3477,0.0,25.0,14.0,4.507315635681152,14.0,19.142513978922757,108.7116560624944,1440.050048828125,52.0,0.34895971417427063,2.0,2.0,0.7012262542554143,14.864089012145996,42.0,"{""type"":""Point"",""coordinates"":[108.71036111122031,19.142812681468044]}"
3478,0.0,23.0,57.0,6.3792500495910645,52.0,19.18742974312874,108.83292862585051,1665.15966796875,56.0,0.47467267513275146,2.0,2.0,0.673963421935071,14.531356811523438,41.0,"{""type"":""Point"",""coordinates"":[108.83072230876579,19.18553961254217]}"
3479,0.0,28.0,1009.0,32.59586715698242,881.0,18.837086782322125,109.67285341650228,2239.0673828125,46.0,7.495394706726074,5.0,2.0,0.5541300252588991,10.941492080688477,46.0,"{""type"":""Point"",""coordinates"":[109.67110625977242,18.837159623153823]}"
3480,0.0,31.0,1226.0,39.214351654052734,1034.0,19.066157179772603,109.53810612388435,2393.872802734375,39.0,12.759651184082031,9.0,2.0,0.5654515467538711,10.053099632263184,40.0,"{""type"":""Point"",""coordinates"":[109.53772095931397,19.068182794064825]}"
3481,0.0,28.0,63.0,14.185761451721191,51.0,19.115564520399175,110.24777519833873,2566.118408203125,46.0,0.5126630067825317,4.0,2.0,0.7166384652110012,14.450814247131348,44.0,"{""type"":""Point"",""coordinates"":[110.24732684043096,19.114072964535904]}"
3482,0.0,37.0,721.0,30.898805618286133,552.0,18.980817227781245,109.30454415001327,2167.042236328125,35.0,5.7681427001953125,5.0,2.0,0.5898815295889356,11.533360481262207,42.0,"{""type"":""Point"",""coordinates"":[109.3024115594073,18.98169640272408]}"
3483,0.0,26.0,76.0,12.280162811279297,70.0,19.533281127514755,109.24166208012491,2163.45751953125,50.0,0.7621866464614868,2.0,3.0,0.6948618160791492,14.04648208618164,38.0,"{""type"":""Point"",""coordinates"":[109.24161724193895,19.53317553314194]}"
3484,0.0,29.0,690.0,64.44808959960938,688.0,18.423861751627143,109.47073247757538,2062.75830078125,42.0,21.936986923217773,5.0,1.0,0.537979355801049,10.179940223693848,42.0,"{""type"":""Point"",""coordinates"":[109.47100662769954,18.424402596793268]}"
3485,0.0,28.0,27.0,13.013946533203125,25.0,19.084123485454995,110.3735393381155,2379.963623046875,47.0,0.5858065485954285,4.0,2.0,0.7541161187446599,14.33852481842041,40.0,"{""type"":""Point"",""coordinates"":[110.37482587178053,19.085819427976784]}"
3486,0.0,27.0,458.0,36.1192626953125,266.0,18.702339489704194,109.41683356052818,2203.71240234375,48.0,5.556317329406738,4.0,1.0,0.5847796531448942,11.79822826385498,47.0,"{""type"":""Point"",""coordinates"":[109.4188903153403,18.701857648522918]}"
3487,0.0,19.0,12.0,6.546098232269287,12.0,19.735402066441644,109.385392525584,1972.650146484375,54.0,0.08368842303752899,2.0,3.0,0.7810948561012084,16.293106079101562,32.0,"{""type"":""Point"",""coordinates"":[109.38583759884082,19.737105292662022]}"
3488,0.0,23.0,139.0,14.226420402526855,112.0,19.4389580226822,109.24166208012491,2317.81494140625,57.0,0.8428981900215149,3.0,3.0,0.689499013361259,13.907500267028809,33.0,"{""type"":""Point"",""coordinates"":[109.23977145069635,19.43983800180358]}"
3489,0.0,30.0,146.0,28.653579711914062,50.0,18.890985699369296,109.00810010625383,1984.542724609375,41.0,4.288067817687988,12.0,2.0,0.6834485869317525,12.274608612060547,41.0,"{""type"":""Point"",""coordinates"":[109.0060764920905,18.890834342053214]}"
3490,0.0,25.0,195.0,34.60024642944336,118.0,19.286244424381884,109.91539854321451,2508.67333984375,53.0,3.157376766204834,3.0,3.0,0.665359098613751,12.550573348999023,38.0,"{""type"":""Point"",""coordinates"":[109.91518103339249,19.288316084489395]}"
3491,0.0,29.0,995.0,54.91864776611328,941.0,19.04819087409021,109.11589794034813,2366.662109375,48.0,17.24241828918457,7.0,2.0,0.5619912487388474,10.101960182189941,40.0,"{""type"":""Point"",""coordinates"":[109.11369712464703,19.04977342425766]}"
3492,0.0,24.0,26.0,10.127301216125488,25.0,18.760729983171963,110.21184258697394,2183.9365234375,51.0,0.41712287068367004,3.0,1.0,0.7068390947653801,14.678730964660645,48.0,"{""type"":""Point"",""coordinates"":[110.21328320041235,18.759951808780748]}"
3493,0.0,27.0,28.0,8.982131958007812,28.0,18.51818485645969,109.97378903668232,2051.551025390625,48.0,0.42730340361595154,3.0,1.0,0.7087730438121609,14.653456687927246,45.0,"{""type"":""Point"",""coordinates"":[109.97402202521464,18.519749653635852]}"
3494,0.0,28.0,37.0,12.06509780883789,35.0,19.793792559909413,110.45887929010684,2219.2353515625,44.0,0.7616696953773499,6.0,4.0,0.760390993295269,13.635110855102539,34.0,"{""type"":""Point"",""coordinates"":[110.45726900993817,19.795991135697967]}"
3495,0.0,29.0,816.0,44.94481658935547,737.0,18.63047426697463,109.49768193609896,2107.558837890625,42.0,12.644889831542969,7.0,1.0,0.5439482586899054,10.638751983642578,46.0,"{""type"":""Point"",""coordinates"":[109.49992482102128,18.62919712486909]}"
3496,0.0,29.0,896.0,21.382457733154297,860.0,18.760729983171963,108.89581069573887,1748.3607177734375,46.0,6.814056873321533,10.0,1.0,0.5386926892989845,11.179364204406738,46.0,"{""type"":""Point"",""coordinates"":[108.89405238080279,18.75964745904558]}"
3497,0.0,26.0,88.0,10.618145942687988,91.0,18.57657534992746,108.85538650795348,1696.260009765625,51.0,1.357450008392334,3.0,1.0,0.6104775709910277,13.461997032165527,45.0,"{""type"":""Point"",""coordinates"":[108.85366481749244,18.57507264436248]}"
3498,0.0,28.0,317.0,39.98832321166992,212.0,18.886494122948697,109.93785642531753,2361.087646484375,48.0,5.03208065032959,5.0,2.0,0.6088176861945971,12.001322746276855,46.0,"{""type"":""Point"",""coordinates"":[109.9377596814764,18.88494440000833]}"
3499,0.0,21.0,9.0,8.497291564941406,12.0,18.899968852210492,110.45887929010684,1983.33203125,51.0,0.3682614266872406,2.0,2.0,0.7319142818979517,14.7940092086792,43.0,"{""type"":""Point"",""coordinates"":[110.45773553756999,18.901458899005885]}"
3500,0.0,29.0,22.0,10.739710807800293,23.0,19.600654773823713,110.70591599323973,2260.121337890625,50.0,0.5863627195358276,6.0,3.0,0.7867903666257132,13.91013240814209,32.0,"{""type"":""Point"",""coordinates"":[110.70566350505351,19.602244578474505]}"
3501,0.0,25.0,25.0,6.811076641082764,25.0,19.820742018433002,110.71939072250149,1963.365234375,54.0,0.31020620465278625,4.0,4.0,0.7216936506268288,14.010525703430176,42.0,"{""type"":""Point"",""coordinates"":[110.72115248798231,19.820987360084033]}"
3502,0.0,30.0,291.0,15.557531356811523,185.0,18.84606993516332,109.0215748355156,2014.2178955078125,44.0,1.6676539182662964,8.0,2.0,0.6227471980627328,13.125988006591797,42.0,"{""type"":""Point"",""coordinates"":[109.02285247604624,18.847269587892917]}"
3503,0.0,29.0,24.0,5.901535511016846,18.0,19.789300983488815,110.75083175744567,1971.188232421875,47.0,0.0837034285068512,2.0,4.0,0.7381848474628144,15.322010040283203,40.0,"{""type"":""Point"",""coordinates"":[110.75127347276117,19.78859458628856]}"
3504,0.0,28.0,180.0,21.720409393310547,158.0,18.864036240845707,110.14896051708558,2121.096923828125,46.0,2.3574447631835938,4.0,2.0,0.6168275139632211,12.852773666381836,45.0,"{""type"":""Point"",""coordinates"":[110.14799666831962,18.862371153811377]}"
3505,0.0,27.0,224.0,31.0783748626709,184.0,18.90446042863109,108.90030227215948,1859.2220458984375,44.0,5.941525459289551,5.0,2.0,0.5922023960816606,11.896967887878418,44.0,"{""type"":""Point"",""coordinates"":[108.8993334313879,18.90259873267937]}"
3506,0.0,23.0,85.0,10.903406143188477,85.0,18.37445441100057,109.24166208012491,1818.0406494140625,55.0,1.1164436340332031,4.0,1.0,0.648341397350721,13.659317970275879,40.0,"{""type"":""Point"",""coordinates"":[109.243436042441,18.372756341625912]}"
3508,0.0,24.0,156.0,12.817872047424316,90.0,19.4434495991028,109.45725774831357,2530.707275390625,57.0,0.4592496454715729,4.0,3.0,0.7102588281982851,14.504207611083984,34.0,"{""type"":""Point"",""coordinates"":[109.45943129773744,19.441619346680426]}"
3509,0.0,29.0,187.0,30.060420989990234,143.0,18.558609044245074,109.57403873524913,2289.04443359375,43.0,3.1667659282684326,5.0,1.0,0.6103182893360746,12.552722930908203,48.0,"{""type"":""Point"",""coordinates"":[109.57327912803562,18.55979080210216]}"
3510,0.0,27.0,67.0,21.54170799255371,62.0,18.998783533463637,110.35557303243309,2256.33837890625,42.0,1.7761248350143433,4.0,2.0,0.6936261302432762,13.205578804016113,41.0,"{""type"":""Point"",""coordinates"":[110.35757772157464,18.996735572296764]}"
3511,0.0,25.0,492.0,38.51127624511719,478.0,18.639457419815827,108.94072645994487,1686.8045654296875,50.0,13.879279136657715,5.0,1.0,0.521542762921913,10.839449882507324,49.0,"{""type"":""Point"",""coordinates"":[108.9399309877904,18.63797288392986]}"
3512,0.0,25.0,45.0,21.560731887817383,43.0,18.99429195704304,110.3735393381155,2256.33837890625,48.0,1.7960638999938965,3.0,2.0,0.7197455098287949,13.207379341125488,40.0,"{""type"":""Point"",""coordinates"":[110.37313269504594,18.992232923603936]}"
3513,0.0,34.0,7.0,9.263093948364258,7.0,19.254803389437704,110.62506761766895,2145.01025390625,37.0,0.4177775979042053,4.0,2.0,0.7532069133306094,14.420287132263184,42.0,"{""type"":""Point"",""coordinates"":[110.62424926420323,19.25501604472795]}"
3514,0.0,33.0,17.0,15.366552352905273,17.0,19.933031428947942,109.83455016764378,2060.74951171875,38.0,1.5901297330856323,5.0,4.0,0.7594336213088102,13.075907707214355,36.0,"{""type"":""Point"",""coordinates"":[109.83519633788484,19.934036471743163]}"
3515,0.0,25.0,41.0,12.525390625,40.0,19.569213738879533,109.30005257359267,2200.006591796875,54.0,0.7676714658737183,2.0,3.0,0.7414326092639779,14.059978485107422,36.0,"{""type"":""Point"",""coordinates"":[109.29890957837381,19.56760887388685]}"
3516,0.0,25.0,183.0,10.332269668579102,46.0,18.702339489704194,109.22369577444249,1962.1627197265625,55.0,0.8294336795806885,3.0,1.0,0.6768388364407913,13.89594841003418,44.0,"{""type"":""Point"",""coordinates"":[109.22531659691161,18.703600934321862]}"
3517,0.0,30.0,92.0,22.468202590942383,51.0,18.648440572657023,109.65039553439925,2319.092041015625,41.0,1.8464035987854004,5.0,1.0,0.6863179202894549,13.151799201965332,46.0,"{""type"":""Point"",""coordinates"":[109.65086246171812,18.647619007372327]}"
3518,0.0,21.0,55.0,13.087050437927246,44.0,19.65455369087089,110.21184258697394,2417.25244140625,55.0,0.5162250995635986,4.0,3.0,0.7648450602079101,14.410171508789062,33.0,"{""type"":""Point"",""coordinates"":[110.21048467224563,19.655589332769686]}"
3519,0.0,23.0,41.0,11.136302947998047,44.0,18.57657534992746,108.79250443806512,1479.3214111328125,56.0,2.163146734237671,3.0,1.0,0.6545496841786203,13.023606300354004,44.0,"{""type"":""Point"",""coordinates"":[108.79461550042801,18.574678354084597]}"
3520,0.0,28.0,200.0,36.47330093383789,166.0,18.6888647604424,109.70878602786706,2412.17822265625,45.0,3.736948251724243,6.0,1.0,0.6150244632189158,12.378422737121582,48.0,"{""type"":""Point"",""coordinates"":[109.70821067436547,18.688816897988332]}"
3521,0.0,21.0,197.0,36.33553695678711,124.0,19.420991716999815,109.57853031166974,2483.901123046875,56.0,3.3405768871307373,3.0,3.0,0.6850907466443581,12.492765426635742,33.0,"{""type"":""Point"",""coordinates"":[109.57748090081965,19.419317684951558]}"
3522,0.0,25.0,500.0,102.92351531982422,463.0,18.760729983171963,109.92887327247632,2435.9326171875,48.0,23.865808486938477,5.0,1.0,0.5460972553866971,10.250566482543945,45.0,"{""type"":""Point"",""coordinates"":[109.929150461721,18.759989139151163]}"
3523,0.0,31.0,126.0,55.30141830444336,113.0,18.57657534992746,109.798617556279,2266.9189453125,41.0,8.413890838623047,5.0,1.0,0.6030418705124095,11.60758113861084,46.0,"{""type"":""Point"",""coordinates"":[109.79980901701478,18.576432012536024]}"
3524,0.0,33.0,118.0,12.61731243133545,114.0,19.60963792666491,109.4392914426312,2247.437744140625,44.0,0.7792226672172546,4.0,3.0,0.683262134011691,13.998994827270508,34.0,"{""type"":""Point"",""coordinates"":[109.43826416296892,19.610402182714537]}"
3525,0.0,31.0,47.0,13.742006301879883,42.0,19.344634917849653,110.44091298442447,2504.79345703125,39.0,0.5193130970001221,3.0,3.0,0.7409598569205809,14.42780876159668,40.0,"{""type"":""Point"",""coordinates"":[110.43930721248226,19.342504412609387]}"
3526,0.0,29.0,56.0,12.633169174194336,47.0,19.793792559909413,110.23879204549758,2381.837158203125,43.0,0.5867995619773865,8.0,4.0,0.7665978940435396,14.04314136505127,32.0,"{""type"":""Point"",""coordinates"":[110.24069939932123,19.79167960979813]}"
3527,0.0,27.0,93.0,14.144654273986816,92.0,19.847691476956584,110.1579436699268,2266.892333984375,43.0,0.9257465600967407,5.0,4.0,0.6993791143092579,13.557978630065918,33.0,"{""type"":""Point"",""coordinates"":[110.15664846572488,19.84899331842818]}"
3528,0.0,21.0,5.0,4.487778186798096,5.0,18.85954466442511,108.64877399260598,1274.56005859375,56.0,0.6249545216560364,2.0,2.0,0.6831114753819825,14.196730613708496,46.0,"{""type"":""Point"",""coordinates"":[108.65097394843968,18.85815303458752]}"
3529,0.0,24.0,40.0,6.989487171173096,40.0,18.527168009300887,109.9513311545793,2051.551025390625,53.0,0.1338983178138733,2.0,1.0,0.6995699405664462,15.806901931762695,44.0,"{""type"":""Point"",""coordinates"":[109.95119667229352,18.529015595718672]}"
3530,0.0,28.0,459.0,85.5668716430664,421.0,19.043699297669612,110.07260371793546,2561.3291015625,46.0,15.164899826049805,3.0,2.0,0.5757834776049278,10.772808074951172,46.0,"{""type"":""Point"",""coordinates"":[110.07292580130024,19.04298502440804]}"
3531,0.0,28.0,44.0,31.77004051208496,44.0,18.45979436299192,109.88395750827033,2007.1123046875,46.0,4.711870193481445,5.0,1.0,0.6819916915487572,12.241547584533691,43.0,"{""type"":""Point"",""coordinates"":[109.88337517271715,18.458290434490834]}"
3532,0.0,24.0,2.0,9.03466510772705,4.0,19.650062114450293,110.87659589722244,1919.7142333984375,45.0,0.812170684337616,2.0,3.0,0.7449816429846268,13.082351684570312,41.0,"{""type"":""Point"",""coordinates"":[110.87461348385831,19.649943561064795]}"
3533,0.0,27.0,25.0,9.6685209274292,26.0,19.38505910563503,108.77902970880336,1442.558837890625,46.0,1.7870928049087524,3.0,3.0,0.6789671854200093,13.224039077758789,43.0,"{""type"":""Point"",""coordinates"":[108.78121238397607,19.387296725430573]}"
3534,0.0,36.0,27.0,17.27496337890625,27.0,19.77133467780643,109.48420720683714,1940.4478759765625,42.0,2.233189582824707,4.0,4.0,0.7508599003353152,12.999856948852539,33.0,"{""type"":""Point"",""coordinates"":[109.48407819675309,19.771641007994152]}"
3535,0.0,23.0,35.0,10.118760108947754,35.0,18.8775109701075,108.73411394459737,1477.279296875,53.0,1.7907830476760864,2.0,2.0,0.6607543516022703,13.216167449951172,45.0,"{""type"":""Point"",""coordinates"":[108.73358085999234,18.87554728563002]}"
3536,0.0,27.0,433.0,51.253509521484375,368.0,18.998783533463637,109.99624691878529,2268.375244140625,48.0,9.011917114257812,4.0,2.0,0.5917522110109066,11.328598976135254,44.0,"{""type"":""Point"",""coordinates"":[109.99747395362799,19.00079358640339]}"
3537,0.0,21.0,29.0,5.982603073120117,29.0,19.084123485454995,108.70267290965319,1422.1533203125,57.0,0.767542839050293,2.0,2.0,0.6767231009913094,14.06713581085205,43.0,"{""type"":""Point"",""coordinates"":[108.70186987407683,19.08604124836817]}"
3538,0.0,27.0,364.0,28.108064651489258,211.0,18.783187865274954,109.37191779632224,2141.485107421875,50.0,3.8671584129333496,4.0,1.0,0.5971364014333641,12.232391357421875,46.0,"{""type"":""Point"",""coordinates"":[109.37052431650825,18.78397798368647]}"
3539,0.0,24.0,21.0,10.549633979797363,21.0,19.097598214716783,110.40048879663908,2344.2353515625,51.0,0.31143271923065186,4.0,2.0,0.7623950211334309,14.973828315734863,39.0,"{""type"":""Point"",""coordinates"":[110.40025877620532,19.095587853484727]}"
3540,0.0,29.0,319.0,18.0318546295166,271.0,18.666406878339416,109.0754737525628,1991.1480712890625,41.0,2.141129493713379,4.0,1.0,0.6015795172772788,12.856538772583008,45.0,"{""type"":""Point"",""coordinates"":[109.07542000694679,18.66590693955265]}"
3541,0.0,26.0,47.0,34.99197769165039,29.0,18.608016384871647,109.78963440343779,2286.3154296875,44.0,3.6496589183807373,4.0,1.0,0.707985060657837,12.496145248413086,45.0,"{""type"":""Point"",""coordinates"":[109.7905968192327,18.605858421956427]}"
3542,0.0,27.0,29.0,9.694977760314941,13.0,19.726418913600448,110.06811214151486,2454.400634765625,46.0,0.13469535112380981,4.0,3.0,0.8093278371452518,15.807372093200684,32.0,"{""type"":""Point"",""coordinates"":[110.06726830512747,19.724679692169236]}"
3543,0.0,23.0,162.0,16.835979461669922,66.0,19.322177035746662,109.33598518495745,2455.494873046875,53.0,0.9136875867843628,4.0,3.0,0.7165640642819466,13.812482833862305,37.0,"{""type"":""Point"",""coordinates"":[109.33431035667043,19.321629702273622]}"
3544,0.0,22.0,49.0,6.266510963439941,47.0,19.138022402502166,108.80597916732694,1666.1102294921875,57.0,0.4402107894420624,2.0,2.0,0.689070512782239,14.611440658569336,39.0,"{""type"":""Point"",""coordinates"":[108.80673264783276,19.137353006748434]}"
3545,0.0,28.0,669.0,59.9325065612793,651.0,19.304210730064277,109.09793163466577,2287.350830078125,48.0,14.455825805664062,6.0,3.0,0.5911333745581676,10.645665168762207,38.0,"{""type"":""Point"",""coordinates"":[109.09831636675304,19.306258170722426]}"
3546,0.0,28.0,578.0,63.26783752441406,448.0,19.209887625231723,109.77615967417603,2572.776123046875,41.0,9.454345703125,8.0,2.0,0.6274591384626482,11.163375854492188,38.0,"{""type"":""Point"",""coordinates"":[109.77689362976251,19.21101637201328]}"
3547,0.0,26.0,49.0,34.03184127807617,49.0,18.40589544594475,109.01259168267438,1779.36962890625,47.0,7.140837669372559,4.0,1.0,0.6637173790379334,11.819931983947754,41.0,"{""type"":""Point"",""coordinates"":[109.01099219641628,18.40390415631309]}"
3548,0.0,32.0,52.0,32.1922721862793,51.0,18.608016384871647,110.01870480088826,2144.2236328125,41.0,4.118986129760742,5.0,1.0,0.6702204935737641,12.37186336517334,46.0,"{""type"":""Point"",""coordinates"":[110.01684723145932,18.6073860065964]}"
3549,0.0,36.0,119.0,11.649731636047363,98.0,19.52429797467356,110.19836785771219,2405.9716796875,38.0,0.4594467878341675,5.0,3.0,0.6836206682801039,14.526697158813477,37.0,"{""type"":""Point"",""coordinates"":[110.19713887122181,19.522119479446015]}"
3550,0.0,27.0,34.0,16.956371307373047,34.0,19.870149359059575,109.83005859122318,2115.9169921875,49.0,1.5232999324798584,2.0,4.0,0.7493791412254219,13.378613471984863,34.0,"{""type"":""Point"",""coordinates"":[109.82941968181738,19.86962801688388]}"
3551,0.0,21.0,22.0,6.340489387512207,19.0,19.820742018433002,110.84964643869881,1842.764892578125,56.0,0.38974255323410034,3.0,4.0,0.698046262534116,13.372998237609863,47.0,"{""type"":""Point"",""coordinates"":[110.85024886743257,19.8201062429081]}"
3552,0.0,23.0,107.0,15.083952903747559,107.0,19.38505910563503,108.8733528136359,1749.0107421875,56.0,2.236725330352783,3.0,3.0,0.6171752740789134,12.950786590576172,41.0,"{""type"":""Point"",""coordinates"":[108.8730770501303,19.38464690748659]}"
3553,0.0,30.0,126.0,19.30930519104004,110.0,19.452432751943995,110.4813371722098,2380.862060546875,39.0,1.5046443939208984,5.0,3.0,0.661800174026633,13.055168151855469,40.0,"{""type"":""Point"",""coordinates"":[110.48301985229331,19.454404588451634]}"
3554,0.0,27.0,35.0,11.20639705657959,35.0,18.594541655609852,110.04565425941183,2092.2900390625,42.0,0.6471959948539734,3.0,1.0,0.6975962405209839,14.234209060668945,46.0,"{""type"":""Point"",""coordinates"":[110.04341366804469,18.59610589575269]}"
3555,0.0,30.0,27.0,15.362472534179688,27.0,19.847691476956584,110.3690477616949,2227.774658203125,38.0,1.1702946424484253,8.0,4.0,0.7657196305090496,13.356590270996094,35.0,"{""type"":""Point"",""coordinates"":[110.36695794040058,19.84899681509502]}"
3556,0.0,26.0,11.0,5.256683349609375,13.0,19.69048630223567,110.96642742563438,1719.0740966796875,50.0,0.2983188033103943,3.0,3.0,0.7026677313949821,13.665188789367676,46.0,"{""type"":""Point"",""coordinates"":[110.96445436962017,19.690925554382762]}"
3557,0.0,23.0,63.0,10.797521591186523,32.0,19.483873786888182,110.31065726822715,2390.966064453125,52.0,0.2931798994541168,3.0,3.0,0.7586029477096666,15.009664535522461,37.0,"{""type"":""Point"",""coordinates"":[110.30977618709616,19.483599451019924]}"
3558,0.0,31.0,187.0,33.74197006225586,168.0,18.482252245094912,109.58751346451089,2144.568603515625,41.0,4.630153179168701,5.0,1.0,0.6058574942257067,12.171683311462402,46.0,"{""type"":""Point"",""coordinates"":[109.589719138335,18.48144042650542]}"
3559,0.0,24.0,40.0,12.683149337768555,32.0,19.681503149394473,110.41396352590084,2380.733154296875,52.0,0.5866393446922302,4.0,3.0,0.7812103778381836,14.055778503417969,32.0,"{""type"":""Point"",""coordinates"":[110.41385429423357,19.68245960643153]}"
3560,0.0,27.0,437.0,77.42369842529297,416.0,19.147005555343355,109.05301587045977,2317.00634765625,50.0,17.370641708374023,5.0,2.0,0.5821268703363093,10.646309852600098,41.0,"{""type"":""Point"",""coordinates"":[109.05267626629181,19.14550154525166]}"
3561,0.0,27.0,57.0,17.34659767150879,41.0,19.641078961609097,110.50379505431283,2372.656005859375,42.0,1.1726154088974,3.0,3.0,0.7619940462228025,13.349949836730957,33.0,"{""type"":""Point"",""coordinates"":[110.50584907360587,19.639823674627714]}"
3562,0.0,23.0,36.0,9.038519859313965,35.0,19.57370531530013,109.29106942075146,2135.86328125,53.0,0.3252868056297302,2.0,3.0,0.745204513575343,14.921600341796875,36.0,"{""type"":""Point"",""coordinates"":[109.29183355050662,19.571986408755986]}"
3563,0.0,23.0,37.0,14.550010681152344,23.0,19.694977878656267,110.15345209350619,2435.576416015625,51.0,0.6494404077529907,3.0,3.0,0.8023591805396666,14.201793670654297,30.0,"{""type"":""Point"",""coordinates"":[110.15529606942458,19.695224345453553]}"
3564,0.0,28.0,7.0,5.461215019226074,8.0,19.986930345995113,110.74184860460451,1819.77197265625,40.0,0.12207194417715073,2.0,4.0,0.7098906645362927,14.56763744354248,47.0,"{""type"":""Point"",""coordinates"":[110.74363152116338,19.987874935733217]}"
3565,0.0,27.0,118.0,13.596220016479492,61.0,19.60514635024431,109.74022706281124,2344.997802734375,46.0,0.6800330877304077,4.0,3.0,0.7370895156517457,14.135165214538574,33.0,"{""type"":""Point"",""coordinates"":[109.73919521330464,19.60297534960918]}"
3566,0.0,26.0,180.0,44.389774322509766,99.0,19.290736000802482,110.01870480088826,2505.67822265625,52.0,4.7038702964782715,4.0,3.0,0.6619580438574585,12.160280227661133,38.0,"{""type"":""Point"",""coordinates"":[110.01812934023428,19.291584751033607]}"
3567,0.0,29.0,25.0,15.85185432434082,27.0,19.052682450510808,110.44540456084502,2344.2353515625,42.0,0.9355576038360596,3.0,2.0,0.7475769354560805,13.85218334197998,40.0,"{""type"":""Point"",""coordinates"":[110.44574811257762,19.05161534923902]}"
3568,0.0,22.0,22.0,5.670959949493408,22.0,18.841578358742723,108.69818133323258,1411.12451171875,52.0,0.668171226978302,2.0,2.0,0.6845667992464,14.209854125976562,43.0,"{""type"":""Point"",""coordinates"":[108.69687896342306,18.841984921291886]}"
3569,0.0,25.0,15.0,12.109207153320312,15.0,19.12903924966097,110.41845510232145,2398.890869140625,50.0,0.4401884973049164,3.0,2.0,0.7669561787267827,14.631258964538574,40.0,"{""type"":""Point"",""coordinates"":[110.42048860317179,19.128498326944197]}"
3570,0.0,27.0,165.0,63.175819396972656,160.0,18.482252245094912,109.63242922871689,2237.040283203125,48.0,11.044768333435059,4.0,1.0,0.5942479384281826,11.305960655212402,45.0,"{""type"":""Point"",""coordinates"":[109.63261801104451,18.483694144986277]}"
3571,0.0,24.0,69.0,15.48277759552002,69.0,19.83421674769479,110.07260371793546,2373.684326171875,49.0,0.9348722696304321,3.0,4.0,0.7267624323060385,13.567200660705566,34.0,"{""type"":""Point"",""coordinates"":[110.07086796847997,19.83428567927751]}"
3572,0.0,23.0,6.0,6.971132755279541,9.0,18.751746830330767,110.40498037305969,1954.4813232421875,49.0,0.18242958188056946,2.0,1.0,0.7122276564557448,15.498201370239258,48.0,"{""type"":""Point"",""coordinates"":[110.40710278413903,18.752934956458905]}"
3573,0.0,28.0,38.0,10.733439445495605,38.0,19.793792559909413,110.55769397135998,2197.389404296875,40.0,0.5476599931716919,5.0,4.0,0.7423976861052508,13.964096069335938,37.0,"{""type"":""Point"",""coordinates"":[110.55831112513793,19.79498693638682]}"
3574,0.0,27.0,69.0,17.36358070373535,64.0,18.980817227781245,110.32862357390951,2259.705322265625,43.0,1.2285630702972412,4.0,2.0,0.6893243092649981,13.57314682006836,42.0,"{""type"":""Point"",""coordinates"":[110.32745634779486,18.98118479328478]}"
3575,0.0,30.0,31.0,11.129324913024902,31.0,19.645570538029695,110.6879496875573,2329.546875,45.0,0.5167214870452881,5.0,3.0,0.7720871813345203,14.028542518615723,34.0,"{""type"":""Point"",""coordinates"":[110.6869137924306,19.644416487294166]}"
3576,0.0,25.0,178.0,33.14780807495117,178.0,19.371584376373235,108.85089493153288,1749.0107421875,53.0,8.060906410217285,4.0,3.0,0.5906939714888905,11.61853313446045,42.0,"{""type"":""Point"",""coordinates"":[108.85190087859596,19.37291407513028]}"
3577,0.0,24.0,82.0,11.271577835083008,68.0,19.735402066441644,109.93336484889693,2361.642822265625,52.0,0.3896965980529785,3.0,3.0,0.7286097055518934,14.713762283325195,34.0,"{""type"":""Point"",""coordinates"":[109.93558211868655,19.734030907107314]}"
3578,0.0,32.0,115.0,13.54336929321289,112.0,19.614129503085508,109.4392914426312,2247.437744140625,43.0,0.8689083456993103,4.0,3.0,0.6830200827106939,13.891873359680176,34.0,"{""type"":""Point"",""coordinates"":[109.43887534449725,19.613647425172246]}"
3579,0.0,26.0,83.0,13.365521430969238,81.0,19.614129503085508,109.41683356052818,2247.437744140625,50.0,0.7932732105255127,4.0,3.0,0.7063327776856556,14.002315521240234,34.0,"{""type"":""Point"",""coordinates"":[109.41597467019106,19.613021158958393]}"
3580,0.0,26.0,68.0,64.27698516845703,65.0,19.223362354493517,110.3645561852743,2565.28466796875,51.0,7.3765082359313965,3.0,2.0,0.7030140308958086,11.77589225769043,37.0,"{""type"":""Point"",""coordinates"":[110.36618992946498,19.221794382551295]}"
3581,0.0,29.0,196.0,23.826627731323242,79.0,18.71581421896599,109.0709821761422,1968.15234375,43.0,3.3591818809509277,4.0,1.0,0.6312351339971677,12.487841606140137,44.0,"{""type"":""Point"",""coordinates"":[109.07134902018528,18.717883023821013]}"
3582,0.0,25.0,18.0,7.532119274139404,20.0,19.65455369087089,110.92600323784899,1783.1656494140625,47.0,0.7938355803489685,4.0,3.0,0.7152034909595978,12.981884002685547,42.0,"{""type"":""Point"",""coordinates"":[110.9243594930854,19.65367208427454]}"
3583,0.0,26.0,661.0,59.75582504272461,553.0,18.832595205901526,109.73124390997003,2252.894775390625,46.0,14.047431945800781,5.0,2.0,0.5586960767732716,10.682899475097656,45.0,"{""type"":""Point"",""coordinates"":[109.73154873083092,18.833219533674022]}"
3584,0.0,24.0,5.0,5.186854362487793,5.0,19.510823245411764,108.94521803636547,1633.6378173828125,51.0,0.22943836450576782,4.0,3.0,0.7431350365484245,15.288582801818848,38.0,"{""type"":""Point"",""coordinates"":[108.94402096584487,19.51118570239078]}"
3585,0.0,25.0,46.0,27.272056579589844,46.0,18.356488105318178,109.4347998662106,2017.27685546875,49.0,3.584364414215088,4.0,0.0,0.6922051120244925,12.51483154296875,41.0,"{""type"":""Point"",""coordinates"":[109.43282666175799,18.3571270583393]}"
3586,0.0,22.0,133.0,12.688539505004883,117.0,19.546755856776542,109.45725774831357,2394.724853515625,58.0,0.5507879257202148,4.0,3.0,0.6830873201946791,14.336750984191895,36.0,"{""type"":""Point"",""coordinates"":[109.45889498439686,19.547203935337773]}"
3587,0.0,27.0,678.0,40.994049072265625,474.0,18.85954466442511,109.58751346451089,2170.943115234375,48.0,8.616652488708496,6.0,2.0,0.5709073100126699,11.168682098388672,45.0,"{""type"":""Point"",""coordinates"":[109.58642574400443,18.859825639739945]}"
3588,0.0,21.0,40.0,15.515828132629395,26.0,19.60963792666491,110.18938470487097,2372.288818359375,53.0,0.8053854703903198,3.0,3.0,0.7721121290955648,14.012598037719727,35.0,"{""type"":""Point"",""coordinates"":[110.1913678776722,19.607658419851596]}"
3589,0.0,25.0,65.0,11.883917808532715,57.0,18.616999537712843,109.91090696679396,2214.982177734375,47.0,0.5940420627593994,4.0,1.0,0.6795949646342772,14.302288055419922,46.0,"{""type"":""Point"",""coordinates"":[109.91246637515563,18.615775519131855]}"
3590,0.0,23.0,36.0,16.937026977539062,28.0,19.672519996553277,110.35108145601248,2371.708740234375,53.0,1.1486601829528809,2.0,3.0,0.7815301839583364,13.38680648803711,32.0,"{""type"":""Point"",""coordinates"":[110.34937048422324,19.672990104034547]}"
3591,0.0,28.0,517.0,21.70381736755371,366.0,18.819120476639732,109.35395149063982,2193.29296875,48.0,2.533665180206299,6.0,1.0,0.597087203033825,12.539319038391113,46.0,"{""type"":""Point"",""coordinates"":[109.35177689126076,18.819991103425334]}"
3592,0.0,25.0,30.0,10.496392250061035,33.0,18.908952005051688,110.40048879663908,2133.727294921875,50.0,0.5302751064300537,3.0,2.0,0.7164647730160906,14.436384201049805,43.0,"{""type"":""Point"",""coordinates"":[110.40069370134186,18.910692636295035]}"
3593,0.0,27.0,98.0,33.025001525878906,98.0,18.26216500048563,109.53810612388435,1847.343505859375,49.0,6.537399768829346,4.0,0.0,0.6210467620505972,11.879871368408203,39.0,"{""type"":""Point"",""coordinates"":[109.53605775133244,18.26309288247707]}"
3594,0.0,26.0,360.0,23.542043685913086,352.0,18.51818485645969,109.19225473949831,1905.2071533203125,53.0,4.116344928741455,4.0,1.0,0.592086541314481,12.17262077331543,44.0,"{""type"":""Point"",""coordinates"":[109.19049968553178,18.519114363370946]}"
3595,0.0,27.0,8.0,7.42313814163208,8.0,19.955489311050925,110.40048879663908,2061.82275390625,41.0,0.2109660655260086,3.0,4.0,0.7559667120503738,14.481941223144531,40.0,"{""type"":""Point"",""coordinates"":[110.40195071424743,19.95524671937539]}"
3596,0.0,28.0,405.0,54.993370056152344,372.0,18.74276367748957,109.96929746026171,2299.428955078125,47.0,9.632070541381836,7.0,1.0,0.5863685178449749,11.281866073608398,46.0,"{""type"":""Point"",""coordinates"":[109.9683595787261,18.74131185210041]}"
3597,0.0,27.0,27.0,13.385882377624512,26.0,19.57819689172073,110.66998338187494,2307.919677734375,47.0,0.8390897512435913,5.0,3.0,0.7885905488479557,13.547262191772461,31.0,"{""type"":""Point"",""coordinates"":[110.66823431704228,19.57632323303264]}"
3598,0.0,30.0,356.0,43.713138580322266,233.0,18.922426734313476,109.88395750827033,2317.205322265625,40.0,6.025716304779053,4.0,2.0,0.5996795892955894,11.792445182800293,46.0,"{""type"":""Point"",""coordinates"":[109.88357389942654,18.921680439679275]}"
3599,0.0,27.0,2.0,5.791398048400879,3.0,20.031846110201087,110.42743825516266,1905.899658203125,40.0,0.057359881699085236,3.0,4.0,0.7485651979846693,15.732784271240234,41.0,"{""type"":""Point"",""coordinates"":[110.42592079561175,20.032620230843598]}"
3600,0.0,32.0,160.0,10.738643646240234,33.0,18.73378052464838,109.0754737525628,1968.15234375,39.0,0.8387297987937927,4.0,1.0,0.6981446909764073,13.899353981018066,43.0,"{""type"":""Point"",""coordinates"":[109.07355311452723,18.7353252490537]}"
3601,0.0,25.0,86.0,10.449173927307129,80.0,19.52429797467356,109.36293464348103,2330.65966796875,53.0,0.34949466586112976,3.0,3.0,0.7000656126561421,14.820247650146484,37.0,"{""type"":""Point"",""coordinates"":[109.36284219076057,19.522877877373368]}"
3602,0.0,29.0,196.0,53.100791931152344,187.0,18.57657534992746,109.86149962616736,2243.644287109375,42.0,8.243524551391602,4.0,1.0,0.6063420024046449,11.58432388305664,44.0,"{""type"":""Point"",""coordinates"":[109.86116648978452,18.577391213880077]}"
3604,0.0,27.0,21.0,6.499093055725098,22.0,19.811758865591806,109.21920419802188,1638.95068359375,43.0,0.48773664236068726,3.0,4.0,0.7441385458459591,14.525221824645996,33.0,"{""type"":""Point"",""coordinates"":[109.21728695540966,19.811597350961968]}"
3605,0.0,35.0,58.0,12.016949653625488,57.0,19.596163197403122,109.34496833779866,2200.006591796875,39.0,0.7290470004081726,3.0,3.0,0.7268878787708015,14.10162353515625,35.0,"{""type"":""Point"",""coordinates"":[109.3453086426195,19.594718420858094]}"
3606,0.0,22.0,12.0,6.993924140930176,12.0,18.46428593941252,109.98277218952347,1899.7474365234375,54.0,0.25936371088027954,2.0,1.0,0.7182836239032633,15.161969184875488,45.0,"{""type"":""Point"",""coordinates"":[109.9848380477587,18.464185391361102]}"
3607,0.0,33.0,722.0,53.78192138671875,668.0,18.98980038062244,109.09793163466577,2232.802734375,39.0,13.631205558776855,7.0,2.0,0.584193809620314,10.656643867492676,39.0,"{""type"":""Point"",""coordinates"":[109.09935136028493,18.991084081255405]}"
3608,0.0,23.0,76.0,19.191608428955078,35.0,19.677011572973875,109.77615967417603,2346.495849609375,53.0,1.3360986709594727,3.0,3.0,0.7650593877708531,13.485042572021484,33.0,"{""type"":""Point"",""coordinates"":[109.7776089438449,19.677931086630203]}"
3609,0.0,24.0,8.0,5.9649739265441895,9.0,19.955489311050925,110.70142441681912,1819.77197265625,45.0,0.25074291229248047,4.0,4.0,0.7142140984534261,13.845600128173828,46.0,"{""type"":""Point"",""coordinates"":[110.69985403856471,19.9543444140762]}"
3610,0.0,24.0,170.0,24.312101364135742,150.0,18.85056151158392,110.17590997560922,2240.729736328125,49.0,2.3026835918426514,4.0,2.0,0.6199443663919072,12.882643699645996,46.0,"{""type"":""Point"",""coordinates"":[110.17489373596804,18.851044164935995]}"
3611,0.0,25.0,24.0,17.118488311767578,15.0,19.66353684371208,110.22980889265637,2417.25244140625,48.0,0.9668814539909363,4.0,3.0,0.8014167006111267,13.801376342773438,32.0,"{""type"":""Point"",""coordinates"":[110.2280982401677,19.661789997444576]}"
3612,0.0,21.0,30.0,9.552242279052734,32.0,19.730910490021046,110.84964643869881,2053.818603515625,55.0,0.7292008996009827,4.0,3.0,0.7175470698825858,13.148140907287598,42.0,"{""type"":""Point"",""coordinates"":[110.84934320175846,19.73258994389678]}"
3613,0.0,22.0,99.0,24.078638076782227,61.0,19.546755856776542,109.87048277900857,2484.549072265625,53.0,1.6373803615570068,4.0,3.0,0.7244056087461371,13.267788887023926,37.0,"{""type"":""Point"",""coordinates"":[109.87182525766255,19.5461795139761]}"
3614,0.0,24.0,38.0,7.899008750915527,39.0,19.317685459326064,108.73860552101797,1495.552490234375,55.0,1.181658148765564,2.0,3.0,0.6814722075232046,13.63033676147461,40.0,"{""type"":""Point"",""coordinates"":[108.73777842500802,19.319429260403908]}"
3615,0.0,29.0,254.0,71.77197265625,254.0,18.52267643288029,109.82107543838197,2219.58642578125,46.0,15.022544860839844,5.0,1.0,0.5766855252001073,10.929856300354004,45.0,"{""type"":""Point"",""coordinates"":[109.82281414706513,18.522101147336027]}"
3616,0.0,20.0,13.0,2.508127212524414,13.0,19.084123485454995,108.64428241618543,1104.112060546875,57.0,0.18246965110301971,2.0,2.0,0.6691841977140333,15.513045310974121,45.0,"{""type"":""Point"",""coordinates"":[108.64488582929955,19.085780401940085]}"
3617,0.0,29.0,64.0,19.536775588989258,26.0,19.52429797467356,109.96480588384111,2510.52392578125,44.0,1.1358296871185303,4.0,3.0,0.7737505215918109,13.654617309570312,36.0,"{""type"":""Point"",""coordinates"":[109.96449985190587,19.525332584821182]}"
3618,0.0,27.0,714.0,55.316322326660156,559.0,18.6888647604424,109.34047676137806,2082.710693359375,50.0,17.645286560058594,5.0,1.0,0.5325778058970734,10.393060684204102,46.0,"{""type"":""Point"",""coordinates"":[109.34192940157462,18.6867732504197]}"
3619,0.0,30.0,10.0,10.88424015045166,10.0,19.317685459326064,110.62955919408955,2182.517822265625,41.0,0.5863186717033386,6.0,3.0,0.7660420884993042,14.079105377197266,39.0,"{""type"":""Point"",""coordinates"":[110.63098259414559,19.31799523824186]}"
3620,0.0,29.0,68.0,39.01876449584961,53.0,19.052682450510808,110.23879204549758,2492.645751953125,40.0,3.493623733520508,4.0,2.0,0.6966934079039581,12.527559280395508,44.0,"{""type"":""Point"",""coordinates"":[110.23854615138475,19.05309006731442]}"
3621,0.0,27.0,34.0,13.704643249511719,25.0,19.618621079506106,110.35557303243309,2344.37939453125,48.0,0.7849566340446472,3.0,3.0,0.76787929204008,13.76913070678711,36.0,"{""type"":""Point"",""coordinates"":[110.35766125277115,19.620860379889486]}"
3622,0.0,26.0,36.0,14.674500465393066,32.0,19.263786542278893,108.84191177869172,1699.705322265625,52.0,2.300388813018799,2.0,2.0,0.6888186117490603,12.964947700500488,42.0,"{""type"":""Point"",""coordinates"":[108.8407826750011,19.263778691728593]}"
3623,0.0,28.0,63.0,17.81501579284668,42.0,19.57819689172073,110.13997736424443,2478.219970703125,48.0,1.0218969583511353,4.0,3.0,0.7635932063591419,13.760937690734863,34.0,"{""type"":""Point"",""coordinates"":[110.13847321579715,19.57837634564289]}"
3624,0.0,25.0,230.0,45.611358642578125,171.0,19.084123485454995,109.94683957815869,2314.9736328125,47.0,5.868077278137207,4.0,2.0,0.6206203417940069,11.905560493469238,43.0,"{""type"":""Point"",""coordinates"":[109.94633123575136,19.085822347735416]}"
3625,0.0,23.0,145.0,64.44371795654297,116.0,19.488365363308773,110.1624352463474,2474.58447265625,53.0,8.22442626953125,4.0,3.0,0.6523833404465736,11.618926048278809,37.0,"{""type"":""Point"",""coordinates"":[110.16195571391658,19.49026060051086]}"
3626,0.0,24.0,228.0,19.6141300201416,107.0,19.043699297669612,109.87048277900857,2272.455078125,51.0,1.6068017482757568,4.0,2.0,0.643306928382276,13.205397605895996,41.0,"{""type"":""Point"",""coordinates"":[109.87014071241795,19.044506161219065]}"
3627,0.0,23.0,1317.0,38.07149124145508,1227.0,19.079631909034397,109.17428843381595,2315.17333984375,49.0,16.35703468322754,13.0,2.0,0.5448663259063662,9.603804588317871,41.0,"{""type"":""Point"",""coordinates"":[109.17497018094096,19.078068602951532]}"
3628,0.0,29.0,25.0,11.29112434387207,22.0,19.753368372124037,110.3241319974889,2254.10302734375,46.0,0.5867417454719543,4.0,4.0,0.7946287188042739,14.067059516906738,30.0,"{""type"":""Point"",""coordinates"":[110.3237220379955,19.754325994117718]}"
3629,0.0,28.0,268.0,15.50284194946289,146.0,18.805645747377937,109.90192381395275,2275.58984375,43.0,1.0442664623260498,4.0,1.0,0.6344449945200799,13.609883308410645,43.0,"{""type"":""Point"",""coordinates"":[109.90300648563965,18.806814324580063]}"
3630,0.0,28.0,29.0,9.345013618469238,27.0,19.793792559909413,110.40947194948029,2310.51513671875,42.0,0.21588681638240814,6.0,4.0,0.777360347341611,15.063878059387207,34.0,"{""type"":""Point"",""coordinates"":[110.41044513998895,19.793005315620167]}"
3631,0.0,28.0,255.0,41.0390739440918,152.0,18.864036240845707,109.99175534236468,2292.61376953125,49.0,5.578201770782471,4.0,2.0,0.6060953726031841,11.939997673034668,46.0,"{""type"":""Point"",""coordinates"":[109.99049573542298,18.864198938194583]}"
3632,0.0,30.0,25.0,6.588066101074219,26.0,19.80277571275061,109.2326789272837,1638.95068359375,38.0,0.5141597390174866,3.0,4.0,0.7393621737980155,14.470147132873535,33.0,"{""type"":""Point"",""coordinates"":[109.23384455012736,19.80224899849405]}"
3633,0.0,25.0,171.0,18.858057022094727,113.0,19.46590748120579,109.53361454746374,2466.86962890625,53.0,1.1871607303619385,4.0,3.0,0.6866971694390869,13.544917106628418,35.0,"{""type"":""Point"",""coordinates"":[109.53558407942307,19.464890478666543]}"
3634,0.0,37.0,91.0,10.256848335266113,66.0,19.757859948544635,109.76268494491421,2193.064697265625,37.0,0.5140599012374878,5.0,4.0,0.7212702212899113,14.431375503540039,34.0,"{""type"":""Point"",""coordinates"":[109.76482601518758,19.759158362284793]}"
3635,0.0,33.0,649.0,52.39793395996094,536.0,18.922426734313476,109.09344005824516,2034.9632568359375,41.0,16.405061721801758,7.0,2.0,0.5610572956507435,10.531148910522461,41.0,"{""type"":""Point"",""coordinates"":[109.09414563267907,18.923393694005046]}"
3636,0.0,26.0,48.0,19.517065048217773,40.0,19.71743576075925,110.47235401936865,2324.4462890625,48.0,1.6338915824890137,5.0,3.0,0.7605450167645116,13.025070190429688,33.0,"{""type"":""Point"",""coordinates"":[110.47260795568499,19.715703207824284]}"
3637,0.0,26.0,215.0,21.823596954345703,75.0,18.79217101811615,109.28208626791024,2020.6241455078125,51.0,2.805332660675049,4.0,1.0,0.6395583921642073,12.656078338623047,44.0,"{""type"":""Point"",""coordinates"":[109.28378355614174,18.7939487170373]}"
3638,0.0,22.0,38.0,11.317962646484375,29.0,19.60514635024431,110.3151488446477,2373.91259765625,54.0,0.36980941891670227,4.0,3.0,0.7628626897426131,14.754096031188965,37.0,"{""type"":""Point"",""coordinates"":[110.31396235916529,19.605442369126283]}"
3639,0.0,25.0,215.0,31.53741455078125,104.0,19.030224568407817,109.92438169605572,2268.03173828125,50.0,3.5284218788146973,4.0,2.0,0.6319975376793605,12.426283836364746,42.0,"{""type"":""Point"",""coordinates"":[109.92345155878024,19.032040871742]}"
3640,0.0,26.0,671.0,78.97881317138672,518.0,19.151497131763954,109.77615967417603,2563.0400390625,48.0,15.806099891662598,5.0,2.0,0.581942743699792,10.550230026245117,42.0,"{""type"":""Point"",""coordinates"":[109.7773337927125,19.15351330843339]}"
3641,0.0,30.0,32.0,18.70501708984375,23.0,19.757859948544635,110.23879204549758,2381.837158203125,41.0,1.393938660621643,4.0,4.0,0.7839963993270652,13.196264266967773,33.0,"{""type"":""Point"",""coordinates"":[110.23992561910218,19.758578523982447]}"
3642,0.0,26.0,32.0,12.099990844726562,14.0,19.71294418433866,110.03217953015007,2453.1875,42.0,0.3495071232318878,4.0,3.0,0.8024473654768108,14.852110862731934,33.0,"{""type"":""Point"",""coordinates"":[110.03171956880261,19.713440697616086]}"
3643,0.0,27.0,82.0,13.822247505187988,52.0,19.57370531530013,110.05014583583244,2497.172119140625,46.0,0.530387818813324,4.0,3.0,0.754580037575475,14.405508995056152,34.0,"{""type"":""Point"",""coordinates"":[110.04982093825465,19.571799244397372]}"
3644,0.0,24.0,157.0,24.852901458740234,71.0,19.389550682055628,109.38090094916339,2479.98681640625,56.0,1.9213387966156006,4.0,3.0,0.7263372060475036,13.072044372558594,33.0,"{""type"":""Point"",""coordinates"":[109.37970123526343,19.387839768836987]}"
3645,0.0,21.0,43.0,20.514806747436523,43.0,18.3205554939534,109.17428843381595,1675.2684326171875,58.0,3.8986546993255615,3.0,0.0,0.68348573786306,12.432299613952637,39.0,"{""type"":""Point"",""coordinates"":[109.17629070273246,18.322337693314587]}"
3646,0.0,22.0,37.0,12.693572998046875,28.0,19.60514635024431,110.40498037305969,2387.16796875,53.0,0.5506730079650879,4.0,3.0,0.7685459428958475,14.121354103088379,36.0,"{""type"":""Point"",""coordinates"":[110.40527742950334,19.60495271403874]}"
3647,0.0,25.0,73.0,17.303253173828125,71.0,19.55124743319714,109.31801887927503,2200.006591796875,51.0,1.388424277305603,3.0,3.0,0.6987146823121761,13.448400497436523,37.0,"{""type"":""Point"",""coordinates"":[109.3173184150805,19.55272318370823]}"
3648,0.0,31.0,373.0,49.321868896484375,217.0,18.805645747377937,109.3898841020046,2193.29296875,46.0,9.493691444396973,5.0,1.0,0.5908016449856929,11.320087432861328,44.0,"{""type"":""Point"",""coordinates"":[109.3893307496385,18.805950156680687]}"
3649,0.0,25.0,62.0,13.244670867919922,62.0,19.52429797467356,109.1877631630777,2060.4052734375,51.0,1.0483800172805786,2.0,3.0,0.7151104443837296,13.73593807220459,34.0,"{""type"":""Point"",""coordinates"":[109.18638413276196,19.525760361502673]}"
3650,0.0,27.0,153.0,26.5506649017334,118.0,18.917935157892877,110.12650263498261,2168.944091796875,49.0,3.0522639751434326,4.0,2.0,0.6231031520896343,12.611115455627441,44.0,"{""type"":""Point"",""coordinates"":[110.12729892720319,18.919299526051912]}"
3651,0.0,30.0,504.0,51.911808013916016,459.0,18.62598269055404,109.58751346451089,2291.134033203125,46.0,9.825380325317383,4.0,1.0,0.5821750854592074,11.185270309448242,45.0,"{""type"":""Point"",""coordinates"":[109.58861440429013,18.62522646745187]}"
3652,0.0,23.0,10.0,5.4603424072265625,9.0,18.477760668674314,108.89581069573887,1578.17626953125,49.0,0.333407998085022,2.0,1.0,0.7153816515759223,14.911977767944336,42.0,"{""type"":""Point"",""coordinates"":[108.89606527119375,18.47877073386557]}"
3653,0.0,27.0,6.0,9.605857849121094,7.0,19.88811566474196,110.58913500630416,2078.047607421875,42.0,0.6699091792106628,3.0,4.0,0.747695694562678,13.269050598144531,42.0,"{""type"":""Point"",""coordinates"":[110.59008440519415,19.887910164994697]}"
3654,0.0,28.0,160.0,43.84123611450195,55.0,18.91344358147228,109.96480588384111,2387.700927734375,45.0,5.04041862487793,3.0,2.0,0.6722380041591342,12.103485107421875,45.0,"{""type"":""Point"",""coordinates"":[109.96400049853493,18.91376356664383]}"
3655,0.0,21.0,138.0,16.626930236816406,56.0,19.358109647111448,109.77166809775542,2475.954833984375,55.0,0.8357899188995361,4.0,3.0,0.7262139620596768,13.916589736938477,38.0,"{""type"":""Point"",""coordinates"":[109.7733708361736,19.356521955662355]}"
3656,0.0,21.0,66.0,11.784607887268066,60.0,19.10208979113738,108.83292862585051,1666.1102294921875,60.0,1.714570164680481,2.0,2.0,0.6647594310417966,13.24146556854248,40.0,"{""type"":""Point"",""coordinates"":[108.8315402532654,19.103891107867547]}"
3657,0.0,27.0,389.0,37.193603515625,379.0,18.531659585721485,109.15183055171292,1905.2071533203125,52.0,8.994441986083984,4.0,1.0,0.5707736099403395,11.363386154174805,45.0,"{""type"":""Point"",""coordinates"":[109.15154717446198,18.53166261873353]}"
3658,0.0,31.0,579.0,21.063095092773438,512.0,18.59903323203045,109.44827459547236,2051.8896484375,41.0,3.000957727432251,6.0,1.0,0.5835200090462548,12.31828498840332,46.0,"{""type"":""Point"",""coordinates"":[109.44953330535355,18.597274922891994]}"
3659,0.0,29.0,749.0,25.300806045532227,705.0,18.706831066124792,108.91826857784184,1725.745361328125,47.0,8.32834529876709,7.0,1.0,0.5350943610073408,11.134819984436035,47.0,"{""type"":""Point"",""coordinates"":[108.91933139501319,18.70527398438684]}"
3660,0.0,26.0,527.0,72.10446166992188,372.0,19.147005555343355,109.753701792073,2405.475830078125,48.0,14.268940925598145,4.0,2.0,0.5856877920708828,10.782444953918457,42.0,"{""type"":""Point"",""coordinates"":[109.75421562845119,19.148680941393476]}"
3661,0.0,33.0,386.0,28.96152687072754,209.0,19.205396048811124,109.50666508894017,2419.290283203125,38.0,2.8484714031219482,4.0,2.0,0.6508080223249559,12.522847175598145,38.0,"{""type"":""Point"",""coordinates"":[109.50770475370727,19.203258484062662]}"
3662,0.0,21.0,8.0,6.727766990661621,8.0,18.473269092253716,110.06811214151486,1879.015625,46.0,0.18239670991897583,2.0,1.0,0.7263888787923007,15.516316413879395,44.0,"{""type"":""Point"",""coordinates"":[110.06729640777688,18.471865336528285]}"
3663,0.0,28.0,173.0,37.529720306396484,98.0,19.367092799952644,109.83005859122318,2448.507568359375,44.0,3.670532703399658,5.0,3.0,0.6647888470655839,12.413653373718262,38.0,"{""type"":""Point"",""coordinates"":[109.83084124688702,19.366473278067247]}"
3664,0.0,22.0,258.0,37.33673095703125,143.0,19.29522757722308,109.40335883126642,2521.103271484375,55.0,3.471283435821533,3.0,3.0,0.6564098595648766,12.414275169372559,39.0,"{""type"":""Point"",""coordinates"":[109.40231015059217,19.29434255012186]}"
3665,0.0,28.0,353.0,19.320547103881836,333.0,18.549625891403878,109.14284739887177,1900.6351318359375,50.0,3.0103580951690674,4.0,1.0,0.5870164680606058,12.491345405578613,46.0,"{""type"":""Point"",""coordinates"":[109.14453710822251,18.547623299822696]}"
3666,0.0,24.0,16.0,8.6181058883667,16.0,20.000405075256907,110.35557303243309,1964.932373046875,47.0,0.6210750937461853,3.0,4.0,0.7393249496534156,13.390932083129883,40.0,"{""type"":""Point"",""coordinates"":[110.35364266324467,20.002120406359644]}"
3667,0.0,29.0,16.0,5.698978900909424,14.0,19.77133467780643,110.79125594523106,1971.188232421875,49.0,0.057359881699085236,4.0,4.0,0.7358257701222404,15.71201229095459,42.0,"{""type"":""Point"",""coordinates"":[110.79133091346058,19.772171783459342]}"
3668,0.0,29.0,111.0,28.685434341430664,94.0,19.079631909034397,110.20285943413279,2492.645751953125,39.0,2.1743240356445312,4.0,2.0,0.6540373566892728,12.976675033569336,44.0,"{""type"":""Point"",""coordinates"":[110.20310776058989,19.080548041946404]}"
3669,0.0,25.0,330.0,30.510303497314453,139.0,19.052682450510808,109.69531129860525,2360.84228515625,48.0,3.0888540744781494,4.0,2.0,0.6363858654744534,12.48186206817627,41.0,"{""type"":""Point"",""coordinates"":[109.69602902158275,19.051495409199095]}"
3670,0.0,28.0,375.0,87.07552337646484,298.0,19.26827811869949,109.91539854321451,2508.67333984375,47.0,15.674262046813965,4.0,2.0,0.6124216655366773,10.801063537597656,38.0,"{""type"":""Point"",""coordinates"":[109.91622154651274,19.26901890669466]}"
3671,0.0,22.0,127.0,8.275885581970215,111.0,18.594541655609852,109.03954114119801,1872.8131103515625,54.0,0.5162250995635986,2.0,1.0,0.6019364754782626,14.40526008605957,47.0,"{""type"":""Point"",""coordinates"":[109.03998641985622,18.595439983949642]}"
3672,0.0,23.0,408.0,20.814895629882812,393.0,18.65293214907762,108.90928542500069,1703.216552734375,53.0,4.4778666496276855,4.0,1.0,0.5585906317865047,12.053031921386719,48.0,"{""type"":""Point"",""coordinates"":[108.9088422190725,18.652641511579105]}"
3673,0.0,17.0,4.0,5.336008548736572,3.0,18.437336480888938,108.90928542500069,1626.8270263671875,60.0,0.23727139830589294,2.0,1.0,0.7345757129998821,15.255584716796875,40.0,"{""type"":""Point"",""coordinates"":[108.90778820906002,18.43627119708311]}"
3674,0.0,21.0,57.0,12.122845649719238,49.0,19.191921319549337,108.90479384858008,1958.3717041015625,58.0,1.0470130443572998,3.0,2.0,0.6890030215715802,13.74019718170166,42.0,"{""type"":""Point"",""coordinates"":[108.90587154296936,19.1928113803589]}"
3675,0.0,29.0,721.0,54.53223419189453,651.0,18.841578358742723,108.97665907130965,1936.308349609375,49.0,22.370079040527344,9.0,2.0,0.5368017966643465,10.128671646118164,41.0,"{""type"":""Point"",""coordinates"":[108.97796570406302,18.842543211473643]}"
3676,0.0,24.0,1.0,7.122807025909424,4.0,18.76971313601316,110.44091298442447,1954.4813232421875,42.0,0.18243172764778137,3.0,1.0,0.7054655507328078,15.501104354858398,51.0,"{""type"":""Point"",""coordinates"":[110.44182249329155,18.771624223440533]}"
3677,0.0,29.0,180.0,50.72230529785156,178.0,18.531659585721485,109.8031091326996,2219.58642578125,44.0,7.966153621673584,5.0,1.0,0.5989098755682929,11.629240989685059,46.0,"{""type"":""Point"",""coordinates"":[109.8009581232098,18.53325594468757]}"
3678,0.0,28.0,85.0,9.258377075195312,85.0,19.537772703935353,109.16530528097474,2060.4052734375,49.0,0.49027013778686523,3.0,3.0,0.6822508796159558,14.482367515563965,36.0,"{""type"":""Point"",""coordinates"":[109.16715005604439,19.535552676166514]}"
3679,0.0,25.0,329.0,65.3683853149414,329.0,18.62598269055404,110.07709529435607,2197.380859375,51.0,13.650561332702637,4.0,1.0,0.5747550757302449,10.978378295898438,45.0,"{""type"":""Point"",""coordinates"":[110.07510733732198,18.62652106690428]}"
3680,0.0,28.0,276.0,39.60361862182617,120.0,18.80115417095734,109.39886725484581,2193.29296875,49.0,6.04815149307251,4.0,1.0,0.6022712320483679,11.844426155090332,45.0,"{""type"":""Point"",""coordinates"":[109.39699961448729,18.80256124334765]}"
3681,0.0,31.0,14.0,9.982563018798828,16.0,19.021241415566628,110.47684559578926,2135.88671875,39.0,0.46342983841896057,4.0,2.0,0.7552723614811439,14.561210632324219,39.0,"{""type"":""Point"",""coordinates"":[110.47891992945425,19.021256009724897]}"
3682,0.0,38.0,48.0,18.888078689575195,49.0,19.838708324115387,109.56056400598732,1778.168212890625,34.0,3.1158931255340576,5.0,4.0,0.7133046532420315,12.654043197631836,33.0,"{""type"":""Point"",""coordinates"":[109.55986573200127,19.839023553240445]}"
3683,0.0,26.0,39.0,17.87300682067871,40.0,19.87913251190077,110.06811214151486,2360.933349609375,49.0,1.3269479274749756,5.0,4.0,0.7555871936720063,13.2401762008667,35.0,"{""type"":""Point"",""coordinates"":[110.06741309040407,19.87759164353171]}"
3684,0.0,24.0,167.0,12.651192665100098,67.0,19.344634917849653,109.35844306706042,2543.485107421875,55.0,0.40608853101730347,4.0,3.0,0.7227590937594227,14.620319366455078,37.0,"{""type"":""Point"",""coordinates"":[109.35972525277872,19.346381325202728]}"
3685,0.0,23.0,22.0,17.26214599609375,22.0,19.479382210467584,109.03504956477741,1890.7239990234375,51.0,2.0466833114624023,3.0,3.0,0.740044011541704,13.090043067932129,36.0,"{""type"":""Point"",""coordinates"":[109.03681441279086,19.478560600889736]}"
3686,0.0,22.0,8.0,9.744596481323242,11.0,18.302589188271007,109.69531129860525,1958.8673095703125,53.0,0.6149343848228455,2.0,0.0,0.7351351458717412,14.300950050354004,42.0,"{""type"":""Point"",""coordinates"":[109.69404214898172,18.304224386069986]}"
3687,0.0,24.0,142.0,54.20805740356445,112.0,19.46141590478519,110.19387628129158,2474.58447265625,50.0,6.163478851318359,5.0,3.0,0.6517837280620391,11.91229248046875,39.0,"{""type"":""Point"",""coordinates"":[110.19274541042019,19.463401566026192]}"
3688,0.0,27.0,12.0,6.983913421630859,14.0,19.677011572973875,110.86312116796063,1919.7142333984375,47.0,0.3763298988342285,7.0,3.0,0.7429332688210304,13.8368558883667,40.0,"{""type"":""Point"",""coordinates"":[110.86246680416346,19.677852672573543]}"
3689,0.0,30.0,180.0,23.146635055541992,106.0,19.389550682055628,109.82107543838197,2448.507568359375,45.0,1.7720965147018433,4.0,3.0,0.6737219674158678,13.138433456420898,37.0,"{""type"":""Point"",""coordinates"":[109.82292796842256,19.38766280070775]}"
3690,0.0,24.0,35.0,9.700167655944824,35.0,19.91057354684495,109.72226075712882,1767.4561767578125,46.0,0.8888615965843201,2.0,4.0,0.7343198212848592,13.916879653930664,33.0,"{""type"":""Point"",""coordinates"":[109.72237008849525,19.911588506303097]}"
3691,0.0,24.0,101.0,17.670455932617188,63.0,19.501840092570568,109.90192381395275,2534.21337890625,53.0,0.9089394211769104,4.0,3.0,0.7239038424814278,13.855340957641602,38.0,"{""type"":""Point"",""coordinates"":[109.90328615858384,19.500524838436885]}"
3692,0.0,29.0,125.0,21.861249923706055,87.0,19.49734851614997,109.94234800173814,2567.20458984375,42.0,1.2941409349441528,4.0,3.0,0.69146533878378,13.487287521362305,39.0,"{""type"":""Point"",""coordinates"":[109.94117388195865,19.49523628963141]}"
3693,0.0,30.0,108.0,12.962496757507324,105.0,19.55124743319714,109.37191779632224,2280.16064453125,47.0,0.7523806691169739,3.0,3.0,0.6718148456029969,14.040155410766602,37.0,"{""type"":""Point"",""coordinates"":[109.37053993676163,19.552929596747855]}"
3694,0.0,22.0,197.0,12.553486824035645,149.0,18.648440572657023,109.10691478750698,1952.93994140625,53.0,1.1255661249160767,3.0,1.0,0.6052916491841873,13.58162784576416,46.0,"{""type"":""Point"",""coordinates"":[109.10663984036725,18.650269264349866]}"
3695,0.0,28.0,480.0,22.828847885131836,466.0,18.71132264254539,108.85089493153288,1653.1212158203125,50.0,6.423510551452637,6.0,1.0,0.5561726495185559,11.634990692138672,46.0,"{""type"":""Point"",""coordinates"":[108.8502522198183,18.710700055399986]}"
3696,0.0,27.0,35.0,10.922430992126465,32.0,18.608016384871647,109.9513311545793,2221.81396484375,43.0,0.4627284109592438,4.0,1.0,0.7057397617848743,14.56973934173584,47.0,"{""type"":""Point"",""coordinates"":[109.95236598500469,18.609676512721673]}"
3697,0.0,23.0,49.0,15.596328735351562,39.0,19.0706487561932,110.29718253896533,2390.638427734375,50.0,0.8029860258102417,4.0,2.0,0.7278624757395092,14.010311126708984,42.0,"{""type"":""Point"",""coordinates"":[110.29513207211039,19.069659543529756]}"
3698,0.0,25.0,21.0,11.878581047058105,10.0,19.726418913600448,110.18040155202976,2448.582763671875,45.0,0.3656105697154999,4.0,3.0,0.811740465077587,14.575894355773926,32.0,"{""type"":""Point"",""coordinates"":[110.18171607608319,19.7251434669592]}"
3699,0.0,30.0,396.0,39.47705078125,362.0,18.832595205901526,108.89581069573887,1867.174560546875,46.0,10.488612174987793,7.0,2.0,0.5749081872125351,11.201558113098145,43.0,"{""type"":""Point"",""coordinates"":[108.89587645023994,18.831877447117876]}"
3700,0.0,26.0,43.0,14.131609916687012,44.0,19.367092799952644,108.70267290965319,1399.970947265625,49.0,3.585662841796875,5.0,3.0,0.6468315224599207,12.516225814819336,44.0,"{""type"":""Point"",""coordinates"":[108.70269623776615,19.366683572174153]}"
3701,0.0,24.0,75.0,10.875972747802734,44.0,19.72192733717985,109.74471863923185,2260.42578125,49.0,0.4195990562438965,3.0,3.0,0.7494745869627305,14.644011497497559,34.0,"{""type"":""Point"",""coordinates"":[109.74484966758762,19.72275093191469]}"
3702,0.0,24.0,24.0,8.941045761108398,24.0,18.34750495247698,109.4347998662106,1888.6116943359375,50.0,0.5934222340583801,4.0,0.0,0.7348572279683604,14.32734489440918,38.0,"{""type"":""Point"",""coordinates"":[109.43262444441196,18.34882283804473]}"
3703,0.0,31.0,61.0,10.2250394821167,61.0,19.371584376373235,108.91377700142124,1782.074951171875,41.0,1.0586732625961304,3.0,3.0,0.6738220881230483,13.726757049560547,40.0,"{""type"":""Point"",""coordinates"":[108.91229364538783,19.370830400063536]}"
3704,0.0,29.0,180.0,50.72230529785156,178.0,18.531659585721485,109.8031091326996,2219.58642578125,44.0,7.966153621673584,5.0,1.0,0.5989098755682929,11.629240989685059,46.0,"{""type"":""Point"",""coordinates"":[109.80511986938635,18.531964370914427]}"
3705,0.0,31.0,353.0,56.392826080322266,231.0,19.191921319549337,109.25513680938667,2446.190673828125,39.0,7.8787455558776855,7.0,2.0,0.6382115255174386,11.523825645446777,38.0,"{""type"":""Point"",""coordinates"":[109.25708258958072,19.193332520165555]}"
3706,0.0,25.0,27.0,5.336097240447998,27.0,19.816250442012404,110.97541057847559,1568.9840087890625,48.0,0.6569076776504517,3.0,4.0,0.6581788723433204,12.83940601348877,50.0,"{""type"":""Point"",""coordinates"":[110.97686293443273,19.816402140087774]}"
3707,0.0,25.0,94.0,20.503686904907227,39.0,19.38505910563503,109.89743223753214,2506.4521484375,47.0,1.198058009147644,4.0,3.0,0.7479454676584127,13.583332061767578,38.0,"{""type"":""Point"",""coordinates"":[109.89716954942652,19.383455010068662]}"
3708,0.0,24.0,44.0,13.33349895477295,45.0,19.74438521928284,110.83168013301645,2053.818603515625,51.0,1.8180243968963623,5.0,4.0,0.6994504363279231,12.212630271911621,42.0,"{""type"":""Point"",""coordinates"":[110.83066367564555,19.745243018268102]}"
3709,0.0,34.0,161.0,13.118202209472656,161.0,19.753368372124037,109.56505558240792,1991.26611328125,42.0,1.2988183498382568,5.0,4.0,0.673030111919927,13.4613037109375,32.0,"{""type"":""Point"",""coordinates"":[109.56329361628543,19.753158690988556]}"
3710,0.0,25.0,172.0,17.338167190551758,137.0,18.8820025465281,110.1175194821414,2121.096923828125,48.0,1.5564063787460327,4.0,2.0,0.6202730450920904,13.273366928100586,45.0,"{""type"":""Point"",""coordinates"":[110.11769194386417,18.88246794854462]}"
3711,0.0,27.0,223.0,53.47087860107422,226.0,18.369962834579972,109.60547977019331,2058.072021484375,48.0,11.109288215637207,4.0,1.0,0.5905065017266667,11.262757301330566,43.0,"{""type"":""Point"",""coordinates"":[109.60684935426231,18.371790700073415]}"
3712,0.0,28.0,80.0,22.429601669311523,80.0,19.447941175523397,110.5756602770424,2397.93994140625,42.0,1.8880878686904907,4.0,3.0,0.6855351711223913,12.855338096618652,40.0,"{""type"":""Point"",""coordinates"":[110.57707492403645,19.445800021666994]}"
3713,0.0,23.0,33.0,6.543457508087158,33.0,18.360979681738776,109.20123789233952,1818.0406494140625,50.0,0.2593298852443695,2.0,1.0,0.710932777827942,15.149957656860352,40.0,"{""type"":""Point"",""coordinates"":[109.20124282778744,18.35964041184036]}"
3714,0.0,42.0,105.0,13.47585391998291,105.0,19.789300983488815,109.60098819377271,2029.538818359375,33.0,1.3316529989242554,6.0,4.0,0.6749851638454983,13.470921516418457,33.0,"{""type"":""Point"",""coordinates"":[109.60308967794222,19.78959784142346]}"
3715,0.0,25.0,4.0,4.279131889343262,7.0,18.527168009300887,108.69818133323258,1372.3846435546875,54.0,0.4234585464000702,2.0,1.0,0.7230889743185966,14.586601257324219,38.0,"{""type"":""Point"",""coordinates"":[108.69953907355686,18.525703589216413]}"
3716,0.0,24.0,91.0,25.7017879486084,82.0,19.645570538029695,109.47971563041654,2292.05126953125,52.0,2.36299991607666,5.0,3.0,0.7149385734565077,12.905488014221191,31.0,"{""type"":""Point"",""coordinates"":[109.47936654251406,19.644119840336028]}"
3717,0.0,32.0,56.0,35.83919906616211,53.0,18.62598269055404,109.99624691878529,2221.81396484375,41.0,4.418291091918945,4.0,1.0,0.6702506960136101,12.299101829528809,46.0,"{""type"":""Point"",""coordinates"":[109.99815857278874,18.6274076168113]}"
3718,0.0,29.0,288.0,58.78468322753906,288.0,18.643948996236425,110.18489312845037,2090.6728515625,46.0,13.195319175720215,4.0,1.0,0.5732861204356656,11.041975975036621,45.0,"{""type"":""Point"",""coordinates"":[110.18316942422247,18.643905799996393]}"
3719,0.0,25.0,6.0,5.641246795654297,7.0,20.018371380939293,110.67447495829555,1733.95068359375,49.0,0.370748370885849,3.0,4.0,0.710297052409555,13.458922386169434,46.0,"{""type"":""Point"",""coordinates"":[110.6739811702773,20.019028927625175]}"
3720,0.0,29.0,450.0,19.093387603759766,430.0,18.79666259453675,110.1579436699268,2270.92138671875,48.0,1.8018461465835571,4.0,1.0,0.6024760050476319,12.933327674865723,47.0,"{""type"":""Point"",""coordinates"":[110.15976019343552,18.797890709370545]}"
3721,0.0,25.0,116.0,18.505367279052734,59.0,19.38505910563503,110.12201105856201,2471.07763671875,49.0,1.0638482570648193,4.0,3.0,0.7274014995733299,13.688814163208008,37.0,"{""type"":""Point"",""coordinates"":[110.12013865924833,19.38323909361934]}"
3722,0.0,33.0,96.0,13.442541122436523,79.0,19.376075952793833,110.32862357390951,2494.1552734375,39.0,0.5303537845611572,4.0,3.0,0.7013918576942297,14.397154808044434,39.0,"{""type"":""Point"",""coordinates"":[110.32909403498309,19.37651477786542]}"
3723,0.0,28.0,305.0,86.86236572265625,288.0,19.191921319549337,110.18489312845037,2533.036376953125,42.0,13.725523948669434,5.0,2.0,0.6105130232153287,10.989413261413574,41.0,"{""type"":""Point"",""coordinates"":[110.18568266830437,19.193605431890393]}"
3724,0.0,26.0,159.0,8.986886978149414,30.0,18.73827210106898,109.16530528097474,1956.654541015625,52.0,0.5839211344718933,2.0,1.0,0.7003669721860994,14.262141227722168,43.0,"{""type"":""Point"",""coordinates"":[109.16451113293712,18.73778852242102]}"
3725,0.0,28.0,129.0,14.658724784851074,113.0,19.088615061875586,108.94521803636547,1913.0430908203125,46.0,1.6363122463226318,4.0,2.0,0.6371493320546328,13.250126838684082,39.0,"{""type"":""Point"",""coordinates"":[108.94670855018127,19.090480877899953]}"
3726,0.0,24.0,244.0,60.74365234375,152.0,19.46141590478519,109.72675233354943,2574.9228515625,55.0,7.402572154998779,4.0,3.0,0.6597618965051895,11.661937713623047,36.0,"{""type"":""Point"",""coordinates"":[109.72465322417527,19.460442638367784]}"
3727,0.0,24.0,107.0,18.434345245361328,96.0,19.0751403326138,108.84640335511227,1679.5831298828125,58.0,3.620656728744507,3.0,2.0,0.6131724242710237,12.4683198928833,41.0,"{""type"":""Point"",""coordinates"":[108.84672474491448,19.07542264932628]}"
3728,0.0,28.0,4.0,7.754310607910156,5.0,20.040829263042284,110.17590997560922,1978.5032958984375,42.0,0.42200300097465515,2.0,4.0,0.7664017079644003,13.79417610168457,37.0,"{""type"":""Point"",""coordinates"":[110.17461688368408,20.041229457237993]}"
3729,0.0,29.0,48.0,18.350479125976562,49.0,19.533281127514755,110.69693284039852,2309.38818359375,44.0,1.6635493040084839,7.0,3.0,0.7468385529868942,12.843733787536621,34.0,"{""type"":""Point"",""coordinates"":[110.69555503494855,19.53356676645626]}"
3730,0.0,23.0,195.0,8.466737747192383,55.0,18.724797371807185,109.2775946914897,2013.1861572265625,56.0,0.417076051235199,3.0,1.0,0.6706804243361664,14.575797080993652,44.0,"{""type"":""Point"",""coordinates"":[109.27667660924143,18.722788355404404]}"
3731,0.0,25.0,9.0,4.2955169677734375,9.0,19.4434495991028,108.83292862585051,1548.9913330078125,49.0,0.1298488974571228,6.0,3.0,0.726255157874933,15.855557441711426,40.0,"{""type"":""Point"",""coordinates"":[108.83202891219766,19.4421756506885]}"
3732,0.0,21.0,50.0,26.281776428222656,50.0,18.35199652889758,109.33598518495745,1912.946533203125,55.0,3.854356527328491,3.0,0.0,0.6932196190237009,12.439657211303711,38.0,"{""type"":""Point"",""coordinates"":[109.33375887055652,18.353653331741786]}"
3733,0.0,25.0,147.0,9.733941078186035,67.0,19.317685459326064,109.29556099717206,2385.889404296875,54.0,0.22943836450576782,4.0,3.0,0.7109055419378769,15.20380687713623,38.0,"{""type"":""Point"",""coordinates"":[109.29519527391733,19.316884382876975]}"
3734,0.0,27.0,472.0,87.7903060913086,431.0,18.729288948227783,109.71776918070822,2429.87939453125,48.0,18.73270034790039,4.0,1.0,0.5449707609621557,10.53860855102539,49.0,"{""type"":""Point"",""coordinates"":[109.71971224189078,18.727549370433735]}"
3735,0.0,23.0,36.0,15.19030475616455,22.0,19.699469455076866,110.14446894066504,2437.535888671875,50.0,0.6989864110946655,2.0,3.0,0.8026476093733725,14.156638145446777,30.0,"{""type"":""Point"",""coordinates"":[110.14658890479191,19.699239527458275]}"
3736,0.0,28.0,322.0,47.60311508178711,217.0,18.864036240845707,109.98277218952347,2292.61376953125,47.0,7.219909191131592,4.0,2.0,0.5964472964751832,11.634086608886719,46.0,"{""type"":""Point"",""coordinates"":[109.98153954161302,18.866097321944203]}"
3737,0.0,27.0,7.0,11.429412841796875,9.0,19.627604232347302,110.76430648670748,2156.0927734375,42.0,0.7080488801002502,4.0,3.0,0.7726929016655819,13.734786987304688,37.0,"{""type"":""Point"",""coordinates"":[110.76472655614101,19.627156109440733]}"
3738,0.0,22.0,80.0,11.945310592651367,47.0,19.672519996553277,109.83455016764378,2392.74609375,54.0,0.4195881187915802,3.0,3.0,0.7626518125422992,14.641051292419434,32.0,"{""type"":""Point"",""coordinates"":[109.83324691260748,19.673854406331074]}"
3739,0.0,26.0,117.0,17.76339340209961,68.0,19.403025411317422,109.25962838580728,2333.6689453125,48.0,1.205450177192688,3.0,3.0,0.7212655998232915,13.563209533691406,34.0,"{""type"":""Point"",""coordinates"":[109.26136210829748,19.40523703446023]}"
3740,0.0,31.0,317.0,62.454994201660156,186.0,19.263786542278893,109.58751346451089,2439.51611328125,36.0,8.956182479858398,4.0,2.0,0.6337920186032997,11.419196128845215,38.0,"{""type"":""Point"",""coordinates"":[109.58722894118668,19.264747283908804]}"
3741,0.0,30.0,222.0,37.72837829589844,98.0,18.82361205306033,109.13835582245116,2033.38916015625,43.0,6.557860374450684,5.0,2.0,0.5978550952461142,11.79879093170166,45.0,"{""type"":""Point"",""coordinates"":[109.13700108181727,18.823642420520574]}"
3742,0.0,24.0,13.0,6.946990013122559,14.0,19.99591349883631,110.7777812159693,1812.828125,49.0,0.6497116684913635,2.0,4.0,0.7007920092860067,12.882314682006836,47.0,"{""type"":""Point"",""coordinates"":[110.77994538117863,19.99399121462301]}"
3743,0.0,27.0,915.0,39.93971252441406,824.0,18.80115417095734,108.98564222415081,1936.308349609375,49.0,15.812528610229492,10.0,1.0,0.5494459380425736,10.293984413146973,40.0,"{""type"":""Point"",""coordinates"":[108.98531680238604,18.80012740685937]}"
3744,0.0,26.0,147.0,24.94902801513672,130.0,19.290736000802482,110.27023308044176,2575.142822265625,44.0,1.5715460777282715,4.0,3.0,0.683670640108954,13.279380798339844,37.0,"{""type"":""Point"",""coordinates"":[110.27176954696124,19.289732828583528]}"
3745,0.0,24.0,179.0,15.96401596069336,161.0,19.021241415566628,108.85089493153288,1826.54345703125,56.0,2.2757978439331055,4.0,2.0,0.6179655014805248,12.888694763183594,41.0,"{""type"":""Point"",""coordinates"":[108.85052373740412,19.019714542649865]}"
3746,0.0,23.0,184.0,83.83399200439453,175.0,18.65293214907762,109.91539854321451,2376.788818359375,51.0,14.191365242004395,3.0,1.0,0.5797118443646161,11.034987449645996,47.0,"{""type"":""Point"",""coordinates"":[109.91475166628439,18.653427403404393]}"
3747,0.0,28.0,199.0,37.146305084228516,190.0,19.21437920165232,110.24328362191818,2568.791748046875,45.0,3.2241740226745605,4.0,2.0,0.6599443200503272,12.527022361755371,40.0,"{""type"":""Point"",""coordinates"":[110.2441186656851,19.214398311598085]}"
3748,0.0,26.0,57.0,17.79281234741211,57.0,19.35361807069085,110.56667712420119,2361.814208984375,47.0,1.2925728559494019,7.0,3.0,0.7238924172983955,13.252521514892578,38.0,"{""type"":""Point"",""coordinates"":[110.56800581572062,19.354208849362944]}"
3749,0.0,26.0,25.0,9.898082733154297,11.0,19.757859948544635,110.15345209350619,2394.070068359375,47.0,0.21585188806056976,4.0,4.0,0.8122717844956482,15.067081451416016,31.0,"{""type"":""Point"",""coordinates"":[110.1553750457982,19.75991648627213]}"
3750,0.0,22.0,16.0,7.312981605529785,16.0,18.41038702236535,109.14733897529231,1817.20556640625,59.0,0.4623996317386627,2.0,1.0,0.7257026457730092,14.58145523071289,41.0,"{""type"":""Point"",""coordinates"":[109.14519507711152,18.411761972214972]}"
3751,0.0,29.0,685.0,30.602914810180664,683.0,18.73378052464838,108.80148759090633,1701.0960693359375,49.0,11.760775566101074,5.0,1.0,0.5486107737142937,10.844464302062988,42.0,"{""type"":""Point"",""coordinates"":[108.80012388678765,18.735974704205002]}"
3752,0.0,25.0,62.0,6.776236534118652,54.0,19.29971915364368,108.91377700142124,1942.234619140625,57.0,0.2596462368965149,2.0,3.0,0.6978675497378464,15.13172435760498,39.0,"{""type"":""Point"",""coordinates"":[108.91400730931177,19.301133768277065]}"
3753,0.0,30.0,784.0,56.628360748291016,571.0,18.8820025465281,109.63242922871689,2269.93896484375,44.0,15.144225120544434,6.0,2.0,0.5508831952895205,10.484749794006348,45.0,"{""type"":""Point"",""coordinates"":[109.6329264043967,18.879811185730308]}"
3754,0.0,37.0,81.0,28.437646865844727,70.0,19.60514635024431,110.23879204549758,2397.53515625,36.0,2.6579246520996094,5.0,3.0,0.716286578371463,12.77377986907959,35.0,"{""type"":""Point"",""coordinates"":[110.23977610129734,19.605702188555217]}"
3755,0.0,27.0,98.0,33.025001525878906,98.0,18.26216500048563,109.53810612388435,1847.343505859375,49.0,6.537399768829346,4.0,0.0,0.6210467620505972,11.879871368408203,39.0,"{""type"":""Point"",""coordinates"":[109.53725164379534,18.26072319730718]}"
3756,0.0,27.0,451.0,28.50887107849121,281.0,18.85954466442511,109.46174932473417,2164.189453125,48.0,3.9379515647888184,5.0,2.0,0.5891999672390439,12.149463653564453,47.0,"{""type"":""Point"",""coordinates"":[109.46389166966736,18.861008159416222]}"
3757,0.0,32.0,413.0,63.13886260986328,221.0,19.079631909034397,109.4347998662106,2328.90869140625,37.0,11.479222297668457,5.0,2.0,0.5976197407498111,11.096445083618164,42.0,"{""type"":""Point"",""coordinates"":[109.43460542673526,19.07922088538171]}"
3758,0.0,29.0,444.0,28.481149673461914,388.0,18.940393039995868,108.94521803636547,1859.2220458984375,44.0,6.100181579589844,5.0,2.0,0.5788075674271838,11.714959144592285,44.0,"{""type"":""Point"",""coordinates"":[108.94596666265413,18.940945021531114]}"
3759,0.0,22.0,161.0,18.81431007385254,159.0,18.482252245094912,109.05750744688038,1804.2708740234375,57.0,2.9421544075012207,4.0,1.0,0.5976452545012365,12.642908096313477,45.0,"{""type"":""Point"",""coordinates"":[109.05884559823194,18.48216242073455]}"
3760,0.0,27.0,519.0,39.20450210571289,395.0,18.778696288854356,109.0305579883568,1951.608154296875,49.0,9.72626781463623,8.0,1.0,0.5752111895738524,11.183516502380371,43.0,"{""type"":""Point"",""coordinates"":[109.03022698481077,18.77928045515508]}"
3761,0.0,27.0,23.0,25.901233673095703,20.0,19.16048028460515,110.34658987959187,2570.515869140625,42.0,1.6224123239517212,4.0,2.0,0.7751465973897511,13.321928977966309,38.0,"{""type"":""Point"",""coordinates"":[110.347948780313,19.158327522595727]}"
3762,0.0,30.0,570.0,23.128786087036133,462.0,18.819120476639732,109.843533320485,2352.640625,40.0,2.2417683601379395,5.0,1.0,0.6122040944916896,12.618000030517578,44.0,"{""type"":""Point"",""coordinates"":[109.84499362027869,18.819973455003247]}"
3763,0.0,26.0,7.0,12.567721366882324,9.0,19.6365873851885,110.75083175744567,2156.0927734375,46.0,0.9150152206420898,4.0,3.0,0.7719289161532837,13.478324890136719,37.0,"{""type"":""Point"",""coordinates"":[110.75081695993337,19.636532644556127]}"
3764,0.0,29.0,282.0,53.06209182739258,273.0,19.259294965858295,110.27921623328291,2575.142822265625,50.0,6.374490261077881,4.0,2.0,0.6572308375134474,11.78738784790039,37.0,"{""type"":""Point"",""coordinates"":[110.27932901453701,19.26116525527126]}"
3765,0.0,25.0,18.0,9.118457794189453,21.0,18.864036240845707,110.36006460885369,2169.853515625,48.0,0.29313257336616516,2.0,2.0,0.7195865299519687,15.03611946105957,46.0,"{""type"":""Point"",""coordinates"":[110.35968356957864,18.863848376799172]}"
3766,0.0,22.0,26.0,5.123068809509277,26.0,20.10371133293065,110.6834581111367,1694.5672607421875,53.0,0.2513744831085205,2.0,4.0,0.6985227952568839,13.759895324707031,43.0,"{""type"":""Point"",""coordinates"":[110.68431836884204,20.10259059696102]}"
3767,0.0,29.0,81.0,21.23181915283203,58.0,19.69048630223567,109.93336484889693,2360.077880859375,45.0,1.6231611967086792,3.0,3.0,0.7388714072651589,13.287346839904785,33.0,"{""type"":""Point"",""coordinates"":[109.9353084607907,19.691077184427385]}"
3768,0.0,29.0,55.0,32.940208435058594,48.0,19.641078961609097,109.45725774831357,2292.05126953125,47.0,3.5860724449157715,3.0,3.0,0.7399397329399532,12.509064674377441,33.0,"{""type"":""Point"",""coordinates"":[109.45538507661314,19.64031661834407]}"
3769,0.0,31.0,126.0,31.312118530273438,126.0,18.49123539793611,109.94683957815869,1974.9600830078125,41.0,5.027159690856934,4.0,1.0,0.6068611183124105,12.127264022827148,44.0,"{""type"":""Point"",""coordinates"":[109.94735782215275,18.492963332560567]}"
3770,0.0,27.0,193.0,44.513431549072266,139.0,19.01674983914603,109.08445690540395,2335.939208984375,48.0,5.646324634552002,3.0,2.0,0.6375825811936635,11.968362808227539,40.0,"{""type"":""Point"",""coordinates"":[109.08313725241878,19.017183498126236]}"
3771,0.0,26.0,797.0,57.36357879638672,710.0,18.819120476639732,109.72675233354943,2252.894775390625,46.0,15.199041366577148,5.0,1.0,0.5479891447699394,10.46744155883789,45.0,"{""type"":""Point"",""coordinates"":[109.72626794991773,18.81932365110203]}"
3772,0.0,28.0,111.0,40.72658157348633,113.0,18.414878598785947,109.68183656934343,2117.45654296875,50.0,6.464242458343506,3.0,1.0,0.6190908155805703,11.883331298828125,42.0,"{""type"":""Point"",""coordinates"":[109.68393268157638,18.416820370428987]}"
3773,0.0,26.0,252.0,47.653892517089844,140.0,19.200904472390526,109.84802489690554,2446.655517578125,50.0,5.712644577026367,4.0,2.0,0.645098508209995,11.918028831481934,39.0,"{""type"":""Point"",""coordinates"":[109.84899920241178,19.201784164026037]}"
3774,0.0,27.0,12.0,11.431553840637207,12.0,19.281752847961286,110.49032032505102,2454.671630859375,41.0,0.28679710626602173,5.0,3.0,0.7803732168908287,15.042276382446289,39.0,"{""type"":""Point"",""coordinates"":[110.49194216932032,19.281396646660596]}"
3775,0.0,22.0,22.0,8.169915199279785,22.0,18.500218550777305,110.01421322446765,1987.3636474609375,54.0,0.34942978620529175,2.0,1.0,0.7114799243829445,14.858128547668457,45.0,"{""type"":""Point"",""coordinates"":[110.01237699488355,18.501680148550644]}"
3776,0.0,26.0,274.0,16.236928939819336,272.0,18.49123539793611,109.13386424603056,1773.9639892578125,53.0,2.6552939414978027,4.0,1.0,0.5900802018429311,12.671985626220703,45.0,"{""type"":""Point"",""coordinates"":[109.1332642261103,18.492581451034546]}"
3778,0.0,26.0,108.0,57.57158660888672,104.0,18.819120476639732,110.26574150402115,2267.099853515625,51.0,8.963397026062012,4.0,1.0,0.6015621073958315,11.55434513092041,46.0,"{""type"":""Point"",""coordinates"":[110.26768848851628,18.81917691458899]}"
3779,0.0,26.0,39.0,17.595752716064453,27.0,19.120056096819773,110.22980889265637,2566.118408203125,46.0,0.8121114373207092,4.0,2.0,0.7432894584502824,14.004864692687988,44.0,"{""type"":""Point"",""coordinates"":[110.22907610180462,19.11848325646277]}"
3780,0.0,24.0,42.0,14.96108627319336,39.0,19.793792559909413,110.07260371793546,2441.12060546875,53.0,0.8109146356582642,3.0,4.0,0.7752360630520836,13.730457305908203,32.0,"{""type"":""Point"",""coordinates"":[110.07314754481321,19.792233044138346]}"
3781,0.0,28.0,123.0,40.574100494384766,91.0,19.133530826081568,110.09057002361783,2436.7685546875,47.0,4.2288126945495605,4.0,2.0,0.6454659991968983,12.302794456481934,44.0,"{""type"":""Point"",""coordinates"":[110.0912160911203,19.132610302363602]}"
3782,0.0,27.0,431.0,34.18175506591797,286.0,18.73827210106898,109.32700203211624,2104.474365234375,50.0,5.83842658996582,5.0,1.0,0.589684141557894,11.769025802612305,45.0,"{""type"":""Point"",""coordinates"":[109.3258138190434,18.737603627318556]}"
3783,0.0,28.0,42.0,9.227564811706543,42.0,19.88811566474196,110.3645561852743,2217.255859375,42.0,0.3103334307670593,7.0,4.0,0.732445888582234,14.528511047363281,39.0,"{""type"":""Point"",""coordinates"":[110.36473969109723,19.888422302077554]}"
3784,0.0,30.0,89.0,18.286903381347656,59.0,19.569213738879533,110.06811214151486,2497.172119140625,43.0,1.0363718271255493,4.0,3.0,0.7441286722425775,13.731355667114258,34.0,"{""type"":""Point"",""coordinates"":[110.06752454660123,19.567071215845612]}"
3785,0.0,26.0,163.0,26.594593048095703,65.0,19.34912649427025,109.72675233354943,2426.930908203125,44.0,2.095989942550659,4.0,3.0,0.7107623871902709,12.981200218200684,37.0,"{""type"":""Point"",""coordinates"":[109.7288581124605,19.34841952759876]}"
3786,0.0,30.0,283.0,37.8580436706543,159.0,19.173955013866944,109.25962838580728,2446.190673828125,41.0,3.957991600036621,4.0,2.0,0.6585544495230271,12.265820503234863,37.0,"{""type"":""Point"",""coordinates"":[109.26104967442666,19.17284317947433]}"
3787,0.0,28.0,596.0,43.824951171875,472.0,19.15598870818455,109.21022104518073,2485.12939453125,49.0,6.143453598022461,7.0,2.0,0.6282482314683951,11.584303855895996,39.0,"{""type"":""Point"",""coordinates"":[109.21070483728391,19.154716993530467]}"
3788,0.0,21.0,71.0,13.934426307678223,61.0,19.18293816670814,108.92276015426245,1958.3717041015625,59.0,1.3794525861740112,2.0,2.0,0.6728413380234115,13.456076622009277,42.0,"{""type"":""Point"",""coordinates"":[108.92363304943676,19.18301774844899]}"
3789,0.0,30.0,6.0,5.792740821838379,7.0,20.036337686621685,110.63405077051016,1782.2510986328125,41.0,0.3441552519798279,2.0,4.0,0.7170142584077889,13.533354759216309,45.0,"{""type"":""Point"",""coordinates"":[110.63458159279669,20.036732659991145]}"
3790,0.0,23.0,25.0,13.331280708312988,25.0,19.29971915364368,110.51277820715399,2408.855224609375,51.0,0.5474735498428345,6.0,3.0,0.7575286171248629,14.369601249694824,40.0,"{""type"":""Point"",""coordinates"":[110.51072950273269,19.30058015532112]}"
3791,0.0,31.0,103.0,17.75980567932129,88.0,19.4434495991028,110.4813371722098,2380.563232421875,37.0,1.1981688737869263,4.0,3.0,0.6813395839501943,13.41409969329834,39.0,"{""type"":""Point"",""coordinates"":[110.48317402941423,19.442391676003332]}"
3792,0.0,29.0,81.0,11.544063568115234,81.0,19.528789551094157,109.21022104518073,2163.45751953125,48.0,0.7004725337028503,3.0,3.0,0.6967209840179844,14.12794017791748,35.0,"{""type"":""Point"",""coordinates"":[109.20814005367963,19.529310419937552]}"
3793,0.0,25.0,288.0,38.92749786376953,262.0,18.661915301918818,109.01259168267438,1916.8575439453125,50.0,8.310858726501465,4.0,1.0,0.5745854465700638,11.515129089355469,46.0,"{""type"":""Point"",""coordinates"":[109.01314553613074,18.660906024312254]}"
3794,0.0,31.0,907.0,29.57343864440918,778.0,18.890985699369296,109.17878001023655,2006.328125,41.0,7.907912254333496,7.0,2.0,0.5516387218592362,11.01590633392334,45.0,"{""type"":""Point"",""coordinates"":[109.17960992777726,18.892130644031752]}"
3795,0.0,31.0,77.0,10.676165580749512,66.0,19.582688468141328,110.30167411538594,2402.07421875,40.0,0.298185259103775,5.0,3.0,0.713253870520189,14.945453643798828,39.0,"{""type"":""Point"",""coordinates"":[110.30236791187981,19.583784725586405]}"
3797,0.0,27.0,288.0,12.769513130187988,143.0,18.810137323798536,109.32251045569564,2119.0888671875,49.0,0.9626465439796448,5.0,1.0,0.6206551154096638,13.677714347839355,44.0,"{""type"":""Point"",""coordinates"":[109.32028687341608,18.812202210978743]}"
3798,0.0,30.0,559.0,80.4798355102539,469.0,19.245820236596508,109.94234800173814,2466.73095703125,43.0,16.8443660736084,6.0,2.0,0.5985326505343429,10.581616401672363,38.0,"{""type"":""Point"",""coordinates"":[109.94459367885612,19.246957961854644]}"
3799,0.0,32.0,389.0,25.96700096130371,382.0,18.590050079189254,108.95869276562723,1850.952880859375,39.0,5.148866653442383,5.0,1.0,0.5623775923195258,11.92678165435791,49.0,"{""type"":""Point"",""coordinates"":[108.95765876963867,18.590601039509995]}"
3800,0.0,28.0,209.0,16.65913963317871,125.0,19.232345507334713,109.1877631630777,2401.96533203125,47.0,1.0257433652877808,4.0,2.0,0.6678989344378945,13.66677188873291,38.0,"{""type"":""Point"",""coordinates"":[109.188716795872,19.23104726505677]}"
3801,0.0,26.0,272.0,26.947874069213867,181.0,19.12903924966097,109.91090696679396,2324.91552734375,48.0,2.6190683841705322,4.0,2.0,0.6352555836982197,12.687093734741211,42.0,"{""type"":""Point"",""coordinates"":[109.90985175742144,19.12679685280319]}"
3802,0.0,27.0,173.0,56.30939483642578,148.0,19.142513978922757,110.10853632930025,2475.162109375,48.0,6.902994155883789,4.0,2.0,0.6246499134002244,11.778549194335938,44.0,"{""type"":""Point"",""coordinates"":[110.10888949691976,19.141566886116642]}"
3803,0.0,24.0,46.0,17.347143173217773,42.0,19.398533834896824,109.08894848182456,2068.065673828125,50.0,1.617708444595337,2.0,3.0,0.7320313378788138,13.311442375183105,35.0,"{""type"":""Point"",""coordinates"":[109.08847664680408,19.397302532898703]}"
3804,0.0,25.0,190.0,18.00792121887207,93.0,19.232345507334713,109.82107543838197,2446.655517578125,54.0,1.1418508291244507,3.0,2.0,0.6782810545376258,13.571751594543457,38.0,"{""type"":""Point"",""coordinates"":[109.82065669231291,19.23199579730025]}"
3805,0.0,21.0,14.0,5.111537933349609,15.0,19.18293816670814,108.72513079175616,1460.210205078125,54.0,0.4306012988090515,2.0,2.0,0.7054681899674932,14.65385627746582,41.0,"{""type"":""Point"",""coordinates"":[108.72705758937887,19.183310484676895]}"
3806,0.0,24.0,114.0,12.155146598815918,91.0,19.335651765008457,109.1832715866571,2386.53564453125,47.0,0.42936134338378906,3.0,3.0,0.6889878188830804,14.597480773925781,37.0,"{""type"":""Point"",""coordinates"":[109.181488672652,19.3365624157924]}"
3807,0.0,29.0,45.0,9.212933540344238,46.0,19.367092799952644,108.78352128522391,1442.558837890625,44.0,1.6892465353012085,3.0,3.0,0.6514087882960674,13.268732070922852,44.0,"{""type"":""Point"",""coordinates"":[108.78154114802393,19.36628292592443]}"
3808,0.0,31.0,431.0,43.05775451660156,376.0,18.922426734313476,108.94072645994487,1859.2220458984375,41.0,12.19155502319336,5.0,2.0,0.5613303629723553,11.02095890045166,44.0,"{""type"":""Point"",""coordinates"":[108.93855120790151,18.920889079321814]}"
3809,0.0,30.0,823.0,50.21115493774414,595.0,19.0706487561932,109.24166208012491,2241.46240234375,41.0,12.909424781799316,7.0,2.0,0.5810694592607502,10.609837532043457,39.0,"{""type"":""Point"",""coordinates"":[109.24061594466798,19.0721226633024]}"
3810,0.0,25.0,8.0,6.553262710571289,9.0,19.94650615820973,110.79574752165166,1868.8828125,43.0,0.3441552519798279,2.0,4.0,0.6931805434559406,13.528929710388184,51.0,"{""type"":""Point"",""coordinates"":[110.79417886951296,19.945105365540282]}"
3811,0.0,27.0,155.0,42.06647491455078,147.0,19.254803389437704,110.28819938612412,2575.142822265625,52.0,4.047500133514404,4.0,2.0,0.6821483576510494,12.326929092407227,35.0,"{""type"":""Point"",""coordinates"":[110.2882095214222,19.256225198937905]}"
3812,0.0,29.0,370.0,41.55604934692383,358.0,19.223362354493517,110.22531731623576,2568.791748046875,44.0,4.231060028076172,4.0,2.0,0.6459226827471536,12.137825965881348,40.0,"{""type"":""Point"",""coordinates"":[110.22503593126142,19.2220941270777]}"
3813,0.0,23.0,101.0,10.555455207824707,74.0,19.371584376373235,109.22369577444249,2347.648193359375,50.0,0.2931711971759796,4.0,3.0,0.7210445516224376,14.9869384765625,34.0,"{""type"":""Point"",""coordinates"":[109.22467133484466,19.37318607112456]}"
3814,0.0,29.0,875.0,55.85874557495117,725.0,19.15598870818455,109.76268494491421,2563.0400390625,45.0,11.10781192779541,6.0,2.0,0.5957182837670616,10.70703125,40.0,"{""type"":""Point"",""coordinates"":[109.76118827537285,19.156481007008253]}"
3815,0.0,28.0,12.0,8.858023643493652,12.0,19.964472463892122,110.37803091453611,2134.75634765625,38.0,0.38982054591178894,4.0,4.0,0.7513132450384836,13.862346649169922,41.0,"{""type"":""Point"",""coordinates"":[110.37790976900456,19.965409187592773]}"
3816,0.0,28.0,483.0,60.14509201049805,440.0,18.76522155959256,109.97828061310292,2335.8837890625,44.0,11.013837814331055,7.0,1.0,0.5836918542933275,11.085219383239746,45.0,"{""type"":""Point"",""coordinates"":[109.97659905815703,18.764816815169432]}"
3817,0.0,23.0,99.0,16.405330657958984,102.0,18.62598269055404,108.83292862585051,1625.0540771484375,53.0,3.01814341545105,4.0,1.0,0.5818684678669825,12.65559196472168,47.0,"{""type"":""Point"",""coordinates"":[108.8307753427727,18.627094146178788]}"
3818,0.0,22.0,126.0,13.530898094177246,96.0,19.429974869841004,109.2326789272837,2317.81494140625,56.0,0.7143113613128662,3.0,3.0,0.6996624303523732,14.081074714660645,32.0,"{""type"":""Point"",""coordinates"":[109.23461932178085,19.429665458789483]}"
3819,0.0,29.0,390.0,52.504058837890625,371.0,19.164971861025748,110.13548578782382,2488.633056640625,45.0,6.9685773849487305,5.0,2.0,0.6268441534735766,11.621162414550781,41.0,"{""type"":""Point"",""coordinates"":[110.13603583959173,19.1660161436077]}"
3820,0.0,28.0,269.0,16.389896392822266,164.0,18.814628900219134,109.9603143074205,2263.56494140625,49.0,1.2747348546981812,4.0,1.0,0.6239859157504266,13.409730911254883,45.0,"{""type"":""Point"",""coordinates"":[109.96021588618203,18.814428069844798]}"
3821,0.0,35.0,130.0,19.36180877685547,119.0,19.60514635024431,110.26124992760055,2371.304443359375,36.0,1.4408077001571655,8.0,3.0,0.6811092300863931,13.336555480957031,36.0,"{""type"":""Point"",""coordinates"":[110.26121525046287,19.60300114953921]}"
3822,0.0,27.0,216.0,51.00323486328125,214.0,18.41038702236535,109.5515808531461,2154.610595703125,48.0,8.969443321228027,4.0,1.0,0.6027297099674833,11.485709190368652,43.0,"{""type"":""Point"",""coordinates"":[109.54990076198906,18.40818138525526]}"
3823,0.0,25.0,159.0,10.140796661376953,62.0,19.281752847961286,109.77166809775542,2421.7236328125,53.0,0.23734934628009796,3.0,3.0,0.7215260945966464,15.162403106689453,37.0,"{""type"":""Point"",""coordinates"":[109.77318563856082,19.280450079469528]}"
3824,0.0,29.0,920.0,50.91326141357422,803.0,18.82810362948093,109.67734499292288,2239.0673828125,47.0,15.823752403259277,6.0,2.0,0.5357302153547018,10.287245750427246,46.0,"{""type"":""Point"",""coordinates"":[109.6751662608364,18.827933151067224]}"
3825,0.0,30.0,8.0,5.472406387329102,9.0,19.86116620621838,109.4392914426312,1738.2657470703125,39.0,0.16744665801525116,3.0,4.0,0.7576461236485343,15.601836204528809,35.0,"{""type"":""Point"",""coordinates"":[109.43744022503864,19.85977280488412]}"
3826,0.0,27.0,115.0,10.132039070129395,61.0,19.025732991987226,108.96767591846844,2026.699462890625,46.0,0.6228060722351074,4.0,2.0,0.6829822168501511,14.224913597106934,41.0,"{""type"":""Point"",""coordinates"":[108.96905682064258,19.025811350567785]}"
3827,0.0,25.0,17.0,10.199868202209473,8.0,19.681503149394473,110.25675835117994,2387.02685546875,47.0,0.24367380142211914,2.0,3.0,0.8184913875373462,14.960914611816406,30.0,"{""type"":""Point"",""coordinates"":[110.25805281813413,19.679972158543038]}"
3828,0.0,23.0,171.0,9.677433967590332,154.0,18.54064273856268,109.06649059972159,1859.5963134765625,57.0,0.8584384322166443,2.0,1.0,0.5972481483411097,13.869190216064453,47.0,"{""type"":""Point"",""coordinates"":[109.06791549107535,18.542682593687488]}"
3829,0.0,26.0,132.0,53.694332122802734,127.0,18.527168009300887,109.71776918070822,2327.45068359375,52.0,7.634794235229492,4.0,1.0,0.6035036660747246,11.7023344039917,47.0,"{""type"":""Point"",""coordinates"":[109.71912762920604,18.528833624117638]}"
3830,0.0,32.0,114.0,24.69569206237793,91.0,19.618621079506106,110.0007384952059,2411.451171875,41.0,2.0084946155548096,4.0,3.0,0.7023584476219285,13.054247856140137,33.0,"{""type"":""Point"",""coordinates"":[109.99852735453975,19.616633737327508]}"
3831,0.0,24.0,39.0,7.400084495544434,39.0,19.41200856415862,109.03954114119801,1984.40625,51.0,0.243267223238945,2.0,3.0,0.7317922995564858,15.210402488708496,36.0,"{""type"":""Point"",""coordinates"":[109.03973159360748,19.41312211239195]}"
3832,0.0,23.0,58.0,19.70623779296875,53.0,18.787679441695552,110.19836785771219,2270.92138671875,55.0,1.5776690244674683,4.0,1.0,0.6793130929153367,13.329458236694336,47.0,"{""type"":""Point"",""coordinates"":[110.19801254352159,18.787948045314526]}"
3833,0.0,27.0,12.0,5.715902805328369,15.0,18.706831066124792,110.40947194948029,1895.9713134765625,49.0,0.08341195434331894,3.0,1.0,0.707287503931149,16.277267456054688,47.0,"{""type"":""Point"",""coordinates"":[110.408591965368,18.70631964806652]}"
3834,0.0,25.0,299.0,30.77743911743164,145.0,19.043699297669612,109.80760070912021,2358.28466796875,50.0,3.1579952239990234,4.0,2.0,0.6334670431509907,12.481246948242188,42.0,"{""type"":""Point"",""coordinates"":[109.80606311436813,19.044326937392682]}"
3835,0.0,24.0,171.0,15.419474601745605,88.0,19.313193882905473,109.78963440343779,2412.892333984375,55.0,0.8624774813652039,3.0,3.0,0.6841903146294643,13.864495277404785,38.0,"{""type"":""Point"",""coordinates"":[109.79157295130729,19.312944151316458]}"
3836,0.0,27.0,198.0,31.096900939941406,114.0,18.68437318402181,109.08445690540395,1991.1480712890625,43.0,4.796042442321777,4.0,1.0,0.604034413709797,12.129268646240234,44.0,"{""type"":""Point"",""coordinates"":[109.08283633547119,18.684956764389657]}"
3837,0.0,27.0,292.0,68.53080749511719,238.0,19.052682450510808,109.06649059972159,2314.381103515625,50.0,12.731851577758789,5.0,2.0,0.6132343327132911,11.076245307922363,39.0,"{""type"":""Point"",""coordinates"":[109.06547743708234,19.05451273686425]}"
3838,0.0,26.0,61.0,40.662384033203125,54.0,18.477760668674314,109.26411996222788,1948.5382080078125,49.0,7.5308518409729,11.0,1.0,0.6528345416456973,11.7590970993042,45.0,"{""type"":""Point"",""coordinates"":[109.26211007645676,18.477190374998248]}"
3839,0.0,29.0,542.0,41.35293960571289,486.0,19.138022402502166,109.13835582245116,2401.808349609375,47.0,5.9008097648620605,7.0,2.0,0.6275867523499963,11.670554161071777,39.0,"{""type"":""Point"",""coordinates"":[109.13781076396212,19.139300232183405]}"
3840,0.0,25.0,175.0,36.86958312988281,149.0,18.949376192837065,110.19836785771219,2286.8037109375,53.0,4.477820873260498,4.0,2.0,0.6143185431676466,12.212916374206543,46.0,"{""type"":""Point"",""coordinates"":[110.1984236659236,18.948024997762314]}"
3841,0.0,30.0,10.0,10.084097862243652,11.0,19.340143341429055,110.67447495829555,2132.62890625,41.0,0.558993399143219,3.0,3.0,0.7687633555599517,14.001420974731445,37.0,"{""type"":""Point"",""coordinates"":[110.67307124060791,19.34121054647928]}"
3842,0.0,26.0,17.0,10.703120231628418,20.0,18.926918310734074,110.40947194948029,2133.727294921875,47.0,0.5473369359970093,3.0,2.0,0.7316236189590108,14.412235260009766,43.0,"{""type"":""Point"",""coordinates"":[110.41111738652467,18.928147898419386]}"
3843,0.0,26.0,58.0,12.931970596313477,58.0,19.483873786888182,109.04852429403917,1890.7239990234375,51.0,1.3578035831451416,2.0,3.0,0.7041886919382239,13.479604721069336,35.0,"{""type"":""Point"",""coordinates"":[109.0503775972273,19.485591360134777]}"
3844,0.0,26.0,372.0,48.664302825927734,305.0,18.65742372549822,109.34047676137806,2082.710693359375,50.0,10.195581436157227,4.0,1.0,0.5817096245546896,11.248063087463379,44.0,"{""type"":""Point"",""coordinates"":[109.34185032863341,18.65828003198552]}"
3845,0.0,28.0,323.0,41.12746047973633,203.0,19.340143341429055,109.47073247757538,2485.3037109375,51.0,4.737212657928467,4.0,3.0,0.655849163823671,12.05781078338623,37.0,"{""type"":""Point"",""coordinates"":[109.47025752074137,19.339253006145082]}"
3846,0.0,22.0,75.0,13.0111083984375,41.0,19.68599472581507,109.62793765229628,2253.215576171875,58.0,0.7509830594062805,3.0,3.0,0.7555145770841569,14.061888694763184,33.0,"{""type"":""Point"",""coordinates"":[109.6278167131439,19.6850776044584]}"
3847,0.0,26.0,199.0,78.24444580078125,180.0,19.084123485454995,110.14446894066504,2597.3310546875,47.0,10.100517272949219,5.0,2.0,0.61411298357401,11.375734329223633,45.0,"{""type"":""Point"",""coordinates"":[110.14415660294038,19.08510454696476]}"
3848,0.0,20.0,18.0,4.767543315887451,21.0,18.63496584339523,108.7116560624944,1483.9129638671875,53.0,0.2970498502254486,2.0,1.0,0.6915350479374358,14.932367324829102,43.0,"{""type"":""Point"",""coordinates"":[108.71062756507547,18.633816734191004]}"
3849,0.0,26.0,936.0,48.411834716796875,849.0,18.82810362948093,109.72675233354943,2252.894775390625,45.0,13.290825843811035,6.0,2.0,0.5468505601931711,10.449987411499023,45.0,"{""type"":""Point"",""coordinates"":[109.72521380938285,18.827908031195854]}"
3850,0.0,32.0,431.0,37.75364303588867,377.0,18.944884616416466,109.05301587045977,2034.9632568359375,39.0,7.457293510437012,7.0,2.0,0.5998616295373344,11.5220947265625,41.0,"{""type"":""Point"",""coordinates"":[109.05326321607522,18.94697065307775]}"
3851,0.0,30.0,140.0,41.482418060302734,120.0,18.612507961292245,109.77615967417603,2286.3154296875,43.0,5.248626708984375,5.0,1.0,0.6142613388162792,12.075273513793945,46.0,"{""type"":""Point"",""coordinates"":[109.77549963337474,18.614181662366917]}"
3852,0.0,21.0,9.0,9.699993133544922,9.0,19.65455369087089,109.33598518495745,1975.52392578125,55.0,0.5863712430000305,2.0,3.0,0.7650709314239451,14.347942352294922,36.0,"{""type"":""Point"",""coordinates"":[109.33742477407102,19.6535305103648]}"
3853,0.0,27.0,928.0,57.67380142211914,778.0,19.15598870818455,109.75819336849361,2563.0400390625,47.0,12.406393051147461,5.0,2.0,0.588096218969759,10.53096866607666,40.0,"{""type"":""Point"",""coordinates"":[109.75667998449308,19.15422423024815]}"
3854,0.0,26.0,31.0,9.359159469604492,16.0,19.061665603352004,110.25675835117994,2390.638427734375,45.0,0.12978270649909973,4.0,2.0,0.7486885215377144,15.843364715576172,44.0,"{""type"":""Point"",""coordinates"":[110.25850347766882,19.062270566882145]}"
3855,0.0,30.0,5.0,7.3643479347229,5.0,20.04981241588348,110.35557303243309,1964.932373046875,42.0,0.3898671865463257,2.0,4.0,0.7523349400421968,13.871996879577637,40.0,"{""type"":""Point"",""coordinates"":[110.35622245496968,20.047594403252063]}"
3856,0.0,30.0,639.0,58.5545654296875,510.0,18.940393039995868,109.843533320485,2348.892333984375,38.0,11.662421226501465,4.0,2.0,0.5713950045823141,10.895308494567871,45.0,"{""type"":""Point"",""coordinates"":[109.84396290910841,18.941649464031514]}"
3857,0.0,27.0,109.0,41.27385330200195,99.0,18.967342498519457,110.30616569180654,2259.705322265625,46.0,5.169773578643799,4.0,2.0,0.6284770622039851,12.109543800354004,43.0,"{""type"":""Point"",""coordinates"":[110.30555397944265,18.96848308119584]}"
3858,0.0,26.0,25.0,8.983267784118652,11.0,19.762351524965233,110.12201105856201,2408.277099609375,45.0,0.0836959183216095,3.0,4.0,0.8129376197055165,16.023557662963867,31.0,"{""type"":""Point"",""coordinates"":[110.12063085955572,19.76110944454327]}"
3859,0.0,27.0,844.0,37.7752571105957,647.0,18.85056151158392,109.56505558240792,2170.943115234375,49.0,8.975409507751465,6.0,2.0,0.5604898637921382,10.959341049194336,45.0,"{""type"":""Point"",""coordinates"":[109.56303720156689,18.85050671646158]}"
3860,0.0,28.0,696.0,16.53528594970703,688.0,18.675390031180612,108.85089493153288,1671.6162109375,49.0,4.1316657066345215,5.0,1.0,0.5502976868836396,11.89263916015625,46.0,"{""type"":""Point"",""coordinates"":[108.85005673930299,18.675726569845516]}"
3861,0.0,23.0,39.0,11.904446601867676,39.0,19.32666861216726,110.54871081851877,2464.503173828125,52.0,0.36499521136283875,5.0,3.0,0.7445708223310432,14.647597312927246,40.0,"{""type"":""Point"",""coordinates"":[110.5496771608373,19.328752348937815]}"
3862,0.0,25.0,50.0,7.708323955535889,53.0,18.612507961292245,108.80148759090633,1625.0540771484375,49.0,0.7954587340354919,3.0,1.0,0.6526843081576446,14.019143104553223,45.0,"{""type"":""Point"",""coordinates"":[108.80099595836941,18.611838976939865]}"
3863,0.0,26.0,940.0,15.444034576416016,912.0,18.724797371807185,109.89294066111154,2126.425537109375,48.0,1.8704782724380493,5.0,1.0,0.5646918500117507,12.423763275146484,47.0,"{""type"":""Point"",""coordinates"":[109.89194934776813,18.724537968607596]}"
3864,0.0,26.0,2.0,6.654246807098389,5.0,18.284622882588614,109.71327760428761,1887.6024169921875,51.0,0.249909907579422,3.0,0.0,0.740101898813746,15.20483112335205,42.0,"{""type"":""Point"",""coordinates"":[109.71286815401933,18.285514384958525]}"
3865,0.0,24.0,137.0,16.57289695739746,60.0,19.35361807069085,109.78963440343779,2475.954833984375,52.0,0.8619574308395386,4.0,3.0,0.7217786422888696,13.88637638092041,38.0,"{""type"":""Point"",""coordinates"":[109.78998186897718,19.355527205220216]}"
3866,0.0,26.0,18.0,10.295125961303711,21.0,18.90446042863109,110.43192983158326,2133.727294921875,46.0,0.4884103238582611,3.0,2.0,0.7306869425817977,14.506359100341797,43.0,"{""type"":""Point"",""coordinates"":[110.43036971674061,18.904460182152363]}"
3867,0.0,26.0,61.0,8.300628662109375,60.0,19.582688468141328,109.32251045569564,2200.006591796875,49.0,0.1825314611196518,3.0,3.0,0.7211001859381538,15.484716415405273,36.0,"{""type"":""Point"",""coordinates"":[109.3209083541788,19.581815379000293]}"
3868,0.0,33.0,5.0,8.826549530029297,5.0,19.964472463892122,109.82107543838197,1980.5460205078125,38.0,0.548561692237854,4.0,4.0,0.7673967858249228,14.149420738220215,37.0,"{""type"":""Point"",""coordinates"":[109.82022636733836,19.96462274663678]}"
3869,0.0,29.0,210.0,41.04117965698242,32.0,19.18742974312874,109.49319035967835,2387.507568359375,40.0,4.537193298339844,4.0,2.0,0.7328562707415776,12.17724609375,37.0,"{""type"":""Point"",""coordinates"":[109.49527178689776,19.185870461548532]}"
3870,0.0,30.0,90.0,9.885279655456543,91.0,19.865657782638976,110.14446894066504,2310.109130859375,41.0,0.31029096245765686,3.0,4.0,0.6998833622118217,14.653544425964355,34.0,"{""type"":""Point"",""coordinates"":[110.14532761826624,19.866887343046116]}"
3871,0.0,26.0,4.0,5.85218620300293,5.0,19.982438769574514,110.76430648670748,1812.828125,42.0,0.23741750419139862,3.0,4.0,0.7133496056201688,13.909038543701172,47.0,"{""type"":""Point"",""coordinates"":[110.76370462236595,19.98147921171762]}"
3872,0.0,25.0,5.0,8.159313201904297,7.0,19.147005555343355,110.51726978357459,2283.859375,44.0,0.060718834400177,2.0,2.0,0.7615467311985294,16.59889793395996,42.0,"{""type"":""Point"",""coordinates"":[110.51632966112851,19.148807987345236]}"
3873,0.0,27.0,190.0,41.712642669677734,113.0,18.890985699369296,110.06811214151486,2220.776611328125,48.0,5.8620734214782715,4.0,2.0,0.6048227256534993,11.932533264160156,46.0,"{""type"":""Point"",""coordinates"":[110.06964633162302,18.89291745272769]}"
3874,0.0,28.0,27.0,7.116365432739258,26.0,19.784809407068217,110.70591599323973,2082.735107421875,49.0,0.21587808430194855,4.0,4.0,0.7368815522979452,14.370009422302246,40.0,"{""type"":""Point"",""coordinates"":[110.70774314961248,19.785179788857196]}"
3875,0.0,25.0,56.0,11.71214485168457,57.0,18.940393039995868,110.34658987959187,2227.659912109375,51.0,0.5920339822769165,5.0,2.0,0.6861614100668216,14.310995101928711,45.0,"{""type"":""Point"",""coordinates"":[110.3469388011932,18.938359014397598]}"
3876,0.0,29.0,427.0,44.95354461669922,373.0,19.025732991987226,109.11589794034813,2366.662109375,45.0,6.3976263999938965,5.0,2.0,0.6290076724663631,11.679884910583496,39.0,"{""type"":""Point"",""coordinates"":[109.11455832576648,19.024524344023536]}"
3877,0.0,32.0,120.0,14.817670822143555,104.0,19.456924328364593,110.46786244294805,2380.862060546875,37.0,0.8429293036460876,5.0,3.0,0.6648025494995466,13.753622055053711,40.0,"{""type"":""Point"",""coordinates"":[110.47004040305619,19.454982354403388]}"
3878,0.0,27.0,35.0,27.79665184020996,38.0,18.97183407494005,110.42743825516266,2318.270263671875,47.0,2.5561139583587646,5.0,2.0,0.7279603530560883,12.859993934631348,40.0,"{""type"":""Point"",""coordinates"":[110.42712974101059,18.969833382241568]}"
3879,0.0,28.0,483.0,25.28883934020996,480.0,18.670898454760014,108.83742020227112,1698.3560791015625,49.0,6.9657416343688965,5.0,1.0,0.5561534956107472,11.550848960876465,46.0,"{""type"":""Point"",""coordinates"":[108.83926608139112,18.670195728527695]}"
3880,0.0,31.0,539.0,60.457374572753906,415.0,19.178446590287543,109.25064523296606,2446.190673828125,39.0,10.197925567626953,6.0,2.0,0.6238041443836185,11.118841171264648,37.0,"{""type"":""Point"",""coordinates"":[109.25009130882223,19.176562006347435]}"
3881,0.0,23.0,25.0,6.807333946228027,25.0,19.762351524965233,110.87210432080184,1793.6622314453125,52.0,0.6735711097717285,2.0,4.0,0.6955069769396549,12.81897258758545,45.0,"{""type"":""Point"",""coordinates"":[110.87333385442263,19.76363176831925]}"
3882,0.0,33.0,132.0,21.299583435058594,105.0,19.420991716999815,110.33311515033012,2416.2685546875,42.0,1.6182609796524048,5.0,3.0,0.6717814630480367,13.25937557220459,38.0,"{""type"":""Point"",""coordinates"":[110.33344296551023,19.418923289449488]}"
3883,0.0,27.0,219.0,29.12554168701172,69.0,19.313193882905473,109.5515808531461,2442.043212890625,46.0,2.522944927215576,7.0,3.0,0.7043995911425311,12.759720802307129,37.0,"{""type"":""Point"",""coordinates"":[109.551666069042,19.31537514219946]}"
3884,0.0,32.0,118.0,24.134925842285156,119.0,19.928539852527344,110.22980889265637,2199.953369140625,34.0,2.8490512371063232,4.0,4.0,0.6548830682243719,12.412880897521973,38.0,"{""type"":""Point"",""coordinates"":[110.23121390038617,19.929676123716355]}"
3885,0.0,28.0,59.0,19.941083908081055,46.0,19.429974869841004,110.5217613599952,2420.212646484375,43.0,1.4790934324264526,4.0,3.0,0.7364358636595135,13.116116523742676,38.0,"{""type"":""Point"",""coordinates"":[110.52216220133144,19.429905182292202]}"
3886,0.0,29.0,101.0,27.840274810791016,74.0,19.483873786888182,110.2073510105534,2423.568603515625,48.0,2.4351513385772705,4.0,3.0,0.7077122009861025,12.86933708190918,36.0,"{""type"":""Point"",""coordinates"":[110.20735255548321,19.482650681994432]}"
3887,0.0,33.0,381.0,30.665691375732422,162.0,19.097598214716783,109.33598518495745,2307.342041015625,36.0,3.5188169479370117,5.0,2.0,0.6340242540838332,12.314724922180176,40.0,"{""type"":""Point"",""coordinates"":[109.33467729522822,19.098210107151267]}"
3888,0.0,29.0,99.0,15.885859489440918,86.0,18.590050079189254,109.73124390997003,2292.315185546875,41.0,1.0170470476150513,4.0,1.0,0.6525582917603949,13.74415111541748,45.0,"{""type"":""Point"",""coordinates"":[109.73301408874018,18.589531721807045]}"
3889,0.0,29.0,22.0,5.688928604125977,23.0,19.820742018433002,109.29106942075146,1649.26708984375,38.0,0.29848143458366394,2.0,4.0,0.7435091147203489,15.015727043151855,33.0,"{""type"":""Point"",""coordinates"":[109.29254712852426,19.82028062939448]}"
3890,0.0,31.0,124.0,8.413006782531738,116.0,19.560230586038337,109.42581671336939,2331.542724609375,46.0,0.13458126783370972,4.0,3.0,0.6906094263390959,15.751504898071289,34.0,"{""type"":""Point"",""coordinates"":[109.42586193352574,19.559585468567583]}"
3891,0.0,23.0,4.0,5.892784118652344,5.0,19.99142192241571,110.76879806312809,1812.828125,46.0,0.22943836450576782,2.0,4.0,0.717063989078862,13.943224906921387,46.0,"{""type"":""Point"",""coordinates"":[110.76717063533485,19.992376031273604]}"
3892,0.0,22.0,25.0,5.542491912841797,26.0,19.87913251190077,110.87659589722244,1758.84033203125,53.0,0.2696009874343872,2.0,4.0,0.6757471217812964,13.734661102294922,49.0,"{""type"":""Point"",""coordinates"":[110.87811603731537,19.87781976865991]}"
3893,0.0,22.0,165.0,18.781219482421875,82.0,19.335651765008457,109.77615967417603,2412.892333984375,54.0,1.1913694143295288,3.0,3.0,0.6852237742061837,13.545165061950684,39.0,"{""type"":""Point"",""coordinates"":[109.7777737253688,19.334250933108976]}"
3894,0.0,27.0,97.0,25.026203155517578,50.0,19.147005555343355,110.02768795372947,2507.076416015625,46.0,1.746934413909912,4.0,2.0,0.710994113221281,13.204195976257324,43.0,"{""type"":""Point"",""coordinates"":[110.0255646853901,19.14664439266929]}"
3895,0.0,21.0,175.0,16.204856872558594,101.0,19.335651765008457,109.96480588384111,2432.5693359375,54.0,0.842720091342926,4.0,3.0,0.6635507984851381,13.885139465332031,40.0,"{""type"":""Point"",""coordinates"":[109.96310175031958,19.336794066362234]}"
3896,0.0,23.0,8.0,4.12238883972168,9.0,19.254803389437704,108.65775714544719,1381.2518310546875,50.0,0.2930282652378082,2.0,2.0,0.7081907438259099,14.97216796875,41.0,"{""type"":""Point"",""coordinates"":[108.65600653435358,19.25533182042909]}"
3897,0.0,29.0,42.0,14.559454917907715,42.0,19.77133467780643,110.58015185346295,2197.389404296875,38.0,1.1695244312286377,5.0,4.0,0.73976507895604,13.201676368713379,36.0,"{""type"":""Point"",""coordinates"":[110.57926943695735,19.772363817548456]}"
3898,0.0,30.0,77.0,16.964468002319336,78.0,19.94650615820973,110.18489312845037,2195.25,40.0,1.5348180532455444,3.0,4.0,0.6945546363645222,13.064988136291504,36.0,"{""type"":""Point"",""coordinates"":[110.18503486439302,19.946197045696223]}"
3899,0.0,29.0,59.0,9.094012260437012,52.0,19.8252335948536,110.13099421140322,2307.186767578125,39.0,0.18292054533958435,6.0,4.0,0.752106884150693,15.20646858215332,33.0,"{""type"":""Point"",""coordinates"":[110.13088641629845,19.826570758891584]}"
3900,0.0,28.0,30.0,5.821350574493408,31.0,19.807267289171207,109.30903572643388,1698.42041015625,39.0,0.25982576608657837,2.0,4.0,0.7372265781604165,15.14979076385498,33.0,"{""type"":""Point"",""coordinates"":[109.31114227888175,19.80556809973172]}"
3901,0.0,29.0,1167.0,29.96795082092285,997.0,18.96285092209886,109.41683356052818,2204.309814453125,43.0,8.685365676879883,9.0,2.0,0.5650623852349518,10.553083419799805,41.0,"{""type"":""Point"",""coordinates"":[109.4184349755778,18.96312923731489]}"
3902,0.0,24.0,139.0,23.718454360961914,91.0,19.623112655926704,109.78963440343779,2397.6220703125,53.0,1.8746641874313354,4.0,3.0,0.7005091959470893,13.107876777648926,33.0,"{""type"":""Point"",""coordinates"":[109.78818027095993,19.625258884136517]}"
3903,0.0,24.0,125.0,21.4166316986084,78.0,19.209887625231723,110.06811214151486,2531.090576171875,51.0,1.2958322763442993,4.0,2.0,0.6904418131215748,13.485980987548828,41.0,"{""type"":""Point"",""coordinates"":[110.06668062636749,19.21170996376215]}"
3904,0.0,27.0,43.0,15.72313404083252,43.0,19.811758865591806,110.08607844719722,2373.684326171875,39.0,0.9216160178184509,4.0,4.0,0.7668652080044233,13.601702690124512,32.0,"{""type"":""Point"",""coordinates"":[110.08820418042097,19.809552045213575]}"
3905,0.0,24.0,29.0,11.803962707519531,23.0,19.23683708375531,108.88233596647706,1859.462158203125,49.0,1.1261839866638184,2.0,2.0,0.7126494121174011,13.683670997619629,42.0,"{""type"":""Point"",""coordinates"":[108.88080747301895,19.237138586989023]}"
3906,0.0,30.0,14.0,10.09314250946045,11.0,19.739893642862242,110.34209830317133,2360.567626953125,36.0,0.251067578792572,2.0,3.0,0.8137154098820042,14.924267768859863,30.0,"{""type"":""Point"",""coordinates"":[110.34033743966556,19.740933259509028]}"
3907,0.0,28.0,195.0,35.82347106933594,78.0,19.38056752921443,109.58302188809029,2451.974365234375,46.0,3.4957048892974854,6.0,3.0,0.7051963970991053,12.448551177978516,34.0,"{""type"":""Point"",""coordinates"":[109.58118419822718,19.38134365550737]}"
3908,0.0,25.0,21.0,6.475127696990967,22.0,19.870149359059575,110.79574752165166,1901.2159423828125,49.0,0.3258156180381775,2.0,4.0,0.7022143751767644,13.554443359375,46.0,"{""type"":""Point"",""coordinates"":[110.79370424488243,19.871596719842657]}"
3909,0.0,28.0,242.0,19.872589111328125,230.0,19.21437920165232,110.21633416339455,2568.791748046875,42.0,1.0964546203613281,4.0,2.0,0.6663822310677053,13.578473091125488,40.0,"{""type"":""Point"",""coordinates"":[110.21717869685709,19.215623519160104]}"
3910,0.0,25.0,658.0,88.7340316772461,648.0,18.6888647604424,109.90192381395275,2376.788818359375,51.0,24.149715423583984,5.0,1.0,0.5218122043475604,10.10233211517334,48.0,"{""type"":""Point"",""coordinates"":[109.901885719968,18.688962713779993]}"
3911,0.0,24.0,22.0,5.697723388671875,19.0,19.852183053377182,110.81371382733403,1829.52197265625,51.0,0.21092000603675842,2.0,4.0,0.7015168720277501,13.987016677856445,46.0,"{""type"":""Point"",""coordinates"":[110.81517991097873,19.852838170674396]}"
3912,0.0,24.0,296.0,31.44930648803711,292.0,18.639457419815827,109.99624691878529,2221.81396484375,52.0,3.873542547225952,3.0,1.0,0.6092379521018992,12.278565406799316,45.0,"{""type"":""Point"",""coordinates"":[109.99400764381,18.63852400092151]}"
3913,0.0,26.0,25.0,25.050798416137695,17.0,19.18293816670814,110.3151488446477,2570.515869140625,42.0,1.5096745491027832,4.0,2.0,0.7743793798581274,13.392827987670898,39.0,"{""type"":""Point"",""coordinates"":[110.31370567327164,19.18323973496894]}"
3914,0.0,30.0,46.0,14.827347755432129,45.0,19.69048630223567,110.65201707619252,2287.281982421875,42.0,1.11660897731781,6.0,3.0,0.7425456328586904,13.244362831115723,36.0,"{""type"":""Point"",""coordinates"":[110.64991307495872,19.6907918435645]}"
3915,0.0,26.0,306.0,46.58681106567383,124.0,19.10208979113738,109.70429445144646,2476.05859375,47.0,5.322348117828369,4.0,2.0,0.6447809897587269,11.952571868896484,39.0,"{""type"":""Point"",""coordinates"":[109.70400152241682,19.10357372772484]}"
3916,0.0,27.0,28.0,11.629094123840332,29.0,19.49734851614997,110.75532333386627,2092.942138671875,48.0,0.9198397994041443,5.0,3.0,0.7454496140069624,13.454472541809082,37.0,"{""type"":""Point"",""coordinates"":[110.75490991878225,19.49872735507832]}"
3917,0.0,32.0,409.0,38.17335891723633,301.0,18.99429195704304,109.93336484889693,2220.6201171875,41.0,5.898345470428467,4.0,2.0,0.6142137204831665,11.775259971618652,41.0,"{""type"":""Point"",""coordinates"":[109.93519103591613,18.99340152251569]}"
3918,0.0,25.0,49.0,17.060985565185547,28.0,19.51980639825296,110.24777519833873,2399.712158203125,48.0,0.9754912853240967,4.0,3.0,0.7576711629711443,13.815675735473633,38.0,"{""type"":""Point"",""coordinates"":[110.24987905950255,19.518244194996225]}"
3919,0.0,25.0,34.0,11.711685180664062,34.0,19.57370531530013,109.19674631591892,2014.7352294921875,49.0,0.8587279319763184,3.0,3.0,0.7289027186007483,13.951956748962402,38.0,"{""type"":""Point"",""coordinates"":[109.19687434148518,19.57409493898795]}"
3920,0.0,26.0,36.0,11.589007377624512,36.0,18.93590146357527,110.33760672675072,2227.659912109375,49.0,0.5722414255142212,4.0,2.0,0.7100648050612512,14.356724739074707,45.0,"{""type"":""Point"",""coordinates"":[110.33541170047559,18.93732872984267]}"
3921,0.0,28.0,336.0,50.52827453613281,293.0,18.760729983171963,109.71327760428761,2440.123291015625,45.0,6.565495491027832,4.0,1.0,0.6012099777903441,11.720185279846191,47.0,"{""type"":""Point"",""coordinates"":[109.71363370079975,18.762381813612485]}"
3922,0.0,28.0,21.0,12.4813814163208,21.0,19.89260724116256,110.41396352590084,2196.421630859375,38.0,0.8113967180252075,5.0,4.0,0.7390143633729633,13.560989379882812,42.0,"{""type"":""Point"",""coordinates"":[110.41515740677856,19.89204927872443]}"
3923,0.0,22.0,170.0,14.529919624328613,104.0,19.447941175523397,109.5470892767255,2468.859619140625,57.0,0.6688444018363953,3.0,3.0,0.6928270424288254,14.119415283203125,34.0,"{""type"":""Point"",""coordinates"":[109.54911994197745,19.447175352535215]}"
3924,0.0,26.0,10.0,9.995306968688965,12.0,19.10658136755798,110.41396352590084,2398.890869140625,45.0,0.1909310668706894,4.0,2.0,0.7768685452449462,15.469440460205078,39.0,"{""type"":""Point"",""coordinates"":[110.41430652995791,19.106201902711216]}"
3926,0.0,31.0,371.0,31.925350189208984,335.0,18.922426734313476,108.89581069573887,1785.240234375,42.0,8.049365997314453,5.0,2.0,0.5731687885204616,11.48917293548584,44.0,"{""type"":""Point"",""coordinates"":[108.89405451565398,18.92135060865044]}"
3927,0.0,26.0,253.0,46.393062591552734,117.0,19.232345507334713,109.42132513694878,2492.259033203125,47.0,5.040473461151123,4.0,2.0,0.6586805565120448,12.043281555175781,37.0,"{""type"":""Point"",""coordinates"":[109.42330963793009,19.231398669633112]}"
3928,0.0,23.0,228.0,25.242719650268555,116.0,19.259294965858295,109.35844306706042,2539.175537109375,55.0,1.8145370483398438,3.0,2.0,0.6617111298178506,13.083741188049316,40.0,"{""type"":""Point"",""coordinates"":[109.35778317222707,19.25847352971217]}"
3929,0.0,25.0,2.0,5.229388236999512,3.0,20.013879804518695,110.66998338187494,1733.95068359375,46.0,0.19191136956214905,3.0,4.0,0.7155215073386655,14.126213073730469,46.0,"{""type"":""Point"",""coordinates"":[110.67144264431427,20.01240479276739]}"
3930,0.0,24.0,79.0,13.83179759979248,69.0,19.277261271540688,108.93174330710366,1942.234619140625,52.0,1.3684719800949097,2.0,2.0,0.675845756432243,13.459300994873047,39.0,"{""type"":""Point"",""coordinates"":[108.93370997330928,19.27919664941517]}"
3931,0.0,25.0,22.0,14.921226501464844,25.0,18.93590146357527,110.39150564379787,2169.59130859375,47.0,1.0450559854507446,3.0,2.0,0.7258069496478372,13.762507438659668,43.0,"{""type"":""Point"",""coordinates"":[110.38942621151955,18.937341389506958]}"
3932,0.0,35.0,24.0,24.443771362304688,24.0,19.897098817583156,109.93785642531753,2261.216796875,38.0,2.782031774520874,4.0,4.0,0.7623418499562201,12.510714530944824,35.0,"{""type"":""Point"",""coordinates"":[109.93758467749844,19.894868623794796]}"
3933,0.0,26.0,674.0,30.847999572753906,603.0,18.63047426697463,109.52013981820193,2183.75,50.0,5.119457244873047,5.0,1.0,0.5776493147881772,11.697959899902344,46.0,"{""type"":""Point"",""coordinates"":[109.51930233647252,18.630416839498537]}"
3934,0.0,25.0,74.0,31.49033546447754,77.0,18.97183407494005,110.39150564379787,2256.33837890625,53.0,3.4762866497039795,3.0,2.0,0.6738223320003532,12.528977394104004,40.0,"{""type"":""Point"",""coordinates"":[110.39105241893168,18.971815634705962]}"
3935,0.0,31.0,139.0,30.137165069580078,115.0,19.003275109884235,110.20285943413279,2430.447265625,37.0,2.5911457538604736,3.0,2.0,0.6352659094469572,12.783881187438965,45.0,"{""type"":""Point"",""coordinates"":[110.20113846751956,19.00170625583289]}"
3936,0.0,32.0,56.0,12.430279731750488,55.0,19.623112655926704,110.63405077051016,2285.096435546875,39.0,0.7530584335327148,5.0,3.0,0.7535941465632194,13.629217147827148,31.0,"{""type"":""Point"",""coordinates"":[110.63303821024083,19.62417018624729]}"
3937,0.0,32.0,20.0,9.235891342163086,18.0,19.811758865591806,110.35557303243309,2227.774658203125,38.0,0.3048398792743683,7.0,4.0,0.7789093762154329,14.725671768188477,35.0,"{""type"":""Point"",""coordinates"":[110.35521802862799,19.80977244620019]}"
3938,0.0,24.0,84.0,13.36816120147705,66.0,19.623112655926704,110.1130279057208,2449.103759765625,50.0,0.5166572332382202,3.0,3.0,0.7353279018996245,14.430541038513184,34.0,"{""type"":""Point"",""coordinates"":[110.11322231729845,19.621734122675505]}"
3939,0.0,26.0,56.0,9.442667007446289,56.0,19.901590394003755,110.3151488446477,2218.89111328125,47.0,0.35020390152931213,4.0,4.0,0.718203039492747,14.394888877868652,38.0,"{""type"":""Point"",""coordinates"":[110.31296896196937,19.899379670971793]}"
3940,0.0,27.0,287.0,30.580751419067383,156.0,19.322177035746662,109.55607242956671,2442.043212890625,46.0,2.8086090087890625,7.0,3.0,0.6691733366962392,12.606931686401367,36.0,"{""type"":""Point"",""coordinates"":[109.5552043260923,19.322925933791577]}"
3941,0.0,31.0,113.0,17.551294326782227,90.0,19.60963792666491,110.0097216480471,2411.451171875,42.0,1.0964874029159546,4.0,3.0,0.7073708009128628,13.660419464111328,33.0,"{""type"":""Point"",""coordinates"":[110.00965880988794,19.608014618859347]}"
3942,0.0,28.0,552.0,38.1745491027832,383.0,18.873019393686903,109.44827459547236,2167.26318359375,48.0,7.010016441345215,6.0,2.0,0.5741625990576783,11.488541603088379,47.0,"{""type"":""Point"",""coordinates"":[109.44799549522784,18.871093715002115]}"
3943,0.0,27.0,362.0,28.397703170776367,149.0,18.998783533463637,109.62344607587568,2230.192626953125,46.0,3.347999095916748,4.0,2.0,0.6217309278628933,12.378369331359863,42.0,"{""type"":""Point"",""coordinates"":[109.62558178756414,18.999392486353287]}"
3944,0.0,29.0,119.0,32.13021469116211,110.0,18.581066926348058,109.85700804974675,2243.644287109375,43.0,3.6109116077423096,4.0,1.0,0.627193766156221,12.463700294494629,44.0,"{""type"":""Point"",""coordinates"":[109.85697930819678,18.580321217028782]}"
3945,0.0,24.0,139.0,6.490853309631348,123.0,18.581066926348058,109.04852429403917,1872.8131103515625,55.0,0.24875898659229279,2.0,1.0,0.6022528188442319,15.127927780151367,47.0,"{""type"":""Point"",""coordinates"":[109.0498038508663,18.581062807487086]}"
3946,0.0,24.0,36.0,6.510477066040039,39.0,18.536151162142083,108.84191177869172,1524.37890625,50.0,0.6909388899803162,2.0,1.0,0.6626730625832332,14.168218612670898,45.0,"{""type"":""Point"",""coordinates"":[108.84311937168782,18.53554034294844]}"
3947,0.0,23.0,107.0,13.751079559326172,105.0,19.569213738879533,109.385392525584,2280.16064453125,56.0,0.8117254376411438,4.0,3.0,0.6767399883940048,13.964834213256836,36.0,"{""type"":""Point"",""coordinates"":[109.38665944192869,19.567014802994624]}"
3948,0.0,29.0,90.0,16.454124450683594,78.0,19.694977878656267,110.51277820715399,2352.861328125,45.0,1.2979419231414795,6.0,3.0,0.7197351056573466,13.053050994873047,33.0,"{""type"":""Point"",""coordinates"":[110.51296629044595,19.693675987222868]}"
3949,0.0,31.0,790.0,26.51768684387207,621.0,18.84606993516332,109.65488711081986,2239.0673828125,46.0,4.243768692016602,5.0,2.0,0.5770279577390548,11.772543907165527,46.0,"{""type"":""Point"",""coordinates"":[109.65266822715586,18.845212506988318]}"
3950,0.0,30.0,20.0,10.169609069824219,20.0,19.703961031497464,110.70142441681912,2247.13623046875,39.0,0.41959506273269653,5.0,3.0,0.7625766582411825,14.246573448181152,38.0,"{""type"":""Point"",""coordinates"":[110.70317330605246,19.706125943181362]}"
3951,0.0,24.0,41.0,10.219558715820312,41.0,19.582688468141328,109.12038951676874,1958.510009765625,54.0,0.7481173872947693,3.0,3.0,0.7267157374589859,14.085783958435059,36.0,"{""type"":""Point"",""coordinates"":[109.12211806572392,19.584338641227756]}"
3952,0.0,23.0,147.0,12.272703170776367,120.0,19.4434495991028,109.24166208012491,2317.81494140625,56.0,0.5852364897727966,2.0,3.0,0.6893348065227066,14.267395973205566,33.0,"{""type"":""Point"",""coordinates"":[109.243712393836,19.443027041502827]}"
3953,0.0,29.0,118.0,28.439680099487305,71.0,19.474890634046986,109.91090696679396,2567.20458984375,43.0,2.042069673538208,4.0,3.0,0.715255493542535,13.035210609436035,37.0,"{""type"":""Point"",""coordinates"":[109.90872947763813,19.476878420494614]}"
3954,0.0,26.0,108.0,20.11812973022461,67.0,19.416500140579217,110.17590997560922,2558.123779296875,50.0,1.147409200668335,4.0,3.0,0.7238149523412681,13.618059158325195,37.0,"{""type"":""Point"",""coordinates"":[110.17685325338795,19.414592949883748]}"
3955,0.0,31.0,43.0,13.971318244934082,43.0,19.618621079506106,110.6789665347161,2329.546875,39.0,0.8946243524551392,5.0,3.0,0.7564484593991269,13.468777656555176,34.0,"{""type"":""Point"",""coordinates"":[110.68001693704404,19.61668602174756]}"
3956,0.0,31.0,10.0,8.159513473510742,11.0,19.479382210467584,110.7328654517633,2164.388671875,45.0,0.2690508961677551,9.0,3.0,0.7718674357713228,14.699808120727539,38.0,"{""type"":""Point"",""coordinates"":[110.73510287756024,19.4793409449753]}"
3957,0.0,31.0,78.0,34.45859909057617,55.0,18.608016384871647,109.76717652133482,2286.3154296875,42.0,3.8514795303344727,4.0,1.0,0.6723583530381078,12.423818588256836,46.0,"{""type"":""Point"",""coordinates"":[109.7675953940615,18.609887972393842]}"
3958,0.0,23.0,86.0,9.18634033203125,82.0,19.335651765008457,108.99013380057141,1981.021484375,59.0,0.6018691658973694,3.0,3.0,0.6581404853682731,14.276671409606934,41.0,"{""type"":""Point"",""coordinates"":[108.98791861474302,19.335119379999227]}"
3959,0.0,30.0,666.0,59.65586471557617,496.0,18.760729983171963,109.41683356052818,2225.93115234375,48.0,16.262542724609375,7.0,1.0,0.5572017429568582,10.524833679199219,44.0,"{""type"":""Point"",""coordinates"":[109.41906254825234,18.762703726028597]}"
3960,0.0,24.0,99.0,17.15735626220703,72.0,19.569213738879533,109.99175534236468,2512.889892578125,49.0,0.8355773687362671,3.0,3.0,0.7255987804631348,13.940720558166504,35.0,"{""type"":""Point"",""coordinates"":[109.99211981001415,19.5689379407144]}"
3961,0.0,26.0,264.0,26.38734245300293,127.0,18.666406878339416,109.19225473949831,2000.183349609375,52.0,4.043818950653076,4.0,1.0,0.5989775427638002,12.257148742675781,45.0,"{""type"":""Point"",""coordinates"":[109.1926043946649,18.66442627639373]}"
3962,0.0,27.0,217.0,34.07271957397461,140.0,19.40751698773802,109.798617556279,2534.375244140625,46.0,2.917188882827759,4.0,3.0,0.6714830834429006,12.615612983703613,37.0,"{""type"":""Point"",""coordinates"":[109.79798316936859,19.40789445286842]}"
3963,0.0,32.0,93.0,14.282933235168457,86.0,19.55573900961774,110.59811815914537,2362.20703125,43.0,0.9876629114151001,6.0,3.0,0.7080420892825995,13.323474884033203,34.0,"{""type"":""Point"",""coordinates"":[110.59797014175919,19.55714873196302]}"
3964,0.0,29.0,201.0,47.40107727050781,147.0,19.003275109884235,108.94970961278602,1929.5830078125,47.0,11.157797813415527,4.0,2.0,0.5940510595148629,11.272574424743652,41.0,"{""type"":""Point"",""coordinates"":[108.94895016026028,19.00215799244316]}"
3965,0.0,28.0,86.0,48.16740798950195,86.0,18.648440572657023,110.21633416339455,2023.53125,47.0,9.14192008972168,4.0,1.0,0.6139785020531628,11.547585487365723,44.0,"{""type"":""Point"",""coordinates"":[110.2155405706343,18.647515350208565]}"
3966,0.0,29.0,335.0,19.478689193725586,223.0,18.97183407494005,109.90192381395275,2220.6201171875,40.0,1.7525643110275269,4.0,2.0,0.6287280454834059,13.045717239379883,42.0,"{""type"":""Point"",""coordinates"":[109.90019771805785,18.972596991833544]}"
3967,0.0,23.0,53.0,11.220677375793457,51.0,18.79217101811615,108.77453813238276,1652.8431396484375,49.0,1.4744622707366943,3.0,1.0,0.6450907572803198,13.400093078613281,47.0,"{""type"":""Point"",""coordinates"":[108.7756422937767,18.790356863039833]}"
3968,0.0,22.0,85.0,11.876534461975098,64.0,19.115564520399175,109.0305579883568,2173.647216796875,55.0,0.6681270599365234,2.0,2.0,0.6885905243136325,14.17282485961914,41.0,"{""type"":""Point"",""coordinates"":[109.03031758341218,19.115608220377563]}"
3970,0.0,26.0,226.0,48.73777770996094,189.0,19.32666861216726,110.2073510105534,2583.78125,50.0,5.004222393035889,5.0,3.0,0.6618615008115809,12.068387985229492,38.0,"{""type"":""Point"",""coordinates"":[110.2085913042429,19.325235748284]}"
3971,0.0,23.0,9.0,6.164090633392334,10.0,19.950997734630327,110.7732896395487,1812.828125,52.0,0.3817470371723175,3.0,4.0,0.7070597267117406,13.423042297363281,47.0,"{""type"":""Point"",""coordinates"":[110.7726043555297,19.95085166525106]}"
3972,0.0,25.0,216.0,15.871548652648926,141.0,19.322177035746662,109.97378903668232,2432.5693359375,48.0,0.8350313305854797,4.0,3.0,0.6611129875149566,13.867963790893555,40.0,"{""type"":""Point"",""coordinates"":[109.97510502620895,19.320764473591446]}"
3973,0.0,27.0,55.0,24.24867057800293,54.0,18.473269092253716,109.66387026366107,2272.670654296875,49.0,2.239414930343628,3.0,1.0,0.6884443697489872,12.980705261230469,44.0,"{""type"":""Point"",""coordinates"":[109.66241338393935,18.473548054192587]}"
3974,0.0,27.0,67.0,9.52114200592041,67.0,19.874640935480173,110.31065726822715,2230.738037109375,46.0,0.33490556478500366,5.0,4.0,0.7201275171879314,14.59540843963623,35.0,"{""type"":""Point"",""coordinates"":[110.31077953729795,19.875720828378846]}"
3975,0.0,26.0,54.0,12.804388999938965,54.0,19.55573900961774,109.20123789233952,2113.005615234375,51.0,0.9189883470535278,3.0,3.0,0.7066759376242518,13.872414588928223,39.0,"{""type"":""Point"",""coordinates"":[109.20188571686052,19.555947882709944]}"
3976,0.0,23.0,74.0,14.71640682220459,73.0,19.843199900535986,110.12201105856201,2307.186767578125,51.0,0.9357309937477112,4.0,4.0,0.7232579312170464,13.562346458435059,33.0,"{""type"":""Point"",""coordinates"":[110.12316204584249,19.841344982399]}"
3977,0.0,29.0,276.0,29.686105728149414,99.0,19.21887077807292,109.51115666536077,2419.290283203125,41.0,2.7093324661254883,5.0,2.0,0.6640769774045716,12.650455474853516,37.0,"{""type"":""Point"",""coordinates"":[109.51176595718582,19.21707627619911]}"
3978,0.0,27.0,308.0,22.521514892578125,110.0,19.066157179772603,109.67734499292288,2360.84228515625,49.0,1.9460068941116333,4.0,2.0,0.6467854657902888,12.959819793701172,40.0,"{""type"":""Point"",""coordinates"":[109.67918089085383,19.065266507477716]}"
3979,0.0,27.0,307.0,73.2581558227539,202.0,19.27276969512009,109.69980287502585,2494.40576171875,49.0,11.40424919128418,4.0,2.0,0.6293522423803993,11.179361343383789,38.0,"{""type"":""Point"",""coordinates"":[109.69926509383922,19.27335990151356]}"
3980,0.0,26.0,111.0,14.122217178344727,73.0,19.15598870818455,110.04565425941183,2392.388427734375,44.0,0.6490952372550964,5.0,2.0,0.6878138718962253,14.186006546020508,42.0,"{""type"":""Point"",""coordinates"":[110.0468383122863,19.157043152505384]}"
3981,0.0,36.0,640.0,63.54317092895508,598.0,18.48674382151551,109.53361454746374,2118.890869140625,36.0,20.035402297973633,6.0,1.0,0.5412789679714327,10.325263023376465,44.0,"{""type"":""Point"",""coordinates"":[109.53381355900612,18.48839063645398]}"
3982,0.0,29.0,115.0,14.65404987335205,69.0,19.57370531530013,109.60547977019331,2427.2001953125,47.0,0.7524245977401733,4.0,3.0,0.7241573208974147,14.035829544067383,35.0,"{""type"":""Point"",""coordinates"":[109.60420682885763,19.573944858186977]}"
3983,0.0,29.0,23.0,7.064404487609863,23.0,19.79828413633001,110.70591599323973,2082.735107421875,44.0,0.1720791757106781,3.0,4.0,0.7398407508354882,14.602849006652832,40.0,"{""type"":""Point"",""coordinates"":[110.70631156889985,19.797980653654456]}"
3984,0.0,22.0,65.0,13.672717094421387,61.0,19.730910490021046,109.6414123815581,2173.063720703125,56.0,0.9211559891700745,3.0,3.0,0.7283948025708832,13.863558769226074,33.0,"{""type"":""Point"",""coordinates"":[109.6432152278883,19.73148688259721]}"
3985,0.0,27.0,39.0,5.248097896575928,40.0,19.87913251190077,110.89456220290481,1758.84033203125,50.0,0.2511841952800751,2.0,4.0,0.6594382631592276,13.772628784179688,49.0,"{""type"":""Point"",""coordinates"":[110.8924664389678,19.87840630635339]}"
3986,0.0,24.0,213.0,27.60287857055664,111.0,18.612507961292245,109.15183055171292,1997.200439453125,54.0,4.175997734069824,4.0,1.0,0.5969006307212327,12.258573532104492,46.0,"{""type"":""Point"",""coordinates"":[109.15131263882155,18.610490972224646]}"
3987,0.0,32.0,53.0,18.153718948364258,35.0,19.546755856776542,110.24328362191818,2399.712158203125,39.0,1.1534830331802368,4.0,3.0,0.7489641562538035,13.645686149597168,38.0,"{""type"":""Point"",""coordinates"":[110.24216146891148,19.545926146522053]}"
3988,0.0,31.0,460.0,25.344133377075195,311.0,19.115564520399175,109.25962838580728,2362.28125,43.0,2.572566509246826,6.0,2.0,0.6367987407993603,12.569182395935059,40.0,"{""type"":""Point"",""coordinates"":[109.25836042802972,19.113522827395162]}"
3989,0.0,32.0,544.0,59.025943756103516,390.0,19.169463437446346,109.38090094916339,2449.81689453125,40.0,10.056049346923828,5.0,2.0,0.6192025688112941,11.129016876220703,38.0,"{""type"":""Point"",""coordinates"":[109.3809096213887,19.17153274537204]}"
3990,0.0,25.0,144.0,18.762678146362305,98.0,19.54226428035595,109.5920050409315,2417.142822265625,54.0,1.2662426233291626,4.0,3.0,0.687342429788165,13.497342109680176,35.0,"{""type"":""Point"",""coordinates"":[109.59210586506792,19.544248913048484]}"
3991,0.0,29.0,582.0,22.078210830688477,536.0,18.760729983171963,109.798617556279,2421.832763671875,40.0,1.85921049118042,7.0,1.0,0.6095051126291778,12.79506778717041,46.0,"{""type"":""Point"",""coordinates"":[109.79937350072261,18.76129163759185]}"
3992,0.0,27.0,222.0,59.17256164550781,181.0,18.751746830330767,109.72675233354943,2440.123291015625,44.0,7.713769435882568,3.0,1.0,0.5938611877120358,11.634760856628418,49.0,"{""type"":""Point"",""coordinates"":[109.72688060655557,18.753935923046072]}"
3993,0.0,22.0,16.0,13.830049514770508,16.0,19.21887077807292,110.45887929010684,2406.010009765625,45.0,0.5422546863555908,2.0,2.0,0.7648476318293324,14.402948379516602,40.0,"{""type"":""Point"",""coordinates"":[110.46025720343133,19.22036313680062]}"
3994,0.0,32.0,27.0,12.695392608642578,27.0,19.955489311050925,109.88844908469093,2100.964111328125,39.0,1.0206382274627686,3.0,4.0,0.7418169785554486,13.511870384216309,38.0,"{""type"":""Point"",""coordinates"":[109.8876270752584,19.957379546827514]}"
3995,0.0,27.0,108.0,27.26216697692871,111.0,18.275639729747425,109.61895449945507,1844.4837646484375,53.0,5.132592678070068,4.0,0.0,0.6138911250839185,12.117408752441406,41.0,"{""type"":""Point"",""coordinates"":[109.61785214000888,18.275556996379784]}"
3996,0.0,33.0,19.0,20.888954162597656,19.0,19.807267289171207,109.42132513694878,1767.964599609375,39.0,3.5272133350372314,4.0,4.0,0.7411528292146756,12.546648979187012,34.0,"{""type"":""Point"",""coordinates"":[109.42135414959536,19.807557980098057]}"
3997,0.0,33.0,101.0,14.182310104370117,84.0,19.38056752921443,110.3196404210683,2494.1552734375,37.0,0.5933789610862732,5.0,3.0,0.695948389989246,14.281834602355957,39.0,"{""type"":""Point"",""coordinates"":[110.3194395861156,19.382194388458235]}"
3998,0.0,27.0,12.0,9.55294418334961,14.0,19.0751403326138,110.55769397135998,2127.931396484375,42.0,0.3817919194698334,4.0,2.0,0.7396462414905582,14.756169319152832,43.0,"{""type"":""Point"",""coordinates"":[110.55792045111815,19.076986455713982]}"
3999,0.0,30.0,43.0,18.87647247314453,29.0,19.757859948544635,110.1624352463474,2394.070068359375,40.0,1.3862760066986084,5.0,4.0,0.7870162801370547,13.19334602355957,31.0,"{""type"":""Point"",""coordinates"":[110.1638060204132,19.7598441592508]}"
