system:index,bedrock,clay,dem,erosion,hand,latitude,longitude,precip,sand,slope,soc,spatial_fold,suit_score,twi,typhoon,.geo
0,0.0,26.0,20.0,14.025219917297363,20.0,18.57208377350686,110.08607844719722,2255.696044921875,42.0,0.7773006558418274,3.0,1.0,0.7287724274491038,14.059710502624512,45.0,"{""type"":""Point"",""coordinates"":[110.08810890232961,18.574191833818272]}"
1,0.0,23.0,119.0,20.54909324645996,54.0,19.259294965858295,110.07709529435607,2685.979248046875,48.0,0.9256881475448608,3.0,2.0,0.7354318356587096,13.826116561889648,38.0,"{""type"":""Point"",""coordinates"":[110.0762289804326,19.25878917967303]}"
2,0.0,29.0,782.0,41.1883544921875,660.0,19.115564520399175,109.21022104518073,1927.4967041015625,47.0,14.568042755126953,9.0,2.0,0.5636109223432144,10.527397155761719,39.0,"{""type"":""Point"",""coordinates"":[109.21153321873493,19.117709496098666]}"
3,0.0,32.0,399.0,38.98929977416992,202.0,19.052682450510808,109.40785040768702,2081.326171875,36.0,7.013795375823975,4.0,2.0,0.5988526496024311,11.607999801635742,42.0,"{""type"":""Point"",""coordinates"":[109.4061604447415,19.052249474915737]}"
4,0.0,24.0,28.0,7.218321323394775,27.0,19.784809407068217,110.84066328585766,1854.6361083984375,54.0,0.6697322726249695,5.0,4.0,0.7034482008753528,12.989968299865723,44.0,"{""type"":""Point"",""coordinates"":[110.83980343007184,19.78300707530415]}"
5,0.0,24.0,35.0,17.07023811340332,35.0,18.343013376056383,109.52463139462253,2018.67333984375,54.0,1.763452172279358,3.0,0.0,0.711214964625927,13.23155689239502,41.0,"{""type"":""Point"",""coordinates"":[109.52405400224609,18.34376687831744]}"
6,0.0,24.0,109.0,16.70540428161621,40.0,19.33116018858786,110.18489312845037,2711.73974609375,49.0,0.573488712310791,3.0,3.0,0.7533284565472207,14.311075210571289,38.0,"{""type"":""Point"",""coordinates"":[110.18299536923713,19.332992612559522]}"
7,0.0,31.0,319.0,36.85906982421875,169.0,19.232345507334713,109.5964966173521,2303.035888671875,38.0,4.545291423797607,4.0,2.0,0.6373784963360277,12.102145195007324,39.0,"{""type"":""Point"",""coordinates"":[109.59548037989083,19.231223206054857]}"
8,0.0,24.0,142.0,48.417476654052734,68.0,19.367092799952644,109.86599120258796,2610.899169921875,47.0,4.330911636352539,4.0,3.0,0.7001518891573417,12.26711654663086,39.0,"{""type"":""Point"",""coordinates"":[109.86433697794055,19.368361250923613]}"
9,0.0,23.0,123.0,18.701740264892578,58.0,19.26827811869949,110.09057002361783,2685.979248046875,47.0,0.7491510510444641,3.0,2.0,0.7271424503327092,14.03529167175293,39.0,"{""type"":""Point"",""coordinates"":[110.08980111669506,19.26937602124172]}"
10,0.0,29.0,314.0,30.021657943725586,137.0,19.196412895969935,109.51115666536077,2236.683349609375,42.0,3.5432252883911133,4.0,2.0,0.6420294010381628,12.355506896972656,38.0,"{""type"":""Point"",""coordinates"":[109.51118107193278,19.19556017992289]}"
11,0.0,23.0,95.0,12.340540885925293,63.0,19.18742974312874,110.09057002361783,2579.90234375,51.0,0.28679710626602173,4.0,2.0,0.7164817632538081,15.012548446655273,41.0,"{""type"":""Point"",""coordinates"":[110.09195616389174,19.188934739214496]}"
12,0.0,34.0,435.0,24.00330924987793,266.0,18.985308804201843,109.33598518495745,1915.8411865234375,35.0,4.194196701049805,5.0,2.0,0.5930037925892081,12.098433494567871,43.0,"{""type"":""Point"",""coordinates"":[109.33751059806242,18.986191382380255]}"
13,0.0,26.0,21.0,3.092589855194092,21.0,18.908952005051688,108.69818133323258,1138.0860595703125,48.0,0.38144540786743164,3.0,2.0,0.6620182056104587,14.771039009094238,45.0,"{""type"":""Point"",""coordinates"":[108.69825369182593,18.911193996435557]}"
14,0.0,21.0,5.0,2.7085342407226562,5.0,19.0706487561932,108.65326556902659,1135.8297119140625,52.0,0.19089336693286896,2.0,2.0,0.6804594581757555,15.472503662109375,45.0,"{""type"":""Point"",""coordinates"":[108.65141591852273,19.072525131509472]}"
15,0.0,30.0,431.0,40.03484344482422,325.0,18.670898454760014,109.28657784433085,1983.006103515625,48.0,9.457006454467773,4.0,1.0,0.5712099002835348,11.281061172485352,45.0,"{""type"":""Point"",""coordinates"":[109.2847778912522,18.670364713798442]}"
16,0.0,26.0,891.0,28.42015838623047,839.0,18.80115417095734,109.77615967417603,2306.14404296875,45.0,4.279400825500488,5.0,1.0,0.583312066852592,11.653231620788574,44.0,"{""type"":""Point"",""coordinates"":[109.77808464428385,18.799273336219024]}"
17,0.0,26.0,294.0,31.01197624206543,194.0,19.362601223532046,109.43030828978999,2228.86376953125,53.0,3.963064432144165,4.0,3.0,0.6459690100902039,12.25701904296875,37.0,"{""type"":""Point"",""coordinates"":[109.42906935415512,19.36197457933684]}"
18,0.0,30.0,37.0,14.435309410095215,34.0,19.308702306484875,110.47235401936865,2723.8681640625,35.0,0.34922704100608826,5.0,3.0,0.7536459137914756,14.830571174621582,41.0,"{""type"":""Point"",""coordinates"":[110.47400277738993,19.309877295542172]}"
19,0.0,28.0,567.0,37.71256637573242,511.0,19.12903924966097,109.13386424603056,1987.068603515625,48.0,9.053513526916504,7.0,2.0,0.5934668404944587,11.216785430908203,39.0,"{""type"":""Point"",""coordinates"":[109.13254875405156,19.129149918887588]}"
20,0.0,21.0,94.0,8.06708812713623,82.0,19.147005555343355,108.92725173068305,1652.5684814453125,60.0,0.8855273127555847,3.0,2.0,0.6369201153981545,13.885671615600586,41.0,"{""type"":""Point"",""coordinates"":[108.92561521850764,19.145648391904874]}"
21,0.0,25.0,24.0,10.066397666931152,27.0,18.805645747377937,110.33760672675072,2226.681396484375,49.0,0.3648683428764343,2.0,1.0,0.7112251665351511,14.813736915588379,47.0,"{""type"":""Point"",""coordinates"":[110.33576305265233,18.80409987967682]}"
22,0.0,32.0,16.0,7.164395332336426,17.0,19.838708324115387,109.2281873508631,1730.8367919921875,39.0,0.5304341912269592,2.0,4.0,0.7546807125285784,14.444181442260742,33.0,"{""type"":""Point"",""coordinates"":[109.23018151735306,19.837472322429264]}"
23,0.0,27.0,399.0,29.603498458862305,350.0,18.67988160760121,109.57403873524913,2237.180908203125,50.0,3.7796592712402344,4.0,1.0,0.5963223404073068,12.229805946350098,47.0,"{""type"":""Point"",""coordinates"":[109.57505530238222,18.67906145493333]}"
24,0.0,23.0,58.0,15.236577987670898,58.0,19.816250442012404,110.05014583583244,2346.8359375,51.0,0.9394810795783997,2.0,4.0,0.7373089451170386,13.57088565826416,34.0,"{""type"":""Point"",""coordinates"":[110.0483559827463,19.815380367891294]}"
25,0.0,28.0,133.0,25.399782180786133,118.0,19.061665603352004,110.22531731623576,2676.398193359375,42.0,1.4592705965042114,4.0,2.0,0.6551351829111928,13.362222671508789,44.0,"{""type"":""Point"",""coordinates"":[110.22559528208687,19.063524289382556]}"
26,0.0,26.0,307.0,26.471040725708008,122.0,19.084123485454995,109.69531129860525,2321.585693359375,49.0,2.6198055744171143,4.0,2.0,0.6418825702829207,12.66287899017334,40.0,"{""type"":""Point"",""coordinates"":[109.69328418781393,19.084731208754928]}"
27,0.0,26.0,1002.0,26.029327392578125,969.0,18.71581421896599,108.90479384858008,1526.61865234375,49.0,17.394710540771484,7.0,1.0,0.4890817693841648,10.083317756652832,46.0,"{""type"":""Point"",""coordinates"":[108.9050679736142,18.715198345872146]}"
28,0.0,28.0,149.0,29.654924392700195,75.0,19.344634917849653,109.87048277900857,2585.94189453125,43.0,2.1267435550689697,4.0,3.0,0.6962416387867391,12.975393295288086,40.0,"{""type"":""Point"",""coordinates"":[109.87173798477205,19.34560968613405]}"
29,0.0,28.0,24.0,14.9845552444458,24.0,19.313193882905473,110.50828663073344,2694.675048828125,42.0,0.44064852595329285,4.0,3.0,0.7689154111508816,14.587279319763184,40.0,"{""type"":""Point"",""coordinates"":[110.50947194196321,19.311627540285233]}"
30,0.0,27.0,641.0,49.343666076660156,587.0,19.030224568407817,109.10691478750698,1971.871337890625,50.0,15.853909492492676,7.0,2.0,0.5641405988945755,10.574423789978027,40.0,"{""type"":""Point"",""coordinates"":[109.10613890467926,19.030509019017565]}"
31,0.0,25.0,201.0,37.280399322509766,163.0,19.052682450510808,110.08158687077662,2653.810302734375,47.0,2.861685037612915,5.0,2.0,0.6366866147011124,12.645224571228027,46.0,"{""type"":""Point"",""coordinates"":[110.0808507779755,19.052105015404425]}"
32,0.0,21.0,42.0,12.030233383178711,41.0,19.847691476956584,109.66836184008167,1871.874267578125,50.0,1.0882264375686646,2.0,4.0,0.7237676736279264,13.7103910446167,35.0,"{""type"":""Point"",""coordinates"":[109.66974063147195,19.849679701339134]}"
33,0.0,26.0,41.0,20.810945510864258,38.0,19.29522757722308,110.37803091453611,2818.90087890625,50.0,0.8584315776824951,5.0,3.0,0.7596137858997137,13.94821834564209,38.0,"{""type"":""Point"",""coordinates"":[110.37969496395763,19.294064563214746]}"
34,0.0,30.0,201.0,32.92734909057617,69.0,19.205396048811124,109.8031091326996,2499.17626953125,42.0,2.899803400039673,6.0,2.0,0.702076893188855,12.631969451904297,38.0,"{""type"":""Point"",""coordinates"":[109.80248567244,19.207136252549915]}"
35,0.0,28.0,494.0,12.87657642364502,427.0,18.590050079189254,109.47073247757538,2109.447021484375,48.0,1.0825767517089844,6.0,1.0,0.5988758159612259,13.4086275100708,46.0,"{""type"":""Point"",""coordinates"":[109.46907153289692,18.58810124648205]}"
36,0.0,22.0,31.0,5.485373020172119,32.0,19.88362408832137,109.65937868724046,1796.272705078125,43.0,0.057359881699085236,2.0,4.0,0.7382241340343576,16.659883499145508,34.0,"{""type"":""Point"",""coordinates"":[109.66000693037671,19.88454762950848]}"
37,0.0,26.0,506.0,75.16007995605469,477.0,18.720305795386587,109.93785642531753,2452.71533203125,48.0,14.176953315734863,4.0,1.0,0.5672259857969136,10.806183815002441,47.0,"{""type"":""Point"",""coordinates"":[109.93871005879517,18.719724775454154]}"
38,0.0,24.0,4.0,14.88713550567627,6.0,19.18742974312874,110.47684559578926,2689.059326171875,48.0,0.4176870584487915,2.0,2.0,0.7887468412823981,14.670985221862793,40.0,"{""type"":""Point"",""coordinates"":[110.47682086688712,19.188676616431252]}"
39,0.0,25.0,165.0,82.00411224365234,161.0,18.473269092253716,109.65488711081986,2264.468505859375,50.0,15.982309341430664,3.0,1.0,0.5832692260406147,10.92251205444336,44.0,"{""type"":""Point"",""coordinates"":[109.6549218997202,18.472007695702956]}"
40,0.0,30.0,430.0,42.96533203125,384.0,18.697847913283596,109.58302188809029,2237.180908203125,47.0,7.335126876831055,4.0,1.0,0.5737716425196787,11.539554595947266,49.0,"{""type"":""Point"",""coordinates"":[109.5842845001244,18.697839375470007]}"
41,0.0,27.0,106.0,21.523263931274414,106.0,19.340143341429055,108.88233596647706,1681.9705810546875,49.0,4.352654933929443,4.0,3.0,0.6027395464091749,12.28420352935791,42.0,"{""type"":""Point"",""coordinates"":[108.8818735525181,19.342373146351793]}"
42,0.0,27.0,13.0,14.799911499023438,16.0,19.007766686304834,110.51726978357459,2297.978271484375,38.0,0.8052111268043518,5.0,2.0,0.7641660549743627,14.00930404663086,39.0,"{""type"":""Point"",""coordinates"":[110.5187898273939,19.007796563207457]}"
43,0.0,30.0,153.0,6.838428974151611,24.0,18.778696288854356,109.22369577444249,1846.111083984375,40.0,0.3113425076007843,3.0,1.0,0.698027100503816,14.894797325134277,44.0,"{""type"":""Point"",""coordinates"":[109.22578432594055,18.78065572827978]}"
44,0.0,30.0,78.0,8.858705520629883,78.0,19.537772703935353,109.17878001023655,1981.169921875,46.0,0.5303816199302673,3.0,3.0,0.6855594610704899,14.407913208007812,36.0,"{""type"":""Point"",""coordinates"":[109.1788414267337,19.537128892559814]}"
45,0.0,26.0,192.0,20.224145889282227,173.0,18.643948996236425,109.0260664119362,1816.5008544921875,45.0,3.1331355571746826,4.0,1.0,0.5868128696513941,12.560221672058105,47.0,"{""type"":""Point"",""coordinates"":[109.02698118913047,18.644596976215652]}"
46,0.0,28.0,58.0,8.838425636291504,56.0,19.838708324115387,110.31065726822715,2273.386962890625,43.0,0.19171778857707977,7.0,4.0,0.7375246854264608,15.160274505615234,35.0,"{""type"":""Point"",""coordinates"":[110.30998187531297,19.838229459184728]}"
47,0.0,28.0,268.0,16.02006721496582,203.0,19.23683708375531,109.98277218952347,2722.97509765625,42.0,0.5303300619125366,5.0,2.0,0.6785873182295211,14.287535667419434,38.0,"{""type"":""Point"",""coordinates"":[109.9844504693057,19.23543060580041]}"
48,0.0,30.0,1060.0,30.9162654876709,1006.0,19.0751403326138,109.11140636392759,1989.575927734375,48.0,11.912880897521973,8.0,2.0,0.5583803753955416,10.39822006225586,39.0,"{""type"":""Point"",""coordinates"":[109.11357199673093,19.075729181410527]}"
49,0.0,27.0,91.0,13.99174690246582,61.0,19.55573900961774,110.06811214151486,2620.673095703125,46.0,0.4299336075782776,4.0,3.0,0.7461378003832381,14.610093116760254,35.0,"{""type"":""Point"",""coordinates"":[110.0661497610872,19.557196913501738]}"
50,0.0,38.0,803.0,9.634171485900879,634.0,18.985308804201843,109.30903572643388,1915.8411865234375,33.0,0.9937329888343811,5.0,2.0,0.5902721534289519,13.212407112121582,41.0,"{""type"":""Point"",""coordinates"":[109.30927016204994,18.985018450169843]}"
51,0.0,26.0,111.0,38.031639099121094,111.0,18.63496584339523,110.07260371793546,2390.0078125,49.0,3.9434585571289062,4.0,1.0,0.6301453998537184,12.380233764648438,45.0,"{""type"":""Point"",""coordinates"":[110.07091894807003,18.63635036364237]}"
52,0.0,25.0,97.0,22.5726375579834,89.0,19.308702306484875,110.3241319974889,2747.296142578125,46.0,1.0473518371582031,4.0,3.0,0.7067805203105075,13.715991973876953,36.0,"{""type"":""Point"",""coordinates"":[110.32270753254062,19.308263788781204]}"
53,0.0,35.0,80.0,10.49379825592041,81.0,19.515314821832362,110.66100022903373,2346.40771484375,38.0,0.43123024702072144,3.0,3.0,0.7045296848280068,14.164512634277344,36.0,"{""type"":""Point"",""coordinates"":[110.65950058455576,19.514978727543827]}"
54,0.0,24.0,206.0,14.432360649108887,140.0,19.4389580226822,109.52463139462253,2343.00732421875,54.0,0.8301437497138977,4.0,3.0,0.6876447504172312,13.880324363708496,33.0,"{""type"":""Point"",""coordinates"":[109.52334891988869,19.43788018061711]}"
55,0.0,30.0,318.0,56.05476379394531,296.0,18.82361205306033,110.13997736424443,2400.6650390625,46.0,8.48511791229248,4.0,2.0,0.5850285960967149,11.473373413085938,49.0,"{""type"":""Point"",""coordinates"":[110.13805531600711,18.824980764210668]}"
56,0.0,29.0,16.0,9.297667503356934,16.0,19.730910490021046,110.73735702818391,2240.012451171875,46.0,0.4265555739402771,5.0,3.0,0.7536715131984261,13.729301452636719,41.0,"{""type"":""Point"",""coordinates"":[110.7377680963385,19.728825744608148]}"
57,0.0,24.0,503.0,33.3094367980957,456.0,18.6888647604424,108.9811506477302,1721.463623046875,50.0,10.090113639831543,5.0,1.0,0.5468484659849907,11.158941268920898,46.0,"{""type"":""Point"",""coordinates"":[108.98301188424502,18.688897569685818]}"
58,0.0,27.0,198.0,22.977466583251953,112.0,19.452432751943995,109.753701792073,2547.8251953125,52.0,1.5977809429168701,3.0,3.0,0.6829132701486684,13.230525016784668,36.0,"{""type"":""Point"",""coordinates"":[109.75162039860568,19.45340035687753]}"
59,0.0,28.0,71.0,13.487797737121582,69.0,19.68599472581507,110.62955919408955,2327.197021484375,48.0,0.879525899887085,5.0,3.0,0.7169419703490731,13.460111618041992,36.0,"{""type"":""Point"",""coordinates"":[110.62876227570482,19.68415704806834]}"
60,0.0,26.0,238.0,58.807861328125,122.0,19.286244424381884,109.68183656934343,2483.43603515625,52.0,7.812528133392334,4.0,3.0,0.6450139868691618,11.611369132995605,38.0,"{""type"":""Point"",""coordinates"":[109.68172799646972,19.284879254462037]}"
62,0.0,22.0,158.0,16.073585510253906,100.0,19.49734851614997,109.798617556279,2547.8251953125,56.0,0.7281580567359924,4.0,3.0,0.6942490036856183,14.041996955871582,35.0,"{""type"":""Point"",""coordinates"":[109.79720372456576,19.498947118698013]}"
63,0.0,25.0,183.0,17.608190536499023,80.0,19.286244424381884,109.71776918070822,2481.336181640625,54.0,1.039331316947937,4.0,3.0,0.6963810742268466,13.670318603515625,38.0,"{""type"":""Point"",""coordinates"":[109.71675343061881,19.284575932599108]}"
65,0.0,25.0,175.0,14.831561088562012,135.0,19.115564520399175,109.08894848182456,1947.67578125,51.0,1.594566822052002,4.0,2.0,0.6365123146548282,13.247231483459473,39.0,"{""type"":""Point"",""coordinates"":[109.09103788783719,19.11651155445931]}"
66,0.0,31.0,757.0,50.005001068115234,757.0,18.60352480845105,110.1175194821414,2249.768798828125,44.0,12.3616361618042,6.0,1.0,0.5552028045693501,10.723270416259766,46.0,"{""type"":""Point"",""coordinates"":[110.1184404359314,18.60551126364394]}"
67,0.0,27.0,2.0,8.7974271774292,3.0,20.018371380939293,110.44989613726563,2064.39794921875,41.0,0.5025940537452698,3.0,4.0,0.7565816898725131,13.562321662902832,41.0,"{""type"":""Point"",""coordinates"":[110.4488704441638,20.01767514997959]}"
68,0.0,23.0,34.0,9.867446899414062,34.0,19.83421674769479,110.71489914608088,2086.7646484375,56.0,0.8235541582107544,4.0,4.0,0.7168086279808009,13.020301818847656,42.0,"{""type"":""Point"",""coordinates"":[110.716713912992,19.836217419374517]}"
69,0.0,32.0,83.0,14.500275611877441,55.0,18.6888647604424,109.78963440343779,2317.682373046875,39.0,0.8416323661804199,4.0,1.0,0.6769639570678718,13.943132400512695,48.0,"{""type"":""Point"",""coordinates"":[109.7911429446481,18.689638289640534]}"
70,0.0,26.0,51.0,10.729620933532715,51.0,19.901590394003755,110.3196404210683,2257.222900390625,46.0,0.4880128800868988,4.0,4.0,0.725807152371344,14.06762409210205,38.0,"{""type"":""Point"",""coordinates"":[110.31760082128389,19.901247824682613]}"
71,0.0,29.0,548.0,48.650508880615234,499.0,18.76971313601316,109.65488711081986,2190.593994140625,41.0,9.732526779174805,7.0,1.0,0.5719846321779307,11.159059524536133,46.0,"{""type"":""Point"",""coordinates"":[109.65642810140014,18.77147511696803]}"
72,0.0,25.0,26.0,11.03296184539795,29.0,18.84606993516332,110.3690477616949,2188.559326171875,51.0,0.5462853312492371,2.0,2.0,0.7058635271965145,14.408957481384277,47.0,"{""type"":""Point"",""coordinates"":[110.36863461912026,18.84401288074261]}"
73,0.0,24.0,14.0,5.497906684875488,15.0,19.94650615820973,110.83168013301645,1836.2030029296875,49.0,0.11471964418888092,3.0,4.0,0.6945569019676466,14.61414909362793,49.0,"{""type"":""Point"",""coordinates"":[110.83175170933038,19.94717795601446]}"
74,0.0,25.0,326.0,27.091848373413086,143.0,18.95835934567826,109.78514282701718,2371.47412109375,46.0,2.4619438648223877,3.0,2.0,0.6299670259707841,12.711874008178711,43.0,"{""type"":""Point"",""coordinates"":[109.78498194034252,18.957600145282452]}"
75,0.0,28.0,222.0,82.42887878417969,222.0,18.585558502768656,110.09955317645904,2255.696044921875,51.0,18.279897689819336,4.0,1.0,0.5697380403058572,10.743273735046387,45.0,"{""type"":""Point"",""coordinates"":[110.09743677475826,18.584758729264518]}"
76,0.0,33.0,115.0,14.684020042419434,88.0,19.4389580226822,110.35557303243309,2661.8779296875,38.0,0.48997512459754944,5.0,3.0,0.7106505260341045,14.444443702697754,36.0,"{""type"":""Point"",""coordinates"":[110.3537979340526,19.437788099908115]}"
77,0.0,26.0,36.0,16.316967010498047,39.0,18.35199652889758,109.63242922871689,2123.577880859375,47.0,1.3518540859222412,3.0,0.0,0.7054791700566199,13.49690055847168,43.0,"{""type"":""Point"",""coordinates"":[109.63378868240196,18.350543159399944]}"
78,0.0,26.0,249.0,93.03578186035156,236.0,18.706831066124792,109.94234800173814,2452.71533203125,49.0,16.676387786865234,4.0,1.0,0.5729463622034605,10.823226928710938,47.0,"{""type"":""Point"",""coordinates"":[109.94014628008715,18.705045934949197]}"
79,0.0,27.0,218.0,13.556838989257812,74.0,18.720305795386587,109.29556099717206,1910.4122314453125,52.0,1.558953881263733,4.0,1.0,0.6385956442441627,13.24218463897705,44.0,"{""type"":""Point"",""coordinates"":[109.29338892865405,18.720553266969524]}"
80,0.0,30.0,477.0,47.09526062011719,476.0,18.52267643288029,109.75819336849361,2260.586669921875,47.0,8.593852996826172,5.0,1.0,0.5868079964158547,11.342927932739258,45.0,"{""type"":""Point"",""coordinates"":[109.75750989771191,18.524249879779752]}"
81,0.0,24.0,99.0,10.928625106811523,48.0,19.66802842013268,109.73124390997003,2134.685302734375,53.0,0.6091139912605286,3.0,3.0,0.7486405948057201,14.256871223449707,31.0,"{""type"":""Point"",""coordinates"":[109.72951125304628,19.666646255840085]}"
82,0.0,28.0,11.0,7.748987197875977,12.0,20.099219756510053,110.63405077051016,1897.72802734375,40.0,0.7122549414634705,2.0,4.0,0.7213791072091671,12.792638778686523,44.0,"{""type"":""Point"",""coordinates"":[110.63609669694651,20.097250192387556]}"
83,0.0,25.0,329.0,20.504430770874023,332.0,18.60352480845105,108.85538650795348,1506.93798828125,52.0,6.128632545471191,3.0,1.0,0.555492387446948,11.794538497924805,46.0,"{""type"":""Point"",""coordinates"":[108.85470259008547,18.604536269951772]}"
84,0.0,24.0,136.0,13.083643913269043,115.0,19.528789551094157,109.46174932473417,2125.68359375,55.0,0.9676715731620789,4.0,3.0,0.6651775094728463,13.771288871765137,36.0,"{""type"":""Point"",""coordinates"":[109.4603344825238,19.530256879872688]}"
85,0.0,26.0,140.0,7.37329626083374,124.0,19.093106638296184,108.94521803636547,1629.420166015625,47.0,0.7284843325614929,5.0,2.0,0.623564006667045,14.052778244018555,39.0,"{""type"":""Point"",""coordinates"":[108.9444195084146,19.091451056683994]}"
86,0.0,23.0,120.0,13.857917785644531,102.0,19.49734851614997,109.3898841020046,2140.790283203125,53.0,0.9960004687309265,4.0,3.0,0.6757445518158594,13.752280235290527,34.0,"{""type"":""Point"",""coordinates"":[109.38890000401823,19.49735805526821]}"
87,0.0,21.0,76.0,12.160163879394531,72.0,19.052682450510808,108.78801286164452,1364.5877685546875,58.0,3.0857577323913574,2.0,2.0,0.624282770211544,12.647212982177734,41.0,"{""type"":""Point"",""coordinates"":[108.78580939694214,19.05128483155416]}"
88,0.0,23.0,89.0,10.15088176727295,92.0,18.590050079189254,108.8194538965887,1438.9136962890625,57.0,2.0780913829803467,4.0,1.0,0.5969288174321297,13.03530216217041,44.0,"{""type"":""Point"",""coordinates"":[108.81860245923248,18.59129296828444]}"
89,0.0,24.0,10.0,10.137099266052246,13.0,18.85954466442511,110.42294667874205,2215.848876953125,48.0,0.3648812472820282,3.0,2.0,0.7365901290754585,14.802645683288574,45.0,"{""type"":""Point"",""coordinates"":[110.42304591936627,18.857318736615753]}"
90,0.0,27.0,764.0,44.23833465576172,605.0,18.6888647604424,109.35395149063982,2109.100830078125,51.0,12.281630516052246,6.0,1.0,0.5520109672183184,10.722908020019531,45.0,"{""type"":""Point"",""coordinates"":[109.35262652323772,18.6869840305279]}"
91,0.0,30.0,767.0,47.014556884765625,704.0,18.80115417095734,109.82107543838197,2297.9609375,42.0,10.022263526916504,4.0,1.0,0.5714085231538021,10.928372383117676,44.0,"{""type"":""Point"",""coordinates"":[109.8228507292379,18.802187571664444]}"
92,0.0,30.0,7.0,35.16819763183594,9.0,18.675390031180612,110.41396352590084,2133.01318359375,45.0,4.784494876861572,4.0,1.0,0.7159276394047237,12.228521347045898,46.0,"{""type"":""Point"",""coordinates"":[110.41573768937454,18.674455200091447]}"
93,0.0,28.0,422.0,47.830379486083984,255.0,18.899968852210492,109.8031091326996,2326.879150390625,42.0,7.098029613494873,5.0,2.0,0.5978252172451454,11.578794479370117,45.0,"{""type"":""Point"",""coordinates"":[109.80403219225896,18.901887017890346]}"
94,0.0,31.0,290.0,57.84198760986328,271.0,18.468777515833118,109.60098819377271,2311.504638671875,40.0,9.377876281738281,5.0,1.0,0.6060591544945119,11.391033172607422,43.0,"{""type"":""Point"",""coordinates"":[109.59946476334417,18.467284740905026]}"
95,0.0,26.0,5.0,9.876518249511719,7.0,19.084123485454995,110.49032032505102,2458.49267578125,45.0,0.13426092267036438,4.0,2.0,0.7865781976010648,15.805365562438965,39.0,"{""type"":""Point"",""coordinates"":[110.48839596505985,19.085847143953476]}"
96,0.0,22.0,24.0,15.029237747192383,26.0,19.084123485454995,110.44091298442447,2563.419189453125,48.0,0.519780695438385,4.0,2.0,0.7686742398466024,14.440570831298828,39.0,"{""type"":""Point"",""coordinates"":[110.44188203571895,19.08617032337692]}"
97,0.0,30.0,212.0,53.68130874633789,194.0,19.025732991987226,110.22531731623576,2662.99609375,40.0,5.198604106903076,3.0,2.0,0.6295557480821072,12.039210319519043,45.0,"{""type"":""Point"",""coordinates"":[110.22358195179201,19.023501033889065]}"
99,0.0,27.0,670.0,17.51188850402832,626.0,18.71132264254539,108.91826857784184,1526.61865234375,49.0,5.800995826721191,7.0,1.0,0.5356503730262798,11.575923919677734,47.0,"{""type"":""Point"",""coordinates"":[108.91801383485357,18.713351940371027]}"
100,0.0,28.0,645.0,48.723838806152344,499.0,19.18742974312874,109.73573548639064,2474.166259765625,47.0,7.612120151519775,6.0,2.0,0.6146466370290149,11.32457160949707,40.0,"{""type"":""Point"",""coordinates"":[109.73567661916795,19.187835051313424]}"
101,0.0,28.0,477.0,68.21049499511719,286.0,19.088615061875586,109.67734499292288,2321.585693359375,49.0,14.587183952331543,4.0,2.0,0.592564226019924,10.799430847167969,40.0,"{""type"":""Point"",""coordinates"":[109.67703938290143,19.087641789634134]}"
102,0.0,29.0,129.0,20.212820053100586,101.0,19.6320958087679,109.58751346451089,2113.935302734375,45.0,2.098217010498047,4.0,3.0,0.6693975649210103,13.00130844116211,34.0,"{""type"":""Point"",""coordinates"":[109.58683782770862,19.63158936741278]}"
103,0.0,30.0,716.0,62.238075256347656,560.0,19.01225826272543,109.80760070912021,2454.806396484375,45.0,13.125099182128906,5.0,2.0,0.5828237942708113,10.701698303222656,42.0,"{""type"":""Point"",""coordinates"":[109.80823659152249,19.014440931639566]}"
104,0.0,28.0,550.0,39.48752975463867,353.0,18.8820025465281,109.58751346451089,2131.724609375,47.0,7.707315444946289,5.0,2.0,0.5826714053087483,11.394327163696289,44.0,"{""type"":""Point"",""coordinates"":[109.58675284631046,18.880233298122445]}"
105,0.0,29.0,662.0,31.42648696899414,595.0,18.62149111413344,109.4437830190518,2034.1475830078125,43.0,6.427119255065918,6.0,1.0,0.5620942889129213,11.480011940002441,47.0,"{""type"":""Point"",""coordinates"":[109.44549458094258,18.62155830302848]}"
106,0.0,24.0,136.0,14.368266105651855,56.0,19.358109647111448,109.31352730285442,2092.463134765625,46.0,1.1002081632614136,3.0,3.0,0.7195511705498432,13.642898559570312,34.0,"{""type"":""Point"",""coordinates"":[109.31298443166959,19.358578815000886]}"
107,0.0,25.0,145.0,20.904640197753906,123.0,19.596163197403122,109.55607242956671,2178.419677734375,50.0,1.9922908544540405,4.0,3.0,0.6680537909673633,13.043248176574707,35.0,"{""type"":""Point"",""coordinates"":[109.55813400403382,19.59408280713359]}"
108,0.0,27.0,246.0,29.078105926513672,90.0,18.85056151158392,109.3898841020046,2018.818603515625,48.0,4.44471549987793,5.0,2.0,0.6115030114377056,12.174300193786621,45.0,"{""type"":""Point"",""coordinates"":[109.39018439051647,18.850336537341672]}"
109,0.0,22.0,144.0,13.053820610046387,111.0,19.591671620982524,109.85700804974675,2471.796875,53.0,0.4594675898551941,4.0,3.0,0.6917545908765477,14.511223793029785,35.0,"{""type"":""Point"",""coordinates"":[109.85604150413305,19.59319046700491]}"
110,0.0,26.0,40.0,9.737152099609375,40.0,19.708452607918062,109.35395149063982,1986.00439453125,50.0,0.6264535784721375,2.0,3.0,0.742585956926072,14.263870239257812,33.0,"{""type"":""Point"",""coordinates"":[109.35411899819665,19.707676660264692]}"
111,0.0,27.0,385.0,22.581979751586914,381.0,18.49123539793611,109.19225473949831,1830.8951416015625,51.0,4.357638835906982,4.0,1.0,0.5855737290708619,12.09732437133789,44.0,"{""type"":""Point"",""coordinates"":[109.19347842275154,18.489529373329546]}"
112,0.0,22.0,59.0,12.600001335144043,55.0,19.703961031497464,109.56056400598732,2024.0574951171875,55.0,0.9898107051849365,4.0,3.0,0.7270435229916073,13.795211791992188,33.0,"{""type"":""Point"",""coordinates"":[109.56231036923657,19.703218680346634]}"
113,0.0,28.0,189.0,67.93399047851562,171.0,19.29522757722308,110.25675835117994,2804.257080078125,45.0,6.528674602508545,3.0,3.0,0.6600796688725232,11.824628829956055,37.0,"{""type"":""Point"",""coordinates"":[110.25699012256622,19.295193205778354]}"
114,0.0,27.0,377.0,68.54631805419922,377.0,18.581066926348058,110.10853632930025,2423.35302734375,49.0,11.698628425598145,5.0,1.0,0.5905951342707543,11.103516578674316,45.0,"{""type"":""Point"",""coordinates"":[110.11011910319439,18.582768408137696]}"
115,0.0,31.0,849.0,33.78569030761719,652.0,19.034716144828415,109.4347998662106,2160.3232421875,38.0,7.188111782073975,5.0,2.0,0.5774179209696784,11.178840637207031,42.0,"{""type"":""Point"",""coordinates"":[109.43664256744592,19.036400728241702]}"
116,0.0,28.0,352.0,76.98243713378906,352.0,18.65293214907762,110.19387628129158,2376.27734375,47.0,14.718353271484375,3.0,1.0,0.5828645944092412,10.8836030960083,44.0,"{""type"":""Point"",""coordinates"":[110.19519715998436,18.65320088395854]}"
118,0.0,24.0,32.0,9.201767921447754,28.0,19.24132866017591,108.8194538965887,1558.3333740234375,50.0,1.2794829607009888,2.0,2.0,0.6840757818861216,13.554269790649414,43.0,"{""type"":""Point"",""coordinates"":[108.81777206759055,19.24289376424258]}"
119,0.0,21.0,109.0,13.0602445602417,76.0,19.60963792666491,109.5964966173521,2113.935302734375,55.0,0.8993586897850037,4.0,3.0,0.6974039602281836,13.861082077026367,35.0,"{""type"":""Point"",""coordinates"":[109.59750392503952,19.60795140667557]}"
120,0.0,29.0,69.0,31.837427139282227,67.0,19.034716144828415,110.38701406737727,2544.531982421875,40.0,2.405747413635254,5.0,2.0,0.7115239176317019,12.900696754455566,39.0,"{""type"":""Point"",""coordinates"":[110.38852442109906,19.035881219682924]}"
121,0.0,25.0,215.0,13.591703414916992,109.0,19.142513978922757,109.86599120258796,2409.646240234375,51.0,0.630933403968811,3.0,2.0,0.6511406690196578,14.148914337158203,42.0,"{""type"":""Point"",""coordinates"":[109.86526333931127,19.144168968442337]}"
122,0.0,31.0,99.0,20.35692024230957,75.0,19.57370531530013,110.51277820715399,2522.5078125,39.0,1.3861254453659058,5.0,3.0,0.7178257931598436,13.14938735961914,36.0,"{""type"":""Point"",""coordinates"":[110.51478801691323,19.57432532394257]}"
123,0.0,24.0,76.0,41.3073616027832,75.0,18.751746830330767,110.166926822768,2457.463134765625,52.0,4.060100078582764,4.0,1.0,0.6543427575526304,12.37209415435791,47.0,"{""type"":""Point"",""coordinates"":[110.16917188339809,18.75393439716848]}"
124,0.0,26.0,516.0,42.151363372802734,318.0,18.71581421896599,109.42581671336939,2163.304931640625,50.0,7.962845802307129,4.0,1.0,0.5803114878685861,11.389193534851074,45.0,"{""type"":""Point"",""coordinates"":[109.42555312602778,18.71501232892165]}"
125,0.0,27.0,886.0,32.62287902832031,780.0,18.80115417095734,108.99911695341262,1657.1302490234375,48.0,17.117834091186523,9.0,1.0,0.5316650891047247,10.244187355041504,40.0,"{""type"":""Point"",""coordinates"":[108.99847104149681,18.802652444757076]}"
126,0.0,28.0,234.0,71.86113739013672,161.0,19.232345507334713,109.9558227309999,2722.97509765625,43.0,7.837750434875488,5.0,2.0,0.650233943113475,11.61074447631836,38.0,"{""type"":""Point"",""coordinates"":[109.95650656613287,19.230457316603694]}"
127,0.0,37.0,59.0,9.912579536437988,59.0,19.60514635024431,109.34496833779866,2061.268310546875,38.0,0.63241046667099,4.0,3.0,0.7174868292734679,14.243245124816895,35.0,"{""type"":""Point"",""coordinates"":[109.3442674041414,19.604514803936375]}"
128,0.0,29.0,403.0,75.23213958740234,374.0,18.71581421896599,109.77166809775542,2400.8818359375,46.0,14.432060241699219,6.0,1.0,0.5623310978294578,10.867011070251465,49.0,"{""type"":""Point"",""coordinates"":[109.77081421791854,18.714692760626658]}"
129,0.0,29.0,78.0,14.905964851379395,68.0,19.57370531530013,110.58913500630416,2502.11181640625,45.0,0.8074908256530762,4.0,3.0,0.7364290525882932,13.539048194885254,34.0,"{""type"":""Point"",""coordinates"":[110.58891233283205,19.57396443693994]}"
130,0.0,21.0,8.0,5.488370418548584,8.0,19.425483293420413,108.8194538965887,1586.5736083984375,54.0,0.33440911769866943,2.0,3.0,0.7215703127478863,14.910127639770508,41.0,"{""type"":""Point"",""coordinates"":[108.81802792825177,19.427454436968304]}"
131,0.0,30.0,167.0,49.79160690307617,150.0,19.043699297669612,110.22082573981515,2662.99609375,39.0,4.477618217468262,4.0,2.0,0.6401633015350395,12.218021392822266,44.0,"{""type"":""Point"",""coordinates"":[110.22232205426165,19.045739310809658]}"
132,0.0,21.0,8.0,7.062314510345459,8.0,19.699469455076866,109.29106942075146,1937.7003173828125,53.0,0.2108524739742279,2.0,3.0,0.7698667824396166,15.37134075164795,35.0,"{""type"":""Point"",""coordinates"":[109.29208427257328,19.697582444301652]}"
133,0.0,33.0,234.0,25.989662170410156,231.0,18.810137323798536,108.80597916732694,1443.5169677734375,40.0,9.892765045166016,5.0,1.0,0.5528545405491916,11.374150276184082,45.0,"{""type"":""Point"",""coordinates"":[108.80375885202818,18.811787090177045]}"
134,0.0,29.0,525.0,45.95280838012695,308.0,18.99429195704304,109.65039553439925,2227.55859375,39.0,8.093160629272461,5.0,2.0,0.6010741963658851,11.365438461303711,41.0,"{""type"":""Point"",""coordinates"":[109.65013100785028,18.993472048006883]}"
135,0.0,25.0,338.0,37.57857894897461,331.0,18.693356336862998,110.06362056509425,2286.457763671875,49.0,4.810320854187012,4.0,1.0,0.6032569146920204,12.031872749328613,46.0,"{""type"":""Point"",""coordinates"":[110.06554577871673,18.693934756725806]}"
136,0.0,27.0,161.0,42.090110778808594,133.0,18.54513431498328,109.34945991421921,2066.016357421875,44.0,6.916835784912109,4.0,1.0,0.594371521749141,11.784097671508789,46.0,"{""type"":""Point"",""coordinates"":[109.34913277640959,18.54327824863074]}"
137,0.0,21.0,90.0,5.328617572784424,80.0,19.191921319549337,108.94521803636547,1684.2281494140625,55.0,0.1910209357738495,2.0,2.0,0.6384817469308169,15.421957969665527,42.0,"{""type"":""Point"",""coordinates"":[108.94553093227725,19.193683625471248]}"
138,0.0,27.0,42.0,40.071556091308594,35.0,18.8820025465281,110.27921623328291,2483.689697265625,51.0,3.8986825942993164,4.0,2.0,0.707622522872238,12.432876586914062,46.0,"{""type"":""Point"",""coordinates"":[110.27968207224974,18.880810004333874]}"
139,0.0,29.0,148.0,72.24673461914062,143.0,19.26827811869949,110.33311515033012,2895.787841796875,49.0,6.8572797775268555,4.0,2.0,0.6660259596619565,11.800966262817383,36.0,"{""type"":""Point"",""coordinates"":[110.33525961002901,19.26874386902982]}"
140,0.0,37.0,685.0,24.37824821472168,678.0,18.441828057309536,109.52013981820193,2127.970947265625,35.0,3.9014787673950195,7.0,1.0,0.5972314811933619,11.960515022277832,42.0,"{""type"":""Point"",""coordinates"":[109.52004533369175,18.442023417961433]}"
141,0.0,30.0,40.0,5.8484110832214355,41.0,19.820742018433002,109.32700203211624,1755.4129638671875,37.0,0.2109060436487198,4.0,4.0,0.7306124935145433,15.352567672729492,33.0,"{""type"":""Point"",""coordinates"":[109.32704027402663,19.821870883641996]}"
142,0.0,28.0,188.0,53.55525588989258,188.0,18.52267643288029,110.05463741225304,2106.2158203125,47.0,10.28027629852295,5.0,1.0,0.5939633211786882,11.364774703979492,44.0,"{""type"":""Point"",""coordinates"":[110.05458510369851,18.524772793647426]}"
143,0.0,21.0,203.0,9.960140228271484,63.0,18.65293214907762,109.20123789233952,1870.6217041015625,59.0,0.8778001666069031,3.0,1.0,0.6421390891012859,13.826435089111328,46.0,"{""type"":""Point"",""coordinates"":[109.19937127416502,18.655069900051068]}"
144,0.0,28.0,28.0,14.375290870666504,28.0,19.254803389437704,110.5262529364158,2688.94921875,46.0,0.4177775979042053,4.0,2.0,0.764415916557377,14.656675338745117,40.0,"{""type"":""Point"",""coordinates"":[110.52457822526135,19.25309151414106]}"
145,0.0,24.0,1289.0,31.472389221191406,1235.0,19.061665603352004,109.13835582245116,1989.575927734375,48.0,17.816423416137695,9.0,2.0,0.5258406385208532,9.575439453125,40.0,"{""type"":""Point"",""coordinates"":[109.13722301389936,19.062991441354423]}"
146,0.0,29.0,5.0,6.117464065551758,6.0,20.031846110201087,110.64303392335137,1872.115966796875,41.0,0.2599071264266968,3.0,4.0,0.7246109119800367,13.816332817077637,45.0,"{""type"":""Point"",""coordinates"":[110.64112422234412,20.032835983123555]}"
147,0.0,24.0,237.0,10.949365615844727,235.0,18.482252245094912,109.11140636392759,1765.4906005859375,57.0,1.3757976293563843,4.0,1.0,0.5961753725292757,13.354757308959961,45.0,"{""type"":""Point"",""coordinates"":[109.11344957794239,18.48068614085912]}"
148,0.0,33.0,835.0,53.964237213134766,683.0,19.151497131763954,109.30903572643388,2157.521240234375,38.0,17.264617919921875,10.0,2.0,0.5702262581360563,10.292336463928223,38.0,"{""type"":""Point"",""coordinates"":[109.308521927467,19.153600031030237]}"
149,0.0,25.0,19.0,10.997051239013672,22.0,18.949376192837065,110.45438771368623,2139.58740234375,44.0,0.5464888215065002,3.0,2.0,0.7384653418804719,14.393406867980957,41.0,"{""type"":""Point"",""coordinates"":[110.4543607440857,18.94928490760563]}"
150,0.0,24.0,133.0,8.705430030822754,119.0,19.111072943978577,108.90928542500069,1652.5684814453125,50.0,0.9728891253471375,4.0,2.0,0.6193403311997329,13.767765045166016,40.0,"{""type"":""Point"",""coordinates"":[108.90963518449354,19.110456890413193]}"
151,0.0,28.0,90.0,12.402364730834961,83.0,19.659045267291482,110.58015185346295,2367.632080078125,45.0,0.6263640522956848,5.0,3.0,0.7213536467684185,13.78178596496582,32.0,"{""type"":""Point"",""coordinates"":[110.5804270231459,19.657620797130466]}"
152,0.0,22.0,46.0,14.027240753173828,34.0,19.18293816670814,108.96318434204784,1805.0872802734375,51.0,1.6483161449432373,2.0,2.0,0.6942380560345863,13.292688369750977,42.0,"{""type"":""Point"",""coordinates"":[108.96401058776351,19.182735216490112]}"
153,0.0,28.0,49.0,16.703983306884766,49.0,19.865657782638976,110.46337086652744,2247.267578125,42.0,1.4817017316818237,7.0,4.0,0.7259793372593908,12.932811737060547,38.0,"{""type"":""Point"",""coordinates"":[110.46196899068309,19.86364906743655]}"
154,0.0,31.0,271.0,24.427772521972656,166.0,18.82810362948093,109.93785642531753,2220.075439453125,39.0,2.561861753463745,4.0,2.0,0.6162136398477744,12.709883689880371,45.0,"{""type"":""Point"",""coordinates"":[109.93706326713352,18.828521454016773]}"
155,0.0,31.0,27.0,8.164534568786621,27.0,19.82972517127419,109.3943756784252,1777.240234375,40.0,0.6495612263679504,5.0,4.0,0.7430163892174931,14.235209465026855,34.0,"{""type"":""Point"",""coordinates"":[109.39624571373433,19.829080698907322]}"
156,0.0,31.0,567.0,24.411216735839844,524.0,18.74725525391017,109.69531129860525,2432.957763671875,40.0,2.257319688796997,6.0,1.0,0.6044311481148769,12.613614082336426,47.0,"{""type"":""Point"",""coordinates"":[109.69753799186392,18.747416415473804]}"
157,0.0,26.0,141.0,14.319969177246094,105.0,19.49285693972937,109.50217351251956,2251.46826171875,50.0,0.9257110953330994,4.0,3.0,0.676906664573671,13.812528610229492,35.0,"{""type"":""Point"",""coordinates"":[109.50270535064354,19.492033056892225]}"
158,0.0,23.0,91.0,15.819297790527344,50.0,19.425483293420413,110.25226677475933,2655.034912109375,47.0,0.5160958170890808,5.0,3.0,0.7451485615490882,14.427422523498535,38.0,"{""type"":""Point"",""coordinates"":[110.25280430188846,19.42549314275195]}"
159,0.0,23.0,12.0,9.893970489501953,15.0,18.97183407494005,110.50828663073344,2175.47705078125,49.0,0.36841607093811035,3.0,2.0,0.7540198789590252,14.79183292388916,40.0,"{""type"":""Point"",""coordinates"":[110.50719388351538,18.96993132540828]}"
160,0.0,21.0,198.0,11.796683311462402,61.0,18.675390031180612,109.20123789233952,1870.6217041015625,58.0,1.207130789756775,3.0,1.0,0.6523375594592967,13.511005401611328,44.0,"{""type"":""Point"",""coordinates"":[109.20077652672236,18.67628090505709]}"
161,0.0,31.0,323.0,26.0132999420166,239.0,18.85056151158392,108.99911695341262,1648.6571044921875,45.0,7.252624988555908,4.0,2.0,0.5835743321778826,11.628817558288574,41.0,"{""type"":""Point"",""coordinates"":[108.99800073869966,18.852716234961317]}"
162,0.0,27.0,872.0,61.76219177246094,722.0,19.15598870818455,109.77166809775542,2623.226806640625,46.0,11.967642784118652,6.0,2.0,0.5991944693366338,10.633834838867188,39.0,"{""type"":""Point"",""coordinates"":[109.77177961235493,19.154070771760306]}"
163,0.0,28.0,297.0,46.58879089355469,130.0,18.864036240845707,109.82107543838197,2326.879150390625,42.0,6.272100448608398,4.0,2.0,0.6071157662752097,11.793456077575684,45.0,"{""type"":""Point"",""coordinates"":[109.82158285386134,18.862149275762487]}"
164,0.0,27.0,70.0,21.471961975097656,58.0,19.111072943978577,110.23879204549758,2754.3955078125,47.0,0.9863185286521912,4.0,2.0,0.7077313700389368,13.792227745056152,44.0,"{""type"":""Point"",""coordinates"":[110.2366223497654,19.11083204446516]}"
165,0.0,29.0,473.0,68.6435317993164,337.0,18.706831066124792,109.49319035967835,2198.31005859375,47.0,17.223657608032227,4.0,1.0,0.5563732659337609,10.627588272094727,45.0,"{""type"":""Point"",""coordinates"":[109.4934554183731,18.70684721293757]}"
166,0.0,20.0,99.0,11.353179931640625,89.0,19.515314821832362,109.37640937274284,2117.753662109375,55.0,0.6323950290679932,3.0,3.0,0.6796658292008086,14.219359397888184,36.0,"{""type"":""Point"",""coordinates"":[109.37730221884813,19.51714575971265]}"
167,0.0,27.0,36.0,9.453255653381348,36.0,19.86116620621838,110.3690477616949,2282.446533203125,42.0,0.25984516739845276,4.0,4.0,0.7502482121856692,14.711490631103516,37.0,"{""type"":""Point"",""coordinates"":[110.36978103064627,19.86329429673764]}"
168,0.0,30.0,433.0,33.931419372558594,256.0,19.057174026931406,109.74471863923185,2287.968994140625,46.0,4.588466167449951,4.0,2.0,0.6210665026378178,12.009754180908203,41.0,"{""type"":""Point"",""coordinates"":[109.7469496886053,19.059308251034402]}"
169,0.0,29.0,17.0,16.727039337158203,15.0,19.173955013866944,110.3690477616949,2862.687744140625,43.0,0.45886939764022827,4.0,2.0,0.7833597458979339,14.588542938232422,39.0,"{""type"":""Point"",""coordinates"":[110.36749324179094,19.174456111588054]}"
170,0.0,24.0,172.0,28.93141746520996,100.0,19.290736000802482,109.26411996222788,2230.155029296875,55.0,3.2861762046813965,4.0,3.0,0.6512688262761711,12.52517032623291,38.0,"{""type"":""Point"",""coordinates"":[109.26302947401248,19.289074184805614]}"
171,0.0,25.0,21.0,15.232722282409668,15.0,19.74887679570344,110.30167411538594,2454.65771484375,49.0,0.7943012118339539,2.0,4.0,0.8077189971254882,13.76718521118164,31.0,"{""type"":""Point"",""coordinates"":[110.30376886310037,19.747883354145706]}"
172,0.0,26.0,56.0,12.959368705749512,32.0,19.69048630223567,109.88395750827033,2324.69775390625,51.0,0.6509669423103333,3.0,3.0,0.7758028052668422,14.216093063354492,32.0,"{""type"":""Point"",""coordinates"":[109.88263331664669,19.690726677576734]}"
173,0.0,28.0,265.0,51.98812484741211,230.0,18.91344358147228,110.14896051708558,2418.375244140625,50.0,7.147738456726074,4.0,2.0,0.6113770678411586,11.68332576751709,45.0,"{""type"":""Point"",""coordinates"":[110.15081552962442,18.914211893244982]}"
174,0.0,27.0,374.0,50.29705810546875,189.0,19.097598214716783,109.68632814576404,2321.585693359375,48.0,7.816601276397705,4.0,2.0,0.6196205022011867,11.516719818115234,40.0,"{""type"":""Point"",""coordinates"":[109.68498178572226,19.09852806056024]}"
175,0.0,24.0,139.0,16.939355850219727,64.0,19.304210730064277,109.91989011963511,2664.357666015625,54.0,0.7002902030944824,4.0,3.0,0.7207411551936352,14.092873573303223,39.0,"{""type"":""Point"",""coordinates"":[109.92183057699712,19.304644325621346]}"
176,0.0,28.0,77.0,12.559468269348145,53.0,19.677011572973875,109.89294066111154,2324.69775390625,49.0,0.6231849789619446,4.0,3.0,0.7565158250294938,14.24725341796875,31.0,"{""type"":""Point"",""coordinates"":[109.89095812369918,19.67890011825657]}"
177,0.0,29.0,56.0,14.624876976013184,53.0,19.77582625422702,110.51726978357459,2300.5517578125,41.0,1.0281168222427368,6.0,4.0,0.7385665131732828,13.317826271057129,35.0,"{""type"":""Point"",""coordinates"":[110.51538027277674,19.7754417474746]}"
178,0.0,23.0,17.0,6.116899013519287,18.0,19.91057354684495,110.79574752165166,1951.239013671875,53.0,0.13482317328453064,4.0,4.0,0.7075818089116105,14.445911407470703,47.0,"{""type"":""Point"",""coordinates"":[110.7965253752259,19.91251180751467]}"
179,0.0,23.0,131.0,8.967010498046875,77.0,19.034716144828415,109.0260664119362,1780.6103515625,54.0,0.80730801820755,3.0,2.0,0.6525331348751361,13.955594062805176,40.0,"{""type"":""Point"",""coordinates"":[109.02482141256687,19.036462976267273]}"
180,0.0,22.0,17.0,9.201994895935059,17.0,19.694977878656267,109.28208626791024,1937.7003173828125,51.0,0.5429753661155701,2.0,3.0,0.758015685805494,14.420235633850098,35.0,"{""type"":""Point"",""coordinates"":[109.28121737630403,19.696204190406394]}"
181,0.0,26.0,6.0,9.585156440734863,9.0,18.814628900219134,110.40498037305969,2119.864013671875,46.0,0.40605950355529785,2.0,1.0,0.7168589552253302,14.703872680664062,49.0,"{""type"":""Point"",""coordinates"":[110.4049918262788,18.813938984880163]}"
182,0.0,28.0,184.0,11.095768928527832,184.0,19.66353684371208,111.02032634268153,1649.62158203125,46.0,7.887508869171143,7.0,3.0,0.5695170687672988,9.895957946777344,47.0,"{""type"":""Point"",""coordinates"":[111.02160352329373,19.6617998507685]}"
183,0.0,34.0,114.0,18.453887939453125,72.0,19.389550682055628,110.24328362191818,2689.794921875,40.0,0.8586054444313049,4.0,3.0,0.7215569003524928,13.904414176940918,37.0,"{""type"":""Point"",""coordinates"":[110.24356608556502,19.387645518691244]}"
184,0.0,22.0,84.0,15.959602355957031,63.0,19.66802842013268,109.98726376594408,2444.14501953125,54.0,0.8029860258102417,3.0,3.0,0.7370722863607475,13.989544868469238,34.0,"{""type"":""Point"",""coordinates"":[109.98573569007013,19.668104606126505]}"
185,0.0,28.0,211.0,44.89939498901367,149.0,19.084123485454995,109.93785642531753,2456.61181640625,45.0,4.958903789520264,4.0,2.0,0.6329393753259588,12.087312698364258,43.0,"{""type"":""Point"",""coordinates"":[109.93946329376192,19.083047272420952]}"
186,0.0,29.0,696.0,30.392364501953125,629.0,18.59903323203045,109.46174932473417,2109.447021484375,42.0,5.517537593841553,5.0,1.0,0.5708230215840027,11.602025985717773,46.0,"{""type"":""Point"",""coordinates"":[109.45986248755342,18.59788731451484]}"
187,0.0,30.0,374.0,61.35634994506836,269.0,19.007766686304834,109.9513311545793,2478.089599609375,45.0,9.22496223449707,4.0,2.0,0.6189017428092254,11.348593711853027,41.0,"{""type"":""Point"",""coordinates"":[109.94987202739401,19.005781646165683]}"
188,0.0,26.0,535.0,40.476165771484375,394.0,18.84606993516332,109.75819336849361,2306.14404296875,45.0,5.910462856292725,4.0,2.0,0.5933957636072767,11.674675941467285,45.0,"{""type"":""Point"",""coordinates"":[109.7567597649548,18.84479502370311]}"
189,0.0,24.0,203.0,17.27176284790039,108.0,19.205396048811124,109.1877631630777,2044.3651123046875,52.0,1.7857871055603027,4.0,2.0,0.639737978253571,13.11599349975586,39.0,"{""type"":""Point"",""coordinates"":[109.18992579509408,19.204294227336963]}"
190,0.0,31.0,33.0,16.56780433654785,34.0,19.820742018433002,109.54259770030495,1845.8292236328125,44.0,2.2302865982055664,4.0,4.0,0.7325909678764626,12.997674942016602,34.0,"{""type"":""Point"",""coordinates"":[109.54433562141753,19.82121920932224]}"
191,0.0,29.0,177.0,18.96617889404297,175.0,18.531659585721485,109.80760070912021,2248.7099609375,44.0,1.5800998210906982,4.0,1.0,0.6229770135870396,13.255081176757812,46.0,"{""type"":""Point"",""coordinates"":[109.80812000880138,18.532281275330167]}"
192,0.0,26.0,195.0,9.87831974029541,193.0,18.495726974356707,109.15632212813352,1830.8951416015625,54.0,0.9916337728500366,4.0,1.0,0.6084362833978472,13.709630012512207,44.0,"{""type"":""Point"",""coordinates"":[109.15568493109268,18.493989165133105]}"
193,0.0,25.0,6.0,3.9522042274475098,7.0,19.259294965858295,108.73411394459737,1443.5733642578125,49.0,0.1720791757106781,3.0,2.0,0.7154606347346077,15.575692176818848,41.0,"{""type"":""Point"",""coordinates"":[108.73241923213712,19.25771636355272]}"
194,0.0,23.0,48.0,19.086231231689453,37.0,19.699469455076866,110.2073510105534,2595.80908203125,52.0,0.989783763885498,2.0,3.0,0.7978708144277212,13.648542404174805,29.0,"{""type"":""Point"",""coordinates"":[110.20549476834515,19.701176244451162]}"
195,0.0,33.0,23.0,7.6918559074401855,26.0,18.998783533463637,110.47684559578926,2200.788818359375,39.0,0.12132896482944489,3.0,2.0,0.7437805569643908,15.896087646484375,40.0,"{""type"":""Point"",""coordinates"":[110.47531041722188,18.99681011445181]}"
196,0.0,23.0,6.0,8.734444618225098,9.0,18.29360603542981,109.69081972218464,2181.55810546875,49.0,0.21449461579322815,3.0,0.0,0.7531811290608146,15.355360984802246,42.0,"{""type"":""Point"",""coordinates"":[109.69061319658228,18.294336629239407]}"
197,0.0,29.0,446.0,39.28706741333008,355.0,18.729288948227783,109.52912297104314,2210.34033203125,47.0,6.476812839508057,4.0,1.0,0.5829527351367811,11.653035163879395,47.0,"{""type"":""Point"",""coordinates"":[109.52838929072443,18.728205435298623]}"
198,0.0,27.0,277.0,42.70600128173828,99.0,19.15598870818455,109.56056400598732,2214.32080078125,42.0,6.10729455947876,4.0,2.0,0.6437831757767299,11.833944320678711,36.0,"{""type"":""Point"",""coordinates"":[109.56201874650338,19.15688395560927]}"
199,0.0,21.0,135.0,24.825700759887695,97.0,19.57370531530013,109.843533320485,2407.0087890625,55.0,1.9157638549804688,4.0,3.0,0.6898769001227651,13.088650703430176,34.0,"{""type"":""Point"",""coordinates"":[109.84496643981797,19.57311922981985]}"
200,0.0,28.0,580.0,40.788021087646484,505.0,18.702339489704194,109.0215748355156,1799.907470703125,49.0,14.355236053466797,7.0,1.0,0.5451148872343947,10.731927871704102,44.0,"{""type"":""Point"",""coordinates"":[109.02140564248704,18.702777569263596]}"
201,0.0,29.0,276.0,27.344684600830078,136.0,18.74725525391017,109.29106942075146,1910.4122314453125,50.0,5.112303733825684,4.0,1.0,0.5898443950024173,12.013594627380371,45.0,"{""type"":""Point"",""coordinates"":[109.29119220288683,18.748450267175507]}"
202,0.0,23.0,81.0,7.043225288391113,33.0,19.681503149394473,109.70878602786706,2134.685302734375,53.0,0.06091879680752754,3.0,3.0,0.7597464743778628,16.570201873779297,33.0,"{""type"":""Point"",""coordinates"":[109.71089567169045,19.679681432907646]}"
203,0.0,29.0,529.0,66.10121154785156,397.0,18.832595205901526,109.2371705037043,2027.6065673828125,44.0,20.890836715698242,6.0,2.0,0.535370908973845,10.374820709228516,45.0,"{""type"":""Point"",""coordinates"":[109.23835289064246,18.83095830260767]}"
204,0.0,27.0,231.0,27.917036056518555,103.0,18.868527817266305,109.85700804974675,2311.743896484375,44.0,2.7194600105285645,5.0,2.0,0.6194730928237494,12.676751136779785,46.0,"{""type"":""Point"",""coordinates"":[109.85761811556738,18.867734346918454]}"
205,0.0,31.0,401.0,11.452620506286621,401.0,18.450811210150732,109.21022104518073,1971.9754638671875,43.0,1.0557047128677368,6.0,1.0,0.6054023329363423,13.505090713500977,44.0,"{""type"":""Point"",""coordinates"":[109.20805861355845,18.449878753204644]}"
206,0.0,26.0,51.0,14.058085441589355,50.0,19.587180044561926,109.32700203211624,2085.647705078125,50.0,1.1359834671020508,3.0,3.0,0.7265801994985812,13.662154197692871,35.0,"{""type"":""Point"",""coordinates"":[109.32776890072125,19.587210799457367]}"
207,0.0,26.0,137.0,18.474939346313477,67.0,19.528789551094157,109.64590395797865,2260.84375,49.0,1.4563201665878296,4.0,3.0,0.7121655019940787,13.361774444580078,35.0,"{""type"":""Point"",""coordinates"":[109.64553469300132,19.527302672981325]}"
208,0.0,26.0,144.0,57.61004638671875,141.0,19.200904472390526,110.34658987959187,2945.27490234375,51.0,4.3901047706604,4.0,2.0,0.671172817277027,12.252245903015137,37.0,"{""type"":""Point"",""coordinates"":[110.3443868115979,19.20212802058915]}"
209,0.0,22.0,28.0,12.752740859985352,14.0,19.74438521928284,110.04116268299128,2457.389892578125,53.0,0.4304303526878357,3.0,4.0,0.8107569676153029,14.64616584777832,31.0,"{""type"":""Point"",""coordinates"":[110.04128781930163,19.743773126759315]}"
210,0.0,27.0,132.0,39.206241607666016,91.0,18.608016384871647,109.63242922871689,2420.288818359375,46.0,3.9885311126708984,5.0,1.0,0.6366422961440718,12.355953216552734,46.0,"{""type"":""Point"",""coordinates"":[109.63200506833752,18.60639771377194]}"
211,0.0,30.0,234.0,22.771543502807617,168.0,19.425483293420413,109.50666508894017,2343.00732421875,50.0,2.140110492706299,4.0,3.0,0.6808287176913643,12.91463851928711,33.0,"{""type"":""Point"",""coordinates"":[109.5055353570239,19.425960481710767]}"
212,0.0,29.0,233.0,37.97502517700195,156.0,19.41200856415862,109.77615967417603,2519.21923828125,45.0,3.645904302597046,5.0,3.0,0.6720785822036918,12.381664276123047,36.0,"{""type"":""Point"",""coordinates"":[109.77720764714665,19.413026733125434]}"
213,0.0,30.0,721.0,52.29823303222656,667.0,19.043699297669612,109.09793163466577,1922.6231689453125,48.0,21.482454299926758,7.0,2.0,0.5416081109406411,10.173399925231934,40.0,"{""type"":""Point"",""coordinates"":[109.09665354378787,19.043715609137866]}"
214,0.0,31.0,93.0,31.256372451782227,84.0,19.025732991987226,110.3196404210683,2546.581787109375,38.0,2.386810064315796,4.0,2.0,0.6773818749327657,12.894246101379395,42.0,"{""type"":""Point"",""coordinates"":[110.31980109403355,19.027501141850326]}"
215,0.0,25.0,70.0,8.53363037109375,69.0,19.739893642862242,109.61446292303447,2057.8681640625,50.0,0.3441552519798279,3.0,3.0,0.7146531374158909,14.84520149230957,33.0,"{""type"":""Point"",""coordinates"":[109.61656650598447,19.740441880540164]}"
216,0.0,31.0,30.0,5.917477607727051,32.0,19.645570538029695,110.97541057847559,1668.315673828125,44.0,0.7676920890808105,7.0,3.0,0.6877966122928366,12.678903579711914,44.0,"{""type"":""Point"",""coordinates"":[110.97410324157111,19.64758335186996]}"
217,0.0,27.0,714.0,49.54356002807617,654.0,18.590050079189254,109.54259770030495,2260.430419921875,49.0,11.140430450439453,6.0,1.0,0.5527442253753797,10.872568130493164,48.0,"{""type"":""Point"",""coordinates"":[109.54070660909566,18.59061360344222]}"
218,0.0,27.0,425.0,67.78744506835938,422.0,18.401403869524152,109.58302188809029,2216.44873046875,48.0,15.351080894470215,6.0,1.0,0.575640165946513,10.785964965820312,43.0,"{""type"":""Point"",""coordinates"":[109.58523712617269,18.401171413587353]}"
219,0.0,33.0,1142.0,42.92184066772461,981.0,18.93590146357527,109.35395149063982,2082.82666015625,37.0,20.739959716796875,7.0,2.0,0.5072043038681127,9.687145233154297,45.0,"{""type"":""Point"",""coordinates"":[109.35260773386975,18.933664325596624]}"
220,0.0,27.0,17.0,15.541190147399902,17.0,19.313193882905473,110.49481190147162,2723.8681640625,41.0,0.44097426533699036,6.0,3.0,0.7784822682997241,14.60912036895752,40.0,"{""type"":""Point"",""coordinates"":[110.495959443906,19.31141915222324]}"
221,0.0,24.0,122.0,9.992523193359375,60.0,19.582688468141328,109.73573548639064,2259.029541015625,52.0,0.34001484513282776,4.0,3.0,0.7253985070337106,14.825901985168457,35.0,"{""type"":""Point"",""coordinates"":[109.7348375599322,19.584180679791967]}"
222,0.0,27.0,28.0,5.212225437164307,29.0,19.29971915364368,108.78352128522391,1503.7877197265625,52.0,0.4746939539909363,2.0,3.0,0.696051601118004,14.548276901245117,40.0,"{""type"":""Point"",""coordinates"":[108.78364444949808,19.29947318959845]}"
223,0.0,24.0,65.0,9.656905174255371,65.0,19.65455369087089,109.40335883126642,1992.2867431640625,53.0,0.6019782423973083,3.0,3.0,0.7055828863995761,14.289016723632812,35.0,"{""type"":""Point"",""coordinates"":[109.40402654949698,19.65242684164652]}"
224,0.0,29.0,373.0,58.69734573364258,296.0,19.277261271540688,109.93785642531753,2763.47119140625,46.0,6.164898872375488,5.0,2.0,0.6531539250899966,11.757184982299805,37.0,"{""type"":""Point"",""coordinates"":[109.93636755004022,19.27628262117963]}"
225,0.0,30.0,23.0,7.07430362701416,24.0,20.07676187440706,110.61608446482774,1897.72802734375,45.0,0.6133739948272705,3.0,4.0,0.7084398539639946,12.917196273803711,44.0,"{""type"":""Point"",""coordinates"":[110.61477204362438,20.07818747346882]}"
226,0.0,27.0,179.0,12.379939079284668,94.0,19.290736000802482,109.78514282701718,2496.40234375,53.0,0.4588800072669983,4.0,3.0,0.6890419383938244,14.490496635437012,37.0,"{""type"":""Point"",""coordinates"":[109.78544036499034,19.29034005415096]}"
227,0.0,24.0,53.0,59.98111343383789,53.0,18.473269092253716,110.05014583583244,2033.932861328125,54.0,12.53242015838623,4.0,1.0,0.6423274083275272,11.244159698486328,44.0,"{""type"":""Point"",""coordinates"":[110.05215703092146,18.474146998566425]}"
228,0.0,29.0,400.0,35.14090347290039,324.0,18.527168009300887,109.50666508894017,2124.04052734375,49.0,6.017431259155273,5.0,1.0,0.59659481743966,11.761805534362793,44.0,"{""type"":""Point"",""coordinates"":[109.50835850485296,18.52678761922766]}"
229,0.0,29.0,152.0,22.666372299194336,149.0,18.414878598785947,109.27310311506909,1874.107666015625,44.0,3.524186372756958,4.0,1.0,0.6135519275052044,12.467658996582031,42.0,"{""type"":""Point"",""coordinates"":[109.27188233925565,18.414302397972513]}"
230,0.0,27.0,71.0,11.306721687316895,63.0,19.71294418433866,110.49032032505102,2416.96728515625,49.0,0.4061093330383301,7.0,3.0,0.7500628805690991,14.380424499511719,32.0,"{""type"":""Point"",""coordinates"":[110.48933069547806,19.711196758489876]}"
231,0.0,25.0,322.0,114.52505493164062,284.0,19.043699297669612,110.08158687077662,2701.92578125,46.0,17.833219528198242,4.0,2.0,0.5743445091280238,10.702136993408203,46.0,"{""type"":""Point"",""coordinates"":[110.08053022165214,19.04244698536739]}"
232,0.0,24.0,157.0,24.795503616333008,54.0,19.290736000802482,109.74471863923185,2481.336181640625,52.0,1.8142224550247192,4.0,3.0,0.7233644092030929,13.129449844360352,38.0,"{""type"":""Point"",""coordinates"":[109.74420331840518,19.292802855510704]}"
233,0.0,25.0,74.0,5.952516555786133,52.0,18.873019393686903,108.85987808437409,1499.4522705078125,46.0,0.5862511396408081,4.0,2.0,0.6417637756635679,14.310141563415527,46.0,"{""type"":""Point"",""coordinates"":[108.8579133697617,18.873652652357098]}"
234,0.0,24.0,126.0,22.612537384033203,71.0,19.452432751943995,109.83904174406439,2502.787841796875,53.0,1.5139741897583008,3.0,3.0,0.7126434361958978,13.329719543457031,37.0,"{""type"":""Point"",""coordinates"":[109.8392661603439,19.454079051892588]}"
235,0.0,23.0,191.0,60.59624481201172,116.0,19.29971915364368,109.94683957815869,2763.47119140625,55.0,5.721919059753418,4.0,3.0,0.6554306646194912,11.956257820129395,39.0,"{""type"":""Point"",""coordinates"":[109.94893034646546,19.297645017185918]}"
236,0.0,28.0,87.0,19.548261642456055,68.0,19.456924328364593,110.51277820715399,2521.701171875,43.0,1.251852035522461,4.0,3.0,0.7127316892543484,13.260919570922852,39.0,"{""type"":""Point"",""coordinates"":[110.51502207091755,19.454994983644756]}"
237,0.0,25.0,13.0,5.92202615737915,14.0,19.928539852527344,110.79574752165166,1951.239013671875,47.0,0.06101345643401146,3.0,4.0,0.7073135330758435,15.247791290283203,48.0,"{""type"":""Point"",""coordinates"":[110.796126372632,19.927525655833755]}"
238,0.0,29.0,274.0,20.30917739868164,272.0,18.760729983171963,108.75657182670034,1405.4683837890625,42.0,6.95952033996582,6.0,1.0,0.5572823747535959,11.704211235046387,45.0,"{""type"":""Point"",""coordinates"":[108.75843587008916,18.761210163680744]}"
239,0.0,25.0,46.0,14.61815357208252,29.0,19.582688468141328,110.19836785771219,2644.20068359375,47.0,0.4410996437072754,4.0,3.0,0.7843043617143389,14.611183166503906,35.0,"{""type"":""Point"",""coordinates"":[110.19850512680668,19.58203113126449]}"
240,0.0,30.0,363.0,41.22720718383789,185.0,19.142513978922757,109.55607242956671,2184.56787109375,38.0,6.420137882232666,4.0,2.0,0.6217496529899695,11.723514556884766,39.0,"{""type"":""Point"",""coordinates"":[109.55572504143568,19.142534091088212]}"
241,0.0,28.0,23.0,16.656410217285156,24.0,19.362601223532046,110.64303392335137,2422.916015625,48.0,1.084842562675476,6.0,3.0,0.7664542772008117,13.453886985778809,38.0,"{""type"":""Point"",""coordinates"":[110.64411659527289,19.36427691767024]}"
242,0.0,33.0,81.0,15.719767570495605,82.0,19.919556699686147,110.09057002361783,2271.869140625,39.0,1.2413898706436157,2.0,4.0,0.6992976757140741,13.274084091186523,35.0,"{""type"":""Point"",""coordinates"":[110.09222426669724,19.921215266328765]}"
243,0.0,26.0,311.0,81.3551025390625,313.0,18.401403869524152,109.62793765229628,2301.660400390625,49.0,16.846445083618164,7.0,1.0,0.5908595263798221,10.770352363586426,41.0,"{""type"":""Point"",""coordinates"":[109.62804576922842,18.402414550676582]}"
244,0.0,24.0,69.0,6.2631402015686035,63.0,19.173955013866944,108.83742020227112,1516.534912109375,58.0,0.752274751663208,2.0,2.0,0.6556109029736636,14.063741683959961,40.0,"{""type"":""Point"",""coordinates"":[108.83835634063857,19.173147590520767]}"
245,0.0,30.0,87.0,17.759809494018555,86.0,19.78031783064762,109.9603143074205,2374.24169921875,43.0,1.161446452140808,4.0,4.0,0.7064721241848848,13.618589401245117,34.0,"{""type"":""Point"",""coordinates"":[109.96217161497064,19.782416607565548]}"
246,0.0,24.0,39.0,11.52490520477295,39.0,18.724797371807185,110.18040155202976,2284.88232421875,51.0,0.4845128357410431,4.0,1.0,0.7147538404607354,14.521401405334473,44.0,"{""type"":""Point"",""coordinates"":[110.17883273674579,18.726801211576653]}"
248,0.0,25.0,32.0,8.87575912475586,32.0,18.446319633730134,109.81209228554076,2075.749267578125,51.0,0.3795308768749237,3.0,1.0,0.7101614382714287,14.769696235656738,44.0,"{""type"":""Point"",""coordinates"":[109.81380421298265,18.446598278053035]}"
249,0.0,28.0,312.0,85.8800048828125,312.0,18.590050079189254,110.09955317645904,2255.696044921875,49.0,20.333784103393555,4.0,1.0,0.5583442450708814,10.567665100097656,45.0,"{""type"":""Point"",""coordinates"":[110.09794137097177,18.58921068108046]}"
250,0.0,29.0,829.0,20.124923706054688,593.0,18.99429195704304,109.70429445144646,2376.595947265625,48.0,2.1159441471099854,4.0,2.0,0.6068215069340113,12.428485870361328,42.0,"{""type"":""Point"",""coordinates"":[109.70534161132122,18.9935447192489]}"
251,0.0,30.0,891.0,52.380645751953125,824.0,18.63496584339523,109.3943756784252,2157.947509765625,46.0,18.160993576049805,9.0,1.0,0.5286381188119271,10.175333023071289,46.0,"{""type"":""Point"",""coordinates"":[109.39452748413402,18.637141757596485]}"
252,0.0,28.0,30.0,12.495403289794922,30.0,19.69048630223567,110.69244126397791,2306.94482421875,47.0,0.7301433682441711,4.0,3.0,0.7525157831721673,13.683673858642578,38.0,"{""type"":""Point"",""coordinates"":[110.69254420814323,19.68937179778191]}"
253,0.0,23.0,31.0,10.724589347839355,34.0,18.895477275789894,110.3645561852743,2292.78466796875,53.0,0.381417453289032,4.0,2.0,0.7172789852918755,14.765318870544434,45.0,"{""type"":""Point"",""coordinates"":[110.36235943581043,18.89403279712936]}"
254,0.0,27.0,53.0,18.470821380615234,35.0,19.546755856776542,110.24777519833873,2685.0126953125,46.0,0.7791558504104614,3.0,3.0,0.7614406670045283,14.038089752197266,38.0,"{""type"":""Point"",""coordinates"":[110.24596825112432,19.548171604939107]}"
255,0.0,23.0,11.0,13.677924156188965,13.0,19.138022402502166,110.46337086652744,2631.907958984375,47.0,0.33974793553352356,3.0,2.0,0.7817388615862593,14.873430252075195,40.0,"{""type"":""Point"",""coordinates"":[110.46287539823447,19.139300727865944]}"
256,0.0,29.0,297.0,19.287538528442383,112.0,19.133530826081568,109.56505558240792,2184.56787109375,38.0,1.7571327686309814,4.0,2.0,0.6377683572790804,13.069576263427734,40.0,"{""type"":""Point"",""coordinates"":[109.56679302558352,19.134403474226435]}"
257,0.0,30.0,274.0,28.82280731201172,213.0,18.783187865274954,109.86599120258796,2459.364013671875,39.0,2.460059881210327,4.0,1.0,0.6345184813287316,12.748456954956055,44.0,"{""type"":""Point"",""coordinates"":[109.86680202439692,18.781207435919814]}"
258,0.0,21.0,133.0,20.75395965576172,120.0,19.12454767324037,108.91377700142124,1652.5684814453125,60.0,4.407910346984863,4.0,2.0,0.61262579085016,12.255000114440918,39.0,"{""type"":""Point"",""coordinates"":[108.91325384552236,19.123553587182737]}"
259,0.0,32.0,772.0,29.869117736816406,751.0,18.787679441695552,108.8688612372153,1512.2493896484375,45.0,18.1464900970459,10.0,1.0,0.5063494434113851,10.305645942687988,45.0,"{""type"":""Point"",""coordinates"":[108.86675961618752,18.78803948076928]}"
260,0.0,26.0,368.0,25.665597915649414,243.0,18.729288948227783,109.01708325909499,1799.907470703125,46.0,5.193350791931152,5.0,1.0,0.5871467476573061,11.933422088623047,43.0,"{""type"":""Point"",""coordinates"":[109.01490003629341,18.727539687212712]}"
261,0.0,26.0,498.0,50.627620697021484,328.0,18.922426734313476,109.4347998662106,2222.922119140625,49.0,9.772211074829102,4.0,2.0,0.5787514935462064,11.195599555969238,45.0,"{""type"":""Point"",""coordinates"":[109.43518263299367,18.922458657344293]}"
262,0.0,23.0,25.0,14.534664154052734,27.0,19.173955013866944,110.44989613726563,2809.3779296875,50.0,0.29297253489494324,3.0,2.0,0.7696886610758911,15.013327598571777,39.0,"{""type"":""Point"",""coordinates"":[110.44843097153118,19.172682131837085]}"
263,0.0,28.0,118.0,24.126991271972656,57.0,19.371584376373235,109.89743223753214,2610.899169921875,42.0,1.4335063695907593,4.0,3.0,0.7264075666280405,13.389266014099121,39.0,"{""type"":""Point"",""coordinates"":[109.89859013730813,19.371054687895125]}"
264,0.0,28.0,314.0,30.277956008911133,311.0,18.42835332804774,109.42132513694878,1991.5858154296875,49.0,5.276378631591797,4.0,1.0,0.6047858047541749,11.955748558044434,42.0,"{""type"":""Point"",""coordinates"":[109.42244010379977,18.42806560827225]}"
265,0.0,26.0,75.0,15.942840576171875,62.0,19.582688468141328,110.41845510232145,2585.151123046875,49.0,0.7456365823745728,5.0,3.0,0.7357365129510192,13.788680076599121,37.0,"{""type"":""Point"",""coordinates"":[110.41798351403958,19.584862924851915]}"
266,0.0,32.0,75.0,14.436812400817871,76.0,19.942014581789138,110.26124992760055,2224.624755859375,40.0,1.2465403079986572,2.0,4.0,0.6859130008470312,13.056859016418457,39.0,"{""type"":""Point"",""coordinates"":[110.26307581088476,19.940887589167982]}"
267,0.0,33.0,78.0,34.668949127197266,75.0,19.537772703935353,109.25962838580728,2084.86962890625,41.0,5.136843204498291,4.0,3.0,0.6744807273951544,12.134659767150879,37.0,"{""type"":""Point"",""coordinates"":[109.25757283587842,19.536203335528445]}"
268,0.0,29.0,74.0,10.205930709838867,60.0,19.816250442012404,110.2073510105534,2336.20849609375,43.0,0.3257187604904175,9.0,4.0,0.7545949666031212,14.617718696594238,31.0,"{""type"":""Point"",""coordinates"":[110.20693072356735,19.816009717872063]}"
269,0.0,30.0,31.0,19.891555786132812,22.0,19.133530826081568,110.25226677475933,2694.32958984375,40.0,0.8928512334823608,4.0,2.0,0.7640540957087393,13.914727210998535,41.0,"{""type"":""Point"",""coordinates"":[110.25265612853664,19.135580777922204]}"
270,0.0,24.0,22.0,10.181570053100586,11.0,19.726418913600448,110.17141839918861,2547.894775390625,44.0,0.08368592709302902,4.0,3.0,0.8222156618655618,16.060609817504883,31.0,"{""type"":""Point"",""coordinates"":[110.17147968089955,19.727894558987604]}"
271,0.0,24.0,41.0,9.899506568908691,41.0,19.389550682055628,108.84640335511227,1566.483154296875,54.0,1.5038740634918213,3.0,3.0,0.6784993773820255,13.387371063232422,41.0,"{""type"":""Point"",""coordinates"":[108.84719447468416,19.389123435198822]}"
272,0.0,28.0,327.0,15.881796836853027,323.0,18.693356336862998,108.83292862585051,1557.253173828125,49.0,3.785029411315918,4.0,1.0,0.5796097263253898,12.280229568481445,43.0,"{""type"":""Point"",""coordinates"":[108.8321350109582,18.691700075488754]}"
273,0.0,25.0,208.0,63.293800354003906,208.0,18.65742372549822,110.08158687077662,2286.457763671875,51.0,10.609503746032715,4.0,1.0,0.5956925882017675,11.319671630859375,45.0,"{""type"":""Point"",""coordinates"":[110.08357652452834,18.655241044301427]}"
274,0.0,33.0,102.0,8.800888061523438,100.0,19.564722162458935,109.37191779632224,2122.483642578125,44.0,0.38960546255111694,4.0,3.0,0.6694577984050497,14.701948165893555,36.0,"{""type"":""Point"",""coordinates"":[109.36969630625671,19.56543149143337]}"
276,0.0,22.0,22.0,9.917057037353516,22.0,18.473269092253716,110.0097216480471,2053.680908203125,56.0,0.5495322346687317,2.0,1.0,0.7146912504553696,14.405345916748047,45.0,"{""type"":""Point"",""coordinates"":[110.0106265480668,18.475352189631757]}"
277,0.0,29.0,409.0,76.99332427978516,400.0,18.536151162142083,109.65937868724046,2369.265869140625,49.0,16.256567001342773,4.0,1.0,0.566964642519746,10.737626075744629,46.0,"{""type"":""Point"",""coordinates"":[109.65889404221195,18.538127386956056]}"
278,0.0,24.0,232.0,25.565662384033203,138.0,19.322177035746662,109.753701792073,2452.81201171875,50.0,1.986298680305481,4.0,3.0,0.6697113405565843,12.990604400634766,37.0,"{""type"":""Point"",""coordinates"":[109.75386814441342,19.322858365583222]}"
279,0.0,23.0,36.0,16.86661720275879,22.0,19.699469455076866,110.14446894066504,2586.041259765625,50.0,0.6989864110946655,2.0,3.0,0.8114421042770545,14.156638145446777,30.0,"{""type"":""Point"",""coordinates"":[110.146524197337,19.700788650857145]}"
280,0.0,26.0,161.0,22.161054611206055,127.0,19.223362354493517,110.09955317645904,2649.877685546875,49.0,1.2268787622451782,4.0,2.0,0.676922534432712,13.518303871154785,39.0,"{""type"":""Point"",""coordinates"":[110.10083758778283,19.223555046882225]}"
281,0.0,26.0,395.0,60.06473922729492,228.0,18.895477275789894,109.798617556279,2406.37841796875,45.0,9.146388053894043,3.0,2.0,0.5906969008006856,11.341938972473145,46.0,"{""type"":""Point"",""coordinates"":[109.7993067747581,18.897382194020626]}"
282,0.0,27.0,383.0,43.43876266479492,296.0,18.661915301918818,109.33598518495745,2029.6580810546875,50.0,9.373828887939453,4.0,1.0,0.580946010401582,11.325748443603516,44.0,"{""type"":""Point"",""coordinates"":[109.33414280402104,18.663316718188955]}"
283,0.0,32.0,859.0,22.315284729003906,700.0,18.837086782322125,109.63692080513749,2223.934326171875,46.0,3.4454281330108643,5.0,2.0,0.5747396433412759,11.907144546508789,46.0,"{""type"":""Point"",""coordinates"":[109.6361281814971,18.83591095189955]}"
284,0.0,33.0,431.0,64.24676513671875,271.0,19.21437920165232,109.60997134661392,2334.9833984375,36.0,11.987361907958984,5.0,2.0,0.6087160817894307,11.038361549377441,39.0,"{""type"":""Point"",""coordinates"":[109.61019990121694,19.21578492882425]}"
285,0.0,21.0,4.0,9.221773147583008,7.0,18.85954466442511,110.45438771368623,2134.911376953125,49.0,0.2973126471042633,2.0,2.0,0.7382605217522561,15.010942459106445,45.0,"{""type"":""Point"",""coordinates"":[110.45470775246946,18.86092519320762]}"
286,0.0,28.0,256.0,56.868045806884766,234.0,19.191921319549337,109.08445690540395,1981.3604736328125,43.0,13.616555213928223,5.0,2.0,0.5908625467174736,11.030997276306152,40.0,"{""type"":""Point"",""coordinates"":[109.08556442722588,19.19261117014061]}"
287,0.0,27.0,712.0,30.291906356811523,543.0,18.864036240845707,109.69531129860525,2176.86962890625,45.0,4.996339797973633,5.0,2.0,0.5797509430774992,11.686543464660645,45.0,"{""type"":""Point"",""coordinates"":[109.69423380533517,18.865856718771262]}"
288,0.0,26.0,78.0,10.439558982849121,49.0,18.612507961292245,109.69980287502585,2238.711669921875,45.0,0.38911569118499756,4.0,1.0,0.6899731226342265,14.717646598815918,46.0,"{""type"":""Point"",""coordinates"":[109.70134532920882,18.61313813298686]}"
289,0.0,27.0,252.0,38.09281921386719,82.0,18.899968852210492,109.45276617189296,2064.464599609375,45.0,6.268190383911133,4.0,2.0,0.6155927664276795,11.824543952941895,45.0,"{""type"":""Point"",""coordinates"":[109.45229525097047,18.901922649033395]}"
290,0.0,28.0,164.0,25.078853607177734,140.0,19.079631909034397,108.91826857784184,1629.420166015625,46.0,6.145356178283691,4.0,2.0,0.6040322236195182,11.901500701904297,39.0,"{""type"":""Point"",""coordinates"":[108.9182314672345,19.078592340353044]}"
291,0.0,21.0,76.0,7.637223243713379,68.0,19.69048630223567,109.52463139462253,2053.649658203125,57.0,0.21578660607337952,4.0,3.0,0.7208348327351454,15.308438301086426,32.0,"{""type"":""Point"",""coordinates"":[109.52581995060154,19.68896926598947]}"
292,0.0,24.0,45.0,13.55502986907959,28.0,19.57370531530013,110.18040155202976,2644.20068359375,49.0,0.3441552519798279,4.0,3.0,0.7859528198233141,14.859954833984375,35.0,"{""type"":""Point"",""coordinates"":[110.18155473122815,19.572639082225724]}"
293,0.0,26.0,23.0,5.530841827392578,24.0,19.933031428947942,110.90803693216662,1645.3438720703125,49.0,0.6518370509147644,3.0,4.0,0.6575530456704127,12.67313289642334,52.0,"{""type"":""Point"",""coordinates"":[110.90662542624725,19.93199111181022]}"
294,0.0,32.0,574.0,53.153621673583984,572.0,18.42835332804774,109.47971563041654,2122.8720703125,40.0,13.338994026184082,7.0,1.0,0.569627112638311,10.813395500183105,43.0,"{""type"":""Point"",""coordinates"":[109.48045972496251,18.426805069721386]}"
295,0.0,29.0,21.0,8.250814437866211,22.0,19.950997734630327,110.45887929010684,2091.236083984375,42.0,0.3817470371723175,3.0,4.0,0.7363742716529722,13.870573043823242,41.0,"{""type"":""Point"",""coordinates"":[110.4571735158042,19.948918916027]}"
296,0.0,30.0,208.0,24.28822135925293,79.0,18.73378052464838,109.08894848182456,1806.87158203125,41.0,4.418303966522217,4.0,1.0,0.6222655469423809,12.20520305633545,43.0,"{""type"":""Point"",""coordinates"":[109.08745354551957,18.7354223115717]}"
297,0.0,29.0,508.0,30.970077514648438,447.0,18.52267643288029,109.52013981820193,2124.04052734375,49.0,5.23530912399292,6.0,1.0,0.5979713515551678,11.818684577941895,43.0,"{""type"":""Point"",""coordinates"":[109.5194135308801,18.521536712611635]}"
298,0.0,26.0,1010.0,56.13214874267578,813.0,19.01674983914603,109.56056400598732,2268.895751953125,49.0,19.916208267211914,8.0,2.0,0.5355661539543027,9.927175521850586,43.0,"{""type"":""Point"",""coordinates"":[109.56163516900479,19.015694049970726]}"
299,0.0,30.0,226.0,30.081439971923828,222.0,18.423861751627143,109.31801887927503,1977.5943603515625,42.0,4.902035713195801,5.0,1.0,0.6110629447354046,12.089122772216797,42.0,"{""type"":""Point"",""coordinates"":[109.31866493242634,18.42196739178706]}"
300,0.0,25.0,275.0,65.7608642578125,102.0,18.931409887154672,109.45725774831357,2087.36962890625,50.0,15.225268363952637,3.0,2.0,0.5710259135211065,10.901690483093262,44.0,"{""type"":""Point"",""coordinates"":[109.45502156436234,18.93107764758361]}"
301,0.0,26.0,122.0,18.95526123046875,100.0,19.088615061875586,108.99013380057141,1729.3272705078125,46.0,3.1786561012268066,4.0,2.0,0.6170334607523882,12.589662551879883,40.0,"{""type"":""Point"",""coordinates"":[108.99233414323228,19.090389052453236]}"
302,0.0,23.0,94.0,25.95405387878418,68.0,19.533281127514755,109.52013981820193,2197.6669921875,53.0,2.676624298095703,4.0,3.0,0.7095782314300974,12.778895378112793,34.0,"{""type"":""Point"",""coordinates"":[109.51830288090342,19.53217632556556]}"
303,0.0,31.0,164.0,34.9050407409668,164.0,18.495726974356707,109.96929746026171,2023.54638671875,42.0,5.7355570793151855,4.0,1.0,0.6049670321414169,11.971009254455566,44.0,"{""type"":""Point"",""coordinates"":[109.96872754689582,18.493814500915168]}"
304,0.0,24.0,326.0,10.556673049926758,300.0,18.670898454760014,108.9811506477302,1721.463623046875,53.0,1.35331392288208,5.0,1.0,0.5844029063087381,13.310698509216309,46.0,"{""type"":""Point"",""coordinates"":[108.97908060667928,18.67021705489956]}"
305,0.0,26.0,523.0,43.16658401489258,346.0,19.10208979113738,109.74022706281124,2511.72607421875,45.0,5.059401035308838,5.0,2.0,0.6357376814301179,11.84091567993164,39.0,"{""type"":""Point"",""coordinates"":[109.73955442748968,19.100016151315597]}"
306,0.0,27.0,132.0,12.917606353759766,119.0,19.533281127514755,109.41683356052818,2098.60791015625,48.0,0.962439239025116,4.0,3.0,0.6638029027676657,13.779183387756348,36.0,"{""type"":""Point"",""coordinates"":[109.4189938337232,19.531223585971606]}"
307,0.0,25.0,21.0,28.619691848754883,21.0,18.643948996236425,110.21184258697394,2270.269287109375,48.0,2.746023416519165,3.0,1.0,0.7248393513850941,12.796346664428711,44.0,"{""type"":""Point"",""coordinates"":[110.21217614939938,18.64478679862592]}"
308,0.0,26.0,133.0,55.348873138427734,111.0,18.944884616416466,110.23430046907697,2706.722412109375,52.0,5.247478008270264,4.0,2.0,0.630237341568797,12.079827308654785,46.0,"{""type"":""Point"",""coordinates"":[110.23220503965638,18.943658196588316]}"
309,0.0,23.0,12.0,3.5284335613250732,15.0,18.51818485645969,108.80148759090633,1407.3258056640625,49.0,0.08336324244737625,2.0,1.0,0.7035363527127946,16.226774215698242,41.0,"{""type"":""Point"",""coordinates"":[108.79928235271255,18.519033237179876]}"
310,0.0,27.0,209.0,24.816246032714844,56.0,19.142513978922757,109.82107543838197,2442.938232421875,47.0,1.950427770614624,4.0,2.0,0.6974433733172485,13.023860931396484,42.0,"{""type"":""Point"",""coordinates"":[109.8224297446343,19.14072856733577]}"
311,0.0,39.0,95.0,9.452627182006836,94.0,19.77133467780643,109.63242922871689,1944.1265869140625,35.0,0.7313971519470215,5.0,4.0,0.6697432839734643,14.07632064819336,35.0,"{""type"":""Point"",""coordinates"":[109.63314699546302,19.769274921230572]}"
312,0.0,23.0,36.0,5.841919898986816,36.0,19.87913251190077,110.95295269637256,1568.3936767578125,52.0,0.9349128007888794,6.0,4.0,0.6490102592414563,12.465397834777832,50.0,"{""type"":""Point"",""coordinates"":[110.9511183588271,19.878524423195753]}"
313,0.0,30.0,267.0,30.810056686401367,144.0,18.706831066124792,109.10691478750698,1839.9287109375,42.0,6.395556926727295,4.0,1.0,0.5909993985093076,11.79421329498291,43.0,"{""type"":""Point"",""coordinates"":[109.10484254419283,18.707353134615776]}"
314,0.0,23.0,127.0,20.324695587158203,72.0,19.4434495991028,110.04116268299128,2726.96142578125,51.0,0.8868027925491333,3.0,3.0,0.7150838877504869,13.864128112792969,38.0,"{""type"":""Point"",""coordinates"":[110.03912251899013,19.44435626634692]}"
315,0.0,25.0,182.0,11.119837760925293,101.0,19.259294965858295,109.87946593184972,2602.931640625,51.0,0.18249113857746124,5.0,2.0,0.6902882060850084,15.410693168640137,37.0,"{""type"":""Point"",""coordinates"":[109.87854667163528,19.257336112664305]}"
316,0.0,30.0,83.0,10.377469062805176,76.0,19.582688468141328,110.59811815914537,2502.11181640625,44.0,0.22943836450576782,3.0,3.0,0.7289244033937858,14.792717933654785,34.0,"{""type"":""Point"",""coordinates"":[110.59882175253922,19.584099967570495]}"
317,0.0,26.0,145.0,18.790836334228516,91.0,19.21437920165232,110.01870480088826,2693.70263671875,47.0,0.8081463575363159,4.0,2.0,0.694137477697816,13.945881843566895,38.0,"{""type"":""Point"",""coordinates"":[110.0174922614668,19.214080023171036]}"
318,0.0,26.0,36.0,11.784088134765625,37.0,19.510823245411764,110.73735702818391,2286.943359375,46.0,0.6019288301467896,5.0,3.0,0.7532372571832552,13.871407508850098,36.0,"{""type"":""Point"",""coordinates"":[110.73621447622155,19.512819386175323]}"
319,0.0,25.0,4.0,6.327473163604736,5.0,19.950997734630327,110.66998338187494,1959.989013671875,46.0,0.13485142588615417,2.0,4.0,0.7218404981609654,14.636658668518066,47.0,"{""type"":""Point"",""coordinates"":[110.66915281076973,19.94906052228168]}"
320,0.0,24.0,432.0,90.75148010253906,419.0,18.67988160760121,109.87048277900857,2497.985595703125,51.0,17.151165008544922,6.0,1.0,0.5652613374030316,10.663622856140137,47.0,"{""type"":""Point"",""coordinates"":[109.87177941141036,18.68012855798558]}"
321,0.0,27.0,6.0,5.282592296600342,6.0,19.479382210467584,108.97665907130965,1764.702392578125,49.0,0.129855215549469,2.0,3.0,0.7443512898856937,15.85722827911377,39.0,"{""type"":""Point"",""coordinates"":[108.97522798797806,19.480181991599363]}"
322,0.0,23.0,122.0,14.880019187927246,28.0,19.362601223532046,109.33149360853685,2092.463134765625,44.0,1.1314657926559448,3.0,3.0,0.7468911324705088,13.623503684997559,35.0,"{""type"":""Point"",""coordinates"":[109.3319184020929,19.362510772200615]}"
323,0.0,25.0,101.0,12.299598693847656,12.0,19.32666861216726,110.1130279057208,2698.545166015625,45.0,0.1823553889989853,4.0,3.0,0.7876189648292762,15.461743354797363,38.0,"{""type"":""Point"",""coordinates"":[110.11154914805054,19.327131720837023]}"
324,0.0,26.0,792.0,19.028148651123047,777.0,18.65742372549822,108.93623488352426,1575.259033203125,49.0,6.676217079162598,6.0,1.0,0.5278832721624579,11.314653396606445,47.0,"{""type"":""Point"",""coordinates"":[108.93577983388664,18.65628926456312]}"
325,0.0,29.0,56.0,12.139083862304688,55.0,19.757859948544635,110.58464342988356,2265.695068359375,41.0,0.6989941596984863,6.0,4.0,0.7311132514090775,13.70372486114502,36.0,"{""type"":""Point"",""coordinates"":[110.58309183215006,19.7561302232881]}"
326,0.0,27.0,560.0,11.791091918945312,546.0,18.54064273856268,109.19225473949831,1874.252197265625,50.0,1.4238554239273071,5.0,1.0,0.5878302519745957,13.080625534057617,44.0,"{""type"":""Point"",""coordinates"":[109.1913034398869,18.539950668921808]}"
327,0.0,28.0,52.0,25.828113555908203,43.0,19.15598870818455,110.24328362191818,2795.345947265625,43.0,1.2927988767623901,4.0,2.0,0.7415621506967843,13.53221607208252,40.0,"{""type"":""Point"",""coordinates"":[110.24550152666102,19.15569194623862]}"
328,0.0,39.0,126.0,16.85917854309082,111.0,19.784809407068217,109.753701792073,2111.72119140625,35.0,1.6883376836776733,5.0,4.0,0.6674996763016972,13.220656394958496,35.0,"{""type"":""Point"",""coordinates"":[109.75266618454253,19.784773271014576]}"
329,0.0,27.0,59.0,9.342622756958008,62.0,18.554117467824476,108.85089493153288,1622.756103515625,46.0,1.1862468719482422,4.0,1.0,0.6369551106063156,13.614131927490234,46.0,"{""type"":""Point"",""coordinates"":[108.84896664493556,18.554889791697548]}"
330,0.0,25.0,177.0,10.239356994628906,38.0,18.76522155959256,109.2775946914897,1897.7144775390625,53.0,0.8892614841461182,4.0,1.0,0.6738445869685896,13.830105781555176,46.0,"{""type"":""Point"",""coordinates"":[109.27952579330656,18.765854277149913]}"
331,0.0,25.0,1194.0,34.9518928527832,997.0,19.01674983914603,109.51115666536077,2209.655029296875,43.0,11.531549453735352,9.0,2.0,0.5511460689778284,10.216452598571777,42.0,"{""type"":""Point"",""coordinates"":[109.51160373162263,19.015597408995614]}"
332,0.0,29.0,606.0,9.003785133361816,458.0,18.783187865274954,109.33598518495745,1966.16455078125,48.0,0.675868570804596,7.0,1.0,0.5946121126424894,13.786555290222168,44.0,"{""type"":""Point"",""coordinates"":[109.33816614977479,18.783467640047395]}"
333,0.0,24.0,90.0,8.618240356445312,82.0,19.4434495991028,109.13386424603056,1986.7655029296875,54.0,0.459282785654068,2.0,3.0,0.6935412704926355,14.544656753540039,33.0,"{""type"":""Point"",""coordinates"":[109.13541051431156,19.443630284245767]}"
335,0.0,22.0,42.0,9.557281494140625,34.0,19.65455369087089,110.35108145601248,2463.353271484375,56.0,0.1298862099647522,2.0,3.0,0.7931945439637551,15.562026023864746,30.0,"{""type"":""Point"",""coordinates"":[110.35058113343403,19.65646472077134]}"
336,0.0,22.0,14.0,7.224332809448242,14.0,18.387929140262365,109.08894848182456,1673.585693359375,53.0,0.5848767161369324,3.0,1.0,0.7240853698608477,14.34762191772461,40.0,"{""type"":""Point"",""coordinates"":[109.09002321647515,18.38817946999309]}"
338,0.0,32.0,416.0,46.38859558105469,412.0,18.423861751627143,109.52463139462253,2127.970947265625,42.0,9.411142349243164,7.0,1.0,0.5908966786603047,11.29730224609375,43.0,"{""type"":""Point"",""coordinates"":[109.52294528570114,18.422869933750004]}"
339,0.0,26.0,166.0,30.569602966308594,142.0,18.79666259453675,110.09506160003843,2357.0302734375,50.0,3.011284828186035,3.0,1.0,0.6234894004771883,12.616494178771973,46.0,"{""type"":""Point"",""coordinates"":[110.09574703697582,18.797376563772183]}"
340,0.0,23.0,100.0,16.58226203918457,60.0,19.510823245411764,109.87048277900857,2528.166259765625,53.0,0.7791178226470947,3.0,3.0,0.7267472481648184,14.010085105895996,38.0,"{""type"":""Point"",""coordinates"":[109.87201847460261,19.509662067773988]}"
341,0.0,27.0,364.0,52.31686019897461,210.0,19.034716144828415,109.8031091326996,2454.806396484375,48.0,7.036595821380615,4.0,2.0,0.6210495050808541,11.630261421203613,42.0,"{""type"":""Point"",""coordinates"":[109.80184848501418,19.035514330459456]}"
342,0.0,33.0,170.0,23.409025192260742,41.0,18.783187865274954,109.16530528097474,1822.4923095703125,37.0,4.054052829742432,4.0,1.0,0.6733368986178512,12.315869331359863,42.0,"{""type"":""Point"",""coordinates"":[109.16658714544508,18.783796354929777]}"
343,0.0,28.0,27.0,7.470955848693848,28.0,19.88362408832137,109.5920050409315,1771.19140625,41.0,0.4913169741630554,2.0,4.0,0.7398545228244713,14.514435768127441,34.0,"{""type"":""Point"",""coordinates"":[109.59367672092566,19.885489289242717]}"
344,0.0,27.0,117.0,9.381803512573242,90.0,19.317685459326064,109.17428843381595,2051.81640625,44.0,0.4628771245479584,4.0,3.0,0.6616374631577363,14.520482063293457,39.0,"{""type"":""Point"",""coordinates"":[109.17484373924063,19.317075932126812]}"
345,0.0,24.0,23.0,7.302849769592285,21.0,19.82972517127419,110.75532333386627,2006.6231689453125,50.0,0.2934332489967346,7.0,4.0,0.7177528106496563,14.069148063659668,45.0,"{""type"":""Point"",""coordinates"":[110.75575918604848,19.831649545968332]}"
346,0.0,28.0,126.0,23.129114151000977,83.0,19.425483293420413,110.12201105856201,2734.456787109375,45.0,1.1824039220809937,3.0,3.0,0.7015703107401401,13.576998710632324,38.0,"{""type"":""Point"",""coordinates"":[110.12171514399877,19.423399643329077]}"
347,0.0,29.0,95.0,17.630329132080078,54.0,19.41200856415862,110.23879204549758,2662.736083984375,39.0,0.707204282283783,4.0,3.0,0.7388421386989036,14.10996150970459,38.0,"{""type"":""Point"",""coordinates"":[110.23851367206782,19.411904321330226]}"
348,0.0,23.0,259.0,52.15670394897461,99.0,18.783187865274954,109.40785040768702,2212.157470703125,53.0,8.623682975769043,4.0,1.0,0.596447278818117,11.497251510620117,45.0,"{""type"":""Point"",""coordinates"":[109.40644126401462,18.783073621526867]}"
349,0.0,31.0,142.0,12.188779830932617,102.0,19.479382210467584,109.96929746026171,2665.863037109375,40.0,0.23736824095249176,4.0,3.0,0.6871991148821214,15.172938346862793,38.0,"{""type"":""Point"",""coordinates"":[109.96914662790857,19.47751810111209]}"
350,0.0,27.0,44.0,9.254717826843262,42.0,19.76684310138583,110.49930347789223,2317.78955078125,39.0,0.18255482614040375,6.0,4.0,0.7603191651800039,15.057302474975586,34.0,"{""type"":""Point"",""coordinates"":[110.49746617276992,19.76858888758074]}"
351,0.0,27.0,39.0,13.947681427001953,40.0,19.4389580226822,110.66549180545434,2397.549560546875,43.0,0.7481129765510559,8.0,3.0,0.740148977173126,13.651268005371094,40.0,"{""type"":""Point"",""coordinates"":[110.66397293545917,19.44004003762541]}"
352,0.0,26.0,15.0,5.992048740386963,17.0,19.672519996553277,110.84964643869881,1969.2369384765625,50.0,0.08367098867893219,4.0,3.0,0.7411925155954976,15.335962295532227,40.0,"{""type"":""Point"",""coordinates"":[110.85113303296585,19.673769627845083]}"
353,0.0,24.0,18.0,7.540868759155273,19.0,19.924048276106745,110.73735702818391,2021.1585693359375,47.0,0.37053194642066956,4.0,4.0,0.700937662022622,13.432658195495605,49.0,"{""type"":""Point"",""coordinates"":[110.73707347701725,19.9237413405591]}"
354,0.0,22.0,57.0,20.504554748535156,41.0,19.569213738879533,110.39599722021848,2583.768310546875,54.0,1.2387622594833374,6.0,3.0,0.7541605806034031,13.29505729675293,38.0,"{""type"":""Point"",""coordinates"":[110.39729362640047,19.569720494266225]}"
355,0.0,28.0,9.0,10.224798202514648,10.0,19.924048276106745,110.5711687006218,2143.42529296875,44.0,0.7343442440032959,4.0,4.0,0.7486569244307718,13.172764778137207,42.0,"{""type"":""Point"",""coordinates"":[110.56905260134887,19.92589732265501]}"
356,0.0,29.0,27.0,22.30691909790039,29.0,19.04819087409021,110.43192983158326,2505.401611328125,42.0,1.4169973134994507,3.0,2.0,0.7614454784893917,13.441627502441406,38.0,"{""type"":""Point"",""coordinates"":[110.43313650602278,19.048550833653408]}"
357,0.0,24.0,146.0,7.842491149902344,127.0,18.554117467824476,109.07996532898335,1801.3966064453125,56.0,0.6050246953964233,2.0,1.0,0.600676708614217,14.234763145446777,46.0,"{""type"":""Point"",""coordinates"":[109.08019727103503,18.555562866608863]}"
358,0.0,21.0,30.0,5.157161235809326,30.0,19.74438521928284,110.95295269637256,1601.9237060546875,56.0,0.4875304698944092,2.0,4.0,0.6741886861224242,13.130647659301758,46.0,"{""type"":""Point"",""coordinates"":[110.95238800044967,19.745176209937433]}"
359,0.0,26.0,518.0,57.412193298339844,465.0,18.774204712433757,109.64590395797865,2428.435546875,47.0,9.230299949645996,4.0,1.0,0.5811444253275903,11.237632751464844,47.0,"{""type"":""Point"",""coordinates"":[109.64498717998521,18.7753175611294]}"
360,0.0,25.0,173.0,37.48954391479492,173.0,18.401403869524152,109.24615365654546,1894.80908203125,54.0,7.902232646942139,4.0,1.0,0.5994294724459908,11.641844749450684,42.0,"{""type"":""Point"",""coordinates"":[109.24773658648917,18.399725162321015]}"
361,0.0,30.0,41.0,10.471269607543945,42.0,19.942014581789138,110.13548578782382,2223.1962890625,39.0,0.46506184339523315,2.0,4.0,0.7507344038207538,14.287263870239258,34.0,"{""type"":""Point"",""coordinates"":[110.13460481595372,19.942502423758167]}"
362,0.0,29.0,34.0,7.726791858673096,34.0,19.68599472581507,110.70591599323973,2244.0625,49.0,0.12989182770252228,5.0,3.0,0.7472253256767861,15.406678199768066,38.0,"{""type"":""Point"",""coordinates"":[110.70614614039935,19.686691105238335]}"
363,0.0,22.0,58.0,8.861984252929688,54.0,19.376075952793833,109.05301587045977,1902.9833984375,57.0,0.5990859866142273,3.0,3.0,0.708464001612137,14.2979736328125,36.0,"{""type"":""Point"",""coordinates"":[109.05524109551071,19.375992735978908]}"
364,0.0,28.0,52.0,9.67595386505127,50.0,19.757859948544635,110.46786244294805,2317.78955078125,42.0,0.2694326639175415,7.0,4.0,0.7558135131421675,14.660751342773438,33.0,"{""type"":""Point"",""coordinates"":[110.46777555580076,19.759087543797552]}"
365,0.0,29.0,111.0,55.321815490722656,95.0,19.01674983914603,110.25675835117994,2619.451171875,40.0,5.342615127563477,3.0,2.0,0.6450701763187521,12.0752534866333,44.0,"{""type"":""Point"",""coordinates"":[110.258035651637,19.01512366194366]}"
366,0.0,27.0,530.0,55.57048416137695,415.0,18.774204712433757,109.5470892767255,2204.727294921875,50.0,12.474898338317871,4.0,1.0,0.5545480087294227,10.919358253479004,48.0,"{""type"":""Point"",""coordinates"":[109.54576512915081,18.776136511970858]}"
367,0.0,28.0,240.0,46.51091003417969,189.0,19.043699297669612,110.01870480088826,2586.274658203125,48.0,4.749629497528076,4.0,2.0,0.6348673010802401,12.111639976501465,44.0,"{""type"":""Point"",""coordinates"":[110.0204180455743,19.041852629458326]}"
368,0.0,24.0,182.0,12.85186767578125,167.0,18.482252245094912,109.31801887927503,1956.3636474609375,55.0,1.2573927640914917,4.0,1.0,0.6067778534651098,13.48044204711914,46.0,"{""type"":""Point"",""coordinates"":[109.31789470519396,18.480888200895826]}"
369,0.0,27.0,203.0,12.730353355407715,202.0,18.383437563841767,109.25513680938667,1813.1103515625,55.0,1.7155402898788452,4.0,1.0,0.6222012039388672,13.156149864196777,40.0,"{""type"":""Point"",""coordinates"":[109.25516177327496,18.38230932838275]}"
370,0.0,25.0,156.0,48.9271240234375,53.0,18.922426734313476,110.01870480088826,2591.487548828125,49.0,4.682286262512207,3.0,2.0,0.6870406522157828,12.180051803588867,45.0,"{""type"":""Point"",""coordinates"":[110.01962790922937,18.9224169795127]}"
371,0.0,26.0,355.0,42.31003952026367,172.0,18.949376192837065,109.77615967417603,2504.799560546875,44.0,4.411733150482178,3.0,2.0,0.6282107494397032,12.106647491455078,43.0,"{""type"":""Point"",""coordinates"":[109.77506613406034,18.948099648988162]}"
372,0.0,27.0,376.0,57.03468704223633,374.0,18.419370175206545,109.46174932473417,2122.8720703125,48.0,12.573684692382812,4.0,1.0,0.5850987502782637,11.029906272888184,42.0,"{""type"":""Point"",""coordinates"":[109.46043244017254,18.418946779581095]}"
373,0.0,25.0,21.0,11.47957706451416,21.0,18.311572341112203,109.51564824178132,2018.67333984375,45.0,0.7778988480567932,3.0,0.0,0.7401994406432626,14.058363914489746,39.0,"{""type"":""Point"",""coordinates"":[109.51787598834133,18.312416078314385]}"
374,0.0,28.0,123.0,8.867238998413086,110.0,19.55573900961774,109.4392914426312,2129.82177734375,48.0,0.3494967222213745,4.0,3.0,0.6775876431691917,14.797781944274902,34.0,"{""type"":""Point"",""coordinates"":[109.43850181190297,19.553531456118836]}"
375,0.0,27.0,287.0,42.70085144042969,107.0,18.917935157892877,109.50217351251956,2126.785888671875,46.0,7.137811660766602,4.0,2.0,0.5985524889483207,11.669824600219727,44.0,"{""type"":""Point"",""coordinates"":[109.50207828575715,18.91904456592732]}"
376,0.0,26.0,131.0,39.47231674194336,131.0,18.67988160760121,110.22531731623576,2274.042724609375,46.0,4.706911563873291,9.0,1.0,0.6232509774134889,12.190325736999512,45.0,"{""type"":""Point"",""coordinates"":[110.22403864701545,18.67913387827205]}"
377,0.0,26.0,219.0,40.784324645996094,42.0,19.259294965858295,109.53810612388435,2337.88720703125,47.0,4.830085754394531,5.0,2.0,0.7093123569274165,12.108556747436523,39.0,"{""type"":""Point"",""coordinates"":[109.53601933954171,19.25865665819676]}"
378,0.0,36.0,113.0,16.447160720825195,94.0,19.46590748120579,110.49930347789223,2556.737060546875,38.0,0.944373607635498,4.0,3.0,0.6769600282379711,13.521910667419434,41.0,"{""type"":""Point"",""coordinates"":[110.49818393620335,19.467047223353834]}"
379,0.0,27.0,119.0,24.237104415893555,36.0,19.308702306484875,110.1624352463474,2711.73974609375,46.0,1.3083785772323608,4.0,3.0,0.7544081037108565,13.480023384094238,38.0,"{""type"":""Point"",""coordinates"":[110.16306022907004,19.307217041585456]}"
380,0.0,23.0,158.0,15.20650863647461,62.0,19.286244424381884,109.30005257359267,2109.00830078125,57.0,1.337607979774475,3.0,3.0,0.6939975610817781,13.433749198913574,38.0,"{""type"":""Point"",""coordinates"":[109.3008923476116,19.285170654384412]}"
381,0.0,30.0,204.0,19.565956115722656,207.0,18.729288948227783,110.35557303243309,2245.73046875,45.0,1.7418357133865356,5.0,1.0,0.6080012174254436,13.140283584594727,49.0,"{""type"":""Point"",""coordinates"":[110.35458661861217,18.731160105988618]}"
382,0.0,28.0,42.0,12.42911148071289,42.0,19.72192733717985,109.36742621990163,1986.00439453125,45.0,1.0412896871566772,3.0,3.0,0.7393585189491836,13.754490852355957,33.0,"{""type"":""Point"",""coordinates"":[109.36834510178024,19.723424813492333]}"
383,0.0,25.0,36.0,5.302896499633789,37.0,19.96896404031272,110.91702008500778,1659.55322265625,48.0,0.5662193894386292,2.0,4.0,0.6560379017522859,12.514264106750488,49.0,"{""type"":""Point"",""coordinates"":[110.91488065439927,19.969013725460083]}"
384,0.0,28.0,257.0,38.8212890625,152.0,18.8775109701075,109.92438169605572,2334.578857421875,48.0,4.79564094543457,4.0,2.0,0.6198763349628003,12.090646743774414,44.0,"{""type"":""Point"",""coordinates"":[109.92550534416543,18.877027111801425]}"
385,0.0,27.0,49.0,11.255278587341309,49.0,19.757859948544635,110.62057604124834,2210.611083984375,46.0,0.6494966745376587,5.0,4.0,0.7255007602713348,13.78357219696045,38.0,"{""type"":""Point"",""coordinates"":[110.61977067904357,19.755795606727762]}"
386,0.0,22.0,29.0,5.003719329833984,30.0,19.950997734630327,110.91702008500778,1659.55322265625,56.0,0.37660208344459534,1.0,4.0,0.655152823339828,13.108107566833496,51.0,"{""type"":""Point"",""coordinates"":[110.91864239835392,19.952003171990285]}"
387,0.0,34.0,74.0,11.375313758850098,70.0,19.78031783064762,109.89294066111154,2199.45263671875,41.0,0.6475965976715088,4.0,4.0,0.7125060201905034,14.210614204406738,35.0,"{""type"":""Point"",""coordinates"":[109.8937825615639,19.782524869149295]}"
388,0.0,28.0,1070.0,58.57191848754883,1041.0,18.73378052464838,109.81209228554076,2295.075439453125,42.0,22.277442932128906,10.0,1.0,0.5063653669874717,9.72001838684082,48.0,"{""type"":""Point"",""coordinates"":[109.81212530175557,18.731688770861915]}"
389,0.0,28.0,82.0,50.018272399902344,81.0,18.49123539793611,109.70878602786706,2116.564697265625,50.0,8.834681510925293,4.0,1.0,0.6169821939990973,11.584735870361328,46.0,"{""type"":""Point"",""coordinates"":[109.70795055808777,18.492637695847836]}"
390,0.0,20.0,10.0,4.647923946380615,10.0,19.052682450510808,108.67572345112961,1135.8297119140625,54.0,0.9665235280990601,2.0,2.0,0.6722491490060866,13.847556114196777,45.0,"{""type"":""Point"",""coordinates"":[108.67354379417145,19.05322396006926]}"
391,0.0,22.0,29.0,20.816930770874023,20.0,19.6365873851885,110.23879204549758,2614.272705078125,50.0,1.036804437637329,4.0,3.0,0.796949806886524,13.728529930114746,34.0,"{""type"":""Point"",""coordinates"":[110.24062013913061,19.634971110372483]}"
392,0.0,30.0,30.0,37.20569610595703,33.0,18.71132264254539,110.3690477616949,2245.73046875,40.0,4.355580806732178,4.0,1.0,0.6865164721057788,12.31521987915039,48.0,"{""type"":""Point"",""coordinates"":[110.37111360234114,18.713156051092955]}"
393,0.0,23.0,67.0,14.311919212341309,36.0,19.483873786888182,110.3151488446477,2702.8974609375,51.0,0.3650597333908081,4.0,3.0,0.7621527592656192,14.788013458251953,38.0,"{""type"":""Point"",""coordinates"":[110.31680176817517,19.48294391277404]}"
394,0.0,22.0,171.0,10.269021034240723,123.0,19.479382210467584,109.53810612388435,2251.46826171875,56.0,0.3895602822303772,4.0,3.0,0.6683899636626547,14.659346580505371,37.0,"{""type"":""Point"",""coordinates"":[109.53888440123363,19.47839813438094]}"
395,0.0,28.0,510.0,56.58362579345703,330.0,18.967342498519457,109.47073247757538,2145.734375,47.0,13.52393627166748,5.0,2.0,0.5722886330605735,10.852012634277344,43.0,"{""type"":""Point"",""coordinates"":[109.47286840326241,18.967074909078796]}"
396,0.0,23.0,20.0,5.611783981323242,21.0,19.735402066441644,110.94396954353141,1721.2138671875,51.0,0.37010282278060913,2.0,3.0,0.6923584766572017,13.429271697998047,46.0,"{""type"":""Point"",""coordinates"":[110.94593359565732,19.737439840849728]}"
397,0.0,27.0,225.0,55.87440872192383,225.0,18.360979681738776,109.4437830190518,2052.99755859375,50.0,12.315668106079102,3.0,1.0,0.5947051164788526,11.155430793762207,41.0,"{""type"":""Point"",""coordinates"":[109.44325416430354,18.361772437211723]}"
398,0.0,30.0,566.0,62.92857360839844,360.0,18.71132264254539,109.47073247757538,2198.31005859375,48.0,16.757829666137695,5.0,1.0,0.5493490072432506,10.58119010925293,46.0,"{""type"":""Point"",""coordinates"":[109.47214523555253,18.712887653305984]}"
399,0.0,29.0,243.0,60.11799240112305,126.0,19.308702306484875,109.65937868724046,2401.44921875,43.0,8.614968299865723,7.0,3.0,0.6440386231523867,11.50893783569336,37.0,"{""type"":""Point"",""coordinates"":[109.65725654934668,19.310115410285288]}"
400,0.0,23.0,140.0,17.60211944580078,104.0,19.623112655926704,109.83904174406439,2301.921630859375,52.0,1.2231380939483643,5.0,3.0,0.6882486777430776,13.53447151184082,33.0,"{""type"":""Point"",""coordinates"":[109.84105310623306,19.622318847746318]}"
401,0.0,27.0,43.0,11.02885627746582,35.0,19.708452607918062,110.47684559578926,2416.96728515625,49.0,0.36509108543395996,6.0,3.0,0.7778802290730166,14.527756690979004,33.0,"{""type"":""Point"",""coordinates"":[110.47706410152148,19.709847205861696]}"
402,0.0,22.0,197.0,9.270111083984375,64.0,18.697847913283596,109.21022104518073,1870.6217041015625,56.0,0.7296557426452637,3.0,1.0,0.6508063658305572,14.01517105102539,44.0,"{""type"":""Point"",""coordinates"":[109.21051845334868,18.6966333846959]}"
403,0.0,22.0,58.0,21.2170467376709,47.0,19.677011572973875,110.17590997560922,2597.38623046875,49.0,1.0978728532791138,3.0,3.0,0.7729067807955154,13.653650283813477,32.0,"{""type"":""Point"",""coordinates"":[110.17811701716023,19.67920500603564]}"
404,0.0,27.0,539.0,80.11144256591797,510.0,18.71132264254539,109.78514282701718,2400.8818359375,48.0,17.686092376708984,5.0,1.0,0.5440763587177329,10.546398162841797,49.0,"{""type"":""Point"",""coordinates"":[109.78716778483329,18.712068392404333]}"
405,0.0,28.0,16.0,8.736115455627441,17.0,19.982438769574514,110.5217613599952,2076.53759765625,42.0,0.5025331377983093,4.0,4.0,0.746110260312364,13.541669845581055,40.0,"{""type"":""Point"",""coordinates"":[110.52028671956356,19.98086709245169]}"
406,0.0,31.0,62.0,27.43807029724121,48.0,19.582688468141328,110.42294667874205,2585.151123046875,43.0,2.25628924369812,4.0,3.0,0.7450692951426833,12.69118881225586,37.0,"{""type"":""Point"",""coordinates"":[110.42267991811347,19.58362669650784]}"
407,0.0,32.0,40.0,12.860079765319824,41.0,19.973455616733318,110.15345209350619,2176.77685546875,39.0,0.9210609793663025,2.0,4.0,0.7340517400065423,13.60461139678955,37.0,"{""type"":""Point"",""coordinates"":[110.1548669128148,19.97164230271801]}"
408,0.0,27.0,68.0,28.154634475708008,65.0,18.980817227781245,110.35557303243309,2433.41162109375,43.0,2.2249646186828613,3.0,2.0,0.6933985349710353,12.97949504852295,42.0,"{""type"":""Point"",""coordinates"":[110.35646123425093,18.980604883458092]}"
409,0.0,21.0,133.0,21.378524780273438,81.0,19.456924328364593,110.02768795372947,2672.44677734375,54.0,1.0451900959014893,4.0,3.0,0.7048289940268421,13.696065902709961,38.0,"{""type"":""Point"",""coordinates"":[110.02660275826666,19.45861428981141]}"
410,0.0,30.0,50.0,9.273107528686523,51.0,19.91506512326555,110.14896051708558,2223.1962890625,41.0,0.31167301535606384,2.0,4.0,0.7363793999113353,14.680549621582031,35.0,"{""type"":""Point"",""coordinates"":[110.14883287793963,19.91427448428638]}"
411,0.0,24.0,25.0,14.77168083190918,27.0,18.441828057309536,109.73124390997003,2153.691162109375,53.0,1.1034072637557983,3.0,1.0,0.7267516501282737,13.706426620483398,42.0,"{""type"":""Point"",""coordinates"":[109.73330582164473,18.442958716474084]}"
413,0.0,28.0,119.0,7.7837042808532715,86.0,19.623112655926704,109.5964966173521,2113.935302734375,51.0,0.23738215863704681,4.0,3.0,0.6929270842244651,15.187064170837402,34.0,"{""type"":""Point"",""coordinates"":[109.59439265712044,19.621980287955708]}"
414,0.0,23.0,215.0,10.834790229797363,187.0,18.594541655609852,109.27310311506909,1979.3729248046875,56.0,0.8575500845909119,3.0,1.0,0.611300349685719,13.842000961303711,45.0,"{""type"":""Point"",""coordinates"":[109.271532631396,18.592859414368608]}"
415,0.0,27.0,370.0,45.36947250366211,368.0,18.71132264254539,108.81496232016809,1544.5819091796875,47.0,21.497482299804688,4.0,1.0,0.5258859635608829,10.465632438659668,43.0,"{""type"":""Point"",""coordinates"":[108.81369646229294,18.70940881308084]}"
416,0.0,26.0,629.0,55.041812896728516,575.0,19.043699297669612,109.13386424603056,1971.871337890625,50.0,18.46666717529297,5.0,2.0,0.5601267932176989,10.423111915588379,39.0,"{""type"":""Point"",""coordinates"":[109.1353750768912,19.04408788446143]}"
417,0.0,30.0,105.0,14.53857135772705,106.0,19.906081970424353,110.19836785771219,2236.756591796875,43.0,1.1113759279251099,4.0,4.0,0.6777137411767312,13.365531921386719,35.0,"{""type"":""Point"",""coordinates"":[110.19666457303454,19.90422273252391]}"
418,0.0,28.0,1027.0,45.60027313232422,858.0,18.868527817266305,109.70429445144646,2399.224853515625,48.0,11.957618713378906,5.0,2.0,0.5534419144789071,10.440947532653809,45.0,"{""type"":""Point"",""coordinates"":[109.70247650718265,18.867694265464934]}"
419,0.0,27.0,25.0,9.337404251098633,9.0,19.753368372124037,110.09506160003843,2444.09619140625,41.0,0.08369342237710953,3.0,4.0,0.8172922112538257,16.141956329345703,31.0,"{""type"":""Point"",""coordinates"":[110.0962478427331,19.752587264703436]}"
420,0.0,31.0,19.0,8.1372709274292,18.0,19.816250442012404,110.3645561852743,2290.587890625,37.0,0.08371094614267349,8.0,4.0,0.7799348951596482,16.01885414123535,36.0,"{""type"":""Point"",""coordinates"":[110.36456469015133,19.817328317299825]}"
421,0.0,29.0,29.0,5.332664489746094,31.0,19.650062114450293,110.97091900205498,1614.03564453125,47.0,0.6324694752693176,3.0,3.0,0.6831197108109159,12.87500286102295,44.0,"{""type"":""Point"",""coordinates"":[110.9721612313049,19.649772103244246]}"
422,0.0,24.0,104.0,14.151514053344727,21.0,19.358109647111448,110.1130279057208,2707.252685546875,51.0,0.3650030195713043,2.0,3.0,0.7795342239107604,14.765965461730957,37.0,"{""type"":""Point"",""coordinates"":[110.11509007539514,19.358662312562704]}"
423,0.0,24.0,46.0,14.28363037109375,46.0,19.569213738879533,109.01259168267438,1832.244384765625,47.0,1.6279590129852295,3.0,3.0,0.7099817872253334,13.305122375488281,36.0,"{""type"":""Point"",""coordinates"":[109.01459042952777,19.569182076559354]}"
424,0.0,36.0,175.0,38.71637725830078,146.0,19.362601223532046,110.26574150402115,2637.23681640625,39.0,3.443430185317993,5.0,3.0,0.6809804839589646,12.476418495178223,36.0,"{""type"":""Point"",""coordinates"":[110.26692302590737,19.36364427632964]}"
425,0.0,33.0,642.0,33.95296096801758,640.0,18.39691229310356,109.34047676137806,1923.34423828125,40.0,9.004462242126465,6.0,1.0,0.5762305613563642,11.156926155090332,41.0,"{""type"":""Point"",""coordinates"":[109.34104688067039,18.396100964064086]}"
426,0.0,23.0,195.0,8.204964637756348,193.0,18.37894598742117,109.2775946914897,1813.1103515625,57.0,0.6564690470695496,3.0,1.0,0.6255749230491219,14.122163772583008,40.0,"{""type"":""Point"",""coordinates"":[109.27792749013591,18.380681636750584]}"
427,0.0,24.0,24.0,8.80766487121582,25.0,19.88811566474196,110.72388229892209,2062.637939453125,53.0,0.5860974192619324,3.0,4.0,0.7082398971745156,13.37576961517334,46.0,"{""type"":""Point"",""coordinates"":[110.7237493690405,19.886364614253008]}"
428,0.0,27.0,149.0,35.72520065307617,127.0,18.76522155959256,110.1130279057208,2365.402587890625,49.0,3.8146815299987793,4.0,1.0,0.6137780564669082,12.390108108520508,48.0,"{""type"":""Point"",""coordinates"":[110.11122829735753,18.764711834141472]}"
429,0.0,26.0,51.0,9.572525978088379,44.0,19.245820236596508,108.90030227215948,1703.7823486328125,53.0,1.1285548210144043,2.0,2.0,0.6832826587914512,13.668716430664062,41.0,"{""type"":""Point"",""coordinates"":[108.89975546988173,19.246941530857775]}"
430,0.0,28.0,160.0,51.206295013427734,157.0,19.223362354493517,110.35108145601248,2869.153564453125,49.0,4.024930000305176,4.0,2.0,0.6725098856535597,12.3294038772583,37.0,"{""type"":""Point"",""coordinates"":[110.35130400095329,19.223791904307685]}"
431,0.0,35.0,738.0,37.773292541503906,594.0,18.895477275789894,109.25064523296606,1958.9691162109375,38.0,11.493586540222168,5.0,2.0,0.5469902373382304,10.817140579223633,45.0,"{""type"":""Point"",""coordinates"":[109.25185674512124,18.89338787653111]}"
432,0.0,28.0,55.0,17.293615341186523,54.0,19.694977878656267,110.66100022903373,2306.94482421875,46.0,1.4959867000579834,6.0,3.0,0.7228301474927767,12.943565368652344,38.0,"{""type"":""Point"",""coordinates"":[110.6591757007506,19.692948631070767]}"
433,0.0,32.0,518.0,45.20920181274414,394.0,18.944884616416466,109.16979685739534,1851.26708984375,38.0,14.27083969116211,7.0,2.0,0.5646716303905995,10.789626121520996,41.0,"{""type"":""Point"",""coordinates"":[109.17090704055549,18.946481025731572]}"
434,0.0,24.0,168.0,28.224576950073242,136.0,19.259294965858295,110.17141839918861,2686.43310546875,52.0,1.7875524759292603,4.0,2.0,0.6826474952910149,13.137349128723145,37.0,"{""type"":""Point"",""coordinates"":[110.17011167315428,19.260835297852314]}"
435,0.0,30.0,486.0,43.94574737548828,459.0,19.277261271540688,109.13386424603056,2096.629150390625,48.0,9.781899452209473,7.0,2.0,0.6064906439776204,11.204113960266113,38.0,"{""type"":""Point"",""coordinates"":[109.13554567223022,19.275163033859624]}"
436,0.0,23.0,15.0,5.685538291931152,16.0,19.942014581789138,110.83168013301645,1836.2030029296875,52.0,0.18305543065071106,2.0,4.0,0.6879884509834918,14.144599914550781,50.0,"{""type"":""Point"",""coordinates"":[110.83008934256712,19.94290525269601]}"
437,0.0,25.0,14.0,2.50978422164917,14.0,19.030224568407817,108.64877399260598,1036.50244140625,54.0,0.36405137181282043,3.0,2.0,0.6641299502713447,14.821748733520508,45.0,"{""type"":""Point"",""coordinates"":[108.64830177486557,19.02987657164155]}"
438,0.0,24.0,6.0,7.592694282531738,7.0,19.99142192241571,110.42294667874205,2145.143310546875,44.0,0.12207542359828949,2.0,4.0,0.7662300303841678,15.031787872314453,39.0,"{""type"":""Point"",""coordinates"":[110.42316248430265,19.9924791661143]}"
439,0.0,26.0,1095.0,46.774871826171875,898.0,19.003275109884235,109.52013981820193,2209.655029296875,46.0,17.446081161499023,8.0,2.0,0.5392853295300988,9.947789192199707,42.0,"{""type"":""Point"",""coordinates"":[109.5191430078814,19.00118192755281]}"
440,0.0,23.0,50.0,9.735514640808105,50.0,19.85667462979778,110.05463741225304,2360.310302734375,53.0,0.22943836450576782,4.0,4.0,0.7519805567606317,14.9868745803833,34.0,"{""type"":""Point"",""coordinates"":[110.05260983151764,19.85846551095469]}"
441,0.0,31.0,567.0,38.667598724365234,370.0,19.034716144828415,109.41683356052818,2160.3232421875,39.0,7.063289165496826,5.0,2.0,0.5984931085571797,11.468315124511719,41.0,"{""type"":""Point"",""coordinates"":[109.41891523569714,19.036721047645898]}"
442,0.0,23.0,60.0,22.32984733581543,57.0,19.317685459326064,110.39599722021848,2742.490966796875,51.0,1.0409694910049438,4.0,3.0,0.7313564054865535,13.724519729614258,39.0,"{""type"":""Point"",""coordinates"":[110.39378524538547,19.315712956758098]}"
443,0.0,22.0,70.0,15.111675262451172,54.0,19.66353684371208,110.07709529435607,2529.0078125,52.0,0.59426349401474,3.0,3.0,0.7627676082182719,14.29894733428955,32.0,"{""type"":""Point"",""coordinates"":[110.07833105672862,19.663701853384193]}"
444,0.0,30.0,811.0,24.104047775268555,614.0,19.093106638296184,109.61446292303447,2135.50439453125,39.0,3.8326733112335205,5.0,2.0,0.5975569734960935,11.852699279785156,40.0,"{""type"":""Point"",""coordinates"":[109.61386502373736,19.094820629744476]}"
445,0.0,30.0,32.0,14.408052444458008,34.0,19.205396048811124,110.5307445128364,2638.7158203125,46.0,0.49926868081092834,4.0,2.0,0.7484049545322543,14.476104736328125,42.0,"{""type"":""Point"",""coordinates"":[110.53207366315586,19.206273149376532]}"
446,0.0,29.0,647.0,61.89893341064453,588.0,18.608016384871647,109.39886725484581,2157.947509765625,41.0,16.935237884521484,10.0,1.0,0.5453519700500572,10.499285697937012,46.0,"{""type"":""Point"",""coordinates"":[109.39911703346324,18.60600288953512]}"
447,0.0,21.0,123.0,19.244295120239258,110.0,19.133530826081568,108.93623488352426,1652.5684814453125,60.0,3.900444984436035,4.0,2.0,0.6103871118606895,12.383896827697754,40.0,"{""type"":""Point"",""coordinates"":[108.93788240795242,19.13333685334013]}"
448,0.0,23.0,30.0,11.616795539855957,21.0,19.60963792666491,110.38701406737727,2519.470947265625,53.0,0.30445486307144165,4.0,3.0,0.7857698991138982,14.719343185424805,36.0,"{""type"":""Point"",""coordinates"":[110.3864268390713,19.610160620643626]}"
449,0.0,23.0,163.0,13.805048942565918,127.0,19.501840092570568,109.46174932473417,2125.68359375,57.0,1.0897477865219116,4.0,3.0,0.6674935522516702,13.635605812072754,35.0,"{""type"":""Point"",""coordinates"":[109.46168242604725,19.50116320299082]}"
450,0.0,22.0,22.0,10.275614738464355,17.0,19.23683708375531,108.85089493153288,1652.4957275390625,53.0,1.2781988382339478,2.0,2.0,0.7069367614368507,13.561070442199707,42.0,"{""type"":""Point"",""coordinates"":[108.8499155132058,19.23693802662431]}"
451,0.0,32.0,471.0,43.16196060180664,432.0,18.585558502768656,109.35395149063982,2135.404296875,42.0,8.594249725341797,4.0,1.0,0.5751389687813995,11.347575187683105,46.0,"{""type"":""Point"",""coordinates"":[109.3545104582513,18.586057743618674]}"
452,0.0,25.0,340.0,20.75000762939453,229.0,19.191921319549337,109.86149962616736,2440.383056640625,51.0,1.5097450017929077,4.0,2.0,0.655635379461562,13.191402435302734,39.0,"{""type"":""Point"",""coordinates"":[109.86168725766728,19.191952968529446]}"
453,0.0,32.0,409.0,50.62886047363281,238.0,19.178446590287543,109.39886725484581,2100.913330078125,37.0,10.72765064239502,4.0,2.0,0.6099100892777817,11.168867111206055,37.0,"{""type"":""Point"",""coordinates"":[109.39764100592974,19.18024269007137]}"
454,0.0,21.0,27.0,7.663933753967285,24.0,19.838708324115387,110.84964643869881,1876.5382080078125,55.0,0.7668282389640808,2.0,4.0,0.692300924527313,12.684670448303223,47.0,"{""type"":""Point"",""coordinates"":[110.85046110226958,19.839660445915506]}"
455,0.0,23.0,115.0,6.744770526885986,75.0,19.043699297669612,108.94521803636547,1585.57373046875,49.0,0.622816264629364,2.0,2.0,0.6305790090697393,14.224897384643555,43.0,"{""type"":""Point"",""coordinates"":[108.94402619772868,19.0429847173706]}"
456,0.0,28.0,54.0,13.811310768127441,54.0,19.564722162458935,109.17878001023655,2001.041259765625,46.0,1.2544193267822266,3.0,3.0,0.6987125786330165,13.561185836791992,39.0,"{""type"":""Point"",""coordinates"":[109.177667241921,19.563669425235798]}"
457,0.0,26.0,234.0,40.88452911376953,117.0,19.367092799952644,109.62793765229628,2415.33203125,47.0,4.45736837387085,4.0,3.0,0.6666575848059433,12.17938232421875,35.0,"{""type"":""Point"",""coordinates"":[109.62701447243217,19.367014936077517]}"
458,0.0,25.0,62.0,11.534677505493164,53.0,19.403025411317422,109.13835582245116,1986.7655029296875,49.0,0.8819793462753296,3.0,3.0,0.7220963915796003,13.908803939819336,34.0,"{""type"":""Point"",""coordinates"":[109.13792529597839,19.402863495469262]}"
459,0.0,28.0,126.0,26.041614532470703,79.0,19.209887625231723,110.05463741225304,2649.877685546875,46.0,1.6290957927703857,4.0,2.0,0.7005608860295192,13.25639533996582,39.0,"{""type"":""Point"",""coordinates"":[110.05598988699204,19.21020143094498]}"
460,0.0,25.0,50.0,16.688894271850586,49.0,18.953867769257663,110.34209830317133,2412.775634765625,49.0,0.926567792892456,4.0,2.0,0.708619321994249,13.866552352905273,44.0,"{""type"":""Point"",""coordinates"":[110.34394292941384,18.952598419508885]}"
461,0.0,23.0,3.0,3.6297245025634766,6.0,18.594541655609852,108.7116560624944,1284.0679931640625,50.0,0.29700297117233276,2.0,1.0,0.697044495394475,14.941949844360352,43.0,"{""type"":""Point"",""coordinates"":[108.71263680451322,18.593205429300134]}"
462,0.0,25.0,46.0,11.402113914489746,46.0,19.600654773823713,109.26861153864849,2015.775634765625,49.0,0.8121650815010071,2.0,3.0,0.7232247757505565,14.000703811645508,36.0,"{""type"":""Point"",""coordinates"":[109.2703404282418,19.59843831831693]}"
463,0.0,28.0,50.0,12.980060577392578,41.0,18.63496584339523,109.91090696679396,2242.7509765625,43.0,0.7118351459503174,4.0,1.0,0.6994783610664127,14.130228996276855,46.0,"{""type"":""Point"",""coordinates"":[109.90951294844565,18.63429617462107]}"
464,0.0,26.0,143.0,19.514400482177734,84.0,19.200904472390526,109.99624691878529,2722.97509765625,42.0,0.7963263988494873,4.0,2.0,0.7019071048671002,13.961861610412598,38.0,"{""type"":""Point"",""coordinates"":[109.99821437304222,19.200735284672575]}"
465,0.0,28.0,42.0,7.705573558807373,42.0,19.784809407068217,110.99337688415795,1556.9517822265625,42.0,2.208204746246338,7.0,4.0,0.6384496033646994,11.591222763061523,50.0,"{""type"":""Point"",""coordinates"":[110.99287088081435,19.78288899447859]}"
466,0.0,27.0,81.0,37.97901916503906,64.0,19.133530826081568,110.17141839918861,2791.62646484375,43.0,2.443654775619507,4.0,2.0,0.697563539517524,12.877888679504395,43.0,"{""type"":""Point"",""coordinates"":[110.17070277955027,19.13181046575328]}"
467,0.0,28.0,338.0,25.897674560546875,299.0,18.594541655609852,109.19225473949831,1927.5745849609375,52.0,4.747623920440674,4.0,1.0,0.5838542006795561,12.045053482055664,46.0,"{""type"":""Point"",""coordinates"":[109.19141506505157,18.594711510777255]}"
468,0.0,28.0,747.0,29.75756072998047,635.0,19.12903924966097,109.20123789233952,1927.4967041015625,49.0,7.85064172744751,5.0,2.0,0.5863792498485441,11.196674346923828,38.0,"{""type"":""Point"",""coordinates"":[109.20084531773436,19.12995996866489]}"
469,0.0,30.0,314.0,79.54717254638672,211.0,18.93590146357527,110.0052300716265,2591.487548828125,44.0,11.79995346069336,4.0,2.0,0.6058715871410452,11.139445304870605,44.0,"{""type"":""Point"",""coordinates"":[110.00454097856237,18.935662031558547]}"
470,0.0,30.0,281.0,36.919464111328125,165.0,19.29522757722308,109.67734499292288,2483.43603515625,48.0,3.922006845474243,5.0,3.0,0.6575707204864094,12.276342391967773,38.0,"{""type"":""Point"",""coordinates"":[109.67630013948644,19.295439946340682]}"
471,0.0,28.0,85.0,12.214006423950195,86.0,19.87913251190077,110.17141839918861,2318.42431640625,40.0,0.5735798478126526,2.0,4.0,0.699908071022477,14.043120384216309,35.0,"{""type"":""Point"",""coordinates"":[110.17306580162676,19.879613419752182]}"
472,0.0,29.0,1217.0,16.28550148010254,1128.0,19.10208979113738,109.16530528097474,2028.9908447265625,47.0,3.7506885528564453,10.0,2.0,0.5715639173440407,11.309709548950195,40.0,"{""type"":""Point"",""coordinates"":[109.16538879329508,19.101873799744084]}"
473,0.0,27.0,17.0,15.541190147399902,17.0,19.313193882905473,110.49481190147162,2723.8681640625,41.0,0.44097426533699036,6.0,3.0,0.7784822682997241,14.60912036895752,40.0,"{""type"":""Point"",""coordinates"":[110.49573872895311,19.313052739838184]}"
474,0.0,29.0,920.0,38.569515228271484,830.0,19.10658136755798,109.17428843381595,2028.9908447265625,47.0,13.102058410644531,9.0,2.0,0.5611147046562053,10.48422908782959,40.0,"{""type"":""Point"",""coordinates"":[109.17422135236103,19.104456921539807]}"
475,0.0,22.0,15.0,10.777599334716797,17.0,18.392420716682963,109.83005859122318,2011.7088623046875,53.0,0.6995774507522583,2.0,1.0,0.7353040994561013,14.167956352233887,41.0,"{""type"":""Point"",""coordinates"":[109.83099742496694,18.390862029516164]}"
476,0.0,28.0,65.0,8.598305702209473,58.0,19.71743576075925,110.62057604124834,2326.63671875,45.0,0.13468915224075317,6.0,3.0,0.7376108168272937,15.342162132263184,35.0,"{""type"":""Point"",""coordinates"":[110.62030721384541,19.717507615028175]}"
477,0.0,29.0,666.0,12.556137084960938,575.0,18.666406878339416,109.48420720683714,2018.751708984375,46.0,1.298069715499878,5.0,1.0,0.572569559877217,13.080018997192383,48.0,"{""type"":""Point"",""coordinates"":[109.48350570260752,18.667736070395694]}"
478,0.0,22.0,159.0,14.957292556762695,86.0,19.501840092570568,109.78514282701718,2410.7177734375,54.0,0.7481148838996887,4.0,3.0,0.7014781998916205,14.014328002929688,35.0,"{""type"":""Point"",""coordinates"":[109.78404427266688,19.502376744905085]}"
479,0.0,23.0,85.0,8.470993041992188,37.0,19.650062114450293,109.75819336849361,2155.034423828125,55.0,0.250287264585495,3.0,3.0,0.7599708240070294,15.154732704162598,32.0,"{""type"":""Point"",""coordinates"":[109.7584668129761,19.648471511330904]}"
480,0.0,25.0,16.0,10.31533432006836,19.0,18.899968852210492,110.42743825516266,2215.848876953125,48.0,0.4015127122402191,3.0,2.0,0.73831192507759,14.703458786010742,43.0,"{""type"":""Point"",""coordinates"":[110.42689245760218,18.90047963634395]}"
481,0.0,27.0,34.0,9.501582145690918,31.0,18.594541655609852,109.98277218952347,2157.013671875,42.0,0.3441552519798279,3.0,1.0,0.7027803634669751,14.866378784179688,47.0,"{""type"":""Point"",""coordinates"":[109.98173706975649,18.59663286047426]}"
482,0.0,26.0,51.0,20.747983932495117,51.0,18.720305795386587,110.13997736424443,2324.873779296875,51.0,1.6289606094360352,5.0,1.0,0.6945692998192288,13.3015718460083,45.0,"{""type"":""Point"",""coordinates"":[110.14061338851135,18.722170437569282]}"
483,0.0,26.0,5.0,8.749350547790527,5.0,20.013879804518695,110.3645561852743,2102.5908203125,44.0,0.42731767892837524,2.0,4.0,0.7604321230156038,13.780272483825684,40.0,"{""type"":""Point"",""coordinates"":[110.36296722081522,20.012848451715733]}"
484,0.0,26.0,65.0,9.498218536376953,58.0,19.726418913600448,110.60710131198658,2326.63671875,46.0,0.23739223182201385,5.0,3.0,0.7364165076166728,14.77541446685791,35.0,"{""type"":""Point"",""coordinates"":[110.6076323176289,19.72744393923247]}"
485,0.0,23.0,45.0,3.0755021572113037,41.0,18.953867769257663,108.77453813238276,1347.4085693359375,55.0,0.060648199170827866,2.0,2.0,0.6601796819627374,16.595970153808594,43.0,"{""type"":""Point"",""coordinates"":[108.77425363685252,18.956059373091513]}"
486,0.0,28.0,29.0,10.181601524353027,30.0,19.91057354684495,110.48582874863041,2191.919189453125,44.0,0.6268228888511658,4.0,4.0,0.7373575637445418,13.363213539123535,40.0,"{""type"":""Point"",""coordinates"":[110.4842232217192,19.912236381347153]}"
487,0.0,26.0,274.0,22.23158073425293,167.0,19.335651765008457,109.41683356052818,2288.911865234375,53.0,2.120823383331299,4.0,3.0,0.6529657553350467,12.896995544433594,38.0,"{""type"":""Point"",""coordinates"":[109.4187951036827,19.33717134890473]}"
488,0.0,29.0,18.0,13.83735466003418,18.0,19.322177035746662,110.64303392335137,2429.614990234375,48.0,0.7293645739555359,5.0,3.0,0.7746065355042193,13.854752540588379,38.0,"{""type"":""Point"",""coordinates"":[110.64263701976384,19.320938246323276]}"
489,0.0,27.0,455.0,73.29141235351562,299.0,19.030224568407817,109.79412597985839,2376.748046875,48.0,14.579164505004883,4.0,2.0,0.5873291529266391,10.817112922668457,42.0,"{""type"":""Point"",""coordinates"":[109.7950446449059,19.0318597804411]}"
490,0.0,34.0,30.0,9.155133247375488,31.0,19.933031428947942,109.60098819377271,1617.0225830078125,40.0,1.2388473749160767,5.0,4.0,0.7268216210728575,13.587716102600098,34.0,"{""type"":""Point"",""coordinates"":[109.60196676941038,19.932566419982745]}"
491,0.0,32.0,11.0,11.719844818115234,12.0,19.474890634046986,110.72388229892209,2353.693359375,43.0,0.5852965712547302,9.0,3.0,0.7852524667674832,13.921682357788086,37.0,"{""type"":""Point"",""coordinates"":[110.72175356692706,19.476008475337775]}"
493,0.0,31.0,776.0,32.389190673828125,589.0,18.841578358742723,109.53810612388435,2128.066162109375,48.0,7.290558338165283,5.0,2.0,0.5622125105147556,11.242277145385742,46.0,"{""type"":""Point"",""coordinates"":[109.5384294729287,18.842344213209227]}"
494,0.0,25.0,255.0,18.349454879760742,214.0,18.62598269055404,109.33149360853685,1969.009765625,54.0,2.357290744781494,4.0,1.0,0.6035592634302602,12.803953170776367,45.0,"{""type"":""Point"",""coordinates"":[109.33312252333252,18.624229132885752]}"
496,0.0,26.0,60.0,8.850064277648926,45.0,19.753368372124037,109.86599120258796,2199.45263671875,51.0,0.2694264352321625,2.0,4.0,0.7456058784951192,15.095931053161621,34.0,"{""type"":""Point"",""coordinates"":[109.86398914393435,19.75188972396526]}"
497,0.0,28.0,461.0,49.687679290771484,346.0,19.209887625231723,109.2775946914897,2021.8634033203125,50.0,12.912683486938477,5.0,2.0,0.5973753329188665,10.938640594482422,37.0,"{""type"":""Point"",""coordinates"":[109.27603324626381,19.210000945543435]}"
498,0.0,30.0,318.0,56.05476379394531,296.0,18.82361205306033,110.13997736424443,2400.6650390625,46.0,8.48511791229248,4.0,2.0,0.5850285960967149,11.473373413085938,49.0,"{""type"":""Point"",""coordinates"":[110.13875881920738,18.82271404385451]}"
499,0.0,27.0,347.0,26.4428653717041,344.0,18.500218550777305,109.17428843381595,1874.252197265625,52.0,5.225357532501221,4.0,1.0,0.583150840658535,11.942303657531738,45.0,"{""type"":""Point"",""coordinates"":[109.17463205170831,18.500531491357215]}"
500,0.0,31.0,164.0,54.058414459228516,164.0,18.608016384871647,110.06362056509425,2390.0078125,43.0,7.275705337524414,5.0,1.0,0.6113808156489585,11.731106758117676,46.0,"{""type"":""Point"",""coordinates"":[110.06374807720191,18.6065348417556]}"
501,0.0,38.0,876.0,26.074674606323242,725.0,18.91344358147228,109.25513680938667,1832.286376953125,37.0,8.96583080291748,5.0,2.0,0.5350484163144942,10.924548149108887,46.0,"{""type"":""Point"",""coordinates"":[109.25705404795481,18.915364639028322]}"
502,0.0,31.0,18.0,13.468503952026367,21.0,19.003275109884235,110.47235401936865,2346.3837890625,41.0,0.6759829521179199,4.0,2.0,0.7567196185678111,14.18132495880127,40.0,"{""type"":""Point"",""coordinates"":[110.47212884097785,19.003482799605237]}"
503,0.0,25.0,103.0,19.405014038085938,65.0,19.533281127514755,109.88844908469093,2528.166259765625,51.0,1.101383090019226,6.0,3.0,0.726250178728292,13.662046432495117,37.0,"{""type"":""Point"",""coordinates"":[109.8890090643901,19.53361735852059]}"
504,0.0,28.0,44.0,11.613462448120117,45.0,19.91057354684495,110.13997736424443,2223.1962890625,39.0,0.5971724987030029,2.0,4.0,0.7421914210127226,14.034905433654785,35.0,"{""type"":""Point"",""coordinates"":[110.14001086572036,19.911160835115073]}"
505,0.0,22.0,33.0,5.777170658111572,32.0,19.205396048811124,108.77453813238276,1444.7314453125,52.0,0.6338499188423157,2.0,2.0,0.6793567651901036,14.25621223449707,42.0,"{""type"":""Point"",""coordinates"":[108.77435067694951,19.204869467230598]}"
506,0.0,29.0,339.0,43.87614822387695,211.0,19.164971861025748,109.2775946914897,2045.2894287109375,42.0,8.637763977050781,4.0,2.0,0.6174583213888475,11.440522193908691,37.0,"{""type"":""Point"",""coordinates"":[109.27869337900759,19.166640653751617]}"
507,0.0,24.0,32.0,13.869873046875,24.0,19.66802842013268,110.35557303243309,2463.353271484375,50.0,0.6118084192276001,2.0,3.0,0.7938857651969929,14.019892692565918,32.0,"{""type"":""Point"",""coordinates"":[110.35740065711292,19.669861458481574]}"
508,0.0,23.0,16.0,7.20482063293457,16.0,19.420991716999815,108.8239454730093,1586.5736083984375,51.0,0.7278684973716736,2.0,3.0,0.7063902142880902,14.127732276916504,42.0,"{""type"":""Point"",""coordinates"":[108.82217728447084,19.42205458144747]}"
509,0.0,28.0,265.0,44.10069274902344,211.0,19.052682450510808,109.0709821761422,1946.5521240234375,48.0,9.989472389221191,5.0,2.0,0.6043957246683418,11.34359073638916,39.0,"{""type"":""Point"",""coordinates"":[109.06888583162254,19.053641490568573]}"
510,0.0,25.0,42.0,7.774875164031982,42.0,19.627604232347302,109.35395149063982,2061.081298828125,51.0,0.23738259077072144,2.0,3.0,0.7284936112277577,15.233137130737305,37.0,"{""type"":""Point"",""coordinates"":[109.35171385050968,19.6295968009963]}"
511,0.0,23.0,103.0,12.392099380493164,51.0,19.65455369087089,109.73573548639064,2134.685302734375,53.0,0.7938355803489685,3.0,3.0,0.74427902878598,13.989551544189453,31.0,"{""type"":""Point"",""coordinates"":[109.73526948968843,19.65262262027811]}"
512,0.0,26.0,230.0,108.58341979980469,127.0,18.926918310734074,110.03217953015007,2591.487548828125,46.0,17.538232803344727,3.0,2.0,0.5852504980998479,10.782275199890137,45.0,"{""type"":""Point"",""coordinates"":[110.03140146228688,18.928735443608453]}"
513,0.0,27.0,20.0,6.650191307067871,14.0,19.807267289171207,110.78227279238985,2006.6231689453125,48.0,0.182559996843338,5.0,4.0,0.7335419773803588,14.548259735107422,43.0,"{""type"":""Point"",""coordinates"":[110.78345385726057,19.805691128092256]}"
514,0.0,28.0,48.0,11.86329460144043,49.0,19.964472463892122,110.26124992760055,2256.103271484375,42.0,0.8438231348991394,2.0,4.0,0.7299779285783811,13.038223266601562,37.0,"{""type"":""Point"",""coordinates"":[110.25949524945949,19.96638667616858]}"
515,0.0,23.0,23.0,8.250088691711426,24.0,19.739893642862242,110.88108747364299,1889.8294677734375,54.0,0.8950762748718262,5.0,3.0,0.7129213626856363,12.707683563232422,43.0,"{""type"":""Point"",""coordinates"":[110.88214773130748,19.738568165098275]}"
516,0.0,27.0,271.0,24.264129638671875,179.0,19.164971861025748,109.90641539037335,2476.830810546875,47.0,1.8435648679733276,4.0,2.0,0.6516504483927703,13.039238929748535,41.0,"{""type"":""Point"",""coordinates"":[109.90776001635959,19.16544674628382]}"
517,0.0,30.0,55.0,11.1830472946167,54.0,19.587180044561926,110.65650865261313,2350.3017578125,45.0,0.5038583874702454,4.0,3.0,0.7544992896777408,14.032011985778809,32.0,"{""type"":""Point"",""coordinates"":[110.65867573480004,19.586538568013975]}"
518,0.0,22.0,48.0,14.630064010620117,37.0,19.582688468141328,110.3735393381155,2583.768310546875,56.0,0.5864993333816528,4.0,3.0,0.7650395116178946,14.05908489227295,37.0,"{""type"":""Point"",""coordinates"":[110.3732895876566,19.580728571858177]}"
519,0.0,23.0,54.0,7.084052562713623,57.0,18.57208377350686,108.8194538965887,1438.9136962890625,55.0,1.0712937116622925,2.0,1.0,0.6396641561715251,13.719035148620605,44.0,"{""type"":""Point"",""coordinates"":[108.81921453926977,18.571696842779406]}"
520,0.0,27.0,149.0,18.972742080688477,100.0,18.8820025465281,110.09057002361783,2397.919677734375,47.0,1.2701233625411987,4.0,2.0,0.6391242547758719,13.491166114807129,45.0,"{""type"":""Point"",""coordinates"":[110.0921294610198,18.88270224207263]}"
521,0.0,27.0,400.0,12.946000099182129,400.0,18.63496584339523,110.12201105856201,2249.768798828125,48.0,0.8029860258102417,4.0,1.0,0.625866904518551,13.779504776000977,43.0,"{""type"":""Point"",""coordinates"":[110.12147787587008,18.633361545155175]}"
522,0.0,26.0,35.0,12.681896209716797,34.0,18.60352480845105,110.01421322446765,2248.313720703125,43.0,0.6338290572166443,4.0,1.0,0.7087843047871779,14.255081176757812,46.0,"{""type"":""Point"",""coordinates"":[110.01463747286387,18.6035245561938]}"
523,0.0,22.0,14.0,2.5792953968048096,14.0,18.890985699369296,108.67572345112961,1159.43359375,53.0,0.12125063687562943,2.0,2.0,0.6671171634052411,15.921195983886719,46.0,"{""type"":""Point"",""coordinates"":[108.67775353538705,18.890801250273718]}"
524,0.0,30.0,106.0,19.019168853759766,63.0,19.38505910563503,110.19836785771219,2691.153076171875,43.0,0.8620972037315369,3.0,3.0,0.7311757471684793,13.905227661132812,37.0,"{""type"":""Point"",""coordinates"":[110.196772596724,19.383971714006957]}"
525,0.0,27.0,494.0,59.88563919067383,276.0,19.003275109884235,109.71776918070822,2271.38134765625,48.0,12.263690948486328,4.0,2.0,0.5826694640278176,10.966011047363281,43.0,"{""type"":""Point"",""coordinates"":[109.71793470336756,19.005375450036347]}"
526,0.0,25.0,21.0,8.002033233642578,22.0,19.901590394003755,110.6834581111367,1995.8330078125,50.0,0.49401459097862244,5.0,4.0,0.7050780945373345,13.55124282836914,47.0,"{""type"":""Point"",""coordinates"":[110.68258137828144,19.899431029702306]}"
527,0.0,24.0,31.0,8.812593460083008,31.0,19.870149359059575,109.70878602786706,1883.568359375,46.0,0.5489019751548767,2.0,4.0,0.747215244926434,14.401277542114258,33.0,"{""type"":""Point"",""coordinates"":[109.71059351538477,19.869288947962218]}"
528,0.0,23.0,20.0,9.338958740234375,20.0,18.527168009300887,109.98726376594408,2065.469482421875,53.0,0.4406212568283081,2.0,1.0,0.7181619973282835,14.62739372253418,45.0,"{""type"":""Point"",""coordinates"":[109.98575586836348,18.526104200370884]}"
529,0.0,25.0,62.0,27.155160903930664,41.0,19.560230586038337,110.166926822768,2644.20068359375,49.0,1.6778039932250977,4.0,3.0,0.7596993370833502,13.265523910522461,36.0,"{""type"":""Point"",""coordinates"":[110.16885561363875,19.562271882948014]}"
530,0.0,22.0,38.0,5.081287384033203,37.0,18.80115417095734,108.75208025027973,1383.384521484375,50.0,0.5416406393051147,2.0,1.0,0.6523102619592004,14.41051959991455,46.0,"{""type"":""Point"",""coordinates"":[108.75377406520039,18.801051012116673]}"
531,0.0,27.0,688.0,9.895662307739258,679.0,18.67988160760121,108.85538650795348,1514.674072265625,49.0,2.1944308280944824,7.0,1.0,0.5488439765264981,12.534191131591797,46.0,"{""type"":""Point"",""coordinates"":[108.85661301037571,18.678459073577745]}"
532,0.0,27.0,19.0,14.182053565979004,18.0,19.18742974312874,110.39599722021848,2862.687744140625,44.0,0.23734042048454285,4.0,2.0,0.7854599377480106,15.246675491333008,38.0,"{""type"":""Point"",""coordinates"":[110.3972715085092,19.186958657213324]}"
533,0.0,26.0,138.0,42.954280853271484,106.0,19.18742974312874,110.10853632930025,2687.420166015625,49.0,3.489514112472534,4.0,2.0,0.6636903713458288,12.486283302307129,40.0,"{""type"":""Point"",""coordinates"":[110.10691492422805,19.187881124822926]}"
534,0.0,24.0,153.0,28.919828414916992,96.0,19.254803389437704,109.15632212813352,2215.4853515625,53.0,3.238400936126709,4.0,2.0,0.6516566667459871,12.551800727844238,39.0,"{""type"":""Point"",""coordinates"":[109.15794493402714,19.255014862853354]}"
535,0.0,31.0,23.0,7.10181999206543,21.0,19.762351524965233,110.70591599323973,2126.321533203125,47.0,0.19163405895233154,6.0,4.0,0.7469191054573732,14.519168853759766,40.0,"{""type"":""Point"",""coordinates"":[110.70765237646914,19.76227341557867]}"
536,0.0,31.0,1015.0,40.35995101928711,886.0,18.926918310734074,109.1877631630777,1851.26708984375,42.0,21.748275756835938,10.0,2.0,0.5010518695052744,9.824155807495117,45.0,"{""type"":""Point"",""coordinates"":[109.1894685667283,18.928856441417235]}"
537,0.0,29.0,263.0,70.52957153320312,234.0,18.79666259453675,110.06811214151486,2357.0302734375,47.0,12.481886863708496,5.0,1.0,0.586719033637292,11.1163969039917,46.0,"{""type"":""Point"",""coordinates"":[110.06728687185485,18.798868125262373]}"
538,0.0,30.0,461.0,58.43247985839844,461.0,18.365471258159374,109.3943756784252,1997.7294921875,43.0,16.873096466064453,4.0,1.0,0.5656449859359005,10.658756256103516,41.0,"{""type"":""Point"",""coordinates"":[109.39215518229041,18.36729146761569]}"
539,0.0,24.0,122.0,14.192928314208984,99.0,19.38056752921443,109.20572946876013,2049.355224609375,55.0,1.2743706703186035,4.0,3.0,0.6703262867453764,13.50452995300293,34.0,"{""type"":""Point"",""coordinates"":[109.2052386280949,19.381157366641265]}"
540,0.0,30.0,447.0,40.36492919921875,419.0,18.54513431498328,109.31801887927503,2066.016357421875,44.0,8.178117752075195,5.0,1.0,0.5747270384937866,11.416484832763672,46.0,"{""type"":""Point"",""coordinates"":[109.3197333028969,18.545917765993213]}"
541,0.0,28.0,84.0,14.73842716217041,84.0,19.807267289171207,109.90641539037335,2166.31201171875,44.0,1.0752592086791992,5.0,4.0,0.6932248966798445,13.697513580322266,35.0,"{""type"":""Point"",""coordinates"":[109.90462789555087,19.807026823362797]}"
542,0.0,24.0,35.0,10.694952964782715,38.0,18.940393039995868,110.3735393381155,2322.842041015625,51.0,0.3486384153366089,4.0,2.0,0.718974975927313,14.852853775024414,44.0,"{""type"":""Point"",""coordinates"":[110.37148553151785,18.942084197979646]}"
543,0.0,28.0,58.0,9.801860809326172,40.0,19.591671620982524,110.53972766567762,2522.5078125,48.0,0.13460275530815125,6.0,3.0,0.7743109242930128,15.513973236083984,34.0,"{""type"":""Point"",""coordinates"":[110.54003870038204,19.590327211568443]}"
544,0.0,24.0,84.0,8.822322845458984,36.0,19.677011572973875,109.69980287502585,2111.040771484375,53.0,0.34007248282432556,3.0,3.0,0.7581282434403882,14.848777770996094,32.0,"{""type"":""Point"",""coordinates"":[109.69780231672303,19.676552102828566]}"
545,0.0,22.0,91.0,22.83931541442871,66.0,19.52429797467356,110.13548578782382,2670.60595703125,55.0,1.217003345489502,5.0,3.0,0.7374134770629731,13.569445610046387,35.0,"{""type"":""Point"",""coordinates"":[110.13640803095659,19.523190973732788]}"
546,0.0,24.0,757.0,35.93230056762695,685.0,18.783187865274954,108.96318434204784,1683.7244873046875,51.0,15.953258514404297,8.0,1.0,0.5293356724089995,10.457571029663086,43.0,"{""type"":""Point"",""coordinates"":[108.96157282083861,18.782181430466526]}"
547,0.0,24.0,283.0,40.56516647338867,168.0,19.277261271540688,109.3943756784252,2198.278564453125,54.0,6.115732669830322,3.0,2.0,0.6276922601831743,11.828476905822754,39.0,"{""type"":""Point"",""coordinates"":[109.3930181578609,19.279263794532717]}"
548,0.0,31.0,533.0,42.75254440307617,314.0,19.066157179772603,109.34945991421921,1965.3707275390625,39.0,10.880876541137695,4.0,2.0,0.5819275587940916,11.057467460632324,40.0,"{""type"":""Point"",""coordinates"":[109.35032334620276,19.065151272908306]}"
549,0.0,39.0,42.0,14.810342788696289,42.0,19.874640935480173,109.94234800173814,2195.671875,33.0,1.2921353578567505,5.0,4.0,0.7437450153715035,13.264466285705566,35.0,"{""type"":""Point"",""coordinates"":[109.94084559318756,19.874979572673247]}"
550,0.0,26.0,721.0,13.53895378112793,552.0,18.864036240845707,109.69081972218464,2176.86962890625,45.0,1.083367109298706,5.0,2.0,0.5881354823204872,13.208903312683105,46.0,"{""type"":""Point"",""coordinates"":[109.6918346011226,18.86400853243638]}"
551,0.0,28.0,233.0,32.318241119384766,55.0,19.18742974312874,109.54259770030495,2236.683349609375,40.0,3.7153308391571045,4.0,2.0,0.6960940969457519,12.362749099731445,38.0,"{""type"":""Point"",""coordinates"":[109.54092181489683,19.186401480360697]}"
552,0.0,29.0,165.0,37.9847526550293,138.0,19.304210730064277,109.15632212813352,2051.81640625,43.0,6.154346466064453,6.0,3.0,0.6241912044789826,11.899397850036621,40.0,"{""type"":""Point"",""coordinates"":[109.15488449387354,19.302656201074626]}"
553,0.0,25.0,142.0,10.093111038208008,135.0,19.344634917849653,109.0305579883568,1865.609375,54.0,0.9256964921951294,3.0,3.0,0.6310028601866485,13.811923027038574,40.0,"{""type"":""Point"",""coordinates"":[109.03058636300608,19.345469777926304]}"
554,0.0,39.0,63.0,6.332813739776611,64.0,19.843199900535986,109.5964966173521,1813.1151123046875,37.0,0.3501060903072357,5.0,4.0,0.7074884399470345,14.832210540771484,33.0,"{""type"":""Point"",""coordinates"":[109.59768176901882,19.84139328014061]}"
555,0.0,28.0,60.0,13.459568977355957,60.0,18.513693280039092,109.88844908469093,2183.474609375,45.0,0.8773276805877686,5.0,1.0,0.678760932496419,13.915275573730469,45.0,"{""type"":""Point"",""coordinates"":[109.88868927004002,18.512315387415335]}"
556,0.0,29.0,35.0,10.137409210205078,35.0,19.79828413633001,110.55769397135998,2265.695068359375,39.0,0.38151225447654724,5.0,4.0,0.7506753073560423,14.328325271606445,37.0,"{""type"":""Point"",""coordinates"":[110.55570723026166,19.79759384676654]}"
557,0.0,22.0,172.0,32.7002067565918,172.0,18.37445441100057,109.42581671336939,2052.99755859375,56.0,4.86009407043457,3.0,1.0,0.6215353694887151,12.132532119750977,41.0,"{""type"":""Point"",""coordinates"":[109.42790463951808,18.373264829107228]}"
558,0.0,25.0,145.0,16.518856048583984,70.0,19.55573900961774,109.70878602786706,2259.029541015625,53.0,1.2304011583328247,3.0,3.0,0.7129225655451571,13.525442123413086,34.0,"{""type"":""Point"",""coordinates"":[109.7082724474847,19.554694021151544]}"
559,0.0,28.0,83.0,19.96707534790039,76.0,19.6365873851885,110.59811815914537,2411.53564453125,49.0,1.7926840782165527,5.0,3.0,0.7321572073946276,12.736562728881836,31.0,"{""type"":""Point"",""coordinates"":[110.59590275069388,19.63584960589368]}"
560,0.0,30.0,919.0,50.112060546875,811.0,18.82361205306033,109.69980287502585,2181.523681640625,45.0,16.6400146484375,5.0,2.0,0.5296617123372809,10.235353469848633,46.0,"{""type"":""Point"",""coordinates"":[109.69841284667758,18.82307621390786]}"
561,0.0,26.0,21.0,6.509969234466553,18.0,19.838708324115387,110.78676436881045,2006.6231689453125,52.0,0.18293605744838715,4.0,4.0,0.7327697401630076,14.44468879699707,42.0,"{""type"":""Point"",""coordinates"":[110.78834875985649,19.838673786056596]}"
562,0.0,28.0,307.0,35.025028228759766,307.0,18.450811210150732,109.19674631591892,1830.8951416015625,45.0,8.138998031616211,5.0,1.0,0.5790274740737478,11.5232515335083,44.0,"{""type"":""Point"",""coordinates"":[109.19721878539087,18.45267717976866]}"
563,0.0,26.0,635.0,41.76287078857422,592.0,18.76522155959256,109.67734499292288,2190.593994140625,48.0,8.147250175476074,4.0,1.0,0.5698368882186355,11.264761924743652,46.0,"{""type"":""Point"",""coordinates"":[109.6757591149418,18.766138432098142]}"
564,0.0,26.0,236.0,45.6307487487793,155.0,18.85056151158392,110.0007384952059,2379.224853515625,48.0,5.6006083488464355,4.0,2.0,0.6115388854453508,11.948575019836426,46.0,"{""type"":""Point"",""coordinates"":[109.99925740118583,18.848554996756086]}"
565,0.0,25.0,323.0,37.271400451660156,269.0,18.949376192837065,109.04852429403917,1702.2852783203125,47.0,10.887300491333008,7.0,2.0,0.5776306318907329,11.21580696105957,41.0,"{""type"":""Point"",""coordinates"":[109.05006239619667,18.95134795556123]}"
566,0.0,32.0,28.0,16.161073684692383,25.0,19.32666861216726,110.49032032505102,2723.8681640625,34.0,0.5158177018165588,5.0,3.0,0.76340663130541,14.44586181640625,41.0,"{""type"":""Point"",""coordinates"":[110.4905081776872,19.324852844718396]}"
567,0.0,23.0,172.0,20.73699378967285,69.0,19.290736000802482,109.71776918070822,2481.336181640625,56.0,1.3770469427108765,3.0,3.0,0.707012412561904,13.395858764648438,38.0,"{""type"":""Point"",""coordinates"":[109.71861020253294,19.290437358740416]}"
568,0.0,28.0,241.0,22.48933982849121,188.0,19.10208979113738,109.99175534236468,2640.814208984375,47.0,1.3338992595672607,4.0,2.0,0.6494248398040177,13.383051872253418,44.0,"{""type"":""Point"",""coordinates"":[109.9918631416944,19.101883515292176]}"
569,0.0,27.0,40.0,17.111724853515625,32.0,19.043699297669612,110.3241319974889,2546.581787109375,45.0,0.7966423034667969,4.0,2.0,0.7499452971796501,14.023514747619629,41.0,"{""type"":""Point"",""coordinates"":[110.3226033356707,19.04556990573307]}"
570,0.0,29.0,182.0,19.93471908569336,163.0,18.5092017036185,109.5964966173521,2278.010009765625,44.0,1.6577261686325073,4.0,1.0,0.6240701254576054,13.203916549682617,46.0,"{""type"":""Point"",""coordinates"":[109.59769852608827,18.507073729722652]}"
571,0.0,28.0,304.0,34.68276596069336,239.0,19.01225826272543,109.97378903668232,2478.089599609375,49.0,3.5013365745544434,4.0,2.0,0.6343937134769747,12.374360084533691,43.0,"{""type"":""Point"",""coordinates"":[109.97301044370329,19.010074300432745]}"
572,0.0,25.0,39.0,11.904947280883789,42.0,18.90446042863109,110.35108145601248,2322.842041015625,49.0,0.4884103238582611,4.0,2.0,0.7047807255479365,14.513388633728027,46.0,"{""type"":""Point"",""coordinates"":[110.35286873728724,18.90552452960968]}"
573,0.0,28.0,15.0,8.632935523986816,17.0,19.645570538029695,110.76430648670748,2131.49169921875,48.0,0.36507511138916016,5.0,3.0,0.7640006254419778,14.365145683288574,37.0,"{""type"":""Point"",""coordinates"":[110.76382206933403,19.64352089487969]}"
574,0.0,36.0,584.0,81.4808120727539,479.0,18.940393039995868,109.98277218952347,2542.07275390625,37.0,16.90691566467285,4.0,2.0,0.5642262527030152,10.556509017944336,46.0,"{""type"":""Point"",""coordinates"":[109.9811791059458,18.942291677152266]}"
575,0.0,26.0,216.0,60.58428192138672,130.0,19.483873786888182,109.73573548639064,2486.26806640625,53.0,8.17212963104248,4.0,3.0,0.6541530501930758,11.580205917358398,36.0,"{""type"":""Point"",""coordinates"":[109.73456527259597,19.4824168639843]}"
576,0.0,39.0,116.0,23.287933349609375,105.0,19.600654773823713,110.24328362191818,2614.272705078125,33.0,1.5126636028289795,4.0,3.0,0.6920775862394514,13.316339492797852,36.0,"{""type"":""Point"",""coordinates"":[110.24182285900483,19.598550821405688]}"
578,0.0,33.0,45.0,21.127731323242188,44.0,19.169463437446346,110.40947194948029,2809.3779296875,39.0,0.9180238246917725,4.0,2.0,0.7517419268436849,13.878750801086426,38.0,"{""type"":""Point"",""coordinates"":[110.40806940445586,19.171303477684884]}"
579,0.0,29.0,501.0,37.234683990478516,458.0,18.71132264254539,109.60997134661392,2266.89453125,48.0,5.774980068206787,4.0,1.0,0.5763488007394206,11.725581169128418,49.0,"{""type"":""Point"",""coordinates"":[109.61015164289573,18.712006100691745]}"
580,0.0,23.0,32.0,7.56380033493042,32.0,18.90446042863109,108.71614763891495,1246.37255859375,53.0,1.8182979822158813,3.0,2.0,0.6512599393527077,13.202654838562012,45.0,"{""type"":""Point"",""coordinates"":[108.71724223247675,18.90239722570814]}"
581,0.0,30.0,364.0,41.1492919921875,240.0,18.99429195704304,109.17878001023655,1778.2435302734375,39.0,11.825631141662598,6.0,2.0,0.5803136304849605,11.101819038391113,40.0,"{""type"":""Point"",""coordinates"":[109.18042425679727,18.994717783400638]}"
582,0.0,22.0,94.0,28.659757614135742,67.0,19.60963792666491,109.91539854321451,2445.84326171875,52.0,2.2547414302825928,7.0,3.0,0.7286715137340213,12.950627326965332,34.0,"{""type"":""Point"",""coordinates"":[109.91553807960477,19.610193972930436]}"
583,0.0,28.0,226.0,76.8749771118164,223.0,18.819120476639732,110.28370780970351,2413.57763671875,48.0,12.964654922485352,2.0,1.0,0.5921136804721303,11.101716995239258,45.0,"{""type"":""Point"",""coordinates"":[110.28466980587986,18.8170888068323]}"
584,0.0,26.0,19.0,7.411548137664795,21.0,19.66802842013268,110.85862959154002,1888.65966796875,51.0,0.5735798478126526,3.0,3.0,0.7292614144069187,13.404918670654297,40.0,"{""type"":""Point"",""coordinates"":[110.85816043417077,19.666980164794825]}"
585,0.0,30.0,46.0,5.301558971405029,47.0,19.8252335948536,109.63242922871689,1801.5882568359375,41.0,0.08371345698833466,5.0,4.0,0.723157663213104,16.273073196411133,34.0,"{""type"":""Point"",""coordinates"":[109.63159566701994,19.827293259408467]}"
586,0.0,29.0,13.0,9.274665832519531,13.0,19.977947193153916,110.34658987959187,2256.62841796875,42.0,0.3495248854160309,2.0,4.0,0.7650776949878928,13.97005844116211,39.0,"{""type"":""Point"",""coordinates"":[110.34435474082483,19.977639942072045]}"
587,0.0,32.0,874.0,11.730358123779297,718.0,18.953867769257663,109.26861153864849,1802.2537841796875,39.0,1.89212965965271,6.0,2.0,0.5636011904984582,12.490391731262207,44.0,"{""type"":""Point"",""coordinates"":[109.26656715580953,18.95596051359217]}"
588,0.0,31.0,63.0,11.953001022338867,60.0,19.60514635024431,110.61608446482774,2356.18701171875,41.0,0.5863634347915649,5.0,3.0,0.7525124464209364,13.873005867004395,31.0,"{""type"":""Point"",""coordinates"":[110.615236161235,19.603681941614454]}"
589,0.0,32.0,44.0,5.9575114250183105,45.0,18.549625891403878,108.88682754289766,1494.08203125,42.0,0.6757490634918213,3.0,1.0,0.6500990726807886,14.18577766418457,46.0,"{""type"":""Point"",""coordinates"":[108.88621058801215,18.55054647483856]}"
590,0.0,24.0,21.0,8.613532066345215,23.0,19.730910490021046,110.8900706264842,1889.8294677734375,53.0,1.037413239479065,6.0,3.0,0.7189089012327678,12.563947677612305,42.0,"{""type"":""Point"",""coordinates"":[110.88922233506031,19.730461292772308]}"
591,0.0,26.0,289.0,38.11476135253906,213.0,18.79666259453675,109.96929746026171,2334.228271484375,51.0,4.706923484802246,4.0,1.0,0.6182554452346342,12.0877685546875,44.0,"{""type"":""Point"",""coordinates"":[109.96925441577329,18.798366495057316]}"
592,0.0,26.0,577.0,41.96152114868164,554.0,18.71132264254539,109.97828061310292,2346.07763671875,49.0,6.408149242401123,4.0,1.0,0.5828203883244264,11.558083534240723,47.0,"{""type"":""Point"",""coordinates"":[109.97655912986573,18.71184660221437]}"
593,0.0,31.0,9.0,7.485106468200684,10.0,19.928539852527344,110.0007384952059,2203.62841796875,40.0,0.0837424173951149,4.0,4.0,0.7856995292768546,16.02600860595703,35.0,"{""type"":""Point"",""coordinates"":[110.00270185143243,19.927417966178478]}"
594,0.0,27.0,599.0,53.28258514404297,594.0,18.482252245094912,109.2371705037043,1971.9754638671875,50.0,17.333972930908203,5.0,1.0,0.5429505683608824,10.517087936401367,44.0,"{""type"":""Point"",""coordinates"":[109.23898948752448,18.484461968038897]}"
595,0.0,23.0,108.0,10.415202140808105,72.0,19.57819689172073,109.5964966173521,2178.419677734375,53.0,0.46958404779434204,4.0,3.0,0.7075396085875807,14.511585235595703,35.0,"{""type"":""Point"",""coordinates"":[109.59506345420866,19.577472358735996]}"
596,0.0,29.0,59.0,9.461329460144043,52.0,19.8252335948536,110.13099421140322,2359.382568359375,39.0,0.18292054533958435,6.0,4.0,0.7552472242047829,15.20646858215332,33.0,"{""type"":""Point"",""coordinates"":[110.13261830035547,19.82571676994509]}"
597,0.0,24.0,22.0,5.81528377532959,22.0,19.88811566474196,110.9394779671108,1658.97705078125,50.0,0.6193579435348511,2.0,4.0,0.6688436824974767,12.909778594970703,50.0,"{""type"":""Point"",""coordinates"":[110.94110124749648,19.889242502076705]}"
598,0.0,23.0,48.0,25.495830535888672,35.0,19.694977878656267,110.1624352463474,2597.38623046875,54.0,1.6377328634262085,2.0,3.0,0.7882772734586357,13.25967788696289,31.0,"{""type"":""Point"",""coordinates"":[110.16050464236022,19.69521965618727]}"
599,0.0,30.0,445.0,47.93674850463867,417.0,19.277261271540688,109.15183055171292,2215.4853515625,48.0,9.304034233093262,7.0,2.0,0.6077624542989137,11.287009239196777,40.0,"{""type"":""Point"",""coordinates"":[109.14984812139733,19.276435855540583]}"
600,0.0,23.0,35.0,10.13086986541748,35.0,18.360979681738776,109.21471262160128,1837.2635498046875,58.0,0.9698202610015869,3.0,1.0,0.707962938689148,13.829694747924805,40.0,"{""type"":""Point"",""coordinates"":[109.21627789434308,18.362384046768877]}"
601,0.0,28.0,288.0,12.313178062438965,183.0,18.84606993516332,109.94683957815869,2220.075439453125,46.0,0.7272709608078003,4.0,2.0,0.6223862428615218,13.958142280578613,45.0,"{""type"":""Point"",""coordinates"":[109.94715380844391,18.844555631829486]}"
602,0.0,27.0,364.0,32.76378631591797,219.0,18.73378052464838,109.30454415001327,2073.63134765625,50.0,5.4491705894470215,4.0,1.0,0.5924515432423307,11.887946128845215,45.0,"{""type"":""Point"",""coordinates"":[109.30272513685976,18.733769801193304]}"
603,0.0,27.0,153.0,13.388772010803223,58.0,19.362601223532046,109.35844306706042,2177.145263671875,43.0,0.8588137626647949,4.0,3.0,0.7230613042318182,13.880074501037598,34.0,"{""type"":""Point"",""coordinates"":[109.3578189073257,19.36045032281609]}"
604,0.0,23.0,38.0,11.671567916870117,20.0,19.694977878656267,110.05014583583244,2529.0078125,51.0,0.2597855031490326,3.0,3.0,0.799666590158119,15.145289421081543,33.0,"{""type"":""Point"",""coordinates"":[110.05168663956081,19.697052551664356]}"
605,0.0,27.0,1055.0,46.728702545166016,936.0,18.82361205306033,109.61446292303447,2223.934326171875,48.0,16.5513916015625,7.0,2.0,0.521892309080323,10.062756538391113,47.0,"{""type"":""Point"",""coordinates"":[109.6155152544289,18.825851190172845]}"
606,0.0,25.0,49.0,28.090173721313477,27.0,19.699469455076866,109.9558227309999,2444.14501953125,49.0,2.2142510414123535,3.0,3.0,0.768608048068017,12.995546340942383,35.0,"{""type"":""Point"",""coordinates"":[109.9537494974733,19.70111621822768]}"
607,0.0,33.0,143.0,15.185508728027344,97.0,19.60963792666491,109.81209228554076,2301.921630859375,40.0,0.997630774974823,4.0,3.0,0.6873054735385311,13.736451148986816,34.0,"{""type"":""Point"",""coordinates"":[109.81359592113024,19.607414158974855]}"
608,0.0,31.0,1080.0,20.75225257873535,939.0,18.922426734313476,109.19674631591892,1851.26708984375,41.0,6.707653522491455,7.0,2.0,0.5363119049783546,10.953238487243652,45.0,"{""type"":""Point"",""coordinates"":[109.19822749515724,18.92224769601684]}"
609,0.0,27.0,51.0,8.933881759643555,51.0,19.919556699686147,110.3241319974889,2257.222900390625,47.0,0.2506888508796692,2.0,4.0,0.7208662648162915,14.707891464233398,39.0,"{""type"":""Point"",""coordinates"":[110.32333721908999,19.921706818665122]}"
610,0.0,25.0,194.0,11.051912307739258,109.0,19.245820236596508,109.88844908469093,2554.6328125,53.0,0.22943836450576782,4.0,2.0,0.6814610045398656,15.17408561706543,38.0,"{""type"":""Point"",""coordinates"":[109.88783521082392,19.245441727774125]}"
611,0.0,22.0,148.0,11.482365608215332,72.0,19.546755856776542,109.73573548639064,2359.874267578125,54.0,0.4060998857021332,4.0,3.0,0.7117465265828132,14.632206916809082,36.0,"{""type"":""Point"",""coordinates"":[109.73681942700112,19.545639534983223]}"
612,0.0,27.0,14.0,6.108215808868408,15.0,20.07676187440706,110.66100022903373,1866.68798828125,47.0,0.29361197352409363,2.0,4.0,0.7173428345801812,13.672123908996582,44.0,"{""type"":""Point"",""coordinates"":[110.65993095442522,20.074696485496997]}"
613,0.0,24.0,96.0,15.583977699279785,64.0,19.18742974312874,110.09506160003843,2579.90234375,51.0,0.6180532574653625,4.0,2.0,0.7182146882025778,14.24411392211914,40.0,"{""type"":""Point"",""coordinates"":[110.09397207781377,19.187497849423842]}"
614,0.0,22.0,10.0,4.380397796630859,6.0,19.254803389437704,108.83742020227112,1614.8814697265625,52.0,0.06075863167643547,2.0,2.0,0.7218939305406314,16.61444664001465,42.0,"{""type"":""Point"",""coordinates"":[108.83914745741916,19.255240763587892]}"
615,0.0,29.0,300.0,28.58481788635254,298.0,18.760729983171963,108.79699601448573,1405.4683837890625,48.0,13.226994514465332,6.0,1.0,0.5383631605773734,11.03126049041748,45.0,"{""type"":""Point"",""coordinates"":[108.79888333858565,18.761423754991483]}"
616,0.0,29.0,225.0,24.177644729614258,120.0,19.138022402502166,109.88395750827033,2409.646240234375,40.0,1.900922417640686,4.0,2.0,0.6413314746973329,13.039166450500488,43.0,"{""type"":""Point"",""coordinates"":[109.88348309794445,19.138563795938484]}"
617,0.0,32.0,28.0,23.540081024169922,28.0,19.80277571275061,109.42581671336939,1784.7108154296875,39.0,4.0779128074646,5.0,4.0,0.7304228400141276,12.395938873291016,34.0,"{""type"":""Point"",""coordinates"":[109.42392025519823,19.803274667702862]}"
618,0.0,27.0,310.0,69.57678985595703,227.0,19.26827811869949,109.83005859122318,2533.9541015625,51.0,10.271387100219727,4.0,2.0,0.6352235917113711,11.284442901611328,38.0,"{""type"":""Point"",""coordinates"":[109.82913225997282,19.268078379308598]}"
619,0.0,24.0,76.0,24.17850685119629,68.0,19.34912649427025,110.3645561852743,2742.490966796875,50.0,1.217043161392212,5.0,3.0,0.7135972623168149,13.578402519226074,40.0,"{""type"":""Point"",""coordinates"":[110.36253390128702,19.34832925946615]}"
620,0.0,23.0,43.0,15.269185066223145,31.0,19.079631909034397,110.26574150402115,2629.15380859375,49.0,0.49890854954719543,4.0,2.0,0.7375354686410003,14.48978328704834,45.0,"{""type"":""Point"",""coordinates"":[110.26368445834652,19.079636545309608]}"
621,0.0,22.0,19.0,12.33543586730957,19.0,19.703961031497464,109.32700203211624,1957.590576171875,53.0,1.0277982950210571,2.0,3.0,0.7638932775943247,13.780895233154297,33.0,"{""type"":""Point"",""coordinates"":[109.32864034456206,19.705291648751803]}"
622,0.0,29.0,255.0,61.82228469848633,150.0,18.949376192837065,109.93336484889693,2397.8076171875,44.0,9.212865829467773,5.0,2.0,0.5997365894070826,11.432758331298828,46.0,"{""type"":""Point"",""coordinates"":[109.93130910711743,18.948611637658466]}"
623,0.0,25.0,45.0,18.078269958496094,43.0,19.007766686304834,110.3735393381155,2544.531982421875,47.0,0.8785154223442078,5.0,2.0,0.7465005991484635,13.922748565673828,39.0,"{""type"":""Point"",""coordinates"":[110.37283083537484,19.00986807011565]}"
624,0.0,24.0,26.0,2.9783713817596436,26.0,19.039207721249014,108.68021502755016,1113.82666015625,54.0,0.4026876986026764,2.0,2.0,0.6583331495100251,14.713951110839844,44.0,"{""type"":""Point"",""coordinates"":[108.68168689510723,19.039624162323985]}"
625,0.0,25.0,29.0,13.148763656616211,31.0,19.0706487561932,110.42743825516266,2563.419189453125,48.0,0.3804243505001068,3.0,2.0,0.762831274455833,14.769087791442871,39.0,"{""type"":""Point"",""coordinates"":[110.42683599165503,19.072420399616153]}"
626,0.0,30.0,106.0,31.725343704223633,51.0,19.41200856415862,109.93336484889693,2625.982177734375,38.0,2.217135429382324,3.0,3.0,0.7338952681807084,12.960200309753418,38.0,"{""type"":""Point"",""coordinates"":[109.93526235203566,19.414025135343664]}"
627,0.0,31.0,34.0,10.890329360961914,34.0,19.88811566474196,110.46337086652744,2247.267578125,41.0,0.6327850818634033,6.0,4.0,0.7417747585141904,13.57458782196045,39.0,"{""type"":""Point"",""coordinates"":[110.46137584568567,19.88914503224463]}"
628,0.0,25.0,25.0,13.41037368774414,26.0,19.501840092570568,110.76879806312809,2180.337890625,48.0,1.0215113162994385,6.0,3.0,0.7589012349257924,13.352291107177734,36.0,"{""type"":""Point"",""coordinates"":[110.77096177473209,19.502804760197055]}"
629,0.0,23.0,173.0,8.578330993652344,44.0,18.702339489704194,109.13386424603056,1839.9287109375,56.0,0.6685672402381897,3.0,1.0,0.6729200033528253,14.117932319641113,44.0,"{""type"":""Point"",""coordinates"":[109.13599231172014,18.700686600666174]}"
630,0.0,24.0,223.0,27.805320739746094,83.0,18.697847913283596,109.26861153864849,1983.006103515625,55.0,4.3866472244262695,4.0,1.0,0.6226198163090586,12.202659606933594,44.0,"{""type"":""Point"",""coordinates"":[109.2679596506653,18.69609250572226]}"
631,0.0,24.0,24.0,11.199031829833984,27.0,18.949376192837065,110.43642140800387,2247.576416015625,48.0,0.4633064866065979,3.0,2.0,0.7394276353962793,14.555594444274902,41.0,"{""type"":""Point"",""coordinates"":[110.43624171245128,18.949612872964163]}"
632,0.0,24.0,88.0,12.492395401000977,44.0,19.6320958087679,109.6414123815581,2119.721435546875,54.0,0.863205075263977,3.0,3.0,0.7385321429306783,13.91481876373291,34.0,"{""type"":""Point"",""coordinates"":[109.64181991866755,19.63322663511623]}"
633,0.0,34.0,566.0,41.62025833129883,393.0,19.007766686304834,109.31801887927503,1934.7886962890625,37.0,11.603145599365234,4.0,2.0,0.5675820974286518,10.96407413482666,42.0,"{""type"":""Point"",""coordinates"":[109.31932854791964,19.00690572407798]}"
634,0.0,23.0,9.0,3.1287379264831543,9.0,19.039207721249014,108.64428241618543,1036.50244140625,54.0,0.6299464702606201,2.0,2.0,0.6684593307540797,14.27625560760498,45.0,"{""type"":""Point"",""coordinates"":[108.6425691441996,19.03731725856359]}"
635,0.0,26.0,119.0,14.826581954956055,105.0,19.120056096819773,108.94970961278602,1652.5684814453125,47.0,2.4696853160858154,4.0,2.0,0.6151484797565813,12.84427547454834,40.0,"{""type"":""Point"",""coordinates"":[108.95045515069383,19.117825461334217]}"
636,0.0,28.0,32.0,5.6685357093811035,33.0,19.874640935480173,109.65039553439925,1796.272705078125,40.0,0.1299256831407547,3.0,4.0,0.7375721575800038,15.841682434082031,34.0,"{""type"":""Point"",""coordinates"":[109.65140260985007,19.873171983499947]}"
637,0.0,25.0,39.0,23.755891799926758,39.0,18.401403869524152,109.14733897529231,1735.9261474609375,55.0,4.657138347625732,2.0,1.0,0.6752542842272459,12.256206512451172,42.0,"{""type"":""Point"",""coordinates"":[109.14717860580994,18.402580467474568]}"
638,0.0,22.0,126.0,14.398368835449219,109.0,19.29522757722308,109.03504956477741,1892.41015625,57.0,1.6409265995025635,4.0,3.0,0.6316628956862123,13.24915599822998,40.0,"{""type"":""Point"",""coordinates"":[109.03487704672229,19.294572163200463]}"
639,0.0,31.0,104.0,15.424909591674805,102.0,19.52429797467356,110.60710131198658,2361.493896484375,43.0,1.1492308378219604,4.0,3.0,0.6807404294155068,13.161441802978516,36.0,"{""type"":""Point"",""coordinates"":[110.60908821112835,19.525213373913882]}"
640,0.0,25.0,15.0,6.435783863067627,14.0,19.77582625422702,110.81820540375463,1854.6361083984375,51.0,0.3441552519798279,5.0,4.0,0.7196729055573852,13.921751022338867,44.0,"{""type"":""Point"",""coordinates"":[110.81755588286262,19.774522025243883]}"
641,0.0,23.0,10.0,7.658907890319824,11.0,19.96896404031272,110.6834581111367,1959.989013671875,52.0,0.5610964298248291,6.0,4.0,0.7208625373319683,13.035665512084961,46.0,"{""type"":""Point"",""coordinates"":[110.68507183078732,19.967803259709694]}"
642,0.0,25.0,19.0,6.572692394256592,16.0,19.789300983488815,110.81371382733403,1854.6361083984375,50.0,0.3702249228954315,5.0,4.0,0.72599786498033,13.842724800109863,42.0,"{""type"":""Point"",""coordinates"":[110.81392387409733,19.789865222098783]}"
643,0.0,25.0,113.0,60.68540954589844,113.0,18.49123539793611,109.87497435542917,2241.07861328125,54.0,10.270607948303223,3.0,1.0,0.6038757300274497,11.412575721740723,44.0,"{""type"":""Point"",""coordinates"":[109.87450117026812,18.491378313006315]}"
644,0.0,22.0,69.0,27.722625732421875,69.0,18.365471258159374,109.36293464348103,1997.7294921875,56.0,3.865938663482666,3.0,1.0,0.6713759580013233,12.425421714782715,39.0,"{""type"":""Point"",""coordinates"":[109.3638125447629,18.363241211189813]}"
645,0.0,28.0,368.0,36.525081634521484,223.0,18.76971313601316,109.30454415001327,1966.16455078125,50.0,7.8045196533203125,4.0,1.0,0.5744749084160294,11.52263069152832,46.0,"{""type"":""Point"",""coordinates"":[109.30403398730657,18.77079330058898]}"
646,0.0,19.0,51.0,6.458255767822266,49.0,19.084123485454995,108.78801286164452,1364.5877685546875,60.0,1.0407884120941162,3.0,2.0,0.6584386739329222,13.74969482421875,41.0,"{""type"":""Point"",""coordinates"":[108.78987990316298,19.084661624538672]}"
647,0.0,29.0,18.0,17.951553344726562,18.0,18.23521554196204,109.52912297104314,1946.5057373046875,43.0,2.073420524597168,4.0,0.0,0.7309224255684376,13.079361915588379,40.0,"{""type"":""Point"",""coordinates"":[109.52696345274175,18.234937603021415]}"
648,0.0,26.0,35.0,15.514395713806152,35.0,19.614129503085508,109.35844306706042,2061.081298828125,48.0,1.3713445663452148,2.0,3.0,0.7366281329072932,13.483162879943848,36.0,"{""type"":""Point"",""coordinates"":[109.3600678107888,19.61536536486375]}"
649,0.0,27.0,675.0,16.890918731689453,654.0,18.68437318402181,108.88233596647706,1514.674072265625,49.0,5.602461338043213,6.0,1.0,0.5389363136318271,11.606346130371094,46.0,"{""type"":""Point"",""coordinates"":[108.88053506457662,18.68308212439745]}"
650,0.0,28.0,47.0,15.324933052062988,48.0,19.52429797467356,110.6789665347161,2346.40771484375,44.0,1.0639945268630981,5.0,3.0,0.7465233479306222,13.291732788085938,35.0,"{""type"":""Point"",""coordinates"":[110.68009233199302,19.525115958096187]}"
651,0.0,28.0,498.0,26.701221466064453,495.0,18.670898454760014,108.83292862585051,1557.253173828125,48.0,9.907102584838867,4.0,1.0,0.5426447363189911,11.181617736816406,45.0,"{""type"":""Point"",""coordinates"":[108.83271811174282,18.669503737529386]}"
652,0.0,27.0,765.0,39.707176208496094,532.0,18.926918310734074,109.67285341650228,2229.59228515625,46.0,7.979576110839844,5.0,2.0,0.579164406065315,11.162101745605469,43.0,"{""type"":""Point"",""coordinates"":[109.67414923909355,18.926108230576418]}"
653,0.0,22.0,130.0,15.865272521972656,75.0,19.470399057626388,109.83005859122318,2502.787841796875,54.0,0.7300291061401367,3.0,3.0,0.7158315816028171,14.056843757629395,36.0,"{""type"":""Point"",""coordinates"":[109.83210500923404,19.4701238981163]}"
654,0.0,29.0,58.0,10.755928039550781,47.0,19.793792559909413,110.12650263498261,2463.69091796875,40.0,0.2505006194114685,4.0,4.0,0.7698116974548337,14.892834663391113,32.0,"{""type"":""Point"",""coordinates"":[110.12766643646313,19.792359770994413]}"
655,0.0,40.0,534.0,34.97923278808594,491.0,18.5092017036185,109.54259770030495,2124.04052734375,32.0,6.680537223815918,9.0,1.0,0.5852403589327636,11.552033424377441,45.0,"{""type"":""Point"",""coordinates"":[109.54407626317004,18.50969764368812]}"
656,0.0,28.0,243.0,47.05860900878906,234.0,19.250311813017106,110.28370780970351,2804.257080078125,51.0,4.004146575927734,4.0,2.0,0.6594705647734147,12.281054496765137,39.0,"{""type"":""Point"",""coordinates"":[110.283401169125,19.24944142191887]}"
657,0.0,20.0,102.0,15.738402366638184,86.0,19.290736000802482,109.00810010625383,1892.41015625,61.0,1.9089604616165161,3.0,3.0,0.6469995949998122,13.11241340637207,40.0,"{""type"":""Point"",""coordinates"":[109.00707237370042,19.28938817194448]}"
658,0.0,26.0,28.0,15.752169609069824,29.0,19.223362354493517,110.5307445128364,2638.7158203125,48.0,0.5767872333526611,3.0,2.0,0.7663099196487173,14.334135055541992,39.0,"{""type"":""Point"",""coordinates"":[110.52962008220403,19.223522665876125]}"
659,0.0,25.0,145.0,28.572656631469727,40.0,18.895477275789894,110.0007384952059,2379.224853515625,51.0,2.5908496379852295,4.0,2.0,0.6994894711116842,12.780268669128418,45.0,"{""type"":""Point"",""coordinates"":[110.00246619120364,18.89657627004691]}"
660,0.0,26.0,50.0,12.982749938964844,45.0,18.922426734313476,110.30167411538594,2354.170166015625,45.0,0.563515841960907,6.0,2.0,0.708203193548595,14.363899230957031,45.0,"{""type"":""Point"",""coordinates"":[110.30327463926541,18.92307999404724]}"
661,0.0,25.0,225.0,18.989580154418945,124.0,19.322177035746662,109.36742621990163,2179.60693359375,55.0,1.8574784994125366,5.0,3.0,0.6557990964770357,13.062301635742188,37.0,"{""type"":""Point"",""coordinates"":[109.36873848465828,19.320196630498433]}"
662,0.0,27.0,548.0,43.82365798950195,343.0,19.034716144828415,109.56954715882853,2268.895751953125,47.0,7.461103439331055,6.0,2.0,0.6049806436370925,11.428838729858398,41.0,"{""type"":""Point"",""coordinates"":[109.56934603243542,19.034182195890466]}"
663,0.0,29.0,349.0,32.84953308105469,171.0,19.15598870818455,109.53361454746374,2236.683349609375,39.0,4.072875022888184,4.0,2.0,0.6468216022575981,12.191144943237305,36.0,"{""type"":""Point"",""coordinates"":[109.53503002843968,19.155494147850145]}"
664,0.0,31.0,23.0,9.361143112182617,24.0,19.838708324115387,109.26411996222788,1759.704833984375,38.0,0.8910039067268372,3.0,4.0,0.7476150958313492,13.921436309814453,33.0,"{""type"":""Point"",""coordinates"":[109.2655656379678,19.838072325946893]}"
665,0.0,25.0,54.0,14.6512451171875,43.0,18.56759219708627,109.69081972218464,2216.47314453125,43.0,0.9078224301338196,4.0,1.0,0.6989762827898366,13.884641647338867,45.0,"{""type"":""Point"",""coordinates"":[109.6898986827914,18.568090343538014]}"
666,0.0,27.0,322.0,19.118410110473633,319.0,18.513693280039092,109.03954114119801,1721.8233642578125,51.0,3.8349828720092773,4.0,1.0,0.5714566549828635,12.27058219909668,47.0,"{""type"":""Point"",""coordinates"":[109.04110452251584,18.51576325755096]}"
667,0.0,26.0,126.0,13.720555305480957,67.0,19.232345507334713,110.03217953015007,2693.70263671875,45.0,0.3246898055076599,3.0,2.0,0.7191122474215964,14.8695650100708,39.0,"{""type"":""Point"",""coordinates"":[110.0307747265539,19.231731189044396]}"
668,0.0,23.0,154.0,45.08997344970703,89.0,19.33116018858786,110.20285943413279,2826.0595703125,52.0,3.2093498706817627,4.0,3.0,0.6840309941880499,12.560205459594727,38.0,"{""type"":""Point"",""coordinates"":[110.20376420817573,19.330927982564305]}"
669,0.0,29.0,6.0,8.60489273071289,8.0,19.60514635024431,110.89456220290481,1907.5252685546875,41.0,0.7982341051101685,5.0,3.0,0.7418900171750646,13.093771934509277,41.0,"{""type"":""Point"",""coordinates"":[110.89294859815935,19.604451371761225]}"
670,0.0,26.0,690.0,15.659039497375488,614.0,18.751746830330767,108.93174330710366,1545.0684814453125,49.0,4.568141937255859,6.0,1.0,0.5427142093954722,11.797492980957031,46.0,"{""type"":""Point"",""coordinates"":[108.93342227243046,18.750520043907496]}"
671,0.0,25.0,87.0,13.888845443725586,81.0,19.51980639825296,109.2371705037043,2056.531494140625,50.0,1.148074746131897,3.0,3.0,0.6836795473018455,13.630171775817871,36.0,"{""type"":""Point"",""coordinates"":[109.237723917091,19.521093608361692]}"
672,0.0,25.0,107.0,17.48417854309082,73.0,19.200904472390526,110.09057002361783,2649.877685546875,51.0,0.7488600015640259,4.0,2.0,0.708031022095638,14.045454025268555,40.0,"{""type"":""Point"",""coordinates"":[110.090922864745,19.203008471864017]}"
673,0.0,27.0,599.0,53.28258514404297,594.0,18.482252245094912,109.2371705037043,1971.9754638671875,50.0,17.333972930908203,5.0,1.0,0.5429505683608824,10.517087936401367,44.0,"{""type"":""Point"",""coordinates"":[109.2391710756128,18.480587555714763]}"
675,0.0,23.0,16.0,5.605276584625244,19.0,18.51818485645969,108.82843704942991,1407.3258056640625,49.0,0.648430347442627,2.0,1.0,0.6925438020907452,14.243309020996094,42.0,"{""type"":""Point"",""coordinates"":[108.8270703911379,18.519083537841627]}"
676,0.0,32.0,70.0,6.526077747344971,69.0,19.793792559909413,109.67285341650228,1990.9432373046875,40.0,0.1299111247062683,3.0,4.0,0.7026082033317186,15.819454193115234,35.0,"{""type"":""Point"",""coordinates"":[109.67471035227891,19.794285336004865]}"
677,0.0,29.0,28.0,14.872450828552246,29.0,19.35361807069085,110.64752549977192,2422.916015625,49.0,0.8936489224433899,5.0,3.0,0.7607178573777202,13.63942813873291,38.0,"{""type"":""Point"",""coordinates"":[110.64775493166171,19.353837732301656]}"
678,0.0,22.0,129.0,14.75429916381836,107.0,19.209887625231723,109.08445690540395,1916.3985595703125,49.0,1.5117418766021729,3.0,2.0,0.636902064417806,13.32934856414795,39.0,"{""type"":""Point"",""coordinates"":[109.08607619544438,19.20919360558915]}"
679,0.0,28.0,544.0,67.69123840332031,500.0,18.608016384871647,109.37191779632224,2157.947509765625,49.0,19.000673294067383,5.0,1.0,0.5416192727751796,10.46543025970459,46.0,"{""type"":""Point"",""coordinates"":[109.37272616526822,18.608132137522205]}"
680,0.0,29.0,14.0,18.390472412109375,14.0,19.317685459326064,110.65650865261313,2391.11083984375,38.0,1.308423399925232,4.0,3.0,0.7737387850651669,13.20226001739502,38.0,"{""type"":""Point"",""coordinates"":[110.65662016635697,19.316173391217934]}"
681,0.0,29.0,226.0,11.06927490234375,123.0,19.456924328364593,109.69980287502585,2363.30517578125,43.0,0.38099557161331177,4.0,3.0,0.6806306195534985,14.646169662475586,35.0,"{""type"":""Point"",""coordinates"":[109.70178321286751,19.458317884925616]}"
682,0.0,32.0,79.0,7.461003303527832,79.0,19.789300983488815,109.61895449945507,1944.1265869140625,43.0,0.3500160872936249,5.0,4.0,0.6976707586449816,14.822949409484863,33.0,"{""type"":""Point"",""coordinates"":[109.6175123726899,19.788086106929374]}"
683,0.0,26.0,278.0,26.846359252929688,154.0,18.74725525391017,108.99013380057141,1664.702392578125,49.0,6.830465316772461,6.0,1.0,0.594125733024452,11.7204008102417,40.0,"{""type"":""Point"",""coordinates"":[108.99117646641227,18.74858958627627]}"
684,0.0,24.0,184.0,23.577939987182617,78.0,19.0751403326138,109.90641539037335,2456.61181640625,50.0,1.6959283351898193,3.0,2.0,0.6755490209686408,13.179845809936523,42.0,"{""type"":""Point"",""coordinates"":[109.90618967557862,19.07606231580884]}"
685,0.0,21.0,129.0,13.32473373413086,55.0,19.560230586038337,109.69980287502585,2251.549560546875,56.0,0.7527174949645996,3.0,3.0,0.7320044380378609,14.026851654052734,34.0,"{""type"":""Point"",""coordinates"":[109.70067242590619,19.559745975327623]}"
686,0.0,29.0,218.0,55.874393463134766,215.0,18.855053088004517,110.27921623328291,2483.689697265625,48.0,7.211557865142822,3.0,2.0,0.6121036818885499,11.705460548400879,46.0,"{""type"":""Point"",""coordinates"":[110.28063816529999,18.856308300502473]}"
687,0.0,26.0,729.0,34.5998649597168,671.0,18.805645747377937,109.7492102156524,2239.583984375,46.0,5.818195819854736,5.0,1.0,0.5840306631231669,11.516871452331543,44.0,"{""type"":""Point"",""coordinates"":[109.75102061762165,18.80693588109704]}"
688,0.0,28.0,305.0,30.153640747070312,305.0,18.43284490446834,109.13835582245116,1735.9261474609375,47.0,7.574394226074219,5.0,1.0,0.584654151898664,11.597436904907227,42.0,"{""type"":""Point"",""coordinates"":[109.1369038329943,18.4337093094629]}"
689,0.0,26.0,182.0,38.512046813964844,182.0,18.343013376056383,109.24615365654546,1759.8089599609375,53.0,10.35573673248291,5.0,0.0,0.5983293896344561,11.361129760742188,39.0,"{""type"":""Point"",""coordinates"":[109.24710747043127,18.342937969624142]}"
690,0.0,24.0,47.0,11.793704986572266,40.0,19.650062114450293,109.46174932473417,1992.7899169921875,53.0,0.935687780380249,3.0,3.0,0.7420929059100013,13.858516693115234,33.0,"{""type"":""Point"",""coordinates"":[109.46249471901872,19.64941053548119]}"
691,0.0,24.0,20.0,7.458956718444824,21.0,19.924048276106745,110.75532333386627,1951.239013671875,53.0,0.570999264717102,5.0,4.0,0.6945399292047638,12.995645523071289,49.0,"{""type"":""Point"",""coordinates"":[110.75347283330447,19.92440148823883]}"
692,0.0,32.0,80.0,20.24144172668457,81.0,19.928539852527344,110.08607844719722,2271.869140625,37.0,1.9123278856277466,3.0,4.0,0.6985498022513927,12.842572212219238,35.0,"{""type"":""Point"",""coordinates"":[110.0864355926631,19.928026862125776]}"
693,0.0,24.0,231.0,25.145505905151367,110.0,19.0751403326138,109.843533320485,2387.607666015625,52.0,2.135035753250122,4.0,2.0,0.6432519966443486,12.918989181518555,42.0,"{""type"":""Point"",""coordinates"":[109.84206596189274,19.076626786849364]}"
694,0.0,28.0,335.0,14.092259407043457,226.0,19.21887077807292,109.25064523296606,2021.8634033203125,49.0,1.4276142120361328,4.0,2.0,0.6406806588190883,13.250897407531738,37.0,"{""type"":""Point"",""coordinates"":[109.25197657879806,19.219843700265894]}"
695,0.0,27.0,686.0,48.63340377807617,473.0,18.868527817266305,109.60997134661392,2159.12646484375,49.0,12.085458755493164,4.0,2.0,0.562384434971744,10.81549072265625,44.0,"{""type"":""Point"",""coordinates"":[109.61120147461033,18.86750545557839]}"
696,0.0,30.0,447.0,55.63037109375,331.0,19.196412895969935,109.24166208012491,1992.6253662109375,45.0,15.817944526672363,8.0,2.0,0.5857184067964831,10.737757682800293,38.0,"{""type"":""Point"",""coordinates"":[109.24114005802294,19.19662995609509]}"
697,0.0,28.0,415.0,28.48675537109375,399.0,19.21887077807292,109.0260664119362,1909.794921875,46.0,5.540176868438721,4.0,2.0,0.5932491046089263,11.833846092224121,42.0,"{""type"":""Point"",""coordinates"":[109.02667052679091,19.21818224936344]}"
699,0.0,27.0,352.0,30.454303741455078,255.0,19.223362354493517,109.90641539037335,2647.961669921875,51.0,2.3984150886535645,4.0,2.0,0.6692856729679515,12.719647407531738,37.0,"{""type"":""Point"",""coordinates"":[109.90705354860276,19.222060143831033]}"
700,0.0,27.0,360.0,12.092734336853027,301.0,19.147005555343355,109.96480588384111,2640.814208984375,46.0,0.2495552897453308,4.0,2.0,0.6559557990856553,14.977376937866211,42.0,"{""type"":""Point"",""coordinates"":[109.96470645112356,19.1454541588289]}"
701,0.0,27.0,208.0,24.666467666625977,208.0,18.43284490446834,109.0305579883568,1751.53759765625,45.0,4.864165782928467,4.0,1.0,0.5987760319265711,12.108642578125,42.0,"{""type"":""Point"",""coordinates"":[109.03253372619815,18.434041154700434]}"
702,0.0,27.0,296.0,47.74812316894531,177.0,19.29522757722308,109.44827459547236,2248.090576171875,51.0,7.7584452629089355,4.0,3.0,0.6294975014261619,11.579339981079102,38.0,"{""type"":""Point"",""coordinates"":[109.44736100329123,19.29744248766595]}"
703,0.0,29.0,462.0,40.21321487426758,436.0,18.751746830330767,110.07260371793546,2357.0302734375,45.0,5.503427028656006,4.0,1.0,0.5932176286911357,11.804756164550781,47.0,"{""type"":""Point"",""coordinates"":[110.07128151759603,18.753679729182846]}"
704,0.0,22.0,57.0,18.469741821289062,36.0,19.515314821832362,110.27921623328291,2647.39013671875,52.0,0.7845209240913391,4.0,3.0,0.7608103759984655,14.02886962890625,38.0,"{""type"":""Point"",""coordinates"":[110.27953229349369,19.515766760671188]}"
705,0.0,30.0,2.0,7.128512382507324,3.0,20.000405075256907,110.1579436699268,1960.414306640625,43.0,0.2932208776473999,4.0,4.0,0.7695693112226638,14.57339859008789,37.0,"{""type"":""Point"",""coordinates"":[110.15924064481523,20.001093066409428]}"
706,0.0,36.0,917.0,18.808130264282227,768.0,18.908952005051688,109.25064523296606,1832.286376953125,38.0,4.946491241455078,5.0,2.0,0.5485010788630187,11.477076530456543,45.0,"{""type"":""Point"",""coordinates"":[109.25122442093432,18.910718124046827]}"
707,0.0,22.0,148.0,7.696395397186279,129.0,18.563100620665672,109.07996532898335,1801.3966064453125,57.0,0.5457351207733154,2.0,1.0,0.5962876672553613,14.33665943145752,47.0,"{""type"":""Point"",""coordinates"":[109.07923570419771,18.56509876349847]}"
708,0.0,22.0,59.0,14.769787788391113,59.0,19.838708324115387,110.06362056509425,2346.8359375,53.0,0.877400279045105,4.0,4.0,0.7378746042376687,13.638482093811035,34.0,"{""type"":""Point"",""coordinates"":[110.06487936874139,19.838970040503074]}"
709,0.0,28.0,799.0,29.426368713378906,628.0,18.661915301918818,109.47073247757538,2018.751708984375,47.0,6.822732448577881,6.0,1.0,0.5610436741610598,11.28542423248291,45.0,"{""type"":""Point"",""coordinates"":[109.46958503007806,18.660637504471264]}"
710,0.0,25.0,44.0,13.996935844421387,44.0,18.554117467824476,109.93785642531753,2198.40478515625,46.0,0.8741124868392944,4.0,1.0,0.6931513218430604,13.928359031677246,46.0,"{""type"":""Point"",""coordinates"":[109.9377099064577,18.552069709790715]}"
711,0.0,26.0,128.0,13.517107963562012,128.0,19.362601223532046,108.85538650795348,1637.2177734375,55.0,2.4160566329956055,6.0,3.0,0.6066613525744314,12.860730171203613,42.0,"{""type"":""Point"",""coordinates"":[108.85458782859622,19.362425698423685]}"
712,0.0,31.0,142.0,15.258158683776855,111.0,19.33116018858786,110.24328362191818,2826.0595703125,37.0,0.3649963438510895,3.0,3.0,0.6899056033834421,14.742655754089355,37.0,"{""type"":""Point"",""coordinates"":[110.24546231819427,19.3313435166715]}"
713,0.0,28.0,940.0,34.49260711669922,786.0,18.724797371807185,109.35395149063982,2131.292236328125,48.0,9.193203926086426,8.0,1.0,0.5537895418542176,10.823214530944824,45.0,"{""type"":""Point"",""coordinates"":[109.35246847388665,18.723186804676686]}"
714,0.0,29.0,65.0,9.178445816040039,65.0,19.55573900961774,109.22369577444249,2046.3929443359375,47.0,0.4903239905834198,3.0,3.0,0.7048603481289343,14.494183540344238,36.0,"{""type"":""Point"",""coordinates"":[109.22555430513515,19.55668405904054]}"
715,0.0,22.0,14.0,4.293089389801025,14.0,18.76522155959256,108.72063921533555,1293.01611328125,53.0,0.49354588985443115,2.0,1.0,0.678507355319159,14.517416954040527,45.0,"{""type"":""Point"",""coordinates"":[108.71954581370233,18.76392902846981]}"
716,0.0,23.0,18.0,4.4075798988342285,20.0,19.708452607918062,110.96193584921377,1601.9237060546875,53.0,0.1720791757106781,2.0,3.0,0.686986003660664,14.199654579162598,46.0,"{""type"":""Point"",""coordinates"":[110.96221636522299,19.70821731238836]}"
717,0.0,22.0,13.0,7.368049144744873,16.0,18.338521799635792,109.71327760428761,1953.5975341796875,52.0,0.2484264075756073,2.0,0.0,0.7348231826060263,15.204480171203613,41.0,"{""type"":""Point"",""coordinates"":[109.71158528589348,18.340035251013784]}"
718,0.0,20.0,75.0,14.701321601867676,59.0,19.277261271540688,109.01259168267438,1892.41015625,61.0,1.6904672384262085,2.0,2.0,0.678695472645767,13.25027847290039,40.0,"{""type"":""Point"",""coordinates"":[109.01097173458844,19.276969620199882]}"
719,0.0,30.0,241.0,36.64788818359375,117.0,18.79666259453675,109.08894848182456,1808.7734375,40.0,8.61427116394043,4.0,1.0,0.6016833459190357,11.510343551635742,39.0,"{""type"":""Point"",""coordinates"":[109.08939093129666,18.79766029790295]}"
720,0.0,20.0,120.0,14.317512512207031,104.0,19.55124743319714,109.46624090115478,2160.47705078125,55.0,0.9805492162704468,4.0,3.0,0.668006914913117,13.767918586730957,36.0,"{""type"":""Point"",""coordinates"":[109.46524407732318,19.55239461614564]}"
721,0.0,25.0,1095.0,30.845638275146484,1060.0,18.74725525391017,109.89743223753214,2037.688720703125,48.0,10.289437294006348,6.0,1.0,0.5261769677614917,10.496546745300293,47.0,"{""type"":""Point"",""coordinates"":[109.89956851241611,18.748606176788435]}"
722,0.0,34.0,610.0,42.38310241699219,458.0,18.980817227781245,109.20572946876013,1848.5914306640625,37.0,14.334988594055176,7.0,2.0,0.5637415237754743,10.70746898651123,40.0,"{""type"":""Point"",""coordinates"":[109.20451767705062,18.981933872317963]}"
723,0.0,24.0,92.0,7.7687201499938965,57.0,19.71294418433866,109.72226075712882,2118.572265625,51.0,0.1720791757106781,3.0,3.0,0.7354149175162906,15.525182723999023,32.0,"{""type"":""Point"",""coordinates"":[109.72023819781985,19.714586704176032]}"
724,0.0,28.0,495.0,38.34025192260742,315.0,18.886494122948697,109.50666508894017,2044.4984130859375,47.0,7.963800430297852,5.0,2.0,0.5758593518084241,11.405920028686523,45.0,"{""type"":""Point"",""coordinates"":[109.5076036699769,18.885760348545617]}"
725,0.0,27.0,100.0,63.798683166503906,81.0,19.10208979113738,110.13997736424443,2666.292724609375,51.0,6.795830726623535,4.0,2.0,0.6565735501027697,11.839539527893066,44.0,"{""type"":""Point"",""coordinates"":[110.13929509380682,19.1013356462142]}"
726,0.0,25.0,220.0,17.23323631286621,208.0,18.99429195704304,108.83292862585051,1443.809814453125,54.0,5.047677516937256,4.0,2.0,0.5802384642983388,12.063621520996094,42.0,"{""type"":""Point"",""coordinates"":[108.83400456370818,18.992075762838695]}"
727,0.0,24.0,185.0,16.63078498840332,88.0,19.245820236596508,109.798617556279,2643.97607421875,55.0,0.7140254378318787,3.0,2.0,0.703862232012554,14.044515609741211,36.0,"{""type"":""Point"",""coordinates"":[109.7970389129277,19.24497821326807]}"
728,0.0,26.0,10.0,5.183546543121338,10.0,18.37894598742117,109.16530528097474,1711.6767578125,45.0,0.12966853380203247,2.0,1.0,0.72752032548149,15.85637378692627,41.0,"{""type"":""Point"",""coordinates"":[109.16570754308057,18.379720657233825]}"
729,0.0,30.0,225.0,50.77674102783203,134.0,18.8820025465281,110.0097216480471,2379.224853515625,46.0,6.99349308013916,4.0,2.0,0.6120795661662152,11.731908798217773,45.0,"{""type"":""Point"",""coordinates"":[110.01188376863941,18.881018080770804]}"
730,0.0,32.0,427.0,70.41593933105469,242.0,19.10208979113738,109.51115666536077,2224.78759765625,39.0,16.244735717773438,6.0,2.0,0.5910185680801763,10.72490119934082,39.0,"{""type"":""Point"",""coordinates"":[109.51318099857042,19.10402162921838]}"
731,0.0,23.0,113.0,12.488493919372559,85.0,19.362601223532046,109.22369577444249,2049.355224609375,51.0,0.9183064699172974,4.0,3.0,0.6832508872379788,13.83779239654541,35.0,"{""type"":""Point"",""coordinates"":[109.22421621136351,19.36128502458624]}"
732,0.0,27.0,397.0,40.84280014038086,294.0,18.837086782322125,109.97378903668232,2278.518798828125,45.0,5.763225555419922,4.0,2.0,0.6004910930381313,11.807491302490234,45.0,"{""type"":""Point"",""coordinates"":[109.97480956224,18.838665409921038]}"
733,0.0,25.0,61.0,9.054990768432617,61.0,19.420991716999815,109.00360852983323,1919.5025634765625,51.0,0.6018981337547302,2.0,3.0,0.6918412793660025,14.29151725769043,38.0,"{""type"":""Point"",""coordinates"":[109.00428824782948,19.421851438820962]}"
734,0.0,24.0,31.0,6.100980281829834,32.0,19.89260724116256,110.88108747364299,1755.0247802734375,51.0,0.514360249042511,3.0,4.0,0.668486841593771,13.074739456176758,49.0,"{""type"":""Point"",""coordinates"":[110.88231893037612,19.894013075066706]}"
735,0.0,31.0,171.0,14.677425384521484,54.0,18.720305795386587,109.03954114119801,1799.907470703125,41.0,2.003206491470337,4.0,1.0,0.6599963267544939,13.021468162536621,43.0,"{""type"":""Point"",""coordinates"":[109.0406695276683,18.722095808018906]}"
736,0.0,27.0,508.0,39.03882598876953,442.0,18.787679441695552,109.99624691878529,2334.228271484375,47.0,5.4616804122924805,5.0,1.0,0.5989642769390865,11.776107788085938,45.0,"{""type"":""Point"",""coordinates"":[109.99606728096722,18.78960859488128]}"
737,0.0,30.0,254.0,34.11491394042969,199.0,18.922426734313476,108.93623488352426,1560.781982421875,42.0,12.062895774841309,5.0,2.0,0.5561390378159733,11.157633781433105,44.0,"{""type"":""Point"",""coordinates"":[108.93472989707166,18.92329228389785]}"
738,0.0,25.0,169.0,15.1469144821167,150.0,18.85056151158392,110.18489312845037,2396.410400390625,52.0,0.8340131640434265,3.0,2.0,0.6345383363129632,13.899324417114258,46.0,"{""type"":""Point"",""coordinates"":[110.18628350933831,18.851500155999542]}"
739,0.0,29.0,15.0,10.443964958190918,16.0,19.928539852527344,110.53523608925701,2211.53271484375,41.0,0.6496504545211792,5.0,4.0,0.7556141074134438,13.286377906799316,40.0,"{""type"":""Point"",""coordinates"":[110.5340449533409,19.930624003191994]}"
740,0.0,24.0,178.0,25.6029052734375,142.0,19.506331668991166,109.51115666536077,2197.6669921875,54.0,2.7937662601470947,4.0,3.0,0.6641818397152988,12.684003829956055,35.0,"{""type"":""Point"",""coordinates"":[109.51019524989172,19.5054514840836]}"
741,0.0,21.0,131.0,9.193997383117676,113.0,19.510823245411764,109.42132513694878,2098.60791015625,54.0,0.3695984184741974,3.0,3.0,0.6654151637224257,14.736934661865234,36.0,"{""type"":""Point"",""coordinates"":[109.42177422684904,19.508929092541745]}"
742,0.0,24.0,167.0,10.208598136901855,116.0,19.434466446261602,109.36293464348103,2200.729248046875,56.0,0.47471970319747925,4.0,3.0,0.6830857645692371,14.464159965515137,33.0,"{""type"":""Point"",""coordinates"":[109.36296588410583,19.435520397647597]}"
743,0.0,27.0,33.0,6.89042854309082,33.0,19.115564520399175,108.72962236817676,1346.7899169921875,47.0,1.2473143339157104,2.0,2.0,0.6704377690521819,13.5791597366333,42.0,"{""type"":""Point"",""coordinates"":[108.72975163212914,19.114797764382523]}"
744,0.0,30.0,509.0,36.889278411865234,468.0,18.62149111413344,109.2326789272837,1987.9049072265625,49.0,8.80650520324707,4.0,1.0,0.5645582242827472,11.292685508728027,46.0,"{""type"":""Point"",""coordinates"":[109.23260515010602,18.61935529542855]}"
745,0.0,29.0,48.0,30.675138473510742,48.0,18.253181847644434,109.52912297104314,1973.4442138671875,46.0,4.769093990325928,4.0,0.0,0.6923611061258451,12.227076530456543,39.0,"{""type"":""Point"",""coordinates"":[109.52806479049946,18.251268156694334]}"
746,0.0,39.0,99.0,7.871959686279297,98.0,19.79828413633001,109.81209228554076,2151.650634765625,37.0,0.25050732493400574,5.0,4.0,0.6794006962434557,15.14542007446289,35.0,"{""type"":""Point"",""coordinates"":[109.81136702501551,19.796711480430105]}"
747,0.0,31.0,240.0,25.02701759338379,116.0,18.76522155959256,109.06649059972159,1808.7734375,42.0,4.820664405822754,5.0,1.0,0.5966573835228007,12.096725463867188,43.0,"{""type"":""Point"",""coordinates"":[109.06557851514978,18.765023926666817]}"
748,0.0,27.0,52.0,10.012988090515137,49.0,19.80277571275061,110.28819938612412,2295.697265625,43.0,0.3116392493247986,6.0,4.0,0.7590854871636699,14.679108619689941,32.0,"{""type"":""Point"",""coordinates"":[110.28754388153654,19.80491868072973]}"
749,0.0,28.0,29.0,11.215909957885742,30.0,19.852183053377182,110.51277820715399,2266.86083984375,45.0,0.5768122673034668,4.0,4.0,0.7418772193178302,13.894949913024902,40.0,"{""type"":""Point"",""coordinates"":[110.51448855895403,19.851943889094528]}"
750,0.0,29.0,113.0,22.742565155029297,113.0,19.753368372124037,109.43030828978999,1908.0159912109375,46.0,3.3833706378936768,5.0,4.0,0.6680128367444502,12.532617568969727,31.0,"{""type"":""Point"",""coordinates"":[109.43153082537177,19.75255401869761]}"
751,0.0,24.0,20.0,11.998629570007324,23.0,18.873019393686903,110.3690477616949,2292.78466796875,51.0,0.5302691459655762,4.0,2.0,0.7206406757706911,14.44218635559082,47.0,"{""type"":""Point"",""coordinates"":[110.37023593146772,18.87136715524948]}"
752,0.0,28.0,716.0,40.98455047607422,568.0,18.724797371807185,109.33149360853685,2073.63134765625,50.0,10.846410751342773,9.0,1.0,0.5592734961904264,10.898054122924805,45.0,"{""type"":""Point"",""coordinates"":[109.33350012343499,18.722967702371687]}"
753,0.0,33.0,1173.0,40.794673919677734,935.0,18.908952005051688,109.71327760428761,2307.8974609375,39.0,14.516403198242188,12.0,2.0,0.5431716380509991,10.015111923217773,44.0,"{""type"":""Point"",""coordinates"":[109.713301499258,18.9088345658752]}"
754,0.0,29.0,38.0,11.218199729919434,36.0,19.8252335948536,110.33760672675072,2273.386962890625,42.0,0.5172385573387146,5.0,4.0,0.7581674003101851,14.1832275390625,35.0,"{""type"":""Point"",""coordinates"":[110.33799485617273,19.823796944621776]}"
755,0.0,26.0,180.0,17.27302360534668,75.0,19.434466446261602,109.66836184008167,2412.166015625,48.0,1.0402647256851196,3.0,3.0,0.7194057124061108,13.671330451965332,33.0,"{""type"":""Point"",""coordinates"":[109.66741918999136,19.43561691122577]}"
756,0.0,24.0,80.0,9.339399337768555,80.0,19.322177035746662,108.8733528136359,1681.9705810546875,57.0,1.1468051671981812,3.0,3.0,0.6497825029418449,13.63547420501709,39.0,"{""type"":""Point"",""coordinates"":[108.87347341432917,19.323498058507845]}"
757,0.0,26.0,24.0,6.5875563621521,23.0,18.504710127197903,108.94521803636547,1536.3499755859375,48.0,0.703772783279419,3.0,1.0,0.6781780140655462,14.156781196594238,46.0,"{""type"":""Point"",""coordinates"":[108.94353372783115,18.506324282670555]}"
758,0.0,24.0,26.0,5.939630031585693,21.0,19.259294965858295,108.85538650795348,1690.6983642578125,50.0,0.30916616320610046,2.0,2.0,0.7124042640500371,14.978240966796875,41.0,"{""type"":""Point"",""coordinates"":[108.85450470866036,19.259043152821267]}"
759,0.0,28.0,570.0,28.227598190307617,569.0,18.392420716682963,109.56505558240792,2153.88525390625,48.0,4.322227478027344,5.0,1.0,0.6025541255964662,11.960104942321777,42.0,"{""type"":""Point"",""coordinates"":[109.56366094193466,18.391527883163132]}"
760,0.0,27.0,704.0,30.200824737548828,528.0,18.675390031180612,109.47522405399599,2018.751708984375,49.0,6.531302452087402,5.0,1.0,0.5622701654096186,11.42449951171875,46.0,"{""type"":""Point"",""coordinates"":[109.47551622417501,18.67423714312439]}"
761,0.0,23.0,54.0,10.377348899841309,52.0,19.82972517127419,109.69980287502585,1871.874267578125,51.0,0.8591322898864746,4.0,4.0,0.7176636088812266,13.939775466918945,34.0,"{""type"":""Point"",""coordinates"":[109.70137083388781,19.83103920448165]}"
762,0.0,26.0,120.0,39.15403366088867,96.0,19.290736000802482,110.21184258697394,2755.386474609375,45.0,2.6966607570648193,4.0,3.0,0.6809369785369728,12.755620956420898,38.0,"{""type"":""Point"",""coordinates"":[110.21345510237872,19.292116570194718]}"
763,0.0,31.0,376.0,39.282432556152344,193.0,19.066157179772603,109.70878602786706,2287.968994140625,43.0,5.562921047210693,4.0,2.0,0.6209898455866651,11.858475685119629,41.0,"{""type"":""Point"",""coordinates"":[109.70759637428378,19.06432403155084]}"
764,0.0,30.0,180.0,14.19304370880127,51.0,18.82361205306033,109.1832715866571,1934.22998046875,41.0,1.5020536184310913,4.0,2.0,0.6635217806559802,13.303853988647461,45.0,"{""type"":""Point"",""coordinates"":[109.18534138894466,18.824578188242445]}"
765,0.0,25.0,339.0,28.58163070678711,164.0,19.043699297669612,109.76268494491421,2376.748046875,52.0,2.851954221725464,4.0,2.0,0.6333812296223815,12.555451393127441,42.0,"{""type"":""Point"",""coordinates"":[109.76125653407563,19.04346847619943]}"
766,0.0,28.0,109.0,20.075119018554688,60.0,19.46141590478519,110.0052300716265,2672.44677734375,46.0,0.9800123572349548,4.0,3.0,0.7389832764774247,13.77518367767334,36.0,"{""type"":""Point"",""coordinates"":[110.00440708683456,19.461650005699617]}"
767,0.0,23.0,35.0,7.263519287109375,37.0,19.726418913600448,110.89456220290481,1889.8294677734375,53.0,0.6120296716690063,3.0,3.0,0.7016172585360244,12.930793762207031,42.0,"{""type"":""Point"",""coordinates"":[110.89247000167352,19.725509661917503]}"
768,0.0,28.0,31.0,8.256756782531738,31.0,19.80277571275061,110.59362658272477,2196.447509765625,41.0,0.18255941569805145,6.0,4.0,0.7527420246599983,15.043584823608398,37.0,"{""type"":""Point"",""coordinates"":[110.59201765134497,19.80141978357123]}"
769,0.0,31.0,769.0,63.93197250366211,728.0,18.729288948227783,109.68183656934343,2432.957763671875,40.0,14.509906768798828,7.0,1.0,0.5492226174726572,10.544885635375977,48.0,"{""type"":""Point"",""coordinates"":[109.68154412055522,18.72899389220363]}"
770,0.0,24.0,57.0,55.26297378540039,60.0,18.20377450701786,109.58302188809029,2037.7022705078125,49.0,10.398520469665527,4.0,0.0,0.6586305401661556,11.43352222442627,40.0,"{""type"":""Point"",""coordinates"":[109.5817563396702,18.20211309532917]}"
771,0.0,23.0,27.0,5.04706335067749,30.0,18.527168009300887,108.83292862585051,1407.3258056640625,52.0,0.5197572708129883,2.0,1.0,0.6756398817900818,14.458160400390625,43.0,"{""type"":""Point"",""coordinates"":[108.83328403167387,18.527920103500385]}"
772,0.0,29.0,382.0,42.921722412109375,227.0,19.021241415566628,109.20123789233952,1949.6727294921875,42.0,9.883952140808105,5.0,2.0,0.5978886673668673,11.272476196289062,39.0,"{""type"":""Point"",""coordinates"":[109.20107394631403,19.02088949697399]}"
773,0.0,27.0,514.0,45.859004974365234,344.0,18.832595205901526,109.46174932473417,2113.289794921875,48.0,9.836804389953613,5.0,2.0,0.5637484713336627,11.176040649414062,47.0,"{""type"":""Point"",""coordinates"":[109.46169673281216,18.834096816058857]}"
774,0.0,33.0,653.0,35.28730010986328,461.0,19.097598214716783,109.40335883126642,2081.326171875,35.0,7.251968860626221,5.0,2.0,0.5885934060850782,11.366334915161133,41.0,"{""type"":""Point"",""coordinates"":[109.40269125230132,19.099422768754597]}"
775,0.0,25.0,31.0,17.896194458007812,19.0,19.066157179772603,110.25675835117994,2629.15380859375,46.0,0.7482815384864807,4.0,2.0,0.7548544713572889,14.091391563415527,44.0,"{""type"":""Point"",""coordinates"":[110.2567314860284,19.068207572560016]}"
776,0.0,31.0,411.0,43.3703498840332,254.0,19.18293816670814,109.6414123815581,2350.646484375,37.0,5.85547399520874,4.0,2.0,0.6299564299796189,11.781116485595703,39.0,"{""type"":""Point"",""coordinates"":[109.64009931510753,19.184870387613454]}"
777,0.0,23.0,151.0,8.627179145812988,22.0,18.756238406751365,109.19674631591892,1822.4923095703125,55.0,0.6882857084274292,2.0,1.0,0.7012903139563997,14.102699279785156,43.0,"{""type"":""Point"",""coordinates"":[109.19612852696424,18.756222910415563]}"
778,0.0,26.0,904.0,42.56412887573242,881.0,18.71581421896599,109.85700804974675,2037.688720703125,48.0,14.335931777954102,6.0,1.0,0.5209271948044587,10.409745216369629,48.0,"{""type"":""Point"",""coordinates"":[109.85869018033212,18.715415390251707]}"
779,0.0,24.0,38.0,5.478900909423828,37.0,18.84606993516332,108.76555497954155,1383.384521484375,51.0,0.6999265551567078,2.0,2.0,0.6607199628457795,14.15412712097168,44.0,"{""type"":""Point"",""coordinates"":[108.76420410753678,18.8469030482724]}"
780,0.0,24.0,32.0,4.486350059509277,32.0,19.847691476956584,110.94396954353141,1639.7347412109375,50.0,0.12196449935436249,3.0,4.0,0.6581916865952969,14.511619567871094,50.0,"{""type"":""Point"",""coordinates"":[110.94447305113758,19.84933469383613]}"
781,0.0,29.0,331.0,48.17852783203125,248.0,18.85954466442511,109.99624691878529,2381.689697265625,48.0,6.846798896789551,4.0,2.0,0.6021836400372541,11.681370735168457,46.0,"{""type"":""Point"",""coordinates"":[109.99757634877272,18.859698786875434]}"
782,0.0,27.0,477.0,32.26203536987305,280.0,18.886494122948697,109.58751346451089,2131.724609375,46.0,5.0350341796875,5.0,2.0,0.5909370255684464,11.882513999938965,45.0,"{""type"":""Point"",""coordinates"":[109.58543534629715,18.887337776168643]}"
783,0.0,31.0,39.0,6.792352676391602,40.0,19.901590394003755,109.66387026366107,1646.2169189453125,41.0,0.5861238837242126,4.0,4.0,0.7283530588229811,14.331003189086914,32.0,"{""type"":""Point"",""coordinates"":[109.66576194353716,19.903114885286556]}"
784,0.0,35.0,23.0,16.453624725341797,12.0,19.753368372124037,110.04565425941183,2447.30712890625,37.0,0.9197008013725281,4.0,4.0,0.8069312404286187,13.889731407165527,32.0,"{""type"":""Point"",""coordinates"":[110.04389768842374,19.75553102616142]}"
785,0.0,27.0,27.0,6.746910572052002,27.0,19.816250442012404,109.385392525584,1777.240234375,43.0,0.3500610291957855,2.0,4.0,0.7418487011823006,14.853429794311523,34.0,"{""type"":""Point"",""coordinates"":[109.3872210720857,19.814528189802992]}"
786,0.0,31.0,47.0,9.19415283203125,47.0,19.870149359059575,109.83904174406439,2069.073486328125,43.0,0.45981964468955994,3.0,4.0,0.7363322083187276,14.569031715393066,34.0,"{""type"":""Point"",""coordinates"":[109.84013068751436,19.869026358653333]}"
787,0.0,30.0,691.0,77.1649398803711,658.0,18.74276367748957,110.03667110657068,2287.5791015625,44.0,22.705904006958008,5.0,1.0,0.5292931623628068,10.14079761505127,46.0,"{""type"":""Point"",""coordinates"":[110.03561909937139,18.741359834619143]}"
788,0.0,26.0,25.0,10.61913776397705,11.0,19.72192733717985,110.12650263498261,2541.29833984375,48.0,0.16736900806427002,3.0,3.0,0.8205786771955554,15.554741859436035,31.0,"{""type"":""Point"",""coordinates"":[110.12869212751707,19.72392977508801]}"
789,0.0,25.0,170.0,9.942303657531738,41.0,18.729288948227783,109.20123789233952,1850.731689453125,53.0,0.9156437516212463,3.0,1.0,0.6806366414835385,13.805299758911133,43.0,"{""type"":""Point"",""coordinates"":[109.20219420186756,18.730873743309566]}"
790,0.0,27.0,39.0,18.797605514526367,30.0,19.084123485454995,110.28819938612412,2629.15380859375,45.0,0.8624715209007263,5.0,2.0,0.7468413433150384,13.944690704345703,43.0,"{""type"":""Point"",""coordinates"":[110.28980495923527,19.083722434866853]}"
791,0.0,25.0,137.0,16.06409454345703,78.0,19.227853930914115,110.01421322446765,2693.70263671875,44.0,0.5155413150787354,3.0,2.0,0.7096634325348368,14.400413513183594,38.0,"{""type"":""Point"",""coordinates"":[110.01260518017256,19.226928657866704]}"
792,0.0,28.0,607.0,43.588226318359375,553.0,19.084123485454995,109.12937266960995,1989.575927734375,48.0,12.011187553405762,7.0,2.0,0.5780994302762783,10.893332481384277,40.0,"{""type"":""Point"",""coordinates"":[109.13052173294811,19.08361995155627]}"
793,0.0,25.0,195.0,7.668542385101318,193.0,18.49123539793611,109.0754737525628,1731.0418701171875,55.0,0.6996525526046753,2.0,1.0,0.5931141389625032,14.058449745178223,46.0,"{""type"":""Point"",""coordinates"":[109.07505430878689,18.493346533577927]}"
794,0.0,31.0,123.0,20.80462646484375,121.0,19.49285693972937,110.58913500630416,2519.09228515625,38.0,1.4525257349014282,3.0,3.0,0.6777218895857126,13.083080291748047,38.0,"{""type"":""Point"",""coordinates"":[110.5871824690006,19.493827074871746]}"
795,0.0,28.0,20.0,11.214773178100586,19.0,19.344634917849653,110.51277820715399,2694.675048828125,45.0,0.12158386409282684,5.0,3.0,0.7726397199573994,15.877342224121094,41.0,"{""type"":""Point"",""coordinates"":[110.51422121160314,19.343424381491005]}"
796,0.0,24.0,37.0,5.892332553863525,35.0,19.164971861025748,108.81047074374754,1516.534912109375,56.0,0.6179719567298889,2.0,2.0,0.6846668919789516,14.279253959655762,41.0,"{""type"":""Point"",""coordinates"":[108.81183888342647,19.16480829969716]}"
797,0.0,23.0,148.0,14.62607192993164,112.0,19.51980639825296,109.56056400598732,2219.676513671875,54.0,0.9971651434898376,2.0,3.0,0.6683417365822395,13.733805656433105,36.0,"{""type"":""Point"",""coordinates"":[109.56057540608285,19.519345919100928]}"
798,0.0,29.0,378.0,33.236419677734375,332.0,18.760729983171963,110.0052300716265,2363.93603515625,46.0,3.8317952156066895,8.0,1.0,0.6163588376442154,12.231467247009277,45.0,"{""type"":""Point"",""coordinates"":[110.00616131221304,18.759640786600563]}"
799,0.0,28.0,87.0,16.0281925201416,78.0,19.66802842013268,109.49768193609896,1992.7899169921875,49.0,1.7204294204711914,4.0,3.0,0.6908192132199575,13.225518226623535,34.0,"{""type"":""Point"",""coordinates"":[109.49889043531073,19.667060690365282]}"
800,0.0,30.0,511.0,46.3463134765625,390.0,19.35361807069085,109.47522405399599,2319.260498046875,48.0,8.056245803833008,4.0,3.0,0.6201952981172028,11.381416320800781,38.0,"{""type"":""Point"",""coordinates"":[109.47443222210752,19.352217419525864]}"
801,0.0,27.0,69.0,8.68480110168457,58.0,19.726418913600448,110.5262529364158,2446.802734375,49.0,0.06093589961528778,5.0,3.0,0.7442037071078816,16.131607055664062,35.0,"{""type"":""Point"",""coordinates"":[110.52531105498238,19.728136308135173]}"
802,0.0,24.0,72.0,16.51125144958496,43.0,18.63047426697463,109.69980287502585,2238.711669921875,44.0,1.102941870689392,4.0,1.0,0.6938983606955769,13.679256439208984,46.0,"{""type"":""Point"",""coordinates"":[109.69895783855969,18.632303230527807]}"
803,0.0,22.0,94.0,10.117932319641113,76.0,19.681503149394473,109.5920050409315,2038.772216796875,53.0,0.5768053531646729,2.0,3.0,0.7025478675941078,14.314395904541016,33.0,"{""type"":""Point"",""coordinates"":[109.59219401382474,19.681314771150653]}"
804,0.0,26.0,444.0,32.89166259765625,442.0,18.48674382151551,109.1877631630777,1830.8951416015625,53.0,8.48904037475586,4.0,1.0,0.5694397210792194,11.380935668945312,44.0,"{""type"":""Point"",""coordinates"":[109.18745675748794,18.485034130094395]}"
805,0.0,43.0,71.0,12.621079444885254,68.0,19.82972517127419,109.71776918070822,1931.240966796875,34.0,1.4228585958480835,6.0,4.0,0.6976475745428403,13.42508316040039,35.0,"{""type"":""Point"",""coordinates"":[109.71848562679529,19.828937359717074]}"
806,0.0,23.0,30.0,8.822487831115723,30.0,18.581066926348058,110.0052300716265,2114.489013671875,45.0,0.2678642272949219,2.0,1.0,0.7011119393118395,15.119321823120117,47.0,"{""type"":""Point"",""coordinates"":[110.00503518645905,18.583266127398968]}"
807,0.0,28.0,348.0,28.62895393371582,294.0,18.85954466442511,108.94970961278602,1576.3389892578125,49.0,9.710782051086426,5.0,2.0,0.5627681171136096,11.31501579284668,43.0,"{""type"":""Point"",""coordinates"":[108.95059243156447,18.859238020555516]}"
808,0.0,32.0,25.0,10.08205509185791,25.0,19.924048276106745,109.76717652133482,1834.0242919921875,39.0,1.0026865005493164,3.0,4.0,0.7505321861245938,13.61205768585205,33.0,"{""type"":""Point"",""coordinates"":[109.76677385820271,19.92219391618875]}"
809,0.0,30.0,57.0,10.257769584655762,55.0,19.82972517127419,110.31065726822715,2273.386962890625,45.0,0.43065693974494934,9.0,4.0,0.7392736234580589,14.351750373840332,35.0,"{""type"":""Point"",""coordinates"":[110.31056230839906,19.831588558771855]}"
810,0.0,24.0,75.0,7.09552526473999,75.0,19.335651765008457,108.90928542500069,1682.9339599609375,56.0,0.6257849931716919,2.0,3.0,0.6389727587779959,14.244282722473145,43.0,"{""type"":""Point"",""coordinates"":[108.90839806851483,19.337804545872725]}"
811,0.0,22.0,18.0,10.064945220947266,20.0,18.724797371807185,110.33311515033012,2170.185302734375,49.0,0.3799248933792114,2.0,1.0,0.7114045971296634,14.776764869689941,48.0,"{""type"":""Point"",""coordinates"":[110.33384848144527,18.72261811702671]}"
812,0.0,28.0,143.0,43.86461639404297,69.0,19.335651765008457,109.90641539037335,2664.357666015625,48.0,3.8056163787841797,4.0,3.0,0.6968433788185175,12.39622974395752,40.0,"{""type"":""Point"",""coordinates"":[109.90829379492524,19.33558208673954]}"
813,0.0,25.0,15.0,9.409979820251465,6.0,19.71294418433866,110.25675835117994,2508.266357421875,47.0,0.057359881699085236,2.0,3.0,0.8245120945153077,16.399898529052734,31.0,"{""type"":""Point"",""coordinates"":[110.25531467327926,19.712805776805613]}"
814,0.0,29.0,31.0,8.355613708496094,31.0,19.506331668991166,109.01259168267438,1833.9847412109375,47.0,0.6322812438011169,2.0,3.0,0.7307168707274821,14.25985336303711,36.0,"{""type"":""Point"",""coordinates"":[109.01180156886461,19.50629297896548]}"
815,0.0,22.0,89.0,9.71910572052002,80.0,19.38505910563503,109.13835582245116,1942.87109375,57.0,0.6906251907348633,3.0,3.0,0.6841516866588021,14.137300491333008,35.0,"{""type"":""Point"",""coordinates"":[109.13766991300055,19.38526209245835]}"
816,0.0,25.0,294.0,16.099843978881836,240.0,18.60352480845105,109.19674631591892,1863.9754638671875,54.0,2.2652885913848877,4.0,1.0,0.5909508920080554,12.81740951538086,46.0,"{""type"":""Point"",""coordinates"":[109.19891354551353,18.604008244124426]}"
819,0.0,29.0,175.0,44.3685188293457,172.0,18.837086782322125,110.28370780970351,2413.57763671875,47.0,5.222652912139893,4.0,2.0,0.6230830216232617,12.058311462402344,45.0,"{""type"":""Point"",""coordinates"":[110.28426740884316,18.836596397847877]}"
820,0.0,30.0,288.0,30.309886932373047,223.0,18.95835934567826,109.11140636392759,1769.6224365234375,40.0,6.930979251861572,6.0,2.0,0.6034115886276304,11.698843955993652,39.0,"{""type"":""Point"",""coordinates"":[109.10995133027224,18.959075560193195]}"
821,0.0,23.0,132.0,7.976490020751953,111.0,19.470399057626388,109.20123789233952,2105.644287109375,57.0,0.25002321600914,4.0,3.0,0.6759832106487051,15.127188682556152,34.0,"{""type"":""Point"",""coordinates"":[109.20134656865655,19.472348992326477]}"
822,0.0,29.0,12.0,7.286433219909668,13.0,19.964472463892122,110.46786244294805,2091.236083984375,43.0,0.19185656309127808,3.0,4.0,0.7565018883347447,14.571296691894531,39.0,"{""type"":""Point"",""coordinates"":[110.46681221737461,19.963928287434904]}"
823,0.0,28.0,313.0,33.05013656616211,196.0,19.371584376373235,109.63242922871689,2415.33203125,45.0,3.353590488433838,4.0,3.0,0.6662473955069118,12.411341667175293,35.0,"{""type"":""Point"",""coordinates"":[109.63437467458535,19.372252896989018]}"
824,0.0,27.0,90.0,13.327007293701172,70.0,18.62598269055404,109.78065125059658,2230.696533203125,43.0,0.7616937756538391,4.0,1.0,0.6593982470843625,14.038741111755371,47.0,"{""type"":""Point"",""coordinates"":[109.77971770084031,18.625620245668433]}"
825,0.0,25.0,106.0,11.22712516784668,102.0,19.34912649427025,109.0215748355156,1865.609375,55.0,1.1491059064865112,2.0,3.0,0.6316807103664321,13.617796897888184,40.0,"{""type"":""Point"",""coordinates"":[109.01992823170659,19.35085655404974]}"
826,0.0,28.0,301.0,49.28087615966797,173.0,18.868527817266305,109.86599120258796,2311.743896484375,45.0,7.212673187255859,5.0,2.0,0.594865787188959,11.649679183959961,47.0,"{""type"":""Point"",""coordinates"":[109.86725350371033,18.867720041700096]}"
827,0.0,33.0,10.0,8.485673904418945,10.0,19.65455369087089,110.70142441681912,2244.0625,43.0,0.25029391050338745,9.0,3.0,0.7778705071671852,14.772073745727539,38.0,"{""type"":""Point"",""coordinates"":[110.70118451401791,19.653478770317133]}"
828,0.0,26.0,301.0,28.434852600097656,239.0,19.115564520399175,109.94234800173814,2468.451416015625,52.0,2.547092914581299,4.0,2.0,0.6332840879433191,12.695208549499512,44.0,"{""type"":""Point"",""coordinates"":[109.94067962045027,19.11599714538078]}"
829,0.0,25.0,21.0,6.825161933898926,16.0,19.807267289171207,110.80473067449287,1876.5382080078125,49.0,0.38973528146743774,5.0,4.0,0.7226776711702106,13.788350105285645,43.0,"{""type"":""Point"",""coordinates"":[110.80461217267245,19.808349062019765]}"
830,0.0,26.0,40.0,4.620160102844238,39.0,18.527168009300887,108.90030227215948,1536.3499755859375,45.0,0.21035610139369965,2.0,1.0,0.6603273531862148,15.355178833007812,46.0,"{""type"":""Point"",""coordinates"":[108.90094439593763,18.526628853829887]}"
831,0.0,24.0,114.0,22.439041137695312,25.0,19.344634917849653,110.07260371793546,2716.84716796875,49.0,1.0914002656936646,5.0,3.0,0.7686150271874896,13.664461135864258,38.0,"{""type"":""Point"",""coordinates"":[110.07146247180397,19.34582493426368]}"
832,0.0,30.0,1.0,5.190002918243408,2.0,19.919556699686147,109.56056400598732,1608.80517578125,45.0,0.29860568046569824,5.0,4.0,0.7590849975865539,15.027377128601074,35.0,"{""type"":""Point"",""coordinates"":[109.56114975401017,19.918999612845575]}"
833,0.0,23.0,25.0,12.021682739257812,26.0,19.389550682055628,110.62057604124834,2422.916015625,50.0,0.41952624917030334,6.0,3.0,0.766781293868511,14.402535438537598,38.0,"{""type"":""Point"",""coordinates"":[110.6207680865083,19.39133409031252]}"
834,0.0,24.0,111.0,6.5899152755737305,111.0,18.899968852210492,108.75657182670034,1313.3292236328125,56.0,1.338511347770691,2.0,2.0,0.5756213019940524,13.462133407592773,45.0,"{""type"":""Point"",""coordinates"":[108.75858421977041,18.901712800952957]}"
835,0.0,28.0,300.0,27.768070220947266,222.0,18.805645747377937,109.86599120258796,2267.060791015625,41.0,2.9134275913238525,4.0,1.0,0.6290468319854947,12.56131649017334,42.0,"{""type"":""Point"",""coordinates"":[109.86554393100401,18.807026031786847]}"
836,0.0,25.0,39.0,13.788213729858398,39.0,18.477760668674314,109.73573548639064,2116.564697265625,55.0,1.0910433530807495,2.0,1.0,0.6919929186210803,13.709558486938477,46.0,"{""type"":""Point"",""coordinates"":[109.7368561380286,18.477093565513236]}"
837,0.0,24.0,997.0,65.4942626953125,962.0,18.751746830330767,109.89743223753214,2459.364013671875,49.0,19.087200164794922,5.0,1.0,0.5280923797520297,9.990530014038086,47.0,"{""type"":""Point"",""coordinates"":[109.89916443398153,18.75350523851911]}"
838,0.0,24.0,192.0,36.148738861083984,60.0,19.223362354493517,109.74022706281124,2565.663330078125,53.0,3.1068317890167236,3.0,2.0,0.7177317624440988,12.568669319152832,37.0,"{""type"":""Point"",""coordinates"":[109.74037427168736,19.22420625268106]}"
839,0.0,23.0,6.0,7.734667778015137,9.0,18.787679441695552,110.41396352590084,2122.045654296875,48.0,0.13406631350517273,3.0,1.0,0.7188171705082611,15.806232452392578,49.0,"{""type"":""Point"",""coordinates"":[110.41515719034342,18.787816119014025]}"
840,0.0,29.0,208.0,31.70619773864746,208.0,18.34750495247698,109.25064523296606,1786.2099609375,50.0,7.564044952392578,4.0,0.0,0.6060188803163344,11.663704872131348,39.0,"{""type"":""Point"",""coordinates"":[109.25084191272146,18.348562528370127]}"
841,0.0,29.0,67.0,30.69038963317871,67.0,19.420991716999815,110.55320239493938,2491.82763671875,40.0,2.8656187057495117,4.0,3.0,0.7112171281414376,12.447895050048828,38.0,"{""type"":""Point"",""coordinates"":[110.5554015835645,19.422163348696614]}"
842,0.0,26.0,439.0,63.36166763305664,434.0,18.441828057309536,109.62344607587568,2301.660400390625,49.0,12.278424263000488,4.0,1.0,0.5915692287986545,11.007564544677734,42.0,"{""type"":""Point"",""coordinates"":[109.62486980680696,18.441219048313798]}"
843,0.0,26.0,18.0,9.919784545898438,19.0,19.88362408832137,110.51726978357459,2266.86083984375,42.0,0.4015127122402191,5.0,4.0,0.7562400607740529,13.824342727661133,40.0,"{""type"":""Point"",""coordinates"":[110.51802507874831,19.883990448342097]}"
844,0.0,33.0,451.0,47.04877471923828,311.0,18.8775109701075,109.24615365654546,1833.5029296875,39.0,15.235990524291992,5.0,2.0,0.5501041781475278,10.774072647094727,44.0,"{""type"":""Point"",""coordinates"":[109.24723954082657,18.879721200873778]}"
845,0.0,29.0,601.0,51.291160583496094,578.0,18.71581421896599,110.01421322446765,2287.5791015625,46.0,10.291055679321289,4.0,1.0,0.574956097247726,11.057087898254395,45.0,"{""type"":""Point"",""coordinates"":[110.0150141804196,18.715327111563447]}"
846,0.0,26.0,129.0,55.31593704223633,81.0,19.456924328364593,109.92438169605572,2595.20703125,47.0,5.57999324798584,4.0,3.0,0.690485793655765,12.020487785339355,37.0,"{""type"":""Point"",""coordinates"":[109.92308947190438,19.45518035962857]}"
847,0.0,24.0,40.0,19.144845962524414,32.0,19.066157179772603,110.3151488446477,2635.157958984375,49.0,0.8688512444496155,4.0,2.0,0.7481681792498568,13.936736106872559,42.0,"{""type"":""Point"",""coordinates"":[110.31703030965512,19.064922030453527]}"
848,0.0,30.0,468.0,77.4280014038086,459.0,18.85056151158392,110.24328362191818,2600.9130859375,45.0,12.697500228881836,4.0,2.0,0.5907011846310547,10.950581550598145,45.0,"{""type"":""Point"",""coordinates"":[110.24133740272576,18.852644198738624]}"
849,0.0,29.0,147.0,40.66605758666992,132.0,19.025732991987226,110.25675835117994,2619.451171875,41.0,3.3828630447387695,3.0,2.0,0.645388128225475,12.511805534362793,44.0,"{""type"":""Point"",""coordinates"":[110.25812145383625,19.025177431924686]}"
850,0.0,25.0,20.0,11.577506065368652,18.0,19.757859948544635,110.3735393381155,2413.718994140625,46.0,0.37640970945358276,3.0,4.0,0.808949601621336,14.514776229858398,30.0,"{""type"":""Point"",""coordinates"":[110.3728613165806,19.757564474797825]}"
851,0.0,33.0,559.0,19.376068115234375,367.0,19.079631909034397,109.44827459547236,2081.326171875,37.0,2.4505422115325928,5.0,2.0,0.6053426347451806,12.538119316101074,42.0,"{""type"":""Point"",""coordinates"":[109.4485393212651,19.08100425930424]}"
852,0.0,29.0,66.0,10.29245662689209,65.0,19.68599472581507,110.65650865261313,2306.94482421875,48.0,0.4411483407020569,5.0,3.0,0.717792969000187,14.154808044433594,37.0,"{""type"":""Point"",""coordinates"":[110.65495285811761,19.68681707817495]}"
854,0.0,24.0,144.0,29.71124267578125,69.0,19.308702306484875,109.87497435542917,2585.94189453125,52.0,2.1564650535583496,3.0,3.0,0.706834749096632,12.964615821838379,39.0,"{""type"":""Point"",""coordinates"":[109.87625245504651,19.30942752920056]}"
855,0.0,31.0,866.0,27.40041160583496,850.0,18.76971313601316,108.85987808437409,1512.2493896484375,46.0,17.37974739074707,11.0,1.0,0.4992850610793948,10.250876426696777,46.0,"{""type"":""Point"",""coordinates"":[108.8600627147994,18.769573613465198]}"
856,0.0,28.0,742.0,31.07712745666504,618.0,19.12454767324037,109.21022104518073,1927.4967041015625,49.0,8.443455696105957,5.0,2.0,0.5849309163294207,11.127850532531738,38.0,"{""type"":""Point"",""coordinates"":[109.21210355543526,19.124361076471544]}"
857,0.0,30.0,337.0,29.9586124420166,229.0,19.01225826272543,109.94683957815869,2414.850830078125,45.0,3.005472421646118,4.0,2.0,0.6396161059521818,12.50434398651123,41.0,"{""type"":""Point"",""coordinates"":[109.94671926709051,19.010307656083924]}"
858,0.0,26.0,16.0,6.387613773345947,18.0,19.68599472581507,110.95295269637256,1614.03564453125,48.0,1.0607237815856934,3.0,3.0,0.6881858840889419,12.38757038116455,46.0,"{""type"":""Point"",""coordinates"":[110.9509651479402,19.686015520666565]}"
859,0.0,24.0,101.0,17.755342483520508,63.0,19.501840092570568,109.90192381395275,2541.084228515625,53.0,0.9089394211769104,4.0,3.0,0.7243091029483297,13.855340957641602,38.0,"{""type"":""Point"",""coordinates"":[109.90033990617465,19.500500085875803]}"
860,0.0,33.0,58.0,22.419954299926758,43.0,19.57819689172073,110.41396352590084,2585.151123046875,40.0,1.58350670337677,3.0,3.0,0.7484629073567269,13.048650741577148,38.0,"{""type"":""Point"",""coordinates"":[110.41309647737941,19.58011995694084]}"
861,0.0,25.0,22.0,13.055107116699219,23.0,19.49734851614997,110.7283738753427,2353.693359375,47.0,0.6799020767211914,4.0,3.0,0.7681172096045876,13.762109756469727,37.0,"{""type"":""Point"",""coordinates"":[110.72891425073524,19.49956887772317]}"
862,0.0,25.0,33.0,9.352907180786133,33.0,18.549625891403878,109.9603143074205,2065.469482421875,47.0,0.42738062143325806,2.0,1.0,0.6985002325920955,14.650371551513672,46.0,"{""type"":""Point"",""coordinates"":[109.96094539669579,18.54809193929549]}"
863,0.0,26.0,27.0,6.715327739715576,26.0,18.54064273856268,108.94521803636547,1536.3499755859375,49.0,0.7460721135139465,4.0,1.0,0.6708229553815626,14.096671104431152,47.0,"{""type"":""Point"",""coordinates"":[108.94341328893577,18.538524764845793]}"
864,0.0,25.0,170.0,11.201075553894043,41.0,18.756238406751365,109.22369577444249,1846.111083984375,53.0,1.1692627668380737,3.0,1.0,0.6838899190408364,13.560745239257812,42.0,"{""type"":""Point"",""coordinates"":[109.2217494412263,18.755294727923786]}"
865,0.0,27.0,86.0,9.18210506439209,76.0,19.74438521928284,109.94234800173814,2365.509521484375,49.0,0.16738148033618927,4.0,4.0,0.7259110235166985,15.556469917297363,33.0,"{""type"":""Point"",""coordinates"":[109.94283681539551,19.743461883521064]}"
866,0.0,24.0,210.0,14.58798599243164,191.0,18.527168009300887,109.30005257359267,2066.016357421875,55.0,1.3406240940093994,4.0,1.0,0.6067823929341213,13.398329734802246,47.0,"{""type"":""Point"",""coordinates"":[109.30124198824198,18.52570541729011]}"
867,0.0,21.0,32.0,3.390542507171631,32.0,19.039207721249014,108.72063921533555,1252.6785888671875,55.0,0.2684609293937683,2.0,2.0,0.6645514953412144,15.115934371948242,43.0,"{""type"":""Point"",""coordinates"":[108.7185030654159,19.03947990108533]}"
869,0.0,28.0,642.0,30.519588470458984,589.0,18.814628900219134,108.92276015426245,1593.920166015625,48.0,13.22767162322998,9.0,1.0,0.5440088149564004,10.762625694274902,42.0,"{""type"":""Point"",""coordinates"":[108.92187312813722,18.813387328365817]}"
870,0.0,25.0,15.0,6.5590596199035645,15.0,19.52429797467356,108.95869276562723,1717.236083984375,52.0,0.42985138297080994,2.0,3.0,0.7387302105572634,14.655023574829102,37.0,"{""type"":""Point"",""coordinates"":[108.96029606840506,19.525682396229726]}"
871,0.0,22.0,73.0,7.649878025054932,65.0,19.313193882905473,108.90928542500069,1682.9339599609375,57.0,0.712024450302124,3.0,3.0,0.6550563855023108,14.11635684967041,42.0,"{""type"":""Point"",""coordinates"":[108.91073996727512,19.31191713234644]}"
872,0.0,29.0,109.0,47.16810989379883,86.0,19.093106638296184,109.0215748355156,1784.18994140625,41.0,12.337756156921387,7.0,2.0,0.610115711986255,11.226800918579102,40.0,"{""type"":""Point"",""coordinates"":[109.02323732821729,19.09358842722312]}"
873,0.0,20.0,47.0,9.260014533996582,43.0,19.68599472581507,109.46624090115478,1992.7899169921875,61.0,0.5512599945068359,3.0,3.0,0.7402718194033275,14.387650489807129,33.0,"{""type"":""Point"",""coordinates"":[109.46490694399938,19.687854529918855]}"
874,0.0,35.0,887.0,21.07883644104004,756.0,18.886494122948697,109.21022104518073,1833.5029296875,39.0,5.859173774719238,5.0,2.0,0.5521143303319059,11.342039108276367,44.0,"{""type"":""Point"",""coordinates"":[109.20985775617723,18.887747613105493]}"
875,0.0,24.0,46.0,16.665246963500977,43.0,19.308702306484875,110.38701406737727,2742.490966796875,51.0,0.549990177154541,5.0,3.0,0.7509879941976543,14.390542984008789,39.0,"{""type"":""Point"",""coordinates"":[110.38841649128842,19.308891804122798]}"
876,0.0,28.0,678.0,51.99871826171875,614.0,18.65293214907762,109.53361454746374,2209.237548828125,49.0,12.83980655670166,5.0,1.0,0.5552129589550951,10.760468482971191,46.0,"{""type"":""Point"",""coordinates"":[109.5351793792041,18.653250399780042]}"
877,0.0,27.0,46.0,28.439279556274414,37.0,19.16048028460515,110.24777519833873,2795.345947265625,42.0,1.4880330562591553,4.0,2.0,0.7475368686870407,13.395038604736328,40.0,"{""type"":""Point"",""coordinates"":[110.24993937489083,19.160731813461393]}"
878,0.0,25.0,987.0,32.134605407714844,900.0,18.819120476639732,109.753701792073,2306.14404296875,46.0,5.990194797515869,5.0,1.0,0.5678920806452894,11.196910858154297,45.0,"{""type"":""Point"",""coordinates"":[109.75316149737229,18.818364520834617]}"
879,0.0,29.0,151.0,44.361473083496094,141.0,18.57657534992746,109.82107543838197,2268.658935546875,42.0,5.84194803237915,5.0,1.0,0.6103876359014953,11.960658073425293,46.0,"{""type"":""Point"",""coordinates"":[109.82011584114115,18.575999170363374]}"
880,0.0,23.0,40.0,12.6971435546875,31.0,19.641078961609097,110.45438771368623,2455.637451171875,54.0,0.5039200782775879,5.0,3.0,0.7834426444838193,14.207780838012695,33.0,"{""type"":""Point"",""coordinates"":[110.45325343065889,19.64132894328525]}"
881,0.0,26.0,135.0,44.76232147216797,135.0,18.500218550777305,109.76717652133482,2260.586669921875,54.0,6.383506774902344,4.0,1.0,0.6175988871491946,11.881272315979004,44.0,"{""type"":""Point"",""coordinates"":[109.7662626451819,18.5010843828727]}"
882,0.0,26.0,50.0,22.877103805541992,50.0,18.29809761185041,109.34945991421921,1941.735595703125,46.0,3.011075019836426,6.0,0.0,0.686724387210153,12.687152862548828,41.0,"{""type"":""Point"",""coordinates"":[109.35084318085393,18.298738264035915]}"
883,0.0,27.0,9.0,12.132768630981445,9.0,18.419370175206545,110.02319637730886,1997.8201904296875,49.0,0.9916712045669556,3.0,1.0,0.738979958361896,13.822439193725586,42.0,"{""type"":""Point"",""coordinates"":[110.02341145234941,18.419607570789147]}"
884,0.0,25.0,8.0,9.7405424118042,8.0,19.24132866017591,110.55320239493938,2543.67626953125,46.0,0.057359881699085236,2.0,2.0,0.784834320866699,16.635770797729492,40.0,"{""type"":""Point"",""coordinates"":[110.55223768731881,19.24127797877968]}"
885,0.0,26.0,207.0,56.34524154663086,104.0,18.944884616416466,110.01421322446765,2591.487548828125,50.0,6.1924333572387695,4.0,2.0,0.6314782386977734,11.866358757019043,44.0,"{""type"":""Point"",""coordinates"":[110.01257970762553,18.946208005960646]}"
886,0.0,30.0,63.0,21.906757354736328,63.0,19.852183053377182,110.07260371793546,2360.310302734375,42.0,1.9592946767807007,6.0,4.0,0.7312391537293899,12.831671714782715,34.0,"{""type"":""Point"",""coordinates"":[110.07308819149698,19.853321594023214]}"
887,0.0,22.0,23.0,7.090052127838135,24.0,19.74438521928284,110.86312116796063,1889.8294677734375,54.0,0.4417465329170227,2.0,4.0,0.7120762590873713,13.597530364990234,43.0,"{""type"":""Point"",""coordinates"":[110.86474286352575,19.746068523022345]}"
888,0.0,26.0,91.0,12.641496658325195,85.0,19.762351524965233,109.94683957815869,2286.040283203125,48.0,0.632617712020874,4.0,4.0,0.704334946264228,14.223835945129395,34.0,"{""type"":""Point"",""coordinates"":[109.94530225682159,19.760485545622913]}"
889,0.0,25.0,205.0,28.037960052490234,128.0,19.304210730064277,109.85700804974675,2585.94189453125,50.0,2.0017812252044678,4.0,3.0,0.6790082783743759,13.00044059753418,37.0,"{""type"":""Point"",""coordinates"":[109.85782577525326,19.306332588162235]}"
890,0.0,27.0,52.0,13.729331016540527,52.0,19.57370531530013,109.17878001023655,2001.041259765625,53.0,1.3316192626953125,2.0,3.0,0.7045895617578605,13.502619743347168,38.0,"{""type"":""Point"",""coordinates"":[109.18073804714119,19.571550202914977]}"
891,0.0,23.0,22.0,9.074577331542969,24.0,19.55573900961774,110.79574752165166,2178.73681640625,48.0,0.29815199971199036,2.0,3.0,0.765440881438505,14.586493492126465,35.0,"{""type"":""Point"",""coordinates"":[110.7977739338501,19.555037633254322]}"
892,0.0,27.0,76.0,43.67472457885742,73.0,19.232345507334713,110.35557303243309,2869.153564453125,50.0,3.006683111190796,4.0,2.0,0.7118829423176796,12.673221588134766,37.0,"{""type"":""Point"",""coordinates"":[110.35696249369502,19.23055916085922]}"
893,0.0,27.0,53.0,55.884525299072266,56.0,19.003275109884235,110.43642140800387,2505.401611328125,51.0,6.513582229614258,4.0,2.0,0.7016465421960915,11.890782356262207,40.0,"{""type"":""Point"",""coordinates"":[110.43737419290136,19.001689247131516]}"
894,0.0,29.0,314.0,49.644649505615234,206.0,18.98980038062244,109.91989011963511,2340.0546875,42.0,7.033164024353027,4.0,2.0,0.622099222067481,11.666143417358398,41.0,"{""type"":""Point"",""coordinates"":[109.91884976813951,18.99114911356299]}"
895,0.0,28.0,110.0,29.750852584838867,55.0,19.429974869841004,109.85251647332615,2597.91259765625,43.0,2.081428050994873,4.0,3.0,0.7305896573630206,13.020988464355469,38.0,"{""type"":""Point"",""coordinates"":[109.85066553809273,19.431138232767537]}"
896,0.0,25.0,123.0,13.06212043762207,44.0,19.389550682055628,110.08607844719722,2753.328857421875,46.0,0.2154984027147293,4.0,3.0,0.7548985450955814,15.281331062316895,37.0,"{""type"":""Point"",""coordinates"":[110.0879935755371,19.388025032958193]}"
897,0.0,30.0,115.0,19.23847198486328,99.0,19.650062114450293,109.55607242956671,2038.772216796875,45.0,2.179518699645996,4.0,3.0,0.6667489494669191,12.971845626831055,34.0,"{""type"":""Point"",""coordinates"":[109.5568371101737,19.64800847866571]}"
898,0.0,24.0,111.0,8.983697891235352,54.0,19.60514635024431,109.67285341650228,2168.877197265625,48.0,0.2692224681377411,3.0,3.0,0.7357263549832872,15.066082954406738,33.0,"{""type"":""Point"",""coordinates"":[109.67144075109164,19.6048727235942]}"
899,0.0,23.0,112.0,17.307397842407227,84.0,18.49123539793611,109.36293464348103,2041.6650390625,56.0,1.7939530611038208,4.0,1.0,0.6362716251693737,13.1685152053833,45.0,"{""type"":""Point"",""coordinates"":[109.36464309562008,18.491435427445783]}"
900,0.0,28.0,293.0,19.044883728027344,172.0,19.052682450510808,109.83455016764378,2387.607666015625,48.0,1.4054841995239258,4.0,2.0,0.6470263358517805,13.295736312866211,41.0,"{""type"":""Point"",""coordinates"":[109.83531008631068,19.0540260141879]}"
901,0.0,23.0,78.0,6.649825096130371,64.0,19.699469455076866,109.5920050409315,2038.772216796875,53.0,0.08367845416069031,3.0,3.0,0.7195978837699826,16.25455665588379,33.0,"{""type"":""Point"",""coordinates"":[109.59080932016607,19.70026571765034]}"
902,0.0,26.0,32.0,10.665218353271484,28.0,19.097598214716783,110.35557303243309,2651.1025390625,46.0,0.08351480960845947,4.0,2.0,0.770263248330078,16.28362274169922,39.0,"{""type"":""Point"",""coordinates"":[110.35338988183744,19.09959427231305]}"
903,0.0,26.0,233.0,57.95768356323242,188.0,19.281752847961286,109.1832715866571,2215.4853515625,51.0,10.445507049560547,4.0,3.0,0.6180257697364824,11.319282531738281,39.0,"{""type"":""Point"",""coordinates"":[109.18122463863651,19.280738678843193]}"
904,0.0,30.0,22.0,6.4580183029174805,23.0,19.80277571275061,109.2281873508631,1730.8367919921875,39.0,0.36578568816185,2.0,4.0,0.748207187556831,14.812382698059082,33.0,"{""type"":""Point"",""coordinates"":[109.22847703314677,19.801787841606657]}"
905,0.0,26.0,175.0,18.173547744750977,170.0,18.648440572657023,109.99175534236468,2217.72900390625,48.0,1.5033447742462158,3.0,1.0,0.6252574409341326,13.306169509887695,45.0,"{""type"":""Point"",""coordinates"":[109.99117419029257,18.64875455143109]}"
906,0.0,22.0,30.0,9.111371994018555,30.0,18.477760668674314,109.72226075712882,2116.564697265625,56.0,0.36479076743125916,4.0,1.0,0.7113069146154973,14.810471534729004,45.0,"{""type"":""Point"",""coordinates"":[109.72172488694845,18.478315854792424]}"
907,0.0,28.0,132.0,14.673192977905273,70.0,19.587180044561926,109.73573548639064,2259.029541015625,48.0,0.9807648062705994,4.0,3.0,0.7154923088508287,13.760318756103516,34.0,"{""type"":""Point"",""coordinates"":[109.73639868272348,19.587562525305497]}"
908,0.0,23.0,42.0,10.980387687683105,44.0,18.446319633730134,109.76268494491421,2129.562744140625,51.0,0.5767577886581421,4.0,1.0,0.7082075927516372,14.345359802246094,42.0,"{""type"":""Point"",""coordinates"":[109.76294776278556,18.44577920192701]}"
909,0.0,28.0,372.0,28.35416603088379,211.0,18.832595205901526,109.42132513694878,2052.997314453125,49.0,4.491387367248535,6.0,2.0,0.5866214060091595,12.076437950134277,47.0,"{""type"":""Point"",""coordinates"":[109.4217590230339,18.833748759711646]}"
910,0.0,25.0,25.0,12.982338905334473,10.0,19.739893642862242,110.10853632930025,2541.29833984375,49.0,0.40611085295677185,3.0,3.0,0.8205751463779262,14.601155281066895,31.0,"{""type"":""Point"",""coordinates"":[110.1093903543738,19.73893645905848]}"
911,0.0,22.0,43.0,11.83613109588623,43.0,18.3160639175328,109.1877631630777,1718.349609375,58.0,1.5557082891464233,3.0,0.0,0.6894142742471744,13.352298736572266,40.0,"{""type"":""Point"",""coordinates"":[109.18668003505528,18.317657564780085]}"
912,0.0,34.0,134.0,12.153780937194824,124.0,19.528789551094157,110.56218554778059,2457.689208984375,38.0,0.49024325609207153,4.0,3.0,0.6871806113057812,14.160362243652344,36.0,"{""type"":""Point"",""coordinates"":[110.56326527828914,19.528836982601156]}"
913,0.0,26.0,43.0,48.38523483276367,46.0,18.311572341112203,109.60547977019331,2119.78125,46.0,7.539443492889404,2.0,0.0,0.678334366152597,11.768531799316406,42.0,"{""type"":""Point"",""coordinates"":[109.60677264038075,18.311961882291136]}"
915,0.0,25.0,1269.0,36.55268859863281,1072.0,19.01674983914603,109.52912297104314,2209.655029296875,44.0,15.373912811279297,11.0,2.0,0.5381548737531011,9.7737455368042,42.0,"{""type"":""Point"",""coordinates"":[109.5309659620123,19.01524408362208]}"
916,0.0,32.0,82.0,32.8322639465332,71.0,19.587180044561926,110.29718253896533,2597.77294921875,38.0,2.527465581893921,5.0,3.0,0.7090418583744972,12.804448127746582,39.0,"{""type"":""Point"",""coordinates"":[110.29593558443271,19.585632638508727]}"
917,0.0,25.0,57.0,12.37237548828125,56.0,18.554117467824476,109.91989011963511,2198.40478515625,47.0,0.6757513880729675,4.0,1.0,0.679866313414588,14.178133964538574,46.0,"{""type"":""Point"",""coordinates"":[109.92209788918125,18.554298749940926]}"
918,0.0,28.0,61.0,20.13756561279297,56.0,18.63496584339523,109.96480588384111,2217.72900390625,43.0,1.7098877429962158,4.0,1.0,0.672088787856207,13.247162818908691,47.0,"{""type"":""Point"",""coordinates"":[109.96554318804739,18.633220754662204]}"
919,0.0,23.0,18.0,16.07337188720703,20.0,19.164971861025748,110.44989613726563,2809.3779296875,50.0,0.41765695810317993,4.0,2.0,0.7779894802702143,14.662860870361328,39.0,"{""type"":""Point"",""coordinates"":[110.45184784874552,19.165328172566806]}"
920,0.0,27.0,1068.0,35.55307388305664,989.0,18.65293214907762,109.50666508894017,2209.237548828125,43.0,9.692290306091309,9.0,1.0,0.5455280817104762,10.5978364944458,46.0,"{""type"":""Point"",""coordinates"":[109.50514173212052,18.65109401085204]}"
921,0.0,26.0,48.0,9.197559356689453,48.0,19.416500140579217,108.97665907130965,1800.2457275390625,48.0,0.796717643737793,2.0,3.0,0.6992139388566421,14.018735885620117,38.0,"{""type"":""Point"",""coordinates"":[108.97690103215555,19.415022318221972]}"
922,0.0,22.0,4.0,3.0535309314727783,5.0,19.259294965858295,108.64428241618543,1257.796875,56.0,0.1720791757106781,2.0,2.0,0.7057975939558361,15.487117767333984,41.0,"{""type"":""Point"",""coordinates"":[108.64513643635702,19.26084940890854]}"
923,0.0,26.0,134.0,22.801450729370117,127.0,18.729288948227783,110.09506160003843,2468.383056640625,52.0,1.659807562828064,4.0,1.0,0.6425867556117403,13.232776641845703,45.0,"{""type"":""Point"",""coordinates"":[110.09289885959319,18.72969150609099]}"
924,0.0,42.0,95.0,15.071494102478027,95.0,19.789300983488815,109.60547977019331,1944.1265869140625,34.0,1.8565881252288818,7.0,4.0,0.6749756568132267,13.144485473632812,33.0,"{""type"":""Point"",""coordinates"":[109.603390191441,19.790692521407802]}"
925,0.0,27.0,24.0,8.051493644714355,25.0,19.924048276106745,110.49930347789223,2191.919189453125,46.0,0.2109520137310028,4.0,4.0,0.7447219601581998,14.459440231323242,40.0,"{""type"":""Point"",""coordinates"":[110.5005855576943,19.926045916883016]}"
926,0.0,25.0,132.0,10.26608943939209,79.0,19.358109647111448,109.29106942075146,2042.5059814453125,44.0,0.5767925381660461,4.0,3.0,0.6941034780794622,14.291232109069824,34.0,"{""type"":""Point"",""coordinates"":[109.28940543318174,19.359237152266605]}"
927,0.0,30.0,793.0,36.55620574951172,712.0,18.805645747377937,109.69531129860525,2181.523681640625,45.0,7.990417003631592,4.0,1.0,0.5566237482823335,11.13194751739502,47.0,"{""type"":""Point"",""coordinates"":[109.69475513759964,18.80756229687005]}"
928,0.0,24.0,137.0,9.464034080505371,99.0,19.043699297669612,108.90030227215948,1585.57373046875,47.0,1.27409029006958,3.0,2.0,0.6055271380064767,13.495505332946777,42.0,"{""type"":""Point"",""coordinates"":[108.89812652680496,19.044327103541793]}"
929,0.0,26.0,243.0,22.836498260498047,246.0,18.383437563841767,109.68183656934343,2120.79833984375,53.0,2.7288084030151367,4.0,1.0,0.6250885614950756,12.665392875671387,42.0,"{""type"":""Point"",""coordinates"":[109.67992632104357,18.382889048126007]}"
930,0.0,27.0,139.0,19.307344436645508,114.0,19.322177035746662,110.24328362191818,2826.0595703125,44.0,0.6989369988441467,4.0,3.0,0.6891071654874723,14.094808578491211,37.0,"{""type"":""Point"",""coordinates"":[110.24247584505154,19.320814621122317]}"
931,0.0,31.0,533.0,62.55918502807617,531.0,18.41038702236535,109.32700203211624,1977.5943603515625,42.0,20.94554901123047,6.0,1.0,0.5504666246457762,10.368681907653809,41.0,"{""type"":""Point"",""coordinates"":[109.32723636204533,18.412313188012682]}"
932,0.0,31.0,354.0,12.101377487182617,196.0,18.95835934567826,109.83455016764378,2377.556396484375,40.0,0.5123297572135925,4.0,2.0,0.6330554454088415,14.262370109558105,44.0,"{""type"":""Point"",""coordinates"":[109.83450472620567,18.957606809465574]}"
933,0.0,25.0,32.0,14.178702354431152,23.0,19.730910490021046,110.21633416339455,2524.149169921875,50.0,0.5967220664024353,4.0,3.0,0.809088702563821,14.044861793518066,30.0,"{""type"":""Point"",""coordinates"":[110.21792678150294,19.7323937227089]}"
934,0.0,25.0,32.0,8.721231460571289,35.0,18.90446042863109,110.36006460885369,2322.842041015625,51.0,0.13414253294467926,4.0,2.0,0.7190172743407531,15.809741973876953,45.0,"{""type"":""Point"",""coordinates"":[110.3617055165696,18.90589718047468]}"
935,0.0,31.0,416.0,28.93065071105957,354.0,18.922426734313476,108.98564222415081,1695.4786376953125,40.0,8.05049991607666,7.0,2.0,0.5758832303754163,11.455902099609375,42.0,"{""type"":""Point"",""coordinates"":[108.98684962875916,18.921585813372793]}"
936,0.0,27.0,6.0,9.326934814453125,8.0,19.623112655926704,110.76879806312809,2131.49169921875,42.0,0.4061042070388794,6.0,3.0,0.7750413933847745,14.291601181030273,37.0,"{""type"":""Point"",""coordinates"":[110.76945865930509,19.621299739545027]}"
937,0.0,28.0,56.0,13.571194648742676,55.0,19.77133467780643,110.55769397135998,2265.695068359375,40.0,0.8908908367156982,4.0,4.0,0.7288397040489973,13.461114883422852,36.0,"{""type"":""Point"",""coordinates"":[110.55788016965856,19.77283861574036]}"
938,0.0,30.0,497.0,71.36365509033203,328.0,19.142513978922757,109.65937868724046,2401.442626953125,40.0,13.68997859954834,5.0,2.0,0.5985144610606751,10.849751472473145,40.0,"{""type"":""Point"",""coordinates"":[109.66142385509052,19.144022670622142]}"
939,0.0,27.0,96.0,20.04616355895996,61.0,19.546755856776542,110.03217953015007,2624.718017578125,48.0,1.0388246774673462,2.0,3.0,0.7414988164329219,13.724772453308105,35.0,"{""type"":""Point"",""coordinates"":[110.03047017986071,19.546456605654985]}"
940,0.0,29.0,665.0,32.72865676879883,459.0,18.693356336862998,109.4437830190518,2061.794677734375,49.0,7.127330303192139,7.0,1.0,0.5712270485494426,11.372875213623047,45.0,"{""type"":""Point"",""coordinates"":[109.44517871785966,18.694492392324022]}"
941,0.0,27.0,57.0,10.249739646911621,57.0,19.91057354684495,110.31065726822715,2257.222900390625,45.0,0.43087270855903625,4.0,4.0,0.7190178425699296,14.16064453125,38.0,"{""type"":""Point"",""coordinates"":[110.31006489605636,19.91254001649894]}"
942,0.0,26.0,26.0,10.399906158447266,27.0,19.501840092570568,110.75532333386627,2180.337890625,48.0,0.5506364703178406,5.0,3.0,0.7543748567541508,13.969438552856445,37.0,"{""type"":""Point"",""coordinates"":[110.7530954231657,19.49977359323043]}"
943,0.0,22.0,124.0,29.237773895263672,108.0,19.245820236596508,109.0260664119362,1909.794921875,56.0,4.870573997497559,4.0,2.0,0.621587403120189,12.160294532775879,40.0,"{""type"":""Point"",""coordinates"":[109.02419117568725,19.247812732049983]}"
944,0.0,27.0,77.0,10.99459171295166,55.0,19.55124743319714,109.52013981820193,2190.56298828125,47.0,0.5427554845809937,4.0,3.0,0.7332266849770643,14.385446548461914,34.0,"{""type"":""Point"",""coordinates"":[109.51932302966367,19.553096930292412]}"
945,0.0,32.0,140.0,18.036190032958984,76.0,19.564722162458935,109.76717652133482,2343.623046875,43.0,1.320447564125061,4.0,3.0,0.7075231452676518,13.457895278930664,35.0,"{""type"":""Point"",""coordinates"":[109.76578058537032,19.566650151379367]}"
946,0.0,30.0,16.0,4.776522636413574,17.0,19.94650615820973,109.56954715882853,1608.80517578125,40.0,0.18257789313793182,3.0,4.0,0.7403892963506316,15.367935180664062,35.0,"{""type"":""Point"",""coordinates"":[109.56797426507343,19.947126110254292]}"
947,0.0,22.0,128.0,15.0203275680542,76.0,19.470399057626388,109.85251647332615,2541.180419921875,54.0,0.5991755723953247,4.0,3.0,0.7140210018840253,14.255623817443848,37.0,"{""type"":""Point"",""coordinates"":[109.85121382931987,19.46817482421235]}"
948,0.0,23.0,9.0,8.688262939453125,12.0,18.819120476639732,110.41396352590084,2119.864013671875,52.0,0.28679710626602173,2.0,1.0,0.7138342214684724,15.04403305053711,49.0,"{""type"":""Point"",""coordinates"":[110.41452447099367,18.81811753203596]}"
949,0.0,30.0,506.0,33.96678924560547,291.0,18.980817227781245,109.64590395797865,2169.785888671875,39.0,5.255070686340332,5.0,2.0,0.5994631248491468,11.816502571105957,43.0,"{""type"":""Point"",""coordinates"":[109.64438624039282,18.982628761750988]}"
950,0.0,33.0,47.0,15.019471168518066,47.0,19.88362408832137,109.83455016764378,2069.073486328125,39.0,1.339619755744934,4.0,4.0,0.7336060876470422,13.499564170837402,34.0,"{""type"":""Point"",""coordinates"":[109.83632203480283,19.885630076134508]}"
951,0.0,20.0,24.0,5.7493720054626465,24.0,19.753368372124037,110.9349863906902,1639.888916015625,57.0,0.6332635879516602,2.0,4.0,0.6830778158701764,12.882986068725586,46.0,"{""type"":""Point"",""coordinates"":[110.93692682843279,19.75415121711172]}"
952,0.0,30.0,259.0,58.342437744140625,81.0,19.133530826081568,109.45276617189296,2246.80712890625,37.0,9.717706680297852,4.0,2.0,0.6456213690840952,11.375751495361328,38.0,"{""type"":""Point"",""coordinates"":[109.45125229557667,19.134217012870213]}"
953,0.0,27.0,55.0,10.064078330993652,48.0,19.80277571275061,110.1130279057208,2359.382568359375,42.0,0.25051403045654297,4.0,4.0,0.7626007036626197,14.89511489868164,32.0,"{""type"":""Point"",""coordinates"":[110.11299487808085,19.80120144055729]}"
954,0.0,28.0,401.0,15.765326499938965,285.0,19.35361807069085,109.45725774831357,2319.260498046875,50.0,1.1563782691955566,4.0,3.0,0.65526235026802,13.413983345031738,37.0,"{""type"":""Point"",""coordinates"":[109.45688644865999,19.35465897545408]}"
955,0.0,29.0,40.0,10.486273765563965,40.0,19.501840092570568,109.01259168267438,1833.9847412109375,47.0,1.032366394996643,3.0,3.0,0.7149962667447687,13.764267921447754,37.0,"{""type"":""Point"",""coordinates"":[109.01309673637249,19.50260360831084]}"
956,0.0,22.0,17.0,11.609654426574707,20.0,18.944884616416466,110.46786244294805,2139.58740234375,49.0,0.6165446043014526,3.0,2.0,0.7405019095914924,14.273957252502441,41.0,"{""type"":""Point"",""coordinates"":[110.47009234869957,18.943428607618948]}"
957,0.0,24.0,20.0,9.265389442443848,21.0,19.735402066441644,110.82269698017524,1988.4483642578125,51.0,0.8121803998947144,4.0,3.0,0.7217657849946373,13.05555248260498,43.0,"{""type"":""Point"",""coordinates"":[110.82468901750498,19.73664456607466]}"
958,0.0,32.0,76.0,24.735492706298828,61.0,19.57370531530013,110.23879204549758,2646.990966796875,39.0,1.4801684617996216,4.0,3.0,0.7287497212063457,13.382598876953125,38.0,"{""type"":""Point"",""coordinates"":[110.24080648735698,19.571536690448553]}"
959,0.0,29.0,419.0,55.88848876953125,241.0,18.985308804201843,109.77615967417603,2371.47412109375,45.0,9.104607582092285,4.0,2.0,0.5977216898176454,11.328751564025879,44.0,"{""type"":""Point"",""coordinates"":[109.77406605897217,18.98353619313225]}"
960,0.0,26.0,7.0,5.849575519561768,8.0,20.036337686621685,110.71040756966033,1864.927001953125,47.0,0.19193634390830994,3.0,4.0,0.7220488341565289,14.115081787109375,45.0,"{""type"":""Point"",""coordinates"":[110.70966516917444,20.034617008530876]}"
961,0.0,25.0,149.0,17.64966583251953,95.0,18.940393039995868,109.03504956477741,1702.2852783203125,48.0,3.0022835731506348,5.0,2.0,0.6162750113301717,12.630155563354492,41.0,"{""type"":""Point"",""coordinates"":[109.0362134444321,18.939706700796762]}"
962,0.0,29.0,109.0,47.16810989379883,86.0,19.093106638296184,109.0215748355156,1784.18994140625,41.0,12.337756156921387,7.0,2.0,0.610115711986255,11.226800918579102,40.0,"{""type"":""Point"",""coordinates"":[109.02074439458579,19.094249270584676]}"
963,0.0,26.0,5.0,6.758785724639893,5.0,20.004896651677498,110.40498037305969,2064.39794921875,44.0,0.08376394957304001,3.0,4.0,0.7645503511504224,15.409814834594727,39.0,"{""type"":""Point"",""coordinates"":[110.40629558525671,20.005937120903624]}"
964,0.0,28.0,183.0,54.50151824951172,124.0,19.0751403326138,109.9513311545793,2582.4267578125,48.0,5.959649085998535,4.0,2.0,0.6378293464893636,11.920378684997559,43.0,"{""type"":""Point"",""coordinates"":[109.94992235180186,19.074956810170416]}"
965,0.0,23.0,192.0,12.900196075439453,177.0,18.99429195704304,108.84191177869172,1443.809814453125,56.0,3.090808153152466,3.0,2.0,0.58702079271479,12.57384967803955,42.0,"{""type"":""Point"",""coordinates"":[108.84262957754925,18.99239395584927]}"
966,0.0,31.0,4.0,5.975946426391602,5.0,19.959980887471524,110.79574752165166,1932.630615234375,39.0,0.13485771417617798,3.0,4.0,0.7165261045215368,14.474642753601074,48.0,"{""type"":""Point"",""coordinates"":[110.7971113962008,19.960752505349653]}"
967,0.0,26.0,125.0,10.02290153503418,124.0,19.501840092570568,109.16530528097474,1981.169921875,55.0,0.7612355351448059,5.0,3.0,0.6677554324659806,14.018058776855469,34.0,"{""type"":""Point"",""coordinates"":[109.16752691682538,19.499995294547944]}"
968,0.0,28.0,37.0,8.309663772583008,38.0,19.96896404031272,110.28819938612412,2256.103271484375,44.0,0.18308669328689575,2.0,4.0,0.7408558625998748,14.582392692565918,38.0,"{""type"":""Point"",""coordinates"":[110.28853447552308,19.96991388701032]}"
969,0.0,23.0,17.0,10.644341468811035,17.0,18.57208377350686,110.06811214151486,2255.696044921875,44.0,0.3494341969490051,3.0,1.0,0.7340987127730756,14.861001968383789,45.0,"{""type"":""Point"",""coordinates"":[110.06627791886919,18.57429254622299]}"
970,0.0,26.0,7.0,6.822692394256592,8.0,20.031846110201087,110.58015185346295,1930.6295166015625,41.0,0.31060662865638733,2.0,4.0,0.7292989838272295,13.633712768554688,44.0,"{""type"":""Point"",""coordinates"":[110.5784339276184,20.03023670668813]}"
971,0.0,32.0,102.0,28.8515625,102.0,19.784809407068217,109.99624691878529,2374.24169921875,39.0,2.630126953125,5.0,4.0,0.6935290665774756,12.791607856750488,32.0,"{""type"":""Point"",""coordinates"":[109.99797352698424,19.784622907770427]}"
972,0.0,28.0,362.0,44.4815673828125,238.0,18.886494122948697,109.06199902330098,1795.880126953125,41.0,12.84821605682373,7.0,2.0,0.5701122123296969,11.017704963684082,42.0,"{""type"":""Point"",""coordinates"":[109.0622649397384,18.885210980521403]}"
973,0.0,30.0,263.0,28.42392349243164,251.0,18.608016384871647,108.99462537699202,1652.97265625,42.0,7.617405414581299,4.0,1.0,0.5505524919342901,11.620320320129395,49.0,"{""type"":""Point"",""coordinates"":[108.99364156683924,18.608913266092966]}"
974,0.0,22.0,191.0,8.529983520507812,51.0,18.67988160760121,109.24615365654546,1870.6217041015625,56.0,0.5941882729530334,3.0,1.0,0.6661201409816154,14.224417686462402,44.0,"{""type"":""Point"",""coordinates"":[109.24682639956576,18.680346966334422]}"
975,0.0,22.0,128.0,20.986743927001953,90.0,19.587180044561926,109.85251647332615,2471.796875,55.0,1.3524011373519897,4.0,3.0,0.6998857102655612,13.441391944885254,35.0,"{""type"":""Point"",""coordinates"":[109.85404193004895,19.588108649093186]}"
976,0.0,25.0,256.0,13.964786529541016,181.0,19.16048028460515,109.92438169605572,2476.830810546875,46.0,0.5584074258804321,4.0,2.0,0.6580383456722996,14.243996620178223,41.0,"{""type"":""Point"",""coordinates"":[109.92288189639967,19.158582375255016]}"
977,0.0,29.0,97.0,15.514022827148438,79.0,19.66353684371208,109.57403873524913,2038.772216796875,46.0,1.502166748046875,4.0,3.0,0.6970268564230342,13.355230331420898,33.0,"{""type"":""Point"",""coordinates"":[109.57231448724363,19.663008857974344]}"
978,0.0,24.0,234.0,24.389541625976562,228.0,18.43284490446834,109.36293464348103,1981.9600830078125,53.0,3.4992921352386475,3.0,1.0,0.6185300007730322,12.42215633392334,41.0,"{""type"":""Point"",""coordinates"":[109.36136146167904,18.434528255738744]}"
979,0.0,31.0,120.0,20.467748641967773,101.0,19.46141590478519,110.45438771368623,2556.737060546875,35.0,1.149173378944397,4.0,3.0,0.6773510091409494,13.569190979003906,39.0,"{""type"":""Point"",""coordinates"":[110.45234462601702,19.459237936334482]}"
980,0.0,28.0,65.0,8.092411994934082,65.0,19.87913251190077,110.3241319974889,2300.0224609375,45.0,0.08372854441404343,9.0,4.0,0.7262062164686083,15.978546142578125,36.0,"{""type"":""Point"",""coordinates"":[110.323952334518,19.877948993159386]}"
981,0.0,27.0,32.0,18.90887451171875,32.0,18.42835332804774,109.17428843381595,1791.7030029296875,45.0,2.7990095615386963,4.0,1.0,0.6940537456287363,12.770830154418945,42.0,"{""type"":""Point"",""coordinates"":[109.17306463854258,18.429470465493303]}"
982,0.0,25.0,14.0,8.015738487243652,14.0,18.401403869524152,109.20123789233952,1894.80908203125,49.0,0.4384223222732544,2.0,1.0,0.7327417020696976,14.635855674743652,41.0,"{""type"":""Point"",""coordinates"":[109.19988480400062,18.403132913894122]}"
983,0.0,31.0,231.0,32.117034912109375,217.0,18.608016384871647,108.99911695341262,1652.97265625,40.0,9.104039192199707,5.0,1.0,0.548777148603985,11.4607515335083,49.0,"{""type"":""Point"",""coordinates"":[108.99694258929969,18.60596055989086]}"
984,0.0,23.0,32.0,10.756937026977539,32.0,19.600654773823713,109.31801887927503,2061.268310546875,51.0,0.6312344670295715,2.0,3.0,0.743042838658422,14.260929107666016,36.0,"{""type"":""Point"",""coordinates"":[109.31593698502797,19.602689786823294]}"
985,0.0,27.0,255.0,40.051910400390625,157.0,19.416500140579217,109.70878602786706,2442.66162109375,44.0,4.185414791107178,4.0,3.0,0.6723492677347402,12.228643417358398,34.0,"{""type"":""Point"",""coordinates"":[109.71009496209595,19.418627967313455]}"
986,0.0,24.0,22.0,9.12265396118164,22.0,19.6365873851885,109.30903572643388,2061.268310546875,54.0,0.4414692521095276,2.0,3.0,0.7556029637317259,14.624316215515137,36.0,"{""type"":""Point"",""coordinates"":[109.30684161540319,19.635335831486774]}"
987,0.0,24.0,179.0,18.130348205566406,62.0,19.34912649427025,109.61895449945507,2387.275634765625,49.0,1.1470447778701782,17.0,3.0,0.7245138571074405,13.57422924041748,37.0,"{""type"":""Point"",""coordinates"":[109.61734825770327,19.350239352826854]}"
988,0.0,24.0,46.0,9.194926261901855,46.0,18.720305795386587,110.1624352463474,2284.88232421875,52.0,0.21487697958946228,3.0,1.0,0.7025423192951765,15.330403327941895,45.0,"{""type"":""Point"",""coordinates"":[110.16066616778178,18.719035541899125]}"
989,0.0,24.0,26.0,9.03674030303955,29.0,18.895477275789894,110.3735393381155,2292.78466796875,51.0,0.18188048899173737,5.0,2.0,0.7247516849449501,15.50877571105957,45.0,"{""type"":""Point"",""coordinates"":[110.37376630829168,18.895057863542963]}"
990,0.0,29.0,156.0,20.473840713500977,84.0,18.8820025465281,108.99013380057141,1648.6571044921875,43.0,4.255847930908203,4.0,2.0,0.6202911924803944,12.275932312011719,41.0,"{""type"":""Point"",""coordinates"":[108.99117762626948,18.88261430518182]}"
991,0.0,30.0,26.0,11.767927169799805,26.0,19.89260724116256,109.81658386196136,2069.073486328125,42.0,0.8088115453720093,4.0,4.0,0.7602689203421539,14.016496658325195,34.0,"{""type"":""Point"",""coordinates"":[109.81495821231564,19.89270983652082]}"
993,0.0,23.0,81.0,9.890780448913574,81.0,19.35361807069085,108.94970961278602,1667.8377685546875,55.0,1.2353427410125732,2.0,3.0,0.6422109408533999,13.56048583984375,40.0,"{""type"":""Point"",""coordinates"":[108.94925062737867,19.355026684362553]}"
994,0.0,24.0,145.0,11.7211332321167,115.0,19.506331668991166,110.1130279057208,2670.60595703125,52.0,0.18255704641342163,4.0,3.0,0.7094754097386,15.433625221252441,33.0,"{""type"":""Point"",""coordinates"":[110.1124658590727,19.50852566656345]}"
995,0.0,39.0,71.0,6.947076797485352,72.0,19.820742018433002,109.5515808531461,1813.1151123046875,34.0,0.44194403290748596,5.0,4.0,0.697742460646777,14.594508171081543,33.0,"{""type"":""Point"",""coordinates"":[109.5522933666768,19.819694343584917]}"
996,0.0,25.0,152.0,19.42661476135254,150.0,18.76522155959256,108.78352128522391,1405.4683837890625,53.0,6.275947570800781,4.0,1.0,0.5652157163957648,11.887835502624512,45.0,"{""type"":""Point"",""coordinates"":[108.78503516119432,18.763728630225742]}"
997,0.0,26.0,103.0,22.77342414855957,74.0,19.510823245411764,110.12650263498261,2670.60595703125,50.0,1.2520447969436646,6.0,3.0,0.7328971529362884,13.533799171447754,34.0,"{""type"":""Point"",""coordinates"":[110.12600563471455,19.51085476123206]}"
998,0.0,31.0,563.0,57.7996711730957,414.0,18.93590146357527,109.83005859122318,2384.918701171875,37.0,10.230198860168457,4.0,2.0,0.5820143169087257,11.095629692077637,45.0,"{""type"":""Point"",""coordinates"":[109.82821612102909,18.936443891957765]}"
999,0.0,27.0,423.0,31.301877975463867,243.0,18.8820025465281,109.51115666536077,2044.4984130859375,48.0,5.33937406539917,6.0,2.0,0.5890886851872116,11.864985466003418,45.0,"{""type"":""Point"",""coordinates"":[109.51115086801255,18.88202885973352]}"
1000,0.0,27.0,201.0,21.22503089904785,184.0,18.868527817266305,110.21184258697394,2600.9130859375,49.0,1.2468767166137695,4.0,2.0,0.6479453591574622,13.476667404174805,45.0,"{""type"":""Point"",""coordinates"":[110.21250512099691,18.86717269720662]}"
1001,0.0,24.0,11.0,11.48592758178711,14.0,18.774204712433757,110.3735393381155,2215.038330078125,50.0,0.5452330708503723,2.0,1.0,0.7161036820535238,14.419538497924805,49.0,"{""type"":""Point"",""coordinates"":[110.37258696525633,18.77521902396946]}"
1002,0.0,35.0,80.0,26.749189376831055,80.0,19.043699297669612,110.39599722021848,2544.531982421875,36.0,1.9444299936294556,4.0,2.0,0.7023739392406462,13.107234954833984,38.0,"{""type"":""Point"",""coordinates"":[110.39568485877516,19.044416746938566]}"
1003,0.0,31.0,694.0,41.26888656616211,658.0,18.756238406751365,110.03217953015007,2363.93603515625,44.0,7.040339469909668,5.0,1.0,0.5849231192877846,11.358240127563477,45.0,"{""type"":""Point"",""coordinates"":[110.03096996123327,18.75564397260102]}"
1004,0.0,28.0,358.0,34.65562438964844,202.0,19.079631909034397,109.77615967417603,2267.7021484375,47.0,4.532546043395996,4.0,2.0,0.6288666661850013,12.077371597290039,40.0,"{""type"":""Point"",""coordinates"":[109.77772895395432,19.08103318786121]}"
1005,0.0,25.0,15.0,7.377748489379883,16.0,19.919556699686147,110.72388229892209,2021.1585693359375,46.0,0.33495599031448364,4.0,4.0,0.7090247158173878,13.54038143157959,48.0,"{""type"":""Point"",""coordinates"":[110.7250152194568,19.91831810961592]}"
1006,0.0,27.0,661.0,24.87039566040039,583.0,18.810137323798536,109.72675233354943,2239.583984375,45.0,3.110706090927124,5.0,1.0,0.588186569731261,12.209829330444336,46.0,"{""type"":""Point"",""coordinates"":[109.72465521495045,18.809060906804444]}"
1007,0.0,28.0,181.0,39.935821533203125,150.0,18.93590146357527,110.1624352463474,2540.269775390625,47.0,3.772953987121582,4.0,2.0,0.6306532477846295,12.380974769592285,46.0,"{""type"":""Point"",""coordinates"":[110.16090215184566,18.93735316218881]}"
1008,0.0,19.0,76.0,9.980700492858887,66.0,19.12903924966097,108.8688612372153,1612.727783203125,61.0,1.3770376443862915,2.0,2.0,0.659858994822875,13.454850196838379,39.0,"{""type"":""Point"",""coordinates"":[108.8676020819228,19.128627130488226]}"
1009,0.0,21.0,14.0,8.955121994018555,15.0,19.820742018433002,109.47971563041654,1818.0050048828125,54.0,0.6802979707717896,2.0,4.0,0.7483058405918236,14.196479797363281,36.0,"{""type"":""Point"",""coordinates"":[109.47962413206089,19.822128058789787]}"
1010,0.0,26.0,23.0,8.617318153381348,24.0,19.874640935480173,110.67447495829555,2100.499267578125,44.0,0.42185425758361816,6.0,4.0,0.7233088175861953,13.70612907409668,44.0,"{""type"":""Point"",""coordinates"":[110.67658513626557,19.873542437663748]}"
1011,0.0,27.0,26.0,10.711856842041016,9.0,19.735402066441644,110.04565425941183,2457.389892578125,49.0,0.2597999572753906,2.0,3.0,0.8165700785178717,15.152210235595703,31.0,"{""type"":""Point"",""coordinates"":[110.04601306557734,19.737261561814748]}"
1012,0.0,30.0,556.0,50.24657440185547,518.0,18.774204712433757,110.02319637730886,2363.93603515625,43.0,8.52534294128418,5.0,1.0,0.587779920477813,11.287088394165039,45.0,"{""type"":""Point"",""coordinates"":[110.02164075687594,18.77213644340682]}"
1013,0.0,31.0,250.0,28.704612731933594,125.0,18.724797371807185,109.06649059972159,1806.87158203125,40.0,5.943129062652588,4.0,1.0,0.5871487560325455,11.879533767700195,44.0,"{""type"":""Point"",""coordinates"":[109.06532250997546,18.724314850514823]}"
1014,0.0,28.0,258.0,39.36945724487305,203.0,19.389550682055628,109.96929746026171,2700.049072265625,47.0,3.2180604934692383,5.0,3.0,0.6718239216098092,12.490193367004395,37.0,"{""type"":""Point"",""coordinates"":[109.96993476108123,19.38889721187491]}"
1015,0.0,28.0,79.0,14.488027572631836,79.0,19.86116620621838,110.45438771368623,2247.267578125,43.0,1.1315480470657349,5.0,4.0,0.6906696824534281,13.174071311950684,38.0,"{""type"":""Point"",""coordinates"":[110.45268554813501,19.861828778837477]}"
1016,0.0,23.0,121.0,16.05533790588379,68.0,19.277261271540688,110.17141839918861,2686.43310546875,52.0,0.5498856902122498,4.0,2.0,0.7224200837963979,14.34577465057373,38.0,"{""type"":""Point"",""coordinates"":[110.16937181950408,19.278235093477768]}"
1017,0.0,27.0,10.0,5.164837837219238,11.0,20.000405075256907,110.71489914608088,1864.927001953125,46.0,0.0,3.0,4.0,0.7102675075568342,15.317362785339355,47.0,"{""type"":""Point"",""coordinates"":[110.7166582161929,20.001642886324785]}"
1018,0.0,30.0,664.0,43.585174560546875,488.0,18.998783533463637,109.78065125059658,2371.47412109375,45.0,7.399914264678955,4.0,2.0,0.5984303104127684,11.335858345031738,42.0,"{""type"":""Point"",""coordinates"":[109.78031884605511,18.999599683387046]}"
1019,0.0,24.0,15.0,3.1521730422973633,18.0,18.62598269055404,108.72962236817676,1294.993896484375,49.0,0.12970924377441406,2.0,1.0,0.6886085037634379,15.762870788574219,42.0,"{""type"":""Point"",""coordinates"":[108.72813949426344,18.624649955998265]}"
1020,0.0,30.0,501.0,37.08519744873047,412.0,19.025732991987226,109.15632212813352,1972.170654296875,42.0,8.31264591217041,6.0,2.0,0.5978492648264884,11.357681274414062,39.0,"{""type"":""Point"",""coordinates"":[109.15827632657198,19.02369080214568]}"
1021,0.0,30.0,561.0,36.860172271728516,429.0,18.97183407494005,109.20123789233952,1848.5914306640625,39.0,10.234006881713867,5.0,2.0,0.5766379320588434,11.096929550170898,40.0,"{""type"":""Point"",""coordinates"":[109.20210704931371,18.969807129250626]}"
1022,0.0,24.0,14.0,7.061802864074707,15.0,19.739893642862242,110.91252850858717,1721.2138671875,53.0,1.0422154664993286,4.0,3.0,0.7033396758947345,12.407427787780762,45.0,"{""type"":""Point"",""coordinates"":[110.91035247771022,19.74025594412875]}"
1023,0.0,27.0,91.0,14.535076141357422,91.0,19.55124743319714,109.04403271761862,1832.244384765625,46.0,1.7775863409042358,2.0,3.0,0.6560379415893706,13.190409660339355,36.0,"{""type"":""Point"",""coordinates"":[109.0456913179916,19.552381962047782]}"
1024,0.0,24.0,29.0,9.797171592712402,30.0,19.739893642862242,110.82269698017524,1988.4483642578125,53.0,0.9971005320549011,5.0,3.0,0.7113762034344056,12.836722373962402,43.0,"{""type"":""Point"",""coordinates"":[110.82290461181869,19.74078946879382]}"
1025,0.0,26.0,169.0,27.360483169555664,99.0,19.35361807069085,109.94234800173814,2643.167236328125,49.0,1.7957247495651245,4.0,3.0,0.6749798316579556,13.132152557373047,39.0,"{""type"":""Point"",""coordinates"":[109.94377858387703,19.353529613872798]}"
1026,0.0,29.0,394.0,41.26137161254883,374.0,18.8775109701075,110.19836785771219,2396.410400390625,45.0,5.239002227783203,4.0,2.0,0.6091549036165075,11.905656814575195,45.0,"{""type"":""Point"",""coordinates"":[110.19935270144529,18.876293069229774]}"
1027,0.0,28.0,367.0,39.0291748046875,250.0,19.367092799952644,109.64590395797865,2415.33203125,48.0,4.6612324714660645,4.0,3.0,0.6539121970862268,12.042778015136719,36.0,"{""type"":""Point"",""coordinates"":[109.64696930301471,19.366059821898357]}"
1028,0.0,25.0,38.0,13.345017433166504,38.0,19.762351524965233,109.47522405399599,1906.2293701171875,52.0,1.3770875930786133,3.0,4.0,0.7425372722875102,13.47723388671875,32.0,"{""type"":""Point"",""coordinates"":[109.47662615554077,19.761232023472257]}"
1029,0.0,24.0,36.0,5.651931285858154,39.0,18.536151162142083,108.84191177869172,1407.3258056640625,50.0,0.6909388899803162,2.0,1.0,0.655638351678193,14.168218612670898,45.0,"{""type"":""Point"",""coordinates"":[108.84334121096992,18.536005299638397]}"
1030,0.0,24.0,38.0,14.9560546875,27.0,19.71294418433866,110.18938470487097,2547.894775390625,48.0,0.594419538974762,3.0,3.0,0.8048318661548471,14.147502899169922,30.0,"{""type"":""Point"",""coordinates"":[110.18800270995888,19.71309282312017]}"
1031,0.0,29.0,36.0,9.187055587768555,36.0,18.59903323203045,110.03217953015007,2114.489013671875,41.0,0.3648192584514618,5.0,1.0,0.7004211586942881,14.806902885437012,46.0,"{""type"":""Point"",""coordinates"":[110.0340626900983,18.599165142072813]}"
1032,0.0,27.0,36.0,9.667007446289062,37.0,19.83421674769479,110.58913500630416,2196.447509765625,41.0,0.4697864353656769,5.0,4.0,0.7395589392485744,13.64440631866455,38.0,"{""type"":""Point"",""coordinates"":[110.58843633151164,19.83261361889689]}"
1033,0.0,25.0,32.0,15.672710418701172,23.0,19.164971861025748,110.28370780970351,2772.264404296875,47.0,0.4212370216846466,4.0,2.0,0.7694277012931031,14.665432929992676,40.0,"{""type"":""Point"",""coordinates"":[110.28534269066601,19.166713785539724]}"
1034,0.0,31.0,442.0,34.69396209716797,318.0,18.97183407494005,109.17878001023655,1778.2435302734375,37.0,9.416939735412598,6.0,2.0,0.5828807180342874,11.277022361755371,40.0,"{""type"":""Point"",""coordinates"":[109.17718225097455,18.97345503879394]}"
1036,0.0,28.0,11.0,7.474174499511719,12.0,19.870149359059575,109.55607242956671,1771.19140625,43.0,0.5041846036911011,2.0,4.0,0.7541430233074802,14.497814178466797,35.0,"{""type"":""Point"",""coordinates"":[109.55710939022275,19.87219467310564]}"
1037,0.0,30.0,224.0,59.85256576538086,196.0,18.563100620665672,109.35395149063982,2135.404296875,42.0,11.963418960571289,4.0,1.0,0.5783579220739897,11.185991287231445,46.0,"{""type"":""Point"",""coordinates"":[109.35339159525525,18.561990150818772]}"
1038,0.0,29.0,19.0,14.682174682617188,19.0,19.924048276106745,109.94234800173814,2087.6748046875,39.0,1.3127237558364868,4.0,4.0,0.7588462913113713,13.266189575195312,36.0,"{""type"":""Point"",""coordinates"":[109.94058158426779,19.921898027775963]}"
1039,0.0,27.0,29.0,9.868112564086914,13.0,19.726418913600448,110.06811214151486,2479.068603515625,46.0,0.13469535112380981,4.0,3.0,0.8108120795928211,15.807372093200684,32.0,"{""type"":""Point"",""coordinates"":[110.06968674304919,19.724960755705293]}"
1040,0.0,22.0,141.0,16.1871395111084,83.0,19.479382210467584,109.56954715882853,2276.25439453125,54.0,1.0851951837539673,4.0,3.0,0.6876279488977316,13.653542518615723,37.0,"{""type"":""Point"",""coordinates"":[109.56927499225277,19.479139341090242]}"
1041,0.0,29.0,244.0,23.39141082763672,239.0,18.54513431498328,109.83005859122318,2248.7099609375,43.0,2.2789828777313232,5.0,1.0,0.6124284850428283,12.845094680786133,47.0,"{""type"":""Point"",""coordinates"":[109.8288589663996,18.546014819643684]}"
1042,0.0,28.0,211.0,43.761234283447266,194.0,19.245820236596508,110.21184258697394,2742.86279296875,43.0,3.4344468116760254,3.0,2.0,0.6539556597304449,12.455944061279297,41.0,"{""type"":""Point"",""coordinates"":[110.21323071875554,19.247409272144544]}"
1043,0.0,29.0,209.0,32.54228973388672,184.0,18.899968852210492,108.8688612372153,1499.4522705078125,43.0,12.068471908569336,5.0,2.0,0.5599111824280825,11.186755180358887,43.0,"{""type"":""Point"",""coordinates"":[108.86726949221189,18.8983676159699]}"
1044,0.0,29.0,991.0,40.543739318847656,811.0,18.98980038062244,109.4437830190518,2043.99169921875,41.0,14.573638916015625,6.0,2.0,0.5424746116886153,10.284333229064941,42.0,"{""type"":""Point"",""coordinates"":[109.44307816647846,18.989185463215527]}"
1045,0.0,24.0,44.0,14.36343765258789,35.0,19.618621079506106,110.32862357390951,2562.081298828125,50.0,0.5480378270149231,3.0,3.0,0.7700278705879645,14.165224075317383,36.0,"{""type"":""Point"",""coordinates"":[110.32938768627707,19.61691322185594]}"
1047,0.0,25.0,47.0,17.344802856445312,38.0,19.72192733717985,110.22531731623576,2524.149169921875,51.0,0.9878027439117432,6.0,3.0,0.7824194935757878,13.529251098632812,32.0,"{""type"":""Point"",""coordinates"":[110.22545686553494,19.722438012205142]}"
1048,0.0,30.0,437.0,47.77180480957031,248.0,19.12454767324037,109.58751346451089,2184.56787109375,40.0,8.780731201171875,4.0,2.0,0.6054543257284851,11.351972579956055,40.0,"{""type"":""Point"",""coordinates"":[109.58662594949783,19.124903450803856]}"
1049,0.0,25.0,229.0,26.24249839782715,128.0,19.40751698773802,109.5920050409315,2352.702880859375,53.0,2.4679453372955322,4.0,3.0,0.6801550625270023,12.77524471282959,33.0,"{""type"":""Point"",""coordinates"":[109.59408127997354,19.40726169492592]}"
1050,0.0,27.0,252.0,30.76711082458496,118.0,19.21437920165232,109.3943756784252,2285.001953125,45.0,3.341942071914673,4.0,2.0,0.6580594233780015,12.456345558166504,36.0,"{""type"":""Point"",""coordinates"":[109.3936663735285,19.212301955323728]}"
1051,0.0,28.0,512.0,42.28616714477539,409.0,19.142513978922757,109.19225473949831,2028.9908447265625,49.0,9.999748229980469,6.0,2.0,0.5998006596174259,11.160892486572266,38.0,"{""type"":""Point"",""coordinates"":[109.19158489280491,19.143825563269992]}"
1052,0.0,29.0,24.0,8.84826946258545,24.0,19.72192733717985,110.7328654517633,2240.012451171875,45.0,0.2931986153125763,4.0,3.0,0.7484216433540737,14.355355262756348,40.0,"{""type"":""Point"",""coordinates"":[110.73097657527417,19.721808737695497]}"
1053,0.0,22.0,66.0,14.008706092834473,49.0,19.55124743319714,110.28370780970351,2597.77294921875,53.0,0.43129903078079224,4.0,3.0,0.7475363937645373,14.602093696594238,38.0,"{""type"":""Point"",""coordinates"":[110.28590605724531,19.551252312322724]}"
1054,0.0,34.0,126.0,25.60896110534668,111.0,19.340143341429055,110.30616569180654,2747.296142578125,41.0,1.5128589868545532,4.0,3.0,0.6820551470826905,13.330456733703613,38.0,"{""type"":""Point"",""coordinates"":[110.30452861641764,19.340049966162265]}"
1055,0.0,26.0,517.0,86.62405395507812,432.0,19.245820236596508,109.91989011963511,2647.961669921875,49.0,14.625534057617188,5.0,2.0,0.6127241990145029,10.764813423156738,38.0,"{""type"":""Point"",""coordinates"":[109.92041420327783,19.245795902012244]}"
1056,0.0,21.0,28.0,9.445898056030273,28.0,19.66802842013268,109.34945991421921,1983.560546875,57.0,0.56007981300354,2.0,3.0,0.7434044548458956,14.382858276367188,36.0,"{""type"":""Point"",""coordinates"":[109.34728534534725,19.665785884010056]}"
1057,0.0,25.0,47.0,45.427268981933594,42.0,18.46428593941252,109.26861153864849,1944.4754638671875,48.0,8.71571159362793,11.0,1.0,0.6716857269471983,11.619250297546387,43.0,"{""type"":""Point"",""coordinates"":[109.26671027576475,18.464177065608578]}"
1058,0.0,30.0,740.0,14.773520469665527,536.0,18.922426734313476,109.60547977019331,2131.794921875,46.0,1.583059549331665,5.0,2.0,0.5915609720689845,12.810881614685059,44.0,"{""type"":""Point"",""coordinates"":[109.60701999383723,18.922541875606157]}"
1059,0.0,30.0,32.0,29.33285140991211,33.0,19.474890634046986,110.64303392335137,2437.163330078125,39.0,3.142345905303955,5.0,3.0,0.7525846393251338,12.22144889831543,37.0,"{""type"":""Point"",""coordinates"":[110.64080515866164,19.475226810116094]}"
1060,0.0,28.0,722.0,65.7296142578125,490.0,18.97183407494005,109.72226075712882,2376.595947265625,44.0,15.282071113586426,6.0,2.0,0.572264594635972,10.537330627441406,42.0,"{""type"":""Point"",""coordinates"":[109.72201097578416,18.971082898194584]}"
1061,0.0,25.0,175.0,16.80881118774414,98.0,19.29522757722308,109.87048277900857,2602.931640625,52.0,0.7609332203865051,5.0,3.0,0.6902500585499419,13.987242698669434,37.0,"{""type"":""Point"",""coordinates"":[109.87166246382998,19.29453545314906]}"
1062,0.0,33.0,59.0,14.146514892578125,59.0,19.72192733717985,109.47971563041654,2001.4580078125,42.0,1.388449788093567,4.0,3.0,0.7243205312642069,13.456686019897461,32.0,"{""type"":""Point"",""coordinates"":[109.47958209490727,19.723672960415644]}"
1063,0.0,27.0,118.0,11.899642944335938,61.0,19.60514635024431,109.74022706281124,2174.90087890625,46.0,0.6800330877304077,4.0,3.0,0.7269667201906405,14.135165214538574,33.0,"{""type"":""Point"",""coordinates"":[109.73861324827034,19.60669287842448]}"
1064,0.0,28.0,16.0,7.072467803955078,16.0,19.735402066441644,110.76430648670748,2135.3681640625,48.0,0.12990064918994904,5.0,3.0,0.7573278524084839,14.894585609436035,39.0,"{""type"":""Point"",""coordinates"":[110.76296239847345,19.735725587242566]}"
1065,0.0,34.0,82.0,11.84033203125,65.0,19.757859948544635,109.8031091326996,2151.650634765625,39.0,0.7555323243141174,6.0,4.0,0.7112842060190796,14.051665306091309,36.0,"{""type"":""Point"",""coordinates"":[109.8048468896965,19.758391402265072]}"
1066,0.0,28.0,108.0,26.04886817932129,100.0,19.29522757722308,110.3241319974889,2895.787841796875,46.0,1.2286545038223267,3.0,3.0,0.6919183888550016,13.549626350402832,36.0,"{""type"":""Point"",""coordinates"":[110.32493961566175,19.293380191179093]}"
1067,0.0,30.0,116.0,18.3020076751709,111.0,19.645570538029695,110.61159288840719,2356.18701171875,46.0,1.6837351322174072,3.0,3.0,0.6903055767568665,12.767793655395508,33.0,"{""type"":""Point"",""coordinates"":[110.61102352435147,19.643413292652504]}"
1068,0.0,22.0,40.0,5.058668613433838,40.0,19.097598214716783,108.7071644860738,1296.439453125,55.0,0.7606479525566101,2.0,2.0,0.6562840960569656,14.069755554199219,43.0,"{""type"":""Point"",""coordinates"":[108.70559692287917,19.098438960711974]}"
1069,0.0,25.0,381.0,68.01618957519531,234.0,19.178446590287543,109.798617556279,2623.226806640625,46.0,8.559473037719727,3.0,2.0,0.6298619023083796,11.419590950012207,40.0,"{""type"":""Point"",""coordinates"":[109.79934618635026,19.178872807363742]}"
1070,0.0,23.0,32.0,12.412637710571289,35.0,18.90446042863109,110.3645561852743,2322.842041015625,51.0,0.5302743315696716,4.0,2.0,0.7172188585178966,14.435223579406738,45.0,"{""type"":""Point"",""coordinates"":[110.3626520550478,18.90226687843451]}"
1071,0.0,28.0,27.0,21.04587173461914,13.0,19.77582625422702,110.13099421140322,2463.69091796875,43.0,1.5218226909637451,4.0,4.0,0.8040773345246439,13.112259864807129,32.0,"{""type"":""Point"",""coordinates"":[110.12892353388183,19.778043259355314]}"
1072,0.0,26.0,146.0,13.873433113098145,43.0,19.313193882905473,109.72226075712882,2483.639404296875,40.0,0.501423716545105,4.0,3.0,0.7509653140693877,14.422592163085938,36.0,"{""type"":""Point"",""coordinates"":[109.72293843222575,19.311435807290785]}"
1073,0.0,29.0,210.0,22.53590965270996,111.0,19.46141590478519,109.69980287502585,2363.30517578125,44.0,1.845649003982544,4.0,3.0,0.6754537044350761,13.078470230102539,35.0,"{""type"":""Point"",""coordinates"":[109.70103989328398,19.462190662720197]}"
1074,0.0,25.0,32.0,13.240732192993164,22.0,19.21437920165232,108.96318434204784,1811.8934326171875,53.0,1.6029213666915894,3.0,2.0,0.7143277711104147,13.328803062438965,41.0,"{""type"":""Point"",""coordinates"":[108.9650473173365,19.212465140328607]}"
1075,0.0,26.0,85.0,8.018977165222168,85.0,19.344634917849653,108.92725173068305,1682.9339599609375,53.0,0.8357533812522888,3.0,3.0,0.6317058969373619,13.948944091796875,42.0,"{""type"":""Point"",""coordinates"":[108.92518792664309,19.343086350524793]}"
1076,0.0,31.0,18.0,8.576068878173828,17.0,19.816250442012404,110.3735393381155,2290.587890625,36.0,0.13475751876831055,7.0,4.0,0.7845878867571376,15.543500900268555,35.0,"{""type"":""Point"",""coordinates"":[110.37499875625403,19.8152132282714]}"
1077,0.0,27.0,316.0,12.860167503356934,230.0,19.01225826272543,109.9603143074205,2478.089599609375,49.0,0.5032140612602234,4.0,2.0,0.6459052105630603,14.30714225769043,43.0,"{""type"":""Point"",""coordinates"":[109.96142269965691,19.013471300927435]}"
1078,0.0,21.0,32.0,7.66939640045166,32.0,18.495726974356707,110.0007384952059,2053.680908203125,56.0,0.21034331619739532,2.0,1.0,0.7042998391326356,15.359901428222656,45.0,"{""type"":""Point"",""coordinates"":[109.99883171979124,18.493860229092036]}"
1079,0.0,24.0,219.0,40.328285217285156,100.0,19.209887625231723,109.82107543838197,2499.17626953125,54.0,4.072091102600098,4.0,2.0,0.6649451108876389,12.279951095581055,37.0,"{""type"":""Point"",""coordinates"":[109.82064803610275,19.20913225717581]}"
1080,0.0,21.0,8.0,3.291914224624634,8.0,19.01225826272543,108.65326556902659,1113.82666015625,54.0,0.4826904237270355,2.0,2.0,0.6747326023955758,14.543105125427246,45.0,"{""type"":""Point"",""coordinates"":[108.6542047308705,19.010072988947407]}"
1081,0.0,25.0,20.0,10.572144508361816,20.0,19.89260724116256,109.85700804974675,2114.076904296875,49.0,0.5971271991729736,4.0,4.0,0.770872344007938,14.133926391601562,34.0,"{""type"":""Point"",""coordinates"":[109.85791013494351,19.894433712664185]}"
1082,0.0,25.0,180.0,11.117742538452148,95.0,19.29971915364368,109.78514282701718,2496.40234375,54.0,0.2930593490600586,4.0,3.0,0.6885590207649799,14.938287734985352,37.0,"{""type"":""Point"",""coordinates"":[109.78643807148444,19.30182505161373]}"
1083,0.0,31.0,241.0,16.525829315185547,124.0,19.308702306484875,109.61895449945507,2387.275634765625,42.0,1.0475773811340332,4.0,3.0,0.6738814474330366,13.624747276306152,36.0,"{""type"":""Point"",""coordinates"":[109.61940945096072,19.30771042257185]}"
1084,0.0,27.0,280.0,27.375423431396484,156.0,18.886494122948697,109.87497435542917,2311.743896484375,49.0,2.8241164684295654,4.0,2.0,0.6200140522447368,12.606183052062988,45.0,"{""type"":""Point"",""coordinates"":[109.87374472313496,18.88639002785226]}"
1085,0.0,29.0,6.0,8.757467269897461,7.0,19.78031783064762,109.32251045569564,1874.54541015625,42.0,0.5946331024169922,4.0,4.0,0.7762489660987779,14.33566951751709,33.0,"{""type"":""Point"",""coordinates"":[109.32168594578864,19.77933678985963]}"
1086,0.0,24.0,227.0,49.346595764160156,118.0,19.362601223532046,109.45725774831357,2319.260498046875,55.0,7.0634002685546875,3.0,3.0,0.6432146064249739,11.720551490783691,37.0,"{""type"":""Point"",""coordinates"":[109.45633406466605,19.36219769101449]}"
1087,0.0,29.0,117.0,34.26231002807617,93.0,19.007766686304834,110.166926822768,2601.173583984375,41.0,2.6049394607543945,6.0,2.0,0.6516949447644957,12.79211139678955,46.0,"{""type"":""Point"",""coordinates"":[110.16776446806064,19.009346741027063]}"
1088,0.0,26.0,16.0,10.921525001525879,17.0,19.8252335948536,109.52463139462253,1845.8292236328125,46.0,1.002838134765625,4.0,4.0,0.7523702606495096,13.807214736938477,35.0,"{""type"":""Point"",""coordinates"":[109.52286493049473,19.824693562954984]}"
1089,0.0,24.0,108.0,11.357320785522461,87.0,19.286244424381884,109.04852429403917,1892.41015625,55.0,1.089429259300232,3.0,3.0,0.6440707764357548,13.66992473602295,41.0,"{""type"":""Point"",""coordinates"":[109.04821834121594,19.285851728539665]}"
1090,0.0,31.0,412.0,49.94771194458008,280.0,19.003275109884235,109.19674631591892,1972.170654296875,39.0,12.695324897766113,7.0,2.0,0.5904040674175034,10.993448257446289,39.0,"{""type"":""Point"",""coordinates"":[109.1988454534906,19.001457434974842]}"
1091,0.0,25.0,65.0,16.502702713012695,34.0,19.483873786888182,110.27921623328291,2623.518310546875,43.0,0.6084182858467102,4.0,3.0,0.767855156640091,14.278374671936035,37.0,"{""type"":""Point"",""coordinates"":[110.27726150776684,19.481844825413276]}"
1092,0.0,28.0,346.0,57.95107650756836,309.0,19.32666861216726,110.21633416339455,2826.0595703125,47.0,5.514670372009277,5.0,3.0,0.6565919321940549,11.888809204101562,37.0,"{""type"":""Point"",""coordinates"":[110.21663508288215,19.32672419477005]}"
1093,0.0,23.0,189.0,14.547924995422363,116.0,19.41200856415862,109.53810612388435,2343.00732421875,57.0,0.8603338003158569,4.0,3.0,0.6841494643597354,13.855533599853516,34.0,"{""type"":""Point"",""coordinates"":[109.53959093888973,19.410033113354736]}"
1094,0.0,31.0,253.0,60.00163269042969,256.0,18.3160639175328,109.64590395797865,2119.78125,44.0,13.015216827392578,4.0,0.0,0.5863065903060581,11.079835891723633,43.0,"{""type"":""Point"",""coordinates"":[109.64749465988078,18.31650616784688]}"
1095,0.0,34.0,118.0,22.91458511352539,111.0,19.474890634046986,110.55769397135998,2519.09228515625,40.0,1.8787055015563965,4.0,3.0,0.6728056526859919,12.829750061035156,39.0,"{""type"":""Point"",""coordinates"":[110.5587106581877,19.47572321501354]}"
1096,0.0,29.0,549.0,10.464401245117188,509.0,18.841578358742723,108.90479384858008,1593.920166015625,48.0,1.9744397401809692,7.0,2.0,0.5716216526608068,12.762704849243164,44.0,"{""type"":""Point"",""coordinates"":[108.90572660634135,18.842320105153803]}"
1097,0.0,29.0,385.0,42.776912689208984,381.0,18.42835332804774,109.33598518495745,1977.5943603515625,44.0,9.62550163269043,6.0,1.0,0.5875047749066449,11.2972993850708,42.0,"{""type"":""Point"",""coordinates"":[109.33545581906185,18.42630263435181]}"
1098,0.0,30.0,281.0,25.271757125854492,112.0,19.164971861025748,109.63692080513749,2350.646484375,37.0,2.231987237930298,4.0,2.0,0.6509499123245868,12.841111183166504,39.0,"{""type"":""Point"",""coordinates"":[109.63740483275598,19.166428540259595]}"
1099,0.0,26.0,180.0,53.135650634765625,153.0,18.80115417095734,110.07709529435607,2351.9912109375,48.0,7.16160774230957,4.0,1.0,0.6077925008535572,11.736954689025879,46.0,"{""type"":""Point"",""coordinates"":[110.07495372166093,18.801620359621698]}"
1100,0.0,26.0,38.0,31.7161808013916,35.0,19.151497131763954,110.34209830317133,2818.614013671875,45.0,1.753566861152649,3.0,2.0,0.7525727824576176,13.235432624816895,39.0,"{""type"":""Point"",""coordinates"":[110.34209970220432,19.14939295559819]}"
1101,0.0,28.0,196.0,21.481033325195312,79.0,19.29522757722308,109.62793765229628,2402.915283203125,42.0,1.55046808719635,4.0,3.0,0.6986151194277204,13.261884689331055,36.0,"{""type"":""Point"",""coordinates"":[109.63018290509682,19.293224237335668]}"
1102,0.0,30.0,238.0,23.777372360229492,114.0,18.832595205901526,109.04852429403917,1790.07470703125,44.0,4.579415798187256,7.0,2.0,0.6157592299555359,12.149618148803711,39.0,"{""type"":""Point"",""coordinates"":[109.05060080042989,18.83269914326729]}"
1103,0.0,32.0,391.0,79.68663787841797,371.0,18.985308804201843,110.26124992760055,2543.417236328125,37.0,12.8345947265625,4.0,2.0,0.5911210824143922,10.99771785736084,45.0,"{""type"":""Point"",""coordinates"":[110.2603857801365,18.983467607338504]}"
1104,0.0,23.0,30.0,14.526667594909668,30.0,19.641078961609097,109.36742621990163,2061.081298828125,54.0,1.223273754119873,3.0,3.0,0.7438181731770853,13.600371360778809,36.0,"{""type"":""Point"",""coordinates"":[109.3655574217803,19.642593069347093]}"
1105,0.0,25.0,16.0,8.729330062866211,17.0,19.699469455076866,110.99337688415795,1614.03564453125,46.0,2.376229763031006,3.0,3.0,0.6855284510869545,11.578292846679688,46.0,"{""type"":""Point"",""coordinates"":[110.99327935866026,19.69842658676324]}"
1106,0.0,24.0,303.0,26.13365364074707,106.0,18.985308804201843,109.55607242956671,2121.559326171875,50.0,3.2249038219451904,4.0,2.0,0.619474197250297,12.457481384277344,42.0,"{""type"":""Point"",""coordinates"":[109.55496365161709,18.98386331010323]}"
1107,0.0,25.0,438.0,40.35219955444336,255.0,19.10658136755798,109.69531129860525,2401.442626953125,51.0,5.081639289855957,4.0,2.0,0.6340067332440642,11.903382301330566,39.0,"{""type"":""Point"",""coordinates"":[109.69437949809023,19.108486993591995]}"
1108,0.0,24.0,251.0,44.209346771240234,219.0,19.066157179772603,110.09506160003843,2653.810302734375,53.0,3.994067430496216,3.0,2.0,0.6322273862806207,12.278266906738281,45.0,"{""type"":""Point"",""coordinates"":[110.09434301239027,19.067564116458826]}"
1109,0.0,26.0,78.0,8.443445205688477,76.0,19.587180044561926,109.385392525584,2122.483642578125,52.0,0.29819080233573914,2.0,3.0,0.7008740563914208,14.983796119689941,35.0,"{""type"":""Point"",""coordinates"":[109.38678441288234,19.58791298723653]}"
1110,0.0,27.0,396.0,40.90457534790039,272.0,18.79666259453675,109.04403271761862,1763.3572998046875,45.0,12.308574676513672,6.0,1.0,0.5762813435429217,11.037259101867676,40.0,"{""type"":""Point"",""coordinates"":[109.04374564063004,18.797600009631005]}"
1111,0.0,27.0,52.0,38.73713302612305,37.0,19.142513978922757,110.19387628129158,2791.62646484375,44.0,2.515237331390381,3.0,2.0,0.7282677053684163,12.866186141967773,43.0,"{""type"":""Point"",""coordinates"":[110.19445604697103,19.144726569772573]}"
1112,0.0,28.0,150.0,38.6780891418457,91.0,19.164971861025748,109.97378903668232,2619.850830078125,48.0,3.284466028213501,4.0,2.0,0.6744061877306472,12.539520263671875,40.0,"{""type"":""Point"",""coordinates"":[109.97548957355097,19.164702774728678]}"
1113,0.0,33.0,48.0,12.963253021240234,49.0,19.93752300536854,110.09955317645904,2271.869140625,39.0,0.8116167783737183,3.0,4.0,0.7404158471611818,13.724966049194336,35.0,"{""type"":""Point"",""coordinates"":[110.10109366902378,19.93954817970468]}"
1114,0.0,29.0,243.0,27.34322166442871,196.0,18.666406878339416,109.06199902330098,1816.847900390625,43.0,5.353088855743408,4.0,1.0,0.581067204215701,11.989425659179688,46.0,"{""type"":""Point"",""coordinates"":[109.0629734318714,18.666084939051547]}"
1115,0.0,28.0,37.0,8.309663772583008,38.0,19.96896404031272,110.28819938612412,2256.103271484375,44.0,0.18308669328689575,2.0,4.0,0.7408558625998748,14.582392692565918,38.0,"{""type"":""Point"",""coordinates"":[110.28923535171134,19.967493476957635]}"
1116,0.0,28.0,46.0,10.213602066040039,46.0,19.919556699686147,110.33311515033012,2257.222900390625,47.0,0.4598827660083771,3.0,4.0,0.7222258482520861,14.105788230895996,40.0,"{""type"":""Point"",""coordinates"":[110.33138580955207,19.92098559591496]}"
1117,0.0,27.0,79.0,8.469167709350586,79.0,19.38505910563503,108.88682754289766,1637.2177734375,53.0,1.0595111846923828,3.0,3.0,0.6397128591035666,13.715264320373535,41.0,"{""type"":""Point"",""coordinates"":[108.88750251456541,19.383635977960477]}"
1118,0.0,32.0,130.0,22.114192962646484,89.0,18.6888647604424,109.67734499292288,2306.754150390625,40.0,1.897669792175293,5.0,1.0,0.6320516167950188,13.101234436035156,48.0,"{""type"":""Point"",""coordinates"":[109.6793117598704,18.68849220011939]}"
1119,0.0,28.0,249.0,30.9680233001709,170.0,18.886494122948697,110.04565425941183,2379.224853515625,48.0,3.1575746536254883,4.0,2.0,0.6244714262555499,12.515213012695312,45.0,"{""type"":""Point"",""coordinates"":[110.04582938905982,18.887608826631112]}"
1120,0.0,24.0,2.0,8.220600128173828,5.0,18.899968852210492,110.49930347789223,2134.911376953125,45.0,0.18188537657260895,2.0,2.0,0.7500025781574499,15.503520965576172,43.0,"{""type"":""Point"",""coordinates"":[110.49972012924391,18.900259869036194]}"
1121,0.0,30.0,408.0,56.45115280151367,411.0,18.289114459009213,109.6414123815581,2100.885986328125,48.0,13.938663482666016,7.0,0.0,0.5896367486379316,10.89954662322998,40.0,"{""type"":""Point"",""coordinates"":[109.64320197194435,18.28701581685724]}"
1122,0.0,26.0,61.0,13.613582611083984,52.0,18.63047426697463,109.91090696679396,2242.7509765625,44.0,0.7674263715744019,4.0,1.0,0.6862990814980839,14.048540115356445,46.0,"{""type"":""Point"",""coordinates"":[109.90985733483024,18.631043479370653]}"
1123,0.0,27.0,223.0,34.45888137817383,56.0,19.29971915364368,109.52463139462253,2337.88720703125,48.0,3.8100509643554688,5.0,3.0,0.7107674790296236,12.344062805175781,36.0,"{""type"":""Point"",""coordinates"":[109.52300296570272,19.300063545680562]}"
1124,0.0,34.0,825.0,37.26048278808594,753.0,18.590050079189254,109.50666508894017,2260.430419921875,40.0,7.832195281982422,7.0,1.0,0.561975614043979,11.118267059326172,47.0,"{""type"":""Point"",""coordinates"":[109.50881648708271,18.59181306621666]}"
1125,0.0,29.0,188.0,20.896818161010742,59.0,18.814628900219134,109.16530528097474,1934.22998046875,42.0,2.830721378326416,4.0,1.0,0.6493686757521946,12.664467811584473,45.0,"{""type"":""Point"",""coordinates"":[109.16336530445504,18.816282694606894]}"
1126,0.0,23.0,28.0,13.725994110107422,28.0,19.29522757722308,110.56218554778059,2536.80908203125,52.0,0.4895491898059845,5.0,3.0,0.7612230649368742,14.361471176147461,40.0,"{""type"":""Point"",""coordinates"":[110.56376354197418,19.294082144302198]}"
1127,0.0,27.0,51.0,45.71269607543945,54.0,18.248690271223836,109.5920050409315,2037.7022705078125,52.0,8.409850120544434,4.0,0.0,0.6860334926631826,11.653162002563477,37.0,"{""type"":""Point"",""coordinates"":[109.5929541300335,18.249198179909186]}"
1128,0.0,25.0,144.0,13.689191818237305,90.0,18.998783533463637,108.91826857784184,1559.4822998046875,49.0,2.585846424102783,3.0,2.0,0.6137510695105983,12.78282642364502,41.0,"{""type"":""Point"",""coordinates"":[108.91685390396562,18.997041867597776]}"
1129,0.0,37.0,66.0,32.01301956176758,52.0,19.726418913600448,109.96480588384111,2442.388427734375,38.0,3.0495071411132812,4.0,3.0,0.7419235395854468,12.665000915527344,34.0,"{""type"":""Point"",""coordinates"":[109.96583287281976,19.725865671293164]}"
1130,0.0,25.0,70.0,9.883207321166992,66.0,19.46141590478519,109.11140636392759,1969.9925537109375,53.0,0.6909685134887695,3.0,3.0,0.7025169271932307,14.148163795471191,35.0,"{""type"":""Point"",""coordinates"":[109.10939989370937,19.463372604665928]}"
1131,0.0,24.0,153.0,17.850074768066406,78.0,19.313193882905473,109.92438169605572,2664.357666015625,51.0,0.7554783821105957,3.0,3.0,0.6987975678014468,14.008292198181152,40.0,"{""type"":""Point"",""coordinates"":[109.9264663611818,19.314950004064002]}"
1132,0.0,22.0,181.0,13.687962532043457,111.0,19.429974869841004,109.55607242956671,2352.702880859375,54.0,0.676209568977356,3.0,3.0,0.6895912206583149,14.101485252380371,33.0,"{""type"":""Point"",""coordinates"":[109.5552628002207,19.427744139368613]}"
1133,0.0,28.0,92.0,9.824308395385742,92.0,19.820742018433002,109.92438169605572,2166.31201171875,38.0,0.37029632925987244,4.0,4.0,0.6903785597380401,14.758822441101074,34.0,"{""type"":""Point"",""coordinates"":[109.92288488638138,19.81961192282261]}"
1134,0.0,22.0,17.0,9.436373710632324,17.0,18.46428593941252,109.94683957815869,2126.3525390625,54.0,0.3795560896396637,2.0,1.0,0.7255678651012676,14.778312683105469,45.0,"{""type"":""Point"",""coordinates"":[109.94463235737803,18.46650072934665]}"
1135,0.0,25.0,113.0,17.46683692932129,52.0,19.582688468141328,109.68632814576404,2251.549560546875,51.0,1.328127384185791,4.0,3.0,0.7302804894340402,13.468704223632812,35.0,"{""type"":""Point"",""coordinates"":[109.6847253292242,19.583305858640344]}"
1136,0.0,32.0,435.0,21.447784423828125,258.0,19.178446590287543,109.5920050409315,2214.32080078125,37.0,2.232013702392578,4.0,2.0,0.6383227319675862,12.730513572692871,38.0,"{""type"":""Point"",""coordinates"":[109.59403351458346,19.176605558371463]}"
1137,0.0,26.0,31.0,11.841584205627441,31.0,19.474890634046986,109.06649059972159,1917.8831787109375,51.0,1.0965005159378052,3.0,3.0,0.7391600913698192,13.709226608276367,35.0,"{""type"":""Point"",""coordinates"":[109.0656687170336,19.475066290043312]}"
1138,0.0,29.0,759.0,41.568782806396484,759.0,18.608016384871647,110.13548578782382,2249.768798828125,46.0,8.726286888122559,5.0,1.0,0.5696339375876779,11.077428817749023,45.0,"{""type"":""Point"",""coordinates"":[110.13642900093807,18.606667791181152]}"
1139,0.0,29.0,163.0,43.621803283691406,150.0,19.290736000802482,110.27921623328291,2804.257080078125,44.0,3.2293598651885986,4.0,3.0,0.6804189574641611,12.548328399658203,36.0,"{""type"":""Point"",""coordinates"":[110.27946789567775,19.292387950029557]}"
1140,0.0,28.0,57.0,19.33139991760254,57.0,19.40751698773802,108.95869276562723,1800.2457275390625,49.0,3.0582375526428223,4.0,3.0,0.6823039003423786,12.667461395263672,38.0,"{""type"":""Point"",""coordinates"":[108.95761605086622,19.408704880315735]}"
1141,0.0,24.0,35.0,6.492770195007324,33.0,18.46428593941252,109.00810010625383,1683.9039306640625,51.0,0.4385717213153839,3.0,1.0,0.6850609301960223,14.623358726501465,44.0,"{""type"":""Point"",""coordinates"":[109.00695086549719,18.466514950054794]}"
1143,0.0,29.0,137.0,89.89213562011719,111.0,18.98980038062244,110.15345209350619,2514.501708984375,41.0,13.338590621948242,5.0,2.0,0.6022436017880128,11.12894344329834,45.0,"{""type"":""Point"",""coordinates"":[110.152451885596,18.991883400768522]}"
1144,0.0,26.0,80.0,13.032906532287598,80.0,19.403025411317422,109.01708325909499,1919.5025634765625,51.0,1.3210647106170654,2.0,3.0,0.6668976275964608,13.493972778320312,38.0,"{""type"":""Point"",""coordinates"":[109.0159548961084,19.403933513525157]}"
1145,0.0,22.0,66.0,5.606741905212402,60.0,19.088615061875586,108.82843704942991,1515.2474365234375,59.0,0.5462601780891418,2.0,2.0,0.6552600454079062,14.3855562210083,41.0,"{""type"":""Point"",""coordinates"":[108.82725447313328,19.086493830814963]}"
1146,0.0,24.0,21.0,22.026098251342773,21.0,19.27276969512009,110.53972766567762,2688.94921875,50.0,1.0941693782806396,6.0,2.0,0.7707369919476981,13.679475784301758,40.0,"{""type"":""Point"",""coordinates"":[110.54107170728003,19.27238707194147]}"
1147,0.0,31.0,392.0,55.95276641845703,266.0,19.263786542278893,109.60547977019331,2402.915283203125,38.0,8.34618854522705,5.0,2.0,0.6350393757484427,11.437138557434082,37.0,"{""type"":""Point"",""coordinates"":[109.603368279579,19.2641187501588]}"
1148,0.0,30.0,592.0,64.11041259765625,533.0,18.60352480845105,109.39886725484581,2157.947509765625,40.0,17.164833068847656,9.0,1.0,0.5469479490279078,10.533565521240234,46.0,"{""type"":""Point"",""coordinates"":[109.39853511333583,18.604414140314795]}"
1149,0.0,24.0,13.0,3.767951250076294,16.0,18.57657534992746,108.75208025027973,1341.7978515625,48.0,0.25013336539268494,3.0,1.0,0.6852609818377949,15.107426643371582,44.0,"{""type"":""Point"",""coordinates"":[108.753948098202,18.57503434659795]}"
1150,0.0,26.0,473.0,63.06205749511719,370.0,18.944884616416466,110.05463741225304,2569.983642578125,47.0,8.810047149658203,4.0,2.0,0.6102196560519074,11.320828437805176,43.0,"{""type"":""Point"",""coordinates"":[110.05471381218942,18.943525628089834]}"
1151,0.0,26.0,314.0,24.858322143554688,217.0,18.60352480845105,109.1877631630777,1863.9754638671875,52.0,4.607227802276611,3.0,1.0,0.5812466891206599,12.092035293579102,46.0,"{""type"":""Point"",""coordinates"":[109.18844405857416,18.605350821294568]}"
1152,0.0,28.0,24.0,9.089263916015625,24.0,19.91506512326555,110.39599722021848,2234.4326171875,42.0,0.2986000180244446,7.0,4.0,0.7457881066713793,14.3371000289917,41.0,"{""type"":""Point"",""coordinates"":[110.39608411522836,19.916413194249685]}"
1153,0.0,31.0,221.0,51.89289093017578,202.0,18.477760668674314,109.58302188809029,2157.243896484375,42.0,9.349943161010742,5.0,1.0,0.5888538060318745,11.440185546875,46.0,"{""type"":""Point"",""coordinates"":[109.58406455697549,18.476000539604563]}"
1154,0.0,31.0,388.0,41.19473648071289,196.0,19.097598214716783,109.56954715882853,2219.09423828125,38.0,6.323331832885742,5.0,2.0,0.6188802484158507,11.720670700073242,40.0,"{""type"":""Point"",""coordinates"":[109.57153585077563,19.09689860862207]}"
1155,0.0,26.0,105.0,33.570106506347656,99.0,18.57657534992746,108.97216749488905,1761.33447265625,51.0,7.716683864593506,3.0,1.0,0.5659762169330902,11.7080659866333,49.0,"{""type"":""Point"",""coordinates"":[108.97183194108399,18.574468456369356]}"
1156,0.0,27.0,46.0,13.87238597869873,40.0,19.793792559909413,110.28370780970351,2402.76904296875,45.0,0.6989989876747131,6.0,4.0,0.7742511427610412,13.875905990600586,32.0,"{""type"":""Point"",""coordinates"":[110.28389998714135,19.793819926876953]}"
1157,0.0,28.0,99.0,14.781238555908203,81.0,18.549625891403878,109.63242922871689,2286.6435546875,46.0,0.9196715950965881,5.0,1.0,0.6545459427684579,13.844812393188477,46.0,"{""type"":""Point"",""coordinates"":[109.63277429735312,18.5508907328663]}"
1158,0.0,24.0,5.0,9.76947021484375,8.0,18.3205554939534,109.71776918070822,1953.5975341796875,51.0,0.6435312628746033,2.0,0.0,0.7382522374859852,14.257209777832031,42.0,"{""type"":""Point"",""coordinates"":[109.71891759521246,18.31966074235485]}"
1159,0.0,28.0,307.0,49.90660858154297,269.0,19.173955013866944,109.11140636392759,2023.5697021484375,49.0,11.391228675842285,5.0,2.0,0.5973615256965209,11.180534362792969,40.0,"{""type"":""Point"",""coordinates"":[109.1116400970237,19.17562143224733]}"
1160,0.0,29.0,502.0,22.010879516601562,357.0,18.783187865274954,109.31801887927503,1966.16455078125,48.0,3.6492228507995605,5.0,1.0,0.5848738589924649,12.185843467712402,45.0,"{""type"":""Point"",""coordinates"":[109.31816035090421,18.781153699751055]}"
1161,0.0,30.0,102.0,29.26003074645996,74.0,18.54064273856268,109.33598518495745,2066.016357421875,43.0,3.956166982650757,4.0,1.0,0.637063807992753,12.382475852966309,46.0,"{""type"":""Point"",""coordinates"":[109.33705032445837,18.542696152183687]}"
1162,0.0,30.0,321.0,40.2307243347168,160.0,18.890985699369296,109.81658386196136,2326.879150390625,39.0,5.052343368530273,7.0,2.0,0.6122811561646917,11.994492530822754,45.0,"{""type"":""Point"",""coordinates"":[109.81577484341192,18.8902613096805]}"
1163,0.0,32.0,120.0,17.413354873657227,111.0,18.612507961292245,109.88395750827033,2278.582275390625,39.0,1.2884650230407715,5.0,1.0,0.6301454021875266,13.49475383758545,46.0,"{""type"":""Point"",""coordinates"":[109.88372220355969,18.61425606588965]}"
1164,0.0,28.0,379.0,23.721296310424805,355.0,18.819120476639732,110.09955317645904,2351.9912109375,47.0,2.2084901332855225,4.0,1.0,0.6098305486311716,12.782760620117188,47.0,"{""type"":""Point"",""coordinates"":[110.10035932747444,18.817142982983857]}"
1165,0.0,30.0,207.0,28.602481842041016,187.0,18.46428593941252,109.5470892767255,2154.800048828125,44.0,3.593468427658081,5.0,1.0,0.6311785443766529,12.413161277770996,41.0,"{""type"":""Point"",""coordinates"":[109.54659796853277,18.464069139109828]}"
1166,0.0,28.0,683.0,27.418458938598633,534.0,18.74276367748957,109.34047676137806,2073.63134765625,49.0,5.08811616897583,7.0,1.0,0.5770617498153537,11.695749282836914,45.0,"{""type"":""Point"",""coordinates"":[109.33891211576733,18.74378226810377]}"
1167,0.0,25.0,14.0,5.407641887664795,15.0,19.982438769574514,110.81371382733403,1810.6531982421875,52.0,0.1825825423002243,2.0,4.0,0.7009803952884657,14.149435997009277,47.0,"{""type"":""Point"",""coordinates"":[110.81284682538501,19.98202881717666]}"
1168,0.0,28.0,122.0,51.941097259521484,114.0,19.304210730064277,110.3196404210683,2747.296142578125,42.0,4.265397071838379,4.0,3.0,0.6785429738521485,12.29476261138916,36.0,"{""type"":""Point"",""coordinates"":[110.32043369678526,19.302163099709748]}"
1169,0.0,24.0,64.0,19.412181854248047,39.0,19.506331668991166,110.18489312845037,2652.019775390625,52.0,0.9125352501869202,3.0,3.0,0.7602231317174191,13.873556137084961,37.0,"{""type"":""Point"",""coordinates"":[110.1868255823708,19.50644362048426]}"
1170,0.0,25.0,41.0,6.249757289886475,40.0,18.84606993516332,108.77004655596215,1383.384521484375,48.0,0.9178534746170044,2.0,2.0,0.6564920517104587,13.881277084350586,44.0,"{""type"":""Point"",""coordinates"":[108.77133354289012,18.847751691559512]}"
1171,0.0,28.0,51.0,12.47317886352539,51.0,19.739893642862242,109.47073247757538,2001.4580078125,47.0,1.0484226942062378,3.0,3.0,0.7341739323119778,13.742384910583496,32.0,"{""type"":""Point"",""coordinates"":[109.46966759680595,19.738220162733924]}"
1172,0.0,33.0,118.0,30.01297378540039,69.0,19.4434495991028,109.96480588384111,2676.317138671875,38.0,2.0226101875305176,4.0,3.0,0.7192005483256261,13.044794082641602,37.0,"{""type"":""Point"",""coordinates"":[109.96282579017358,19.442325043658126]}"
1173,0.0,20.0,57.0,4.667306900024414,54.0,19.0706487561932,108.79250443806512,1364.5877685546875,58.0,0.4936683475971222,2.0,2.0,0.6535209095407674,14.492116928100586,41.0,"{""type"":""Point"",""coordinates"":[108.79427755152062,19.070923065068097]}"
1174,0.0,22.0,159.0,14.646315574645996,93.0,19.447941175523397,109.57853031166974,2352.702880859375,56.0,0.8113114833831787,3.0,3.0,0.6937360265260141,13.933222770690918,34.0,"{""type"":""Point"",""coordinates"":[109.57730821189256,19.449240009062027]}"
1175,0.0,28.0,43.0,7.431468486785889,43.0,19.78031783064762,109.41683356052818,1908.0159912109375,44.0,0.334800124168396,2.0,4.0,0.7399302914964927,14.888686180114746,32.0,"{""type"":""Point"",""coordinates"":[109.41694315644185,19.778785353482785]}"
1176,0.0,29.0,927.0,42.1609001159668,808.0,18.80115417095734,109.57403873524913,2102.625244140625,47.0,13.878331184387207,8.0,1.0,0.5306612868444707,10.416037559509277,47.0,"{""type"":""Point"",""coordinates"":[109.57455968998654,18.80042742160201]}"
1177,0.0,28.0,922.0,28.85147476196289,852.0,18.82361205306033,108.97216749488905,1657.1302490234375,50.0,15.148249626159668,9.0,2.0,0.5218107958224452,10.33066463470459,43.0,"{""type"":""Point"",""coordinates"":[108.97178443802028,18.82432206833206]}"
1178,0.0,21.0,13.0,7.173762321472168,13.0,19.46141590478519,108.88682754289766,1650.214111328125,53.0,0.5936300754547119,2.0,3.0,0.727508850991534,14.333340644836426,39.0,"{""type"":""Point"",""coordinates"":[108.88834694728382,19.462491849433594]}"
1179,0.0,30.0,297.0,32.11937713623047,232.0,18.91344358147228,108.98564222415081,1695.4786376953125,42.0,8.835721015930176,5.0,2.0,0.5791000058057273,11.446799278259277,42.0,"{""type"":""Point"",""coordinates"":[108.98526771283234,18.915216163298897]}"
1180,0.0,29.0,47.0,13.00754165649414,44.0,19.739893642862242,110.47235401936865,2416.96728515625,39.0,0.5748113989830017,7.0,3.0,0.7718609648551044,13.997896194458008,32.0,"{""type"":""Point"",""coordinates"":[110.47227499658716,19.73861098555009]}"
1181,0.0,28.0,32.0,9.08604621887207,33.0,19.79828413633001,109.33598518495745,1874.54541015625,41.0,0.630933403968811,3.0,4.0,0.7448517502985337,14.261405944824219,33.0,"{""type"":""Point"",""coordinates"":[109.33713022146098,19.797651633718395]}"
1182,0.0,25.0,159.0,10.835935592651367,118.0,18.8820025465281,110.09506160003843,2397.919677734375,50.0,0.3113715350627899,3.0,2.0,0.641941697869881,14.890945434570312,45.0,"{""type"":""Point"",""coordinates"":[110.0928868086823,18.881188949005164]}"
1183,0.0,28.0,661.0,25.22701644897461,537.0,18.76522155959256,109.00810010625383,1763.3572998046875,49.0,7.13906192779541,6.0,1.0,0.5717270069516039,11.374886512756348,41.0,"{""type"":""Point"",""coordinates"":[109.00614857547583,18.765201982601948]}"
1184,0.0,25.0,44.0,6.177402973175049,40.0,19.847691476956584,110.87210432080184,1753.0133056640625,50.0,0.5751658082008362,3.0,4.0,0.662948640734673,12.932153701782227,48.0,"{""type"":""Point"",""coordinates"":[110.87261764830764,19.845514728328]}"
1185,0.0,28.0,37.0,25.996850967407227,37.0,19.416500140579217,110.54871081851877,2595.947509765625,43.0,1.8926113843917847,4.0,3.0,0.7562749627651402,12.886448860168457,38.0,"{""type"":""Point"",""coordinates"":[110.54673378700677,19.418620167383768]}"
1186,0.0,21.0,24.0,8.219305992126465,24.0,19.60963792666491,109.2775946914897,2015.775634765625,53.0,0.30445486307144165,2.0,3.0,0.7509881408427647,14.994754791259766,36.0,"{""type"":""Point"",""coordinates"":[109.27726296595085,19.609348581010885]}"
1187,0.0,35.0,86.0,12.717082023620605,85.0,19.659045267291482,110.62955919408955,2327.197021484375,39.0,0.8096224665641785,4.0,3.0,0.7067302861110712,13.528900146484375,34.0,"{""type"":""Point"",""coordinates"":[110.6287237924371,19.65877123558596]}"
1188,0.0,23.0,155.0,11.958312034606934,100.0,19.46141590478519,109.47522405399599,2171.145263671875,56.0,0.729988694190979,3.0,3.0,0.6713515994095091,14.041366577148438,35.0,"{""type"":""Point"",""coordinates"":[109.4751951163237,19.46261481676114]}"
1189,0.0,30.0,185.0,32.40413284301758,80.0,19.335651765008457,109.66387026366107,2401.44921875,40.0,3.087728261947632,9.0,3.0,0.6955731587740944,12.579325675964355,36.0,"{""type"":""Point"",""coordinates"":[109.66581108373781,19.33681469907073]}"
1190,0.0,29.0,123.0,15.935246467590332,84.0,19.6320958087679,109.81209228554076,2301.921630859375,43.0,1.0367755889892578,4.0,3.0,0.7071656682619804,13.710309028625488,33.0,"{""type"":""Point"",""coordinates"":[109.81301256509249,19.631352504758247]}"
1191,0.0,25.0,176.0,27.642175674438477,94.0,19.403025411317422,109.3943756784252,2200.729248046875,54.0,3.20936918258667,4.0,3.0,0.6785705264034197,12.54633617401123,33.0,"{""type"":""Point"",""coordinates"":[109.39533139560359,19.40355186195679]}"
1192,0.0,28.0,149.0,41.06884765625,132.0,19.084123485454995,110.17590997560922,2710.401123046875,41.0,3.0793681144714355,3.0,2.0,0.641480087322948,12.604756355285645,45.0,"{""type"":""Point"",""coordinates"":[110.17806007275736,19.083913042158812]}"
1193,0.0,26.0,160.0,11.202733993530273,31.0,18.73827210106898,109.19225473949831,1839.992431640625,51.0,1.175211787223816,2.0,1.0,0.6900403739547102,13.561969757080078,43.0,"{""type"":""Point"",""coordinates"":[109.1913776306667,18.738848297695018]}"
1194,0.0,27.0,614.0,41.00175094604492,561.0,18.810137323798536,108.93174330710366,1593.920166015625,48.0,20.86765480041504,10.0,1.0,0.5208399815251498,10.304001808166504,43.0,"{""type"":""Point"",""coordinates"":[108.93135718337601,18.812042367581036]}"
1195,0.0,26.0,221.0,35.71061325073242,105.0,19.371584376373235,109.49319035967835,2319.260498046875,53.0,4.278634071350098,4.0,3.0,0.658676346543301,12.22899341583252,36.0,"{""type"":""Point"",""coordinates"":[109.4924732893774,19.372757090463477]}"
1196,0.0,25.0,71.0,9.988691329956055,63.0,19.196412895969935,108.90030227215948,1684.2281494140625,54.0,1.2604522705078125,3.0,2.0,0.6556080728219873,13.546323776245117,42.0,"{""type"":""Point"",""coordinates"":[108.90065292168865,19.194729227992106]}"
1197,0.0,25.0,190.0,49.2443962097168,172.0,19.151497131763954,110.13997736424443,2687.420166015625,52.0,4.482879161834717,4.0,2.0,0.6432966053262167,12.202225685119629,43.0,"{""type"":""Point"",""coordinates"":[110.14041054633051,19.150982691508805]}"
1198,0.0,27.0,195.0,13.382914543151855,174.0,18.643948996236425,109.03504956477741,1816.5008544921875,46.0,1.6413074731826782,4.0,1.0,0.5918314840168173,13.205561637878418,47.0,"{""type"":""Point"",""coordinates"":[109.03345048512331,18.64454828664083]}"
1199,0.0,25.0,95.0,31.339014053344727,65.0,19.55124743319714,109.94683957815869,2557.792236328125,48.0,2.3338165283203125,4.0,3.0,0.7302851355687228,12.915517807006836,35.0,"{""type"":""Point"",""coordinates"":[109.94638966214816,19.55178215264343]}"
1200,0.0,24.0,47.0,10.75538158416748,47.0,19.49734851614997,108.99013380057141,1764.702392578125,52.0,1.1699551343917847,3.0,3.0,0.6976657320111489,13.635027885437012,38.0,"{""type"":""Point"",""coordinates"":[108.99219581971425,19.495162030335646]}"
1201,0.0,26.0,53.0,6.073955535888672,54.0,19.322177035746662,108.75657182670034,1517.3753662109375,51.0,0.646279513835907,3.0,3.0,0.6676949338468313,14.225088119506836,40.0,"{""type"":""Point"",""coordinates"":[108.75678743243057,19.321762834346153]}"
1202,0.0,28.0,785.0,27.31154441833496,579.0,18.67988160760121,109.45725774831357,2018.751708984375,48.0,5.948298454284668,6.0,1.0,0.5600924852360571,11.43830394744873,46.0,"{""type"":""Point"",""coordinates"":[109.45535371741471,18.67931300714907]}"
1203,0.0,40.0,121.0,13.018210411071777,121.0,19.838708324115387,109.91539854321451,2166.31201171875,34.0,0.9771929979324341,3.0,4.0,0.6767505403009203,13.770734786987305,34.0,"{""type"":""Point"",""coordinates"":[109.9170083308674,19.84010941798272]}"
1204,0.0,23.0,106.0,13.621530532836914,78.0,19.65455369087089,109.5964966173521,2038.772216796875,54.0,1.1493247747421265,4.0,3.0,0.6944297362142684,13.617607116699219,34.0,"{""type"":""Point"",""coordinates"":[109.59648110690789,19.654538947063063]}"
1205,0.0,27.0,204.0,24.833389282226562,27.0,19.259294965858295,109.49768193609896,2287.26806640625,44.0,2.2963814735412598,8.0,2.0,0.7358032508846342,12.86366081237793,39.0,"{""type"":""Point"",""coordinates"":[109.4977432952324,19.257606708331306]}"
1206,0.0,25.0,60.0,24.163612365722656,39.0,19.54226428035595,110.22531731623576,2685.0126953125,48.0,1.2947595119476318,3.0,3.0,0.7540259636636196,13.525983810424805,38.0,"{""type"":""Point"",""coordinates"":[110.22420312493789,19.54248064077021]}"
1207,0.0,25.0,153.0,9.256131172180176,133.0,19.546755856776542,109.47522405399599,2125.68359375,54.0,0.4195604920387268,4.0,3.0,0.6663320458216716,14.596475601196289,36.0,"{""type"":""Point"",""coordinates"":[109.47435423523106,19.544801139376712]}"
1208,0.0,21.0,8.0,8.119494438171387,8.0,18.284622882588614,109.45725774831357,1849.2664794921875,52.0,0.4745074212551117,2.0,0.0,0.7457441984178848,14.560203552246094,39.0,"{""type"":""Point"",""coordinates"":[109.45571381995893,18.28267560394018]}"
1209,0.0,24.0,147.0,12.295079231262207,111.0,19.501840092570568,109.48420720683714,2125.68359375,56.0,0.8690510988235474,4.0,3.0,0.6693616853783202,13.871967315673828,35.0,"{""type"":""Point"",""coordinates"":[109.48429070921757,19.500353554036877]}"
1210,0.0,27.0,18.0,11.967158317565918,20.0,19.57370531530013,110.7328654517633,2280.956298828125,52.0,0.729021430015564,6.0,3.0,0.7865872606986312,13.695898056030273,33.0,"{""type"":""Point"",""coordinates"":[110.73238140751424,19.573521641377006]}"
1211,0.0,25.0,251.0,10.587263107299805,168.0,18.80115417095734,109.92438169605572,2220.075439453125,50.0,0.4689904749393463,4.0,1.0,0.6301359041392496,14.421849250793457,44.0,"{""type"":""Point"",""coordinates"":[109.92589547094758,18.800534048688746]}"
1212,0.0,23.0,10.0,9.373063087463379,11.0,19.820742018433002,109.47522405399599,1818.0050048828125,53.0,0.7845005393028259,2.0,4.0,0.7526470325339133,14.056246757507324,36.0,"{""type"":""Point"",""coordinates"":[109.47736585886231,19.819694557345596]}"
1213,0.0,32.0,360.0,47.321067810058594,200.0,19.18293816670814,109.63242922871689,2350.646484375,38.0,6.70655632019043,4.0,2.0,0.6301252039263283,11.681641578674316,39.0,"{""type"":""Point"",""coordinates"":[109.63408592365195,19.1809662784079]}"
1214,0.0,26.0,249.0,33.12993240356445,170.0,18.890985699369296,110.04565425941183,2379.224853515625,50.0,3.454202651977539,4.0,2.0,0.6188141428812848,12.425226211547852,46.0,"{""type"":""Point"",""coordinates"":[110.0439577538022,18.89095370937404]}"
1215,0.0,29.0,374.0,36.27353286743164,328.0,18.71581421896599,109.60098819377271,2266.89453125,48.0,5.094522476196289,4.0,1.0,0.5860820376144248,11.948394775390625,49.0,"{""type"":""Point"",""coordinates"":[109.60255746999191,18.717958885766336]}"
1216,0.0,23.0,108.0,11.383551597595215,68.0,19.659045267291482,109.64590395797865,2055.76171875,52.0,0.7526414394378662,5.0,3.0,0.7131281011183066,14.03980827331543,33.0,"{""type"":""Point"",""coordinates"":[109.64481283814271,19.65832219592952]}"
1217,0.0,25.0,8.0,7.561061382293701,11.0,18.751746830330767,110.39150564379787,2215.038330078125,52.0,0.08342364430427551,2.0,1.0,0.7216346631007513,16.279468536376953,49.0,"{""type"":""Point"",""coordinates"":[110.38982356563992,18.752620352947808]}"
1218,0.0,19.0,60.0,15.299371719360352,49.0,19.57370531530013,110.32862357390951,2597.951904296875,58.0,0.5506401658058167,3.0,3.0,0.7421511424322943,14.342562675476074,39.0,"{""type"":""Point"",""coordinates"":[110.32799774211337,19.574934732587035]}"
1219,0.0,31.0,13.0,6.946613311767578,14.0,19.874640935480173,109.33598518495745,1780.90576171875,39.0,0.40611863136291504,2.0,4.0,0.7527563710092453,14.712970733642578,35.0,"{""type"":""Point"",""coordinates"":[109.33537114076951,19.875565774924766]}"
1220,0.0,23.0,155.0,18.345691680908203,91.0,19.560230586038337,109.77615967417603,2343.623046875,51.0,1.2365778684616089,4.0,3.0,0.6900688600608627,13.514190673828125,35.0,"{""type"":""Point"",""coordinates"":[109.77801199463747,19.560185683892072]}"
1221,0.0,26.0,29.0,12.064906120300293,28.0,19.18293816670814,110.38701406737727,2862.687744140625,43.0,0.057359881699085236,3.0,2.0,0.7739056755765856,16.66104507446289,38.0,"{""type"":""Point"",""coordinates"":[110.38769447148567,19.184012635303027]}"
1222,0.0,30.0,333.0,18.9243221282959,249.0,18.693356336862998,109.05301587045977,1816.847900390625,41.0,3.0985333919525146,4.0,1.0,0.5873937631901207,12.476614952087402,45.0,"{""type"":""Point"",""coordinates"":[109.05099581092577,18.691842384946938]}"
1223,0.0,24.0,147.0,9.599350929260254,89.0,19.46590748120579,109.56056400598732,2276.25439453125,51.0,0.2690325975418091,4.0,3.0,0.6974034146462114,15.04460620880127,34.0,"{""type"":""Point"",""coordinates"":[109.5617330538955,19.46464595702447]}"
1224,0.0,30.0,355.0,39.67687225341797,336.0,18.468777515833118,109.35395149063982,2041.6650390625,47.0,7.988712310791016,4.0,1.0,0.5832271507956623,11.508355140686035,45.0,"{""type"":""Point"",""coordinates"":[109.3557348439078,18.468267327520575]}"
1225,0.0,26.0,78.0,22.48802375793457,63.0,18.590050079189254,109.798617556279,2242.915771484375,44.0,1.945026159286499,4.0,1.0,0.6726023415353398,13.108123779296875,45.0,"{""type"":""Point"",""coordinates"":[109.796550407305,18.587880387908477]}"
1226,0.0,28.0,570.0,28.227598190307617,569.0,18.392420716682963,109.56505558240792,2153.88525390625,48.0,4.322227478027344,5.0,1.0,0.6025541255964662,11.960104942321777,42.0,"{""type"":""Point"",""coordinates"":[109.56633745046823,18.393764514542532]}"
1227,0.0,27.0,406.0,94.8509521484375,319.0,18.96285092209886,110.08607844719722,2577.633056640625,46.0,16.59942054748535,4.0,2.0,0.5840859668285765,10.71779727935791,44.0,"{""type"":""Point"",""coordinates"":[110.0850514440485,18.963506938085985]}"
1228,0.0,26.0,62.0,11.41715145111084,62.0,19.560230586038337,109.00810010625383,1832.244384765625,46.0,1.132476806640625,3.0,3.0,0.6930767631671914,13.658758163452148,36.0,"{""type"":""Point"",""coordinates"":[109.0086516350856,19.56199707240061]}"
1229,0.0,26.0,180.0,28.767377853393555,142.0,19.0751403326138,110.06811214151486,2653.810302734375,50.0,1.9583626985549927,4.0,2.0,0.6413643784064846,13.03841781616211,46.0,"{""type"":""Point"",""coordinates"":[110.06634442660086,19.07404471145765]}"
1230,0.0,24.0,34.0,17.174943923950195,14.0,19.694977878656267,110.0097216480471,2470.471435546875,47.0,0.8588094711303711,4.0,3.0,0.801005507652613,13.951861381530762,33.0,"{""type"":""Point"",""coordinates"":[110.00915332177651,19.695138501315146]}"
1231,0.0,25.0,161.0,74.9170913696289,156.0,18.477760668674314,109.65039553439925,2264.468505859375,50.0,13.771947860717773,3.0,1.0,0.5905487142388703,11.080774307250977,44.0,"{""type"":""Point"",""coordinates"":[109.64897191247418,18.475737862919996]}"
1232,0.0,30.0,558.0,45.43172836303711,510.0,18.76971313601316,109.65937868724046,2190.593994140625,41.0,8.878437995910645,6.0,1.0,0.573450753615686,11.24420166015625,46.0,"{""type"":""Point"",""coordinates"":[109.65848160923532,18.771451038676414]}"
1233,0.0,30.0,331.0,61.12692642211914,307.0,18.985308804201843,110.22082573981515,2675.0185546875,38.0,6.668030738830566,3.0,2.0,0.6169272735101718,11.708074569702148,45.0,"{""type"":""Point"",""coordinates"":[110.22140499608548,18.98321763683531]}"
1234,0.0,25.0,34.0,10.16679573059082,33.0,18.57208377350686,109.98277218952347,2157.013671875,46.0,0.4294798672199249,3.0,1.0,0.7090885269016297,14.644889831542969,45.0,"{""type"":""Point"",""coordinates"":[109.98489356280074,18.570548796354117]}"
1235,0.0,23.0,39.0,7.055058479309082,37.0,19.659045267291482,109.4437830190518,1992.2867431640625,54.0,0.19152140617370605,4.0,3.0,0.7495202273061969,15.449565887451172,33.0,"{""type"":""Point"",""coordinates"":[109.44202497578193,19.659276577881112]}"
1236,0.0,31.0,386.0,40.25767517089844,181.0,19.115564520399175,109.34496833779866,1994.32275390625,39.0,8.391627311706543,4.0,2.0,0.5994895076833681,11.436033248901367,40.0,"{""type"":""Point"",""coordinates"":[109.3437029286105,19.117726109036106]}"
1237,0.0,28.0,615.0,29.30573844909668,507.0,18.832595205901526,109.78514282701718,2306.14404296875,47.0,3.8182461261749268,4.0,2.0,0.6005502208806477,12.045687675476074,44.0,"{""type"":""Point"",""coordinates"":[109.78566494826872,18.834319398227148]}"
1238,0.0,20.0,197.0,18.1820068359375,106.0,19.46141590478519,109.65937868724046,2363.30517578125,59.0,1.2359851598739624,3.0,3.0,0.6735438655426733,13.488018989562988,36.0,"{""type"":""Point"",""coordinates"":[109.66111922111024,19.45931345604222]}"
1239,0.0,22.0,143.0,12.432025909423828,115.0,19.49734851614997,109.41683356052818,2110.639892578125,56.0,0.8586769700050354,3.0,3.0,0.6679344113756347,13.886467933654785,35.0,"{""type"":""Point"",""coordinates"":[109.417385761571,19.49676622445897]}"
1240,0.0,26.0,57.0,20.025074005126953,36.0,19.506331668991166,110.24777519833873,2685.0126953125,47.0,0.9145111441612244,4.0,3.0,0.7645882274609107,13.875531196594238,37.0,"{""type"":""Point"",""coordinates"":[110.24881122441559,19.504341133378922]}"
1241,0.0,31.0,85.0,17.42913818359375,72.0,19.614129503085508,110.55769397135998,2411.53564453125,43.0,1.3135141134262085,3.0,3.0,0.7278549467750027,13.110554695129395,33.0,"{""type"":""Point"",""coordinates"":[110.55984436091407,19.614599866863497]}"
1242,0.0,28.0,19.0,6.761280536651611,19.0,19.77582625422702,109.3898841020046,1891.2506103515625,42.0,0.22943836450576782,3.0,4.0,0.7681933603349017,15.280536651611328,32.0,"{""type"":""Point"",""coordinates"":[109.3886925702759,19.775638284091038]}"
1243,0.0,33.0,583.0,36.55088806152344,451.0,18.98980038062244,109.19674631591892,1778.2435302734375,40.0,12.342479705810547,7.0,2.0,0.5672815509384159,10.886031150817871,40.0,"{""type"":""Point"",""coordinates"":[109.19525271588003,18.991295559784064]}"
1244,0.0,31.0,206.0,48.8905143737793,209.0,18.670898454760014,110.4813371722098,2039.4013671875,45.0,10.43990707397461,15.0,1.0,0.5923332842177018,11.315872192382812,45.0,"{""type"":""Point"",""coordinates"":[110.4819222537931,18.66915403495643]}"
1245,0.0,25.0,35.0,6.5477294921875,36.0,19.874640935480173,110.78676436881045,2005.0487060546875,50.0,0.18256863951683044,4.0,4.0,0.6940230924530246,14.101171493530273,46.0,"{""type"":""Point"",""coordinates"":[110.78613724470756,19.876006969628516]}"
1246,0.0,21.0,23.0,5.106784343719482,23.0,19.120056096819773,108.74309709743858,1346.7899169921875,54.0,0.6338469386100769,2.0,2.0,0.6840772637432322,14.262017250061035,42.0,"{""type"":""Point"",""coordinates"":[108.74337376896294,19.122191509524306]}"
1247,0.0,38.0,165.0,43.06771469116211,138.0,19.358109647111448,110.26574150402115,2637.23681640625,36.0,4.066354751586914,5.0,3.0,0.6835371626100915,12.315984725952148,35.0,"{""type"":""Point"",""coordinates"":[110.26618237377127,19.360288278663234]}"
1248,0.0,26.0,47.0,20.874713897705078,47.0,18.500218550777305,109.97828061310292,2065.469482421875,46.0,2.195831775665283,3.0,1.0,0.6803387171876495,13.005082130432129,45.0,"{""type"":""Point"",""coordinates"":[109.97792557475034,18.498460021903266]}"
1249,0.0,26.0,137.0,15.760248184204102,85.0,19.452432751943995,109.87048277900857,2541.180419921875,50.0,0.7143272757530212,4.0,3.0,0.7030166943817286,14.074264526367188,37.0,"{""type"":""Point"",""coordinates"":[109.87009923285122,19.450500023801347]}"
1250,0.0,30.0,448.0,70.76571655273438,426.0,18.917935157892877,110.19836785771219,2540.269775390625,45.0,11.515474319458008,4.0,2.0,0.5882033449431625,11.066719055175781,46.0,"{""type"":""Point"",""coordinates"":[110.20015893473942,18.92006876812772]}"
1251,0.0,29.0,54.0,42.106266021728516,47.0,18.473269092253716,109.26861153864849,1944.4754638671875,47.0,8.277826309204102,12.0,1.0,0.6682580119287733,11.66744613647461,43.0,"{""type"":""Point"",""coordinates"":[109.27031648978738,18.472770044353105]}"
1252,0.0,27.0,187.0,35.925811767578125,153.0,19.061665603352004,108.90030227215948,1629.420166015625,48.0,11.136312484741211,5.0,2.0,0.5752860935994872,11.283536911010742,42.0,"{""type"":""Point"",""coordinates"":[108.9013245205678,19.06027881865523]}"
1253,0.0,25.0,79.0,18.21002769470215,58.0,19.537772703935353,110.1579436699268,2652.019775390625,50.0,0.7994585037231445,5.0,3.0,0.7491028123281036,13.996941566467285,35.0,"{""type"":""Point"",""coordinates"":[110.15629633717457,19.536326653298843]}"
1254,0.0,33.0,106.0,24.179061889648438,86.0,19.41200856415862,110.34209830317133,2702.407958984375,40.0,1.385994791984558,5.0,3.0,0.695772566766454,13.430302619934082,39.0,"{""type"":""Point"",""coordinates"":[110.34037553440126,19.41136175575619]}"
1255,0.0,23.0,10.0,13.086297988891602,10.0,18.29809761185041,109.53361454746374,1973.4442138671875,48.0,1.0830503702163696,2.0,0.0,0.7529019435834229,13.7337007522583,38.0,"{""type"":""Point"",""coordinates"":[109.53219955990122,18.299537810596316]}"
1256,0.0,25.0,51.0,11.459428787231445,41.0,19.24132866017591,108.93174330710366,1703.7823486328125,54.0,1.5384674072265625,2.0,2.0,0.6896289951624408,13.358757019042969,40.0,"{""type"":""Point"",""coordinates"":[108.9302977507046,19.241732895451342]}"
1257,0.0,27.0,278.0,36.129249572753906,177.0,19.259294965858295,109.30454415001327,2109.00830078125,48.0,5.656705379486084,3.0,2.0,0.6290539945191117,11.910449028015137,38.0,"{""type"":""Point"",""coordinates"":[109.30553294012968,19.260905987486723]}"
1258,0.0,29.0,354.0,51.084373474121094,326.0,18.57208377350686,109.31352730285442,2100.05322265625,48.0,11.082986831665039,4.0,1.0,0.5767179068688246,11.175616264343262,45.0,"{""type"":""Point"",""coordinates"":[109.3123607772911,18.572094390981036]}"
1259,0.0,28.0,750.0,49.11220169067383,535.0,18.926918310734074,109.65039553439925,2229.59228515625,46.0,11.741730690002441,5.0,2.0,0.568711054302193,10.783278465270996,43.0,"{""type"":""Point"",""coordinates"":[109.64963191434404,18.926316049406953]}"
1260,0.0,24.0,218.0,10.202890396118164,177.0,18.62598269055404,109.31352730285442,1969.009765625,55.0,0.7774810791015625,3.0,1.0,0.6152580303423661,13.938080787658691,44.0,"{""type"":""Point"",""coordinates"":[109.31206801203112,18.62416755638769]}"
1261,0.0,21.0,12.0,2.8661201000213623,12.0,18.93590146357527,108.6667402982884,1138.0860595703125,52.0,0.24925492703914642,2.0,2.0,0.663320854379763,15.201725006103516,47.0,"{""type"":""Point"",""coordinates"":[108.66773988435057,18.934210020139815]}"
1262,0.0,31.0,10.0,14.455684661865234,11.0,19.40751698773802,110.6834581111367,2397.549560546875,35.0,0.8090580701828003,4.0,3.0,0.7798238774975126,13.59877872467041,38.0,"{""type"":""Point"",""coordinates"":[110.68207601545741,19.40642024435834]}"
1263,0.0,29.0,674.0,27.061922073364258,617.0,18.693356336862998,108.99911695341262,1721.463623046875,48.0,8.9013671875,8.0,1.0,0.5428386453176104,11.139378547668457,46.0,"{""type"":""Point"",""coordinates"":[108.99745544059917,18.694873629984397]}"
1264,0.0,27.0,56.0,20.227914810180664,40.0,19.147005555343355,109.00360852983323,1854.9710693359375,45.0,2.850238800048828,6.0,2.0,0.6930951226942766,12.738612174987793,41.0,"{""type"":""Point"",""coordinates"":[109.00330804100147,19.146028314061144]}"
1265,0.0,33.0,112.0,21.23407745361328,100.0,19.55573900961774,110.56667712420119,2502.11181640625,39.0,1.6135666370391846,4.0,3.0,0.6909337290990439,12.986869812011719,35.0,"{""type"":""Point"",""coordinates"":[110.56594946753809,19.555187238095176]}"
1266,0.0,29.0,27.0,9.60352897644043,26.0,19.71743576075925,110.71040756966033,2240.012451171875,41.0,0.3495074212551117,7.0,3.0,0.7479295886928955,14.397796630859375,40.0,"{""type"":""Point"",""coordinates"":[110.71199173941042,19.718738577171855]}"
1267,0.0,27.0,206.0,42.78988265991211,171.0,18.940393039995868,110.14896051708558,2418.375244140625,47.0,4.794522762298584,5.0,2.0,0.6191698028925811,12.124425888061523,46.0,"{""type"":""Point"",""coordinates"":[110.15011492798746,18.942524459169697]}"
1268,0.0,27.0,771.0,42.83270263671875,711.0,18.590050079189254,109.5470892767255,2260.430419921875,48.0,9.012809753417969,8.0,1.0,0.5618963202641498,11.032442092895508,47.0,"{""type"":""Point"",""coordinates"":[109.54533508975138,18.591746431350057]}"
1269,0.0,27.0,70.0,21.471961975097656,58.0,19.111072943978577,110.23879204549758,2754.3955078125,47.0,0.9863185286521912,4.0,2.0,0.7077313700389368,13.792227745056152,44.0,"{""type"":""Point"",""coordinates"":[110.23673208376147,19.112212108077692]}"
1270,0.0,28.0,72.0,33.24698257446289,72.0,18.495726974356707,109.81658386196136,2080.57421875,50.0,4.846640110015869,5.0,1.0,0.6485814541811536,12.196686744689941,44.0,"{""type"":""Point"",""coordinates"":[109.81639173212322,18.49442803783382]}"
1271,0.0,23.0,83.0,11.408711433410645,51.0,19.72192733717985,109.65937868724046,2071.01123046875,52.0,0.7296971678733826,3.0,3.0,0.7330711083681055,14.08586311340332,33.0,"{""type"":""Point"",""coordinates"":[109.66029127192014,19.721751705797384]}"
1272,0.0,29.0,667.0,34.2205924987793,611.0,19.12903924966097,109.13835582245116,1987.068603515625,49.0,8.665376663208008,7.0,2.0,0.5890283568099228,11.17314624786377,39.0,"{""type"":""Point"",""coordinates"":[109.13871278694278,19.13095293586839]}"
1273,0.0,31.0,378.0,56.09273910522461,201.0,19.24132866017591,109.57853031166974,2303.035888671875,39.0,9.487897872924805,4.0,2.0,0.6128139604521786,11.317076683044434,40.0,"{""type"":""Point"",""coordinates"":[109.57674259430067,19.240887421147086]}"
1274,0.0,36.0,86.0,19.880159378051758,85.0,19.72192733717985,109.56056400598732,2024.0574951171875,40.0,2.463714838027954,4.0,3.0,0.6867864407585497,12.866705894470215,33.0,"{""type"":""Point"",""coordinates"":[109.56144885674736,19.722074331479323]}"
1275,0.0,24.0,78.0,27.97052001953125,40.0,19.115564520399175,110.05463741225304,2595.68212890625,49.0,1.8349326848983765,4.0,2.0,0.7189870995499853,13.166433334350586,45.0,"{""type"":""Point"",""coordinates"":[110.05569668219265,19.11403869485924]}"
1276,0.0,29.0,1252.0,35.852142333984375,1057.0,19.039207721249014,109.46174932473417,2150.2890625,39.0,16.060516357421875,10.0,2.0,0.5332593019109395,9.762373924255371,42.0,"{""type"":""Point"",""coordinates"":[109.46218620645102,19.038968612047878]}"
1277,0.0,30.0,1342.0,15.518631935119629,1218.0,18.908952005051688,109.15632212813352,1851.26708984375,39.0,6.053511619567871,12.0,2.0,0.5355098496660208,10.562600135803223,43.0,"{""type"":""Point"",""coordinates"":[109.15811162223831,18.907159706361735]}"
1278,0.0,27.0,50.0,14.795536041259766,50.0,19.447941175523397,109.05750744688038,1936.39794921875,49.0,1.5850071907043457,3.0,3.0,0.7250452939006558,13.329526901245117,33.0,"{""type"":""Point"",""coordinates"":[109.05635173114926,19.447742580790184]}"
1279,0.0,26.0,347.0,13.508771896362305,286.0,18.73378052464838,109.56954715882853,2151.864013671875,51.0,1.044839859008789,4.0,1.0,0.6045949835527022,13.554630279541016,47.0,"{""type"":""Point"",""coordinates"":[109.56941455154781,18.73450228226891]}"
1280,0.0,25.0,9.0,8.552542686462402,12.0,18.837086782322125,110.40947194948029,2119.864013671875,52.0,0.2972862124443054,2.0,2.0,0.7227273714760096,15.01394271850586,47.0,"{""type"":""Point"",""coordinates"":[110.40813208219632,18.838174182334257]}"
1281,0.0,27.0,249.0,36.32251739501953,99.0,19.286244424381884,109.56056400598732,2338.775634765625,48.0,4.189988136291504,4.0,3.0,0.6549021681957943,12.231547355651855,37.0,"{""type"":""Point"",""coordinates"":[109.56164273061796,19.28414553618495]}"
1282,0.0,24.0,36.0,6.092483997344971,39.0,18.531659585721485,108.85987808437409,1494.08203125,50.0,0.6424281597137451,3.0,1.0,0.6662007352636564,14.241022109985352,44.0,"{""type"":""Point"",""coordinates"":[108.85999860229337,18.530866558728086]}"
1283,0.0,26.0,269.0,24.785430908203125,178.0,18.8775109701075,110.0052300716265,2379.224853515625,49.0,2.15462327003479,4.0,2.0,0.6270871910046709,12.884547233581543,45.0,"{""type"":""Point"",""coordinates"":[110.00463455936358,18.877233563899342]}"
1284,0.0,23.0,240.0,10.34088134765625,201.0,18.608016384871647,109.33149360853685,1969.009765625,56.0,0.7954465746879578,3.0,1.0,0.6138249817567368,13.900788307189941,44.0,"{""type"":""Point"",""coordinates"":[109.33093954242494,18.60813372823706]}"
1285,0.0,25.0,435.0,37.12211990356445,282.0,18.760729983171963,109.37191779632224,2104.0419921875,51.0,6.5164642333984375,5.0,1.0,0.582638504243778,11.655266761779785,46.0,"{""type"":""Point"",""coordinates"":[109.37274387049304,18.760343255425887]}"
1286,0.0,31.0,542.0,34.37021255493164,533.0,18.527168009300887,109.21022104518073,1971.77587890625,48.0,8.291542053222656,4.0,1.0,0.5722457676309817,11.326936721801758,44.0,"{""type"":""Point"",""coordinates"":[109.20996986879788,18.525125274218304]}"
1287,0.0,26.0,6.0,11.873546600341797,9.0,18.706831066124792,110.3735393381155,2245.73046875,44.0,0.5460132956504822,2.0,1.0,0.7282188451151621,14.40247917175293,48.0,"{""type"":""Point"",""coordinates"":[110.37460558464964,18.706978965634868]}"
1288,0.0,26.0,33.0,22.611576080322266,26.0,19.12903924966097,110.30616569180654,2778.480712890625,50.0,1.0635828971862793,4.0,2.0,0.7584601856495156,13.73855209350586,41.0,"{""type"":""Point"",""coordinates"":[110.30710368088377,19.128724337486222]}"
1289,0.0,26.0,49.0,21.294095993041992,28.0,19.537772703935353,110.22531731623576,2685.0126953125,46.0,1.0198668241500854,3.0,3.0,0.7682436160823956,13.771181106567383,38.0,"{""type"":""Point"",""coordinates"":[110.22323130008564,19.53903114651941]}"
1290,0.0,27.0,207.0,59.23451232910156,207.0,18.63047426697463,110.06362056509425,2390.0078125,46.0,8.274617195129395,4.0,1.0,0.608813505902754,11.57341194152832,45.0,"{""type"":""Point"",""coordinates"":[110.06161669515141,18.6321916740611]}"
1291,0.0,25.0,259.0,26.231735229492188,62.0,18.980817227781245,109.56056400598732,2121.559326171875,48.0,3.1785480976104736,4.0,2.0,0.6645051313003053,12.501903533935547,42.0,"{""type"":""Point"",""coordinates"":[109.56068646537338,18.979357195339702]}"
1292,0.0,21.0,33.0,11.831588745117188,33.0,18.45979436299192,109.76268494491421,2113.77783203125,58.0,0.7489013671875,2.0,1.0,0.7045819818613311,14.089401245117188,45.0,"{""type"":""Point"",""coordinates"":[109.76364046956414,18.457694324920233]}"
1293,0.0,25.0,139.0,25.728530883789062,127.0,18.52267643288029,109.26411996222788,1948.0106201171875,53.0,3.9097793102264404,4.0,1.0,0.6039504154104467,12.371628761291504,45.0,"{""type"":""Point"",""coordinates"":[109.26484243001035,18.523205515811544]}"
1294,0.0,30.0,474.0,35.29362487792969,390.0,19.178446590287543,109.16081370455413,1995.0833740234375,43.0,7.306487560272217,7.0,2.0,0.6089979520351986,11.509659767150879,38.0,"{""type"":""Point"",""coordinates"":[109.15939451553052,19.17753399820382]}"
1295,0.0,22.0,70.0,6.6260085105896,62.0,19.304210730064277,108.90479384858008,1682.9339599609375,59.0,0.5197901725769043,2.0,3.0,0.6718696757155043,14.432853698730469,39.0,"{""type"":""Point"",""coordinates"":[108.9056653264563,19.302745062084295]}"
1296,0.0,30.0,2.0,8.698232650756836,3.0,19.99591349883631,110.49930347789223,2091.236083984375,38.0,0.46516039967536926,2.0,4.0,0.7620565406820484,13.639725685119629,40.0,"{""type"":""Point"",""coordinates"":[110.49812319925812,19.994853081233632]}"
1297,0.0,23.0,140.0,16.070240020751953,104.0,19.49734851614997,109.50666508894017,2251.46826171875,52.0,1.109489917755127,5.0,3.0,0.6768664098093541,13.632018089294434,35.0,"{""type"":""Point"",""coordinates"":[109.50881366333027,19.49726037287975]}"
1298,0.0,29.0,317.0,40.39498519897461,150.0,18.873019393686903,109.81658386196136,2326.879150390625,37.0,4.9250288009643555,7.0,2.0,0.6083614790526428,12.022934913635254,46.0,"{""type"":""Point"",""coordinates"":[109.81741627658108,18.871689268003454]}"
1299,0.0,29.0,352.0,64.22126770019531,352.0,18.5092017036185,109.83005859122318,2248.7099609375,48.0,13.240588188171387,5.0,1.0,0.5785117146507638,10.99372673034668,45.0,"{""type"":""Point"",""coordinates"":[109.82950662459282,18.5085573148874]}"
1300,0.0,24.0,117.0,71.57275390625,99.0,19.10658136755798,110.14896051708558,2666.292724609375,51.0,7.743757724761963,4.0,2.0,0.6314560358007508,11.697208404541016,44.0,"{""type"":""Point"",""coordinates"":[110.14691311170802,19.105384860385875]}"
1301,0.0,28.0,175.0,69.21755981445312,120.0,19.41200856415862,109.89743223753214,2597.91259765625,44.0,8.220504760742188,4.0,3.0,0.6570931626444704,11.600564956665039,37.0,"{""type"":""Point"",""coordinates"":[109.8987509899353,19.410989682678547]}"
1302,0.0,25.0,25.0,7.218456268310547,22.0,19.793792559909413,110.7328654517633,2126.321533203125,53.0,0.1674090027809143,3.0,4.0,0.7434962111302799,14.62732982635498,40.0,"{""type"":""Point"",""coordinates"":[110.73365827347476,19.794237287561565]}"
1303,0.0,29.0,40.0,15.898552894592285,40.0,19.77133467780643,110.64752549977192,2210.611083984375,37.0,1.3777207136154175,6.0,4.0,0.7295226893516001,13.013978958129883,39.0,"{""type"":""Point"",""coordinates"":[110.64935001416009,19.77335335153477]}"
1304,0.0,24.0,122.0,12.434013366699219,104.0,19.479382210467584,109.26861153864849,2095.48681640625,57.0,0.9493915438652039,2.0,3.0,0.6717746063325365,13.798990249633789,34.0,"{""type"":""Point"",""coordinates"":[109.26834120735688,19.47895974857096]}"
1305,0.0,29.0,18.0,7.394247055053711,18.0,19.74438521928284,110.76430648670748,2135.3681640625,45.0,0.18282771110534668,5.0,4.0,0.7547799828681439,14.549806594848633,39.0,"{""type"":""Point"",""coordinates"":[110.76510260251099,19.742791765416424]}"
1306,0.0,29.0,248.0,25.808107376098633,246.0,18.814628900219134,108.79250443806512,1383.384521484375,43.0,10.70097541809082,5.0,1.0,0.5418787830855754,11.284637451171875,46.0,"{""type"":""Point"",""coordinates"":[108.79136935138932,18.816532265390038]}"
1307,0.0,25.0,40.0,6.330907821655273,40.0,19.178446590287543,108.76106340312094,1422.0980224609375,51.0,0.8856614828109741,2.0,2.0,0.6723382898355479,13.917570114135742,41.0,"{""type"":""Point"",""coordinates"":[108.76201208881831,19.17634382781202]}"
1308,0.0,27.0,343.0,28.741636276245117,157.0,19.093106638296184,109.47073247757538,2130.836181640625,41.0,3.6984243392944336,4.0,2.0,0.6247178545940398,12.292150497436523,40.0,"{""type"":""Point"",""coordinates"":[109.47202962587485,19.09215775644196]}"
1309,0.0,25.0,132.0,48.90950393676758,55.0,19.38056752921443,109.78963440343779,2445.869384765625,47.0,5.33716344833374,3.0,3.0,0.7112536248138077,12.063401222229004,37.0,"{""type"":""Point"",""coordinates"":[109.78939495443234,19.378380160180367]}"
1310,0.0,25.0,25.0,6.901471138000488,26.0,20.072270297986464,110.59362658272477,1955.8680419921875,45.0,0.31172075867652893,3.0,4.0,0.7104662947180216,13.589493751525879,44.0,"{""type"":""Point"",""coordinates"":[110.5937070980569,20.073287924832684]}"
1311,0.0,30.0,229.0,64.65641784667969,170.0,18.99429195704304,110.02319637730886,2527.573486328125,44.0,8.530130386352539,4.0,2.0,0.6185558732488219,11.528218269348145,44.0,"{""type"":""Point"",""coordinates"":[110.02388749729151,18.99462415622365]}"
1312,0.0,28.0,588.0,32.79740905761719,456.0,18.85056151158392,109.2371705037043,1833.5029296875,43.0,8.78470516204834,6.0,2.0,0.5614842002627151,11.229537963867188,44.0,"{""type"":""Point"",""coordinates"":[109.23921627303301,18.849743309047412]}"
1313,0.0,23.0,128.0,12.185920715332031,119.0,19.510823245411764,109.32251045569564,2070.74072265625,58.0,0.9411227703094482,4.0,3.0,0.6581004077778019,13.804051399230957,37.0,"{""type"":""Point"",""coordinates"":[109.3205052652518,19.510449602179193]}"
1314,0.0,24.0,26.0,10.58724308013916,26.0,18.57657534992746,110.04565425941183,2114.489013671875,40.0,0.4840899705886841,3.0,1.0,0.7100624239434404,14.529834747314453,46.0,"{""type"":""Point"",""coordinates"":[110.04443084059851,18.577508288734375]}"
1315,0.0,29.0,254.0,37.65347671508789,76.0,19.169463437446346,109.53810612388435,2236.683349609375,39.0,4.825505256652832,5.0,2.0,0.6727228737447007,12.086414337158203,37.0,"{""type"":""Point"",""coordinates"":[109.53738643578848,19.168423841417706]}"
1316,0.0,26.0,67.0,12.048701286315918,60.0,19.730910490021046,110.60260973556598,2326.63671875,51.0,0.6511110067367554,6.0,3.0,0.7332232675998797,13.76456069946289,35.0,"{""type"":""Point"",""coordinates"":[110.60244105387568,19.733038551630095]}"
1317,0.0,26.0,48.0,21.31131935119629,38.0,19.034716144828415,110.31065726822715,2546.581787109375,46.0,1.2180511951446533,4.0,2.0,0.7319221556111797,13.59414291381836,43.0,"{""type"":""Point"",""coordinates"":[110.30920456008727,19.03283855168366]}"
1318,0.0,22.0,31.0,13.098445892333984,31.0,19.71743576075925,109.46174932473417,2001.4580078125,54.0,1.085922360420227,2.0,3.0,0.7566584417501538,13.718923568725586,32.0,"{""type"":""Point"",""coordinates"":[109.46074941977581,19.719658363961752]}"
1319,0.0,28.0,368.0,32.61817169189453,260.0,18.976325651360646,109.91989011963511,2340.0546875,44.0,3.661454439163208,4.0,2.0,0.6264303152980758,12.284321784973145,42.0,"{""type"":""Point"",""coordinates"":[109.92196181137915,18.974422850981785]}"
1320,0.0,30.0,138.0,30.114765167236328,85.0,19.416500140579217,110.10853632930025,2734.456787109375,41.0,1.878363013267517,4.0,3.0,0.6960773041071091,13.106523513793945,38.0,"{""type"":""Point"",""coordinates"":[110.1063339969512,19.41861187300494]}"
1321,0.0,25.0,146.0,43.3709716796875,64.0,19.313193882905473,110.17141839918861,2711.73974609375,48.0,3.3724899291992188,4.0,3.0,0.7122817844624237,12.515506744384766,38.0,"{""type"":""Point"",""coordinates"":[110.17121180786505,19.3129327894714]}"
1322,0.0,26.0,226.0,76.173095703125,218.0,19.286244424381884,110.30167411538594,2895.787841796875,50.0,7.413427352905273,4.0,3.0,0.6589654170941647,11.672322273254395,36.0,"{""type"":""Point"",""coordinates"":[110.30328807809092,19.284689914939587]}"
1323,0.0,30.0,784.0,36.19158935546875,631.0,18.73827210106898,109.35395149063982,2131.292236328125,47.0,8.600204467773438,9.0,1.0,0.5652465576189032,11.0667085647583,45.0,"{""type"":""Point"",""coordinates"":[109.35319237132266,18.737023917764297]}"
1324,0.0,20.0,129.0,13.202705383300781,111.0,19.528789551094157,109.4347998662106,2098.60791015625,55.0,0.9257146120071411,5.0,3.0,0.6692005958276045,13.8199462890625,35.0,"{""type"":""Point"",""coordinates"":[109.43649122672157,19.528171290473036]}"
1325,0.0,30.0,13.0,10.443662643432617,15.0,19.120056096819773,110.5711687006218,2464.1494140625,41.0,0.2106022983789444,7.0,2.0,0.7572301334232345,15.35049819946289,44.0,"{""type"":""Point"",""coordinates"":[110.57196037128085,19.11915543882841]}"
1326,0.0,27.0,245.0,16.237211227416992,114.0,19.317685459326064,109.48420720683714,2313.79443359375,46.0,1.0847076177597046,4.0,3.0,0.6690711239383665,13.587258338928223,36.0,"{""type"":""Point"",""coordinates"":[109.4857423811708,19.316052590769036]}"
1327,0.0,25.0,36.0,15.10572338104248,35.0,18.751746830330767,110.18938470487097,2457.463134765625,46.0,0.6680275797843933,3.0,1.0,0.7147136707662709,14.201944351196289,47.0,"{""type"":""Point"",""coordinates"":[110.19122243329105,18.752724653276683]}"
1328,0.0,31.0,151.0,18.067123413085938,76.0,19.528789551094157,109.69081972218464,2279.03515625,43.0,1.4214431047439575,4.0,3.0,0.7026009757077412,13.377318382263184,35.0,"{""type"":""Point"",""coordinates"":[109.68952374218821,19.530059716191314]}"
1329,0.0,27.0,27.0,14.412507057189941,28.0,19.6365873851885,110.71040756966033,2241.60107421875,52.0,1.2043805122375488,10.0,3.0,0.7626259796534086,13.185783386230469,36.0,"{""type"":""Point"",""coordinates"":[110.71031885661114,19.638720921503147]}"
1330,0.0,32.0,404.0,48.08671951293945,273.0,19.259294965858295,109.5964966173521,2338.775634765625,37.0,7.135189056396484,4.0,2.0,0.6343367878544895,11.586962699890137,37.0,"{""type"":""Point"",""coordinates"":[109.59492826336921,19.260454481782908]}"
1331,0.0,38.0,96.0,15.605329513549805,70.0,19.57370531530013,110.5262529364158,2522.5078125,37.0,0.9130920767784119,4.0,3.0,0.7294941304214875,13.569339752197266,35.0,"{""type"":""Point"",""coordinates"":[110.5244991166553,19.574957566410927]}"
1332,0.0,26.0,33.0,5.9296488761901855,33.0,19.46590748120579,108.91826857784184,1692.623291015625,47.0,0.3115393817424774,2.0,3.0,0.7076428997329085,14.966529846191406,39.0,"{""type"":""Point"",""coordinates"":[108.9203967804684,19.464009472870117]}"
1333,0.0,24.0,19.0,6.674032688140869,19.0,19.87913251190077,110.94396954353141,1658.97705078125,51.0,1.0347052812576294,2.0,4.0,0.6711458189147237,12.403361320495605,50.0,"{""type"":""Point"",""coordinates"":[110.94486073303366,19.877026986072703]}"
1334,0.0,30.0,57.0,12.305058479309082,57.0,19.591671620982524,109.20572946876013,2046.3929443359375,45.0,0.966838538646698,2.0,3.0,0.7071864968662447,13.819878578186035,37.0,"{""type"":""Point"",""coordinates"":[109.20518833876,19.59052422853973]}"
1335,0.0,31.0,1210.0,38.313411712646484,969.0,18.917935157892877,109.71327760428761,2307.8974609375,40.0,13.51103401184082,12.0,2.0,0.5439214733910224,10.023791313171387,44.0,"{""type"":""Point"",""coordinates"":[109.71328046403909,18.918459481491514]}"
1336,0.0,21.0,5.0,2.8263447284698486,8.0,18.59903323203045,108.69818133323258,1219.245849609375,54.0,0.12104114890098572,2.0,1.0,0.6913104566498661,15.83831787109375,43.0,"{""type"":""Point"",""coordinates"":[108.69872699867969,18.599996399038226]}"
1337,0.0,30.0,108.0,10.288097381591797,72.0,19.650062114450293,109.83005859122318,2251.205078125,45.0,0.4183167517185211,4.0,3.0,0.7210762489019298,14.627198219299316,33.0,"{""type"":""Point"",""coordinates"":[109.831507145668,19.65055759886894]}"
1338,0.0,30.0,198.0,38.83623123168945,196.0,18.706831066124792,108.79250443806512,1486.941162109375,44.0,16.824363708496094,5.0,1.0,0.5466763039219138,10.847237586975098,43.0,"{""type"":""Point"",""coordinates"":[108.79352212279396,18.706908781570284]}"
1339,0.0,25.0,17.0,5.746883392333984,18.0,19.874640935480173,110.80473067449287,1842.09033203125,48.0,0.19175733625888824,2.0,4.0,0.7037488419893285,14.093643188476562,46.0,"{""type"":""Point"",""coordinates"":[110.80550132723435,19.87344956185496]}"
1340,0.0,45.0,101.0,15.655085563659668,101.0,19.847691476956584,109.75819336849361,1990.7030029296875,31.0,1.8878742456436157,5.0,4.0,0.6702364056921573,13.12413501739502,33.0,"{""type"":""Point"",""coordinates"":[109.75841733988088,19.847590232922748]}"
1341,0.0,28.0,22.0,8.530339241027832,22.0,19.703961031497464,110.7328654517633,2240.012451171875,43.0,0.19157029688358307,3.0,3.0,0.759237055825178,15.003643035888672,38.0,"{""type"":""Point"",""coordinates"":[110.73480775815909,19.703580865475104]}"
1342,0.0,28.0,148.0,12.333429336547852,130.0,19.560230586038337,110.55320239493938,2502.11181640625,48.0,0.45953473448753357,5.0,3.0,0.6942796310797493,14.213396072387695,35.0,"{""type"":""Point"",""coordinates"":[110.55453478022324,19.56116656801813]}"
1343,0.0,24.0,136.0,34.17402267456055,83.0,19.470399057626388,110.05463741225304,2799.33447265625,52.0,2.1491189002990723,4.0,3.0,0.7012968372947602,12.972993850708008,37.0,"{""type"":""Point"",""coordinates"":[110.05293881754359,19.469216537477433]}"
1344,0.0,22.0,71.0,15.207539558410645,64.0,19.322177035746662,110.36006460885369,2742.490966796875,49.0,0.3823137879371643,4.0,3.0,0.7261086608553291,14.739455223083496,39.0,"{""type"":""Point"",""coordinates"":[110.36188499123232,19.321431846566085]}"
1345,0.0,26.0,56.0,13.457986831665039,56.0,19.55573900961774,109.20572946876013,2046.3929443359375,51.0,1.1313915252685547,3.0,3.0,0.7039931228015422,13.663261413574219,38.0,"{""type"":""Point"",""coordinates"":[109.2069845398781,19.554646518187155]}"
1346,0.0,24.0,31.0,6.524151802062988,33.0,19.694977878656267,110.90803693216662,1717.306396484375,50.0,0.691869854927063,4.0,3.0,0.7008113952740823,12.951568603515625,41.0,"{""type"":""Point"",""coordinates"":[110.90902465021323,19.69559312028686]}"
1347,0.0,34.0,635.0,29.626041412353516,443.0,19.097598214716783,109.3943756784252,2061.771484375,37.0,5.617123126983643,5.0,2.0,0.5937921416697224,11.640183448791504,41.0,"{""type"":""Point"",""coordinates"":[109.39577206642299,19.097663214146156]}"
1348,0.0,30.0,372.0,28.30364990234375,323.0,18.71132264254539,109.58751346451089,2151.864013671875,47.0,3.9806067943573,5.0,1.0,0.5843670679102604,12.197606086730957,49.0,"{""type"":""Point"",""coordinates"":[109.58927379216571,18.71174872357629]}"
1349,0.0,23.0,223.0,24.191625595092773,109.0,19.263786542278893,109.37191779632224,2198.278564453125,54.0,2.5406291484832764,4.0,2.0,0.640158242318669,12.750113487243652,40.0,"{""type"":""Point"",""coordinates"":[109.37390634574497,19.263053395336733]}"
1350,0.0,30.0,427.0,38.25340270996094,427.0,18.63496584339523,110.13997736424443,2249.768798828125,47.0,5.9308881759643555,4.0,1.0,0.6014704391148387,11.7562255859375,44.0,"{""type"":""Point"",""coordinates"":[110.14019361055895,18.635777037907978]}"
1351,0.0,29.0,450.0,56.205078125,396.0,19.066157179772603,109.08894848182456,1946.5521240234375,49.0,17.77129364013672,5.0,2.0,0.5710717349479675,10.612076759338379,39.0,"{""type"":""Point"",""coordinates"":[109.09062988999491,19.065406664736752]}"
1352,0.0,23.0,50.0,11.09264087677002,50.0,18.49123539793611,109.83005859122318,2080.57421875,56.0,0.7117961645126343,4.0,1.0,0.6887758603772158,14.13028335571289,44.0,"{""type"":""Point"",""coordinates"":[109.82880843622299,18.489483914729725]}"
1353,0.0,30.0,445.0,39.20972442626953,321.0,18.783187865274954,109.06649059972159,1808.7734375,42.0,11.335755348205566,8.0,1.0,0.5758758182569088,11.085171699523926,41.0,"{""type"":""Point"",""coordinates"":[109.06852181171253,18.783626743734562]}"
1354,0.0,25.0,31.0,11.154250144958496,34.0,18.90446042863109,110.39150564379787,2322.842041015625,51.0,0.4173111319541931,4.0,2.0,0.7233947055606982,14.675378799438477,44.0,"{""type"":""Point"",""coordinates"":[110.3929602024707,18.904425472710773]}"
1355,0.0,24.0,116.0,12.29343032836914,78.0,19.470399057626388,109.385392525584,2140.790283203125,55.0,0.8234622478485107,3.0,3.0,0.7049132976526702,13.944990158081055,33.0,"{""type"":""Point"",""coordinates"":[109.38444031443308,19.46954815763767]}"
1356,0.0,20.0,53.0,15.927227973937988,42.0,19.569213738879533,110.3241319974889,2597.951904296875,57.0,0.619453489780426,3.0,3.0,0.7500515858809373,14.22908878326416,39.0,"{""type"":""Point"",""coordinates"":[110.3257168887266,19.56727956066902]}"
1357,0.0,23.0,175.0,11.049703598022461,46.0,18.73378052464838,109.21022104518073,1850.731689453125,54.0,1.0901062488555908,3.0,1.0,0.674095583662431,13.62769603729248,43.0,"{""type"":""Point"",""coordinates"":[109.21160893423617,18.73601903512578]}"
1358,0.0,30.0,5.0,24.496740341186523,7.0,18.67988160760121,110.41396352590084,2133.01318359375,43.0,2.6843485832214355,5.0,1.0,0.7265710413905457,12.809226989746094,46.0,"{""type"":""Point"",""coordinates"":[110.41422289176897,18.679819666478394]}"
1359,0.0,28.0,778.0,38.48972702026367,755.0,18.71132264254539,109.85251647332615,2037.688720703125,47.0,10.533707618713379,7.0,1.0,0.5397393431761098,10.866286277770996,48.0,"{""type"":""Point"",""coordinates"":[109.85202760571578,18.711704581049244]}"
1360,0.0,31.0,301.0,29.643692016601562,258.0,18.65742372549822,109.05750744688038,1816.847900390625,40.0,6.3484086990356445,4.0,1.0,0.5745181618530761,11.778512001037598,46.0,"{""type"":""Point"",""coordinates"":[109.05600216643009,18.658451951463615]}"
1361,0.0,26.0,222.0,29.236600875854492,119.0,19.420991716999815,109.70429445144646,2442.66162109375,46.0,2.4945483207702637,4.0,3.0,0.6809646855359441,12.769095420837402,34.0,"{""type"":""Point"",""coordinates"":[109.70349743916655,19.419107961449317]}"
1362,0.0,24.0,102.0,8.281606674194336,52.0,19.38505910563503,109.25513680938667,2042.5059814453125,50.0,0.311515748500824,4.0,3.0,0.7270513304707555,14.925638198852539,34.0,"{""type"":""Point"",""coordinates"":[109.25488878878876,19.386494398391328]}"
1363,0.0,24.0,117.0,24.8867244720459,88.0,18.71132264254539,109.74471863923185,2415.818359375,50.0,1.9079616069793701,4.0,1.0,0.6393152961744111,13.103804588317871,48.0,"{""type"":""Point"",""coordinates"":[109.74513763077165,18.709540537333393]}"
1364,0.0,27.0,67.0,7.831148147583008,70.0,18.65293214907762,108.80597916732694,1557.253173828125,47.0,0.9869297742843628,3.0,1.0,0.632505177975351,13.793390274047852,44.0,"{""type"":""Point"",""coordinates"":[108.80455162552836,18.653316131344344]}"
1365,0.0,29.0,18.0,4.135799407958984,19.0,19.358109647111448,108.78352128522391,1469.34716796875,45.0,0.21070392429828644,2.0,3.0,0.6932117393811869,15.366294860839844,43.0,"{""type"":""Point"",""coordinates"":[108.7834560419964,19.356173109586248]}"
1366,0.0,24.0,140.0,11.212652206420898,126.0,19.10658136755798,108.91826857784184,1652.5684814453125,48.0,1.527092456817627,3.0,2.0,0.6162419279039657,13.312440872192383,40.0,"{""type"":""Point"",""coordinates"":[108.91617955965276,19.106396382714102]}"
1367,0.0,25.0,457.0,26.760425567626953,409.0,18.6888647604424,108.98564222415081,1721.463623046875,51.0,6.934626579284668,6.0,1.0,0.5596753746052654,11.575651168823242,46.0,"{""type"":""Point"",""coordinates"":[108.98634327095417,18.69057429244307]}"
1368,0.0,29.0,878.0,24.41652488708496,876.0,18.73827210106898,108.81047074374754,1544.5819091796875,49.0,13.333146095275879,6.0,1.0,0.5163800396174646,10.51535701751709,44.0,"{""type"":""Point"",""coordinates"":[108.81041331828344,18.738440362058334]}"
1369,0.0,27.0,75.0,25.90187644958496,60.0,19.043699297669612,110.25226677475933,2619.451171875,43.0,1.5699959993362427,3.0,2.0,0.7020341608318853,13.324250221252441,44.0,"{""type"":""Point"",""coordinates"":[110.25261408972233,19.042504102346467]}"
1370,0.0,28.0,19.0,8.295597076416016,20.0,19.950997734630327,110.45438771368623,2091.236083984375,43.0,0.3817470371723175,2.0,4.0,0.7379692582677543,13.873409271240234,41.0,"{""type"":""Point"",""coordinates"":[110.4564481977005,19.95145415905112]}"
1371,0.0,26.0,20.0,7.38040018081665,22.0,19.659045267291482,110.86312116796063,1888.65966796875,50.0,0.5511682629585266,5.0,3.0,0.7296323152498866,13.44327163696289,40.0,"{""type"":""Point"",""coordinates"":[110.86257833807478,19.65799814922718]}"
1372,0.0,23.0,257.0,25.29600715637207,229.0,18.554117467824476,109.29556099717206,1979.3729248046875,55.0,3.7716825008392334,4.0,1.0,0.5990395050558381,12.33172607421875,45.0,"{""type"":""Point"",""coordinates"":[109.29707324344629,18.554369985265495]}"
1373,0.0,27.0,425.0,17.408626556396484,421.0,18.49123539793611,109.20572946876013,1971.9754638671875,50.0,2.297102689743042,4.0,1.0,0.5980506333336305,12.709303855895996,44.0,"{""type"":""Point"",""coordinates"":[109.2070260574987,18.491430776429123]}"
1374,0.0,29.0,106.0,17.399797439575195,69.0,18.940393039995868,110.12650263498261,2418.375244140625,41.0,1.0116868019104004,6.0,2.0,0.675510404871821,13.745192527770996,46.0,"{""type"":""Point"",""coordinates"":[110.1283602798857,18.939629471760632]}"
1375,0.0,27.0,442.0,35.74366760253906,412.0,18.724797371807185,109.96929746026171,2346.07763671875,47.0,4.449219226837158,4.0,1.0,0.597372330462361,12.033852577209473,47.0,"{""type"":""Point"",""coordinates"":[109.97087429621699,18.725227054428377]}"
1376,0.0,32.0,419.0,48.3696174621582,256.0,19.142513978922757,109.67285341650228,2401.442626953125,37.0,6.733973503112793,6.0,2.0,0.6307995684651228,11.634214401245117,39.0,"{""type"":""Point"",""coordinates"":[109.67456373070237,19.140496529886867]}"
1377,0.0,25.0,47.0,19.942487716674805,24.0,19.66353684371208,109.96480588384111,2444.14501953125,47.0,1.2197661399841309,5.0,3.0,0.791145768461111,13.593321800231934,32.0,"{""type"":""Point"",""coordinates"":[109.9632124347106,19.66480603661256]}"
1378,0.0,28.0,86.0,23.749147415161133,86.0,19.789300983488815,109.99624691878529,2374.24169921875,44.0,1.8709388971328735,4.0,4.0,0.7123399443760265,13.142196655273438,32.0,"{""type"":""Point"",""coordinates"":[109.99587442611586,19.790324978576734]}"
1379,0.0,23.0,51.0,14.890802383422852,33.0,19.672519996553277,110.06811214151486,2529.0078125,55.0,0.6187000870704651,2.0,3.0,0.7865217859302969,14.269879341125488,32.0,"{""type"":""Point"",""coordinates"":[110.069578273645,19.67388370944049]}"
1380,0.0,26.0,141.0,27.757080078125,83.0,19.376075952793833,109.93785642531753,2643.167236328125,48.0,1.8033465147018433,4.0,3.0,0.6988234967216088,13.145447731018066,38.0,"{""type"":""Point"",""coordinates"":[109.93586028892821,19.37477393750217]}"
1381,0.0,27.0,581.0,52.82358169555664,576.0,18.48674382151551,109.22369577444249,1971.9754638671875,52.0,17.24640655517578,5.0,1.0,0.5443798900015042,10.537964820861816,44.0,"{""type"":""Point"",""coordinates"":[109.22463933143743,18.485105693952878]}"
1382,0.0,27.0,7.0,7.450289249420166,10.0,18.80115417095734,110.40498037305969,2119.864013671875,43.0,0.11471964418888092,2.0,1.0,0.7168798883681062,15.962076187133789,49.0,"{""type"":""Point"",""coordinates"":[110.40332066448337,18.80334529547147]}"
1383,0.0,25.0,1081.0,55.60533142089844,884.0,19.01674983914603,109.53361454746374,2209.655029296875,47.0,23.139835357666016,10.0,2.0,0.525610031818575,9.661487579345703,42.0,"{""type"":""Point"",""coordinates"":[109.53448099811034,19.015227947475925]}"
1384,0.0,27.0,99.0,12.108864784240723,93.0,19.87913251190077,110.26574150402115,2303.278564453125,44.0,0.5970932841300964,4.0,4.0,0.6873335065852266,13.991741180419922,36.0,"{""type"":""Point"",""coordinates"":[110.26449025424725,19.880483408830287]}"
1385,0.0,26.0,311.0,82.3367691040039,306.0,18.473269092253716,109.65039553439925,2264.468505859375,50.0,18.20224952697754,3.0,1.0,0.5687016200275737,10.687901496887207,44.0,"{""type"":""Point"",""coordinates"":[109.65155932335412,18.472333384536586]}"
1386,0.0,27.0,86.0,7.654187202453613,76.0,19.277261271540688,108.94072645994487,1705.4638671875,51.0,0.7120141983032227,2.0,2.0,0.6604585316957563,14.108598709106445,38.0,"{""type"":""Point"",""coordinates"":[108.93887653949065,19.275025608172484]}"
1389,0.0,32.0,148.0,15.923508644104004,132.0,19.49734851614997,110.5217613599952,2521.701171875,43.0,0.9144240021705627,7.0,3.0,0.6772715801930244,13.525252342224121,39.0,"{""type"":""Point"",""coordinates"":[110.52289780866033,19.497713801235257]}"
1390,0.0,27.0,43.0,21.831979751586914,30.0,18.612507961292245,109.82107543838197,2266.123779296875,43.0,1.7939761877059937,4.0,1.0,0.7044919544003264,13.20971393585205,47.0,"{""type"":""Point"",""coordinates"":[109.8226688611072,18.614582561050387]}"
1391,0.0,25.0,36.0,11.207189559936523,36.0,18.729288948227783,110.17590997560922,2284.88232421875,51.0,0.4628489911556244,4.0,1.0,0.7095075645028068,14.568896293640137,46.0,"{""type"":""Point"",""coordinates"":[110.1775199120426,18.731029848494934]}"
1392,0.0,26.0,84.0,10.93721866607666,75.0,19.389550682055628,109.14284739887177,1942.87109375,53.0,0.938811182975769,3.0,3.0,0.6891323874939392,13.833244323730469,35.0,"{""type"":""Point"",""coordinates"":[109.14098952022243,19.388573111099717]}"
1393,0.0,25.0,29.0,7.652178764343262,32.0,18.908952005051688,110.40498037305969,2247.576416015625,50.0,0.057359881699085236,3.0,2.0,0.7264650757956361,16.66104507446289,43.0,"{""type"":""Point"",""coordinates"":[110.40604306070253,18.91092620433012]}"
1394,0.0,32.0,848.0,63.601932525634766,702.0,19.18293816670814,109.68183656934343,2477.897705078125,41.0,15.392021179199219,5.0,2.0,0.5790895080468066,10.399322509765625,40.0,"{""type"":""Point"",""coordinates"":[109.683160001055,19.1812522721567]}"
1395,0.0,27.0,331.0,35.57666778564453,287.0,18.581066926348058,109.17428843381595,1927.5745849609375,52.0,7.758001804351807,4.0,1.0,0.5747023805514122,11.555066108703613,46.0,"{""type"":""Point"",""coordinates"":[109.17244947240997,18.58074420091924]}"
1396,0.0,29.0,164.0,74.01932525634766,167.0,18.280131306168023,109.62793765229628,2100.885986328125,48.0,17.785587310791016,5.0,0.0,0.5853699351839388,10.809792518615723,41.0,"{""type"":""Point"",""coordinates"":[109.6296492719982,18.279581703053626]}"
1397,0.0,27.0,369.0,51.636512756347656,360.0,19.27276969512009,110.28370780970351,2804.257080078125,50.0,4.80012321472168,4.0,2.0,0.6620434333487798,12.011837005615234,36.0,"{""type"":""Point"",""coordinates"":[110.28223718441653,19.274685313439157]}"
1398,0.0,28.0,39.0,7.088415622711182,40.0,19.820742018433002,109.34945991421921,1755.4129638671875,39.0,0.4306330382823944,4.0,4.0,0.7220783517251134,14.639293670654297,35.0,"{""type"":""Point"",""coordinates"":[109.34824684739071,19.821109297374832]}"
1399,0.0,29.0,143.0,27.612852096557617,73.0,19.367092799952644,109.89294066111154,2610.899169921875,42.0,1.8509143590927124,4.0,3.0,0.7052813060544116,13.118152618408203,39.0,"{""type"":""Point"",""coordinates"":[109.89093770892397,19.36510851928103]}"
1400,0.0,28.0,86.0,21.914142608642578,73.0,18.57208377350686,109.81658386196136,2268.658935546875,42.0,1.8388705253601074,4.0,1.0,0.6585316788405196,13.15949821472168,46.0,"{""type"":""Point"",""coordinates"":[109.81469450587613,18.574256912190645]}"
1401,0.0,25.0,51.0,23.02422332763672,51.0,19.582688468141328,109.0305579883568,1832.244384765625,45.0,3.4798619747161865,3.0,3.0,0.697602635367866,12.541560173034668,36.0,"{""type"":""Point"",""coordinates"":[109.02923226539941,19.583933952820477]}"
1402,0.0,23.0,12.0,3.4058048725128174,12.0,18.93590146357527,108.67572345112961,1138.0860595703125,54.0,0.5122824311256409,2.0,2.0,0.6669959182319039,14.481305122375488,46.0,"{""type"":""Point"",""coordinates"":[108.67445768419331,18.933746768672016]}"
1403,0.0,22.0,25.0,5.138635635375977,25.0,19.74887679570344,110.94396954353141,1721.2138671875,56.0,0.23739443719387054,2.0,4.0,0.6880382093357806,13.861883163452148,46.0,"{""type"":""Point"",""coordinates"":[110.94350259895813,19.74972469239991]}"
1404,0.0,24.0,5.0,6.034016132354736,5.0,18.212757659859058,109.48869878325775,1873.098876953125,51.0,0.13369931280612946,4.0,0.0,0.7490758284684669,15.828627586364746,40.0,"{""type"":""Point"",""coordinates"":[109.48926427111851,18.21258301651362]}"
1405,0.0,26.0,412.0,52.195884704589844,234.0,19.007766686304834,109.76268494491421,2376.748046875,50.0,7.9804368019104,4.0,2.0,0.6154089688319261,11.467747688293457,41.0,"{""type"":""Point"",""coordinates"":[109.76149293514247,19.006075370188775]}"
1406,0.0,25.0,170.0,52.33730697631836,115.0,19.434466446261602,109.83904174406439,2495.209716796875,46.0,5.679823398590088,4.0,3.0,0.6610865718045971,11.97705364227295,37.0,"{""type"":""Point"",""coordinates"":[109.83968678609476,19.43225663348977]}"
1407,0.0,26.0,35.0,11.555678367614746,32.0,18.60352480845105,109.9603143074205,2217.72900390625,45.0,0.5458130836486816,3.0,1.0,0.7044009962667087,14.404594421386719,47.0,"{""type"":""Point"",""coordinates"":[109.9619931402281,18.60167450515784]}"
1408,0.0,26.0,34.0,11.980023384094238,32.0,19.80277571275061,110.45438771368623,2258.411865234375,44.0,0.6513681411743164,5.0,4.0,0.7658783338274252,13.79426383972168,34.0,"{""type"":""Point"",""coordinates"":[110.45506370302199,19.803276680134818]}"
1409,0.0,24.0,166.0,14.237847328186035,66.0,19.27276969512009,109.30005257359267,2109.00830078125,55.0,1.182050108909607,4.0,2.0,0.6903993817024554,13.552390098571777,38.0,"{""type"":""Point"",""coordinates"":[109.300551144314,19.274235023752247]}"
1410,0.0,26.0,351.0,91.24268341064453,322.0,18.720305795386587,109.94234800173814,2452.71533203125,46.0,16.925874710083008,4.0,1.0,0.5664325154364057,10.737213134765625,47.0,"{""type"":""Point"",""coordinates"":[109.94043652538666,18.721935659425835]}"
1411,0.0,26.0,70.0,18.516674041748047,35.0,19.474890634046986,110.31065726822715,2702.8974609375,46.0,0.7481141090393066,4.0,3.0,0.7656429265725083,14.068694114685059,37.0,"{""type"":""Point"",""coordinates"":[110.31030262834986,19.474391650159568]}"
1412,0.0,24.0,202.0,16.458030700683594,186.0,18.468777515833118,109.41234198410757,2092.667236328125,51.0,1.512600064277649,4.0,1.0,0.6125255739630698,13.282759666442871,46.0,"{""type"":""Point"",""coordinates"":[109.41140438835383,18.468865183442016]}"
1413,0.0,29.0,20.0,8.646968841552734,21.0,20.004896651677498,110.27023308044176,2099.135986328125,43.0,0.4629114866256714,2.0,4.0,0.7547833672718219,13.679207801818848,37.0,"{""type"":""Point"",""coordinates"":[110.27025828619283,20.003044709596583]}"
1414,0.0,30.0,43.0,11.407825469970703,44.0,19.51980639825296,110.73735702818391,2286.943359375,43.0,0.5938122868537903,7.0,3.0,0.7510569613744149,13.878664016723633,35.0,"{""type"":""Point"",""coordinates"":[110.73871656836776,19.52061691853125]}"
1415,0.0,27.0,176.0,91.4417953491211,168.0,19.286244424381884,110.3196404210683,2895.787841796875,49.0,9.76117992401123,3.0,3.0,0.652121132251796,11.42530345916748,36.0,"{""type"":""Point"",""coordinates"":[110.321720470051,19.2881381621183]}"
1416,0.0,26.0,14.0,8.909464836120605,14.0,19.942014581789138,110.38701406737727,2234.4326171875,47.0,0.3050905466079712,4.0,4.0,0.7553182088192258,14.104621887207031,41.0,"{""type"":""Point"",""coordinates"":[110.3883948130359,19.94396934843441]}"
1418,0.0,35.0,121.0,10.410431861877441,100.0,19.371584376373235,110.28819938612412,2637.23681640625,37.0,0.11471964418888092,5.0,3.0,0.6899341765705964,15.913022994995117,38.0,"{""type"":""Point"",""coordinates"":[110.28958843597256,19.372489014066492]}"
1419,0.0,37.0,77.0,9.663497924804688,77.0,19.838708324115387,109.9603143074205,2276.40087890625,34.0,0.3348653316497803,4.0,4.0,0.7193344294818057,14.760046005249023,33.0,"{""type"":""Point"",""coordinates"":[109.96066346383503,19.840249016313482]}"
1420,0.0,22.0,91.0,21.15364646911621,61.0,19.470399057626388,110.19836785771219,2754.9521484375,53.0,0.9196891784667969,6.0,3.0,0.7314851423677295,13.849620819091797,38.0,"{""type"":""Point"",""coordinates"":[110.19976575199465,19.47057786118118]}"
1421,0.0,29.0,26.0,13.272929191589355,27.0,19.55124743319714,110.71939072250149,2280.956298828125,47.0,0.9146522879600525,9.0,3.0,0.7886782478834328,13.461915016174316,31.0,"{""type"":""Point"",""coordinates"":[110.7184847021279,19.550830726588458]}"
1422,0.0,24.0,143.0,14.566618919372559,49.0,19.308702306484875,109.30903572643388,2127.602294921875,53.0,1.1560611724853516,4.0,3.0,0.7074024722084058,13.589025497436523,39.0,"{""type"":""Point"",""coordinates"":[109.30806926280644,19.306731963815576]}"
1423,0.0,27.0,221.0,36.52729034423828,136.0,19.447941175523397,109.75819336849361,2519.21923828125,51.0,3.503307342529297,3.0,3.0,0.6809005404983204,12.429533958435059,34.0,"{""type"":""Point"",""coordinates"":[109.75629295112792,19.447312608799944]}"
1424,0.0,25.0,19.0,10.142618179321289,22.0,18.899968852210492,110.43192983158326,2215.848876953125,48.0,0.38017648458480835,4.0,2.0,0.7356252107623669,14.756300926208496,43.0,"{""type"":""Point"",""coordinates"":[110.43153532009225,18.90065553820789]}"
1425,0.0,27.0,608.0,36.11295700073242,541.0,18.56759219708627,109.45725774831357,2109.447021484375,50.0,7.260390758514404,6.0,1.0,0.5714212774717906,11.405291557312012,46.0,"{""type"":""Point"",""coordinates"":[109.45747531250055,18.568823999012878]}"
1426,0.0,21.0,107.0,10.772732734680176,51.0,19.6320958087679,109.70878602786706,2174.90087890625,55.0,0.5039097666740417,3.0,3.0,0.7431458440837476,14.44163990020752,32.0,"{""type"":""Point"",""coordinates"":[109.71007985054685,19.633515046040063]}"
1427,0.0,32.0,358.0,36.79050827026367,180.0,19.138022402502166,109.4437830190518,2128.54833984375,36.0,5.812965393066406,5.0,2.0,0.6262706083653983,11.827214241027832,38.0,"{""type"":""Point"",""coordinates"":[109.44392688077448,19.13785673507635]}"
1428,0.0,28.0,851.0,37.924224853515625,647.0,18.841578358742723,109.56954715882853,2102.625244140625,47.0,10.09402847290039,6.0,2.0,0.5486010488129094,10.831952095031738,46.0,"{""type"":""Point"",""coordinates"":[109.57093718382136,18.843621637156414]}"
1429,0.0,24.0,20.0,7.986976146697998,22.0,19.66802842013268,110.92151166142838,1717.306396484375,50.0,1.1586227416992188,4.0,3.0,0.7122350812899706,12.600373268127441,41.0,"{""type"":""Point"",""coordinates"":[110.92003566090742,19.669788435510387]}"
1430,0.0,29.0,28.0,8.48448371887207,28.0,19.708452607918062,110.72388229892209,2240.012451171875,42.0,0.19157519936561584,3.0,3.0,0.7477657523557798,14.998133659362793,39.0,"{""type"":""Point"",""coordinates"":[110.72196964683023,19.707530590225552]}"
1431,0.0,28.0,176.0,93.97416687011719,159.0,18.890985699369296,110.22082573981515,2600.9130859375,49.0,14.188034057617188,4.0,2.0,0.596924174811077,11.040321350097656,46.0,"{""type"":""Point"",""coordinates"":[110.2201534179858,18.891954612029075]}"
1432,0.0,27.0,207.0,33.63417434692383,195.0,19.205396048811124,110.22082573981515,2742.86279296875,50.0,2.3709521293640137,4.0,2.0,0.6642641289232183,12.829728126525879,40.0,"{""type"":""Point"",""coordinates"":[110.21873632711923,19.204905451468466]}"
1433,0.0,29.0,333.0,19.9197998046875,212.0,18.976325651360646,109.89294066111154,2281.051513671875,41.0,1.6905158758163452,4.0,2.0,0.6326370114643799,13.083195686340332,42.0,"{""type"":""Point"",""coordinates"":[109.89265276924404,18.974935989456814]}"
1434,0.0,27.0,529.0,42.780582427978516,415.0,18.841578358742723,109.74022706281124,2239.583984375,44.0,7.12598180770874,4.0,2.0,0.5861441190661467,11.490951538085938,45.0,"{""type"":""Point"",""coordinates"":[109.74138863662667,18.839864969587147]}"
1435,0.0,23.0,11.0,8.416501998901367,14.0,18.855053088004517,110.50828663073344,2076.49169921875,54.0,0.3084395229816437,3.0,2.0,0.7362256058070552,14.970109939575195,43.0,"{""type"":""Point"",""coordinates"":[110.50662734341648,18.85552711726783]}"
1436,0.0,31.0,87.0,24.13876724243164,69.0,19.614129503085508,110.53523608925701,2457.04248046875,39.0,2.0515904426574707,4.0,3.0,0.7268567526509286,12.7666597366333,34.0,"{""type"":""Point"",""coordinates"":[110.53686548418825,19.61412672585048]}"
1437,0.0,30.0,473.0,37.80904006958008,417.0,18.855053088004517,108.96318434204784,1648.6571044921875,46.0,15.023453712463379,7.0,2.0,0.5458398988137625,10.771740913391113,43.0,"{""type"":""Point"",""coordinates"":[108.96526947055764,18.854956536798873]}"
1438,0.0,29.0,603.0,17.515098571777344,386.0,18.890985699369296,109.64590395797865,2159.12646484375,45.0,1.877232313156128,5.0,2.0,0.5959248650238328,12.767302513122559,45.0,"{""type"":""Point"",""coordinates"":[109.6477350851312,18.890924008927207]}"
1439,0.0,24.0,69.0,7.226251125335693,67.0,19.362601223532046,108.99013380057141,1740.4466552734375,55.0,0.5501697659492493,2.0,3.0,0.6652731734409313,14.376643180847168,40.0,"{""type"":""Point"",""coordinates"":[108.98985109798427,19.3622719363652]}"
1440,0.0,29.0,143.0,23.826913833618164,114.0,18.675390031180612,109.70878602786706,2365.984375,43.0,1.9531134366989136,6.0,1.0,0.6229063513474741,13.06436824798584,48.0,"{""type"":""Point"",""coordinates"":[109.70759063120387,18.675978794283413]}"
1441,0.0,31.0,69.0,16.535236358642578,70.0,19.942014581789138,110.25675835117994,2224.624755859375,40.0,1.5591132640838623,3.0,4.0,0.6924526767021647,12.888382911682129,39.0,"{""type"":""Point"",""coordinates"":[110.25766999446945,19.93980233480134]}"
1442,0.0,34.0,85.0,16.19853401184082,83.0,19.596163197403122,109.40335883126642,2129.82177734375,43.0,1.5141133069992065,4.0,3.0,0.689872993278454,13.354530334472656,35.0,"{""type"":""Point"",""coordinates"":[109.40194099431382,19.594361427247307]}"
1444,0.0,28.0,692.0,19.93790626525879,639.0,18.76971313601316,108.91377700142124,1545.0684814453125,49.0,7.3268022537231445,9.0,1.0,0.5414950542260873,11.319825172424316,45.0,"{""type"":""Point"",""coordinates"":[108.91171820509847,18.768080875447566]}"
1445,0.0,25.0,32.0,17.717636108398438,32.0,19.726418913600448,109.43030828978999,1985.766357421875,48.0,1.8781722784042358,3.0,3.0,0.7567195065164402,13.170234680175781,31.0,"{""type"":""Point"",""coordinates"":[109.4280812814199,19.725409093298623]}"
1446,0.0,26.0,189.0,25.078413009643555,178.0,18.52267643288029,109.06199902330098,1719.0947265625,53.0,5.571672439575195,4.0,1.0,0.564996635914615,11.984319686889648,49.0,"{""type"":""Point"",""coordinates"":[109.06272478974321,18.521297550972214]}"
1447,0.0,20.0,11.0,2.638713836669922,11.0,19.066157179772603,108.68021502755016,1135.8297119140625,58.0,0.1908886730670929,2.0,2.0,0.6778823928376748,15.469088554382324,44.0,"{""type"":""Point"",""coordinates"":[108.68127129521619,19.06776662432468]}"
1448,0.0,26.0,813.0,21.66103744506836,788.0,18.6888647604424,108.89581069573887,1514.674072265625,49.0,9.815360069274902,6.0,1.0,0.518955548208107,10.90182876586914,46.0,"{""type"":""Point"",""coordinates"":[108.89457371330143,18.6903831364974]}"
1449,0.0,27.0,59.0,11.189712524414062,57.0,19.820742018433002,110.3151488446477,2273.386962890625,44.0,0.501072108745575,5.0,4.0,0.7335840184539273,14.198748588562012,35.0,"{""type"":""Point"",""coordinates"":[110.31522584419403,19.820072199596904]}"
1450,0.0,25.0,35.0,6.100490093231201,38.0,18.62149111413344,108.77453813238276,1351.7578125,47.0,0.9376296997070312,3.0,1.0,0.6578574635620978,13.863456726074219,44.0,"{""type"":""Point"",""coordinates"":[108.77492914512155,18.6221300549733]}"
1451,0.0,28.0,163.0,76.69063568115234,151.0,19.178446590287543,110.22531731623576,2795.345947265625,48.0,8.136622428894043,4.0,2.0,0.6431758526851427,11.618542671203613,40.0,"{""type"":""Point"",""coordinates"":[110.2245241953887,19.178892488989952]}"
1452,0.0,25.0,502.0,45.740169525146484,495.0,18.500218550777305,109.22369577444249,1971.77587890625,54.0,12.325294494628906,4.0,1.0,0.5622283637482557,10.954463005065918,44.0,"{""type"":""Point"",""coordinates"":[109.22483009706535,18.50050227620099]}"
1453,0.0,25.0,126.0,30.40700340270996,126.0,18.39691229310356,109.09793163466577,1673.585693359375,49.0,7.392614364624023,4.0,1.0,0.5959515967738898,11.738637924194336,41.0,"{""type"":""Point"",""coordinates"":[109.09927233300452,18.398602812041943]}"
1454,0.0,32.0,95.0,12.83237361907959,93.0,19.52429797467356,110.62506761766895,2361.493896484375,42.0,0.7502682209014893,6.0,3.0,0.6965609006383465,13.596528053283691,35.0,"{""type"":""Point"",""coordinates"":[110.62708687717566,19.5225263688452]}"
1455,0.0,26.0,178.0,11.6521635055542,47.0,19.35361807069085,109.55607242956671,2305.00732421875,48.0,0.5014894008636475,10.0,3.0,0.7384567904297379,14.402335166931152,36.0,"{""type"":""Point"",""coordinates"":[109.55737546047688,19.35484644304403]}"
1456,0.0,21.0,40.0,16.841272354125977,40.0,18.369962834579972,109.21471262160128,1837.2635498046875,59.0,2.2558813095092773,2.0,1.0,0.6966913401455503,12.982172012329102,40.0,"{""type"":""Point"",""coordinates"":[109.21513480463717,18.36928806136589]}"
1457,0.0,23.0,89.0,8.78831958770752,68.0,19.115564520399175,109.03504956477741,1854.9710693359375,56.0,0.6702086925506592,2.0,2.0,0.6649089340780451,14.16731071472168,41.0,"{""type"":""Point"",""coordinates"":[109.03401837414322,19.117160691034993]}"
1458,0.0,33.0,74.0,12.626373291015625,75.0,19.789300983488815,109.19225473949831,1816.1688232421875,39.0,1.492265224456787,8.0,4.0,0.6927792159817178,13.375648498535156,33.0,"{""type"":""Point"",""coordinates"":[109.19241189645128,19.789119943237274]}"
1459,0.0,32.0,663.0,57.44468688964844,611.0,18.79666259453675,109.798617556279,2335.168212890625,39.0,12.284199714660645,4.0,1.0,0.5722221877121125,10.820024490356445,44.0,"{""type"":""Point"",""coordinates"":[109.79637973700642,18.796736618455913]}"
1460,0.0,25.0,125.0,44.7087516784668,38.0,19.308702306484875,110.12201105856201,2698.545166015625,49.0,3.5853798389434814,4.0,3.0,0.7371995863397244,12.467134475708008,39.0,"{""type"":""Point"",""coordinates"":[110.1227288336068,19.30880331811921]}"
1461,0.0,29.0,53.0,11.710271835327148,24.0,18.65293214907762,109.69531129860525,2306.754150390625,43.0,0.49770766496658325,4.0,1.0,0.7184993085749751,14.486324310302734,47.0,"{""type"":""Point"",""coordinates"":[109.69581409074026,18.651984178891876]}"
1462,0.0,22.0,31.0,18.789627075195312,31.0,19.32666861216726,110.58913500630416,2565.906494140625,53.0,1.039584994316101,5.0,3.0,0.7614617479560527,13.490426063537598,39.0,"{""type"":""Point"",""coordinates"":[110.58966712232059,19.328541547507356]}"
1463,0.0,27.0,115.0,17.355289459228516,89.0,19.55124743319714,109.54259770030495,2190.56298828125,50.0,1.4795300960540771,4.0,3.0,0.684932271682481,13.359485626220703,35.0,"{""type"":""Point"",""coordinates"":[109.54259287096045,19.553131198690526]}"
1464,0.0,27.0,26.0,7.272425651550293,26.0,19.60514635024431,109.13835582245116,1832.76025390625,47.0,0.40382999181747437,3.0,3.0,0.7336065600079021,14.711118698120117,37.0,"{""type"":""Point"",""coordinates"":[109.13624051225597,19.603442888106503]}"
1465,0.0,26.0,26.0,10.399906158447266,27.0,19.501840092570568,110.75532333386627,2180.337890625,48.0,0.5506364703178406,5.0,3.0,0.7543748567541508,13.969438552856445,37.0,"{""type"":""Point"",""coordinates"":[110.75698783469393,19.500719607282935]}"
1466,0.0,29.0,18.0,12.133647918701172,15.0,19.74887679570344,110.33311515033012,2454.65771484375,41.0,0.4217427670955658,3.0,4.0,0.8146979481652779,14.402565956115723,30.0,"{""type"":""Point"",""coordinates"":[110.33316045131487,19.75020578345021]}"
1467,0.0,28.0,34.0,9.884343147277832,31.0,19.730910490021046,110.45438771368623,2416.96728515625,41.0,0.18255025148391724,3.0,3.0,0.785807505686208,15.227792739868164,32.0,"{""type"":""Point"",""coordinates"":[110.45487939714432,19.731724262634657]}"
1468,0.0,23.0,274.0,35.83711624145508,140.0,19.196412895969935,109.37640937274284,2100.913330078125,50.0,5.328026294708252,4.0,2.0,0.6393073274312763,11.973387718200684,36.0,"{""type"":""Point"",""coordinates"":[109.37474030682733,19.196995450840568]}"
1469,0.0,31.0,163.0,24.959362030029297,144.0,18.63047426697463,109.03504956477741,1816.5008544921875,41.0,4.521988868713379,4.0,1.0,0.5841214553905063,12.210640907287598,47.0,"{""type"":""Point"",""coordinates"":[109.03656214358502,18.631855509292283]}"
1470,0.0,26.0,39.0,14.163269996643066,34.0,19.263786542278893,108.85089493153288,1690.6983642578125,52.0,2.209784984588623,3.0,2.0,0.6913777297214243,13.003422737121582,41.0,"{""type"":""Point"",""coordinates"":[108.85306208004144,19.263874915026033]}"
1471,0.0,30.0,10.0,4.199765205383301,11.0,19.977947193153916,109.5920050409315,1546.996826171875,41.0,0.12994441390037537,4.0,4.0,0.7401654261728028,15.585895538330078,36.0,"{""type"":""Point"",""coordinates"":[109.5901289409677,19.978402301582978]}"
1472,0.0,26.0,303.0,14.24528980255127,127.0,18.810137323798536,109.46624090115478,2113.289794921875,50.0,1.201490044593811,4.0,1.0,0.6043794566329876,13.445732116699219,47.0,"{""type"":""Point"",""coordinates"":[109.4658156034176,18.811009253983315]}"
1473,0.0,25.0,112.0,11.902179718017578,98.0,19.501840092570568,109.24615365654546,2056.531494140625,49.0,0.8390563726425171,2.0,3.0,0.6726000863159668,13.928669929504395,34.0,"{""type"":""Point"",""coordinates"":[109.2458405685974,19.502684547136433]}"
1475,0.0,30.0,285.0,16.000444412231445,229.0,18.926918310734074,108.94970961278602,1560.781982421875,44.0,3.6680169105529785,5.0,2.0,0.5789789918361499,12.340767860412598,44.0,"{""type"":""Point"",""coordinates"":[108.95179850761414,18.928204057264477]}"
1476,0.0,28.0,396.0,41.724849700927734,226.0,18.8820025465281,109.45276617189296,2064.464599609375,48.0,8.389591217041016,5.0,2.0,0.5725105847038551,11.428932189941406,47.0,"{""type"":""Point"",""coordinates"":[109.45221686321925,18.88343561040996]}"
1477,0.0,27.0,180.0,11.267431259155273,27.0,18.864036240845707,109.36293464348103,2018.818603515625,47.0,0.8344717621803284,4.0,2.0,0.706597342843742,13.891801834106445,43.0,"{""type"":""Point"",""coordinates"":[109.3608215287362,18.864126237818535]}"
1478,0.0,19.0,61.0,4.887787818908691,57.0,18.96285092209886,108.78352128522391,1347.4085693359375,59.0,0.5843334794044495,2.0,2.0,0.6397184696407746,14.321136474609375,43.0,"{""type"":""Point"",""coordinates"":[108.78250204913196,18.960740133669727]}"
1479,0.0,36.0,121.0,20.14299201965332,101.0,19.470399057626388,110.47684559578926,2556.737060546875,37.0,1.417694330215454,4.0,3.0,0.6722539897246054,13.109001159667969,40.0,"{""type"":""Point"",""coordinates"":[110.47888267334822,19.47122818271067]}"
1480,0.0,22.0,111.0,19.504854202270508,56.0,19.4389580226822,110.02768795372947,2726.96142578125,53.0,0.809207558631897,3.0,3.0,0.734223100110555,13.965506553649902,38.0,"{""type"":""Point"",""coordinates"":[110.02597811304385,19.440324155156663]}"
1481,0.0,24.0,37.0,5.892332553863525,35.0,19.164971861025748,108.81047074374754,1516.534912109375,56.0,0.6179719567298889,2.0,2.0,0.6846668919789516,14.279253959655762,41.0,"{""type"":""Point"",""coordinates"":[108.81268506415368,19.166072003629203]}"
1482,0.0,35.0,139.0,25.412630081176758,118.0,19.35361807069085,110.27023308044176,2637.23681640625,38.0,1.6720995903015137,5.0,3.0,0.6905327498244485,13.222299575805664,36.0,"{""type"":""Point"",""coordinates"":[110.26842112660381,19.355417818182303]}"
1483,0.0,28.0,174.0,18.47965431213379,174.0,18.527168009300887,109.78514282701718,2260.586669921875,46.0,1.486582636833191,5.0,1.0,0.6249750954320495,13.318020820617676,46.0,"{""type"":""Point"",""coordinates"":[109.7869354812928,18.52619051785498]}"
1484,0.0,29.0,299.0,65.45073699951172,194.0,18.949376192837065,109.94683957815869,2397.8076171875,43.0,10.31881332397461,4.0,2.0,0.5927427410257065,11.287334442138672,46.0,"{""type"":""Point"",""coordinates"":[109.94790103863696,18.951058713878485]}"
1485,0.0,27.0,30.0,8.490141868591309,31.0,19.27276969512009,108.79250443806512,1503.7877197265625,47.0,1.2772423028945923,3.0,2.0,0.6784033028941847,13.557185173034668,43.0,"{""type"":""Point"",""coordinates"":[108.79385881179661,19.271768197301434]}"
1486,0.0,27.0,223.0,9.120818138122559,213.0,18.949376192837065,108.8239454730093,1393.981689453125,50.0,2.001271963119507,4.0,2.0,0.5774133257091729,12.988991737365723,44.0,"{""type"":""Point"",""coordinates"":[108.82401249195638,18.950254900377455]}"
1487,0.0,33.0,59.0,14.146514892578125,59.0,19.72192733717985,109.47971563041654,2001.4580078125,42.0,1.388449788093567,4.0,3.0,0.7243205312642069,13.456686019897461,32.0,"{""type"":""Point"",""coordinates"":[109.48125078863373,19.72297921156029]}"
1488,0.0,29.0,19.0,9.14461612701416,19.0,19.807267289171207,109.41234198410757,1784.7108154296875,42.0,0.8055278062820435,4.0,4.0,0.751516609342439,14.024613380432129,34.0,"{""type"":""Point"",""coordinates"":[109.4134482125101,19.806268909200934]}"
1489,0.0,25.0,184.0,52.50483322143555,174.0,18.68437318402181,109.91989011963511,2398.612060546875,51.0,6.737288951873779,4.0,1.0,0.6027224123785948,11.796086311340332,48.0,"{""type"":""Point"",""coordinates"":[109.91836091811079,18.682265346179438]}"
1490,0.0,30.0,502.0,46.89836120605469,310.0,19.084123485454995,109.56954715882853,2219.09423828125,40.0,8.534398078918457,5.0,2.0,0.6051163166228195,11.330171585083008,40.0,"{""type"":""Point"",""coordinates"":[109.56835212696224,19.08208521193919]}"
1491,0.0,28.0,59.0,13.079520225524902,59.0,19.569213738879533,109.0754737525628,1842.9796142578125,47.0,1.4919542074203491,3.0,3.0,0.696000936381215,13.384756088256836,36.0,"{""type"":""Point"",""coordinates"":[109.07389328651178,19.570964170321723]}"
1492,0.0,29.0,156.0,44.87478256225586,141.0,18.473269092253716,109.60547977019331,2311.504638671875,43.0,5.709681034088135,5.0,1.0,0.626269633251184,11.980587005615234,43.0,"{""type"":""Point"",""coordinates"":[109.60354208393716,18.474949689351007]}"
1493,0.0,25.0,136.0,14.378746032714844,67.0,18.8775109701075,110.07260371793546,2397.919677734375,50.0,0.711901843547821,4.0,2.0,0.6745481588840508,14.078285217285156,46.0,"{""type"":""Point"",""coordinates"":[110.07041213791267,18.87566093478927]}"
1494,0.0,32.0,12.0,8.684259414672852,13.0,19.88362408832137,109.31352730285442,1780.90576171875,41.0,0.7677570581436157,2.0,4.0,0.7570945767851718,14.076674461364746,34.0,"{""type"":""Point"",""coordinates"":[109.31482561733361,19.884813602788938]}"
1495,0.0,23.0,16.0,2.6551613807678223,16.0,18.8775109701075,108.69818133323258,1159.43359375,48.0,0.13412488996982574,2.0,2.0,0.673611725867902,15.819132804870605,44.0,"{""type"":""Point"",""coordinates"":[108.69745638204425,18.876431183395034]}"
1496,0.0,31.0,86.0,10.535656929016113,76.0,18.84606993516332,108.83292862585051,1443.5169677734375,43.0,2.1841490268707275,4.0,2.0,0.623717445825692,12.987281799316406,42.0,"{""type"":""Point"",""coordinates"":[108.83504595580692,18.844678407973998]}"
1497,0.0,29.0,32.0,10.40923023223877,32.0,19.69048630223567,110.71040756966033,2244.0625,48.0,0.5304081439971924,6.0,3.0,0.7487267188450693,14.00150203704834,38.0,"{""type"":""Point"",""coordinates"":[110.71105543697101,19.68987415827366]}"
1498,0.0,31.0,27.0,7.938467025756836,27.0,19.789300983488815,110.67447495829555,2185.033935546875,43.0,0.2438383251428604,7.0,4.0,0.7485001162636039,14.272314071655273,39.0,"{""type"":""Point"",""coordinates"":[110.67465317017384,19.789663061947092]}"
1499,0.0,27.0,451.0,97.8005142211914,326.0,19.21887077807292,109.76268494491421,2643.97607421875,49.0,17.365877151489258,4.0,2.0,0.6068075940656764,10.635897636413574,38.0,"{""type"":""Point"",""coordinates"":[109.76394390517606,19.216950872243547]}"
1500,0.0,29.0,685.0,65.14994812011719,647.0,19.034716144828415,110.07709529435607,2701.92578125,45.0,9.997886657714844,4.0,2.0,0.5822558460577518,11.010822296142578,46.0,"{""type"":""Point"",""coordinates"":[110.07536135558045,19.033137007146355]}"
1501,0.0,27.0,159.0,10.481820106506348,89.0,19.416500140579217,109.37640937274284,2200.729248046875,41.0,0.42957064509391785,4.0,3.0,0.6958525771514759,14.569136619567871,33.0,"{""type"":""Point"",""coordinates"":[109.37862781861031,19.414267773916773]}"
1502,0.0,20.0,102.0,12.382316589355469,87.0,19.290736000802482,109.00360852983323,1892.41015625,60.0,1.2420978546142578,2.0,3.0,0.6475401141677888,13.542384147644043,40.0,"{""type"":""Point"",""coordinates"":[109.00544366102322,19.290786733160235]}"
1503,0.0,22.0,25.0,8.964000701904297,25.0,19.650062114450293,109.21471262160128,1936.0384521484375,52.0,0.5167343020439148,2.0,3.0,0.739759178514973,14.465152740478516,37.0,"{""type"":""Point"",""coordinates"":[109.21332685661919,19.650625050862946]}"
1504,0.0,29.0,47.0,8.486307144165039,40.0,19.80277571275061,110.26574150402115,2295.697265625,39.0,0.11471964418888092,6.0,4.0,0.77021961275418,15.682340621948242,32.0,"{""type"":""Point"",""coordinates"":[110.26360906770302,19.802712350307917]}"
1506,0.0,26.0,181.0,57.59812545776367,183.0,18.6888647604424,110.31065726822715,2220.606201171875,49.0,9.718377113342285,4.0,1.0,0.5878714657132673,11.426606178283691,47.0,"{""type"":""Point"",""coordinates"":[110.30996858449,18.69080583381944]}"
1507,0.0,25.0,176.0,5.703832149505615,161.0,19.003275109884235,108.84191177869172,1552.74853515625,56.0,0.5489838123321533,5.0,2.0,0.6040898420048264,14.31311321258545,42.0,"{""type"":""Point"",""coordinates"":[108.83999872157042,19.001585763156264]}"
1508,0.0,29.0,15.0,6.633162021636963,15.0,19.820742018433002,109.4347998662106,1784.7108154296875,40.0,0.32572680711746216,4.0,4.0,0.7490618733315234,14.932412147521973,36.0,"{""type"":""Point"",""coordinates"":[109.43443361750296,19.819963008848394]}"
1509,0.0,27.0,778.0,25.49988555908203,725.0,18.778696288854356,108.90928542500069,1545.0684814453125,49.0,12.15061092376709,8.0,1.0,0.5267434801696571,10.719693183898926,44.0,"{""type"":""Point"",""coordinates"":[108.91010296108844,18.780828435654996]}"
1510,0.0,21.0,11.0,16.439083099365234,13.0,19.18293816670814,110.5711687006218,2512.7294921875,52.0,0.7280105948448181,3.0,2.0,0.7614462020906616,14.0929594039917,43.0,"{""type"":""Point"",""coordinates"":[110.5723132685995,19.181040723328717]}"
1511,0.0,26.0,206.0,31.72171401977539,129.0,18.868527817266305,110.03667110657068,2379.224853515625,48.0,3.0984740257263184,4.0,2.0,0.6271041879431207,12.562353134155273,45.0,"{""type"":""Point"",""coordinates"":[110.03736236834852,18.870540316313296]}"
1512,0.0,28.0,91.0,19.289669036865234,83.0,19.753368372124037,109.97378903668232,2374.24169921875,46.0,1.3411296606063843,4.0,4.0,0.7176638018520748,13.472291946411133,32.0,"{""type"":""Point"",""coordinates"":[109.9753094219197,19.755159937888497]}"
1513,0.0,31.0,761.0,39.1832160949707,566.0,18.85056151158392,109.6414123815581,2159.12646484375,45.0,9.251518249511719,4.0,2.0,0.5624077883728013,11.015995025634766,45.0,"{""type"":""Point"",""coordinates"":[109.64136249884399,18.85212660351962]}"
1514,0.0,25.0,63.0,12.094585418701172,63.0,19.618621079506106,109.2326789272837,2004.6707763671875,51.0,0.9653562903404236,4.0,3.0,0.7035503710515315,13.817867279052734,36.0,"{""type"":""Point"",""coordinates"":[109.23152539251784,19.61668106744073]}"
1515,0.0,28.0,21.0,7.548278331756592,24.0,18.751746830330767,110.3241319974889,2185.83642578125,49.0,0.12115024030208588,2.0,1.0,0.7044948591233258,15.917988777160645,49.0,"{""type"":""Point"",""coordinates"":[110.3246396684076,18.75325399659651]}"
1516,0.0,28.0,983.0,50.608882904052734,813.0,18.980817227781245,109.39886725484581,2066.236328125,42.0,20.648426055908203,9.0,2.0,0.5337720595077299,9.923609733581543,41.0,"{""type"":""Point"",""coordinates"":[109.39743053939911,18.98260872160336]}"
1517,0.0,31.0,621.0,47.53174591064453,567.0,19.021241415566628,109.13386424603056,1971.871337890625,40.0,14.145637512207031,6.0,2.0,0.5736994745601822,10.711651802062988,39.0,"{""type"":""Point"",""coordinates"":[109.13487413863771,19.021731912976463]}"
1518,0.0,26.0,244.0,16.198089599609375,242.0,18.778696288854356,108.77902970880336,1405.4683837890625,54.0,5.11494255065918,4.0,1.0,0.5631208338835133,12.034523963928223,45.0,"{""type"":""Point"",""coordinates"":[108.77730283406933,18.777597133424475]}"
1519,0.0,25.0,97.0,15.349040031433105,28.0,19.34912649427025,110.1624352463474,2711.73974609375,48.0,0.4591660797595978,4.0,3.0,0.7731714080889458,14.540690422058105,37.0,"{""type"":""Point"",""coordinates"":[110.16401286990765,19.34895961864959]}"
1520,0.0,28.0,76.0,11.840544700622559,75.0,19.60514635024431,109.39886725484581,2061.081298828125,49.0,0.8817649483680725,3.0,3.0,0.696863259119272,13.900728225708008,35.0,"{""type"":""Point"",""coordinates"":[109.39913079557383,19.60606864768676]}"
1521,0.0,22.0,214.0,9.129842758178711,212.0,18.414878598785947,109.39886725484581,1981.9600830078125,56.0,0.5454509258270264,3.0,1.0,0.6304490478752993,14.295162200927734,41.0,"{""type"":""Point"",""coordinates"":[109.3966396035412,18.415264916390306]}"
1522,0.0,26.0,36.0,12.012466430664062,36.0,19.793792559909413,110.62955919408955,2210.611083984375,40.0,0.7087077498435974,5.0,4.0,0.7448776543387152,13.661097526550293,37.0,"{""type"":""Point"",""coordinates"":[110.62755916042393,19.794198208626636]}"
1523,0.0,25.0,11.0,10.110814094543457,14.0,18.868527817266305,110.39599722021848,2292.78466796875,47.0,0.2931329309940338,4.0,2.0,0.7410901564302655,15.04014778137207,45.0,"{""type"":""Point"",""coordinates"":[110.39730079533116,18.87045656925973]}"
1524,0.0,20.0,21.0,7.090526580810547,21.0,18.450811210150732,110.06811214151486,2033.932861328125,53.0,0.11471964418888092,4.0,1.0,0.7267171702663643,15.972529411315918,43.0,"{""type"":""Point"",""coordinates"":[110.06858367305097,18.45290413626587]}"
1525,0.0,27.0,509.0,54.661827087402344,272.0,18.944884616416466,109.69081972218464,2229.59228515625,44.0,10.805370330810547,5.0,2.0,0.5802219048414682,11.084096908569336,44.0,"{""type"":""Point"",""coordinates"":[109.68970565363082,18.94569019796065]}"
1526,0.0,32.0,472.0,31.79741668701172,278.0,19.133530826081568,109.32251045569564,1994.32275390625,39.0,6.108654499053955,6.0,2.0,0.6031793730325812,11.691922187805176,40.0,"{""type"":""Point"",""coordinates"":[109.3223338062191,19.131947333569155]}"
1527,0.0,25.0,93.0,9.761127471923828,85.0,19.4434495991028,109.13835582245116,1986.7655029296875,50.0,0.6180107593536377,3.0,3.0,0.6901175966300749,14.245992660522461,33.0,"{""type"":""Point"",""coordinates"":[109.14012066469027,19.44272566317497]}"
1528,0.0,26.0,762.0,47.88348388671875,755.0,18.495726974356707,109.2281873508631,1971.9754638671875,53.0,17.461822509765625,8.0,1.0,0.5359951828630583,10.356850624084473,44.0,"{""type"":""Point"",""coordinates"":[109.2274061146037,18.49495055584287]}"
1529,0.0,24.0,40.0,11.115596771240234,40.0,19.4389580226822,108.97216749488905,1800.2457275390625,51.0,1.1486555337905884,2.0,3.0,0.7073014417521867,13.657503128051758,38.0,"{""type"":""Point"",""coordinates"":[108.97364793739146,19.44046623346418]}"
1530,0.0,28.0,176.0,69.94371032714844,148.0,18.54064273856268,109.32700203211624,2066.016357421875,45.0,16.297496795654297,5.0,1.0,0.5648345222155374,10.894954681396484,46.0,"{""type"":""Point"",""coordinates"":[109.32633066356794,18.539516072861094]}"
1531,0.0,24.0,107.0,38.979942321777344,24.0,19.313193882905473,110.14446894066504,2698.545166015625,50.0,2.8482167720794678,3.0,3.0,0.7606631813203536,12.70879077911377,38.0,"{""type"":""Point"",""coordinates"":[110.14637896534786,19.31516914107279]}"
1533,0.0,26.0,71.0,35.958805084228516,71.0,18.39691229310356,109.01259168267438,1612.766357421875,50.0,10.721762657165527,3.0,1.0,0.6220644504400936,11.393911361694336,40.0,"{""type"":""Point"",""coordinates"":[109.01122277250995,18.397358412426236]}"
1534,0.0,27.0,70.0,5.288370609283447,49.0,18.873019393686903,108.85538650795348,1499.4522705078125,45.0,0.44077426195144653,4.0,2.0,0.6458508127835243,14.597753524780273,46.0,"{""type"":""Point"",""coordinates"":[108.85357110667913,18.87351508501645]}"
1535,0.0,24.0,52.0,19.50090789794922,51.0,18.76522155959256,110.19836785771219,2457.463134765625,53.0,1.2062894105911255,3.0,1.0,0.6891980451249426,13.6014986038208,48.0,"{""type"":""Point"",""coordinates"":[110.19846691368488,18.763851861171794]}"
1536,0.0,26.0,30.0,14.53184700012207,30.0,19.389550682055628,110.60260973556598,2422.916015625,42.0,0.7071169018745422,5.0,3.0,0.7600195519796155,13.876628875732422,38.0,"{""type"":""Point"",""coordinates"":[110.60101608627185,19.389800602715205]}"
1537,0.0,24.0,36.0,15.121129989624023,26.0,19.6320958087679,110.47235401936865,2455.637451171875,53.0,0.8095847964286804,4.0,3.0,0.7872109814957733,13.736703872680664,33.0,"{""type"":""Point"",""coordinates"":[110.47317461784533,19.632020747186786]}"
1538,0.0,22.0,10.0,5.319591522216797,10.0,18.37445441100057,109.16081370455413,1711.6767578125,49.0,0.1338011473417282,2.0,1.0,0.7274798892922861,15.824999809265137,41.0,"{""type"":""Point"",""coordinates"":[109.16005841893005,18.374064388955667]}"
1539,0.0,25.0,12.0,46.075523376464844,14.0,18.693356336862998,110.33311515033012,2220.606201171875,51.0,6.225388526916504,5.0,1.0,0.7057851033042526,11.979870796203613,47.0,"{""type"":""Point"",""coordinates"":[110.33147590656246,18.692029462126914]}"
1540,0.0,35.0,126.0,14.170710563659668,109.0,19.33116018858786,110.28819938612412,2716.0517578125,38.0,0.41951364278793335,4.0,3.0,0.7006299318741931,14.61333179473877,35.0,"{""type"":""Point"",""coordinates"":[110.28791560148835,19.329815451831646]}"
1541,0.0,23.0,7.0,6.026100158691406,7.0,19.753368372124037,109.37191779632224,1891.2506103515625,47.0,0.08369342237710953,2.0,4.0,0.7776054867766924,16.295915603637695,33.0,"{""type"":""Point"",""coordinates"":[109.37397315679146,19.754903131263752]}"
1542,0.0,27.0,183.0,41.049888610839844,126.0,19.21887077807292,109.15632212813352,2044.3651123046875,45.0,6.99050760269165,4.0,2.0,0.6317262457703179,11.75947380065918,37.0,"{""type"":""Point"",""coordinates"":[109.15412385381077,19.21700317531027]}"
1543,0.0,28.0,93.0,43.12061309814453,84.0,19.025732991987226,110.33760672675072,2546.581787109375,42.0,3.88562273979187,4.0,2.0,0.6799334933058022,12.405964851379395,40.0,"{""type"":""Point"",""coordinates"":[110.3380567607287,19.027918431380133]}"
1544,0.0,26.0,130.0,23.20671272277832,112.0,19.259294965858295,110.19387628129158,2686.43310546875,46.0,1.2250242233276367,4.0,2.0,0.6874972138112043,13.539113998413086,37.0,"{""type"":""Point"",""coordinates"":[110.19356675178977,19.259268586593045]}"
1545,0.0,23.0,141.0,13.159926414489746,83.0,19.54226428035595,109.60997134661392,2260.84375,53.0,0.7303535342216492,4.0,3.0,0.6971144350054949,14.04959487915039,35.0,"{""type"":""Point"",""coordinates"":[109.61145214897083,19.543275714637097]}"
1546,0.0,27.0,96.0,57.75136947631836,96.0,18.52267643288029,110.05014583583244,2106.2158203125,49.0,11.002644538879395,4.0,1.0,0.6006299434456827,11.352437973022461,44.0,"{""type"":""Point"",""coordinates"":[110.05060712617357,18.52145086334366]}"
1547,0.0,35.0,140.0,12.985662460327148,140.0,19.74438521928284,109.56954715882853,2024.0574951171875,41.0,1.2122341394424438,4.0,4.0,0.6714086270246225,13.543428421020508,33.0,"{""type"":""Point"",""coordinates"":[109.568211551578,19.74577638960351]}"
1548,0.0,31.0,23.0,7.899387359619141,23.0,19.71294418433866,110.74634018102506,2240.012451171875,40.0,0.13468605279922485,3.0,3.0,0.7539004383316514,15.017473220825195,39.0,"{""type"":""Point"",""coordinates"":[110.74478097570734,19.714034238731674]}"
1549,0.0,29.0,864.0,37.24396896362305,679.0,18.832595205901526,109.52013981820193,2128.066162109375,45.0,9.51785945892334,5.0,2.0,0.5457576185841745,10.877355575561523,47.0,"{""type"":""Point"",""coordinates"":[109.5198557021759,18.83416792126448]}"
1550,0.0,20.0,93.0,7.752614974975586,83.0,19.16048028460515,108.93174330710366,1684.2281494140625,62.0,0.7639086246490479,3.0,2.0,0.6337507655456831,14.034029960632324,42.0,"{""type"":""Point"",""coordinates"":[108.93069211947717,19.15865096926752]}"
1551,0.0,27.0,413.0,58.75019836425781,370.0,18.76522155959256,109.71327760428761,2370.356201171875,46.0,9.598014831542969,4.0,1.0,0.582835485814862,11.279518127441406,47.0,"{""type"":""Point"",""coordinates"":[109.71505409465641,18.767249499811346]}"
1552,0.0,25.0,21.0,15.474717140197754,21.0,19.874640935480173,110.02768795372947,2341.704345703125,49.0,0.990839958190918,4.0,4.0,0.7772445547197342,13.546058654785156,35.0,"{""type"":""Point"",""coordinates"":[110.02648586039994,19.87417269244375]}"
1553,0.0,27.0,183.0,66.7943344116211,186.0,18.343013376056383,109.65039553439925,2084.841064453125,52.0,15.7174072265625,3.0,0.0,0.579548466090501,10.928703308105469,43.0,"{""type"":""Point"",""coordinates"":[109.64820300669919,18.34197592637852]}"
1554,0.0,32.0,401.0,49.378662109375,223.0,19.173955013866944,109.42132513694878,2162.345458984375,38.0,9.469257354736328,4.0,2.0,0.6175809810166315,11.30219841003418,37.0,"{""type"":""Point"",""coordinates"":[109.42047742684291,19.174933458744274]}"
1555,0.0,22.0,132.0,15.89555835723877,68.0,19.564722162458935,109.65937868724046,2251.549560546875,57.0,1.1318955421447754,3.0,3.0,0.7114228273862369,13.61697006225586,35.0,"{""type"":""Point"",""coordinates"":[109.66155432913833,19.56594889615588]}"
1556,0.0,26.0,188.0,19.161012649536133,169.0,18.500218550777305,109.32700203211624,2066.016357421875,52.0,2.137826442718506,4.0,1.0,0.6096002330275961,12.945560455322266,46.0,"{""type"":""Point"",""coordinates"":[109.3268045481234,18.498094737473707]}"
1557,0.0,24.0,25.0,5.365349292755127,26.0,18.513693280039092,108.8733528136359,1494.08203125,52.0,0.4745483994483948,2.0,1.0,0.6856039992993033,14.550321578979492,43.0,"{""type"":""Point"",""coordinates"":[108.87200902029106,18.512854005140312]}"
1558,0.0,21.0,82.0,11.721275329589844,74.0,19.376075952793833,109.08445690540395,1902.9833984375,57.0,1.072588324546814,3.0,3.0,0.6874002028039842,13.701199531555176,35.0,"{""type"":""Point"",""coordinates"":[109.08442252832634,19.377549033160008]}"
1559,0.0,34.0,922.0,33.90742874145508,868.0,19.003275109884235,109.10242321108637,1971.871337890625,40.0,11.617762565612793,9.0,2.0,0.5621662976858973,10.605864524841309,40.0,"{""type"":""Point"",""coordinates"":[109.1017527262727,19.004542013827145]}"
1560,0.0,24.0,115.0,24.016822814941406,62.0,19.18742974312874,110.01870480088826,2573.615966796875,51.0,1.5021017789840698,4.0,2.0,0.7192636659799074,13.344338417053223,39.0,"{""type"":""Point"",""coordinates"":[110.0173361807508,19.188014337967125]}"
1561,0.0,22.0,139.0,13.937952995300293,116.0,19.474890634046986,109.33149360853685,2129.560302734375,56.0,1.0483702421188354,3.0,3.0,0.6729906657628376,13.689314842224121,34.0,"{""type"":""Point"",""coordinates"":[109.33320860405455,19.475658802674754]}"
1563,0.0,36.0,114.0,21.026323318481445,84.0,19.49285693972937,110.42294667874205,2666.73876953125,35.0,1.1479007005691528,4.0,3.0,0.6980487162718442,13.574118614196777,39.0,"{""type"":""Point"",""coordinates"":[110.42439207296131,19.492616939454006]}"
1564,0.0,27.0,18.0,10.52985668182373,19.0,19.928539852527344,110.47235401936865,2191.919189453125,44.0,0.6699092984199524,2.0,4.0,0.7441490960612805,13.312410354614258,41.0,"{""type"":""Point"",""coordinates"":[110.47184639002698,19.929109698405657]}"
1565,0.0,27.0,320.0,28.635705947875977,175.0,18.805645747377937,109.31801887927503,2005.2271728515625,48.0,4.595664978027344,5.0,1.0,0.5991550634988253,12.090377807617188,44.0,"{""type"":""Point"",""coordinates"":[109.31602614163813,18.804574776416857]}"
1566,0.0,23.0,18.0,2.508847713470459,18.0,18.864036240845707,108.69368975681198,1159.43359375,49.0,0.08345301449298859,2.0,2.0,0.6758681212067014,16.292469024658203,43.0,"{""type"":""Point"",""coordinates"":[108.69376151285438,18.86552048305216]}"
1567,0.0,26.0,29.0,8.34943675994873,25.0,19.40751698773802,109.09344005824516,1936.39794921875,49.0,0.45886939764022827,3.0,3.0,0.7494435327111625,14.581603050231934,35.0,"{""type"":""Point"",""coordinates"":[109.0940080076747,19.407077376306127]}"
1568,0.0,24.0,10.0,4.068683624267578,11.0,19.245820236596508,108.73860552101797,1378.36962890625,53.0,0.31147533655166626,2.0,2.0,0.7011890955678489,14.980026245117188,42.0,"{""type"":""Point"",""coordinates"":[108.73777721239925,19.245993614237317]}"
1569,0.0,30.0,79.0,20.87407875061035,45.0,18.65742372549822,109.68632814576404,2306.754150390625,43.0,1.6847444772720337,4.0,1.0,0.6841492358464676,13.251283645629883,48.0,"{""type"":""Point"",""coordinates"":[109.6843576604273,18.65735156196933]}"
1570,0.0,21.0,122.0,11.85045051574707,92.0,19.596163197403122,109.87048277900857,2471.796875,57.0,0.349499374628067,4.0,3.0,0.7069848910085449,14.798388481140137,34.0,"{""type"":""Point"",""coordinates"":[109.86978217284775,19.59553799321413]}"
1571,0.0,22.0,162.0,14.036149978637695,107.0,19.470399057626388,109.53810612388435,2251.46826171875,55.0,0.8624779582023621,4.0,3.0,0.6669406813736978,13.870171546936035,37.0,"{""type"":""Point"",""coordinates"":[109.53586199127189,19.47107217342335]}"
1572,0.0,23.0,85.0,12.980819702148438,52.0,19.66802842013268,109.61895449945507,2055.76171875,55.0,1.0276395082473755,3.0,3.0,0.7298101943678569,13.742220878601074,33.0,"{""type"":""Point"",""coordinates"":[109.61867082390079,19.668505659855725]}"
1573,0.0,26.0,355.0,50.146358489990234,349.0,18.666406878339416,110.04565425941183,2236.03271484375,49.0,8.495060920715332,5.0,1.0,0.5879446588253124,11.446043968200684,46.0,"{""type"":""Point"",""coordinates"":[110.04411756481299,18.664528977045148]}"
1574,0.0,31.0,8.0,8.531128883361816,8.0,19.85667462979778,110.40048879663908,2270.312744140625,32.0,0.13478560745716095,3.0,4.0,0.7776672334902064,15.392786026000977,38.0,"{""type"":""Point"",""coordinates"":[110.40045454577192,19.8563183443598]}"
1575,0.0,22.0,7.0,3.7798798084259033,8.0,19.23683708375531,108.7116560624944,1378.36962890625,47.0,0.1671038568019867,4.0,2.0,0.7066097469818428,15.604458808898926,42.0,"{""type"":""Point"",""coordinates"":[108.71342599185463,19.23597127231991]}"
1576,0.0,24.0,172.0,15.50119686126709,87.0,19.29522757722308,109.78065125059658,2496.40234375,53.0,0.7382107973098755,4.0,3.0,0.6958684964635146,14.019462585449219,37.0,"{""type"":""Point"",""coordinates"":[109.78158957895862,19.2963217553275]}"
1577,0.0,29.0,43.0,7.557387351989746,44.0,19.96896404031272,110.24777519833873,2072.556884765625,39.0,0.244114950299263,2.0,4.0,0.7269497315204695,14.285951614379883,37.0,"{""type"":""Point"",""coordinates"":[110.24744101082668,19.969336559803576]}"
1578,0.0,30.0,76.0,9.397764205932617,76.0,19.54226428035595,109.08894848182456,1825.464599609375,43.0,0.8234802484512329,3.0,3.0,0.6818946563820909,13.969123840332031,35.0,"{""type"":""Point"",""coordinates"":[109.09036620019248,19.543774729904328]}"
1579,0.0,22.0,172.0,15.951438903808594,102.0,19.434466446261602,109.57403873524913,2352.702880859375,55.0,0.9598334431648254,3.0,3.0,0.6889434756851875,13.7568941116333,33.0,"{""type"":""Point"",""coordinates"":[109.57442634260791,19.435752885780442]}"
1580,0.0,24.0,15.0,9.532208442687988,15.0,18.554117467824476,109.99624691878529,2157.013671875,46.0,0.3334863781929016,3.0,1.0,0.7306394066462374,14.908868789672852,45.0,"{""type"":""Point"",""coordinates"":[109.99817162681894,18.55308216428486]}"
1581,0.0,38.0,88.0,10.604119300842285,88.0,19.83421674769479,109.9513311545793,2276.40087890625,35.0,0.4648658037185669,4.0,4.0,0.7014587345788555,14.53377628326416,34.0,"{""type"":""Point"",""coordinates"":[109.95072837291939,19.833144315712335]}"
1583,0.0,26.0,83.0,18.309162139892578,68.0,19.4434495991028,110.49930347789223,2600.057373046875,46.0,0.9647570848464966,4.0,3.0,0.718796094460123,13.524669647216797,39.0,"{""type"":""Point"",""coordinates"":[110.49814802383656,19.441702642911157]}"
1584,0.0,28.0,18.0,7.750395774841309,17.0,19.76684310138583,110.76430648670748,2001.058837890625,45.0,0.43171510100364685,3.0,4.0,0.7454252333140877,13.690569877624512,39.0,"{""type"":""Point"",""coordinates"":[110.76313407962029,19.766454764949163]}"
1585,0.0,28.0,91.0,17.432374954223633,84.0,19.66802842013268,110.60260973556598,2327.197021484375,46.0,1.5021673440933228,4.0,3.0,0.7047749250164841,12.905917167663574,34.0,"{""type"":""Point"",""coordinates"":[110.60433983174947,19.67018281038565]}"
1586,0.0,28.0,40.0,17.7913875579834,37.0,18.95835934567826,110.34209830317133,2412.775634765625,44.0,1.0577439069747925,4.0,2.0,0.7220010489558786,13.739977836608887,44.0,"{""type"":""Point"",""coordinates"":[110.34370646286916,18.960087797491823]}"
1587,0.0,33.0,116.0,28.749584197998047,106.0,18.639457419815827,109.843533320485,2266.123779296875,39.0,3.0427792072296143,5.0,1.0,0.613883590161433,12.637109756469727,48.0,"{""type"":""Point"",""coordinates"":[109.84420653226921,18.639735201305125]}"
1588,0.0,28.0,21.0,13.150781631469727,21.0,19.596163197403122,109.06649059972159,1842.9796142578125,45.0,1.4578579664230347,2.0,3.0,0.7398964493936511,13.430082321166992,36.0,"{""type"":""Point"",""coordinates"":[109.0675079071368,19.595095861809483]}"
1589,0.0,28.0,12.0,7.251951694488525,13.0,19.793792559909413,109.27310311506909,1868.74169921875,42.0,0.3348151445388794,2.0,4.0,0.7683482767451679,14.906618118286133,33.0,"{""type"":""Point"",""coordinates"":[109.2733958265753,19.79244464951971]}"
1590,0.0,38.0,636.0,63.85506820678711,610.0,18.5092017036185,109.56954715882853,2278.010009765625,34.0,16.4251651763916,6.0,1.0,0.5557484714530889,10.541571617126465,45.0,"{""type"":""Point"",""coordinates"":[109.57013181719013,18.511133971027142]}"
1591,0.0,23.0,35.0,7.622818470001221,35.0,18.8775109701075,108.73411394459737,1258.8223876953125,53.0,1.7907830476760864,2.0,2.0,0.6478240104267815,13.216167449951172,45.0,"{""type"":""Point"",""coordinates"":[108.7323904776104,18.87624013490536]}"
1592,0.0,29.0,44.0,11.038798332214355,44.0,19.789300983488815,110.55769397135998,2265.695068359375,43.0,0.5476582646369934,5.0,4.0,0.7395092059184842,13.958674430847168,37.0,"{""type"":""Point"",""coordinates"":[110.55691573848834,19.78986878627059]}"
1593,0.0,25.0,107.0,48.786006927490234,99.0,18.73378052464838,110.08607844719722,2468.383056640625,52.0,5.376335620880127,4.0,1.0,0.625969130733945,12.071359634399414,46.0,"{""type"":""Point"",""coordinates"":[110.08665634793189,18.73218286133298]}"
1594,0.0,34.0,520.0,46.4453125,350.0,18.998783533463637,109.31352730285442,1915.8411865234375,36.0,13.713213920593262,5.0,2.0,0.5592660217915089,10.829492568969727,43.0,"{""type"":""Point"",""coordinates"":[109.31389041680512,18.996685573484577]}"
1595,0.0,25.0,146.0,11.558259010314941,52.0,19.29971915364368,109.30903572643388,2109.00830078125,53.0,0.7644979953765869,4.0,3.0,0.7043715177443638,14.0007905960083,39.0,"{""type"":""Point"",""coordinates"":[109.30981525668005,19.29890775166992]}"
1596,0.0,30.0,917.0,41.284996032714844,704.0,18.84606993516332,109.60098819377271,2223.934326171875,45.0,10.916707992553711,5.0,2.0,0.548496301603095,10.675745010375977,46.0,"{""type"":""Point"",""coordinates"":[109.59905749449905,18.8459946655149]}"
1597,0.0,32.0,149.0,21.80402183532715,102.0,19.470399057626388,109.96929746026171,2665.863037109375,39.0,1.1783262491226196,4.0,3.0,0.682306942391956,13.566207885742188,38.0,"{""type"":""Point"",""coordinates"":[109.97072422987185,19.472185628303574]}"
1598,0.0,27.0,19.0,12.487712860107422,19.0,19.308702306484875,110.61159288840719,2429.614990234375,46.0,0.4995666444301605,5.0,3.0,0.769856574170258,14.232458114624023,39.0,"{""type"":""Point"",""coordinates"":[110.6119761766552,19.307902315833648]}"
1599,0.0,23.0,32.0,5.285408020019531,32.0,19.088615061875586,108.72063921533555,1296.439453125,52.0,0.8216907382011414,2.0,2.0,0.6654657028050588,13.997214317321777,43.0,"{""type"":""Point"",""coordinates"":[108.71840944193293,19.090088113827466]}"
1600,0.0,23.0,25.0,9.677815437316895,28.0,18.873019393686903,110.35557303243309,2292.78466796875,52.0,0.2503647208213806,3.0,2.0,0.719687040577808,15.189783096313477,46.0,"{""type"":""Point"",""coordinates"":[110.35507368293815,18.870849813790045]}"
1601,0.0,38.0,55.0,16.626262664794922,56.0,19.820742018433002,109.57403873524913,1813.1151123046875,37.0,2.5070042610168457,4.0,4.0,0.712961752009113,12.86770248413086,32.0,"{""type"":""Point"",""coordinates"":[109.57588764515982,19.8186885101726]}"
1602,0.0,29.0,49.0,9.864599227905273,42.0,19.811758865591806,110.26124992760055,2295.697265625,42.0,0.3116419315338135,2.0,4.0,0.7641184559233435,14.68142318725586,32.0,"{""type"":""Point"",""coordinates"":[110.26118519359274,19.81308216154246]}"
1603,0.0,30.0,101.0,27.88343620300293,68.0,18.594541655609852,109.65488711081986,2216.47314453125,42.0,2.9963600635528564,5.0,1.0,0.6564961964716349,12.661638259887695,46.0,"{""type"":""Point"",""coordinates"":[109.65674813840026,18.594204904220508]}"
1604,0.0,23.0,35.0,12.081093788146973,19.0,19.703961031497464,110.06362056509425,2479.068603515625,46.0,0.3116097152233124,3.0,3.0,0.7976612582435904,14.965139389038086,33.0,"{""type"":""Point"",""coordinates"":[110.06478127217319,19.703207850024686]}"
1605,0.0,32.0,118.0,36.16610336303711,15.0,18.91344358147228,110.04116268299128,2591.487548828125,40.0,2.984828233718872,5.0,2.0,0.7401170718982589,12.6551513671875,45.0,"{""type"":""Point"",""coordinates"":[110.0421401363494,18.911435926681946]}"
1606,0.0,26.0,45.0,11.676132202148438,28.0,19.618621079506106,110.50828663073344,2457.04248046875,51.0,0.4061039388179779,6.0,3.0,0.7833187861705158,14.419750213623047,34.0,"{""type"":""Point"",""coordinates"":[110.51041619386908,19.620281512733847]}"
1607,0.0,29.0,289.0,19.984025955200195,165.0,18.91344358147228,109.87497435542917,2409.319091796875,43.0,1.434978723526001,4.0,2.0,0.6261097186858904,13.277697563171387,46.0,"{""type"":""Point"",""coordinates"":[109.87559205208468,18.91444327881312]}"
1608,0.0,22.0,106.0,12.106511116027832,42.0,19.569213738879533,109.63692080513749,2223.071533203125,53.0,0.6183879971504211,3.0,3.0,0.7422686746858891,14.237515449523926,35.0,"{""type"":""Point"",""coordinates"":[109.63702778094805,19.570466983575304]}"
1609,0.0,25.0,327.0,44.73874282836914,231.0,18.706831066124792,109.0305579883568,1799.907470703125,51.0,13.056745529174805,5.0,1.0,0.5660233443124766,11.025911331176758,43.0,"{""type"":""Point"",""coordinates"":[109.03267050053378,18.708015646724622]}"
1610,0.0,20.0,38.0,7.411098480224609,38.0,19.847691476956584,110.73735702818391,2086.7646484375,55.0,0.18256518244743347,5.0,4.0,0.7105421104423817,14.520707130432129,43.0,"{""type"":""Point"",""coordinates"":[110.7381406945462,19.849262183602836]}"
1611,0.0,28.0,64.0,11.119101524353027,64.0,19.452432751943995,110.59362658272477,2519.09228515625,42.0,0.2433277815580368,4.0,3.0,0.7139092852743245,14.917203903198242,41.0,"{""type"":""Point"",""coordinates"":[110.59470280382453,19.454584403886837]}"
1612,0.0,26.0,161.0,24.84783172607422,84.0,19.33116018858786,109.81658386196136,2487.126953125,51.0,1.8678280115127563,4.0,3.0,0.6855531900736249,13.097799301147461,39.0,"{""type"":""Point"",""coordinates"":[109.81878998899393,19.331057597056635]}"
1613,0.0,27.0,447.0,56.56974411010742,422.0,18.71581421896599,109.96929746026171,2346.07763671875,48.0,9.730789184570312,7.0,1.0,0.581616978848635,11.239795684814453,47.0,"{""type"":""Point"",""coordinates"":[109.97117552662765,18.71666644790044]}"
1614,0.0,24.0,25.0,15.686430931091309,24.0,18.57208377350686,109.96929746026171,2157.013671875,47.0,1.148569107055664,3.0,1.0,0.7166419678469115,13.666302680969238,45.0,"{""type"":""Point"",""coordinates"":[109.97003844113914,18.57364214441945]}"
1616,0.0,28.0,42.0,10.224196434020996,43.0,19.843199900535986,109.28208626791024,1759.704833984375,42.0,1.0462230443954468,2.0,4.0,0.719570913439405,13.749763488769531,34.0,"{""type"":""Point"",""coordinates"":[109.28036749605296,19.841286811980265]}"
1617,0.0,27.0,290.0,19.183435440063477,276.0,18.62598269055404,108.97216749488905,1652.97265625,48.0,4.1157097816467285,5.0,1.0,0.5603261706919165,12.22183895111084,49.0,"{""type"":""Point"",""coordinates"":[108.9732472961305,18.626405957206988]}"
1618,0.0,22.0,25.0,5.918729782104492,25.0,20.112694485771847,110.6879496875573,1810.24267578125,56.0,0.3495340347290039,2.0,4.0,0.7064169075863308,13.432639122009277,43.0,"{""type"":""Point"",""coordinates"":[110.68785465594497,20.111588459406256]}"
1619,0.0,29.0,94.0,22.053234100341797,81.0,19.429974869841004,110.43642140800387,2623.61328125,38.0,1.193359136581421,3.0,3.0,0.7015354313771106,13.547897338867188,39.0,"{""type"":""Point"",""coordinates"":[110.43751657826839,19.42874916620877]}"
1621,0.0,23.0,213.0,11.89986515045166,213.0,18.392420716682963,109.41683356052818,2052.99755859375,56.0,0.9118625521659851,3.0,1.0,0.6333755231911002,13.781881332397461,41.0,"{""type"":""Point"",""coordinates"":[109.41890742147561,18.393409417443003]}"
1622,0.0,29.0,609.0,44.556819915771484,571.0,19.147005555343355,109.09793163466577,1947.67578125,48.0,13.641020774841309,7.0,2.0,0.5755944699516041,10.759994506835938,39.0,"{""type"":""Point"",""coordinates"":[109.09633546685022,19.14558840345335]}"
1623,0.0,26.0,415.0,12.106281280517578,409.0,18.616999537712843,108.8688612372153,1506.93798828125,50.0,2.7050766944885254,3.0,1.0,0.556058781765664,12.553121566772461,47.0,"{""type"":""Point"",""coordinates"":[108.8668849409571,18.616836743365]}"
1624,0.0,21.0,12.0,4.061010837554932,15.0,18.648440572657023,108.7116560624944,1294.993896484375,52.0,0.4060506224632263,2.0,1.0,0.6823538449846246,14.62356185913086,44.0,"{""type"":""Point"",""coordinates"":[108.71066643279306,18.647080368872984]}"
1625,0.0,27.0,11.0,5.4841437339782715,12.0,19.250311813017106,108.77902970880336,1503.7877197265625,43.0,0.4628738462924957,2.0,2.0,0.7026252985758522,14.583306312561035,43.0,"{""type"":""Point"",""coordinates"":[108.78124273731689,19.248200464374552]}"
1626,0.0,28.0,108.0,8.867898941040039,77.0,19.60963792666491,109.58302188809029,2113.935302734375,48.0,0.3650660216808319,3.0,3.0,0.7023091547876542,14.763362884521484,34.0,"{""type"":""Point"",""coordinates"":[109.5833504130147,19.6101890005108]}"
1627,0.0,40.0,32.0,17.452831268310547,32.0,19.88362408832137,109.93336484889693,2195.671875,34.0,1.802651286125183,5.0,4.0,0.7536256575526885,12.939005851745605,35.0,"{""type"":""Point"",""coordinates"":[109.93217783235625,19.88538908223473]}"
1628,0.0,27.0,915.0,22.002456665039062,887.0,18.702339489704194,108.90479384858008,1526.61865234375,48.0,11.30976390838623,7.0,1.0,0.5059271142922086,10.641861915588379,47.0,"{""type"":""Point"",""coordinates"":[108.90346457458709,18.702244054024202]}"
1629,0.0,27.0,185.0,15.72953987121582,168.0,19.232345507334713,110.18938470487097,2768.69189453125,45.0,0.45886939764022827,4.0,2.0,0.6743221531508973,14.486698150634766,40.0,"{""type"":""Point"",""coordinates"":[110.18897984402062,19.234087728639267]}"
1630,0.0,25.0,56.0,8.967569351196289,56.0,19.928539852527344,110.30167411538594,2257.222900390625,45.0,0.21601849794387817,8.0,4.0,0.723969075917595,14.830174446105957,38.0,"{""type"":""Point"",""coordinates"":[110.3021710504984,19.929927159345223]}"
1631,0.0,26.0,403.0,21.985822677612305,212.0,19.0706487561932,109.69081972218464,2321.585693359375,49.0,2.0004003047943115,4.0,2.0,0.6384827554462169,12.864176750183105,40.0,"{""type"":""Point"",""coordinates"":[109.6923259082206,19.06875254779783]}"
1632,0.0,29.0,570.0,50.79121780395508,419.0,18.890985699369296,109.30454415001327,2003.84228515625,41.0,14.01356315612793,7.0,2.0,0.5524969991463053,10.765525817871094,45.0,"{""type"":""Point"",""coordinates"":[109.30284639622796,18.88962464798748]}"
1633,0.0,21.0,39.0,20.368261337280273,28.0,19.71743576075925,110.19387628129158,2547.894775390625,54.0,1.2164700031280518,2.0,3.0,0.8001796462140922,13.371417999267578,30.0,"{""type"":""Point"",""coordinates"":[110.1949177376367,19.717527166603304]}"
1634,0.0,26.0,20.0,16.61642837524414,12.0,19.178446590287543,110.31065726822715,2818.614013671875,45.0,0.458956778049469,4.0,2.0,0.7865322583639546,14.58662223815918,39.0,"{""type"":""Point"",""coordinates"":[110.31263499635385,19.17946447750164]}"
1635,0.0,29.0,73.0,12.422659873962402,59.0,19.816250442012404,110.19836785771219,2378.476318359375,45.0,0.5863968729972839,9.0,4.0,0.7572406678981125,14.03052043914795,31.0,"{""type"":""Point"",""coordinates"":[110.19767393868149,19.817934492452512]}"
1636,0.0,29.0,687.0,33.08024597167969,464.0,19.088615061875586,109.64590395797865,2135.50439453125,40.0,6.008906364440918,5.0,2.0,0.602287613296769,11.52462387084961,39.0,"{""type"":""Point"",""coordinates"":[109.64665138151196,19.08982013528515]}"
1637,0.0,26.0,195.0,36.39027404785156,118.0,19.27276969512009,109.86599120258796,2602.931640625,53.0,3.1533448696136475,3.0,2.0,0.6750531614165882,12.551854133605957,37.0,"{""type"":""Point"",""coordinates"":[109.86400668444978,19.271649911324303]}"
1638,0.0,26.0,604.0,51.2751350402832,597.0,18.500218550777305,109.2326789272837,1971.77587890625,53.0,16.6069278717041,8.0,1.0,0.5470931042406507,10.558202743530273,44.0,"{""type"":""Point"",""coordinates"":[109.23420807724794,18.498476498285065]}"
1639,0.0,26.0,21.0,10.452768325805664,13.0,19.735402066441644,110.27921623328291,2508.266357421875,47.0,0.18281742930412292,2.0,3.0,0.8158224437582341,15.236220359802246,31.0,"{""type"":""Point"",""coordinates"":[110.28029057896072,19.73513998624688]}"
1640,0.0,23.0,44.0,8.342042922973633,36.0,19.677011572973875,110.44091298442447,2450.293212890625,54.0,0.0,19.0,3.0,0.7854482572050876,16.37891960144043,34.0,"{""type"":""Point"",""coordinates"":[110.44071577092373,19.67870044943683]}"
1641,0.0,28.0,204.0,27.40090560913086,150.0,19.007766686304834,108.93623488352426,1585.57373046875,45.0,7.750779628753662,4.0,2.0,0.585487612622051,11.641611099243164,41.0,"{""type"":""Point"",""coordinates"":[108.93779914179835,19.006819822616784]}"
1642,0.0,29.0,101.0,23.79397201538086,88.0,19.4389580226822,110.45438771368623,2600.057373046875,37.0,1.4034419059753418,5.0,3.0,0.6983459275811649,13.381284713745117,38.0,"{""type"":""Point"",""coordinates"":[110.45524111626003,19.438102438281913]}"
1643,0.0,20.0,8.0,4.3789567947387695,9.0,19.196412895969935,108.67572345112961,1245.7305908203125,55.0,0.5989168882369995,2.0,2.0,0.6945684978628237,14.32734489440918,42.0,"{""type"":""Point"",""coordinates"":[108.67447158400793,19.198204604337842]}"
1644,0.0,23.0,63.0,7.915081024169922,53.0,19.304210730064277,108.94970961278602,1682.9339599609375,57.0,0.7921296954154968,2.0,3.0,0.6724539816980215,14.015670776367188,41.0,"{""type"":""Point"",""coordinates"":[108.9479585702217,19.30578727840771]}"
1645,0.0,34.0,131.0,12.621874809265137,112.0,19.582688468141328,110.49930347789223,2542.919677734375,40.0,0.47474831342697144,4.0,3.0,0.697005622488249,14.194961547851562,35.0,"{""type"":""Point"",""coordinates"":[110.49877754647349,19.580958350498044]}"
1646,0.0,28.0,10.0,4.995368480682373,10.0,19.51980639825296,108.96318434204784,1717.236083984375,46.0,0.11471964418888092,3.0,3.0,0.7464607387499559,15.978863716125488,37.0,"{""type"":""Point"",""coordinates"":[108.96502581694061,19.51977441277701]}"
1647,0.0,23.0,100.0,44.234580993652344,72.0,18.5092017036185,109.35844306706042,2115.9892578125,54.0,6.925187587738037,4.0,1.0,0.6318356297342451,11.820502281188965,46.0,"{""type"":""Point"",""coordinates"":[109.35839195049185,18.510570230453656]}"
1648,0.0,31.0,40.0,12.299173355102539,40.0,19.91057354684495,109.87946593184972,2038.5531005859375,39.0,1.050552248954773,5.0,4.0,0.7331020967171942,13.473040580749512,36.0,"{""type"":""Point"",""coordinates"":[109.88028758697422,19.91116146281371]}"
1649,0.0,24.0,138.0,8.175617218017578,84.0,19.025732991987226,108.93174330710366,1585.57373046875,53.0,1.0341471433639526,3.0,2.0,0.627455287973639,13.703597068786621,41.0,"{""type"":""Point"",""coordinates"":[108.92985062432004,19.02572451647626]}"
1650,0.0,26.0,802.0,61.435489654541016,724.0,18.787679441695552,109.60997134661392,2428.435546875,48.0,13.920354843139648,5.0,1.0,0.5518798544939165,10.553970336914062,47.0,"{""type"":""Point"",""coordinates"":[109.6099831464108,18.78735516081979]}"
1651,0.0,29.0,31.0,9.817487716674805,31.0,19.582688468141328,109.25962838580728,2066.166259765625,42.0,0.5136732459068298,4.0,3.0,0.7420540974235856,14.46761417388916,37.0,"{""type"":""Point"",""coordinates"":[109.25905691899729,19.583247380944123]}"
1652,0.0,23.0,29.0,4.307145595550537,29.0,18.837086782322125,108.72513079175616,1267.31591796875,51.0,0.5498895049095154,2.0,2.0,0.6680749768641658,14.400641441345215,43.0,"{""type"":""Point"",""coordinates"":[108.72440506194135,18.839308855331016]}"
1653,0.0,28.0,40.0,26.975141525268555,42.0,18.414878598785947,109.76268494491421,2129.562744140625,45.0,3.0823912620544434,4.0,1.0,0.7052565770812748,12.66955852508545,41.0,"{""type"":""Point"",""coordinates"":[109.76429855085233,18.41503007292106]}"
1654,0.0,22.0,99.0,15.940042495727539,97.0,19.569213738879533,109.3943756784252,2122.483642578125,56.0,1.3457167148590088,4.0,3.0,0.669029069775099,13.464048385620117,36.0,"{""type"":""Point"",""coordinates"":[109.39487171316505,19.568435772652073]}"
1655,0.0,23.0,273.0,11.914984703063965,166.0,19.33116018858786,109.40785040768702,2288.911865234375,56.0,0.5932261347770691,4.0,3.0,0.6590919060464013,14.172077178955078,38.0,"{""type"":""Point"",""coordinates"":[109.40582886924142,19.329085937187195]}"
1656,0.0,26.0,35.0,9.943549156188965,36.0,19.80277571275061,109.1832715866571,1742.8985595703125,46.0,1.02304208278656,5.0,4.0,0.7335296352659547,13.776259422302246,33.0,"{""type"":""Point"",""coordinates"":[109.18544229393088,19.800563149341148]}"
1657,0.0,25.0,40.0,9.884307861328125,26.0,19.23683708375531,109.00810010625383,1909.794921875,51.0,0.7523216605186462,4.0,2.0,0.7190196610122944,14.080763816833496,41.0,"{""type"":""Point"",""coordinates"":[109.00751673151075,19.237078846333876]}"
1658,0.0,20.0,110.0,21.62909507751465,70.0,19.55573900961774,109.843533320485,2407.0087890625,56.0,1.4904371500015259,3.0,3.0,0.7135510267783759,13.35518741607666,36.0,"{""type"":""Point"",""coordinates"":[109.84234867478847,19.555787739430578]}"
1659,0.0,27.0,16.0,10.036874771118164,18.0,19.582688468141328,110.87210432080184,1911.263427734375,44.0,1.1788196563720703,3.0,3.0,0.7365418423626527,12.712652206420898,39.0,"{""type"":""Point"",""coordinates"":[110.87104856092168,19.580786875435752]}"
1660,0.0,25.0,318.0,62.47376251220703,292.0,18.71581421896599,109.9603143074205,2346.07763671875,48.0,10.055915832519531,5.0,1.0,0.5859836764962052,11.300531387329102,47.0,"{""type"":""Point"",""coordinates"":[109.96035254884508,18.71359598728917]}"
1661,0.0,26.0,52.0,15.448577880859375,35.0,19.60514635024431,110.49930347789223,2455.637451171875,48.0,0.8391016125679016,4.0,3.0,0.7671887911060051,13.68856143951416,35.0,"{""type"":""Point"",""coordinates"":[110.50109370382474,19.60512287361817]}"
1662,0.0,23.0,11.0,13.677924156188965,13.0,19.138022402502166,110.46337086652744,2631.907958984375,47.0,0.33974793553352356,3.0,2.0,0.7817388615862593,14.873430252075195,40.0,"{""type"":""Point"",""coordinates"":[110.46309672384766,19.137456244247623]}"
1663,0.0,29.0,289.0,33.02299499511719,103.0,19.12454767324037,109.39886725484581,2058.462158203125,42.0,5.165810585021973,4.0,2.0,0.623453519685209,11.994279861450195,39.0,"{""type"":""Point"",""coordinates"":[109.40001065242606,19.125522214825917]}"
1664,0.0,28.0,16.0,6.829276084899902,17.0,20.08125345082766,110.63854234693076,1897.72802734375,43.0,0.44262486696243286,3.0,4.0,0.7171257838161337,13.257134437561035,44.0,"{""type"":""Point"",""coordinates"":[110.63976902182603,20.082466592123637]}"
1665,0.0,24.0,147.0,5.426539421081543,18.0,18.74276367748957,109.15632212813352,1839.992431640625,54.0,0.08342130482196808,2.0,1.0,0.7092666653150935,16.21554183959961,43.0,"{""type"":""Point"",""coordinates"":[109.15494768222942,18.743459679097977]}"
1666,0.0,27.0,169.0,9.310559272766113,40.0,18.720305795386587,109.17878001023655,1839.992431640625,48.0,0.7957515120506287,2.0,1.0,0.680842240665625,13.946292877197266,43.0,"{""type"":""Point"",""coordinates"":[109.17962671991081,18.719011968464763]}"
1667,0.0,23.0,168.0,15.081743240356445,164.0,18.43284490446834,109.29106942075146,1874.107666015625,55.0,1.8455801010131836,3.0,1.0,0.6176537124808819,13.10538101196289,42.0,"{""type"":""Point"",""coordinates"":[109.29246526097782,18.43203291574294]}"
1668,0.0,27.0,155.0,53.9012565612793,155.0,18.68437318402181,110.09506160003843,2286.457763671875,50.0,8.160453796386719,4.0,1.0,0.6026540176980814,11.620600700378418,46.0,"{""type"":""Point"",""coordinates"":[110.09609204147401,18.68586386061897]}"
1669,0.0,23.0,65.0,6.633763313293457,65.0,19.483873786888182,109.07996532898335,1917.8831787109375,56.0,0.21558813750743866,3.0,3.0,0.7026159340733099,15.315899848937988,35.0,"{""type"":""Point"",""coordinates"":[109.0813129691395,19.485076178093742]}"
1670,0.0,29.0,41.0,20.686443328857422,38.0,19.335651765008457,110.49930347789223,2723.8681640625,39.0,0.9196903705596924,5.0,3.0,0.7417124189188764,13.841155052185059,42.0,"{""type"":""Point"",""coordinates"":[110.50120076259594,19.335355387959563]}"
1671,0.0,26.0,167.0,28.76504135131836,113.0,19.061665603352004,109.98277218952347,2582.4267578125,51.0,2.134613037109375,3.0,2.0,0.653240011248819,12.960403442382812,43.0,"{""type"":""Point"",""coordinates"":[109.98436895717637,19.062448332169318]}"
1672,0.0,31.0,248.0,36.262813568115234,239.0,18.554117467824476,109.81209228554076,2268.658935546875,41.0,4.569448471069336,5.0,1.0,0.6093416585694927,12.145179748535156,46.0,"{""type"":""Point"",""coordinates"":[109.81413378376337,18.55562078727708]}"
1673,0.0,27.0,971.0,76.62105560302734,738.0,18.967342498519457,109.72226075712882,2376.595947265625,41.0,26.541227340698242,12.0,2.0,0.5311179625640826,9.657347679138184,42.0,"{""type"":""Point"",""coordinates"":[109.72435862503585,18.969533902691087]}"
1674,0.0,25.0,677.0,50.75424575805664,576.0,18.814628900219134,109.63692080513749,2223.934326171875,49.0,11.284530639648438,5.0,1.0,0.5514097442377887,10.89440631866455,48.0,"{""type"":""Point"",""coordinates"":[109.63836333689336,18.816150474777235]}"
1675,0.0,29.0,376.0,48.21870803833008,195.0,19.115564520399175,109.48420720683714,2246.80712890625,40.0,7.728607177734375,4.0,2.0,0.6200046648565097,11.526728630065918,39.0,"{""type"":""Point"",""coordinates"":[109.48414556739463,19.113930894935756]}"
1676,0.0,25.0,70.0,35.15338897705078,70.0,18.3160639175328,109.50666508894017,2018.67333984375,48.0,5.304038047790527,4.0,0.0,0.6670345455930669,12.107219696044922,39.0,"{""type"":""Point"",""coordinates"":[109.50795022629684,18.31593488389538]}"
1677,0.0,26.0,1.0,6.0984601974487305,2.0,20.02286295735989,110.64303392335137,1872.115966796875,43.0,0.21611134707927704,4.0,4.0,0.730155371525139,14.009637832641602,45.0,"{""type"":""Point"",""coordinates"":[110.64103256664482,20.02154635081244]}"
1678,0.0,25.0,37.0,69.7731704711914,29.0,19.21437920165232,110.31065726822715,2945.27490234375,51.0,5.51948356628418,4.0,2.0,0.746730693246103,12.08659553527832,38.0,"{""type"":""Point"",""coordinates"":[110.30997423508984,19.214591208362297]}"
1679,0.0,22.0,133.0,7.976380825042725,95.0,19.025732991987226,108.89581069573887,1568.9453125,48.0,0.9196828603744507,2.0,2.0,0.6141014239030933,13.824016571044922,41.0,"{""type"":""Point"",""coordinates"":[108.8976980124328,19.02411926279952]}"
1680,0.0,25.0,38.0,13.345017433166504,38.0,19.762351524965233,109.47522405399599,1906.2293701171875,52.0,1.3770875930786133,3.0,4.0,0.7425372722875102,13.47723388671875,32.0,"{""type"":""Point"",""coordinates"":[109.47659366487304,19.76251193529348]}"
1681,0.0,29.0,27.0,8.262539863586426,28.0,19.807267289171207,109.26861153864849,1759.704833984375,38.0,0.6495410203933716,3.0,4.0,0.7437640765367778,14.235240936279297,33.0,"{""type"":""Point"",""coordinates"":[109.26868217055826,19.80542898662087]}"
1682,0.0,27.0,221.0,32.14531326293945,92.0,19.151497131763954,109.843533320485,2478.01416015625,50.0,2.9590063095092773,4.0,2.0,0.6547488148488623,12.598745346069336,42.0,"{""type"":""Point"",""coordinates"":[109.84372677791826,19.15303453671692]}"
1683,0.0,24.0,81.0,16.04619026184082,68.0,19.677011572973875,109.56505558240792,2038.772216796875,53.0,1.5456123352050781,4.0,3.0,0.7100112005234339,13.336326599121094,33.0,"{""type"":""Point"",""coordinates"":[109.56359598831212,19.67630566464645]}"
1684,0.0,23.0,36.0,10.068525314331055,34.0,18.54064273856268,108.97665907130965,1667.1134033203125,55.0,1.261971116065979,3.0,1.0,0.6578017186088544,13.565726280212402,49.0,"{""type"":""Point"",""coordinates"":[108.97585207609168,18.542096733035194]}"
1685,0.0,20.0,78.0,10.234273910522461,53.0,19.51980639825296,110.3151488446477,2625.948974609375,57.0,0.057359881699085236,2.0,3.0,0.7383248283918012,16.61228370666504,39.0,"{""type"":""Point"",""coordinates"":[110.31433955288985,19.51832687552496]}"
1686,0.0,27.0,57.0,8.186083793640137,57.0,19.398533834896824,108.92725173068305,1667.8377685546875,47.0,0.8409125804901123,2.0,3.0,0.6717118121764712,13.95944595336914,40.0,"{""type"":""Point"",""coordinates"":[108.9276408675368,19.39951773163981]}"
1687,0.0,29.0,278.0,22.747112274169922,197.0,18.805645747377937,109.87497435542917,2267.060791015625,43.0,2.15382981300354,5.0,1.0,0.6296924711246814,12.878828048706055,43.0,"{""type"":""Point"",""coordinates"":[109.87490191228693,18.805904300439995]}"
1688,0.0,28.0,195.0,49.303245544433594,174.0,19.133530826081568,109.05301587045977,1947.67578125,51.0,11.876485824584961,4.0,2.0,0.5977854729579679,11.212300300598145,40.0,"{""type"":""Point"",""coordinates"":[109.05425695845076,19.13255760888108]}"
1689,0.0,27.0,245.0,48.218849182128906,248.0,18.729288948227783,110.34658987959187,2170.185302734375,50.0,8.350886344909668,5.0,1.0,0.5781211094291392,11.539204597473145,49.0,"{""type"":""Point"",""coordinates"":[110.34615836373735,18.729647460425]}"
1690,0.0,27.0,36.0,11.258416175842285,35.0,19.71294418433866,110.69693284039852,2305.0732421875,45.0,0.5169147253036499,4.0,3.0,0.742831262384126,13.998152732849121,39.0,"{""type"":""Point"",""coordinates"":[110.69727375245047,19.7139995145845]}"
1691,0.0,25.0,250.0,19.439037322998047,149.0,19.335651765008457,109.37191779632224,2179.60693359375,54.0,1.9212472438812256,4.0,3.0,0.6532578127651816,13.012015342712402,37.0,"{""type"":""Point"",""coordinates"":[109.37296191512984,19.333840754432103]}"
1692,0.0,24.0,27.0,7.828283309936523,29.0,18.76522155959256,110.31065726822715,2185.83642578125,51.0,0.12115991860628128,2.0,1.0,0.6985066859297249,15.914437294006348,49.0,"{""type"":""Point"",""coordinates"":[110.3114688654002,18.764831078205116]}"
1693,0.0,24.0,67.0,9.426603317260742,47.0,19.71743576075925,109.6414123815581,2057.8681640625,53.0,0.48431089520454407,3.0,3.0,0.7387382652096949,14.505337715148926,33.0,"{""type"":""Point"",""coordinates"":[109.64324025233141,19.718857740400214]}"
1694,0.0,23.0,51.0,14.188318252563477,49.0,18.527168009300887,108.9811506477302,1667.1134033203125,56.0,2.278810501098633,4.0,1.0,0.6419680874992152,12.96560287475586,48.0,"{""type"":""Point"",""coordinates"":[108.97912620888826,18.527262115029888]}"
1695,0.0,34.0,565.0,32.68245315551758,563.0,18.419370175206545,109.34047676137806,1977.5943603515625,41.0,7.4724626541137695,8.0,1.0,0.5898789486742514,11.413079261779785,41.0,"{""type"":""Point"",""coordinates"":[109.33945152038609,18.41866049517239]}"
1696,0.0,27.0,338.0,18.127758026123047,311.0,19.27276969512009,109.11140636392759,2096.629150390625,49.0,1.9465405941009521,7.0,2.0,0.6407103435884711,12.93855094909668,38.0,"{""type"":""Point"",""coordinates"":[109.10992798889991,19.27187368326691]}"
1697,0.0,26.0,184.0,28.666608810424805,187.0,18.594541655609852,108.85538650795348,1622.756103515625,50.0,7.813239574432373,3.0,1.0,0.5656189340493312,11.646323204040527,46.0,"{""type"":""Point"",""coordinates"":[108.85364653018398,18.593949808216372]}"
1698,0.0,25.0,66.0,8.51174259185791,69.0,18.65293214907762,108.80148759090633,1557.253173828125,51.0,1.16132652759552,4.0,1.0,0.6338369056927705,13.631226539611816,44.0,"{""type"":""Point"",""coordinates"":[108.80307334166898,18.653091917448116]}"
1699,0.0,27.0,52.0,9.742823600769043,45.0,19.80277571275061,110.10853632930025,2359.382568359375,42.0,0.21089807152748108,4.0,4.0,0.7662884292007159,15.069585800170898,32.0,"{""type"":""Point"",""coordinates"":[110.10965593642068,19.803524890808195]}"
1700,0.0,28.0,50.0,11.070316314697266,42.0,19.699469455076866,110.48582874863041,2449.14111328125,41.0,0.29319682717323303,3.0,3.0,0.7651580269833853,14.741661071777344,34.0,"{""type"":""Point"",""coordinates"":[110.48699718778347,19.698671949475017]}"
1701,0.0,25.0,5.0,26.702070236206055,5.0,18.473269092253716,110.05463741225304,2033.932861328125,52.0,3.442955732345581,4.0,1.0,0.7284621701240692,12.578932762145996,44.0,"{""type"":""Point"",""coordinates"":[110.05284116554435,18.475047258537263]}"
1702,0.0,21.0,38.0,15.704137802124023,31.0,19.76684310138583,110.07709529435607,2444.09619140625,53.0,0.7793909311294556,3.0,4.0,0.7889126963782382,13.909205436706543,31.0,"{""type"":""Point"",""coordinates"":[110.07601448374167,19.766699659470355]}"
1703,0.0,22.0,61.0,4.615438938140869,56.0,19.10208979113738,108.82843704942991,1489.7042236328125,60.0,0.33972668647766113,2.0,2.0,0.6636110811955978,14.863489151000977,40.0,"{""type"":""Point"",""coordinates"":[108.82720262551948,19.1024245098531]}"
1704,0.0,24.0,130.0,10.679868698120117,102.0,19.425483293420413,109.2281873508631,2108.881591796875,56.0,0.6492020487785339,3.0,3.0,0.682868272814541,14.174196243286133,32.0,"{""type"":""Point"",""coordinates"":[109.22743261395838,19.424379094973236]}"
1705,0.0,29.0,383.0,35.8260498046875,208.0,19.025732991987226,109.77166809775542,2376.748046875,46.0,4.274684906005859,4.0,2.0,0.625542393180425,12.11807918548584,42.0,"{""type"":""Point"",""coordinates"":[109.76966788549325,19.026547532889513]}"
1706,0.0,24.0,128.0,18.19730567932129,96.0,19.474890634046986,110.09057002361783,2799.33447265625,54.0,0.6725860238075256,3.0,3.0,0.6982460653566134,14.14003849029541,36.0,"{""type"":""Point"",""coordinates"":[110.08989679510903,19.473577949301443]}"
1707,0.0,28.0,35.0,12.842819213867188,36.0,19.919556699686147,110.12201105856201,2223.1962890625,43.0,0.8052998185157776,2.0,4.0,0.7519598915931781,13.742776870727539,35.0,"{""type"":""Point"",""coordinates"":[110.12311938182741,19.917851294620924]}"
1708,0.0,22.0,96.0,10.85598087310791,52.0,19.618621079506106,109.62344607587568,2119.721435546875,55.0,0.5993174910545349,3.0,3.0,0.7301646489223093,14.27489948272705,34.0,"{""type"":""Point"",""coordinates"":[109.62478166638579,19.616490173803818]}"
1709,0.0,26.0,299.0,64.40022277832031,268.0,19.4434495991028,110.18040155202976,2847.34228515625,49.0,6.121039390563965,4.0,3.0,0.6558220757238807,11.816651344299316,37.0,"{""type"":""Point"",""coordinates"":[110.17849657588614,19.44489831588762]}"
1710,0.0,25.0,163.0,31.65927505493164,147.0,19.483873786888182,109.29556099717206,2095.48681640625,54.0,4.525671482086182,4.0,3.0,0.6620670669618538,12.209823608398438,33.0,"{""type"":""Point"",""coordinates"":[109.2955280664243,19.48340478858624]}"
1711,0.0,31.0,233.0,18.286489486694336,56.0,19.24132866017591,109.48869878325775,2250.65673828125,40.0,1.5021090507507324,4.0,2.0,0.7044284505052305,13.269519805908203,38.0,"{""type"":""Point"",""coordinates"":[109.4870246282526,19.24325896807936]}"
1712,0.0,25.0,18.0,5.120717525482178,20.0,19.66802842013268,110.95295269637256,1614.03564453125,49.0,0.4415499269962311,4.0,3.0,0.7017246360402435,13.259566307067871,43.0,"{""type"":""Point"",""coordinates"":[110.95257408227488,19.668286412481883]}"
1713,0.0,32.0,67.0,20.344797134399414,68.0,19.49734851614997,110.63405077051016,2437.163330078125,39.0,1.7167279720306396,4.0,3.0,0.720756349812242,12.794809341430664,36.0,"{""type"":""Point"",""coordinates"":[110.63327225434749,19.49950559925341]}"
1714,0.0,24.0,115.0,20.947925567626953,41.0,19.29522757722308,110.06811214151486,2685.979248046875,47.0,0.9722850322723389,4.0,3.0,0.7417713621344119,13.77944278717041,40.0,"{""type"":""Point"",""coordinates"":[110.06920021340858,19.29730858557835]}"
1715,0.0,23.0,126.0,16.31329917907715,107.0,19.479382210467584,109.2371705037043,2105.644287109375,57.0,1.507482647895813,4.0,3.0,0.6713961186612889,13.33401870727539,34.0,"{""type"":""Point"",""coordinates"":[109.23872552836592,19.481080171285853]}"
1716,0.0,29.0,24.0,33.822147369384766,15.0,19.12903924966097,110.25675835117994,2694.32958984375,41.0,2.2391884326934814,4.0,2.0,0.7658439957230612,12.998908996582031,41.0,"{""type"":""Point"",""coordinates"":[110.25764033008421,19.12851804747905]}"
1717,0.0,30.0,55.0,9.107091903686523,53.0,19.77582625422702,110.49930347789223,2317.78955078125,41.0,0.210886150598526,6.0,4.0,0.7429363381026174,14.903010368347168,35.0,"{""type"":""Point"",""coordinates"":[110.50113456118386,19.773877479708226]}"
1718,0.0,28.0,49.0,6.727303504943848,49.0,19.4434495991028,108.91377700142124,1715.9906005859375,43.0,0.4409771263599396,3.0,3.0,0.6905637779803732,14.609701156616211,39.0,"{""type"":""Point"",""coordinates"":[108.9148287101773,19.444600505018425]}"
1719,0.0,29.0,108.0,35.191795349121094,71.0,18.95835934567826,110.13997736424443,2513.953857421875,43.0,3.0269253253936768,4.0,2.0,0.6730979223074589,12.647221565246582,45.0,"{""type"":""Point"",""coordinates"":[110.14031737381569,18.95784189634697]}"
1720,0.0,27.0,204.0,15.579963684082031,31.0,18.926918310734074,109.46624090115478,2087.36962890625,47.0,1.4104763269424438,4.0,2.0,0.6980779473682445,13.351401329040527,44.0,"{""type"":""Point"",""coordinates"":[109.46522228591951,18.928043399449106]}"
1721,0.0,23.0,541.0,50.679927825927734,477.0,18.79217101811615,109.6414123815581,2428.435546875,52.0,7.530275344848633,5.0,1.0,0.5861590650319536,11.425301551818848,47.0,"{""type"":""Point"",""coordinates"":[109.64150753493557,18.79241438915554]}"
1722,0.0,25.0,134.0,36.44035339355469,126.0,18.513693280039092,109.64590395797865,2286.6435546875,51.0,4.216663837432861,4.0,1.0,0.6131352944176228,12.298906326293945,47.0,"{""type"":""Point"",""coordinates"":[109.64813319461862,18.515822407111294]}"
1723,0.0,25.0,117.0,23.134872436523438,101.0,19.564722162458935,109.48869878325775,2160.47705078125,53.0,2.461081027984619,4.0,3.0,0.6759103857627128,12.848994255065918,33.0,"{""type"":""Point"",""coordinates"":[109.4889489081396,19.56545505285442]}"
1724,0.0,23.0,34.0,12.010869026184082,33.0,19.694977878656267,109.48420720683714,1992.7899169921875,57.0,1.0024722814559937,3.0,3.0,0.7504599941964362,13.797157287597656,33.0,"{""type"":""Point"",""coordinates"":[109.48228764084548,19.695929473155505]}"
1725,0.0,23.0,32.0,2.920450210571289,32.0,18.82810362948093,108.72962236817676,1267.31591796875,50.0,0.08344359695911407,2.0,2.0,0.6615718868090464,16.284475326538086,44.0,"{""type"":""Point"",""coordinates"":[108.72809784313237,18.828608200593003]}"
1726,0.0,27.0,167.0,15.529886245727539,121.0,19.488365363308773,109.52912297104314,2251.46826171875,55.0,1.2221260070800781,4.0,3.0,0.669856522525891,13.518407821655273,36.0,"{""type"":""Point"",""coordinates"":[109.5302087154664,19.490204031883778]}"
1727,0.0,26.0,49.0,44.24767303466797,38.0,18.917935157892877,110.27472465686236,2474.291015625,50.0,4.4593329429626465,4.0,2.0,0.7009645762233565,12.293937683105469,46.0,"{""type"":""Point"",""coordinates"":[110.27689073567377,18.916588613886333]}"
1728,0.0,29.0,287.0,36.25762176513672,176.0,19.003275109884235,109.91989011963511,2414.850830078125,42.0,3.8079018592834473,4.0,2.0,0.6393214387218733,12.301870346069336,41.0,"{""type"":""Point"",""coordinates"":[109.92043870017314,19.004056318880554]}"
1729,0.0,29.0,27.0,9.10816764831543,28.0,19.91506512326555,110.48582874863041,2191.919189453125,45.0,0.4421893060207367,3.0,4.0,0.7396569281652471,13.715028762817383,40.0,"{""type"":""Point"",""coordinates"":[110.48381091999927,19.912906686825167]}"
1730,0.0,31.0,729.0,43.07719421386719,550.0,18.8775109701075,109.48869878325775,2064.464599609375,46.0,12.36783504486084,6.0,2.0,0.5514613119183783,10.750504493713379,45.0,"{""type"":""Point"",""coordinates"":[109.48730862941201,18.87861586529985]}"
1731,0.0,26.0,156.0,14.431778907775879,129.0,19.600654773823713,109.89294066111154,2372.33154296875,48.0,0.7528175711631775,5.0,3.0,0.6845842253997845,14.009943008422852,35.0,"{""type"":""Point"",""coordinates"":[109.8918675100667,19.599035184591404]}"
1732,0.0,21.0,70.0,16.34938621520996,50.0,19.533281127514755,110.35557303243309,2623.714111328125,57.0,0.6568179130554199,3.0,3.0,0.7400536722761252,14.160062789916992,39.0,"{""type"":""Point"",""coordinates"":[110.35360432853875,19.53487025587406]}"
1733,0.0,39.0,496.0,54.436161041259766,462.0,18.500218550777305,109.55607242956671,2278.010009765625,34.0,11.199956893920898,6.0,1.0,0.5749408398281608,11.057737350463867,46.0,"{""type"":""Point"",""coordinates"":[109.554762412712,18.498382640571588]}"
1734,0.0,25.0,151.0,27.050247192382812,48.0,19.33116018858786,109.71327760428761,2483.639404296875,45.0,1.989912509918213,4.0,3.0,0.7384976545656103,13.040702819824219,36.0,"{""type"":""Point"",""coordinates"":[109.71241403323853,19.333144297664504]}"
1735,0.0,30.0,35.0,11.455577850341797,36.0,19.506331668991166,110.70142441681912,2286.943359375,46.0,0.63386070728302,9.0,3.0,0.7573672178791193,13.820612907409668,36.0,"{""type"":""Point"",""coordinates"":[110.70255662060609,19.50777057850318]}"
1736,0.0,24.0,32.0,4.700506687164307,33.0,19.88811566474196,110.90354535574602,1658.97705078125,50.0,0.16746176779270172,3.0,4.0,0.6625528828012465,14.19459342956543,49.0,"{""type"":""Point"",""coordinates"":[110.9018050233534,19.890237622616148]}"
1737,0.0,29.0,68.0,44.25365447998047,53.0,19.052682450510808,110.23879204549758,2676.398193359375,40.0,3.493623733520508,4.0,2.0,0.7021569073870514,12.527559280395508,44.0,"{""type"":""Point"",""coordinates"":[110.23687760859161,19.053967557965496]}"
1738,0.0,25.0,165.0,26.904951095581055,165.0,19.344634917849653,108.84640335511227,1613.9290771484375,53.0,7.192135334014893,6.0,3.0,0.5926164069685892,11.74215316772461,41.0,"{""type"":""Point"",""coordinates"":[108.8472115263855,19.345175953627678]}"
1739,0.0,28.0,123.0,64.53694915771484,126.0,18.271148153326827,109.64590395797865,2100.885986328125,48.0,13.59957504272461,6.0,0.0,0.605529011276739,11.117465019226074,40.0,"{""type"":""Point"",""coordinates"":[109.64703456339795,18.26937677600967]}"
1740,0.0,27.0,420.0,39.614994049072266,296.0,18.79217101811615,109.03954114119801,1763.3572998046875,45.0,11.884257316589355,6.0,1.0,0.5716896898158592,11.055547714233398,41.0,"{""type"":""Point"",""coordinates"":[109.03945122664355,18.79129951491177]}"
1741,0.0,32.0,429.0,39.97425079345703,224.0,19.111072943978577,109.36293464348103,2058.462158203125,38.0,7.847108364105225,4.0,2.0,0.6022018878659464,11.472043991088867,40.0,"{""type"":""Point"",""coordinates"":[109.36228429211354,19.112565393940088]}"
1742,0.0,29.0,19.0,7.772031307220459,19.0,19.74887679570344,110.78676436881045,2135.3681640625,48.0,0.2932007610797882,6.0,4.0,0.7539914059963547,14.075983047485352,39.0,"{""type"":""Point"",""coordinates"":[110.78877371940318,19.747000971180285]}"
1743,0.0,25.0,185.0,65.80479431152344,130.0,19.429974869841004,109.83455016764378,2495.209716796875,47.0,8.33441162109375,4.0,3.0,0.6506133307552825,11.580248832702637,37.0,"{""type"":""Point"",""coordinates"":[109.8329961414885,19.430850302654488]}"
1744,0.0,21.0,56.0,5.521039962768555,53.0,19.066157179772603,108.78801286164452,1364.5877685546875,59.0,0.7889095544815063,3.0,2.0,0.6545157807749749,14.023880004882812,41.0,"{""type"":""Point"",""coordinates"":[108.78785658159008,19.068283119543093]}"
1745,0.0,30.0,533.0,57.800392150878906,456.0,18.814628900219134,109.81209228554076,2297.9609375,38.0,11.07119369506836,4.0,1.0,0.5853106085344979,11.03969669342041,43.0,"{""type"":""Point"",""coordinates"":[109.81425392709212,18.815278665539584]}"
1746,0.0,22.0,12.0,3.08221173286438,12.0,18.855053088004517,108.69368975681198,1159.43359375,52.0,0.3084395229816437,2.0,2.0,0.6822222218301454,14.988672256469727,43.0,"{""type"":""Point"",""coordinates"":[108.69577266805156,18.85388052647533]}"
1747,0.0,30.0,747.0,70.86998748779297,718.0,18.71581421896599,109.81658386196136,2295.075439453125,41.0,20.098461151123047,7.0,1.0,0.5267287121146462,10.220675468444824,48.0,"{""type"":""Point"",""coordinates"":[109.81751629948027,18.715676841946028]}"
1748,0.0,31.0,108.0,29.560041427612305,111.0,18.37445441100057,109.60997134661392,2123.577880859375,42.0,3.7659521102905273,4.0,1.0,0.6250940469919327,12.42825698852539,43.0,"{""type"":""Point"",""coordinates"":[109.60982555460735,18.372319338968293]}"
1749,0.0,26.0,6.0,3.3348541259765625,7.0,19.281752847961286,108.69818133323258,1351.425537109375,49.0,0.12982065975666046,2.0,3.0,0.7092732876321767,15.857494354248047,41.0,"{""type"":""Point"",""coordinates"":[108.6988648927697,19.280294004194765]}"
1750,0.0,24.0,30.0,8.090656280517578,30.0,19.6320958087679,109.22369577444249,2004.6707763671875,49.0,0.3115883469581604,2.0,3.0,0.743276597197758,14.96811580657959,36.0,"{""type"":""Point"",""coordinates"":[109.2223039732926,19.633278873927242]}"
1751,0.0,28.0,171.0,39.00918197631836,156.0,19.15598870818455,108.99013380057141,1805.0872802734375,43.0,9.118622779846191,6.0,2.0,0.5921548934775342,11.49781322479248,42.0,"{""type"":""Point"",""coordinates"":[108.99066744186591,19.155246045671444]}"
1752,0.0,23.0,66.0,5.250363349914551,65.0,19.120056096819773,108.79699601448573,1414.2900390625,57.0,0.6254057288169861,2.0,2.0,0.6478007703630904,14.25024127960205,40.0,"{""type"":""Point"",""coordinates"":[108.79915363812124,19.1180427244018]}"
1753,0.0,25.0,170.0,37.250335693359375,95.0,19.322177035746662,109.99624691878529,2702.86376953125,50.0,2.7562050819396973,4.0,3.0,0.6747932459480155,12.702630996704102,39.0,"{""type"":""Point"",""coordinates"":[109.99451368097847,19.323034835000474]}"
1754,0.0,25.0,160.0,33.70101547241211,57.0,18.922426734313476,110.05463741225304,2569.983642578125,48.0,2.647157907485962,3.0,2.0,0.6894304787067002,12.749360084533691,45.0,"{""type"":""Point"",""coordinates"":[110.05458366220051,18.92336441096566]}"
1755,0.0,28.0,39.0,11.004317283630371,33.0,19.789300983488815,110.28370780970351,2402.76904296875,44.0,0.3495121896266937,9.0,4.0,0.7861835204908344,14.574440956115723,32.0,"{""type"":""Point"",""coordinates"":[110.28213979332851,19.788282978426555]}"
1756,0.0,24.0,207.0,24.31704330444336,85.0,18.729288948227783,109.0305579883568,1799.907470703125,51.0,4.410470485687256,3.0,1.0,0.6145029206686661,12.207632064819336,43.0,"{""type"":""Point"",""coordinates"":[109.03000530801259,18.730648574691426]}"
1757,0.0,28.0,27.0,9.872649192810059,27.0,19.784809407068217,110.70142441681912,2126.321533203125,48.0,0.7555356621742249,5.0,4.0,0.7372566950236803,13.117242813110352,40.0,"{""type"":""Point"",""coordinates"":[110.70307578027865,19.78551787679986]}"
1758,0.0,28.0,7.0,4.986030578613281,9.0,19.627604232347302,110.95744427279317,1668.315673828125,43.0,0.2597615122795105,5.0,3.0,0.7236404660837557,13.814688682556152,42.0,"{""type"":""Point"",""coordinates"":[110.95621861229019,19.62678527014482]}"
1759,0.0,26.0,34.0,12.128262519836426,34.0,19.596163197403122,109.08445690540395,1842.9796142578125,48.0,1.2585339546203613,4.0,3.0,0.7224059573273868,13.569620132446289,37.0,"{""type"":""Point"",""coordinates"":[109.08498022590595,19.594841617450573]}"
1760,0.0,25.0,97.0,11.936467170715332,90.0,19.587180044561926,109.4437830190518,2129.82177734375,51.0,0.7555114030838013,5.0,3.0,0.6893598771830143,14.042671203613281,34.0,"{""type"":""Point"",""coordinates"":[109.44546104320327,19.58822415216794]}"
1761,0.0,26.0,181.0,8.319487571716309,172.0,18.45530278657133,109.30454415001327,1956.3636474609375,52.0,0.4745378792285919,3.0,1.0,0.6179279005681829,14.455670356750488,44.0,"{""type"":""Point"",""coordinates"":[109.30578215982528,18.457453166140425]}"
1762,0.0,26.0,53.0,11.444171905517578,53.0,19.389550682055628,108.83292862585051,1566.483154296875,52.0,1.9585975408554077,3.0,3.0,0.6540703811517269,13.115988731384277,43.0,"{""type"":""Point"",""coordinates"":[108.83248051724604,19.39165169919562]}"
1763,0.0,29.0,713.0,19.061542510986328,565.0,18.760729983171963,109.33598518495745,1966.16455078125,49.0,3.3156628608703613,6.0,1.0,0.5696244765015981,12.097051620483398,46.0,"{""type"":""Point"",""coordinates"":[109.33449673869606,18.761529604211702]}"
1764,0.0,28.0,478.0,15.709610939025879,472.0,18.62598269055404,108.8643696607947,1506.93798828125,50.0,4.512227535247803,4.0,1.0,0.5476477929274561,11.991868019104004,47.0,"{""type"":""Point"",""coordinates"":[108.86547148546727,18.62615583973165]}"
1765,0.0,26.0,55.0,8.892711639404297,55.0,19.537772703935353,109.19674631591892,1981.169921875,50.0,0.5017907023429871,3.0,3.0,0.7081533630992597,14.47697639465332,37.0,"{""type"":""Point"",""coordinates"":[109.1973381772746,19.53931558589034]}"
1766,0.0,29.0,41.0,14.770193099975586,41.0,19.77133467780643,110.64303392335137,2210.611083984375,39.0,1.205920934677124,6.0,4.0,0.7334692378989354,13.146283149719238,38.0,"{""type"":""Point"",""coordinates"":[110.64290702683476,19.771259359029937]}"
1767,0.0,29.0,723.0,18.901819229125977,517.0,18.675390031180612,109.46624090115478,2018.751708984375,48.0,2.984039545059204,5.0,1.0,0.5723668901874114,12.192972183227539,46.0,"{""type"":""Point"",""coordinates"":[109.4673974088038,18.67653132261669]}"
1768,0.0,26.0,136.0,17.457979202270508,139.0,18.325047070373998,109.65937868724046,2084.841064453125,52.0,1.7526911497116089,4.0,0.0,0.6286348578798501,13.177057266235352,43.0,"{""type"":""Point"",""coordinates"":[109.65857270243413,18.324838148757248]}"
1769,0.0,22.0,17.0,2.2414753437042236,17.0,19.039207721249014,108.65775714544719,1113.82666015625,54.0,0.06067930534482002,2.0,2.0,0.6698969249147282,16.611726760864258,44.0,"{""type"":""Point"",""coordinates"":[108.6577805170658,19.040796161367666]}"
1770,0.0,32.0,111.0,11.01404094696045,68.0,19.38505910563503,110.21633416339455,2689.794921875,40.0,0.1216140165925026,2.0,3.0,0.7281780797374763,15.860774993896484,37.0,"{""type"":""Point"",""coordinates"":[110.2157675913811,19.38460908350579]}"
1771,0.0,30.0,40.0,10.742249488830566,40.0,19.76684310138583,109.40785040768702,1908.0159912109375,43.0,0.915989875793457,2.0,4.0,0.7412780443452541,13.883893966674805,32.0,"{""type"":""Point"",""coordinates"":[109.40880772038831,19.766344787038364]}"
1773,0.0,23.0,122.0,13.392229080200195,69.0,19.34912649427025,109.27310311506909,2069.657470703125,46.0,0.9726057052612305,3.0,3.0,0.6962062446637686,13.77482795715332,36.0,"{""type"":""Point"",""coordinates"":[109.2716013774163,19.351165520267774]}"
1774,0.0,31.0,480.0,42.12678527832031,427.0,18.49123539793611,109.48420720683714,2042.8831787109375,40.0,9.124588012695312,7.0,1.0,0.5744594565821043,11.279680252075195,45.0,"{""type"":""Point"",""coordinates"":[109.48617070549318,18.489661221475135]}"
1775,0.0,27.0,245.0,73.18193054199219,140.0,18.926918310734074,109.9603143074205,2542.07275390625,49.0,10.329312324523926,4.0,2.0,0.6032373716953897,11.322786331176758,46.0,"{""type"":""Point"",""coordinates"":[109.9584896477442,18.926489767848064]}"
1776,0.0,25.0,305.0,18.71291160583496,256.0,18.57208377350686,109.15183055171292,1927.5745849609375,55.0,2.681198835372925,4.0,1.0,0.5881456921104646,12.64106559753418,47.0,"{""type"":""Point"",""coordinates"":[109.15301139462984,18.57019366185027]}"
1777,0.0,23.0,28.0,10.341986656188965,31.0,18.922426734313476,110.39150564379787,2322.842041015625,50.0,0.28679710626602173,2.0,2.0,0.7259345025291566,15.052186012268066,44.0,"{""type"":""Point"",""coordinates"":[110.39265529329693,18.92309394371503]}"
1778,0.0,21.0,108.0,34.31181335449219,94.0,19.21887077807292,109.00810010625383,1909.794921875,52.0,5.852379322052002,3.0,2.0,0.620504765174138,11.98536491394043,41.0,"{""type"":""Point"",""coordinates"":[109.00645879025888,19.22030337690486]}"
1779,0.0,31.0,60.0,43.11628723144531,58.0,19.04819087409021,110.38252249095666,2544.531982421875,40.0,3.9615402221679688,5.0,2.0,0.7201760402148204,12.40625,38.0,"{""type"":""Point"",""coordinates"":[110.38448937081256,19.047980975404695]}"
1780,0.0,23.0,15.0,5.9889068603515625,17.0,19.627604232347302,110.92151166142838,1774.407958984375,50.0,0.3044888973236084,3.0,3.0,0.7145474319391528,14.044211387634277,43.0,"{""type"":""Point"",""coordinates"":[110.92172644151948,19.62652920941489]}"
1781,0.0,29.0,365.0,33.430747985839844,311.0,19.043699297669612,109.07996532898335,1922.6231689453125,48.0,7.158143043518066,7.0,2.0,0.6075893074497816,11.612237930297852,39.0,"{""type"":""Point"",""coordinates"":[109.08064514779689,19.04376484312954]}"
1782,0.0,29.0,16.0,7.431250095367432,17.0,19.865657782638976,110.62955919408955,2120.323974609375,42.0,0.18256747722625732,5.0,4.0,0.7417449892689612,14.554234504699707,42.0,"{""type"":""Point"",""coordinates"":[110.63167673510686,19.863829547900977]}"
1783,0.0,23.0,110.0,11.980135917663574,103.0,18.57208377350686,109.00810010625383,1758.670654296875,56.0,1.5034135580062866,3.0,1.0,0.5889756549989463,13.346514701843262,48.0,"{""type"":""Point"",""coordinates"":[109.00771275320582,18.57002253568725]}"
1784,0.0,32.0,559.0,36.38434600830078,547.0,18.441828057309536,109.34047676137806,1977.5943603515625,40.0,8.504288673400879,7.0,1.0,0.5816937734602592,11.287086486816406,42.0,"{""type"":""Point"",""coordinates"":[109.33965950504565,18.440808179897374]}"
1785,0.0,30.0,10.0,6.2317304611206055,12.0,19.537772703935353,110.86761274438123,1926.0650634765625,39.0,0.13456593453884125,5.0,3.0,0.7449535918020563,15.367725372314453,40.0,"{""type"":""Point"",""coordinates"":[110.86928003699164,19.538784514226638]}"
1786,0.0,28.0,11.0,13.094930648803711,3.0,19.699469455076866,110.31065726822715,2534.536376953125,42.0,0.4416307806968689,2.0,3.0,0.8323907055034447,14.361759185791016,30.0,"{""type"":""Point"",""coordinates"":[110.3112516892802,19.69882600348544]}"
1787,0.0,30.0,489.0,58.11090087890625,372.0,19.27276969512009,109.68632814576404,2483.43603515625,38.0,8.52364730834961,4.0,2.0,0.627919190643627,11.341797828674316,38.0,"{""type"":""Point"",""coordinates"":[109.68636053237721,19.27150715498798]}"
1788,0.0,26.0,37.0,13.339408874511719,28.0,19.60963792666491,110.41845510232145,2493.11572265625,46.0,0.5166187286376953,5.0,3.0,0.7846561232936771,14.185193061828613,34.0,"{""type"":""Point"",""coordinates"":[110.4196337624535,19.609324384844463]}"
1789,0.0,24.0,57.0,10.340599060058594,60.0,18.581066926348058,108.79699601448573,1341.7978515625,55.0,2.565202474594116,3.0,1.0,0.6264792348617526,12.843544006347656,44.0,"{""type"":""Point"",""coordinates"":[108.79702991146416,18.58068347220791]}"
1790,0.0,30.0,311.0,29.933998107910156,114.0,19.039207721249014,109.39886725484581,2098.12060546875,39.0,4.189204216003418,4.0,2.0,0.6187524791874323,12.18960952758789,41.0,"{""type"":""Point"",""coordinates"":[109.40026462501133,19.037731035487756]}"
1791,0.0,28.0,476.0,62.028324127197266,427.0,18.783187865274954,110.0097216480471,2363.93603515625,46.0,11.356865882873535,5.0,1.0,0.583108611143373,11.059257507324219,45.0,"{""type"":""Point"",""coordinates"":[110.01154360597161,18.78238916392087]}"
1792,0.0,25.0,24.0,5.300017356872559,24.0,19.784809407068217,110.9394779671108,1639.888916015625,49.0,0.4600888192653656,3.0,4.0,0.6710126719381654,13.202472686767578,49.0,"{""type"":""Point"",""coordinates"":[110.93844653959928,19.783964519467922]}"
1793,0.0,25.0,169.0,47.11185073852539,159.0,19.29971915364368,110.28819938612412,2804.257080078125,50.0,3.6000845432281494,4.0,3.0,0.6783576510687148,12.435614585876465,36.0,"{""type"":""Point"",""coordinates"":[110.2863058875612,19.298179656120837]}"
1794,0.0,23.0,30.0,3.5778727531433105,30.0,19.04819087409021,108.73411394459737,1252.6785888671875,50.0,0.3243730366230011,2.0,2.0,0.6667174908186356,14.92790412902832,43.0,"{""type"":""Point"",""coordinates"":[108.73495901609597,19.049359801313983]}"
1795,0.0,34.0,41.0,65.817138671875,40.0,19.173955013866944,110.38701406737727,2862.687744140625,36.0,5.546847343444824,4.0,2.0,0.7350731107768883,12.07928466796875,38.0,"{""type"":""Point"",""coordinates"":[110.38834731581026,19.171843718324098]}"
1796,0.0,27.0,159.0,24.535449981689453,56.0,19.394042258476226,109.66836184008167,2384.947509765625,46.0,1.9977067708969116,4.0,3.0,0.7280068890714725,13.031781196594238,35.0,"{""type"":""Point"",""coordinates"":[109.66856311019455,19.39208285313292]}"
1797,0.0,23.0,166.0,15.460732460021973,136.0,18.8775109701075,110.13099421140322,2323.69580078125,49.0,0.8938419818878174,4.0,2.0,0.6352026900136897,13.831927299499512,45.0,"{""type"":""Point"",""coordinates"":[110.13059881472321,18.879595207393063]}"
1798,0.0,25.0,22.0,16.572872161865234,22.0,19.591671620982524,109.04403271761862,1832.244384765625,47.0,2.0960848331451416,3.0,3.0,0.7320209039922189,13.066171646118164,37.0,"{""type"":""Point"",""coordinates"":[109.0438889190367,19.593272794143317]}"
1799,0.0,26.0,612.0,49.10037612915039,369.0,18.980817227781245,109.69980287502585,2227.55859375,47.0,9.948623657226562,4.0,2.0,0.5852377903576398,11.082039833068848,42.0,"{""type"":""Point"",""coordinates"":[109.70084373468941,18.980535560540137]}"
1800,0.0,29.0,86.0,8.457231521606445,84.0,19.865657782638976,110.27472465686236,2303.278564453125,44.0,0.13479185104370117,5.0,4.0,0.7008296754914195,15.490521430969238,36.0,"{""type"":""Point"",""coordinates"":[110.2760654951871,19.866639046168963]}"
1801,0.0,29.0,737.0,47.239166259765625,670.0,18.648440572657023,109.385392525584,2157.947509765625,49.0,12.718369483947754,7.0,1.0,0.5556883837919997,10.71379280090332,45.0,"{""type"":""Point"",""coordinates"":[109.38458985854575,18.647713805189333]}"
1802,0.0,28.0,26.0,8.138367652893066,27.0,19.852183053377182,109.34496833779866,1780.90576171875,39.0,0.5868833661079407,2.0,4.0,0.7367982903822318,14.337267875671387,35.0,"{""type"":""Point"",""coordinates"":[109.3469845629445,19.854010084220707]}"
1803,0.0,24.0,127.0,11.504533767700195,123.0,18.536151162142083,109.0215748355156,1721.8233642578125,54.0,1.49815833568573,4.0,1.0,0.5865111572882111,13.339611053466797,48.0,"{""type"":""Point"",""coordinates"":[109.01980456433544,18.535879053884702]}"
1804,0.0,28.0,12.0,8.817736625671387,12.0,19.955489311050925,110.38252249095666,2217.16650390625,41.0,0.293217271566391,4.0,4.0,0.7610922146171419,14.147126197814941,40.0,"{""type"":""Point"",""coordinates"":[110.38425172095683,19.956679160880196]}"
1805,0.0,27.0,275.0,38.831512451171875,247.0,18.513693280039092,109.34047676137806,2066.016357421875,52.0,7.068696022033691,4.0,1.0,0.5876836544747448,11.687812805175781,46.0,"{""type"":""Point"",""coordinates"":[109.34030736298465,18.513526132680912]}"
1806,0.0,26.0,459.0,38.63261032104492,335.0,18.756238406751365,109.03954114119801,1763.3572998046875,46.0,11.644737243652344,5.0,1.0,0.56490681094987,11.046774864196777,42.0,"{""type"":""Point"",""coordinates"":[109.03804321747519,18.7568520302888]}"
1807,0.0,32.0,336.0,13.3619384765625,190.0,19.205396048811124,109.6414123815581,2334.9833984375,39.0,0.7288452386856079,4.0,2.0,0.6573905289896721,13.922643661499023,38.0,"{""type"":""Point"",""coordinates"":[109.6429254824136,19.20621607928105]}"
1808,0.0,25.0,70.0,14.192278861999512,43.0,19.71294418433866,109.86149962616736,2301.293212890625,51.0,0.8122201561927795,4.0,3.0,0.7568958202207753,13.986467361450195,33.0,"{""type"":""Point"",""coordinates"":[109.86165939694024,19.713459825675198]}"
1809,0.0,21.0,143.0,12.558150291442871,79.0,19.560230586038337,109.78065125059658,2343.623046875,57.0,0.5597202181816101,4.0,3.0,0.7071003081675129,14.31446647644043,35.0,"{""type"":""Point"",""coordinates"":[109.7818491704681,19.558996937193534]}"
1810,0.0,23.0,17.0,7.113472938537598,19.0,19.72192733717985,110.84964643869881,1988.4483642578125,55.0,0.3100205361843109,5.0,3.0,0.7310764821893451,14.023208618164062,42.0,"{""type"":""Point"",""coordinates"":[110.84993461450603,19.721707618736836]}"
1811,0.0,26.0,193.0,60.63154220581055,189.0,18.85056151158392,110.27023308044176,2483.689697265625,47.0,7.567322254180908,4.0,2.0,0.616896502341334,11.672934532165527,45.0,"{""type"":""Point"",""coordinates"":[110.27125582984094,18.848978936180455]}"
1812,0.0,26.0,19.0,6.530517578125,20.0,19.735402066441644,110.81371382733403,1988.4483642578125,51.0,0.1916045993566513,5.0,3.0,0.7347082894277632,14.501411437988281,41.0,"{""type"":""Point"",""coordinates"":[110.81491795486156,19.735744128309783]}"
1813,0.0,25.0,129.0,9.027475357055664,109.0,19.38056752921443,109.17428843381595,2015.0506591796875,54.0,0.513232409954071,4.0,3.0,0.665248296518193,14.409843444824219,35.0,"{""type"":""Point"",""coordinates"":[109.17432027063957,19.378678566808205]}"
1814,0.0,27.0,41.0,10.742927551269531,38.0,18.60352480845105,109.97378903668232,2217.72900390625,42.0,0.438904732465744,3.0,1.0,0.6978085419837226,14.619098663330078,47.0,"{""type"":""Point"",""coordinates"":[109.97242585894422,18.601438105017625]}"
1815,0.0,27.0,243.0,17.650114059448242,122.0,19.034716144828415,109.86149962616736,2390.661865234375,47.0,1.1527204513549805,3.0,2.0,0.6504946083662383,13.527754783630371,41.0,"{""type"":""Point"",""coordinates"":[109.86075943690606,19.036270575083332]}"
1816,0.0,26.0,203.0,30.582035064697266,81.0,19.29522757722308,109.60098819377271,2402.915283203125,42.0,2.702200412750244,4.0,3.0,0.6910945703608337,12.70136833190918,36.0,"{""type"":""Point"",""coordinates"":[109.59927978865669,19.296886770933984]}"
1817,0.0,28.0,33.0,11.832967758178711,33.0,19.789300983488815,110.59362658272477,2265.695068359375,38.0,0.61226886510849,7.0,4.0,0.7535559075935507,13.83161449432373,37.0,"{""type"":""Point"",""coordinates"":[110.59582899086851,19.788872978605454]}"
1818,0.0,31.0,50.0,10.055694580078125,49.0,19.757859948544635,110.62506761766895,2210.611083984375,43.0,0.5040544271469116,4.0,4.0,0.725323982125948,14.036191940307617,38.0,"{""type"":""Point"",""coordinates"":[110.62325533413177,19.75640923964425]}"
1819,0.0,30.0,408.0,56.45115280151367,411.0,18.289114459009213,109.6414123815581,2100.885986328125,48.0,13.938663482666016,7.0,0.0,0.5896367486379316,10.89954662322998,40.0,"{""type"":""Point"",""coordinates"":[109.64062586523335,18.28975332490813]}"
1820,0.0,24.0,98.0,16.53116226196289,55.0,19.394042258476226,110.1624352463474,2691.153076171875,50.0,0.5851423740386963,4.0,3.0,0.7380914889232453,14.297629356384277,38.0,"{""type"":""Point"",""coordinates"":[110.16101120479324,19.392776280024524]}"
1821,0.0,27.0,601.0,47.1989860534668,486.0,18.783187865274954,109.55607242956671,2317.79052734375,49.0,8.493122100830078,4.0,1.0,0.568836372873364,11.252579689025879,48.0,"{""type"":""Point"",""coordinates"":[109.55516603881533,18.7823910730279]}"
1822,0.0,30.0,20.0,14.588663101196289,20.0,19.906081970424353,109.86599120258796,2038.5531005859375,44.0,1.5079723596572876,3.0,4.0,0.762328086663025,13.126716613769531,34.0,"{""type"":""Point"",""coordinates"":[109.86647171853039,19.90430844476716]}"
1823,0.0,29.0,336.0,50.52369689941406,315.0,19.138022402502166,109.05301587045977,1947.67578125,50.0,13.765740394592285,4.0,2.0,0.5841457322654038,10.964715957641602,40.0,"{""type"":""Point"",""coordinates"":[109.05098000729974,19.137050714273304]}"
1824,0.0,23.0,72.0,25.225841522216797,49.0,19.618621079506106,109.97378903668232,2515.591796875,51.0,1.6919889450073242,5.0,3.0,0.7638950133883885,13.251165390014648,32.0,"{""type"":""Point"",""coordinates"":[109.97273581222714,19.617403464467962]}"
1825,0.0,26.0,125.0,11.304381370544434,125.0,18.917935157892877,108.74758867385913,1246.37255859375,48.0,3.5732951164245605,3.0,2.0,0.5603546321832564,12.470519065856934,46.0,"{""type"":""Point"",""coordinates"":[108.74554736263816,18.917905420577398]}"
1826,0.0,25.0,182.0,21.718002319335938,163.0,18.527168009300887,109.29556099717206,1948.0106201171875,53.0,3.052194833755493,4.0,1.0,0.5954159268427853,12.592835426330566,47.0,"{""type"":""Point"",""coordinates"":[109.29510126253611,18.52554100348769]}"
1827,0.0,40.0,55.0,14.62836742401123,55.0,19.865657782638976,109.77166809775542,1960.5706787109375,34.0,1.634863257408142,4.0,4.0,0.721328029460478,13.295598983764648,33.0,"{""type"":""Point"",""coordinates"":[109.77253202867769,19.86588487364591]}"
1828,0.0,26.0,469.0,37.354000091552734,236.0,18.967342498519457,109.69081972218464,2227.55859375,47.0,5.567878246307373,5.0,2.0,0.6037882093156548,11.787599563598633,43.0,"{""type"":""Point"",""coordinates"":[109.69000357101403,18.967569709595583]}"
1829,0.0,23.0,208.0,19.39458656311035,131.0,19.313193882905473,109.85251647332615,2585.94189453125,52.0,1.0114771127700806,4.0,3.0,0.6787445938482366,13.681427955627441,38.0,"{""type"":""Point"",""coordinates"":[109.8507512418814,19.313818582405464]}"
1830,0.0,26.0,237.0,38.52937316894531,85.0,19.286244424381884,109.49768193609896,2287.26806640625,49.0,4.828568935394287,4.0,3.0,0.6659518289177927,12.097061157226562,37.0,"{""type"":""Point"",""coordinates"":[109.49625172438625,19.284588074285335]}"
1831,0.0,24.0,88.0,17.545284271240234,61.0,19.501840092570568,110.1579436699268,2652.019775390625,52.0,0.7391260266304016,5.0,3.0,0.7366217243284483,14.070023536682129,37.0,"{""type"":""Point"",""coordinates"":[110.15576503591129,19.503493834539277]}"
1832,0.0,26.0,436.0,30.970613479614258,427.0,19.034716144828415,108.81047074374754,1552.74853515625,52.0,12.298206329345703,7.0,2.0,0.5593411190830341,11.008186340332031,41.0,"{""type"":""Point"",""coordinates"":[108.8124752484859,19.034670323592305]}"
1833,0.0,22.0,173.0,12.72515869140625,100.0,19.474890634046986,109.62793765229628,2364.8974609375,54.0,0.5475389361381531,5.0,3.0,0.6750731720496826,14.317649841308594,37.0,"{""type"":""Point"",""coordinates"":[109.62798237663603,19.474186442395233]}"
1834,0.0,26.0,131.0,13.782349586486816,104.0,19.618621079506106,109.86599120258796,2372.33154296875,53.0,0.7306997776031494,4.0,3.0,0.6900300682500342,14.055309295654297,34.0,"{""type"":""Point"",""coordinates"":[109.86678232104141,19.618914894468165]}"
1835,0.0,29.0,11.0,5.568130016326904,11.0,20.000405075256907,109.69980287502585,1461.6614990234375,41.0,0.6338788270950317,2.0,4.0,0.7318062387407444,14.000354766845703,36.0,"{""type"":""Point"",""coordinates"":[109.69988173925269,20.00131246549347]}"
1836,0.0,24.0,154.0,6.309767246246338,133.0,18.56759219708627,109.08894848182456,1801.3966064453125,56.0,0.3079339563846588,2.0,1.0,0.5968125998347481,14.905180931091309,47.0,"{""type"":""Point"",""coordinates"":[109.08914644962313,18.565522322478813]}"
1837,0.0,30.0,4.0,8.346234321594238,4.0,19.89260724116256,110.42294667874205,2270.312744140625,38.0,0.12992893159389496,4.0,4.0,0.7742635229651721,15.408187866210938,40.0,"{""type"":""Point"",""coordinates"":[110.4249974044819,19.891996328026007]}"
1838,0.0,20.0,8.0,3.2306876182556152,9.0,18.46428593941252,108.87784439005651,1418.4698486328125,57.0,0.0,2.0,1.0,0.7069653912727729,16.67427635192871,42.0,"{""type"":""Point"",""coordinates"":[108.87671486444496,18.462720294453803]}"
1839,0.0,26.0,29.0,11.027687072753906,29.0,18.729288948227783,110.18489312845037,2284.88232421875,49.0,0.439208060503006,3.0,1.0,0.7170749624630723,14.625396728515625,46.0,"{""type"":""Point"",""coordinates"":[110.18649695946176,18.730853638969734]}"
1841,0.0,28.0,94.0,11.974425315856934,95.0,19.874640935480173,110.18489312845037,2318.42431640625,41.0,0.5509575009346008,3.0,4.0,0.6902023540661654,14.076176643371582,35.0,"{""type"":""Point"",""coordinates"":[110.18531247284726,19.872798537854596]}"
1842,0.0,25.0,93.0,16.678468704223633,71.0,18.778696288854356,110.12201105856201,2365.402587890625,52.0,1.0434386730194092,4.0,1.0,0.6649766954428097,13.722149848937988,47.0,"{""type"":""Point"",""coordinates"":[110.1227641292827,18.77721329935977]}"
1843,0.0,27.0,145.0,27.90302276611328,84.0,19.420991716999815,109.81658386196136,2495.209716796875,46.0,2.152061700820923,3.0,3.0,0.6982516272120725,12.966039657592773,36.0,"{""type"":""Point"",""coordinates"":[109.8175176706411,19.420279384284648]}"
1844,0.0,32.0,968.0,17.811946868896484,945.0,18.774204712433757,108.8733528136359,1512.2493896484375,46.0,9.268166542053223,9.0,1.0,0.5136666489440239,10.77985954284668,46.0,"{""type"":""Point"",""coordinates"":[108.8714360984606,18.77353832777567]}"
1845,0.0,28.0,188.0,29.516557693481445,173.0,19.178446590287543,109.00360852983323,1882.240478515625,44.0,5.273600101470947,4.0,2.0,0.6015454886351362,12.040270805358887,43.0,"{""type"":""Point"",""coordinates"":[109.00403871286444,19.177951568701967]}"
1846,0.0,29.0,26.0,7.97932767868042,26.0,19.816250442012404,110.44540456084502,2265.087646484375,40.0,0.08371094614267349,6.0,4.0,0.7764823225338195,15.85317325592041,34.0,"{""type"":""Point"",""coordinates"":[110.44363025521977,19.817839158465837]}"
1847,0.0,27.0,34.0,9.835821151733398,19.0,18.608016384871647,109.8031091326996,2266.123779296875,43.0,0.28679710626602173,5.0,1.0,0.7332866045647282,15.048700332641602,45.0,"{""type"":""Point"",""coordinates"":[109.80380199554402,18.608888706074396]}"
1848,0.0,28.0,206.0,12.840058326721191,87.0,19.147005555343355,109.84802489690554,2442.938232421875,49.0,0.5421478152275085,4.0,2.0,0.6693227235433918,14.306425094604492,42.0,"{""type"":""Point"",""coordinates"":[109.84996149481273,19.145374252775905]}"
1849,0.0,31.0,782.0,45.52495574951172,613.0,18.976325651360646,109.35395149063982,2066.236328125,37.0,13.103635787963867,7.0,2.0,0.5511235226769063,10.637567520141602,44.0,"{""type"":""Point"",""coordinates"":[109.3527718141609,18.974088308569073]}"
1850,0.0,31.0,491.0,54.93534469604492,397.0,18.976325651360646,110.0052300716265,2527.573486328125,44.0,7.941190242767334,4.0,2.0,0.6104418892500255,11.41197681427002,43.0,"{""type"":""Point"",""coordinates"":[110.00746507118068,18.978029247896917]}"
1851,0.0,30.0,631.0,38.2713737487793,403.0,19.088615061875586,109.29106942075146,1900.254638671875,40.0,10.789970397949219,5.0,2.0,0.5782641288312238,10.982251167297363,39.0,"{""type"":""Point"",""coordinates"":[109.29152141932511,19.087157976404157]}"
1852,0.0,34.0,790.0,57.88649368286133,636.0,19.147005555343355,109.30454415001327,1994.32275390625,38.0,23.909299850463867,9.0,2.0,0.5449110724261471,9.98503303527832,38.0,"{""type"":""Point"",""coordinates"":[109.30366232371269,19.144810603455852]}"
1853,0.0,28.0,8.0,6.994565486907959,10.0,19.641078961609097,110.97091900205498,1668.315673828125,42.0,1.1165926456451416,4.0,3.0,0.7102760235473827,12.354085922241211,44.0,"{""type"":""Point"",""coordinates"":[110.97109759585025,19.639551754939138]}"
1854,0.0,22.0,18.0,4.936284065246582,18.0,19.24132866017591,108.77902970880336,1444.7314453125,53.0,0.4177594482898712,2.0,2.0,0.692114222710123,14.681830406188965,43.0,"{""type"":""Point"",""coordinates"":[108.77959112949448,19.24259658281451]}"
1855,0.0,23.0,11.0,12.412880897521973,13.0,19.18742974312874,110.58913500630416,2512.7294921875,51.0,0.3490316867828369,2.0,2.0,0.7625359232260575,14.828153610229492,43.0,"{""type"":""Point"",""coordinates"":[110.58731792832818,19.1862710954238]}"
1856,0.0,24.0,16.0,5.454933166503906,19.0,18.513693280039092,108.83292862585051,1407.3258056640625,48.0,0.6153138279914856,2.0,1.0,0.6926589809828916,14.295735359191895,42.0,"{""type"":""Point"",""coordinates"":[108.83176525704809,18.512323803303257]}"
1857,0.0,26.0,323.0,17.332361221313477,274.0,19.447941175523397,109.90192381395275,2625.982177734375,47.0,0.7843250036239624,4.0,3.0,0.6868660804183432,13.85841178894043,35.0,"{""type"":""Point"",""coordinates"":[109.90054741608493,19.44696888965887]}"
1858,0.0,25.0,462.0,76.67999267578125,280.0,18.890985699369296,109.78514282701718,2406.37841796875,47.0,14.530767440795898,4.0,2.0,0.5703147977879068,10.815174102783203,46.0,"{""type"":""Point"",""coordinates"":[109.7865025713688,18.891890082870727]}"
1859,0.0,24.0,216.0,15.91162395477295,39.0,19.209887625231723,109.45725774831357,2250.65673828125,48.0,1.0897066593170166,4.0,2.0,0.730357192056806,13.601719856262207,37.0,"{""type"":""Point"",""coordinates"":[109.45755624110627,19.210821313926775]}"
1861,0.0,28.0,551.0,72.61748504638672,405.0,19.18742974312874,109.67285341650228,2477.897705078125,43.0,13.349407196044922,6.0,2.0,0.6056480607263666,10.83192253112793,39.0,"{""type"":""Point"",""coordinates"":[109.67213029009062,19.18804253742214]}"
1862,0.0,31.0,16.0,7.612545967102051,17.0,19.89260724116256,109.30005257359267,1780.90576171875,39.0,0.5304437279701233,3.0,4.0,0.7539680770702265,14.44416332244873,34.0,"{""type"":""Point"",""coordinates"":[109.30075461620473,19.891869595771666]}"
1863,0.0,27.0,722.0,61.41422653198242,614.0,18.832595205901526,109.76268494491421,2306.14404296875,45.0,14.758543968200684,5.0,2.0,0.5605377240580324,10.573838233947754,44.0,"{""type"":""Point"",""coordinates"":[109.76046682956716,18.83470660600888]}"
1864,0.0,27.0,208.0,36.36429214477539,206.0,18.45530278657133,109.22369577444249,1971.9754638671875,50.0,6.80592679977417,4.0,1.0,0.5961004255935035,11.770431518554688,44.0,"{""type"":""Point"",""coordinates"":[109.22276318257279,18.455610808334946]}"
1865,0.0,29.0,537.0,11.618861198425293,392.0,18.787679441695552,109.31352730285442,1966.16455078125,46.0,1.1487151384353638,5.0,1.0,0.5956412398984453,13.314533233642578,44.0,"{""type"":""Point"",""coordinates"":[109.31223004137205,18.78564262670555]}"
1866,0.0,24.0,119.0,15.683133125305176,81.0,19.510823245411764,109.89743223753214,2528.166259765625,52.0,0.6990858912467957,5.0,3.0,0.7041199726252413,14.106918334960938,38.0,"{""type"":""Point"",""coordinates"":[109.89748537457314,19.51126063435063]}"
1867,0.0,23.0,35.0,13.105326652526855,25.0,19.223362354493517,108.95869276562723,1811.8934326171875,55.0,1.5451444387435913,2.0,2.0,0.7102412610786887,13.363785743713379,41.0,"{""type"":""Point"",""coordinates"":[108.9570437266145,19.225603358799358]}"
1868,0.0,29.0,63.0,18.736886978149414,44.0,19.6320958087679,110.06811214151486,2590.339111328125,42.0,0.9189774990081787,4.0,3.0,0.7638967378115412,13.867112159729004,35.0,"{""type"":""Point"",""coordinates"":[110.06868524637099,19.63324101506485]}"
1869,0.0,29.0,44.0,10.111013412475586,44.0,19.757859948544635,109.40785040768702,1908.0159912109375,45.0,0.8097612261772156,2.0,4.0,0.7369892540924876,14.004839897155762,32.0,"{""type"":""Point"",""coordinates"":[109.40986257907996,19.757577518750004]}"
1870,0.0,32.0,577.0,32.054080963134766,409.0,19.115564520399175,109.28208626791024,1970.8997802734375,39.0,6.940086364746094,6.0,2.0,0.5931420748458489,11.47761344909668,40.0,"{""type"":""Point"",""coordinates"":[109.28364121139964,19.11661282565687]}"
1871,0.0,30.0,297.0,21.254117965698242,244.0,18.783187865274954,109.85700804974675,2459.364013671875,38.0,1.4639043807983398,4.0,1.0,0.632795857870611,13.252248764038086,45.0,"{""type"":""Point"",""coordinates"":[109.85568839339906,18.78457778994948]}"
1872,0.0,27.0,43.0,12.445345878601074,43.0,19.816250442012404,110.5217613599952,2248.82421875,41.0,0.7299982905387878,5.0,4.0,0.7388778464619469,13.672165870666504,37.0,"{""type"":""Point"",""coordinates"":[110.52213834075819,19.816240552201027]}"
1873,0.0,29.0,60.0,20.395044326782227,53.0,19.38505910563503,110.47684559578926,2649.0771484375,37.0,0.9747823476791382,4.0,3.0,0.7408386758020897,13.771364212036133,38.0,"{""type"":""Point"",""coordinates"":[110.47464157732469,19.385484930639777]}"
1874,0.0,28.0,28.0,6.260787010192871,25.0,19.78031783064762,110.71040756966033,2126.321533203125,50.0,0.0,4.0,4.0,0.7457890487502478,15.694975852966309,39.0,"{""type"":""Point"",""coordinates"":[110.71230628508962,19.77913592268143]}"
1875,0.0,31.0,429.0,41.04324722290039,234.0,19.052682450510808,109.42132513694878,2081.326171875,39.0,7.875162601470947,5.0,2.0,0.5951582729112099,11.468430519104004,42.0,"{""type"":""Point"",""coordinates"":[109.41992983790922,19.05246045638931]}"
1876,0.0,24.0,39.0,15.692315101623535,30.0,19.645570538029695,110.45887929010684,2455.637451171875,53.0,0.8822062015533447,5.0,3.0,0.7830158504684194,13.648487091064453,33.0,"{""type"":""Point"",""coordinates"":[110.45947456820441,19.643948348693975]}"
1877,0.0,25.0,9.0,4.481705188751221,9.0,19.4434495991028,108.83292862585051,1586.5736083984375,49.0,0.1298488974571228,6.0,3.0,0.7285336710159019,15.855557441711426,40.0,"{""type"":""Point"",""coordinates"":[108.83138249013385,19.441567822795726]}"
1878,0.0,26.0,246.0,91.46733093261719,246.0,18.648440572657023,110.1624352463474,2417.495361328125,49.0,16.87519073486328,4.0,1.0,0.5797040321158261,10.812664985656738,45.0,"{""type"":""Point"",""coordinates"":[110.16070861514362,18.648556728917153]}"
1879,0.0,29.0,60.0,16.179548263549805,51.0,19.650062114450293,110.30616569180654,2534.536376953125,44.0,0.8420701622962952,4.0,3.0,0.77139550807198,13.678808212280273,31.0,"{""type"":""Point"",""coordinates"":[110.30780611013405,19.649606807137946]}"
1880,0.0,25.0,46.0,7.913829803466797,46.0,19.762351524965233,110.84066328585766,1854.6361083984375,48.0,0.7336013913154602,5.0,4.0,0.6809137197816768,13.117316246032715,44.0,"{""type"":""Point"",""coordinates"":[110.84032818769599,19.760424849177852]}"
1881,0.0,26.0,192.0,37.908668518066406,89.0,19.425483293420413,109.70878602786706,2442.66162109375,47.0,3.756239414215088,4.0,3.0,0.6899963463962949,12.378400802612305,34.0,"{""type"":""Point"",""coordinates"":[109.70981983062377,19.42566619104505]}"
1882,0.0,29.0,65.0,9.395546913146973,63.0,19.8252335948536,110.28819938612412,2295.697265625,42.0,0.25113892555236816,6.0,4.0,0.7341251661721022,14.8848237991333,34.0,"{""type"":""Point"",""coordinates"":[110.2874769354441,19.825724819364623]}"
1883,0.0,32.0,65.0,18.585479736328125,66.0,19.49734851614997,110.63854234693076,2437.163330078125,40.0,1.4541946649551392,4.0,3.0,0.7241412187182263,12.962711334228516,36.0,"{""type"":""Point"",""coordinates"":[110.64076204003487,19.49833904880824]}"
1884,0.0,24.0,168.0,13.59040641784668,69.0,19.232345507334713,109.8031091326996,2499.17626953125,55.0,0.5502877235412598,4.0,2.0,0.7171752649267091,14.315803527832031,37.0,"{""type"":""Point"",""coordinates"":[109.80440599138565,19.230437888258795]}"
1885,0.0,29.0,94.0,30.016368865966797,74.0,19.546755856776542,110.47235401936865,2572.93017578125,44.0,2.6376657485961914,4.0,3.0,0.7030472034261384,12.50950813293457,39.0,"{""type"":""Point"",""coordinates"":[110.47017206812448,19.545081464156763]}"
1886,0.0,21.0,6.0,7.566509246826172,8.0,18.67988160760121,110.35557303243309,2146.729248046875,56.0,0.11471964418888092,2.0,1.0,0.7341296902133344,15.967897415161133,46.0,"{""type"":""Point"",""coordinates"":[110.35467296792002,18.680390945003467]}"
1887,0.0,38.0,84.0,24.346416473388672,84.0,19.85667462979778,109.91989011963511,2195.671875,34.0,2.6904995441436768,4.0,4.0,0.6881731370139971,12.737483978271484,35.0,"{""type"":""Point"",""coordinates"":[109.9198832271369,19.857851044115222]}"
1888,0.0,26.0,28.0,5.092948913574219,29.0,19.924048276106745,110.90354535574602,1645.3438720703125,46.0,0.3495212197303772,4.0,4.0,0.666606690576151,13.468098640441895,49.0,"{""type"":""Point"",""coordinates"":[110.90337207353565,19.923118107439247]}"
1889,0.0,29.0,66.0,14.020529747009277,62.0,19.77582625422702,109.85700804974675,2199.45263671875,48.0,0.9920173287391663,2.0,4.0,0.7234134519362203,13.788841247558594,34.0,"{""type"":""Point"",""coordinates"":[109.85764850623929,19.774244575948156]}"
1890,0.0,26.0,103.0,32.33622360229492,73.0,19.147005555343355,110.10404475287964,2666.292724609375,44.0,2.151416778564453,4.0,2.0,0.6881810444465741,12.99213981628418,43.0,"{""type"":""Point"",""coordinates"":[110.1035131828554,19.14535465414466]}"
1891,0.0,31.0,36.0,13.719094276428223,38.0,19.057174026931406,110.40947194948029,2563.419189453125,40.0,0.4628645181655884,4.0,2.0,0.7505873979494899,14.568862915039062,40.0,"{""type"":""Point"",""coordinates"":[110.40815948913284,19.056842956291405]}"
1892,0.0,21.0,20.0,10.782065391540527,20.0,19.672519996553277,109.34945991421921,1983.560546875,57.0,0.7661014199256897,2.0,3.0,0.7564259938322443,14.074225425720215,35.0,"{""type"":""Point"",""coordinates"":[109.34806195935991,19.67361587697667]}"
1893,0.0,21.0,21.0,8.218632698059082,17.0,19.250311813017106,108.83292862585051,1614.8814697265625,51.0,0.8624758720397949,3.0,2.0,0.7024565025296061,13.95513916015625,43.0,"{""type"":""Point"",""coordinates"":[108.83157128014699,19.249136987636668]}"
1894,0.0,33.0,53.0,13.42753791809082,54.0,19.86116620621838,109.30903572643388,1780.90576171875,38.0,1.7271050214767456,3.0,4.0,0.701881631191238,13.241857528686523,35.0,"{""type"":""Point"",""coordinates"":[109.30977943702223,19.86145888044108]}"
1895,0.0,24.0,488.0,55.566986083984375,431.0,18.639457419815827,109.5470892767255,2118.002685546875,51.0,12.881464958190918,4.0,1.0,0.5596730170532911,10.920008659362793,46.0,"{""type"":""Point"",""coordinates"":[109.5449988976493,18.638428703699418]}"
1896,0.0,24.0,182.0,17.980945587158203,112.0,19.4434495991028,109.4392914426312,2206.2265625,56.0,1.5907325744628906,3.0,3.0,0.6728312312576958,13.24519157409668,34.0,"{""type"":""Point"",""coordinates"":[109.43903574415053,19.44248650626252]}"
1897,0.0,22.0,18.0,7.896012306213379,18.0,19.71294418433866,109.32700203211624,1957.590576171875,54.0,0.34009450674057007,2.0,3.0,0.7677506898181273,14.887517929077148,33.0,"{""type"":""Point"",""coordinates"":[109.32632094292728,19.71321499750437]}"
1898,0.0,32.0,538.0,53.2010498046875,514.0,18.908952005051688,110.18489312845037,2540.269775390625,44.0,7.845946788787842,5.0,2.0,0.5963523509579969,11.386212348937988,46.0,"{""type"":""Point"",""coordinates"":[110.18658926400306,18.906715669997705]}"
1899,0.0,23.0,36.0,13.303790092468262,36.0,18.392420716682963,109.21022104518073,1837.2635498046875,55.0,1.5206012725830078,2.0,1.0,0.7039843118317428,13.379222869873047,40.0,"{""type"":""Point"",""coordinates"":[109.21060434213825,18.390266105850035]}"
1900,0.0,25.0,6.0,4.435229778289795,7.0,19.259294965858295,108.72513079175616,1443.5733642578125,48.0,0.2931625247001648,2.0,2.0,0.7143135837680639,15.042914390563965,41.0,"{""type"":""Point"",""coordinates"":[108.72665494153944,19.26040732564966]}"
1901,0.0,29.0,26.0,10.588056564331055,26.0,19.80277571275061,110.58015185346295,2196.447509765625,38.0,0.530427873134613,7.0,4.0,0.75796996192151,13.981535911560059,37.0,"{""type"":""Point"",""coordinates"":[110.57815511369283,19.80474960506331]}"
1902,0.0,26.0,252.0,43.79182815551758,243.0,19.26827811869949,110.26574150402115,2804.257080078125,50.0,3.393869400024414,4.0,2.0,0.6700367066056846,12.44089126586914,37.0,"{""type"":""Point"",""coordinates"":[110.26529933056742,19.26673977115422]}"
1903,0.0,23.0,92.0,7.7131805419921875,84.0,19.340143341429055,109.04852429403917,1865.609375,56.0,0.4628782272338867,3.0,3.0,0.6535386922049722,14.535654067993164,40.0,"{""type"":""Point"",""coordinates"":[109.04762683004833,19.341336107441634]}"
1904,0.0,27.0,327.0,38.332889556884766,210.0,19.38505910563503,109.60997134661392,2415.33203125,47.0,4.2956414222717285,4.0,3.0,0.6574387564050198,12.1532621383667,36.0,"{""type"":""Point"",""coordinates"":[109.6093987209032,19.385825853252665]}"
1905,0.0,24.0,33.0,12.224352836608887,33.0,19.596163197403122,109.09793163466577,1842.9796142578125,51.0,1.264400839805603,3.0,3.0,0.7228022164233999,13.56554889678955,37.0,"{""type"":""Point"",""coordinates"":[109.09720851943607,19.59727909015515]}"
1906,0.0,23.0,144.0,11.377955436706543,118.0,19.46590748120579,109.29106942075146,2095.48681640625,59.0,0.7991108298301697,4.0,3.0,0.6769482506379637,13.957749366760254,33.0,"{""type"":""Point"",""coordinates"":[109.29100915706884,19.466958948661848]}"
1907,0.0,27.0,155.0,20.121061325073242,87.0,19.429974869841004,109.385392525584,2200.729248046875,42.0,1.7551442384719849,4.0,3.0,0.6973510824221996,13.163829803466797,32.0,"{""type"":""Point"",""coordinates"":[109.38614868248678,19.431140352601687]}"
1908,0.0,22.0,145.0,15.236867904663086,109.0,19.501840092570568,109.50666508894017,2197.6669921875,54.0,1.089972972869873,4.0,3.0,0.6727293377888929,13.646662712097168,35.0,"{""type"":""Point"",""coordinates"":[109.50666496807398,19.50390233899592]}"
1909,0.0,25.0,138.0,26.589494705200195,123.0,18.52267643288029,109.27310311506909,1948.0106201171875,52.0,4.066070556640625,4.0,1.0,0.5989904698189115,12.332924842834473,46.0,"{""type"":""Point"",""coordinates"":[109.27307632874435,18.522425217552225]}"
1910,0.0,27.0,331.0,32.33942794799805,323.0,18.441828057309536,109.41683356052818,1991.5858154296875,51.0,5.952173233032227,5.0,1.0,0.6023504305598103,11.822565078735352,42.0,"{""type"":""Point"",""coordinates"":[109.41493137116765,18.442425840602525]}"
1911,0.0,39.0,68.0,33.370262145996094,57.0,19.587180044561926,110.22531731623576,2646.990966796875,35.0,2.6161515712738037,4.0,3.0,0.7422975921555398,12.817339897155762,35.0,"{""type"":""Point"",""coordinates"":[110.22428959882897,19.586838480302053]}"
1912,0.0,26.0,10.0,6.057857990264893,11.0,20.07676187440706,110.63405077051016,1897.72802734375,44.0,0.1720791757106781,3.0,4.0,0.7250022611816513,14.215402603149414,44.0,"{""type"":""Point"",""coordinates"":[110.63488116084878,20.078279754808197]}"
1913,0.0,28.0,482.0,67.72566223144531,410.0,19.27276969512009,109.21471262160128,2181.736572265625,47.0,17.00287437438965,4.0,2.0,0.5866548937586901,10.634228706359863,38.0,"{""type"":""Point"",""coordinates"":[109.21572876490919,19.27066354474564]}"
1914,0.0,23.0,172.0,11.525908470153809,124.0,19.46590748120579,109.44827459547236,2110.639892578125,59.0,0.8052831292152405,3.0,3.0,0.6709219285426362,13.932487487792969,34.0,"{""type"":""Point"",""coordinates"":[109.44870371344432,19.46537452921604]}"
1915,0.0,28.0,151.0,33.37767791748047,119.0,19.232345507334713,110.12201105856201,2840.415283203125,43.0,1.9679020643234253,4.0,2.0,0.6732175483055826,13.051834106445312,39.0,"{""type"":""Point"",""coordinates"":[110.12125039944686,19.23031331892498]}"
1916,0.0,29.0,488.0,26.265724182128906,339.0,18.810137323798536,109.33598518495745,2005.2271728515625,47.0,4.532281398773193,6.0,1.0,0.5813197106728056,11.979534149169922,46.0,"{""type"":""Point"",""coordinates"":[109.33707451444337,18.812030540886227]}"
1917,0.0,28.0,169.0,28.252235412597656,150.0,18.90446042863109,108.85089493153288,1489.4788818359375,43.0,9.368609428405762,4.0,2.0,0.5641991612740828,11.471556663513184,44.0,"{""type"":""Point"",""coordinates"":[108.85202112753043,18.903261289396998]}"
1918,0.0,25.0,163.0,8.143681526184082,34.0,18.720305795386587,109.14733897529231,1839.9287109375,53.0,0.591375470161438,3.0,1.0,0.689380028698023,14.246940612792969,43.0,"{""type"":""Point"",""coordinates"":[109.14854979423467,18.722463521257865]}"
1919,0.0,28.0,14.0,9.01189136505127,15.0,19.865657782638976,109.57403873524913,1771.19140625,43.0,0.793870210647583,4.0,4.0,0.7510489982637146,14.042073249816895,35.0,"{""type"":""Point"",""coordinates"":[109.57453222707669,19.86665771379594]}"
1920,0.0,23.0,57.0,7.257814407348633,55.0,19.74438521928284,109.65039553439925,2071.01123046875,51.0,0.12990225851535797,2.0,4.0,0.7274498137181782,15.827220916748047,34.0,"{""type"":""Point"",""coordinates"":[109.6516837669754,19.743916981475618]}"
1921,0.0,27.0,112.0,28.294055938720703,93.0,19.54226428035595,110.44091298442447,2628.434326171875,45.0,2.189732313156128,4.0,3.0,0.6839846976197071,12.681315422058105,39.0,"{""type"":""Point"",""coordinates"":[110.43889646385048,19.543191488273518]}"
1922,0.0,26.0,282.0,21.963754653930664,115.0,18.855053088004517,109.82107543838197,2326.879150390625,46.0,1.8321655988693237,4.0,2.0,0.624476724075099,13.03799057006836,45.0,"{""type"":""Point"",""coordinates"":[109.82037905380965,18.853643174562997]}"
1923,0.0,30.0,14.0,13.132970809936523,15.0,19.447941175523397,110.7283738753427,2334.191162109375,42.0,0.7651310563087463,5.0,3.0,0.77680908448335,13.651084899902344,37.0,"{""type"":""Point"",""coordinates"":[110.72638826363217,19.447830922612447]}"
1924,0.0,24.0,157.0,16.680561065673828,57.0,19.317685459326064,109.33598518495745,2127.602294921875,51.0,1.4498751163482666,4.0,3.0,0.7053430433567213,13.353750228881836,37.0,"{""type"":""Point"",""coordinates"":[109.33520030108008,19.316015593662375]}"
1925,0.0,30.0,756.0,56.90402603149414,543.0,19.030224568407817,109.5964966173521,2268.895751953125,41.0,14.349822998046875,6.0,2.0,0.5722252054300417,10.569601058959961,41.0,"{""type"":""Point"",""coordinates"":[109.59743210706432,19.029869738297318]}"
1926,0.0,21.0,108.0,12.988338470458984,54.0,19.659045267291482,109.71776918070822,2134.685302734375,54.0,0.8457638025283813,4.0,3.0,0.7411170788325674,13.923142433166504,31.0,"{""type"":""Point"",""coordinates"":[109.71825128087563,19.657405342466166]}"
1927,0.0,31.0,139.0,35.079551696777344,69.0,19.358109647111448,109.91989011963511,2643.167236328125,40.0,2.6698062419891357,5.0,3.0,0.707032182574906,12.75393295288086,39.0,"{""type"":""Point"",""coordinates"":[109.92199929116164,19.359035843397724]}"
1928,0.0,23.0,26.0,4.737788200378418,27.0,19.726418913600448,110.95744427279317,1601.9237060546875,54.0,0.32555800676345825,2.0,3.0,0.6827065034634863,13.543753623962402,45.0,"{""type"":""Point"",""coordinates"":[110.95765078043524,19.728391742491368]}"
1929,0.0,24.0,33.0,32.31268310546875,34.0,18.441828057309536,109.78963440343779,2129.562744140625,52.0,4.036499500274658,4.0,1.0,0.7065911778270162,12.403275489807129,42.0,"{""type"":""Point"",""coordinates"":[109.79074610791982,18.440604898680995]}"
1930,0.0,24.0,12.0,2.800017833709717,12.0,18.76971313601316,108.69368975681198,1204.8380126953125,48.0,0.12973323464393616,2.0,1.0,0.6766400397829784,15.85472583770752,45.0,"{""type"":""Point"",""coordinates"":[108.69398290516749,18.768786568359097]}"
1931,0.0,26.0,25.0,10.219844818115234,9.0,19.726418913600448,110.10404475287964,2541.29833984375,46.0,0.11471964418888092,3.0,3.0,0.8274640738617218,15.970215797424316,30.0,"{""type"":""Point"",""coordinates"":[110.10421480413585,19.72840145750879]}"
1932,0.0,30.0,627.0,44.60476303100586,421.0,18.697847913283596,109.42581671336939,2061.794677734375,47.0,11.787109375,6.0,1.0,0.5497983363785637,10.895095825195312,47.0,"{""type"":""Point"",""coordinates"":[109.42522802247332,18.699400704813428]}"
1933,0.0,30.0,180.0,27.25680923461914,178.0,18.76971313601316,108.75657182670034,1405.4683837890625,43.0,10.889497756958008,6.0,1.0,0.5518372785893728,11.31097412109375,45.0,"{""type"":""Point"",""coordinates"":[108.75607828086899,18.77083814853428]}"
1934,0.0,25.0,266.0,43.21028137207031,153.0,18.8775109701075,109.05301587045977,1795.880126953125,45.0,11.235034942626953,6.0,2.0,0.579563070445675,11.222684860229492,42.0,"{""type"":""Point"",""coordinates"":[109.0516631668852,18.8758220959839]}"
1935,0.0,27.0,297.0,21.855361938476562,300.0,18.60352480845105,108.84191177869172,1472.679931640625,51.0,7.357255458831787,4.0,1.0,0.5527598989320569,11.632369041442871,46.0,"{""type"":""Point"",""coordinates"":[108.84200860527946,18.60147822330058]}"
1937,0.0,28.0,212.0,27.85447120666504,75.0,19.340143341429055,109.5515808531461,2330.218017578125,44.0,2.674422025680542,9.0,3.0,0.6926521626002318,12.705889701843262,37.0,"{""type"":""Point"",""coordinates"":[109.55104348859275,19.34168708909203]}"
1938,0.0,23.0,10.0,3.6505494117736816,13.0,18.60352480845105,108.72063921533555,1294.993896484375,51.0,0.2931132912635803,2.0,1.0,0.6850695953432592,14.950745582580566,44.0,"{""type"":""Point"",""coordinates"":[108.71882956509421,18.605091016315153]}"
1939,0.0,23.0,138.0,7.758657455444336,111.0,19.4434495991028,109.25962838580728,2098.8427734375,56.0,0.21554961800575256,3.0,3.0,0.6790302216800457,15.271842002868652,33.0,"{""type"":""Point"",""coordinates"":[109.25966861934256,19.4415816576694]}"
1940,0.0,27.0,22.0,7.0805182456970215,22.0,19.807267289171207,110.71040756966033,2086.7646484375,49.0,0.18289987742900848,3.0,4.0,0.73678758579008,14.543378829956055,41.0,"{""type"":""Point"",""coordinates"":[110.71195560727263,19.80591396841125]}"
1941,0.0,23.0,45.0,14.309708595275879,48.0,18.68437318402181,108.73411394459737,1341.0618896484375,50.0,3.93338942527771,3.0,1.0,0.636247615515786,12.42223072052002,44.0,"{""type"":""Point"",""coordinates"":[108.7321907161292,18.68614401680667]}"
1942,0.0,27.0,571.0,51.69053268432617,338.0,19.057174026931406,109.6414123815581,2135.50439453125,46.0,12.034675598144531,3.0,2.0,0.584508118450031,10.922277450561523,40.0,"{""type"":""Point"",""coordinates"":[109.64315738195332,19.05626028348439]}"
1943,0.0,24.0,293.0,26.95020866394043,180.0,19.21887077807292,109.27310311506909,2021.8634033203125,54.0,4.039212226867676,4.0,2.0,0.6339675388508721,12.23861026763916,37.0,"{""type"":""Point"",""coordinates"":[109.27299899103596,19.216994422312723]}"
1944,0.0,33.0,682.0,30.065502166748047,579.0,18.96285092209886,110.0097216480471,2527.573486328125,41.0,3.2595248222351074,5.0,2.0,0.616478806003493,12.14356517791748,43.0,"{""type"":""Point"",""coordinates"":[110.01131035652033,18.964393734714395]}"
1945,0.0,24.0,35.0,17.07023811340332,35.0,18.343013376056383,109.52463139462253,2018.67333984375,54.0,1.763452172279358,3.0,0.0,0.711214964625927,13.23155689239502,41.0,"{""type"":""Point"",""coordinates"":[109.52407540854738,18.34367826304534]}"
1946,0.0,22.0,53.0,15.145124435424805,43.0,19.614129503085508,110.44540456084502,2493.11572265625,54.0,0.7329268455505371,4.0,3.0,0.7653256973542618,13.823088645935059,34.0,"{""type"":""Point"",""coordinates"":[110.44479071626957,19.6128019982519]}"
1947,0.0,26.0,19.0,6.974771022796631,20.0,19.304210730064277,108.7071644860738,1512.6932373046875,51.0,0.8818879723548889,3.0,3.0,0.7065005249752525,13.934032440185547,40.0,"{""type"":""Point"",""coordinates"":[108.70889507151063,19.305631514325434]}"
1948,0.0,27.0,169.0,24.94200897216797,115.0,18.949376192837065,108.99462537699202,1695.4786376953125,45.0,5.317389011383057,4.0,2.0,0.596542709569666,12.04403018951416,42.0,"{""type"":""Point"",""coordinates"":[108.99598746796944,18.947297358437215]}"
1949,0.0,29.0,27.0,10.916632652282715,27.0,19.78031783064762,110.64303392335137,2210.611083984375,37.0,0.5604569315910339,5.0,4.0,0.7427094463613256,13.904261589050293,40.0,"{""type"":""Point"",""coordinates"":[110.64224697168166,19.78108685021295]}"
1950,0.0,23.0,471.0,92.74273681640625,461.0,18.67988160760121,109.88844908469093,2497.985595703125,52.0,18.201744079589844,5.0,1.0,0.559076665210148,10.570235252380371,47.0,"{""type"":""Point"",""coordinates"":[109.88974517727404,18.678291660476923]}"
1951,0.0,26.0,209.0,18.716398239135742,69.0,18.778696288854356,109.28657784433085,1897.7144775390625,50.0,2.5845983028411865,4.0,1.0,0.6357994751824932,12.742047309875488,45.0,"{""type"":""Point"",""coordinates"":[109.28784620503389,18.7798471421795]}"
1952,0.0,25.0,242.0,64.87545013427734,215.0,19.290736000802482,109.16081370455413,2215.4853515625,50.0,12.243319511413574,4.0,3.0,0.6070494468683533,11.150311470031738,40.0,"{""type"":""Point"",""coordinates"":[109.159639874016,19.29142223238174]}"
1953,0.0,22.0,66.0,6.442865371704102,64.0,19.762351524965233,109.65937868724046,1990.9432373046875,49.0,0.060949619859457016,3.0,4.0,0.7130438838490314,16.57863426208496,34.0,"{""type"":""Point"",""coordinates"":[109.65821350685326,19.763832096245586]}"
1954,0.0,27.0,11.0,7.199469566345215,12.0,20.054303992304078,110.19387628129158,1952.198486328125,48.0,0.37670597434043884,2.0,4.0,0.7523587737820933,13.897971153259277,38.0,"{""type"":""Point"",""coordinates"":[110.19373840526904,20.053850628944904]}"
1955,0.0,27.0,382.0,10.263871192932129,261.0,18.71581421896599,108.94970961278602,1526.61865234375,50.0,1.981730341911316,5.0,1.0,0.5718765132632802,12.889008522033691,45.0,"{""type"":""Point"",""coordinates"":[108.95146252838246,18.717175601202296]}"
1956,0.0,22.0,59.0,18.276287078857422,32.0,19.730910490021046,109.85700804974675,2301.293212890625,53.0,1.2674834728240967,3.0,3.0,0.7581357609068431,13.547872543334961,35.0,"{""type"":""Point"",""coordinates"":[109.85842952535633,19.72921751729879]}"
1957,0.0,27.0,895.0,41.77424240112305,743.0,19.057174026931406,109.20572946876013,1878.1461181640625,48.0,18.140216827392578,7.0,2.0,0.534268529775241,10.171900749206543,41.0,"{""type"":""Point"",""coordinates"":[109.2054695710482,19.055382725374006]}"
1958,0.0,29.0,572.0,59.058067321777344,385.0,18.886494122948697,109.5470892767255,2044.4984130859375,47.0,18.158889770507812,5.0,2.0,0.5413292435790432,10.490632057189941,45.0,"{""type"":""Point"",""coordinates"":[109.54913064840188,18.886226930036713]}"
1959,0.0,24.0,24.0,9.032028198242188,22.0,18.419370175206545,108.99013380057141,1628.072998046875,51.0,1.0820916891098022,3.0,1.0,0.7101403756056247,13.726516723632812,40.0,"{""type"":""Point"",""coordinates"":[108.98806037052184,18.420926323753964]}"
1960,0.0,26.0,21.0,8.00450325012207,22.0,19.87913251190077,110.6879496875573,2100.499267578125,46.0,0.31031644344329834,5.0,4.0,0.7208808944558229,14.016230583190918,45.0,"{""type"":""Point"",""coordinates"":[110.68740830793314,19.878110227872828]}"
1961,0.0,27.0,107.0,13.236693382263184,97.0,18.922426734313476,108.81496232016809,1393.981689453125,48.0,3.3929591178894043,3.0,2.0,0.5828155083627532,12.533435821533203,44.0,"{""type"":""Point"",""coordinates"":[108.81614251736488,18.92182740978778]}"
1962,0.0,23.0,81.0,51.92501449584961,81.0,18.468777515833118,109.85700804974675,2241.07861328125,56.0,7.710196495056152,3.0,1.0,0.6352309068072448,11.723383903503418,44.0,"{""type"":""Point"",""coordinates"":[109.85508034222119,18.467833508892745]}"
1963,0.0,17.0,8.0,13.290084838867188,8.0,18.46428593941252,110.07709529435607,2033.932861328125,59.0,0.9918879866600037,3.0,1.0,0.7332353714194358,13.822793960571289,44.0,"{""type"":""Point"",""coordinates"":[110.07660744493425,18.46412946657977]}"
1964,0.0,25.0,82.0,7.903456211090088,61.0,18.868527817266305,108.85089493153288,1499.4522705078125,46.0,1.0889147520065308,4.0,2.0,0.6340397063130304,13.686089515686035,45.0,"{""type"":""Point"",""coordinates"":[108.85141297785181,18.866507383893016]}"
1965,0.0,27.0,50.0,11.870953559875488,50.0,19.77133467780643,110.62955919408955,2210.611083984375,40.0,0.7006726264953613,6.0,4.0,0.7248054846013423,13.68095588684082,38.0,"{""type"":""Point"",""coordinates"":[110.62746870661486,19.77300263738283]}"
1966,0.0,31.0,14.0,7.515443325042725,14.0,19.955489311050925,110.36006460885369,2217.16650390625,38.0,0.08375000953674316,5.0,4.0,0.7558494333978236,15.3974027633667,41.0,"{""type"":""Point"",""coordinates"":[110.35789670757393,19.956967614245958]}"
1967,0.0,28.0,71.0,17.000459671020508,68.0,19.24132866017591,110.35557303243309,2869.153564453125,50.0,0.5303308367729187,4.0,2.0,0.7297892043020353,14.412181854248047,37.0,"{""type"":""Point"",""coordinates"":[110.35705201825535,19.24082434385153]}"
1968,0.0,27.0,80.0,11.198210716247559,68.0,19.838708324115387,110.22531731623576,2336.20849609375,45.0,0.44122087955474854,5.0,4.0,0.7329781582323527,14.309454917907715,33.0,"{""type"":""Point"",""coordinates"":[110.2258368383129,19.839657386127783]}"
1969,0.0,32.0,471.0,43.16196060180664,432.0,18.585558502768656,109.35395149063982,2135.404296875,42.0,8.594249725341797,4.0,1.0,0.5751389687813995,11.347575187683105,46.0,"{""type"":""Point"",""coordinates"":[109.35491900717744,18.585179253282988]}"
1970,0.0,28.0,57.0,14.862809181213379,57.0,18.365471258159374,109.52013981820193,2122.225830078125,48.0,1.2163172960281372,3.0,1.0,0.689201668428508,13.590271949768066,42.0,"{""type"":""Point"",""coordinates"":[109.51824812773947,18.367246946665016]}"
1971,0.0,26.0,99.0,16.022977828979492,58.0,19.66802842013268,109.78065125059658,2155.034423828125,49.0,1.2998415231704712,3.0,3.0,0.7270591378298803,13.49874496459961,33.0,"{""type"":""Point"",""coordinates"":[109.77847919582283,19.66795183896439]}"
1972,0.0,27.0,36.0,8.338902473449707,36.0,19.964472463892122,110.30167411538594,2256.62841796875,44.0,0.1720791757106781,2.0,4.0,0.7431929159115468,14.645851135253906,38.0,"{""type"":""Point"",""coordinates"":[110.30031604307854,19.965024805713938]}"
1973,0.0,26.0,172.0,8.560446739196777,35.0,18.760729983171963,109.25513680938667,1897.7144775390625,52.0,0.5943771004676819,4.0,1.0,0.6874766520416054,14.236197471618652,44.0,"{""type"":""Point"",""coordinates"":[109.25297061236,18.758710594435584]}"
1974,0.0,28.0,56.0,12.068097114562988,40.0,19.672519996553277,110.51277820715399,2428.84423828125,45.0,0.4628946781158447,7.0,3.0,0.772523665136928,14.280338287353516,33.0,"{""type"":""Point"",""coordinates"":[110.51116714360246,19.673695740355356]}"
1975,0.0,22.0,42.0,19.27675437927246,31.0,19.71294418433866,110.19836785771219,2547.894775390625,52.0,1.09136962890625,2.0,3.0,0.7972125748495514,13.477762222290039,30.0,"{""type"":""Point"",""coordinates"":[110.19620752333597,19.713900526100378]}"
1976,0.0,23.0,144.0,13.523515701293945,96.0,19.474890634046986,109.43030828978999,2110.639892578125,59.0,1.1084320545196533,3.0,3.0,0.6759023392252905,13.630487442016602,34.0,"{""type"":""Point"",""coordinates"":[109.42849858042756,19.476813299072703]}"
1977,0.0,29.0,102.0,18.835817337036133,102.0,19.501840092570568,110.61608446482774,2361.493896484375,39.0,1.585715889930725,3.0,3.0,0.6738429807576848,12.841293334960938,37.0,"{""type"":""Point"",""coordinates"":[110.61806039582447,19.50367512386347]}"
1978,0.0,31.0,732.0,31.160615921020508,610.0,19.18742974312874,109.24166208012491,1992.6253662109375,40.0,7.258406162261963,8.0,2.0,0.59469820103279,11.290840148925781,38.0,"{""type"":""Point"",""coordinates"":[109.24376657177413,19.186111932279577]}"
1979,0.0,31.0,654.0,54.552001953125,649.0,18.43284490446834,109.50666508894017,2127.970947265625,41.0,14.836226463317871,5.0,1.0,0.5595144795971506,10.632279396057129,43.0,"{""type"":""Point"",""coordinates"":[109.50736020991313,18.4322705158704]}"
1980,0.0,25.0,51.0,10.922778129577637,51.0,19.703961031497464,109.36293464348103,1986.00439453125,49.0,0.7844451069831848,2.0,3.0,0.729031147435766,14.032500267028809,33.0,"{""type"":""Point"",""coordinates"":[109.36291592518809,19.70526775595749]}"
1981,0.0,25.0,23.0,6.687963008880615,24.0,19.87913251190077,110.71489914608088,2062.637939453125,53.0,0.1348012387752533,4.0,4.0,0.7161832782266144,14.847003936767578,45.0,"{""type"":""Point"",""coordinates"":[110.71679143152326,19.876936772364534]}"
1982,0.0,26.0,300.0,12.508105278015137,288.0,18.62598269055404,108.93623488352426,1589.635986328125,49.0,2.292574405670166,4.0,1.0,0.5610434433440885,12.801300048828125,49.0,"{""type"":""Point"",""coordinates"":[108.93682784425803,18.62766006384468]}"
1983,0.0,28.0,258.0,80.01986694335938,136.0,19.227853930914115,109.70878602786706,2565.663330078125,47.0,11.720376014709473,4.0,2.0,0.6389368345149511,11.184609413146973,37.0,"{""type"":""Point"",""coordinates"":[109.7093906467146,19.228353339146434]}"
1984,0.0,29.0,748.0,35.82030487060547,568.0,18.832595205901526,109.50217351251956,2128.066162109375,46.0,7.879887580871582,5.0,2.0,0.5572788579896549,11.191912651062012,47.0,"{""type"":""Point"",""coordinates"":[109.50193484881561,18.833276532900523]}"
1985,0.0,28.0,427.0,91.85979461669922,289.0,19.205396048811124,109.74471863923185,2565.663330078125,48.0,16.912372589111328,5.0,2.0,0.6049057500019845,10.682286262512207,39.0,"{""type"":""Point"",""coordinates"":[109.74684845573525,19.205044400628946]}"
1986,0.0,29.0,79.0,42.465396881103516,68.0,18.926918310734074,110.27921623328291,2474.291015625,46.0,4.304259777069092,4.0,2.0,0.6665583482633317,12.311697006225586,46.0,"{""type"":""Point"",""coordinates"":[110.27744387646112,18.925596861209375]}"
1987,0.0,32.0,778.0,19.8887882232666,559.0,19.039207721249014,109.25513680938667,1884.6705322265625,40.0,4.11475133895874,7.0,2.0,0.5858321489861034,11.815923690795898,40.0,"{""type"":""Point"",""coordinates"":[109.25411694098993,19.040262573428993]}"
1988,0.0,26.0,49.0,8.742339134216309,47.0,19.82972517127419,109.70878602786706,1931.240966796875,47.0,0.5142197608947754,4.0,4.0,0.7284073903784288,14.456036567687988,34.0,"{""type"":""Point"",""coordinates"":[109.70885380485964,19.831779406945593]}"
1989,0.0,22.0,106.0,19.66969871520996,83.0,19.10208979113738,109.03504956477741,1854.9710693359375,57.0,2.858400344848633,2.0,2.0,0.6438163025550251,12.705822944641113,40.0,"{""type"":""Point"",""coordinates"":[109.03296446184405,19.10296501099098]}"
1990,0.0,23.0,172.0,11.813623428344727,134.0,19.066157179772603,110.07709529435607,2653.810302734375,52.0,0.1908886730670929,3.0,2.0,0.6492490994098243,15.372053146362305,46.0,"{""type"":""Point"",""coordinates"":[110.07617581135283,19.066669170744923]}"
1991,0.0,30.0,100.0,20.70096778869629,75.0,18.554117467824476,109.61895449945507,2280.619140625,42.0,1.7127443552017212,4.0,1.0,0.6567645606357412,13.222159385681152,46.0,"{""type"":""Point"",""coordinates"":[109.61678063468295,18.55263429137853]}"
1992,0.0,23.0,10.0,9.570334434509277,11.0,19.847691476956584,109.52912297104314,1845.8292236328125,51.0,0.7534347176551819,4.0,4.0,0.7736567066417018,14.096656799316406,32.0,"{""type"":""Point"",""coordinates"":[109.52832714796979,19.849714833873243]}"
1993,0.0,23.0,41.0,4.912926197052002,41.0,19.304210730064277,108.80597916732694,1613.9290771484375,51.0,0.18249668180942535,3.0,3.0,0.6857989281727568,15.496665000915527,41.0,"{""type"":""Point"",""coordinates"":[108.8060459145154,19.30607607805109]}"
1994,0.0,32.0,236.0,70.36400604248047,119.0,19.277261271540688,109.66836184008167,2483.43603515625,38.0,10.125086784362793,4.0,2.0,0.6368593905071435,11.349140167236328,38.0,"{""type"":""Point"",""coordinates"":[109.67031550660406,19.27571912168089]}"
1995,0.0,27.0,414.0,36.197853088378906,260.0,19.084123485454995,109.78514282701718,2267.7021484375,46.0,4.884615898132324,4.0,2.0,0.6241978503561961,11.961225509643555,40.0,"{""type"":""Point"",""coordinates"":[109.78717256486148,19.083519499812468]}"
1996,0.0,27.0,170.0,15.743443489074707,67.0,19.27276969512009,109.75819336849361,2496.40234375,53.0,0.8389571905136108,4.0,2.0,0.7134671419861,13.892781257629395,38.0,"{""type"":""Point"",""coordinates"":[109.7599630080344,19.27264745744471]}"
1997,0.0,30.0,35.0,5.211915493011475,36.0,19.86116620621838,109.64590395797865,1768.7698974609375,38.0,0.0837235078215599,3.0,4.0,0.7281270408501961,16.279380798339844,35.0,"{""type"":""Point"",""coordinates"":[109.64576624210837,19.862075421057735]}"
1998,0.0,27.0,17.0,5.933257102966309,17.0,19.753368372124037,110.99337688415795,1556.9517822265625,43.0,0.9767343401908875,2.0,4.0,0.6719458473569229,12.46556568145752,49.0,"{""type"":""Point"",""coordinates"":[110.99241131225891,19.75392842907869]}"
1999,0.0,22.0,6.0,2.9152960777282715,7.0,19.147005555343355,108.68021502755016,1197.267578125,52.0,0.18215596675872803,2.0,2.0,0.6908324864496779,15.518783569335938,43.0,"{""type"":""Point"",""coordinates"":[108.68111918548207,19.146572758791798]}"
2000,0.0,24.0,23.0,5.147584438323975,25.0,19.703961031497464,110.95744427279317,1601.9237060546875,52.0,0.5039923191070557,3.0,3.0,0.6808785628681288,13.113622665405273,46.0,"{""type"":""Point"",""coordinates"":[110.95551535480134,19.70531079970272]}"
2001,0.0,28.0,277.0,28.709627151489258,268.0,19.24132866017591,110.26574150402115,2804.972412109375,48.0,1.7450734376907349,4.0,2.0,0.6670273088442608,13.090119361877441,39.0,"{""type"":""Point"",""coordinates"":[110.26453360159549,19.240289704412007]}"
2002,0.0,31.0,82.0,12.009801864624023,75.0,19.708452607918062,109.58302188809029,2024.0574951171875,45.0,0.9877913594245911,4.0,3.0,0.7035376893685847,13.783576011657715,33.0,"{""type"":""Point"",""coordinates"":[109.5821912652746,19.706873164493196]}"
2003,0.0,31.0,264.0,29.777429580688477,159.0,18.922426734313476,109.92438169605572,2397.8076171875,42.0,2.9014291763305664,4.0,2.0,0.6211451668759143,12.58994197845459,46.0,"{""type"":""Point"",""coordinates"":[109.92568473493307,18.921491730589526]}"
2004,0.0,27.0,267.0,83.46144104003906,202.0,19.254803389437704,110.01421322446765,2730.5693359375,43.0,9.971199035644531,5.0,2.0,0.6359068434776461,11.344114303588867,39.0,"{""type"":""Point"",""coordinates"":[110.01236744111739,19.256929627572426]}"
2005,0.0,32.0,77.0,13.182136535644531,67.0,18.648440572657023,109.85251647332615,2278.582275390625,41.0,0.7480895519256592,5.0,1.0,0.6672964765189304,14.064556121826172,47.0,"{""type"":""Point"",""coordinates"":[109.85180827312526,18.648498836030186]}"
2006,0.0,25.0,87.0,18.488800048828125,49.0,19.54226428035595,109.91090696679396,2541.084228515625,48.0,0.944686233997345,4.0,3.0,0.7449220461459563,13.825203895568848,37.0,"{""type"":""Point"",""coordinates"":[109.91191970235278,19.543630589044778]}"
2007,0.0,27.0,151.0,46.25594711303711,46.0,18.90446042863109,109.97828061310292,2542.07275390625,44.0,4.470451354980469,4.0,2.0,0.6939341599909338,12.229674339294434,45.0,"{""type"":""Point"",""coordinates"":[109.97757486997475,18.90390290385119]}"
2008,0.0,24.0,30.0,6.435612678527832,31.0,19.928539852527344,110.85413801511942,1727.520751953125,52.0,0.7410534620285034,2.0,4.0,0.6621426150977386,12.711895942687988,50.0,"{""type"":""Point"",""coordinates"":[110.85627124562839,19.927806424925283]}"
2009,0.0,31.0,455.0,58.1693229675293,299.0,18.980817227781245,109.83455016764378,2377.556396484375,37.0,9.553465843200684,4.0,2.0,0.5942597628879125,11.252388954162598,44.0,"{""type"":""Point"",""coordinates"":[109.83461606381195,18.980832869158892]}"
2010,0.0,27.0,388.0,44.13724136352539,379.0,18.675390031180612,109.9603143074205,2290.92724609375,48.0,6.6053690910339355,4.0,1.0,0.5901122418377103,11.67666244506836,47.0,"{""type"":""Point"",""coordinates"":[109.96135568334401,18.673897094018063]}"
2011,0.0,28.0,6.0,9.263937950134277,8.0,19.6320958087679,110.89456220290481,1907.5252685546875,41.0,0.9573751091957092,4.0,3.0,0.7361654367604239,12.91195011138916,42.0,"{""type"":""Point"",""coordinates"":[110.89277963506899,19.632124858370016]}"
2012,0.0,36.0,701.0,62.44159698486328,555.0,19.18742974312874,109.68632814576404,2477.897705078125,37.0,12.98665714263916,5.0,2.0,0.5943606037573108,10.72705364227295,40.0,"{""type"":""Point"",""coordinates"":[109.68506762734684,19.186980264411453]}"
2013,0.0,25.0,15.0,12.00964641571045,16.0,19.924048276106745,110.02319637730886,2203.62841796875,45.0,0.671098530292511,2.0,4.0,0.7702808509667087,13.940281867980957,36.0,"{""type"":""Point"",""coordinates"":[110.02439665382461,19.92362168219959]}"
2014,0.0,28.0,96.0,20.497343063354492,96.0,19.793792559909413,110.02768795372947,2447.30712890625,44.0,1.3316537141799927,3.0,4.0,0.7108796663629975,13.476370811462402,31.0,"{""type"":""Point"",""coordinates"":[110.02733364902608,19.794382463459023]}"
2015,0.0,28.0,12.0,16.759063720703125,12.0,18.43284490446834,109.92438169605572,2171.51708984375,47.0,1.3679858446121216,5.0,1.0,0.7457077157674077,13.498923301696777,42.0,"{""type"":""Point"",""coordinates"":[109.92291728518339,18.433970505122176]}"
2016,0.0,24.0,29.0,10.520113945007324,29.0,19.60514635024431,109.30454415001327,2061.268310546875,54.0,0.6470885276794434,2.0,3.0,0.7465748387392791,14.237863540649414,36.0,"{""type"":""Point"",""coordinates"":[109.30393651284541,19.605528938873167]}"
2017,0.0,27.0,51.0,6.739175796508789,52.0,19.96896404031272,109.64590395797865,1544.9925537109375,48.0,0.8435640931129456,5.0,4.0,0.6903696913160163,13.68403148651123,36.0,"{""type"":""Point"",""coordinates"":[109.64800735735562,19.96954093051605]}"
2018,0.0,25.0,72.0,16.217697143554688,48.0,19.68599472581507,109.91090696679396,2368.31103515625,52.0,0.9777738451957703,2.0,3.0,0.7574577992569538,13.7997407913208,32.0,"{""type"":""Point"",""coordinates"":[109.9120883526237,19.68721919984369]}"
2019,0.0,24.0,97.0,29.138832092285156,97.0,18.338521799635792,109.30454415001327,1810.955810546875,55.0,5.718634605407715,4.0,0.0,0.6228586833941959,12.015310287475586,39.0,"{""type"":""Point"",""coordinates"":[109.30523874469567,18.336487116382308]}"
2020,0.0,25.0,480.0,36.05839157104492,406.0,19.030224568407817,109.14284739887177,1971.871337890625,50.0,7.688314914703369,5.0,2.0,0.6001560793155496,11.453429222106934,39.0,"{""type"":""Point"",""coordinates"":[109.14465805414133,19.02822217414944]}"
2021,0.0,25.0,14.0,7.852421760559082,14.0,19.52429797467356,109.00360852983323,1833.9847412109375,52.0,0.5162250995635986,3.0,3.0,0.7517942617811193,14.472487449645996,36.0,"{""type"":""Point"",""coordinates"":[109.0021655700606,19.52411680288982]}"
2022,0.0,27.0,4.0,11.703450202941895,5.0,19.99142192241571,110.14446894066504,2160.075927734375,40.0,0.6805103421211243,3.0,4.0,0.7768347571001162,13.930113792419434,37.0,"{""type"":""Point"",""coordinates"":[110.14591111823881,19.991727009366258]}"
2024,0.0,29.0,35.0,13.996479034423828,36.0,19.950997734630327,110.09506160003843,2177.52783203125,40.0,1.043585181236267,2.0,4.0,0.7438516798139471,13.483529090881348,36.0,"{""type"":""Point"",""coordinates"":[110.09435718125893,19.95169446625122]}"
2025,0.0,34.0,29.0,20.485788345336914,29.0,19.89260724116256,109.83005859122318,2069.073486328125,39.0,2.3236353397369385,5.0,4.0,0.7518135339992162,12.918082237243652,34.0,"{""type"":""Point"",""coordinates"":[109.82918496738438,19.893336431742945]}"
2026,0.0,24.0,33.0,26.80072021484375,33.0,19.01674983914603,110.39599722021848,2544.531982421875,47.0,1.7566546201705933,4.0,2.0,0.7535051433200519,13.23658561706543,39.0,"{""type"":""Point"",""coordinates"":[110.39375303503681,19.016630882254088]}"
2027,0.0,25.0,32.0,14.600554466247559,25.0,19.40751698773802,109.09793163466577,1936.39794921875,49.0,1.479365587234497,3.0,3.0,0.7453494664776471,13.409055709838867,35.0,"{""type"":""Point"",""coordinates"":[109.09751421431802,19.409625636797802]}"
2028,0.0,25.0,39.0,11.398321151733398,42.0,18.899968852210492,110.34658987959187,2322.431884765625,49.0,0.4300763010978699,4.0,2.0,0.7050120247062881,14.64058780670166,46.0,"{""type"":""Point"",""coordinates"":[110.34630038024106,18.898259060810762]}"
2029,0.0,32.0,500.0,52.474769592285156,456.0,18.581066926348058,109.39886725484581,2135.404296875,38.0,11.7796049118042,6.0,1.0,0.5693401845726493,11.002710342407227,45.0,"{""type"":""Point"",""coordinates"":[109.39811685664938,18.579413993156855]}"
2030,0.0,25.0,12.0,13.555403709411621,14.0,19.200904472390526,110.56667712420119,2543.67626953125,45.0,0.421267569065094,2.0,2.0,0.767285567269513,14.639446258544922,42.0,"{""type"":""Point"",""coordinates"":[110.56679133796753,19.198715377465362]}"
2031,0.0,21.0,137.0,10.39734935760498,119.0,19.510823245411764,109.41683356052818,2098.60791015625,55.0,0.5476715564727783,3.0,3.0,0.66433769497126,14.339951515197754,36.0,"{""type"":""Point"",""coordinates"":[109.41738524486306,19.510437881142508]}"
2032,0.0,24.0,70.0,18.057241439819336,62.0,19.35361807069085,110.3690477616949,2683.20751953125,51.0,0.7384682297706604,5.0,3.0,0.723176247010439,14.081672668457031,40.0,"{""type"":""Point"",""coordinates"":[110.37011150661493,19.355840135630096]}"
2033,0.0,22.0,8.0,7.883123874664307,8.0,19.71294418433866,109.21471262160128,1915.5511474609375,52.0,0.3700520694255829,11.0,3.0,0.7745907306038572,14.808846473693848,35.0,"{""type"":""Point"",""coordinates"":[109.21569007076965,19.711917963179044]}"
2034,0.0,28.0,180.0,17.84227752685547,127.0,18.868527817266305,108.93623488352426,1576.3389892578125,47.0,4.009086608886719,4.0,2.0,0.5888730459425178,12.320718765258789,43.0,"{""type"":""Point"",""coordinates"":[108.9343084316614,18.866631189267967]}"
2035,0.0,27.0,1173.0,32.439823150634766,1003.0,18.980817227781245,109.40785040768702,2043.99169921875,40.0,12.658097267150879,8.0,2.0,0.5436965730358962,10.157360076904297,41.0,"{""type"":""Point"",""coordinates"":[109.4083565053047,18.980730597798942]}"
2036,0.0,24.0,91.0,23.43427848815918,58.0,19.54226428035595,109.98726376594408,2611.948974609375,50.0,1.3498157262802124,4.0,3.0,0.7406570351443943,13.46583366394043,36.0,"{""type"":""Point"",""coordinates"":[109.98901659663358,19.540372304985937]}"
2037,0.0,26.0,35.0,13.071091651916504,26.0,19.60963792666491,110.39599722021848,2519.470947265625,48.0,0.4747535288333893,4.0,3.0,0.7791620342688039,14.271238327026367,36.0,"{""type"":""Point"",""coordinates"":[110.39748708514226,19.610144850001323]}"
2038,0.0,26.0,72.0,33.21780776977539,43.0,19.49285693972937,110.39599722021848,2635.12353515625,46.0,2.388645648956299,3.0,3.0,0.7441277816985155,12.867215156555176,38.0,"{""type"":""Point"",""coordinates"":[110.39419177626392,19.49116126179855]}"
2039,0.0,24.0,11.0,11.607873916625977,11.0,18.311572341112203,109.54259770030495,2018.67333984375,48.0,0.8029860258102417,4.0,0.0,0.7525781222442816,14.032379150390625,39.0,"{""type"":""Point"",""coordinates"":[109.54373940016237,18.313187556007218]}"
2040,0.0,29.0,117.0,17.66214942932129,87.0,19.560230586038337,110.01870480088826,2582.3330078125,46.0,0.8766639828681946,4.0,3.0,0.7126347408053761,13.881763458251953,35.0,"{""type"":""Point"",""coordinates"":[110.01700995347638,19.56112983087892]}"
2041,0.0,31.0,729.0,35.8394660949707,651.0,18.697847913283596,109.53361454746374,2209.237548828125,46.0,7.190948963165283,5.0,1.0,0.569603552050047,11.303214073181152,46.0,"{""type"":""Point"",""coordinates"":[109.53154808642472,18.69930770371204]}"
2042,0.0,23.0,244.0,40.49992752075195,101.0,19.039207721249014,109.83005859122318,2454.806396484375,53.0,4.225164890289307,3.0,2.0,0.6417284054373875,12.226478576660156,41.0,"{""type"":""Point"",""coordinates"":[109.82818670832215,19.04000453126057]}"
2043,0.0,28.0,565.0,41.72035217285156,466.0,19.12454767324037,109.19225473949831,2028.9908447265625,47.0,9.974363327026367,5.0,2.0,0.595976729748958,11.119804382324219,38.0,"{""type"":""Point"",""coordinates"":[109.19406616720303,19.12255428517788]}"
2044,0.0,24.0,183.0,17.13864517211914,44.0,19.340143341429055,109.52912297104314,2305.499267578125,49.0,1.159216046333313,7.0,3.0,0.7320019445322884,13.561125755310059,37.0,"{""type"":""Point"",""coordinates"":[109.5309054847438,19.338012327935363]}"
2045,0.0,28.0,675.0,40.657798767089844,608.0,18.558609044245074,109.45276617189296,2109.447021484375,48.0,9.467363357543945,6.0,1.0,0.5652706398148772,11.075736999511719,45.0,"{""type"":""Point"",""coordinates"":[109.4525325480317,18.55992703743409]}"
2046,0.0,30.0,31.0,6.616077423095703,32.0,19.91506512326555,109.68183656934343,1646.2169189453125,42.0,0.5392903089523315,2.0,4.0,0.7319646597429116,14.418944358825684,33.0,"{""type"":""Point"",""coordinates"":[109.68072323246213,19.91393811114807]}"
2047,0.0,22.0,7.0,2.373790740966797,7.0,18.97183407494005,108.6667402982884,1114.47705078125,55.0,0.12130933254957199,2.0,2.0,0.6770419172974448,15.924732208251953,45.0,"{""type"":""Point"",""coordinates"":[108.66458636472134,18.97090396067769]}"
2049,0.0,30.0,23.0,7.07430362701416,24.0,20.07676187440706,110.61608446482774,1897.72802734375,45.0,0.6133739948272705,3.0,4.0,0.7084398539639946,12.917196273803711,44.0,"{""type"":""Point"",""coordinates"":[110.61472571781547,20.077897457006447]}"
2050,0.0,24.0,187.0,20.93584442138672,104.0,19.29522757722308,109.79412597985839,2496.40234375,55.0,1.3957327604293823,4.0,3.0,0.6776669155421602,13.372836112976074,37.0,"{""type"":""Point"",""coordinates"":[109.79527375999096,19.295003838830503]}"
2051,0.0,27.0,58.0,9.51146411895752,59.0,19.34912649427025,108.68021502755016,1363.4656982421875,46.0,2.1785459518432617,3.0,3.0,0.6477828780709515,12.913804054260254,40.0,"{""type"":""Point"",""coordinates"":[108.67850051780653,19.350545757635686]}"
2052,0.0,26.0,30.0,11.507121086120605,30.0,18.52267643288029,109.96929746026171,2065.469482421875,51.0,0.7946891188621521,2.0,1.0,0.7050775469838096,14.031793594360352,45.0,"{""type"":""Point"",""coordinates"":[109.97103005177337,18.524439123322612]}"
2053,0.0,23.0,109.0,20.276752471923828,68.0,19.416500140579217,110.18938470487097,2847.34228515625,53.0,0.7649962902069092,4.0,3.0,0.7261360393691161,14.022915840148926,37.0,"{""type"":""Point"",""coordinates"":[110.19112424373279,19.414277281388127]}"
2054,0.0,30.0,165.0,65.36546325683594,111.0,19.38505910563503,110.14446894066504,2707.252685546875,42.0,6.741719722747803,5.0,3.0,0.6586429355678898,11.807467460632324,38.0,"{""type"":""Point"",""coordinates"":[110.14664927622147,19.38713922070886]}"
2055,0.0,24.0,127.0,13.932452201843262,94.0,19.420991716999815,109.24615365654546,2108.881591796875,57.0,1.1611114740371704,3.0,3.0,0.6877333543899925,13.594560623168945,32.0,"{""type"":""Point"",""coordinates"":[109.24777771979478,19.419781602152984]}"
2056,0.0,26.0,40.0,10.912858963012695,40.0,19.928539852527344,110.33760672675072,2257.222900390625,42.0,0.5393279194831848,3.0,4.0,0.7244668894652779,13.727469444274902,41.0,"{""type"":""Point"",""coordinates"":[110.33682989869504,19.929223006424607]}"
2057,0.0,23.0,11.0,4.919490814208984,10.0,18.441828057309536,108.91826857784184,1486.1839599609375,53.0,0.3647823929786682,2.0,1.0,0.7174618862037847,14.821467399597168,40.0,"{""type"":""Point"",""coordinates"":[108.91970621459743,18.44380560135385]}"
2058,0.0,23.0,192.0,17.042850494384766,95.0,19.21887077807292,109.84802489690554,2499.17626953125,55.0,0.9123567342758179,3.0,2.0,0.6799585021022891,13.794893264770508,38.0,"{""type"":""Point"",""coordinates"":[109.8491046525418,19.22031888552369]}"
2059,0.0,29.0,511.0,47.51346969604492,326.0,19.01225826272543,109.43030828978999,2160.3232421875,40.0,9.372471809387207,6.0,2.0,0.595023204357384,11.22773265838623,41.0,"{""type"":""Point"",""coordinates"":[109.43070418973976,19.011749268068904]}"
2060,0.0,22.0,30.0,7.865136623382568,30.0,19.10658136755798,108.7116560624944,1346.7899169921875,52.0,1.4959509372711182,2.0,2.0,0.6731257680953274,13.399064064025879,42.0,"{""type"":""Point"",""coordinates"":[108.71212028560785,19.10666498424101]}"
2062,0.0,23.0,21.0,14.172713279724121,24.0,18.917935157892877,110.40947194948029,2247.576416015625,50.0,0.8209140300750732,3.0,2.0,0.7325134653000116,14.004534721374512,43.0,"{""type"":""Point"",""coordinates"":[110.41023367549859,18.919073777293566]}"
2063,0.0,24.0,48.0,16.32221221923828,35.0,19.178446590287543,108.97216749488905,1805.0872802734375,49.0,2.1519925594329834,6.0,2.0,0.6942128120628845,13.024681091308594,42.0,"{""type"":""Point"",""coordinates"":[108.97201500712993,19.179916333323398]}"
2064,0.0,27.0,230.0,19.447513580322266,208.0,18.890985699369296,110.19387628129158,2396.410400390625,50.0,1.4163708686828613,3.0,2.0,0.6283792954206926,13.330290794372559,46.0,"{""type"":""Point"",""coordinates"":[110.19568152622371,18.892181864740156]}"
2065,0.0,24.0,74.0,16.389636993408203,44.0,19.74438521928284,109.69531129860525,2071.01123046875,50.0,1.4745601415634155,5.0,4.0,0.7354954385660577,13.387589454650879,34.0,"{""type"":""Point"",""coordinates"":[109.69496648423755,19.746368700186814]}"
2066,0.0,24.0,230.0,15.954224586486816,124.0,19.164971861025748,109.86599120258796,2440.383056640625,52.0,0.8610867857933044,4.0,2.0,0.6606484134258168,13.82807731628418,40.0,"{""type"":""Point"",""coordinates"":[109.86410121561741,19.165283844538834]}"
2067,0.0,28.0,70.0,14.021669387817383,63.0,19.730910490021046,110.62506761766895,2326.63671875,46.0,0.9347795248031616,6.0,3.0,0.719677006815365,13.400102615356445,37.0,"{""type"":""Point"",""coordinates"":[110.62446469837293,19.732014003334328]}"
2068,0.0,30.0,107.0,30.168285369873047,83.0,19.003275109884235,110.2073510105534,2662.99609375,38.0,1.9640198945999146,3.0,2.0,0.6681378626909811,13.080923080444336,45.0,"{""type"":""Point"",""coordinates"":[110.20835858267314,19.00341054548167]}"
2069,0.0,25.0,58.0,21.69630241394043,38.0,19.659045267291482,110.02768795372947,2470.471435546875,48.0,1.3884403705596924,4.0,3.0,0.7705448822087655,13.457283020019531,33.0,"{""type"":""Point"",""coordinates"":[110.02569998787168,19.657146280360088]}"
2070,0.0,33.0,283.0,49.1536979675293,166.0,19.313193882905473,109.66387026366107,2401.44921875,39.0,6.568488597869873,9.0,3.0,0.6505405133915169,11.756470680236816,37.0,"{""type"":""Point"",""coordinates"":[109.661862317353,19.31342435311636]}"
2071,0.0,31.0,533.0,71.48872375488281,473.0,18.563100620665672,109.54259770030495,2260.430419921875,42.0,17.62561798095703,5.0,1.0,0.5467312569976512,10.554985046386719,47.0,"{""type"":""Point"",""coordinates"":[109.544478753495,18.562185325649438]}"
2072,0.0,25.0,100.0,13.078523635864258,67.0,19.564722162458935,110.03667110657068,2582.3330078125,46.0,0.34949731826782227,5.0,3.0,0.7434117607599247,14.811800956726074,34.0,"{""type"":""Point"",""coordinates"":[110.03766924244485,19.56414918255569]}"
2073,0.0,24.0,199.0,10.121026992797852,93.0,18.65742372549822,109.25513680938667,1983.006103515625,49.0,0.6698805093765259,4.0,1.0,0.6216527876640139,14.099366188049316,45.0,"{""type"":""Point"",""coordinates"":[109.25706162432525,18.657803222001302]}"
2074,0.0,30.0,288.0,73.77717590332031,266.0,18.980817227781245,110.24328362191818,2675.0185546875,39.0,8.906595230102539,4.0,2.0,0.6119838477276951,11.444847106933594,45.0,"{""type"":""Point"",""coordinates"":[110.24290103917549,18.979019331191008]}"
2075,0.0,30.0,402.0,57.206600189208984,273.0,18.837086782322125,109.17878001023655,1934.22998046875,43.0,17.057273864746094,5.0,2.0,0.5481478560101832,10.691926002502441,45.0,"{""type"":""Point"",""coordinates"":[109.17734587074743,18.837370358591457]}"
2076,0.0,23.0,107.0,17.810022354125977,69.0,19.515314821832362,109.88395750827033,2528.166259765625,53.0,0.9089560508728027,4.0,3.0,0.7209069103624804,13.851682662963867,37.0,"{""type"":""Point"",""coordinates"":[109.88429994648358,19.514122062223468]}"
2077,0.0,24.0,170.0,19.13970947265625,146.0,19.254803389437704,110.17141839918861,2686.43310546875,52.0,0.8688706755638123,4.0,2.0,0.6868112480920188,13.857741355895996,37.0,"{""type"":""Point"",""coordinates"":[110.17059187292759,19.256024992888445]}"
2078,0.0,20.0,77.0,17.486488342285156,57.0,19.66353684371208,110.0052300716265,2470.471435546875,54.0,0.8877653479576111,2.0,3.0,0.7445067546375291,13.893348693847656,34.0,"{""type"":""Point"",""coordinates"":[110.00346567722828,19.662240371471498]}"
2079,0.0,27.0,258.0,15.413890838623047,167.0,19.15598870818455,109.91090696679396,2476.830810546875,43.0,0.7268742322921753,4.0,2.0,0.6571768982054054,13.978972434997559,41.0,"{""type"":""Point"",""coordinates"":[109.91237453355207,19.1561255582726]}"
2080,0.0,23.0,38.0,17.25564193725586,38.0,18.325047070373998,109.385392525584,1881.7244873046875,55.0,2.1749792098999023,3.0,0.0,0.715963268763885,13.0198974609375,37.0,"{""type"":""Point"",""coordinates"":[109.38692275923826,18.32354925854361]}"
2081,0.0,40.0,619.0,41.37380599975586,609.0,18.446319633730134,109.52463139462253,2127.970947265625,32.0,9.526854515075684,6.0,1.0,0.5828982081417906,11.12004566192627,42.0,"{""type"":""Point"",""coordinates"":[109.52526642086207,18.444967956638113]}"
2082,0.0,30.0,266.0,33.67861557006836,88.0,19.18742974312874,109.51115666536077,2236.683349609375,41.0,4.193881511688232,4.0,2.0,0.6559064811733557,12.219240188598633,38.0,"{""type"":""Point"",""coordinates"":[109.50994563301062,19.18557936600905]}"
2083,0.0,28.0,570.0,14.108085632324219,446.0,18.76522155959256,109.01708325909499,1763.3572998046875,49.0,2.4443631172180176,8.0,1.0,0.5884440499287682,12.531383514404297,42.0,"{""type"":""Point"",""coordinates"":[109.01525439875007,18.76563955951693]}"
2084,0.0,25.0,34.0,13.0565824508667,30.0,19.093106638296184,110.35557303243309,2651.1025390625,47.0,0.29291707277297974,4.0,2.0,0.7624246680016237,15.02758502960205,40.0,"{""type"":""Point"",""coordinates"":[110.35598091346563,19.095215913151282]}"
2085,0.0,32.0,33.0,5.307619571685791,34.0,19.816250442012404,109.25513680938667,1759.704833984375,35.0,0.11471964418888092,3.0,4.0,0.7387042350636801,15.965572357177734,33.0,"{""type"":""Point"",""coordinates"":[109.25328800132422,19.816437799725605]}"
2086,0.0,23.0,26.0,8.6788911819458,27.0,19.83421674769479,110.69244126397791,2152.051025390625,54.0,0.4015127122402191,3.0,4.0,0.7385645920378319,13.750995635986328,40.0,"{""type"":""Point"",""coordinates"":[110.69377857928464,19.832380714846998]}"
2087,0.0,24.0,99.0,21.30264663696289,67.0,19.178446590287543,110.09506160003843,2579.90234375,48.0,1.1594088077545166,4.0,2.0,0.7076442293772968,13.613112449645996,41.0,"{""type"":""Point"",""coordinates"":[110.0962804692948,19.178691206270486]}"
2088,0.0,25.0,354.0,21.704837799072266,163.0,19.034716144828415,109.70878602786706,2271.38134765625,51.0,2.051159143447876,3.0,2.0,0.6376047812854347,12.874777793884277,40.0,"{""type"":""Point"",""coordinates"":[109.71050913463809,19.033304432877355]}"
2089,0.0,26.0,262.0,73.41881561279297,240.0,18.805645747377937,110.13099421140322,2400.6650390625,49.0,12.15503978729248,4.0,1.0,0.5888985041410923,11.144437789916992,46.0,"{""type"":""Point"",""coordinates"":[110.1322921498294,18.80534703549276]}"
2090,0.0,22.0,78.0,6.34575891494751,74.0,19.34912649427025,108.96318434204784,1764.2918701171875,58.0,0.33987367153167725,2.0,3.0,0.6546822347316144,14.85295295715332,41.0,"{""type"":""Point"",""coordinates"":[108.96486806020151,19.34963331502924]}"
2091,0.0,29.0,1435.0,19.666194915771484,1240.0,19.034716144828415,109.51115666536077,2209.655029296875,39.0,6.889952182769775,9.0,2.0,0.555571526626004,10.174813270568848,41.0,"{""type"":""Point"",""coordinates"":[109.51337189745857,19.03452842461077]}"
2092,0.0,27.0,33.0,4.354304790496826,33.0,19.838708324115387,110.91252850858717,1639.7347412109375,49.0,0.12195760011672974,2.0,4.0,0.660751911213604,14.509331703186035,49.0,"{""type"":""Point"",""coordinates"":[110.91448473794223,19.839908045306938]}"
2093,0.0,21.0,39.0,10.349893569946289,39.0,19.681503149394473,109.38090094916339,2006.534912109375,57.0,0.6693578362464905,2.0,3.0,0.7536728975185005,14.19820499420166,31.0,"{""type"":""Point"",""coordinates"":[109.37906964506507,19.681394379299373]}"
2094,0.0,31.0,349.0,22.04216194152832,171.0,19.169463437446346,109.52463139462253,2236.683349609375,36.0,2.1319222450256348,5.0,2.0,0.654756457114142,12.839694023132324,36.0,"{""type"":""Point"",""coordinates"":[109.52629092658007,19.170801618151696]}"
2095,0.0,25.0,30.0,14.502898216247559,30.0,19.38505910563503,110.61608446482774,2422.916015625,47.0,0.728808581829071,7.0,3.0,0.7614539068930541,13.846409797668457,38.0,"{""type"":""Point"",""coordinates"":[110.61711277989872,19.38587827044497]}"
2096,0.0,23.0,118.0,9.50931167602539,80.0,19.0706487561932,109.04403271761862,1784.18994140625,55.0,0.9185059666633606,2.0,2.0,0.6490874207228313,13.834519386291504,40.0,"{""type"":""Point"",""coordinates"":[109.04202812589664,19.071824721986168]}"
2097,0.0,33.0,1107.0,15.53920841217041,978.0,18.895477275789894,109.19225473949831,1863.958251953125,40.0,3.908883571624756,10.0,2.0,0.5457198609306313,11.455257415771484,45.0,"{""type"":""Point"",""coordinates"":[109.19183382032682,18.896511461303177]}"
2098,0.0,28.0,287.0,25.02560806274414,70.0,19.025732991987226,109.63692080513749,2278.677978515625,45.0,2.495054006576538,4.0,2.0,0.6699866502901484,12.725480079650879,41.0,"{""type"":""Point"",""coordinates"":[109.6376244427417,19.02389114902508]}"
2099,0.0,29.0,36.0,8.157576560974121,36.0,19.964472463892122,110.29269096254473,2256.103271484375,44.0,0.1720791757106781,2.0,4.0,0.743200789433964,14.645851135253906,38.0,"{""type"":""Point"",""coordinates"":[110.29186115748158,19.963981492402773]}"
2100,0.0,28.0,657.0,48.32403564453125,590.0,18.643948996236425,109.385392525584,2157.947509765625,50.0,12.056248664855957,7.0,1.0,0.5620204398442329,10.84482479095459,45.0,"{""type"":""Point"",""coordinates"":[109.38350523234405,18.642824337736158]}"
2101,0.0,26.0,90.0,14.984314918518066,70.0,19.614129503085508,110.06362056509425,2590.339111328125,46.0,0.5384576916694641,4.0,3.0,0.7395590864812467,14.385605812072754,34.0,"{""type"":""Point"",""coordinates"":[110.06224705462995,19.611942955638945]}"
2102,0.0,27.0,239.0,44.33262252807617,213.0,18.967342498519457,110.19387628129158,2514.501708984375,49.0,4.718822479248047,3.0,2.0,0.6258735382754399,12.1188383102417,45.0,"{""type"":""Point"",""coordinates"":[110.19346727401722,18.96753201582922]}"
2103,0.0,20.0,11.0,11.01269817352295,11.0,19.66353684371208,109.32251045569564,1983.560546875,55.0,0.755520761013031,2.0,3.0,0.7625119782619056,14.093317031860352,36.0,"{""type"":""Point"",""coordinates"":[109.3211621990128,19.66397121743814]}"
2104,0.0,29.0,447.0,57.62638854980469,293.0,18.985308804201843,109.84802489690554,2377.556396484375,42.0,9.433650970458984,4.0,2.0,0.6040589704407537,11.271392822265625,42.0,"{""type"":""Point"",""coordinates"":[109.84934679992041,18.985483388497425]}"
2105,0.0,26.0,62.0,12.396178245544434,63.0,19.88811566474196,110.13099421140322,2316.19970703125,44.0,0.5949766635894775,2.0,4.0,0.7310971823054494,14.024624824523926,34.0,"{""type"":""Point"",""coordinates"":[110.13086542831373,19.88875339204574]}"
2106,0.0,29.0,507.0,41.714012145996094,331.0,18.76971313601316,109.4347998662106,2212.157470703125,49.0,7.668933391571045,6.0,1.0,0.5861870119347463,11.434528350830078,45.0,"{""type"":""Point"",""coordinates"":[109.43492440312968,18.770841916277032]}"
2107,0.0,26.0,119.0,23.186742782592773,100.0,19.55573900961774,109.49768193609896,2160.47705078125,52.0,2.4947993755340576,4.0,3.0,0.6712477031383806,12.834145545959473,34.0,"{""type"":""Point"",""coordinates"":[109.49770839545428,19.55697791563464]}"
2108,0.0,21.0,58.0,8.810935974121094,24.0,19.726418913600448,109.8031091326996,2236.322509765625,52.0,0.1720791757106781,3.0,3.0,0.767883955431358,15.54545783996582,35.0,"{""type"":""Point"",""coordinates"":[109.80246983688563,19.724532953450062]}"
2109,0.0,28.0,199.0,40.31600570678711,125.0,19.35361807069085,110.0052300716265,2704.74267578125,45.0,3.1767780780792236,5.0,3.0,0.6709130405289954,12.541862487792969,38.0,"{""type"":""Point"",""coordinates"":[110.00671559566747,19.35406281022198]}"
2110,0.0,23.0,123.0,22.97342872619629,68.0,19.4389580226822,110.03667110657068,2726.96142578125,53.0,1.1569832563400269,4.0,3.0,0.7192602671773849,13.600582122802734,38.0,"{""type"":""Point"",""coordinates"":[110.03512188020625,19.44011412666627]}"
2111,0.0,29.0,10.0,7.82412052154541,11.0,19.89260724116256,109.57403873524913,1771.19140625,42.0,0.5768138766288757,2.0,4.0,0.7550587654110827,14.363802909851074,35.0,"{""type"":""Point"",""coordinates"":[109.57256607297916,19.89324745727948]}"
2112,0.0,28.0,79.0,19.87607192993164,79.0,19.789300983488815,109.99175534236468,2374.24169921875,46.0,1.4091088771820068,4.0,4.0,0.7225508253429873,13.43002700805664,32.0,"{""type"":""Point"",""coordinates"":[109.99088734287133,19.78796979901151]}"
2113,0.0,23.0,81.0,51.92501449584961,81.0,18.468777515833118,109.85700804974675,2241.07861328125,56.0,7.710196495056152,3.0,1.0,0.6352309068072448,11.723383903503418,44.0,"{""type"":""Point"",""coordinates"":[109.85909569318396,18.46777225614903]}"
2114,0.0,26.0,45.0,21.36878204345703,24.0,19.569213738879533,110.14896051708558,2668.114990234375,46.0,1.0483888387680054,6.0,3.0,0.7928479528043298,13.745938301086426,34.0,"{""type"":""Point"",""coordinates"":[110.1496220973831,19.568399923761515]}"
2115,0.0,25.0,86.0,84.39964294433594,76.0,18.80115417095734,110.21184258697394,2439.087646484375,50.0,12.881752967834473,5.0,1.0,0.6164184464562955,11.19612979888916,48.0,"{""type"":""Point"",""coordinates"":[110.21103404756175,18.802239382849883]}"
2116,0.0,25.0,84.0,69.9339828491211,54.0,19.10208979113738,110.10404475287964,2666.292724609375,48.0,7.259789943695068,5.0,2.0,0.6813485217948012,11.782469749450684,45.0,"{""type"":""Point"",""coordinates"":[110.10282580334568,19.102737393659424]}"
2117,0.0,24.0,23.0,11.261884689331055,26.0,18.908952005051688,110.42294667874205,2247.576416015625,47.0,0.4628574550151825,3.0,2.0,0.7316987274582132,14.563033103942871,43.0,"{""type"":""Point"",""coordinates"":[110.42084660923753,18.908763474548213]}"
2118,0.0,27.0,239.0,22.157886505126953,123.0,19.138022402502166,109.85700804974675,2409.646240234375,51.0,1.7786215543746948,3.0,2.0,0.6449217933926872,13.096501350402832,42.0,"{""type"":""Point"",""coordinates"":[109.85493629636069,19.139970904487964]}"
2119,0.0,23.0,63.0,20.74051284790039,49.0,19.681503149394473,110.13099421140322,2586.041259765625,53.0,1.1201428174972534,2.0,3.0,0.7734302351684236,13.669120788574219,31.0,"{""type"":""Point"",""coordinates"":[110.12949053583588,19.679799030683615]}"
2120,0.0,26.0,149.0,25.7105655670166,128.0,19.29522757722308,110.23879204549758,2755.386474609375,43.0,1.3314565420150757,4.0,3.0,0.685505166948728,13.443990707397461,37.0,"{""type"":""Point"",""coordinates"":[110.23866649781881,19.29589611555938]}"
2121,0.0,30.0,1060.0,30.9162654876709,1006.0,19.0751403326138,109.11140636392759,1989.575927734375,48.0,11.912880897521973,8.0,2.0,0.5583803753955416,10.39822006225586,39.0,"{""type"":""Point"",""coordinates"":[109.11085596917609,19.074924076181997]}"
2122,0.0,26.0,140.0,77.13520812988281,143.0,18.257673424065032,109.66387026366107,2181.55810546875,51.0,16.349712371826172,5.0,0.0,0.5946841240440567,10.914161682128906,41.0,"{""type"":""Point"",""coordinates"":[109.6644312091801,18.257652905763745]}"
2123,0.0,27.0,470.0,28.472148895263672,462.0,18.513693280039092,109.22369577444249,1971.77587890625,52.0,5.497373104095459,5.0,1.0,0.5856408165087049,11.799643516540527,44.0,"{""type"":""Point"",""coordinates"":[109.22312063917926,18.51356416386434]}"
2124,0.0,29.0,148.0,21.719482421875,145.0,18.423861751627143,109.25513680938667,1874.107666015625,52.0,3.6252870559692383,4.0,1.0,0.6093151849445907,12.441798210144043,43.0,"{""type"":""Point"",""coordinates"":[109.2562667674222,18.422721519055038]}"
2125,0.0,30.0,273.0,37.23905944824219,211.0,19.084123485454995,109.93336484889693,2456.61181640625,44.0,3.8991944789886475,4.0,2.0,0.6334310781541372,12.287617683410645,43.0,"{""type"":""Point"",""coordinates"":[109.93447421610027,19.0836429522833]}"
2126,0.0,30.0,285.0,39.24529266357422,285.0,18.325047070373998,109.36742621990163,1881.7244873046875,48.0,9.628003120422363,4.0,0.0,0.6092790892851236,11.367635726928711,37.0,"{""type"":""Point"",""coordinates"":[109.36617093604472,18.325824360345706]}"
2127,0.0,32.0,17.0,7.959995269775391,18.0,19.72192733717985,110.76879806312809,2135.3681640625,39.0,0.29335615038871765,7.0,3.0,0.7514801167585217,14.078460693359375,40.0,"{""type"":""Point"",""coordinates"":[110.76785798137983,19.719834588054336]}"
2128,0.0,29.0,586.0,52.65563201904297,519.0,18.65742372549822,109.38090094916339,2109.100830078125,48.0,13.956355094909668,5.0,1.0,0.5606966907628314,10.756155014038086,44.0,"{""type"":""Point"",""coordinates"":[109.38036806572393,18.65893404827794]}"
2129,0.0,32.0,19.0,6.39107084274292,20.0,19.93752300536854,109.58751346451089,1608.80517578125,40.0,0.5609893202781677,3.0,4.0,0.7400220845712605,14.386443138122559,34.0,"{""type"":""Point"",""coordinates"":[109.58774659739963,19.9383698796518]}"
2130,0.0,28.0,61.0,15.893502235412598,53.0,19.753368372124037,110.5262529364158,2300.5517578125,42.0,1.2200886011123657,5.0,4.0,0.7412056538657675,13.141993522644043,34.0,"{""type"":""Point"",""coordinates"":[110.52629896740969,19.751726148906535]}"
2131,0.0,28.0,215.0,32.869476318359375,172.0,18.581066926348058,109.12038951676874,1861.2073974609375,50.0,6.997348785400391,5.0,1.0,0.572097739078345,11.737879753112793,48.0,"{""type"":""Point"",""coordinates"":[109.11998796236519,18.579804662326055]}"
2132,0.0,22.0,64.0,14.035865783691406,39.0,19.726418913600448,109.87497435542917,2301.293212890625,54.0,0.7615687251091003,2.0,3.0,0.751500088325858,14.054428100585938,35.0,"{""type"":""Point"",""coordinates"":[109.87375623571504,19.72787858244694]}"
2133,0.0,29.0,326.0,77.4169921875,329.0,18.98980038062244,110.40947194948029,2450.390625,45.0,13.294233322143555,6.0,2.0,0.6124642070852298,11.007935523986816,40.0,"{""type"":""Point"",""coordinates"":[110.41116965907878,18.990376002099882]}"
2134,0.0,26.0,1123.0,34.120758056640625,1022.0,18.810137323798536,109.60997134661392,2223.934326171875,48.0,9.958580017089844,6.0,1.0,0.5360343497513872,10.486367225646973,47.0,"{""type"":""Point"",""coordinates"":[109.6114915197784,18.812143623525664]}"
2135,0.0,29.0,296.0,19.15325927734375,291.0,18.54513431498328,109.83455016764378,2248.7099609375,43.0,1.6580640077590942,5.0,1.0,0.6116935533052071,13.12833023071289,47.0,"{""type"":""Point"",""coordinates"":[109.83444232839322,18.54621042685567]}"
2136,0.0,30.0,462.0,8.190736770629883,439.0,18.814628900219134,108.8733528136359,1565.10791015625,47.0,1.292292594909668,7.0,1.0,0.5907363940697589,13.256622314453125,41.0,"{""type"":""Point"",""coordinates"":[108.87455616402427,18.81346771211067]}"
2137,0.0,26.0,177.0,25.20754051208496,111.0,19.4389580226822,109.51115666536077,2343.00732421875,53.0,2.3461174964904785,4.0,3.0,0.6832972443824372,12.859501838684082,33.0,"{""type"":""Point"",""coordinates"":[109.5121082688124,19.440012232733903]}"
2138,0.0,25.0,90.0,9.706538200378418,93.0,18.648440572657023,108.8239454730093,1472.679931640625,51.0,1.7497459650039673,4.0,1.0,0.594305340252367,13.206807136535645,45.0,"{""type"":""Point"",""coordinates"":[108.8238814659975,18.647115891042414]}"
2139,0.0,27.0,22.0,17.283710479736328,24.0,19.66353684371208,110.75083175744567,2115.774658203125,46.0,1.9519416093826294,5.0,3.0,0.7489799800504416,12.68193531036377,37.0,"{""type"":""Point"",""coordinates"":[110.75078894070847,19.66152177729373]}"
2140,0.0,24.0,15.0,10.00385570526123,15.0,18.37894598742117,109.0709821761422,1673.585693359375,51.0,1.1921205520629883,2.0,1.0,0.7200547502854623,13.634848594665527,40.0,"{""type"":""Point"",""coordinates"":[109.07311981721199,18.38105750149537]}"
2141,0.0,29.0,100.0,10.314191818237305,75.0,19.66353684371208,109.5920050409315,2038.772216796875,47.0,0.67948979139328,3.0,3.0,0.7037321940089358,14.146920204162598,33.0,"{""type"":""Point"",""coordinates"":[109.59293546500822,19.661677706342083]}"
2142,0.0,22.0,36.0,19.02043342590332,27.0,19.677011572973875,110.22082573981515,2595.80908203125,53.0,0.9196988940238953,2.0,3.0,0.7965770040933154,13.84417724609375,32.0,"{""type"":""Point"",""coordinates"":[110.22229809695274,19.67786368022008]}"
2143,0.0,23.0,77.0,9.273322105407715,67.0,19.281752847961286,108.96767591846844,1794.6380615234375,56.0,0.8584142327308655,2.0,3.0,0.671352932393255,13.926974296569824,39.0,"{""type"":""Point"",""coordinates"":[108.9685021589738,19.282164600934564]}"
2145,0.0,24.0,67.0,8.898438453674316,62.0,18.48674382151551,109.66387026366107,2264.468505859375,51.0,0.19029276072978973,3.0,1.0,0.6823347238811803,15.439520835876465,45.0,"{""type"":""Point"",""coordinates"":[109.66364358558387,18.487525821782306]}"
2146,0.0,33.0,566.0,84.85575866699219,397.0,19.138022402502166,109.66836184008167,2401.442626953125,38.0,20.178810119628906,6.0,2.0,0.5759758926170169,10.381935119628906,40.0,"{""type"":""Point"",""coordinates"":[109.66764243892372,19.139073908051028]}"
2147,0.0,22.0,128.0,13.206418991088867,88.0,19.501840092570568,109.88395750827033,2528.166259765625,53.0,0.41955065727233887,4.0,3.0,0.6962864898702276,14.61201286315918,38.0,"{""type"":""Point"",""coordinates"":[109.88417945934712,19.499998159669573]}"
2148,0.0,26.0,28.0,16.219995498657227,28.0,19.26827811869949,110.5711687006218,2536.80908203125,43.0,0.7286781072616577,5.0,2.0,0.7511895115913672,13.96369457244873,42.0,"{""type"":""Point"",""coordinates"":[110.56987463134483,19.26784052302973]}"
2149,0.0,27.0,327.0,67.24034118652344,164.0,19.12454767324037,109.76268494491421,2475.905517578125,44.0,9.756985664367676,4.0,2.0,0.6234914050727398,11.325023651123047,40.0,"{""type"":""Point"",""coordinates"":[109.7622750321648,19.123415805003305]}"
2150,0.0,29.0,81.0,50.63072204589844,81.0,18.697847913283596,110.21184258697394,2274.042724609375,46.0,7.166032314300537,5.0,1.0,0.6359339963167766,11.797404289245605,45.0,"{""type"":""Point"",""coordinates"":[110.21188644548974,18.696796132700005]}"
2151,0.0,30.0,280.0,27.461219787597656,213.0,18.536151162142083,109.46174932473417,2210.3291015625,42.0,3.1781117916107178,5.0,1.0,0.6136014924558089,12.487875938415527,45.0,"{""type"":""Point"",""coordinates"":[109.46185860274393,18.535483514356276]}"
2152,0.0,23.0,37.0,17.06976318359375,28.0,19.6320958087679,110.34658987959187,2562.081298828125,54.0,0.8876270055770874,4.0,3.0,0.786427479475679,13.64389419555664,34.0,"{""type"":""Point"",""coordinates"":[110.34741358591216,19.630308241445036]}"
2153,0.0,24.0,51.0,35.02418518066406,54.0,18.401403869524152,109.70878602786706,2153.691162109375,56.0,4.6856184005737305,3.0,1.0,0.6818011895157645,12.243053436279297,42.0,"{""type"":""Point"",""coordinates"":[109.7103188898055,18.40361306641391]}"
2154,0.0,26.0,76.0,5.5796403884887695,71.0,18.93590146357527,108.79250443806512,1306.0469970703125,48.0,0.9256570935249329,2.0,2.0,0.610798392066171,13.852141380310059,45.0,"{""type"":""Point"",""coordinates"":[108.79029784081555,18.934384463948845]}"
2155,0.0,24.0,22.0,8.681343078613281,22.0,20.004896651677498,110.30167411538594,2156.437255859375,48.0,0.3402756154537201,2.0,4.0,0.7529366344454685,13.984156608581543,38.0,"{""type"":""Point"",""coordinates"":[110.30199745993137,20.00411351130978]}"
2156,0.0,28.0,379.0,24.56889533996582,166.0,18.95835934567826,109.6414123815581,2169.785888671875,45.0,2.909255266189575,5.0,2.0,0.6151831890231425,12.506808280944824,43.0,"{""type"":""Point"",""coordinates"":[109.64163284853123,18.959032521352068]}"
2157,0.0,24.0,15.0,11.041397094726562,16.0,19.488365363308773,110.74184860460451,2353.693359375,51.0,0.42151471972465515,4.0,3.0,0.7729681262259717,14.24643611907959,38.0,"{""type"":""Point"",""coordinates"":[110.74372495077381,19.49047031443472]}"
2158,0.0,26.0,562.0,46.027191162109375,424.0,19.196412895969935,109.72226075712882,2474.166259765625,49.0,6.316928386688232,5.0,2.0,0.622826613183682,11.585224151611328,40.0,"{""type"":""Point"",""coordinates"":[109.7220452239816,19.195651901516193]}"
2159,0.0,24.0,81.0,8.548569679260254,43.0,19.694977878656267,109.65039553439925,2111.040771484375,52.0,0.2933369576931,4.0,3.0,0.7514526219489033,14.998414039611816,32.0,"{""type"":""Point"",""coordinates"":[109.64832891374643,19.69331513928645]}"
2160,0.0,28.0,1037.0,17.29299545288086,1004.0,18.720305795386587,108.90479384858008,1526.61865234375,47.0,8.635383605957031,7.0,1.0,0.5104906507422313,10.759613990783691,46.0,"{""type"":""Point"",""coordinates"":[108.90460129609993,18.721721987526625]}"
2161,0.0,24.0,12.0,7.678873062133789,12.0,19.6320958087679,109.30005257359267,2061.268310546875,52.0,0.21573026478290558,2.0,3.0,0.7682095792147896,15.346174240112305,36.0,"{""type"":""Point"",""coordinates"":[109.30069024830699,19.63101727984509]}"
2162,0.0,30.0,264.0,40.75835037231445,267.0,18.194791354176665,109.5920050409315,1860.47900390625,46.0,10.18286418914795,4.0,0.0,0.5942243427561836,11.324687004089355,40.0,"{""type"":""Point"",""coordinates"":[109.59422209607173,18.195231893733926]}"
2163,0.0,28.0,928.0,17.715389251708984,912.0,18.751746830330767,108.85538650795348,1512.2493896484375,47.0,7.987120628356934,7.0,1.0,0.5178388377724192,10.980645179748535,46.0,"{""type"":""Point"",""coordinates"":[108.85314210479198,18.751689222633598]}"
2164,0.0,26.0,714.0,46.28097915649414,558.0,18.74725525391017,109.37191779632224,2131.292236328125,51.0,11.905014991760254,6.0,1.0,0.5524987658850725,10.804365158081055,46.0,"{""type"":""Point"",""coordinates"":[109.37084852717352,18.748938504271432]}"
2165,0.0,28.0,77.0,16.28776741027832,67.0,19.40751698773802,110.43642140800387,2623.61328125,39.0,0.6108308434486389,4.0,3.0,0.7216006670561576,14.247379302978516,39.0,"{""type"":""Point"",""coordinates"":[110.43589654013304,19.406345164041678]}"
2166,0.0,29.0,425.0,93.59492492675781,295.0,19.209887625231723,109.78514282701718,2643.97607421875,41.0,15.147942543029785,6.0,2.0,0.6163049726686942,10.799936294555664,38.0,"{""type"":""Point"",""coordinates"":[109.78617644132201,19.21179676564398]}"
2167,0.0,28.0,445.0,71.0200424194336,428.0,19.196412895969935,110.18489312845037,2764.740234375,47.0,8.812756538391113,4.0,2.0,0.6209146669643714,11.342171669006348,41.0,"{""type"":""Point"",""coordinates"":[110.18474397636317,19.196719900059396]}"
2168,0.0,20.0,29.0,4.431177616119385,30.0,19.173955013866944,108.73411394459737,1364.2677001953125,56.0,0.4029559791088104,2.0,2.0,0.6821726686475588,14.711545944213867,41.0,"{""type"":""Point"",""coordinates"":[108.73307502121402,19.171820246497752]}"
2169,0.0,27.0,76.0,50.031951904296875,73.0,18.868527817266305,110.28819938612412,2483.689697265625,49.0,5.453123569488525,3.0,2.0,0.6520648027930374,12.075762748718262,47.0,"{""type"":""Point"",""coordinates"":[110.28975626476976,18.867363737064917]}"
2170,0.0,26.0,124.0,12.998797416687012,63.0,19.317685459326064,109.2775946914897,2069.657470703125,46.0,0.9750241637229919,4.0,3.0,0.6902383197698642,13.771116256713867,39.0,"{""type"":""Point"",""coordinates"":[109.27629872851129,19.319093655994635]}"
2171,0.0,25.0,90.0,14.589686393737793,48.0,19.394042258476226,110.18489312845037,2691.153076171875,47.0,0.4015127122402191,4.0,3.0,0.7561368283453279,14.679088592529297,36.0,"{""type"":""Point"",""coordinates"":[110.18611635227937,19.395596246156064]}"
2172,0.0,22.0,58.0,6.2571587562561035,54.0,19.093106638296184,108.81496232016809,1515.2474365234375,58.0,0.6989075541496277,3.0,2.0,0.6626398357401008,14.143847465515137,41.0,"{""type"":""Point"",""coordinates"":[108.81524796718877,19.094297114009194]}"
2173,0.0,25.0,90.0,14.646646499633789,49.0,19.41200856415862,110.24777519833873,2662.736083984375,45.0,0.41799038648605347,4.0,3.0,0.7460834850070265,14.63886833190918,38.0,"{""type"":""Point"",""coordinates"":[110.24809356242545,19.410827608145016]}"
2174,0.0,32.0,132.0,37.92747116088867,98.0,18.6888647604424,109.68632814576404,2306.754150390625,41.0,4.502955436706543,6.0,1.0,0.6127220349502009,12.234197616577148,48.0,"{""type"":""Point"",""coordinates"":[109.68721004202713,18.68777427276238]}"
2175,0.0,22.0,56.0,11.957688331604004,52.0,19.38505910563503,109.05301587045977,1902.9833984375,54.0,1.0893751382827759,3.0,3.0,0.7133556006291403,13.701115608215332,35.0,"{""type"":""Point"",""coordinates"":[109.05323342869902,19.387276388166484]}"
2176,0.0,26.0,65.0,13.37697982788086,65.0,19.4434495991028,110.58913500630416,2491.82763671875,43.0,0.503695011138916,3.0,3.0,0.7136125120414365,14.18883991241455,40.0,"{""type"":""Point"",""coordinates"":[110.58879803020972,19.444639442793456]}"
2177,0.0,27.0,32.0,26.39499855041504,32.0,18.42835332804774,109.89294066111154,2058.772216796875,51.0,3.405487060546875,3.0,1.0,0.706637699399872,12.574324607849121,42.0,"{""type"":""Point"",""coordinates"":[109.89482937269831,18.4301195046783]}"
2178,0.0,32.0,871.0,42.59439468383789,770.0,18.819120476639732,109.68183656934343,2181.523681640625,43.0,11.814099311828613,5.0,1.0,0.5417666657613384,10.648262023925781,47.0,"{""type"":""Point"",""coordinates"":[109.68167537296554,18.8178244369209]}"
2179,0.0,26.0,355.0,65.59391021728516,330.0,19.277261271540688,109.07996532898335,2026.4642333984375,52.0,18.34310531616211,5.0,2.0,0.5739260463717345,10.648634910583496,40.0,"{""type"":""Point"",""coordinates"":[109.08180969416809,19.27895176742897]}"
2180,0.0,23.0,33.0,11.46911334991455,17.0,19.708452607918062,110.06362056509425,2479.068603515625,46.0,0.2510414123535156,3.0,3.0,0.8047369286698679,15.182440757751465,32.0,"{""type"":""Point"",""coordinates"":[110.06283848437364,19.70620995770373]}"
2181,0.0,24.0,24.0,8.306192398071289,24.0,19.6320958087679,109.36293464348103,2061.081298828125,51.0,0.2982463538646698,3.0,3.0,0.7545215562300914,15.015357971191406,36.0,"{""type"":""Point"",""coordinates"":[109.36321403080936,19.632935410449324]}"
2182,0.0,30.0,79.0,23.351314544677734,63.0,19.55573900961774,110.26124992760055,2597.77294921875,42.0,1.4095962047576904,2.0,3.0,0.7252052038563306,13.429680824279785,38.0,"{""type"":""Point"",""coordinates"":[110.26251786393247,19.555283225080498]}"
2183,0.0,24.0,112.0,10.649320602416992,78.0,19.41200856415862,109.2371705037043,2108.881591796875,57.0,0.656779944896698,4.0,3.0,0.709152646787751,14.173625946044922,32.0,"{""type"":""Point"",""coordinates"":[109.23891072397167,19.40995699278398]}"
2184,0.0,28.0,41.0,9.980948448181152,40.0,19.82972517127419,110.33311515033012,2273.386962890625,44.0,0.3500835597515106,7.0,4.0,0.7557069253319841,14.571271896362305,35.0,"{""type"":""Point"",""coordinates"":[110.33273153930759,19.831257319919047]}"
2185,0.0,26.0,59.0,11.994415283203125,53.0,19.21887077807292,108.8733528136359,1652.4957275390625,51.0,1.7928730249404907,3.0,2.0,0.6637407957090401,13.200923919677734,42.0,"{""type"":""Point"",""coordinates"":[108.87418896128275,19.218035880506232]}"
2186,0.0,21.0,22.0,6.216174602508545,23.0,19.919556699686147,110.83617170943705,1836.2030029296875,57.0,0.37657061219215393,2.0,4.0,0.6791828400456755,13.407381057739258,50.0,"{""type"":""Point"",""coordinates"":[110.83520465539627,19.917595829166928]}"
2187,0.0,30.0,534.0,49.4025764465332,379.0,19.178446590287543,109.65488711081986,2477.897705078125,41.0,6.9150285720825195,4.0,2.0,0.6262621860903922,11.517208099365234,39.0,"{""type"":""Point"",""coordinates"":[109.65536110005576,19.178701936079644]}"
2188,0.0,25.0,210.0,29.483013153076172,99.0,19.025732991987226,109.91090696679396,2414.850830078125,49.0,2.624601125717163,3.0,2.0,0.6488720943393793,12.726018905639648,41.0,"{""type"":""Point"",""coordinates"":[109.90869745200489,19.024570557774425]}"
2189,0.0,20.0,12.0,3.117504358291626,12.0,18.864036240845707,108.6622487218678,1159.43359375,58.0,0.33958736062049866,2.0,2.0,0.668804137421428,14.892464637756348,46.0,"{""type"":""Point"",""coordinates"":[108.66144294812882,18.86287121023997]}"
2190,0.0,22.0,144.0,11.950047492980957,96.0,19.488365363308773,109.5515808531461,2276.25439453125,54.0,0.5505911707878113,3.0,3.0,0.6789636089078346,14.330290794372559,36.0,"{""type"":""Point"",""coordinates"":[109.55237072420968,19.48646232483379]}"
2191,0.0,34.0,52.0,15.432570457458496,53.0,19.928539852527344,110.09955317645904,2271.869140625,38.0,1.1943058967590332,3.0,4.0,0.7386752848859492,13.33549976348877,34.0,"{""type"":""Point"",""coordinates"":[110.0983957751929,19.92648766105873]}"
2192,0.0,24.0,3.0,7.650334358215332,6.0,18.783187865274954,110.43642140800387,2122.045654296875,44.0,0.11471964418888092,3.0,1.0,0.7312910882487952,15.963826179504395,47.0,"{""type"":""Point"",""coordinates"":[110.43604498038121,18.781767773856146]}"
2193,0.0,27.0,23.0,11.525099754333496,24.0,19.847691476956584,109.27310311506909,1759.704833984375,45.0,1.3111129999160767,2.0,4.0,0.7409117249670845,13.535059928894043,34.0,"{""type"":""Point"",""coordinates"":[109.27201244460709,19.84597433066766]}"
2194,0.0,32.0,665.0,47.69131851196289,511.0,19.138022402502166,109.29106942075146,1970.8997802734375,39.0,15.016297340393066,5.0,2.0,0.5635530330410767,10.609582901000977,40.0,"{""type"":""Point"",""coordinates"":[109.2922604420752,19.13679599618539]}"
2195,0.0,25.0,338.0,17.203357696533203,317.0,18.666406878339416,108.9811506477302,1721.463623046875,52.0,3.160357713699341,4.0,1.0,0.5725381023955768,12.453289985656738,47.0,"{""type"":""Point"",""coordinates"":[108.9798292004273,18.667236756298898]}"
2196,0.0,28.0,14.0,11.496258735656738,14.0,19.91057354684495,109.82107543838197,1963.521240234375,40.0,0.9786794781684875,3.0,4.0,0.7667276253060491,13.58012580871582,34.0,"{""type"":""Point"",""coordinates"":[109.82272296866732,19.91032540018129]}"
2197,0.0,27.0,196.0,16.222396850585938,180.0,19.088615061875586,108.91826857784184,1629.420166015625,47.0,3.1094729900360107,4.0,2.0,0.6115210246263703,12.565250396728516,39.0,"{""type"":""Point"",""coordinates"":[108.91660257725378,19.08861575254219]}"
2198,0.0,28.0,16.0,7.545343399047852,16.0,19.681503149394473,111.00685161341977,1649.62158203125,41.0,1.4795185327529907,3.0,3.0,0.6824245465300458,12.05244255065918,48.0,"{""type"":""Point"",""coordinates"":[111.0048326714893,19.680460504828087]}"
2199,0.0,25.0,330.0,29.618080139160156,139.0,19.052682450510808,109.69531129860525,2321.585693359375,48.0,3.0888540744781494,4.0,2.0,0.6341608860619891,12.48186206817627,41.0,"{""type"":""Point"",""coordinates"":[109.69606249553885,19.053463751536302]}"
2200,0.0,26.0,178.0,84.4273910522461,154.0,19.15598870818455,110.12650263498261,2687.420166015625,50.0,10.543817520141602,4.0,2.0,0.6256980661531354,11.345269203186035,42.0,"{""type"":""Point"",""coordinates"":[110.12710144772029,19.154907784029078]}"
2201,0.0,21.0,55.0,11.057543754577637,55.0,19.820742018433002,110.05463741225304,2346.8359375,53.0,0.3764720857143402,2.0,4.0,0.7431462836439621,14.487778663635254,34.0,"{""type"":""Point"",""coordinates"":[110.05426816020453,19.821825953593155]}"
2202,0.0,27.0,25.0,8.8143892288208,27.0,18.751746830330767,110.30616569180654,2185.83642578125,53.0,0.3113349676132202,2.0,1.0,0.7001636623551013,14.971829414367676,49.0,"{""type"":""Point"",""coordinates"":[110.3057448083202,18.75393036979456]}"
2203,0.0,25.0,142.0,12.383604049682617,96.0,19.528789551094157,109.58751346451089,2219.676513671875,52.0,0.7144662141799927,2.0,3.0,0.67879734429683,14.070969581604004,35.0,"{""type"":""Point"",""coordinates"":[109.58805545331252,19.527843809438377]}"
2204,0.0,24.0,5.0,11.83658504486084,8.0,18.3205554939534,109.68632814576404,2084.841064453125,51.0,0.7673488259315491,4.0,0.0,0.7426256423976971,14.081221580505371,43.0,"{""type"":""Point"",""coordinates"":[109.6865780723425,18.32105005586535]}"
2205,0.0,28.0,9.0,13.122064590454102,9.0,19.304210730064277,110.62057604124834,2429.614990234375,46.0,0.5931429862976074,6.0,3.0,0.7819536903858416,14.068283081054688,39.0,"{""type"":""Point"",""coordinates"":[110.6210526405031,19.305717382832825]}"
2206,0.0,27.0,48.0,9.606270790100098,46.0,19.74887679570344,110.44540456084502,2448.761474609375,41.0,0.11471964418888092,6.0,4.0,0.772690750228784,15.681568145751953,32.0,"{""type"":""Point"",""coordinates"":[110.44642832525518,19.746640227901796]}"
2207,0.0,22.0,115.0,28.809614181518555,63.0,19.447941175523397,110.01421322446765,2726.96142578125,53.0,1.6866017580032349,3.0,3.0,0.7219642790919747,13.22842788696289,38.0,"{""type"":""Point"",""coordinates"":[110.01240388641698,19.448358094133127]}"
2208,0.0,27.0,98.0,27.61982536315918,89.0,18.495726974356707,109.26861153864849,1944.4754638671875,50.0,4.336452960968018,4.0,1.0,0.6170114770972498,12.292795181274414,45.0,"{""type"":""Point"",""coordinates"":[109.27025390777708,18.494469347759647]}"
2209,0.0,29.0,307.0,38.88682556152344,279.0,18.536151162142083,109.30903572643388,2066.016357421875,45.0,6.931042671203613,4.0,1.0,0.5815914943187032,11.685771942138672,47.0,"{""type"":""Point"",""coordinates"":[109.31009346647267,18.53822911412064]}"
2210,0.0,31.0,260.0,16.38653564453125,122.0,19.196412895969935,109.3898841020046,2100.913330078125,39.0,1.534285306930542,4.0,2.0,0.6538611381671997,13.23038101196289,36.0,"{""type"":""Point"",""coordinates"":[109.38870487968832,19.195192191977423]}"
2211,0.0,29.0,318.0,35.48307418823242,264.0,18.949376192837065,108.94970961278602,1560.781982421875,45.0,13.620694160461426,6.0,2.0,0.5487787104140333,10.988354682922363,44.0,"{""type"":""Point"",""coordinates"":[108.95052793327324,18.94901573077272]}"
2212,0.0,26.0,19.0,25.81502342224121,21.0,19.04819087409021,110.5262529364158,2297.978271484375,41.0,2.198904037475586,5.0,2.0,0.7523511093552196,13.00074577331543,39.0,"{""type"":""Point"",""coordinates"":[110.5252898656142,19.0465473457534]}"
2213,0.0,23.0,49.0,10.885393142700195,49.0,18.720305795386587,110.1579436699268,2284.88232421875,52.0,0.4015127122402191,4.0,1.0,0.6989280532578382,14.703458786010742,45.0,"{""type"":""Point"",""coordinates"":[110.15937407565856,18.719534565123357]}"
2214,0.0,25.0,339.0,79.46873474121094,305.0,18.71132264254539,109.72675233354943,2415.818359375,50.0,14.237517356872559,3.0,1.0,0.5689648347280682,10.927517890930176,48.0,"{""type"":""Point"",""coordinates"":[109.72685629103611,18.710809343579747]}"
2215,0.0,24.0,175.0,46.21237564086914,120.0,19.40751698773802,109.99175534236468,2676.317138671875,49.0,3.8791663646698,5.0,3.0,0.6693499258771367,12.356942176818848,38.0,"{""type"":""Point"",""coordinates"":[109.98995495315137,19.409282442491662]}"
2216,0.0,35.0,283.0,83.05870056152344,283.0,18.608016384871647,110.08158687077662,2390.0078125,39.0,16.342567443847656,6.0,1.0,0.5803885007134567,10.82172966003418,45.0,"{""type"":""Point"",""coordinates"":[110.08153803898453,18.606875611452796]}"
2217,0.0,28.0,29.0,12.815394401550293,32.0,18.84606993516332,110.32862357390951,2226.681396484375,42.0,0.6999265551567078,4.0,2.0,0.7098487025569769,14.159364700317383,46.0,"{""type"":""Point"",""coordinates"":[110.32939700657766,18.84785020040018]}"
2218,0.0,25.0,19.0,7.605733394622803,18.0,18.419370175206545,108.98564222415081,1628.072998046875,52.0,0.7949393391609192,3.0,1.0,0.7159194345978699,14.037846565246582,40.0,"{""type"":""Point"",""coordinates"":[108.9872833030229,18.41841407587428]}"
2219,0.0,30.0,273.0,22.641481399536133,149.0,18.82361205306033,109.0709821761422,1725.7530517578125,42.0,4.690134048461914,6.0,2.0,0.5955332322152853,12.102234840393066,42.0,"{""type"":""Point"",""coordinates"":[109.06957237122039,18.821521350055225]}"
2220,0.0,27.0,221.0,44.84065628051758,168.0,19.120056096819773,109.99175534236468,2640.814208984375,45.0,3.989530086517334,4.0,2.0,0.6346908909947505,12.29919719696045,45.0,"{""type"":""Point"",""coordinates"":[109.9907844294113,19.118828330062865]}"
2221,0.0,29.0,4.0,9.48827075958252,6.0,19.600654773823713,110.84964643869881,1977.5186767578125,37.0,0.7613815069198608,5.0,3.0,0.7528954071777664,13.309234619140625,40.0,"{""type"":""Point"",""coordinates"":[110.85049360020844,19.599931293195382]}"
2222,0.0,28.0,555.0,54.274105072021484,426.0,18.85056151158392,109.1832715866571,1863.958251953125,42.0,19.05199432373047,8.0,2.0,0.5323143039603186,10.453375816345215,45.0,"{""type"":""Point"",""coordinates"":[109.18294806421312,18.850942878008574]}"
2223,0.0,31.0,585.0,52.059146881103516,431.0,19.133530826081568,109.28657784433085,1970.8997802734375,40.0,15.992398262023926,6.0,2.0,0.565851291514583,10.6144380569458,40.0,"{""type"":""Point"",""coordinates"":[109.28780089036732,19.133577753521852]}"
2224,0.0,30.0,1118.0,25.32970428466797,993.0,18.899968852210492,109.16530528097474,1863.958251953125,42.0,10.354337692260742,12.0,2.0,0.5284319624651799,10.454485893249512,45.0,"{""type"":""Point"",""coordinates"":[109.16542143903492,18.90022870624376]}"
2225,0.0,26.0,153.0,8.743402481079102,24.0,18.74725525391017,109.16530528097474,1839.992431640625,49.0,0.6770355105400085,2.0,1.0,0.7000268334107144,14.11793041229248,43.0,"{""type"":""Point"",""coordinates"":[109.1659666602014,18.746709575667612]}"
2226,0.0,30.0,69.0,10.210197448730469,62.0,19.6365873851885,110.58015185346295,2411.53564453125,41.0,0.2692655920982361,3.0,3.0,0.7530252014979223,14.645724296569824,31.0,"{""type"":""Point"",""coordinates"":[110.58146786294166,19.63630103075685]}"
2227,0.0,26.0,353.0,54.77656173706055,236.0,19.26827811869949,109.39886725484581,2198.278564453125,51.0,10.569265365600586,4.0,2.0,0.6144019941363035,11.22494125366211,38.0,"{""type"":""Point"",""coordinates"":[109.39792030370457,19.26767896052329]}"
2228,0.0,24.0,38.0,5.540331840515137,39.0,19.89260724116256,110.8855790500636,1755.0247802734375,51.0,0.30499523878097534,2.0,4.0,0.660177763543432,13.580894470214844,49.0,"{""type"":""Point"",""coordinates"":[110.88750825812937,19.892135089740975]}"
2229,0.0,22.0,11.0,8.486089706420898,14.0,18.91344358147228,110.44989613726563,2247.576416015625,51.0,0.12975747883319855,3.0,2.0,0.7516565582571916,15.835976600646973,42.0,"{""type"":""Point"",""coordinates"":[110.45007573541427,18.915187089017465]}"
2230,0.0,21.0,56.0,22.014850616455078,45.0,19.66802842013268,110.19836785771219,2597.38623046875,53.0,1.198599100112915,4.0,3.0,0.7711227597501008,13.567073822021484,33.0,"{""type"":""Point"",""coordinates"":[110.19627246893327,19.669525312883458]}"
2231,0.0,24.0,66.0,18.57575035095215,50.0,19.600654773823713,110.45887929010684,2455.637451171875,49.0,1.2059177160263062,6.0,3.0,0.749538762312328,13.314908981323242,35.0,"{""type"":""Point"",""coordinates"":[110.45769302356797,19.601634764890527]}"
2232,0.0,30.0,86.0,14.838020324707031,79.0,19.618621079506106,110.59362658272477,2411.53564453125,40.0,0.8994038105010986,2.0,3.0,0.7208729983196914,13.423720359802246,33.0,"{""type"":""Point"",""coordinates"":[110.59371609799038,19.620858236041226]}"
2233,0.0,25.0,52.0,28.769439697265625,55.0,18.40589544594475,109.69081972218464,2181.570068359375,51.0,3.213688373565674,4.0,1.0,0.6881143513418829,12.620726585388184,42.0,"{""type"":""Point"",""coordinates"":[109.69213245710317,18.405439241347523]}"
2234,0.0,26.0,172.0,31.105968475341797,87.0,19.097598214716783,109.91989011963511,2456.61181640625,49.0,2.7342991828918457,4.0,2.0,0.6539048396588967,12.709357261657715,44.0,"{""type"":""Point"",""coordinates"":[109.91838232783138,19.09749807630805]}"
2235,0.0,38.0,563.0,59.3594856262207,527.0,18.495726974356707,109.54259770030495,2154.800048828125,32.0,15.656241416931152,6.0,1.0,0.5555466847280432,10.655478477478027,45.0,"{""type"":""Point"",""coordinates"":[109.54238550825563,18.49745850016336]}"
2236,0.0,30.0,330.0,34.39424133300781,163.0,18.8775109701075,109.81658386196136,2326.879150390625,38.0,3.9089906215667725,6.0,2.0,0.610660504352285,12.24579906463623,46.0,"{""type"":""Point"",""coordinates"":[109.81797986791383,18.876225951096558]}"
2237,0.0,29.0,87.0,16.212203979492188,87.0,19.479382210467584,110.59362658272477,2519.09228515625,41.0,0.842968225479126,4.0,3.0,0.6976549158737125,13.65645694732666,38.0,"{""type"":""Point"",""coordinates"":[110.59444501232016,19.47782623568264]}"
2238,0.0,27.0,23.0,13.196906089782715,24.0,19.99142192241571,110.28819938612412,2256.103271484375,45.0,1.1172510385513306,2.0,4.0,0.7583274277460119,12.793747901916504,37.0,"{""type"":""Point"",""coordinates"":[110.28729446675085,19.993016781660263]}"
2240,0.0,26.0,596.0,41.421878814697266,500.0,19.115564520399175,109.1832715866571,2028.9908447265625,51.0,10.174140930175781,6.0,2.0,0.5854880487645633,11.073095321655273,40.0,"{""type"":""Point"",""coordinates"":[109.18332428625693,19.117117898309967]}"
2241,0.0,28.0,892.0,47.583885192871094,838.0,19.039207721249014,109.10242321108637,1971.871337890625,48.0,19.96380043029785,8.0,2.0,0.5396306950749327,10.072168350219727,40.0,"{""type"":""Point"",""coordinates"":[109.10185516623883,19.037444901207465]}"
2242,0.0,24.0,96.0,22.985807418823242,58.0,19.15598870818455,110.05014583583244,2579.90234375,46.0,1.307620882987976,4.0,2.0,0.7126449787790828,13.494589805603027,42.0,"{""type"":""Point"",""coordinates"":[110.04845205124744,19.154413341975854]}"
2243,0.0,28.0,22.0,16.856225967407227,20.0,19.735402066441644,110.38252249095666,2450.110107421875,39.0,0.9607059359550476,4.0,3.0,0.8025308278778552,13.576191902160645,31.0,"{""type"":""Point"",""coordinates"":[110.38381283557179,19.737082687096603]}"
2244,0.0,23.0,36.0,7.871805191040039,37.0,19.322177035746662,108.7116560624944,1512.6932373046875,56.0,1.117946982383728,4.0,3.0,0.6865207916315212,13.686942100524902,40.0,"{""type"":""Point"",""coordinates"":[108.71229972073043,19.320433912909984]}"
2245,0.0,28.0,8.0,6.994565486907959,10.0,19.641078961609097,110.97091900205498,1668.315673828125,42.0,1.1165926456451416,4.0,3.0,0.7102760235473827,12.354085922241211,44.0,"{""type"":""Point"",""coordinates"":[110.97065819312705,19.640518215914508]}"
2246,0.0,27.0,241.0,36.285526275634766,241.0,18.365471258159374,109.25513680938667,1813.1103515625,53.0,9.165966033935547,4.0,1.0,0.5962249288314219,11.447259902954102,40.0,"{""type"":""Point"",""coordinates"":[109.25470204036735,18.36332824654341]}"
2247,0.0,26.0,113.0,35.131202697753906,111.0,18.35199652889758,109.29106942075146,1813.1103515625,54.0,7.986300468444824,4.0,0.0,0.6072954341353916,11.66841983795166,40.0,"{""type"":""Point"",""coordinates"":[109.29023311602089,18.351382701006226]}"
2248,0.0,24.0,35.0,9.367793083190918,35.0,19.600654773823713,109.09793163466577,1796.28466796875,51.0,0.82407146692276,4.0,3.0,0.720036899428608,13.992574691772461,37.0,"{""type"":""Point"",""coordinates"":[109.09894875165693,19.60095970141431]}"
2249,0.0,27.0,596.0,26.14604949951172,509.0,18.65293214907762,109.41683356052818,2061.794677734375,47.0,4.268518447875977,8.0,1.0,0.5803042003402404,11.950413703918457,46.0,"{""type"":""Point"",""coordinates"":[109.41825635688193,18.651854318354125]}"
2250,0.0,24.0,187.0,55.359397888183594,128.0,19.10208979113738,109.9513311545793,2640.814208984375,52.0,5.544411659240723,4.0,2.0,0.6350573887721033,11.990534782409668,44.0,"{""type"":""Point"",""coordinates"":[109.95175711427058,19.10432106857302]}"
2251,0.0,26.0,859.0,54.75396728515625,772.0,18.82810362948093,109.76268494491421,2306.14404296875,46.0,14.030184745788574,5.0,2.0,0.555359408159215,10.483915328979492,44.0,"{""type"":""Point"",""coordinates"":[109.76054716371331,18.82856302724665]}"
2252,0.0,29.0,432.0,56.79461669921875,317.0,19.232345507334713,109.35395149063982,2285.001953125,50.0,11.232515335083008,5.0,2.0,0.6179778202314252,11.104458808898926,37.0,"{""type"":""Point"",""coordinates"":[109.35579946281521,19.232107761336678]}"
2253,0.0,27.0,299.0,73.16169738769531,273.0,19.030224568407817,110.13997736424443,2743.48046875,48.0,8.475191116333008,4.0,2.0,0.6080623616503116,11.487723350524902,46.0,"{""type"":""Point"",""coordinates"":[110.14001782781561,19.031058529940495]}"
2254,0.0,25.0,3.0,7.331733703613281,6.0,18.908952005051688,110.49930347789223,2139.58740234375,42.0,0.0606318935751915,3.0,2.0,0.7503560467865769,16.601497650146484,43.0,"{""type"":""Point"",""coordinates"":[110.5003177455537,18.9097587399886]}"
2255,0.0,23.0,161.0,13.759072303771973,147.0,19.488365363308773,109.30454415001327,2129.560302734375,53.0,1.0116699934005737,4.0,3.0,0.6680593065646572,13.711223602294922,35.0,"{""type"":""Point"",""coordinates"":[109.30373546611527,19.488949192805443]}"
2256,0.0,32.0,737.0,38.464561462402344,731.0,18.437336480888938,109.50666508894017,2127.970947265625,39.0,8.708703994750977,5.0,1.0,0.5730956944018385,11.10138988494873,43.0,"{""type"":""Point"",""coordinates"":[109.5082915830112,18.437832097335672]}"
2257,0.0,26.0,162.0,17.915199279785156,138.0,18.8820025465281,110.1624352463474,2396.410400390625,52.0,1.197121024131775,4.0,2.0,0.6386438832440315,13.542236328125,45.0,"{""type"":""Point"",""coordinates"":[110.1637711517195,18.881103777597726]}"
2258,0.0,32.0,0.0,6.514933109283447,1.0,19.93752300536854,110.59362658272477,2143.42529296875,39.0,0.0,8.0,4.0,0.7929612011746534,15.736835479736328,44.0,"{""type"":""Point"",""coordinates"":[110.59498282387315,19.938494966286786]}"
2259,0.0,23.0,41.0,9.752115249633789,41.0,19.703961031497464,109.34945991421921,1957.590576171875,52.0,0.6314765810966492,2.0,3.0,0.7351990074692865,14.25529956817627,34.0,"{""type"":""Point"",""coordinates"":[109.34900678144707,19.701978515410442]}"
2260,0.0,29.0,27.0,5.199147701263428,27.0,19.91057354684495,109.69980287502585,1646.2169189453125,40.0,0.2109460085630417,2.0,4.0,0.738892728759036,15.359943389892578,33.0,"{""type"":""Point"",""coordinates"":[109.69825747065526,19.908783831631933]}"
2261,0.0,28.0,23.0,9.163537979125977,24.0,19.88811566474196,110.51277820715399,2266.86083984375,40.0,0.28679710626602173,6.0,4.0,0.7515679073446164,14.153717041015625,40.0,"{""type"":""Point"",""coordinates"":[110.51458999407116,19.88794018832713]}"
2262,0.0,24.0,56.0,6.554391384124756,54.0,19.173955013866944,108.80597916732694,1516.534912109375,55.0,0.7787653803825378,2.0,2.0,0.6618387963075539,14.036823272705078,41.0,"{""type"":""Point"",""coordinates"":[108.80521967170361,19.172919600998537]}"
2263,0.0,23.0,50.0,8.455097198486328,43.0,19.376075952793833,109.0709821761422,1902.9833984375,56.0,0.5378100275993347,4.0,3.0,0.722162509766002,14.410592079162598,36.0,"{""type"":""Point"",""coordinates"":[109.07206675159516,19.37828971950688]}"
2264,0.0,32.0,205.0,63.11728286743164,150.0,19.416500140579217,109.91539854321451,2625.982177734375,38.0,7.092029094696045,5.0,3.0,0.6558084332074499,11.730788230895996,38.0,"{""type"":""Point"",""coordinates"":[109.91655655693907,19.416385972220166]}"
2265,0.0,34.0,61.0,14.562135696411133,47.0,19.757859948544635,109.83005859122318,2151.650634765625,41.0,1.1726523637771606,4.0,4.0,0.7339086940804376,13.624479293823242,35.0,"{""type"":""Point"",""coordinates"":[109.83181929637867,19.759381077742745]}"
2266,0.0,29.0,199.0,33.990516662597656,179.0,18.473269092253716,109.40335883126642,2092.667236328125,49.0,5.297922611236572,4.0,1.0,0.5994681763366626,12.028585433959961,46.0,"{""type"":""Point"",""coordinates"":[109.40127194100906,18.47468501593871]}"
2267,0.0,30.0,8.0,10.933650016784668,9.0,19.977947193153916,110.48582874863041,2091.236083984375,41.0,1.02068030834198,3.0,4.0,0.758336275404477,12.844949722290039,39.0,"{""type"":""Point"",""coordinates"":[110.48678958445907,19.977472115718648]}"
2268,0.0,31.0,107.0,14.10919189453125,105.0,19.51980639825296,109.21022104518073,2056.531494140625,45.0,1.2788063287734985,3.0,3.0,0.6698509973310175,13.510214805603027,34.0,"{""type"":""Point"",""coordinates"":[109.20962693379407,19.519458861631257]}"
2269,0.0,33.0,461.0,20.04615592956543,416.0,18.949376192837065,108.90928542500069,1560.781982421875,42.0,6.0891642570495605,7.0,2.0,0.5627190879455461,11.703699111938477,44.0,"{""type"":""Point"",""coordinates"":[108.91127250195052,18.949177103071687]}"
2270,0.0,23.0,140.0,11.635885238647461,107.0,19.591671620982524,109.86149962616736,2471.796875,53.0,0.3253185749053955,4.0,3.0,0.6926478333871807,14.858983039855957,35.0,"{""type"":""Point"",""coordinates"":[109.85942833909529,19.590246090056016]}"
2271,0.0,23.0,136.0,23.249523162841797,84.0,19.456924328364593,109.86599120258796,2541.180419921875,55.0,1.5248104333877563,3.0,3.0,0.6997833166823706,13.316414833068848,37.0,"{""type"":""Point"",""coordinates"":[109.86568834347398,19.45552696362848]}"
2272,0.0,28.0,278.0,25.98427963256836,100.0,19.169463437446346,109.57403873524913,2214.32080078125,41.0,2.7719273567199707,4.0,2.0,0.6456728598454627,12.62622356414795,38.0,"{""type"":""Point"",""coordinates"":[109.57354928007395,19.169073782495676]}"
2273,0.0,26.0,161.0,24.814098358154297,145.0,18.531659585721485,109.27310311506909,1948.0106201171875,54.0,3.866419792175293,4.0,1.0,0.5984582142190151,12.369081497192383,46.0,"{""type"":""Point"",""coordinates"":[109.27238131282607,18.531369836516745]}"
2274,0.0,25.0,59.0,6.2901692390441895,59.0,19.33116018858786,108.85089493153288,1681.9705810546875,51.0,0.41788068413734436,3.0,3.0,0.6768895528962593,14.657610893249512,39.0,"{""type"":""Point"",""coordinates"":[108.84983405687277,19.331381493870246]}"
2275,0.0,25.0,45.0,24.645606994628906,43.0,18.99429195704304,110.3735393381155,2433.41162109375,48.0,1.7960638999938965,3.0,2.0,0.7299904192367376,13.207379341125488,40.0,"{""type"":""Point"",""coordinates"":[110.3727707569484,18.992056062233676]}"
2276,0.0,29.0,1218.0,65.92791748046875,988.0,18.895477275789894,109.71776918070822,2399.224853515625,41.0,32.9857292175293,11.0,2.0,0.4941021636287817,9.015220642089844,44.0,"{""type"":""Point"",""coordinates"":[109.71779367344426,18.893822999907115]}"
2277,0.0,36.0,622.0,37.55205154418945,403.0,19.079631909034397,109.34047676137806,1965.3707275390625,36.0,9.99661922454834,5.0,2.0,0.580513489294234,11.068318367004395,40.0,"{""type"":""Point"",""coordinates"":[109.34081150461111,19.078646031946693]}"
2278,0.0,37.0,160.0,12.003717422485352,160.0,19.76684310138583,109.56505558240792,1916.146240234375,38.0,1.2664716243743896,4.0,4.0,0.6591527166188798,13.487160682678223,34.0,"{""type"":""Point"",""coordinates"":[109.5645621438894,19.76633574840893]}"
2279,0.0,19.0,72.0,15.882046699523926,59.0,19.6365873851885,110.17590997560922,2603.615234375,55.0,0.5653412938117981,2.0,3.0,0.7561858629327551,14.347654342651367,33.0,"{""type"":""Point"",""coordinates"":[110.17394926821612,19.635574177332252]}"
2280,0.0,31.0,323.0,43.656944274902344,118.0,19.120056096819773,109.35395149063982,2058.462158203125,38.0,8.308382034301758,4.0,2.0,0.6067877744642673,11.491233825683594,40.0,"{""type"":""Point"",""coordinates"":[109.35467690330124,19.120312108062308]}"
2281,0.0,25.0,242.0,18.95705223083496,240.0,18.774204712433757,108.77902970880336,1405.4683837890625,55.0,6.515331268310547,4.0,1.0,0.5591734378121773,11.792195320129395,45.0,"{""type"":""Point"",""coordinates"":[108.77933548187339,18.77197591889783]}"
2282,0.0,27.0,426.0,44.222496032714844,309.0,19.277261271540688,109.41683356052818,2248.090576171875,49.0,7.269840240478516,4.0,2.0,0.6190182693416527,11.551612854003906,39.0,"{""type"":""Point"",""coordinates"":[109.41665765959286,19.27867497544533]}"
2283,0.0,39.0,108.0,11.547769546508789,107.0,19.80277571275061,109.78963440343779,1990.7030029296875,37.0,1.0547288656234741,8.0,4.0,0.6661075262683217,13.702302932739258,35.0,"{""type"":""Point"",""coordinates"":[109.78825648785946,19.801360069875162]}"
2284,0.0,22.0,76.0,7.248945713043213,61.0,19.71294418433866,109.62344607587568,2057.8681640625,52.0,0.13468605279922485,2.0,3.0,0.7232336084539964,15.779784202575684,33.0,"{""type"":""Point"",""coordinates"":[109.622559889092,19.714059813048625]}"
2285,0.0,25.0,16.0,17.197505950927734,15.0,19.227853930914115,110.42743825516266,2806.2470703125,44.0,0.49933329224586487,4.0,2.0,0.7832170151651456,14.485414505004883,39.0,"{""type"":""Point"",""coordinates"":[110.42898152365242,19.22876058117517]}"
2286,0.0,28.0,15.0,15.90797233581543,17.0,19.043699297669612,110.46337086652744,2346.3837890625,42.0,0.9176799058914185,4.0,2.0,0.7690992503418461,13.87736701965332,38.0,"{""type"":""Point"",""coordinates"":[110.46318288528393,19.045870999142977]}"
2287,0.0,23.0,92.0,7.223586559295654,80.0,19.147005555343355,108.92276015426245,1652.5684814453125,55.0,0.6714838743209839,4.0,2.0,0.6451669265871023,14.163604736328125,40.0,"{""type"":""Point"",""coordinates"":[108.92123493168316,19.14793269140324]}"
2288,0.0,27.0,277.0,19.462539672851562,172.0,18.814628900219134,109.9558227309999,2278.518798828125,50.0,1.6880306005477905,4.0,1.0,0.6227118788092229,13.123373031616211,45.0,"{""type"":""Point"",""coordinates"":[109.95652723989767,18.81407414113123]}"
2289,0.0,28.0,379.0,88.47901916503906,336.0,18.71132264254539,109.65039553439925,2432.957763671875,47.0,17.659440994262695,5.0,1.0,0.5585836821315083,10.671908378601074,48.0,"{""type"":""Point"",""coordinates"":[109.6484791693793,18.712657448183915]}"
2290,0.0,25.0,199.0,23.634428024291992,102.0,19.46590748120579,109.70429445144646,2486.26806640625,52.0,1.7240556478500366,4.0,3.0,0.6837791255613194,13.15377426147461,35.0,"{""type"":""Point"",""coordinates"":[109.70499412755385,19.467158797753093]}"
2291,0.0,28.0,334.0,60.85195541381836,333.0,18.45979436299192,109.65039553439925,2264.468505859375,48.0,11.457443237304688,4.0,1.0,0.5938952987982907,11.155719757080078,43.0,"{""type"":""Point"",""coordinates"":[109.65050424208074,18.458158995552687]}"
2292,0.0,28.0,99.0,30.508506774902344,69.0,19.483873786888182,110.42294667874205,2666.73876953125,38.0,1.970645785331726,4.0,3.0,0.7159471325510995,13.042916297912598,38.0,"{""type"":""Point"",""coordinates"":[110.42377707732113,19.486116717162375]}"
2293,0.0,32.0,37.0,13.761212348937988,38.0,19.933031428947942,110.10404475287964,2223.1962890625,39.0,0.9828643798828125,3.0,4.0,0.7541568794717453,13.541956901550293,34.0,"{""type"":""Point"",""coordinates"":[110.10386343978283,19.93388989574078]}"
2294,0.0,26.0,175.0,16.826988220214844,129.0,19.488365363308773,109.52463139462253,2251.46826171875,51.0,1.2945727109909058,5.0,3.0,0.6696363103168403,13.455740928649902,36.0,"{""type"":""Point"",""coordinates"":[109.52368958502062,19.48812940586468]}"
2295,0.0,24.0,74.0,6.655359268188477,74.0,19.501840092570568,109.12038951676874,1916.6019287109375,56.0,0.23737041652202606,4.0,3.0,0.6971078867691167,15.2142972946167,34.0,"{""type"":""Point"",""coordinates"":[109.12062296476479,19.503942104438153]}"
2296,0.0,29.0,274.0,15.370948791503906,118.0,18.85056151158392,109.3943756784252,2018.818603515625,47.0,1.634203314781189,4.0,2.0,0.6079083353165887,13.157830238342285,45.0,"{""type"":""Point"",""coordinates"":[109.3941492412534,18.851433336464996]}"
2297,0.0,31.0,88.0,24.84941291809082,59.0,18.666406878339416,109.70429445144646,2365.984375,42.0,2.1070492267608643,5.0,1.0,0.6705089178442961,13.022051811218262,48.0,"{""type"":""Point"",""coordinates"":[109.70579686144006,18.66708342740722]}"
2298,0.0,30.0,153.0,20.404052734375,128.0,19.488365363308773,110.46786244294805,2556.737060546875,45.0,1.4286184310913086,5.0,3.0,0.6709344353273635,13.0747652053833,40.0,"{""type"":""Point"",""coordinates"":[110.46934962403384,19.489846479562413]}"
2299,0.0,27.0,48.0,26.957178115844727,39.0,18.495726974356707,109.28208626791024,1944.4754638671875,50.0,4.089776992797852,12.0,1.0,0.6778912649789446,12.381355285644531,46.0,"{""type"":""Point"",""coordinates"":[109.28184947639315,18.494817986297235]}"
2300,0.0,26.0,145.0,35.86368179321289,148.0,18.392420716682963,109.68183656934343,2120.79833984375,50.0,5.13988733291626,3.0,1.0,0.6215489930250071,12.093217849731445,42.0,"{""type"":""Point"",""coordinates"":[109.68298650039186,18.391187574274454]}"
2301,0.0,25.0,254.0,11.093413352966309,252.0,18.48674382151551,109.12937266960995,1765.4906005859375,57.0,1.4588758945465088,3.0,1.0,0.5941481070634245,13.284815788269043,45.0,"{""type"":""Point"",""coordinates"":[109.1289724628435,18.48513581384287]}"
2302,0.0,22.0,40.0,6.633017063140869,40.0,19.78031783064762,110.89456220290481,1752.9736328125,55.0,0.7514033317565918,2.0,4.0,0.6663604134083798,12.6744384765625,47.0,"{""type"":""Point"",""coordinates"":[110.89357544166602,19.778715120478992]}"
2303,0.0,31.0,12.0,5.323787689208984,14.0,19.659045267291482,110.98439373131674,1614.03564453125,39.0,0.5476085543632507,4.0,3.0,0.6995657844243782,13.057769775390625,45.0,"{""type"":""Point"",""coordinates"":[110.98257835661298,19.66015030050644]}"
2304,0.0,25.0,26.0,7.683310031890869,26.0,19.286244424381884,108.81496232016809,1614.8814697265625,52.0,0.838962972164154,2.0,3.0,0.704917470226525,13.979890823364258,40.0,"{""type"":""Point"",""coordinates"":[108.81605016392095,19.28773947904947]}"
2305,0.0,22.0,89.0,18.52070426940918,64.0,19.51980639825296,110.14446894066504,2670.60595703125,53.0,0.779127299785614,4.0,3.0,0.7410592822254339,14.016709327697754,35.0,"{""type"":""Point"",""coordinates"":[110.14528319401238,19.520466826398067]}"
2306,0.0,25.0,33.0,6.467349052429199,33.0,19.079631909034397,108.71614763891495,1296.439453125,50.0,1.2455264329910278,2.0,2.0,0.6629837019074312,13.580594062805176,43.0,"{""type"":""Point"",""coordinates"":[108.7164461417655,19.080297335433162]}"
2307,0.0,27.0,295.0,69.60482025146484,198.0,19.263786542278893,109.798617556279,2496.40234375,50.0,10.492668151855469,4.0,2.0,0.6332789086430269,11.273002624511719,38.0,"{""type"":""Point"",""coordinates"":[109.79843183941075,19.263302144833318]}"
2308,0.0,32.0,681.0,29.61538314819336,542.0,18.855053088004517,109.24615365654546,1833.5029296875,39.0,8.274373054504395,6.0,2.0,0.5577106554524158,11.207011222839355,44.0,"{""type"":""Point"",""coordinates"":[109.24642344822583,18.85415249217812]}"
2309,0.0,23.0,56.0,11.256396293640137,56.0,19.83421674769479,110.05912898867365,2346.8359375,52.0,0.42683228850364685,4.0,4.0,0.7432863898904507,14.361449241638184,34.0,"{""type"":""Point"",""coordinates"":[110.05745672071984,19.83432043904992]}"
2310,0.0,29.0,627.0,36.4393310546875,430.0,18.864036240845707,109.57403873524913,2131.724609375,47.0,7.304889678955078,5.0,2.0,0.5751448960924145,11.382367134094238,45.0,"{""type"":""Point"",""coordinates"":[109.57463584841877,18.863342634807733]}"
2311,0.0,25.0,29.0,7.7639055252075195,29.0,19.88362408832137,110.94846111995196,1658.97705078125,50.0,1.6741206645965576,2.0,4.0,0.6575964264718077,11.899024963378906,50.0,"{""type"":""Point"",""coordinates"":[110.9484819967676,19.883279638717152]}"
2312,0.0,23.0,75.0,23.212387084960938,49.0,19.506331668991166,110.3735393381155,2623.714111328125,47.0,1.264570951461792,5.0,3.0,0.7437563313800045,13.501768112182617,38.0,"{""type"":""Point"",""coordinates"":[110.37435674980382,19.505789578895612]}"
2313,0.0,25.0,90.0,25.696640014648438,64.0,19.506331668991166,110.43192983158326,2628.434326171875,50.0,1.7273168563842773,5.0,3.0,0.7200246554645449,13.05741024017334,39.0,"{""type"":""Point"",""coordinates"":[110.43348141044899,19.506044743184535]}"
2314,0.0,25.0,24.0,9.17187213897705,8.0,19.74887679570344,110.10404475287964,2541.29833984375,45.0,0.0,2.0,4.0,0.8239678695157918,16.51620101928711,31.0,"{""type"":""Point"",""coordinates"":[110.10562064084392,19.749917307016894]}"
2315,0.0,26.0,44.0,5.796751976013184,44.0,19.173955013866944,108.75657182670034,1422.0980224609375,52.0,0.7675663232803345,2.0,2.0,0.6680572260682216,14.058361053466797,41.0,"{""type"":""Point"",""coordinates"":[108.75757218573429,19.172062124254207]}"
2316,0.0,26.0,175.0,45.409332275390625,96.0,19.29522757722308,110.0052300716265,2730.5693359375,50.0,3.7403817176818848,4.0,3.0,0.6735747615190666,12.393482208251953,38.0,"{""type"":""Point"",""coordinates"":[110.00316102990601,19.29606894941522]}"
2317,0.0,26.0,250.0,39.64336013793945,145.0,18.886494122948697,109.92887327247632,2334.578857421875,48.0,4.7540483474731445,5.0,2.0,0.6165247455799041,12.104069709777832,45.0,"{""type"":""Point"",""coordinates"":[109.92726499679164,18.88804496048728]}"
2318,0.0,28.0,98.0,22.74661636352539,72.0,19.546755856776542,110.50828663073344,2515.79931640625,48.0,1.7877328395843506,7.0,3.0,0.7074322314625987,12.895626068115234,39.0,"{""type"":""Point"",""coordinates"":[110.5090781600199,19.547479697686658]}"
2319,0.0,27.0,763.0,17.078380584716797,742.0,18.67988160760121,108.88682754289766,1514.674072265625,49.0,6.185329437255859,8.0,1.0,0.5335048570650817,11.421430587768555,46.0,"{""type"":""Point"",""coordinates"":[108.8879841812551,18.67907943246882]}"
2320,0.0,25.0,43.0,7.836666107177734,43.0,19.340143341429055,108.80597916732694,1613.9290771484375,53.0,0.8935997486114502,2.0,3.0,0.6803069784612791,13.906891822814941,41.0,"{""type"":""Point"",""coordinates"":[108.80486432952591,19.33891287176211]}"
2321,0.0,28.0,417.0,37.581939697265625,371.0,18.760729983171963,110.01421322446765,2363.93603515625,46.0,4.69927453994751,6.0,1.0,0.6093623539067256,11.997844696044922,45.0,"{""type"":""Point"",""coordinates"":[110.01365450448965,18.76252463401168]}"
2322,0.0,28.0,331.0,26.545059204101562,194.0,19.151497131763954,109.2775946914897,2045.2894287109375,43.0,3.7523324489593506,5.0,2.0,0.634607035635291,12.28611946105957,37.0,"{""type"":""Point"",""coordinates"":[109.27661304435739,19.1525513401194]}"
2323,0.0,26.0,89.0,10.689820289611816,89.0,19.838708324115387,110.09506160003843,2346.8359375,47.0,0.36512434482574463,3.0,4.0,0.7085646611304949,14.49161148071289,33.0,"{""type"":""Point"",""coordinates"":[110.09332939519572,19.83868519306568]}"
2324,0.0,24.0,237.0,19.348634719848633,131.0,18.62149111413344,109.15183055171292,1863.9754638671875,55.0,2.952901601791382,3.0,1.0,0.5913089060207877,12.59030818939209,46.0,"{""type"":""Point"",""coordinates"":[109.15014163481207,18.619434471359995]}"
2325,0.0,24.0,44.0,31.375717163085938,39.0,18.79217101811615,110.2073510105534,2318.494873046875,53.0,3.107215642929077,4.0,1.0,0.6878551706815977,12.65918254852295,48.0,"{""type"":""Point"",""coordinates"":[110.20591202997879,18.79138651643401]}"
2326,0.0,24.0,44.0,4.5876593589782715,44.0,19.003275109884235,108.76106340312094,1386.6041259765625,54.0,0.46286195516586304,2.0,2.0,0.6579983967454011,14.564194679260254,43.0,"{""type"":""Point"",""coordinates"":[108.75918433731657,19.001770573916733]}"
2327,0.0,29.0,919.0,40.32347106933594,729.0,18.873019393686903,109.55607242956671,2131.724609375,48.0,12.247488021850586,6.0,2.0,0.5447938566566654,10.555129051208496,45.0,"{""type"":""Point"",""coordinates"":[109.55603210676038,18.870944507225516]}"
2328,0.0,28.0,60.0,12.320120811462402,58.0,19.74887679570344,110.58913500630416,2429.251220703125,40.0,0.4875441789627075,5.0,4.0,0.746259081827937,14.060338973999023,34.0,"{""type"":""Point"",""coordinates"":[110.58812341585175,19.748611726226137]}"
2329,0.0,24.0,131.0,7.248057842254639,92.0,19.04819087409021,108.90479384858008,1585.57373046875,48.0,0.7514142394065857,3.0,2.0,0.6154582836021159,14.027351379394531,42.0,"{""type"":""Point"",""coordinates"":[108.9068833259351,19.047283683892086]}"
2330,0.0,26.0,19.0,12.07929515838623,16.0,19.26827811869949,110.38701406737727,2818.90087890625,51.0,0.12981832027435303,5.0,2.0,0.7980445557951192,15.850038528442383,36.0,"{""type"":""Point"",""coordinates"":[110.38706271157817,19.268172379796308]}"
2331,0.0,27.0,361.0,48.19061279296875,253.0,18.643948996236425,109.2281873508631,1987.9049072265625,53.0,12.155503273010254,4.0,1.0,0.5629134891248283,11.075645446777344,46.0,"{""type"":""Point"",""coordinates"":[109.2285927258367,18.642363225784667]}"
2332,0.0,37.0,76.0,28.016427993774414,73.0,19.77133467780643,110.01421322446765,2447.30712890625,37.0,2.443911075592041,5.0,4.0,0.7302896048508566,12.880770683288574,32.0,"{""type"":""Point"",""coordinates"":[110.01349405263412,19.770240177142227]}"
2333,0.0,21.0,29.0,6.441054344177246,29.0,19.15598870818455,108.75208025027973,1422.0980224609375,54.0,0.8603338003158569,2.0,2.0,0.6852775847988055,13.952994346618652,41.0,"{""type"":""Point"",""coordinates"":[108.75226987064515,19.15431128960315]}"
2334,0.0,29.0,13.0,3.2481276988983154,13.0,19.057174026931406,108.7071644860738,1296.439453125,44.0,0.18246637284755707,2.0,2.0,0.6853362696602474,15.513063430786133,44.0,"{""type"":""Point"",""coordinates"":[108.70887297113046,19.05870499341003]}"
2335,0.0,31.0,729.0,36.31895065307617,605.0,18.940393039995868,109.12937266960995,1856.5372314453125,41.0,12.013225555419922,5.0,2.0,0.5580407424125744,10.780492782592773,41.0,"{""type"":""Point"",""coordinates"":[109.13138633528085,18.941716895904932]}"
2336,0.0,30.0,334.0,12.333337783813477,327.0,18.60352480845105,108.90479384858008,1589.635986328125,43.0,2.305838108062744,5.0,1.0,0.5596915058735621,12.771830558776855,49.0,"{""type"":""Point"",""coordinates"":[108.90408926587779,18.60161486986512]}"
2337,0.0,22.0,83.0,13.274099349975586,72.0,19.371584376373235,109.13835582245116,1942.87109375,58.0,1.3160841464996338,3.0,3.0,0.6821877151798018,13.495955467224121,37.0,"{""type"":""Point"",""coordinates"":[109.13961658077869,19.37214577671656]}"
2338,0.0,31.0,31.0,15.1990966796875,32.0,19.479382210467584,110.66100022903373,2417.910888671875,38.0,0.9176799058914185,4.0,3.0,0.7604621549030278,13.454139709472656,37.0,"{""type"":""Point"",""coordinates"":[110.66304406747045,19.47983496059558]}"
2339,0.0,26.0,189.0,27.98150062561035,148.0,18.751746830330767,109.74022706281124,2370.356201171875,45.0,2.478549003601074,4.0,1.0,0.6121901734451205,12.796876907348633,49.0,"{""type"":""Point"",""coordinates"":[109.74070692933282,18.751495729240126]}"
2340,0.0,28.0,1083.0,64.20484161376953,887.0,18.890985699369296,109.70878602786706,2399.224853515625,48.0,24.918441772460938,7.0,2.0,0.5197746689148075,9.574999809265137,44.0,"{""type"":""Point"",""coordinates"":[109.70944182293469,18.88965789944938]}"
2341,0.0,29.0,215.0,17.995258331298828,198.0,19.227853930914115,110.19836785771219,2768.69189453125,40.0,0.656722903251648,4.0,2.0,0.6714782810327419,14.10884952545166,40.0,"{""type"":""Point"",""coordinates"":[110.20032886392032,19.228699452014027]}"
2342,0.0,26.0,5.0,5.695398807525635,7.0,19.6365873851885,110.96193584921377,1668.315673828125,45.0,0.5162250995635986,2.0,3.0,0.7140841530934882,13.132294654846191,44.0,"{""type"":""Point"",""coordinates"":[110.96337880976722,19.638062369500688]}"
2343,0.0,28.0,270.0,26.59250259399414,268.0,18.45530278657133,109.21920419802188,1971.9754638671875,50.0,4.3541789054870605,3.0,1.0,0.5997577319264278,12.178895950317383,44.0,"{""type"":""Point"",""coordinates"":[109.2199322885426,18.453541328919986]}"
2344,0.0,26.0,276.0,48.60634231567383,276.0,18.643948996236425,110.06811214151486,2390.0078125,49.0,6.324744701385498,3.0,1.0,0.6109898209982784,11.799360275268555,45.0,"{""type"":""Point"",""coordinates"":[110.06795476866435,18.643689005823504]}"
2345,0.0,26.0,55.0,12.902414321899414,42.0,18.57208377350686,109.68632814576404,2216.47314453125,44.0,0.7118180394172668,4.0,1.0,0.7008982559799453,14.127310752868652,45.0,"{""type"":""Point"",""coordinates"":[109.68720859740829,18.572510197005805]}"
2346,0.0,25.0,236.0,23.493793487548828,215.0,18.940393039995868,108.8688612372153,1489.4788818359375,55.0,7.781221866607666,4.0,2.0,0.565040265499893,11.616754531860352,44.0,"{""type"":""Point"",""coordinates"":[108.86763085923346,18.93958996630737]}"
2347,0.0,27.0,35.0,7.7883687019348145,35.0,19.434466446261602,108.94970961278602,1715.9906005859375,47.0,0.6691411733627319,3.0,3.0,0.7106288152397382,14.200860977172852,38.0,"{""type"":""Point"",""coordinates"":[108.94869978632589,19.436034757442734]}"
2348,0.0,25.0,31.0,5.3549580574035645,32.0,19.91057354684495,110.9304948142696,1645.3438720703125,48.0,0.5304468870162964,4.0,4.0,0.65813877330329,12.837021827697754,50.0,"{""type"":""Point"",""coordinates"":[110.93254920625944,19.909802406035396]}"
2349,0.0,29.0,60.0,16.179548263549805,51.0,19.650062114450293,110.30616569180654,2534.536376953125,44.0,0.8420701622962952,4.0,3.0,0.77139550807198,13.678808212280273,31.0,"{""type"":""Point"",""coordinates"":[110.30441533101299,19.648695446720172]}"
2350,0.0,29.0,28.0,21.781126022338867,30.0,19.052682450510808,110.45887929010684,2458.49267578125,43.0,1.4593032598495483,3.0,2.0,0.7485005258496725,13.405712127685547,40.0,"{""type"":""Point"",""coordinates"":[110.45827208191471,19.053276450726123]}"
2351,0.0,28.0,140.0,40.15574645996094,70.0,19.51980639825296,109.6414123815581,2260.84375,48.0,5.21775484085083,4.0,3.0,0.694541534206527,12.081206321716309,35.0,"{""type"":""Point"",""coordinates"":[109.64132616812314,19.519997064331715]}"
2352,0.0,26.0,23.0,7.236449241638184,20.0,19.784809407068217,110.7283738753427,2126.321533203125,53.0,0.1916586458683014,3.0,4.0,0.7457780161129263,14.495087623596191,40.0,"{""type"":""Point"",""coordinates"":[110.72966517222522,19.785950773204213]}"
2353,0.0,23.0,22.0,4.1601104736328125,25.0,18.661915301918818,108.72513079175616,1341.0618896484375,51.0,0.36775410175323486,2.0,1.0,0.6735416874114399,14.807015419006348,44.0,"{""type"":""Point"",""coordinates"":[108.72619855823253,18.66381104946118]}"
2354,0.0,23.0,34.0,8.607179641723633,34.0,19.87913251190077,110.76879806312809,2005.0487060546875,45.0,0.6882857084274292,4.0,4.0,0.6857118146128475,12.77640438079834,48.0,"{""type"":""Point"",""coordinates"":[110.76824149423531,19.8784556051469]}"
2355,0.0,24.0,130.0,7.53689432144165,115.0,18.585558502768656,109.03954114119801,1758.670654296875,53.0,0.5701544284820557,2.0,1.0,0.5902920770740809,14.304041862487793,48.0,"{""type"":""Point"",""coordinates"":[109.03990436173227,18.5833654941899]}"
2356,0.0,27.0,5.0,11.479787826538086,5.0,19.227853930914115,110.49481190147162,2734.285888671875,40.0,0.08354968577623367,3.0,2.0,0.7965636282343502,16.27971076965332,39.0,"{""type"":""Point"",""coordinates"":[110.49306107789097,19.229283146912945]}"
2357,0.0,27.0,5.0,17.45684242248535,5.0,18.42835332804774,109.91989011963511,2171.51708984375,48.0,1.4512580633163452,3.0,1.0,0.7520754383105024,13.443822860717773,42.0,"{""type"":""Point"",""coordinates"":[109.92002222925835,18.429262229630506]}"
2358,0.0,24.0,46.0,8.281747817993164,35.0,19.60514635024431,109.47971563041654,2077.98583984375,52.0,0.28679710626602173,4.0,3.0,0.756092567392803,15.041690826416016,33.0,"{""type"":""Point"",""coordinates"":[109.47837042504042,19.60698625015082]}"
2359,0.0,26.0,135.0,17.234886169433594,111.0,19.26827811869949,110.18489312845037,2686.43310546875,48.0,0.6781418919563293,4.0,2.0,0.6898659714577601,14.12749195098877,37.0,"{""type"":""Point"",""coordinates"":[110.18323885335433,19.26690941346427]}"
2360,0.0,27.0,1297.0,48.30630111694336,1102.0,19.052682450510808,109.54259770030495,2276.05517578125,41.0,26.21791648864746,12.0,2.0,0.5207676455825081,9.131245613098145,40.0,"{""type"":""Point"",""coordinates"":[109.54195402973544,19.051717529174947]}"
2361,0.0,23.0,67.0,5.949174404144287,60.0,19.164971861025748,108.8733528136359,1628.3680419921875,50.0,0.3819807469844818,2.0,2.0,0.662510604401108,14.742703437805176,41.0,"{""type"":""Point"",""coordinates"":[108.87459855744049,19.163124680730615]}"
2362,0.0,22.0,118.0,39.070556640625,47.0,19.286244424381884,110.166926822768,2686.43310546875,53.0,2.8816137313842773,4.0,3.0,0.7306223113089251,12.690403938293457,39.0,"{""type"":""Point"",""coordinates"":[110.16898868601754,19.284189797176438]}"
2363,0.0,29.0,5.0,6.43663215637207,6.0,19.986930345995113,110.85862959154002,1736.53515625,42.0,0.700853168964386,3.0,4.0,0.7017487096745337,12.78386116027832,48.0,"{""type"":""Point"",""coordinates"":[110.85645794143845,19.988923144316782]}"
2364,0.0,33.0,520.0,42.94816589355469,515.0,18.437336480888938,109.45276617189296,2122.8720703125,38.0,8.812427520751953,7.0,1.0,0.5864050327431886,11.283114433288574,43.0,"{""type"":""Point"",""coordinates"":[109.45485353891408,18.43568550623996]}"
2365,0.0,26.0,70.0,10.868362426757812,70.0,19.91506512326555,110.28370780970351,2224.624755859375,48.0,0.5392903089523315,4.0,4.0,0.7013535204944294,14.097580909729004,38.0,"{""type"":""Point"",""coordinates"":[110.28429559804995,19.916909532733317]}"
2366,0.0,26.0,62.0,9.647769927978516,62.0,19.901590394003755,110.30167411538594,2257.222900390625,45.0,0.3050125539302826,4.0,4.0,0.7180426263627305,14.6738920211792,37.0,"{""type"":""Point"",""coordinates"":[110.30076659951692,19.903735786059258]}"
2367,0.0,25.0,25.0,6.352200508117676,26.0,19.371584376373235,108.77453813238276,1469.34716796875,49.0,0.7648041844367981,2.0,3.0,0.6831411805084512,14.073029518127441,43.0,"{""type"":""Point"",""coordinates"":[108.77572980839766,19.37149802556231]}"
2368,0.0,27.0,1.0,10.016551971435547,1.0,19.928539852527344,109.97828061310292,2181.210693359375,39.0,0.40450116991996765,2.0,4.0,0.8245661119562963,14.457066535949707,36.0,"{""type"":""Point"",""coordinates"":[109.97906769451711,19.929884988369743]}"
2369,0.0,24.0,28.0,6.194167137145996,27.0,18.48674382151551,108.95420118920663,1596.4786376953125,52.0,0.5113502144813538,3.0,1.0,0.6822052866897905,14.473888397216797,45.0,"{""type"":""Point"",""coordinates"":[108.9557412262634,18.48833685736885]}"
2370,0.0,27.0,282.0,29.498220443725586,95.0,18.91344358147228,109.5470892767255,2126.785888671875,47.0,3.9557137489318848,4.0,2.0,0.6152076361703783,12.267078399658203,44.0,"{""type"":""Point"",""coordinates"":[109.54889416876654,18.914661531341938]}"
2371,0.0,25.0,12.0,8.786301612854004,12.0,20.02735453378049,110.33760672675072,2156.437255859375,45.0,0.35041582584381104,4.0,4.0,0.7572092603249359,13.968915939331055,40.0,"{""type"":""Point"",""coordinates"":[110.3388302139596,20.02812028454692]}"
2372,0.0,22.0,30.0,7.833220481872559,30.0,19.838708324115387,110.7283738753427,2086.7646484375,53.0,0.28679710626602173,3.0,4.0,0.7225366217822642,14.081360816955566,42.0,"{""type"":""Point"",""coordinates"":[110.72761179189132,19.837969961672442]}"
2373,0.0,36.0,111.0,19.820293426513672,111.0,19.730910490021046,109.5515808531461,2024.0574951171875,41.0,2.5053539276123047,4.0,3.0,0.6729314996245267,12.834805488586426,32.0,"{""type"":""Point"",""coordinates"":[109.5520369834095,19.73206474996401]}"
2374,0.0,22.0,37.0,13.25865650177002,28.0,19.6320958087679,110.3151488446477,2562.081298828125,55.0,0.4411228895187378,2.0,3.0,0.7824509452435213,14.3763427734375,35.0,"{""type"":""Point"",""coordinates"":[110.3139320462896,19.631905437450403]}"
2375,0.0,26.0,228.0,34.717552185058594,120.0,18.841578358742723,109.91539854321451,2220.075439453125,46.0,4.305914878845215,4.0,2.0,0.6122750392893119,12.21803092956543,45.0,"{""type"":""Point"",""coordinates"":[109.91417932874309,18.840407013552113]}"
2376,0.0,27.0,52.0,5.763363838195801,55.0,18.549625891403878,108.8688612372153,1494.08203125,46.0,0.5767616033554077,3.0,1.0,0.6387816918200665,14.33948802947998,46.0,"{""type"":""Point"",""coordinates"":[108.87007772667201,18.549740237866533]}"
2377,0.0,25.0,83.0,23.8840274810791,46.0,18.59903323203045,109.63242922871689,2280.619140625,46.0,2.0468692779541016,5.0,1.0,0.689244559981814,13.054055213928223,46.0,"{""type"":""Point"",""coordinates"":[109.63099472622335,18.59860492016378]}"
2378,0.0,42.0,73.0,5.565598011016846,74.0,19.82972517127419,109.60098819377271,1801.5882568359375,32.0,0.21091002225875854,5.0,4.0,0.7000071445478698,15.333085060119629,32.0,"{""type"":""Point"",""coordinates"":[109.60087122598429,19.8293014213718]}"
2379,0.0,26.0,657.0,42.72583770751953,545.0,19.04819087409021,109.19225473949831,1972.170654296875,50.0,12.26798152923584,7.0,2.0,0.5734961955914079,10.826881408691406,40.0,"{""type"":""Point"",""coordinates"":[109.19049941316393,19.050206184356608]}"
2380,0.0,23.0,31.0,11.625452041625977,31.0,19.591671620982524,109.16530528097474,2001.041259765625,55.0,0.8945243954658508,3.0,3.0,0.7359511520096478,13.91285514831543,37.0,"{""type"":""Point"",""coordinates"":[109.16509016401604,19.592137793315246]}"
2381,0.0,25.0,231.0,28.4776611328125,157.0,18.648440572657023,109.26411996222788,1972.73291015625,56.0,4.82405948638916,4.0,1.0,0.5969290708550941,12.10195255279541,45.0,"{""type"":""Point"",""coordinates"":[109.26443481085212,18.647275452161313]}"
2382,0.0,31.0,16.0,9.985363006591797,17.0,19.60963792666491,110.70142441681912,2241.60107421875,47.0,0.4938907325267792,6.0,3.0,0.7886356899830765,14.087085723876953,33.0,"{""type"":""Point"",""coordinates"":[110.69976554258733,19.60757496311143]}"
2383,0.0,23.0,64.0,16.146865844726562,64.0,19.838708324115387,110.06811214151486,2346.8359375,52.0,1.0795302391052246,3.0,4.0,0.7304645621038962,13.42721939086914,34.0,"{""type"":""Point"",""coordinates"":[110.06993160506813,19.836469569472946]}"
2385,0.0,29.0,23.0,9.1707181930542,24.0,19.955489311050925,110.54421924209822,2076.53759765625,44.0,0.6496749520301819,4.0,4.0,0.7374404923744176,13.2742919921875,40.0,"{""type"":""Point"",""coordinates"":[110.54233872936683,19.956315354723426]}"
2386,0.0,32.0,161.0,25.02997589111328,86.0,19.528789551094157,109.68632814576404,2279.03515625,41.0,2.452556848526001,4.0,3.0,0.6867793204340614,12.825187683105469,35.0,"{""type"":""Point"",""coordinates"":[109.6856566404734,19.52894743630428]}"
2387,0.0,27.0,93.0,13.396886825561523,71.0,18.60352480845105,109.73573548639064,2213.963134765625,44.0,0.8029860258102417,4.0,1.0,0.665840425269392,13.984134674072266,45.0,"{""type"":""Point"",""coordinates"":[109.73634327688623,18.603080165849217]}"
2388,0.0,23.0,103.0,12.6636381149292,57.0,19.60963792666491,109.62344607587568,2119.721435546875,53.0,0.8543459177017212,3.0,3.0,0.7187011486878073,13.916081428527832,35.0,"{""type"":""Point"",""coordinates"":[109.62224291159382,19.608073404939038]}"
2389,0.0,26.0,132.0,13.335184097290039,105.0,19.429974869841004,109.21920419802188,2108.881591796875,55.0,1.0946968793869019,3.0,3.0,0.6766103141688208,13.650394439697266,33.0,"{""type"":""Point"",""coordinates"":[109.22071745908127,19.432079439745955]}"
2390,0.0,29.0,167.0,35.481544494628906,113.0,18.998783533463637,109.06199902330098,1854.4483642578125,40.0,7.172798156738281,9.0,2.0,0.6121483232579809,11.743612289428711,40.0,"{""type"":""Point"",""coordinates"":[109.05995918452794,18.997909981395367]}"
2391,0.0,27.0,463.0,34.65540313720703,420.0,18.774204712433757,109.94234800173814,2377.707763671875,45.0,4.0365519523620605,4.0,1.0,0.6126226060129589,12.115386962890625,44.0,"{""type"":""Point"",""coordinates"":[109.9405535557022,18.772226973968905]}"
2392,0.0,29.0,61.0,12.133692741394043,61.0,19.71743576075925,109.52013981820193,2011.965576171875,46.0,0.9887915253639221,5.0,3.0,0.7203538652924577,13.795060157775879,33.0,"{""type"":""Point"",""coordinates"":[109.51817356850535,19.718784009902024]}"
2393,0.0,24.0,44.0,14.082260131835938,27.0,19.57819689172073,110.20285943413279,2646.990966796875,47.0,0.37623289227485657,4.0,3.0,0.7869292930826417,14.77142333984375,35.0,"{""type"":""Point"",""coordinates"":[110.20159470113408,19.580377242062575]}"
2394,0.0,20.0,86.0,11.896574974060059,72.0,19.281752847961286,108.99911695341262,1794.6380615234375,59.0,1.3412387371063232,2.0,3.0,0.6590222723491004,13.47521686553955,40.0,"{""type"":""Point"",""coordinates"":[109.00043783420904,19.280285045430254]}"
2395,0.0,26.0,48.0,17.436952590942383,40.0,19.77133467780643,110.25675835117994,2402.76904296875,49.0,1.1937806606292725,5.0,4.0,0.7713731360271361,13.339035987854004,32.0,"{""type"":""Point"",""coordinates"":[110.25554069559519,19.771768934533362]}"
2396,0.0,29.0,132.0,40.55103302001953,89.0,18.608016384871647,109.5964966173521,2311.56005859375,44.0,4.85407018661499,5.0,1.0,0.625272442114729,12.15877914428711,47.0,"{""type"":""Point"",""coordinates"":[109.59490042735403,18.60651949617855]}"
2397,0.0,24.0,140.0,23.442028045654297,99.0,19.452432751943995,110.09955317645904,2799.33447265625,51.0,1.1048753261566162,4.0,3.0,0.6837909682235054,13.636186599731445,38.0,"{""type"":""Point"",""coordinates"":[110.10105452190041,19.450440573679113]}"
2398,0.0,31.0,833.0,31.538179397583008,655.0,19.133530826081568,109.65488711081986,2401.442626953125,38.0,4.411726951599121,6.0,2.0,0.6058293861380282,11.68785285949707,41.0,"{""type"":""Point"",""coordinates"":[109.65534710121227,19.13207171035719]}"
2399,0.0,27.0,482.0,47.912410736083984,315.0,18.899968852210492,109.40785040768702,2068.173583984375,46.0,10.791016578674316,6.0,2.0,0.5608671745655914,11.106947898864746,47.0,"{""type"":""Point"",""coordinates"":[109.40646508378359,18.901249761581937]}"
2400,0.0,22.0,24.0,4.259974002838135,25.0,18.513693280039092,108.87784439005651,1494.08203125,54.0,0.18240144848823547,2.0,1.0,0.6877438281848001,15.507074356079102,43.0,"{""type"":""Point"",""coordinates"":[108.87818360361864,18.51176144310179]}"
2401,0.0,27.0,28.0,11.357125282287598,28.0,19.88811566474196,110.45438771368623,2247.267578125,44.0,0.6020596623420715,3.0,4.0,0.7465617061587396,13.831717491149902,39.0,"{""type"":""Point"",""coordinates"":[110.45570197409104,19.89014454245776]}"
2402,0.0,28.0,119.0,29.85308074951172,105.0,19.147005555343355,108.95869276562723,1778.5260009765625,46.0,6.189486503601074,5.0,2.0,0.6066960184489427,11.922233581542969,41.0,"{""type"":""Point"",""coordinates"":[108.95982825232531,19.14592141375845]}"
2403,0.0,26.0,72.0,17.370729446411133,31.0,19.429974869841004,110.26124992760055,2655.034912109375,44.0,0.6787949800491333,4.0,3.0,0.7659452824339094,14.164750099182129,38.0,"{""type"":""Point"",""coordinates"":[110.26061458960875,19.43145467243537]}"
2404,0.0,29.0,160.0,11.25670051574707,23.0,18.814628900219134,109.25064523296606,1935.2542724609375,43.0,0.9663879871368408,5.0,1.0,0.6986465823011225,13.75765323638916,45.0,"{""type"":""Point"",""coordinates"":[109.24989950646783,18.816520921579627]}"
2405,0.0,26.0,35.0,6.224690914154053,36.0,19.88811566474196,110.8855790500636,1755.0247802734375,50.0,0.6126465797424316,3.0,4.0,0.663525310111512,12.890474319458008,49.0,"{""type"":""Point"",""coordinates"":[110.88357875863647,19.887690297205214]}"
2407,0.0,24.0,59.0,14.095738410949707,50.0,18.554117467824476,109.68183656934343,2216.47314453125,44.0,0.8296263217926025,4.0,1.0,0.6867619413401069,13.971779823303223,46.0,"{""type"":""Point"",""coordinates"":[109.6837037141507,18.553471801402008]}"
2408,0.0,24.0,76.0,11.741081237792969,76.0,19.398533834896824,108.96767591846844,1740.4466552734375,54.0,1.4784908294677734,2.0,3.0,0.6559900727749609,13.383733749389648,39.0,"{""type"":""Point"",""coordinates"":[108.96691795064001,19.397792449178212]}"
2409,0.0,33.0,435.0,58.04737091064453,389.0,18.59903323203045,109.385392525584,2135.404296875,41.0,13.895073890686035,5.0,1.0,0.5617056091600852,10.882511138916016,46.0,"{""type"":""Point"",""coordinates"":[109.38563961121311,18.600071428650498]}"
2410,0.0,27.0,141.0,11.893218040466309,94.0,19.317685459326064,109.22369577444249,2046.0897216796875,43.0,0.8405442833900452,4.0,3.0,0.6583118723723558,13.909056663513184,38.0,"{""type"":""Point"",""coordinates"":[109.22454046645002,19.31903737772038]}"
2411,0.0,25.0,73.0,7.782827854156494,72.0,19.74438521928284,109.61895449945507,2057.8681640625,53.0,0.2598031759262085,3.0,4.0,0.7115097405181008,15.124589920043945,33.0,"{""type"":""Point"",""coordinates"":[109.61840372508134,19.74602559146436]}"
2412,0.0,25.0,236.0,22.20643424987793,131.0,19.389550682055628,109.47522405399599,2319.260498046875,54.0,1.9870675802230835,4.0,3.0,0.6752984265108141,12.987581253051758,34.0,"{""type"":""Point"",""coordinates"":[109.47695888494174,19.38861634480582]}"
2413,0.0,24.0,29.0,13.548247337341309,26.0,19.416500140579217,109.0754737525628,1936.39794921875,49.0,1.2708842754364014,3.0,3.0,0.74517215531846,13.56275749206543,35.0,"{""type"":""Point"",""coordinates"":[109.07614001817426,19.414995648440872]}"
2414,0.0,22.0,133.0,37.860931396484375,84.0,19.4434495991028,109.99175534236468,2676.317138671875,52.0,2.7615482807159424,4.0,3.0,0.6935949824321949,12.723810195922852,38.0,"{""type"":""Point"",""coordinates"":[109.99056562285675,19.44133872980104]}"
2415,0.0,24.0,72.0,13.383130073547363,62.0,19.762351524965233,109.69531129860525,1990.9432373046875,50.0,1.1615194082260132,3.0,4.0,0.7061915541256099,13.627494812011719,35.0,"{""type"":""Point"",""coordinates"":[109.6968760976993,19.760641206893176]}"
2416,0.0,33.0,532.0,49.07288360595703,359.0,19.003275109884235,109.34047676137806,1934.7886962890625,38.0,14.797015190124512,4.0,2.0,0.55569418068931,10.740407943725586,43.0,"{""type"":""Point"",""coordinates"":[109.34127399580208,19.004584772238555]}"
2417,0.0,33.0,137.0,94.55752563476562,136.0,19.169463437446346,110.38252249095666,2862.687744140625,40.0,10.597926139831543,5.0,2.0,0.6443627071929864,11.365747451782227,38.0,"{""type"":""Point"",""coordinates"":[110.38410926396165,19.171115720572875]}"
2418,0.0,34.0,789.0,16.464879989624023,642.0,18.917935157892877,109.2326789272837,1809.802490234375,39.0,3.455805540084839,5.0,2.0,0.5547713984110625,11.979596138000488,46.0,"{""type"":""Point"",""coordinates"":[109.23057764768002,18.918344531762354]}"
2419,0.0,23.0,15.0,14.181905746459961,15.0,19.726418913600448,109.38090094916339,1986.00439453125,49.0,1.243546485900879,4.0,3.0,0.7753214610300541,13.592602729797363,32.0,"{""type"":""Point"",""coordinates"":[109.38280407520196,19.72800367717156]}"
2420,0.0,32.0,68.0,17.144020080566406,67.0,19.852183053377182,110.31065726822715,2300.0224609375,40.0,1.3884694576263428,5.0,4.0,0.7200472396606972,13.172330856323242,35.0,"{""type"":""Point"",""coordinates"":[110.31155653920256,19.85297914268282]}"
2421,0.0,26.0,465.0,54.08228302001953,456.0,18.482252245094912,109.61895449945507,2311.504638671875,50.0,9.576205253601074,4.0,1.0,0.585972846154417,11.242227554321289,45.0,"{""type"":""Point"",""coordinates"":[109.61844776325923,18.480729982715197]}"
2422,0.0,20.0,107.0,9.485203742980957,99.0,19.32666861216726,109.01259168267438,1865.609375,59.0,0.7523889541625977,3.0,3.0,0.630393030977349,14.040752410888672,41.0,"{""type"":""Point"",""coordinates"":[109.01161727048697,19.324483431610393]}"
2423,0.0,30.0,825.0,35.232112884521484,615.0,19.10208979113738,109.62793765229628,2344.76904296875,39.0,5.744217395782471,6.0,2.0,0.6031583113660383,11.43121337890625,40.0,"{""type"":""Point"",""coordinates"":[109.62965625256642,19.100610056218326]}"
2424,0.0,29.0,7.0,9.072457313537598,8.0,19.919556699686147,110.55320239493938,2143.42529296875,43.0,0.49402227997779846,3.0,4.0,0.7555557704565707,13.572154998779297,41.0,"{""type"":""Point"",""coordinates"":[110.55184474432441,19.92020734369422]}"
2425,0.0,23.0,109.0,28.91507339477539,107.0,18.495726974356707,109.03954114119801,1683.9039306640625,55.0,6.811439037322998,4.0,1.0,0.5816266714891625,11.831761360168457,45.0,"{""type"":""Point"",""coordinates"":[109.03978550375146,18.49576308438255]}"
2426,0.0,30.0,199.0,74.70111846923828,179.0,18.98980038062244,110.25675835117994,2543.417236328125,38.0,9.858713150024414,4.0,2.0,0.6114286837669303,11.40046215057373,45.0,"{""type"":""Point"",""coordinates"":[110.25608496123004,18.987641275288397]}"
2427,0.0,33.0,412.0,29.985511779785156,393.0,19.0751403326138,110.15345209350619,2710.401123046875,37.0,2.160825729370117,4.0,2.0,0.6307172300265207,12.780272483825684,45.0,"{""type"":""Point"",""coordinates"":[110.15478700037632,19.073619884721815]}"
2428,0.0,32.0,458.0,39.865234375,412.0,18.702339489704194,109.5920050409315,2151.864013671875,45.0,7.542943954467773,5.0,1.0,0.5676932906608214,11.48989200592041,49.0,"{""type"":""Point"",""coordinates"":[109.59193034094596,18.701750250129635]}"
2429,0.0,26.0,302.0,90.71813201904297,301.0,18.52267643288029,109.753701792073,2260.586669921875,53.0,22.073476791381836,4.0,1.0,0.5494482854508225,10.484492301940918,46.0,"{""type"":""Point"",""coordinates"":[109.75523692041901,18.52310368338804]}"
2430,0.0,26.0,409.0,84.81884002685547,309.0,19.403025411317422,109.48420720683714,2328.809326171875,50.0,19.034469604492188,4.0,3.0,0.6047581862179588,10.56945514678955,35.0,"{""type"":""Point"",""coordinates"":[109.4859433657585,19.403426243998823]}"
2431,0.0,20.0,141.0,11.008366584777832,127.0,19.510823245411764,109.39886725484581,2117.753662109375,53.0,0.5740659832954407,3.0,3.0,0.6650716617730975,14.290399551391602,36.0,"{""type"":""Point"",""coordinates"":[109.39729524795067,19.513003593310028]}"
2432,0.0,24.0,197.0,12.915271759033203,116.0,19.263786542278893,109.89294066111154,2602.931640625,55.0,0.38218969106674194,3.0,2.0,0.6825442861022694,14.661866188049316,38.0,"{""type"":""Point"",""coordinates"":[109.89482829084498,19.263156304968092]}"
2433,0.0,25.0,212.0,16.281829833984375,107.0,19.371584376373235,109.45725774831357,2319.260498046875,55.0,1.155224084854126,3.0,3.0,0.6749652364614493,13.545919418334961,35.0,"{""type"":""Point"",""coordinates"":[109.45639379028663,19.370297777169352]}"
2434,0.0,27.0,110.0,25.028196334838867,92.0,18.594541655609852,109.7492102156524,2181.453369140625,45.0,2.5889124870300293,4.0,1.0,0.6324565050050214,12.802563667297363,45.0,"{""type"":""Point"",""coordinates"":[109.74924278546966,18.594307825642687]}"
2435,0.0,23.0,21.0,10.786053657531738,21.0,19.277261271540688,110.60710131198658,2402.623779296875,50.0,0.2930437922477722,4.0,2.0,0.7571032213257227,14.76438045501709,41.0,"{""type"":""Point"",""coordinates"":[110.60543451408314,19.27631922743011]}"
2436,0.0,28.0,0.0,2.5996148586273193,3.0,18.549625891403878,108.72962236817676,1227.0582275390625,46.0,0.06050310656428337,3.0,1.0,0.7119308326894084,16.534879684448242,40.0,"{""type"":""Point"",""coordinates"":[108.72833743848793,18.5510798936663]}"
2437,0.0,29.0,438.0,68.57219696044922,400.0,19.12454767324037,110.04116268299128,2715.1484375,41.0,8.37819766998291,4.0,2.0,0.6051859382931909,11.398847579956055,45.0,"{""type"":""Point"",""coordinates"":[110.04085615099213,19.122676076871542]}"
2438,0.0,27.0,97.0,35.16768264770508,68.0,18.67988160760121,109.74471863923185,2365.984375,47.0,3.564570903778076,3.0,1.0,0.6525801125364228,12.490033149719238,48.0,"{""type"":""Point"",""coordinates"":[109.74548267964666,18.678891017300312]}"
2439,0.0,28.0,68.0,13.853967666625977,69.0,19.950997734630327,110.27921623328291,2256.103271484375,44.0,1.3320128917694092,2.0,4.0,0.7004289154531428,12.551624298095703,38.0,"{""type"":""Point"",""coordinates"":[110.27923025773687,19.949320205987686]}"
2440,0.0,26.0,275.0,27.259675979614258,249.0,18.661915301918818,109.00360852983323,1787.6190185546875,52.0,5.897069454193115,4.0,1.0,0.5759630538123609,11.870585441589355,46.0,"{""type"":""Point"",""coordinates"":[109.00346161077172,18.660658037788615]}"
2441,0.0,26.0,19.0,11.543825149536133,19.0,19.281752847961286,110.62506761766895,2402.623779296875,47.0,0.4060850143432617,5.0,3.0,0.7686310220484197,14.439644813537598,39.0,"{""type"":""Point"",""coordinates"":[110.62388816779197,19.28047718468763]}"
2442,0.0,30.0,27.0,13.749939918518066,27.0,19.928539852527344,109.81209228554076,1963.521240234375,41.0,1.4828643798828125,3.0,4.0,0.7452905479458968,13.138204574584961,35.0,"{""type"":""Point"",""coordinates"":[109.81314701950225,19.927945990358044]}"
2443,0.0,30.0,62.0,15.108838081359863,33.0,18.661915301918818,109.75819336849361,2317.682373046875,43.0,0.9152852296829224,4.0,1.0,0.6979431583817693,13.871729850769043,49.0,"{""type"":""Point"",""coordinates"":[109.7564783091089,18.66317949239776]}"
2444,0.0,23.0,15.0,11.851651191711426,18.0,18.84606993516332,110.40048879663908,2119.864013671875,52.0,0.7127894759178162,2.0,2.0,0.7094868206268561,14.14924430847168,48.0,"{""type"":""Point"",""coordinates"":[110.40127744294558,18.843829253732224]}"
2445,0.0,26.0,46.0,24.11229705810547,31.0,19.093106638296184,110.22082573981515,2676.398193359375,43.0,1.2633463144302368,4.0,2.0,0.7334976468678329,13.558793067932129,45.0,"{""type"":""Point"",""coordinates"":[110.21996200612409,19.09288064025737]}"
2446,0.0,26.0,57.0,7.793539047241211,56.0,18.5092017036185,108.96767591846844,1667.1134033203125,55.0,0.8413385152816772,2.0,1.0,0.6417532776670556,13.958939552307129,47.0,"{""type"":""Point"",""coordinates"":[108.96961986655387,18.50988538572412]}"
2447,0.0,28.0,92.0,14.594823837280273,91.0,19.510823245411764,110.61159288840719,2361.493896484375,41.0,0.914480984210968,3.0,3.0,0.6870600777218621,13.401421546936035,37.0,"{""type"":""Point"",""coordinates"":[110.6136078875527,19.509876373932062]}"
2448,0.0,37.0,105.0,15.126303672790527,88.0,19.371584376373235,110.3151488446477,2669.67236328125,36.0,0.5646542310714722,5.0,3.0,0.6932073542965368,14.329031944274902,40.0,"{""type"":""Point"",""coordinates"":[110.31548406452762,19.36941649775321]}"
2449,0.0,25.0,38.0,5.080179691314697,38.0,19.74438521928284,110.98888530773735,1601.9237060546875,45.0,0.41844746470451355,2.0,4.0,0.6561047635436673,13.264631271362305,48.0,"{""type"":""Point"",""coordinates"":[110.98943057164516,19.743861892563206]}"
2450,0.0,27.0,73.0,11.285123825073242,74.0,19.897098817583156,110.18489312845037,2318.42431640625,41.0,0.44214245676994324,3.0,4.0,0.7152538409485412,14.312899589538574,35.0,"{""type"":""Point"",""coordinates"":[110.1831463332769,19.898672529882298]}"
2451,0.0,34.0,642.0,38.833736419677734,435.0,19.025732991987226,109.2326789272837,1949.6727294921875,36.0,10.679967880249023,8.0,2.0,0.5741155885376047,10.982880592346191,41.0,"{""type"":""Point"",""coordinates"":[109.23450614346687,19.02722783900751]}"
2452,0.0,29.0,146.0,20.063549041748047,22.0,18.814628900219134,109.07996532898335,1725.7530517578125,39.0,3.5029685497283936,7.0,1.0,0.6987287373233614,12.477456092834473,41.0,"{""type"":""Point"",""coordinates"":[109.08163079819059,18.813085901668643]}"
2453,0.0,31.0,114.0,18.393159866333008,108.0,19.645570538029695,110.60260973556598,2356.18701171875,43.0,1.6705089807510376,4.0,3.0,0.7000710643955054,12.777623176574707,31.0,"{""type"":""Point"",""coordinates"":[110.60440716956674,19.644312261442163]}"
2454,0.0,24.0,24.0,15.280677795410156,24.0,19.18742974312874,110.45438771368623,2689.059326171875,44.0,0.4289803206920624,2.0,2.0,0.7718413794447962,14.632575988769531,39.0,"{""type"":""Point"",""coordinates"":[110.45223961743528,19.1878205378568]}"
2455,0.0,29.0,184.0,12.815982818603516,97.0,19.488365363308773,109.69081972218464,2363.30517578125,45.0,0.6019211411476135,4.0,3.0,0.6856228928646666,14.215960502624512,35.0,"{""type"":""Point"",""coordinates"":[109.69169323755919,19.48766808923419]}"
2456,0.0,29.0,41.0,17.448200225830078,42.0,19.959980887471524,110.14446894066504,2160.075927734375,42.0,1.6781587600708008,3.0,4.0,0.7296997547369262,13.003717422485352,37.0,"{""type"":""Point"",""coordinates"":[110.14254522143986,19.95952495579225]}"
2457,0.0,27.0,68.0,25.749420166015625,44.0,19.623112655926704,109.9558227309999,2515.591796875,47.0,1.8148473501205444,5.0,3.0,0.7692777780857041,13.183403015136719,32.0,"{""type"":""Point"",""coordinates"":[109.9579398680936,19.621351899036323]}"
2458,0.0,25.0,172.0,15.0203275680542,144.0,18.985308804201843,108.88233596647706,1510.520751953125,48.0,3.2799642086029053,4.0,2.0,0.5921758614628482,12.527066230773926,42.0,"{""type"":""Point"",""coordinates"":[108.88333051479634,18.985837974739024]}"
2459,0.0,30.0,44.0,21.369272232055664,39.0,19.34912649427025,110.45887929010684,2723.8681640625,41.0,1.013993501663208,4.0,3.0,0.7392907951924494,13.760379791259766,42.0,"{""type"":""Point"",""coordinates"":[110.45720967621615,19.347488041956247]}"
2460,0.0,27.0,72.0,29.043344497680664,49.0,19.65455369087089,109.96929746026171,2444.14501953125,46.0,2.372422456741333,7.0,3.0,0.7584377847104745,12.912878036499023,32.0,"{""type"":""Point"",""coordinates"":[109.96924780441833,19.655509274232394]}"
2461,0.0,25.0,80.0,18.690237045288086,48.0,19.16048028460515,110.07709529435607,2579.90234375,46.0,0.8929483294487,4.0,2.0,0.7267221981365937,13.885733604431152,42.0,"{""type"":""Point"",""coordinates"":[110.07823010031701,19.162540040917424]}"
2462,0.0,24.0,13.0,14.092264175415039,13.0,19.694977878656267,109.31352730285442,1983.560546875,52.0,1.299964427947998,2.0,3.0,0.7625820902425111,13.549368858337402,35.0,"{""type"":""Point"",""coordinates"":[109.31453347759779,19.694233818917425]}"
2463,0.0,29.0,655.0,32.06561279296875,588.0,18.60352480845105,109.46174932473417,2077.197265625,43.0,6.20154333114624,5.0,1.0,0.5693024276268402,11.522432327270508,46.0,"{""type"":""Point"",""coordinates"":[109.46112619101145,18.603774287393126]}"
2464,0.0,28.0,204.0,50.03555679321289,182.0,19.322177035746662,109.13835582245116,2094.181884765625,50.0,9.792985916137695,4.0,3.0,0.6156996513134049,11.404060363769531,39.0,"{""type"":""Point"",""coordinates"":[109.13863328248446,19.321930329706706]}"
2465,0.0,27.0,22.0,6.422905921936035,16.0,19.789300983488815,110.76879806312809,2001.058837890625,52.0,0.1828792244195938,6.0,4.0,0.7360877270452065,14.54349136352539,42.0,"{""type"":""Point"",""coordinates"":[110.76892103260535,19.790209341661164]}"
2466,0.0,28.0,448.0,39.94721984863281,303.0,18.706831066124792,109.31352730285442,2073.63134765625,49.0,8.089340209960938,5.0,1.0,0.5843362864434813,11.426780700683594,44.0,"{""type"":""Point"",""coordinates"":[109.31565629068429,18.708320412088035]}"
2467,0.0,25.0,18.0,5.702217102050781,18.0,19.528789551094157,108.96318434204784,1717.236083984375,51.0,0.2508927583694458,3.0,3.0,0.7410291597553177,15.19172191619873,36.0,"{""type"":""Point"",""coordinates"":[108.96270030224277,19.526801847052248]}"
2468,0.0,21.0,43.0,10.22468090057373,43.0,19.677011572973875,109.36293464348103,2006.534912109375,57.0,0.6509189605712891,3.0,3.0,0.7320178555392761,14.22380256652832,35.0,"{""type"":""Point"",""coordinates"":[109.36440999149418,19.67515269593503]}"
2469,0.0,40.0,111.0,13.7188720703125,111.0,19.753368372124037,109.60547977019331,1944.1265869140625,33.0,1.5108009576797485,5.0,4.0,0.6636608993472385,13.341001510620117,34.0,"{""type"":""Point"",""coordinates"":[109.60580798390981,19.753187261779367]}"
2470,0.0,24.0,108.0,37.861576080322266,100.0,18.54513431498328,109.67734499292288,2369.265869140625,54.0,4.066058158874512,4.0,1.0,0.6243408554937995,12.35134506225586,46.0,"{""type"":""Point"",""coordinates"":[109.67511458565046,18.54612127479651]}"
2471,0.0,28.0,11.0,10.44726276397705,11.0,19.470399057626388,108.94072645994487,1692.623291015625,47.0,1.2932381629943848,2.0,3.0,0.7300175068858918,13.555707931518555,39.0,"{""type"":""Point"",""coordinates"":[108.94044730233752,19.469940705186957]}"
2472,0.0,31.0,26.0,7.857417583465576,27.0,20.085745027248258,110.61608446482774,1897.72802734375,46.0,0.9770967364311218,3.0,4.0,0.7038492293851765,12.442310333251953,44.0,"{""type"":""Point"",""coordinates"":[110.61702656773762,20.085574633569053]}"
2473,0.0,24.0,29.0,19.410564422607422,27.0,19.254803389437704,110.39150564379787,2818.90087890625,51.0,0.7065954804420471,3.0,2.0,0.7762258117972368,14.149880409240723,37.0,"{""type"":""Point"",""coordinates"":[110.39133251532147,19.254662155264658]}"
2474,0.0,25.0,7.0,13.835624694824219,7.0,19.23683708375531,110.55320239493938,2543.67626953125,48.0,0.46931949257850647,3.0,2.0,0.784820698587954,14.534405708312988,40.0,"{""type"":""Point"",""coordinates"":[110.55470887431898,19.23537196206245]}"
2475,0.0,28.0,89.0,17.187564849853516,57.0,19.569213738879533,110.05014583583244,2620.673095703125,45.0,0.7456365823745728,3.0,3.0,0.7529197098624035,14.060650825500488,34.0,"{""type"":""Point"",""coordinates"":[110.0503305485779,19.56718842275923]}"
2476,0.0,29.0,284.0,70.53520202636719,284.0,18.473269092253716,109.87946593184972,2241.07861328125,50.0,15.24973201751709,5.0,1.0,0.5803186790311509,10.893895149230957,44.0,"{""type"":""Point"",""coordinates"":[109.87907668174023,18.475412606939948]}"
2477,0.0,24.0,142.0,28.715824127197266,68.0,19.286244424381884,110.04116268299128,2730.5693359375,53.0,1.7584506273269653,4.0,3.0,0.7108817904197466,13.17005443572998,39.0,"{""type"":""Point"",""coordinates"":[110.03901800388812,19.28472422754146]}"
2478,0.0,33.0,80.0,12.689797401428223,67.0,19.60963792666491,110.56218554778059,2411.53564453125,42.0,0.676306962966919,5.0,3.0,0.7333827191421772,13.71448040008545,34.0,"{""type"":""Point"",""coordinates"":[110.56061910341884,19.611142433637717]}"
2479,0.0,26.0,6.0,6.485801696777344,7.0,20.031846110201087,110.72388229892209,1864.927001953125,43.0,0.3495285212993622,4.0,4.0,0.7234319142851919,13.517862319946289,45.0,"{""type"":""Point"",""coordinates"":[110.72330566349461,20.030153829890164]}"
2480,0.0,23.0,143.0,38.17441177368164,127.0,19.18742974312874,109.0215748355156,1882.240478515625,56.0,7.994070529937744,4.0,2.0,0.6045709764214021,11.648962020874023,41.0,"{""type"":""Point"",""coordinates"":[109.02175942285254,19.18803494780166]}"
2481,0.0,28.0,464.0,63.403968811035156,266.0,18.73378052464838,109.47073247757538,2198.31005859375,48.0,14.826825141906738,4.0,1.0,0.5551223858525763,10.792542457580566,47.0,"{""type"":""Point"",""coordinates"":[109.47006486719,18.735678959750985]}"
2482,0.0,27.0,167.0,53.18088912963867,90.0,19.38505910563503,109.81209228554076,2479.947265625,47.0,6.183136940002441,4.0,3.0,0.6700105288149708,11.893433570861816,37.0,"{""type"":""Point"",""coordinates"":[109.81162291464409,19.38523864134555]}"
2483,0.0,27.0,46.0,12.6737060546875,46.0,19.789300983488815,110.56667712420119,2265.695068359375,41.0,0.7404189705848694,6.0,4.0,0.7370650024453124,13.655269622802734,37.0,"{""type"":""Point"",""coordinates"":[110.56591012257223,19.790357971598393]}"
2484,0.0,23.0,4.0,7.725935459136963,7.0,18.74725525391017,110.41396352590084,2084.978515625,51.0,0.18172019720077515,2.0,1.0,0.722462739916376,15.503264427185059,48.0,"{""type"":""Point"",""coordinates"":[110.41224093464406,18.745760140134635]}"
2485,0.0,29.0,77.0,15.303742408752441,67.0,19.398533834896824,110.43642140800387,2652.9267578125,39.0,0.5036442875862122,4.0,3.0,0.7265284416801303,14.44034194946289,38.0,"{""type"":""Point"",""coordinates"":[110.43423105403316,19.398355100182016]}"
2486,0.0,20.0,13.0,6.282910346984863,13.0,19.65455369087089,109.19225473949831,1820.743896484375,53.0,0.19151651859283447,2.0,3.0,0.7436706656006088,15.464654922485352,38.0,"{""type"":""Point"",""coordinates"":[109.19197459148732,19.65236048965835]}"
2487,0.0,26.0,6.0,6.996333122253418,7.0,19.942014581789138,110.79125594523106,1951.239013671875,44.0,0.3502718508243561,2.0,4.0,0.7093852712591195,13.515737533569336,49.0,"{""type"":""Point"",""coordinates"":[110.79251443341307,19.942950292281942]}"
2488,0.0,28.0,570.0,24.186113357543945,446.0,18.76971313601316,109.01708325909499,1763.3572998046875,49.0,6.155030250549316,7.0,1.0,0.5807460508393194,11.60464859008789,41.0,"{""type"":""Point"",""coordinates"":[109.01494117049019,18.771848742569638]}"
2489,0.0,27.0,199.0,89.22752380371094,177.0,18.95835934567826,110.21633416339455,2675.0185546875,51.0,12.252079963684082,4.0,2.0,0.6057838099062258,11.177653312683105,45.0,"{""type"":""Point"",""coordinates"":[110.21543359526025,18.958323990637243]}"
2490,0.0,28.0,55.0,9.231417655944824,53.0,19.807267289171207,110.31065726822715,2273.386962890625,42.0,0.23740015923976898,6.0,4.0,0.7489912244726455,14.948884010314941,33.0,"{""type"":""Point"",""coordinates"":[110.31047974241777,19.808913339174833]}"
2491,0.0,31.0,324.0,34.18986511230469,270.0,18.940393039995868,109.05750744688038,1748.53955078125,40.0,9.106035232543945,7.0,2.0,0.5855070746966606,11.397435188293457,41.0,"{""type"":""Point"",""coordinates"":[109.0583177289565,18.9397287925083]}"
2492,0.0,23.0,104.0,5.387776851654053,96.0,19.32666861216726,108.9811506477302,1764.2918701171875,59.0,0.1824994683265686,4.0,3.0,0.626271352219736,15.459134101867676,42.0,"{""type"":""Point"",""coordinates"":[108.97895845012413,19.324713235593887]}"
2493,0.0,25.0,30.0,8.987034797668457,33.0,18.84606993516332,110.35557303243309,2188.559326171875,48.0,0.25949084758758545,3.0,2.0,0.707520139552489,15.151081085205078,46.0,"{""type"":""Point"",""coordinates"":[110.35360957398186,18.844854784857514]}"
2494,0.0,26.0,129.0,24.432859420776367,50.0,19.308702306484875,110.02768795372947,2714.690185546875,51.0,1.3765344619750977,4.0,3.0,0.7335790324817341,13.42308235168457,39.0,"{""type"":""Point"",""coordinates"":[110.02745190142377,19.30731458293009]}"
2495,0.0,23.0,111.0,7.128342628479004,82.0,19.061665603352004,108.95869276562723,1729.3272705078125,50.0,0.4854887127876282,2.0,2.0,0.6410645471493424,14.476448059082031,41.0,"{""type"":""Point"",""coordinates"":[108.95729958705778,19.061260756391736]}"
2496,0.0,33.0,520.0,59.47721481323242,384.0,19.21437920165232,109.66387026366107,2422.854736328125,38.0,10.306991577148438,5.0,2.0,0.6182998235732369,11.123514175415039,38.0,"{""type"":""Point"",""coordinates"":[109.66319905466017,19.212820490613087]}"
2497,0.0,25.0,134.0,23.383665084838867,59.0,19.33116018858786,109.87946593184972,2585.94189453125,50.0,1.4349851608276367,3.0,3.0,0.7173062602304804,13.37839412689209,40.0,"{""type"":""Point"",""coordinates"":[109.88165050754053,19.333074116667607]}"
2498,0.0,27.0,41.0,8.109274864196777,39.0,19.79828413633001,110.47235401936865,2317.78955078125,44.0,0.057359881699085236,5.0,4.0,0.7547717202658362,16.217727661132812,36.0,"{""type"":""Point"",""coordinates"":[110.47355840567437,19.79853639809633]}"
2499,0.0,24.0,405.0,23.297164916992188,359.0,18.68437318402181,109.57853031166974,2237.180908203125,53.0,2.47896671295166,4.0,1.0,0.5961205192356169,12.647980690002441,48.0,"{""type"":""Point"",""coordinates"":[109.57899619313952,18.68255326627722]}"
2500,0.0,30.0,598.0,33.6285514831543,392.0,18.6888647604424,109.42581671336939,2061.794677734375,47.0,7.025843620300293,6.0,1.0,0.570228274294321,11.447175979614258,46.0,"{""type"":""Point"",""coordinates"":[109.4241331986707,18.687867719513907]}"
2501,0.0,23.0,92.0,10.15185260772705,55.0,19.708452607918062,109.72675233354943,2118.572265625,53.0,0.5007378458976746,2.0,3.0,0.7355553110942546,14.457032203674316,32.0,"{""type"":""Point"",""coordinates"":[109.72506570213034,19.709601927688514]}"
2502,0.0,22.0,88.0,13.869769096374512,84.0,19.32666861216726,108.90479384858008,1682.9339599609375,58.0,2.1757640838623047,2.0,3.0,0.6317266819974638,12.989931106567383,41.0,"{""type"":""Point"",""coordinates"":[108.90421971219243,19.32454872169078]}"
2503,0.0,28.0,256.0,55.48721694946289,241.0,19.209887625231723,110.21184258697394,2742.86279296875,45.0,5.214137077331543,4.0,2.0,0.6493629957114962,12.007223129272461,40.0,"{""type"":""Point"",""coordinates"":[110.21110502734587,19.21153906459004]}"
2504,0.0,28.0,140.0,29.640607833862305,37.0,19.398533834896824,109.68183656934343,2384.947509765625,44.0,2.68746018409729,4.0,3.0,0.7474532653339101,12.746712684631348,35.0,"{""type"":""Point"",""coordinates"":[109.6818929598309,19.398711372966748]}"
2505,0.0,27.0,356.0,31.264493942260742,150.0,18.720305795386587,109.48869878325775,2198.31005859375,48.0,4.150824069976807,5.0,1.0,0.6004768394703055,12.167119979858398,46.0,"{""type"":""Point"",""coordinates"":[109.48792764356227,18.720940190222144]}"
2506,0.0,23.0,30.0,10.02815055847168,30.0,19.681503149394473,109.34496833779866,1983.560546875,55.0,0.6693578362464905,2.0,3.0,0.7495484528477196,14.203444480895996,34.0,"{""type"":""Point"",""coordinates"":[109.34710199284446,19.68289711312422]}"
2507,0.0,32.0,147.0,20.158674240112305,145.0,19.54226428035595,109.26411996222788,2084.86962890625,45.0,2.3220059871673584,4.0,3.0,0.6526184108909571,12.888711929321289,37.0,"{""type"":""Point"",""coordinates"":[109.26610011374777,19.542882686387273]}"
2508,0.0,29.0,238.0,13.824706077575684,60.0,19.191921319549337,109.4392914426312,2162.345458984375,42.0,0.9954878091812134,4.0,2.0,0.7009109204790571,13.677743911743164,37.0,"{""type"":""Point"",""coordinates"":[109.43707240365231,19.19020064655592]}"
2509,0.0,30.0,56.0,16.344844818115234,49.0,19.376075952793833,110.45438771368623,2649.0771484375,41.0,0.6318928599357605,4.0,3.0,0.7428322743830099,14.22618579864502,39.0,"{""type"":""Point"",""coordinates"":[110.45501446299247,19.374980508652143]}"
2510,0.0,27.0,291.0,42.094505310058594,289.0,18.590050079189254,108.88233596647706,1622.756103515625,50.0,16.039148330688477,3.0,1.0,0.5312746892671532,10.83604621887207,47.0,"{""type"":""Point"",""coordinates"":[108.88276663515751,18.59186540167861]}"
2511,0.0,28.0,4.0,6.8013763427734375,5.0,20.013879804518695,110.49930347789223,1968.8914794921875,42.0,0.22943836450576782,2.0,4.0,0.7487178370082496,14.343548774719238,41.0,"{""type"":""Point"",""coordinates"":[110.49811453571328,20.01497142464285]}"
2512,0.0,22.0,28.0,15.334321022033691,27.0,19.120056096819773,110.39150564379787,2792.6689453125,52.0,0.36873725056648254,3.0,2.0,0.7691387008585975,14.800871849060059,39.0,"{""type"":""Point"",""coordinates"":[110.39050727763941,19.12142146234726]}"
2513,0.0,23.0,74.0,7.152835845947266,72.0,18.832595205901526,108.77453813238276,1383.384521484375,59.0,1.3330540657043457,3.0,2.0,0.6184143290306868,13.488516807556152,44.0,"{""type"":""Point"",""coordinates"":[108.77639206198242,18.833888105026492]}"
2514,0.0,29.0,450.0,21.956710815429688,430.0,18.79666259453675,110.1579436699268,2457.463134765625,48.0,1.8018461465835571,4.0,1.0,0.6133546398224176,12.933327674865723,47.0,"{""type"":""Point"",""coordinates"":[110.15779125682418,18.795603258886743]}"
2515,0.0,28.0,252.0,64.85383605957031,198.0,19.111072943978577,109.97828061310292,2640.814208984375,48.0,7.696949005126953,4.0,2.0,0.6191758171933364,11.617167472839355,45.0,"{""type"":""Point"",""coordinates"":[109.97823857484903,19.109334006953862]}"
2516,0.0,20.0,28.0,4.887417793273926,28.0,18.37894598742117,109.04403271761862,1612.766357421875,56.0,0.1720791757106781,2.0,1.0,0.7047091631109921,15.56301212310791,40.0,"{""type"":""Point"",""coordinates"":[109.04503477472875,18.376775055286224]}"
2517,0.0,32.0,560.0,46.004581451416016,373.0,19.15598870818455,109.60547977019331,2350.646484375,38.0,7.3834967613220215,5.0,2.0,0.621585804239357,11.42939567565918,38.0,"{""type"":""Point"",""coordinates"":[109.60435132272984,19.157271164672636]}"
2518,0.0,27.0,101.0,35.352909088134766,71.0,19.55124743319714,109.9513311545793,2588.387939453125,46.0,2.7838571071624756,4.0,3.0,0.7231335328212727,12.735323905944824,35.0,"{""type"":""Point"",""coordinates"":[109.95261377264602,19.551791653155714]}"
2519,0.0,22.0,96.0,13.669776916503906,51.0,19.510823245411764,109.86149962616736,2528.166259765625,53.0,0.46288663148880005,4.0,3.0,0.7391629389499019,14.533224105834961,38.0,"{""type"":""Point"",""coordinates"":[109.86094236343328,19.512894914369987]}"
2520,0.0,23.0,41.0,15.775697708129883,27.0,19.694977878656267,110.14446894066504,2586.041259765625,54.0,0.6338675618171692,2.0,3.0,0.8059811205776327,14.251520156860352,30.0,"{""type"":""Point"",""coordinates"":[110.14468389402204,19.69387136767735]}"
2521,0.0,35.0,416.0,46.72492980957031,412.0,18.423861751627143,109.34496833779866,1977.5943603515625,39.0,12.142916679382324,7.0,1.0,0.5836832027172582,11.036370277404785,41.0,"{""type"":""Point"",""coordinates"":[109.34282871660265,18.425271505567295]}"
2522,0.0,24.0,293.0,44.67272186279297,168.0,19.24132866017591,109.41234198410757,2171.237060546875,50.0,7.138699531555176,4.0,2.0,0.6315967524972043,11.665595054626465,37.0,"{""type"":""Point"",""coordinates"":[109.41148914673761,19.241158484332015]}"
2523,0.0,26.0,64.0,8.250663757324219,64.0,18.495726974356707,109.89743223753214,2241.07861328125,47.0,0.12968769669532776,3.0,1.0,0.6791474514868308,15.824736595153809,45.0,"{""type"":""Point"",""coordinates"":[109.89704118010972,18.496830584884286]}"
2524,0.0,25.0,190.0,13.383474349975586,181.0,18.513693280039092,109.25513680938667,1948.0106201171875,54.0,1.3910061120986938,4.0,1.0,0.6097648064047188,13.374310493469238,45.0,"{""type"":""Point"",""coordinates"":[109.25308604273805,18.514338419161465]}"
2525,0.0,30.0,385.0,57.17973327636719,240.0,19.200904472390526,109.65937868724046,2422.854736328125,41.0,8.482501983642578,4.0,2.0,0.6309078809333554,11.425836563110352,38.0,"{""type"":""Point"",""coordinates"":[109.65977803751922,19.201797609413486]}"
2526,0.0,25.0,172.0,15.313824653625488,84.0,19.371584376373235,109.7492102156524,2414.079833984375,50.0,0.8066672682762146,4.0,3.0,0.693992796047607,13.930769920349121,37.0,"{""type"":""Point"",""coordinates"":[109.74830293490834,19.369935810294006]}"
2527,0.0,26.0,129.0,16.252222061157227,104.0,19.286244424381884,110.20285943413279,2755.386474609375,48.0,0.5192724466323853,4.0,3.0,0.6864025373629334,14.39814281463623,38.0,"{""type"":""Point"",""coordinates"":[110.20259976525003,19.28761336986887]}"
2528,0.0,28.0,68.0,12.347992897033691,43.0,18.585558502768656,109.66387026366107,2216.47314453125,43.0,0.6681110858917236,5.0,1.0,0.6955120952595248,14.182994842529297,46.0,"{""type"":""Point"",""coordinates"":[109.66413747784053,18.584109142717296]}"
2529,0.0,31.0,86.0,16.577871322631836,62.0,19.66802842013268,109.91090696679396,2368.31103515625,42.0,1.0370069742202759,4.0,3.0,0.7467376787331482,13.732544898986816,31.0,"{""type"":""Point"",""coordinates"":[109.90928267376202,19.668681779463437]}"
2530,0.0,32.0,838.0,44.240867614746094,647.0,18.702339489704194,109.48420720683714,2198.31005859375,46.0,12.351791381835938,6.0,1.0,0.5527759981303335,10.639180183410645,45.0,"{""type"":""Point"",""coordinates"":[109.48371359478222,18.703950552311934]}"
2531,0.0,25.0,1.0,8.945127487182617,4.0,18.8820025465281,110.45438771368623,2134.911376953125,46.0,0.2927737236022949,3.0,2.0,0.747036909488913,15.028074264526367,44.0,"{""type"":""Point"",""coordinates"":[110.45619220702883,18.881375585953403]}"
2532,0.0,27.0,243.0,45.298458099365234,170.0,19.40751698773802,109.50666508894017,2343.00732421875,52.0,6.20696496963501,4.0,3.0,0.6607811205248892,11.84041976928711,34.0,"{""type"":""Point"",""coordinates"":[109.50669479138504,19.40550378363961]}"
2533,0.0,23.0,18.0,8.606718063354492,18.0,18.57208377350686,110.07260371793546,2255.696044921875,44.0,0.11471964418888092,3.0,1.0,0.7339582205130863,15.974261283874512,45.0,"{""type"":""Point"",""coordinates"":[110.07377430239671,18.571742112625447]}"
2534,0.0,24.0,14.0,4.729375839233398,14.0,19.757859948544635,110.98439373131674,1556.9517822265625,51.0,0.4061118960380554,3.0,4.0,0.6823260244387593,13.349996566772461,48.0,"{""type"":""Point"",""coordinates"":[110.98527628569381,19.757507264549815]}"
2535,0.0,24.0,30.0,6.131054401397705,29.0,18.49123539793611,108.95420118920663,1596.4786376953125,52.0,0.49726104736328125,3.0,1.0,0.6754639763910162,14.5006685256958,46.0,"{""type"":""Point"",""coordinates"":[108.95259317907572,18.490832071046885]}"
2536,0.0,28.0,356.0,29.063722610473633,200.0,19.084123485454995,109.77615967417603,2267.7021484375,46.0,3.365532636642456,4.0,2.0,0.6331142822568024,12.37744140625,40.0,"{""type"":""Point"",""coordinates"":[109.77426719708038,19.083747062845756]}"
2537,0.0,28.0,1357.0,25.455841064453125,1190.0,18.940393039995868,109.37640937274284,2082.82666015625,44.0,12.489361763000488,11.0,2.0,0.5167043982138332,9.788804054260254,46.0,"{""type"":""Point"",""coordinates"":[109.37424799011724,18.94104034586367]}"
2538,0.0,27.0,64.0,11.07548999786377,53.0,19.82972517127419,110.14896051708558,2359.382568359375,41.0,0.3703167736530304,2.0,4.0,0.7544875436247741,14.497246742248535,32.0,"{""type"":""Point"",""coordinates"":[110.14933438183363,19.829526142001793]}"
2539,0.0,31.0,98.0,16.471891403198242,87.0,19.627604232347302,109.50666508894017,2091.965087890625,46.0,1.6077919006347656,4.0,3.0,0.6908860800817803,13.286639213562012,33.0,"{""type"":""Point"",""coordinates"":[109.50677533163389,19.627071525864977]}"
2540,0.0,23.0,60.0,5.362124919891357,57.0,19.133530826081568,108.81496232016809,1489.7042236328125,57.0,0.5197827816009521,2.0,2.0,0.6663956297537451,14.43879508972168,39.0,"{""type"":""Point"",""coordinates"":[108.81524221194549,19.133428652225316]}"
2541,0.0,30.0,26.0,7.531754970550537,27.0,20.009388228098096,110.23430046907697,1980.531982421875,44.0,0.43218994140625,2.0,4.0,0.7407487731574128,13.739334106445312,37.0,"{""type"":""Point"",""coordinates"":[110.23380987048692,20.011411230462354]}"
2542,0.0,27.0,640.0,44.83738327026367,460.0,18.864036240845707,109.51115666536077,2044.4984130859375,50.0,12.005538940429688,4.0,2.0,0.5458556958724862,10.864572525024414,47.0,"{""type"":""Point"",""coordinates"":[109.50950572145936,18.86483297253332]}"
2543,0.0,26.0,637.0,43.1900749206543,584.0,18.774204712433757,109.65039553439925,2190.593994140625,47.0,8.567940711975098,5.0,1.0,0.5646538294664749,11.211901664733887,47.0,"{""type"":""Point"",""coordinates"":[109.65196788622141,18.774122731943844]}"
2544,0.0,27.0,5.0,6.2709784507751465,6.0,19.973455616733318,110.80473067449287,1810.6531982421875,44.0,0.4196552336215973,4.0,4.0,0.707795770683657,13.337213516235352,48.0,"{""type"":""Point"",""coordinates"":[110.8060792242954,19.971480525583548]}"
2545,0.0,24.0,5.0,3.126781463623047,6.0,19.18293816670814,108.69818133323258,1245.7305908203125,53.0,0.2153036892414093,2.0,2.0,0.7037569151240759,15.352168083190918,41.0,"{""type"":""Point"",""coordinates"":[108.70022758709433,19.180982972338676]}"
2546,0.0,28.0,104.0,14.934829711914062,91.0,19.434466446261602,110.42294667874205,2623.61328125,41.0,0.4999319911003113,5.0,3.0,0.7034714403579858,14.431159973144531,37.0,"{""type"":""Point"",""coordinates"":[110.42442075268448,19.43655941523998]}"
2547,0.0,27.0,655.0,37.832275390625,565.0,19.138022402502166,109.16979685739534,2028.9908447265625,49.0,9.146702766418457,7.0,2.0,0.5948102789053136,11.129207611083984,38.0,"{""type"":""Point"",""coordinates"":[109.16995556452667,19.13721260497655]}"
2548,0.0,29.0,280.0,38.137062072753906,175.0,18.91344358147228,109.97378903668232,2542.07275390625,42.0,3.5573770999908447,4.0,2.0,0.6300298982149455,12.374879837036133,45.0,"{""type"":""Point"",""coordinates"":[109.97584564650032,18.913041731556575]}"
2549,0.0,24.0,32.0,10.196179389953613,18.0,19.735402066441644,110.01421322446765,2457.389892578125,49.0,0.16737648844718933,2.0,3.0,0.8020980648905602,15.588397979736328,32.0,"{""type"":""Point"",""coordinates"":[110.01580036287017,19.733316457818596]}"
2550,0.0,24.0,4.0,5.860683441162109,4.0,18.369962834579972,109.15183055171292,1711.6767578125,47.0,0.24846921861171722,3.0,1.0,0.7348542933865387,15.20946979522705,41.0,"{""type"":""Point"",""coordinates"":[109.15285137492387,18.370156662280017]}"
2551,0.0,27.0,634.0,32.178680419921875,578.0,19.164971861025748,109.13386424603056,2023.5697021484375,49.0,6.8149895668029785,5.0,2.0,0.5924152359407251,11.446252822875977,40.0,"{""type"":""Point"",""coordinates"":[109.1347784132121,19.16677061687163]}"
2552,0.0,23.0,227.0,40.214263916015625,126.0,19.304210730064277,109.37191779632224,2179.60693359375,55.0,5.92899751663208,4.0,3.0,0.6357207239015878,11.897128105163574,38.0,"{""type"":""Point"",""coordinates"":[109.37406077513987,19.30346879339768]}"
2553,0.0,31.0,56.0,10.280928611755371,50.0,19.362601223532046,110.44989613726563,2652.9267578125,38.0,0.057359881699085236,5.0,3.0,0.7407835965064895,16.625600814819336,40.0,"{""type"":""Point"",""coordinates"":[110.44782151313183,19.361138501796006]}"
2554,0.0,26.0,373.0,97.77145385742188,326.0,19.003275109884235,110.07709529435607,2701.92578125,46.0,14.541275978088379,4.0,2.0,0.5830476362251538,10.881135940551758,46.0,"{""type"":""Point"",""coordinates"":[110.07919967618714,19.00129576137674]}"
2555,0.0,27.0,398.0,67.94940185546875,378.0,18.899968852210492,110.21184258697394,2600.9130859375,47.0,9.2904052734375,4.0,2.0,0.6010966626780385,11.323830604553223,46.0,"{""type"":""Point"",""coordinates"":[110.21308538251004,18.901874917239454]}"
2556,0.0,24.0,211.0,24.30003547668457,87.0,18.73827210106898,109.0260664119362,1799.907470703125,50.0,4.371967792510986,4.0,1.0,0.6128733735462218,12.213842391967773,43.0,"{""type"":""Point"",""coordinates"":[109.02534559371041,18.7366363167131]}"
2557,0.0,23.0,100.0,20.706424713134766,62.0,19.52429797467356,109.87048277900857,2528.166259765625,53.0,1.2156460285186768,4.0,3.0,0.7277158831831995,13.565128326416016,37.0,"{""type"":""Point"",""coordinates"":[109.87148014589802,19.524035110212452]}"
2558,0.0,26.0,100.0,40.560546875,100.0,18.343013376056383,109.51115666536077,2018.67333984375,53.0,7.262907981872559,4.0,0.0,0.6213666098365052,11.7723970413208,40.0,"{""type"":""Point"",""coordinates"":[109.50980583731699,18.344305534502134]}"
2559,0.0,22.0,104.0,8.525794982910156,82.0,19.120056096819773,109.05301587045977,1947.67578125,58.0,0.5011124014854431,2.0,2.0,0.6590702735437755,14.449028968811035,40.0,"{""type"":""Point"",""coordinates"":[109.05323853652904,19.118885430519235]}"
2560,0.0,29.0,51.0,12.37679672241211,51.0,19.847691476956584,110.33311515033012,2273.386962890625,42.0,0.6805126667022705,6.0,4.0,0.7452228378252126,13.898846626281738,34.0,"{""type"":""Point"",""coordinates"":[110.33360709454736,19.848083784545768]}"
2561,0.0,25.0,26.0,4.993356704711914,29.0,18.65293214907762,108.75208025027973,1413.21337890625,51.0,0.5197625160217285,3.0,1.0,0.6734843727165784,14.45872974395752,44.0,"{""type"":""Point"",""coordinates"":[108.7521850393963,18.650857846520676]}"
2562,0.0,23.0,247.0,26.424198150634766,223.0,18.949376192837065,108.8733528136359,1489.4788818359375,57.0,9.30587100982666,5.0,2.0,0.5651306719812086,11.42786693572998,43.0,"{""type"":""Point"",""coordinates"":[108.87428390116128,18.947548146822882]}"
2563,0.0,29.0,111.0,11.731958389282227,57.0,19.178446590287543,109.99175534236468,2619.850830078125,41.0,0.21062707901000977,4.0,2.0,0.7281691275487306,15.311534881591797,40.0,"{""type"":""Point"",""coordinates"":[109.99077112402593,19.180431749180887]}"
2564,0.0,29.0,434.0,52.31071090698242,247.0,18.79217101811615,109.50666508894017,2204.727294921875,48.0,10.601861000061035,4.0,1.0,0.5658231130658046,11.162148475646973,48.0,"{""type"":""Point"",""coordinates"":[109.50579564918982,18.79231360474744]}"
2565,0.0,21.0,8.0,9.18804931640625,10.0,18.40589544594475,109.75819336849361,2129.562744140625,51.0,0.30765363574028015,2.0,1.0,0.7521098510312137,14.99351978302002,41.0,"{""type"":""Point"",""coordinates"":[109.75614463472323,18.407834858414635]}"
2566,0.0,29.0,170.0,33.99352264404297,46.0,18.783187865274954,109.11589794034813,1762.330322265625,41.0,7.812171459197998,4.0,1.0,0.6568806625993449,11.655350685119629,41.0,"{""type"":""Point"",""coordinates"":[109.11628617307444,18.783413057160576]}"
2567,0.0,21.0,148.0,11.44333267211914,122.0,19.515314821832362,109.47971563041654,2125.68359375,56.0,0.6727234721183777,4.0,3.0,0.6699739936028353,14.127442359924316,35.0,"{""type"":""Point"",""coordinates"":[109.478387997659,19.514807393437835]}"
2568,0.0,26.0,223.0,20.581775665283203,46.0,19.277261271540688,109.52912297104314,2337.88720703125,46.0,1.5805813074111938,4.0,2.0,0.7252820697100335,13.22513484954834,37.0,"{""type"":""Point"",""coordinates"":[109.53084442232161,19.276030292782988]}"
2569,0.0,22.0,28.0,17.780963897705078,28.0,18.325047070373998,109.28657784433085,1786.2099609375,56.0,2.6021387577056885,4.0,0.0,0.7124761082630378,12.846193313598633,39.0,"{""type"":""Point"",""coordinates"":[109.28685274495494,18.325704986443547]}"
2570,0.0,29.0,283.0,58.37235641479492,228.0,19.420991716999815,109.88395750827033,2597.91259765625,42.0,6.646057605743408,5.0,3.0,0.6574648062060358,11.74462604522705,37.0,"{""type"":""Point"",""coordinates"":[109.88341214154129,19.422271671360715]}"
2571,0.0,36.0,690.0,59.51360321044922,585.0,18.967342498519457,109.97378903668232,2390.26611328125,37.0,13.19546127319336,4.0,2.0,0.580135718561493,10.720946311950684,42.0,"{""type"":""Point"",""coordinates"":[109.97155585510973,18.966965060700748]}"
2572,0.0,27.0,53.0,15.99311351776123,34.0,19.564722162458935,110.45887929010684,2542.919677734375,47.0,0.7981175780296326,5.0,3.0,0.7565691268728288,13.737868309020996,39.0,"{""type"":""Point"",""coordinates"":[110.46070284557365,19.56662251275692]}"
2573,0.0,29.0,303.0,14.389214515686035,175.0,19.15598870818455,109.27310311506909,2045.2894287109375,43.0,1.343584418296814,4.0,2.0,0.6442435149001073,13.333916664123535,37.0,"{""type"":""Point"",""coordinates"":[109.2746289655214,19.15439893417376]}"
2574,0.0,31.0,332.0,49.925846099853516,291.0,18.581066926348058,109.385392525584,2135.404296875,40.0,9.539170265197754,5.0,1.0,0.5850681777638725,11.344517707824707,45.0,"{""type"":""Point"",""coordinates"":[109.38638326192209,18.579937937130882]}"
2575,0.0,27.0,1040.0,32.88560485839844,846.0,19.066157179772603,109.21920419802188,1878.1461181640625,42.0,13.729190826416016,8.0,2.0,0.5433697728796925,10.279966354370117,40.0,"{""type"":""Point"",""coordinates"":[109.22101416427353,19.067593284249707]}"
2576,0.0,24.0,81.0,11.577719688415527,77.0,18.563100620665672,108.9811506477302,1761.33447265625,53.0,1.3744299411773682,2.0,1.0,0.6161529291188508,13.453758239746094,48.0,"{""type"":""Point"",""coordinates"":[108.98162512518138,18.565177340958936]}"
2577,0.0,25.0,44.0,16.5850887298584,35.0,19.650062114450293,110.29718253896533,2510.81494140625,48.0,0.862929105758667,3.0,3.0,0.7878142879044521,13.700075149536133,31.0,"{""type"":""Point"",""coordinates"":[110.2982888847062,19.65220881710702]}"
2578,0.0,25.0,31.0,6.157069683074951,30.0,18.48674382151551,108.95869276562723,1596.4786376953125,51.0,0.5113502144813538,2.0,1.0,0.6779542713047781,14.472146987915039,45.0,"{""type"":""Point"",""coordinates"":[108.95782091102366,18.484998095377097]}"
2579,0.0,29.0,65.0,11.563308715820312,63.0,19.820742018433002,110.29269096254473,2295.697265625,43.0,0.5509002208709717,6.0,4.0,0.7329032901802014,14.099251747131348,34.0,"{""type"":""Point"",""coordinates"":[110.29085733529692,19.81902769546007]}"
2580,0.0,23.0,54.0,13.205132484436035,54.0,19.726418913600448,109.52013981820193,2011.965576171875,56.0,1.149704098701477,3.0,3.0,0.7264468477045356,13.6483793258667,33.0,"{""type"":""Point"",""coordinates"":[109.52043085140433,19.724637248976283]}"
2581,0.0,27.0,708.0,42.17779541015625,584.0,18.79217101811615,109.0260664119362,1763.3572998046875,49.0,18.03140640258789,8.0,1.0,0.5440901814962289,10.375713348388672,40.0,"{""type"":""Point"",""coordinates"":[109.02553870748139,18.79096276070945]}"
2582,0.0,24.0,128.0,15.281137466430664,95.0,19.46590748120579,109.37191779632224,2140.790283203125,56.0,1.2889039516448975,3.0,3.0,0.6790260497987276,13.48949909210205,34.0,"{""type"":""Point"",""coordinates"":[109.37146573530076,19.464191834591126]}"
2583,0.0,30.0,51.0,10.108831405639648,51.0,19.371584376373235,108.80148759090633,1566.483154296875,44.0,1.5778745412826538,3.0,3.0,0.6620973039000793,13.333452224731445,42.0,"{""type"":""Point"",""coordinates"":[108.80339732913681,19.370411633118117]}"
2585,0.0,24.0,16.0,20.131227493286133,16.0,19.191921319549337,110.43642140800387,2809.3779296875,48.0,0.7514815330505371,3.0,2.0,0.784535081621414,14.07660961151123,38.0,"{""type"":""Point"",""coordinates"":[110.4369264182493,19.192141220560323]}"
2586,0.0,22.0,11.0,2.5674831867218018,11.0,19.088615061875586,108.65326556902659,1135.8297119140625,55.0,0.16702447831630707,2.0,2.0,0.6779571457803728,15.602639198303223,44.0,"{""type"":""Point"",""coordinates"":[108.65539708388182,19.0873355512958]}"
2587,0.0,27.0,4.0,5.677150249481201,5.0,20.04532083946288,110.70142441681912,1864.927001953125,44.0,0.1299566924571991,2.0,4.0,0.7205735203951653,14.511661529541016,46.0,"{""type"":""Point"",""coordinates"":[110.70339608034793,20.04401237670675]}"
2588,0.0,23.0,22.0,6.860514163970947,19.0,19.8252335948536,110.85413801511942,1753.0133056640625,54.0,0.8435750007629395,3.0,4.0,0.6912699021249373,12.60077953338623,47.0,"{""type"":""Point"",""coordinates"":[110.85221644619195,19.824147996926]}"
2589,0.0,24.0,31.0,13.126749038696289,31.0,18.40589544594475,109.0260664119362,1751.53759765625,48.0,1.6218050718307495,3.0,1.0,0.7006425382867012,13.317666053771973,41.0,"{""type"":""Point"",""coordinates"":[109.02461592922086,18.404465233336456]}"
2590,0.0,20.0,24.0,13.309901237487793,26.0,18.419370175206545,109.79412597985839,2129.562744140625,54.0,0.8579846620559692,2.0,1.0,0.7355140541918197,13.958626747131348,40.0,"{""type"":""Point"",""coordinates"":[109.794965119285,18.41823122551448]}"
2591,0.0,30.0,330.0,37.27632522583008,201.0,18.82361205306033,109.22369577444249,2027.6065673828125,43.0,6.916673183441162,5.0,2.0,0.5878237547010068,11.671822547912598,45.0,"{""type"":""Point"",""coordinates"":[109.22430727786592,18.822144758597087]}"
2592,0.0,25.0,323.0,53.502906799316406,254.0,18.864036240845707,110.05463741225304,2397.919677734375,49.0,7.398202896118164,4.0,2.0,0.6055790828294018,11.608725547790527,45.0,"{""type"":""Point"",""coordinates"":[110.05426379899788,18.864934592128343]}"
2593,0.0,28.0,33.0,14.945226669311523,33.0,19.672519996553277,110.6834581111367,2306.94482421875,46.0,1.0964926481246948,6.0,3.0,0.7490297746185476,13.274285316467285,38.0,"{""type"":""Point"",""coordinates"":[110.68163436066052,19.67402617580703]}"
2594,0.0,28.0,141.0,47.13198471069336,109.0,19.12454767324037,110.07260371793546,2595.68212890625,47.0,4.524666786193848,4.0,2.0,0.6419765665871164,12.223796844482422,44.0,"{""type"":""Point"",""coordinates"":[110.07375941731215,19.12372142372878]}"
2595,0.0,36.0,76.0,7.47799015045166,76.0,19.82972517127419,109.74471863923185,1931.240966796875,38.0,0.38341155648231506,3.0,4.0,0.6943817104075255,14.733609199523926,34.0,"{""type"":""Point"",""coordinates"":[109.74267209715255,19.829137631966738]}"
2596,0.0,26.0,198.0,41.20832443237305,191.0,18.59903323203045,108.99013380057141,1761.33447265625,51.0,11.35413932800293,4.0,1.0,0.549186351907099,11.256606101989746,49.0,"{""type"":""Point"",""coordinates"":[108.98813430693357,18.597217750943866]}"
2597,0.0,27.0,1290.0,29.351612091064453,1121.0,18.95835934567826,109.40335883126642,2043.99169921875,42.0,14.084921836853027,12.0,2.0,0.5277116700861986,9.820838928222656,43.0,"{""type"":""Point"",""coordinates"":[109.40344865976063,18.958345462611735]}"
2598,0.0,23.0,22.0,12.674314498901367,25.0,18.873019393686903,110.39150564379787,2292.78466796875,49.0,0.5767737627029419,4.0,2.0,0.7269189071856593,14.35696029663086,45.0,"{""type"":""Point"",""coordinates"":[110.39139907173795,18.871385743808876]}"
2599,0.0,27.0,17.0,7.613842964172363,18.0,20.05879556872467,110.61159288840719,1897.72802734375,45.0,0.7107001543045044,4.0,4.0,0.7158574226344254,12.783575057983398,44.0,"{""type"":""Point"",""coordinates"":[110.61245463637349,20.060487575633175]}"
2600,0.0,24.0,33.0,11.715954780578613,33.0,19.55573900961774,109.25513680938667,2066.166259765625,48.0,0.7528092265129089,2.0,3.0,0.7416590405654593,14.084196090698242,36.0,"{""type"":""Point"",""coordinates"":[109.25626030099608,19.556005834951485]}"
2601,0.0,36.0,893.0,30.63957977294922,742.0,18.91344358147228,109.26861153864849,1832.286376953125,38.0,11.983392715454102,5.0,2.0,0.5299782847254345,10.608327865600586,45.0,"{""type"":""Point"",""coordinates"":[109.26750411408325,18.911430761716538]}"
2602,0.0,32.0,76.0,21.802818298339844,73.0,19.77133467780643,110.02319637730886,2447.30712890625,40.0,1.527776837348938,4.0,4.0,0.7376361702496401,13.350926399230957,31.0,"{""type"":""Point"",""coordinates"":[110.02370525356265,19.773227946461464]}"
2603,0.0,29.0,66.0,10.29245662689209,65.0,19.68599472581507,110.65650865261313,2306.94482421875,48.0,0.4411483407020569,5.0,3.0,0.717792969000187,14.154808044433594,37.0,"{""type"":""Point"",""coordinates"":[110.65630768767925,19.68591061637523]}"
2604,0.0,27.0,127.0,31.601831436157227,57.0,19.394042258476226,109.83904174406439,2479.947265625,44.0,2.6088316440582275,4.0,3.0,0.7183226779682785,12.784481048583984,38.0,"{""type"":""Point"",""coordinates"":[109.83903300635453,19.39261640507114]}"
2605,0.0,28.0,224.0,55.47488784790039,201.0,19.304210730064277,109.15183055171292,2051.81640625,44.0,11.665749549865723,6.0,3.0,0.6030541291488001,11.211915969848633,40.0,"{""type"":""Point"",""coordinates"":[109.1515882838554,19.304611242211205]}"
2606,0.0,22.0,8.0,2.5172111988067627,8.0,18.832595205901526,108.6622487218678,1191.614501953125,54.0,0.057359881699085236,2.0,2.0,0.6718677841642848,16.673158645629883,47.0,"{""type"":""Point"",""coordinates"":[108.66204417448647,18.834439546831018]}"
2607,0.0,24.0,140.0,13.995522499084473,105.0,18.85954466442511,110.10853632930025,2323.69580078125,51.0,0.751024067401886,3.0,2.0,0.632300682263695,14.022303581237793,46.0,"{""type"":""Point"",""coordinates"":[110.10851134461275,18.861576309038682]}"
2608,0.0,26.0,950.0,40.65182876586914,777.0,18.985308804201843,109.42581671336939,2043.99169921875,43.0,13.261055946350098,7.0,2.0,0.5489631429419897,10.435006141662598,42.0,"{""type"":""Point"",""coordinates"":[109.42691315764222,18.983797512516798]}"
2610,0.0,28.0,188.0,7.008410930633545,59.0,18.729288948227783,109.13386424603056,1839.9287109375,42.0,0.3395094573497772,4.0,1.0,0.6616739554347446,14.786055564880371,43.0,"{""type"":""Point"",""coordinates"":[109.13578105745692,18.731381853391596]}"
2611,0.0,30.0,35.0,11.507651329040527,33.0,19.793792559909413,110.42743825516266,2397.667724609375,40.0,0.4317674934864044,7.0,4.0,0.7754302195512168,14.267314910888672,34.0,"{""type"":""Point"",""coordinates"":[110.4294308887256,19.79312551941592]}"
2612,0.0,28.0,1159.0,32.8590087890625,1074.0,19.084123485454995,109.16081370455413,1930.5584716796875,46.0,16.669736862182617,11.0,2.0,0.5297825034257043,9.893625259399414,41.0,"{""type"":""Point"",""coordinates"":[109.16276133546931,19.085901561273612]}"
2613,0.0,30.0,218.0,61.37620544433594,187.0,18.97183407494005,110.1579436699268,2514.501708984375,40.0,7.612868309020996,4.0,2.0,0.616977320372439,11.650696754455566,45.0,"{""type"":""Point"",""coordinates"":[110.15823830973433,18.970040852418045]}"
2614,0.0,29.0,360.0,37.978721618652344,348.0,19.227853930914115,110.23430046907697,2742.86279296875,43.0,2.9793219566345215,4.0,2.0,0.6479076370665567,12.496711730957031,41.0,"{""type"":""Point"",""coordinates"":[110.23384056950775,19.228074615668074]}"
2615,0.0,24.0,20.0,11.199697494506836,20.0,19.12903924966097,110.40947194948029,2725.39697265625,50.0,0.0835232064127922,3.0,2.0,0.7790333431763116,16.29047393798828,39.0,"{""type"":""Point"",""coordinates"":[110.40999095411433,19.126954492084256]}"
2616,0.0,26.0,229.0,23.98682403564453,210.0,18.5092017036185,109.32251045569564,2066.016357421875,54.0,3.2047324180603027,4.0,1.0,0.603362630207451,12.513577461242676,46.0,"{""type"":""Point"",""coordinates"":[109.32455152091946,18.508454862027506]}"
2617,0.0,29.0,378.0,37.959957122802734,250.0,18.940393039995868,109.87048277900857,2409.319091796875,42.0,4.331021785736084,4.0,2.0,0.6094705164154814,12.108582496643066,46.0,"{""type"":""Point"",""coordinates"":[109.87017166904934,18.938705474601523]}"
2618,0.0,30.0,23.0,9.045729637145996,23.0,19.96896404031272,109.94234800173814,2015.9957275390625,39.0,0.5025103092193604,2.0,4.0,0.7470574500065381,14.223554611206055,37.0,"{""type"":""Point"",""coordinates"":[109.9426619549375,19.970294679345297]}"
2619,0.0,22.0,48.0,3.728590726852417,45.0,19.079631909034397,108.79699601448573,1364.5877685546875,57.0,0.23733027279376984,3.0,2.0,0.6656587429801538,15.229842185974121,41.0,"{""type"":""Point"",""coordinates"":[108.7965775724477,19.078961888866136]}"
2620,0.0,29.0,14.0,6.512705326080322,14.0,19.77133467780643,109.34945991421921,1874.54541015625,41.0,0.21088416874408722,4.0,4.0,0.7694237253787263,15.367744445800781,33.0,"{""type"":""Point"",""coordinates"":[109.34778152607501,19.77318029553408]}"
2621,0.0,21.0,45.0,12.458786010742188,29.0,19.564722162458935,110.38252249095666,2583.768310546875,54.0,0.3097274601459503,3.0,3.0,0.7700942942273983,14.735158920288086,38.0,"{""type"":""Point"",""coordinates"":[110.38368210321978,19.563403911131285]}"
2622,0.0,26.0,116.0,60.71345520019531,119.0,18.26665657690623,109.60547977019331,2100.885986328125,54.0,12.679667472839355,4.0,0.0,0.6120451157986858,11.194308280944824,39.0,"{""type"":""Point"",""coordinates"":[109.60747487437138,18.265727679457935]}"
2623,0.0,25.0,230.0,36.23902130126953,82.0,18.82810362948093,109.32700203211624,2005.2271728515625,51.0,6.342323303222656,5.0,2.0,0.6142638123328015,11.827251434326172,45.0,"{""type"":""Point"",""coordinates"":[109.32904558483288,18.830328126831485]}"
2624,0.0,25.0,44.0,12.999086380004883,35.0,19.591671620982524,110.3196404210683,2597.951904296875,49.0,0.34968870878219604,3.0,3.0,0.7641461475416896,14.80639934539795,38.0,"{""type"":""Point"",""coordinates"":[110.31813298370676,19.590562890445305]}"
2625,0.0,27.0,307.0,19.882875442504883,229.0,19.01674983914603,109.96480588384111,2478.089599609375,50.0,1.3584672212600708,4.0,2.0,0.6427884280560286,13.3201322555542,43.0,"{""type"":""Point"",""coordinates"":[109.96652859302574,19.014749656186012]}"
2626,0.0,27.0,252.0,44.14174270629883,62.0,18.953867769257663,109.53810612388435,2209.8154296875,47.0,6.671887397766113,4.0,2.0,0.6577796091788302,11.761595726013184,42.0,"{""type"":""Point"",""coordinates"":[109.53759082776988,18.95208036375717]}"
2627,0.0,27.0,81.0,25.533050537109375,81.0,18.697847913283596,110.23879204549758,2274.042724609375,46.0,2.3751060962677,4.0,1.0,0.6481555185719174,12.906373977661133,46.0,"{""type"":""Point"",""coordinates"":[110.24049004949242,18.700073022859346]}"
2628,0.0,24.0,54.0,13.41788101196289,48.0,19.21887077807292,108.88233596647706,1652.4957275390625,53.0,2.1073317527770996,4.0,2.0,0.6692529670417934,13.042144775390625,42.0,"{""type"":""Point"",""coordinates"":[108.88419523095027,19.217318465723295]}"
2629,0.0,24.0,11.0,7.145889759063721,11.0,19.46590748120579,109.01708325909499,1858.53564453125,47.0,0.30954471230506897,2.0,3.0,0.7567548538523078,14.98567008972168,36.0,"{""type"":""Point"",""coordinates"":[109.01834185663243,19.466450782349312]}"
2630,0.0,26.0,523.0,59.21224594116211,353.0,18.93590146357527,109.4437830190518,2222.922119140625,50.0,13.18563461303711,4.0,2.0,0.5713168272841951,10.867765426635742,44.0,"{""type"":""Point"",""coordinates"":[109.4417484547272,18.934204302551347]}"
2631,0.0,25.0,340.0,51.507877349853516,300.0,19.164971861025748,109.11140636392759,2023.5697021484375,50.0,11.677342414855957,4.0,2.0,0.5935214554454308,11.131942749023438,40.0,"{""type"":""Point"",""coordinates"":[109.11058776946271,19.166275855616256]}"
2632,0.0,26.0,473.0,59.2548713684082,445.0,19.26827811869949,109.12937266960995,2096.629150390625,52.0,15.44268798828125,5.0,2.0,0.5884323498130031,10.742876052856445,38.0,"{""type"":""Point"",""coordinates"":[109.13054514293312,19.268482414834285]}"
2633,0.0,24.0,7.0,6.35221529006958,8.0,19.977947193153916,110.64752549977192,1975.3140869140625,48.0,0.12994441390037537,2.0,4.0,0.723719030829939,14.505141258239746,46.0,"{""type"":""Point"",""coordinates"":[110.6481222096868,19.977970948182907]}"
2634,0.0,28.0,66.0,13.912201881408691,66.0,19.560230586038337,109.19225473949831,2001.041259765625,49.0,1.3230582475662231,3.0,3.0,0.6844466054369823,13.500802040100098,39.0,"{""type"":""Point"",""coordinates"":[109.19279639620476,19.558909870207735]}"
2635,0.0,26.0,907.0,16.643404006958008,854.0,18.79666259453675,108.92725173068305,1545.0684814453125,49.0,6.305461883544922,9.0,1.0,0.5403662770223933,11.244684219360352,43.0,"{""type"":""Point"",""coordinates"":[108.92559037980236,18.797873404749193]}"
2636,0.0,28.0,136.0,32.33906555175781,89.0,19.474890634046986,109.98726376594408,2665.863037109375,40.0,2.1797633171081543,4.0,3.0,0.690517829532858,12.958822250366211,38.0,"{""type"":""Point"",""coordinates"":[109.98505172797464,19.47623673986301]}"
2637,0.0,28.0,719.0,61.534523010253906,704.0,18.71581421896599,109.92438169605572,2452.71533203125,46.0,12.55454158782959,5.0,1.0,0.557407990005069,10.744766235351562,48.0,"{""type"":""Point"",""coordinates"":[109.92305554406337,18.717840286345012]}"
2638,0.0,27.0,471.0,41.91361999511719,384.0,18.675390031180612,109.31352730285442,2029.6580810546875,50.0,9.429780006408691,5.0,1.0,0.5720109783284367,11.253249168395996,45.0,"{""type"":""Point"",""coordinates"":[109.31449683111602,18.673444125621984]}"
2639,0.0,29.0,444.0,30.91669464111328,435.0,18.531659585721485,109.20572946876013,1971.77587890625,49.0,6.232214450836182,5.0,1.0,0.5848880992948619,11.693380355834961,44.0,"{""type"":""Point"",""coordinates"":[109.20561944742849,18.53260609162752]}"
2640,0.0,27.0,250.0,88.84217071533203,238.0,19.205396048811124,110.23430046907697,2742.86279296875,46.0,11.070740699768066,4.0,2.0,0.6278604044542442,11.248504638671875,40.0,"{""type"":""Point"",""coordinates"":[110.23493304596576,19.205394855915873]}"
2641,0.0,30.0,405.0,48.236732482910156,227.0,19.12903924966097,109.52912297104314,2224.78759765625,38.0,8.124028205871582,5.0,2.0,0.6121712514355147,11.454888343811035,40.0,"{""type"":""Point"",""coordinates"":[109.52891338577277,19.13023428456724]}"
2642,0.0,28.0,324.0,57.479087829589844,327.0,18.3160639175328,109.65488711081986,2084.841064453125,49.0,13.34860897064209,5.0,0.0,0.5802451856613563,11.005105018615723,43.0,"{""type"":""Point"",""coordinates"":[109.65458545348072,18.317034210139614]}"
2643,0.0,26.0,334.0,34.6707649230957,224.0,19.173955013866944,109.19225473949831,1995.0833740234375,47.0,6.233504295349121,5.0,2.0,0.6145017559550231,11.773920059204102,39.0,"{""type"":""Point"",""coordinates"":[109.19444853277703,19.175977687575646]}"
2644,0.0,27.0,333.0,27.351369857788086,297.0,18.93590146357527,108.89581069573887,1489.4788818359375,53.0,10.860307693481445,4.0,2.0,0.55059269059294,11.21132755279541,44.0,"{""type"":""Point"",""coordinates"":[108.89565491792983,18.936951550700666]}"
2645,0.0,22.0,77.0,7.431009769439697,69.0,19.313193882905473,108.90479384858008,1682.9339599609375,58.0,0.679680347442627,2.0,3.0,0.6541972305498943,14.160466194152832,41.0,"{""type"":""Point"",""coordinates"":[108.90343179086769,19.31528432497717]}"
2646,0.0,25.0,16.0,2.890209913253784,16.0,18.967342498519457,108.7116560624944,1231.233154296875,48.0,0.1341838240623474,2.0,2.0,0.677991421135182,15.818694114685059,44.0,"{""type"":""Point"",""coordinates"":[108.71053384485798,18.96612428677046]}"
2647,0.0,30.0,966.0,16.774524688720703,941.0,18.724797371807185,108.87784439005651,1457.0872802734375,46.0,8.886631965637207,8.0,1.0,0.5108168958325982,10.825156211853027,46.0,"{""type"":""Point"",""coordinates"":[108.8778021563337,18.725303746264306]}"
2648,0.0,26.0,245.0,39.92701721191406,144.0,19.250311813017106,109.29556099717206,2230.155029296875,51.0,5.637760639190674,4.0,2.0,0.6429572497409775,11.935966491699219,37.0,"{""type"":""Point"",""coordinates"":[109.29562510574404,19.24812647154994]}"
2649,0.0,23.0,17.0,14.356258392333984,17.0,18.554117467824476,110.06811214151486,2255.696044921875,47.0,0.8051117062568665,2.0,1.0,0.735852416174448,14.026283264160156,44.0,"{""type"":""Point"",""coordinates"":[110.06602929378322,18.555057538201225]}"
2650,0.0,31.0,338.0,39.87311553955078,146.0,19.084123485454995,109.40335883126642,2081.326171875,38.0,6.996281623840332,4.0,2.0,0.606909365770695,11.654623985290527,41.0,"{""type"":""Point"",""coordinates"":[109.40445363162894,19.08418294671052]}"
2651,0.0,27.0,87.0,22.415489196777344,60.0,19.488365363308773,110.17590997560922,2754.9521484375,48.0,1.0897296667099,4.0,3.0,0.7395503116344555,13.682342529296875,36.0,"{""type"":""Point"",""coordinates"":[110.17500935986476,19.48887807145455]}"
2652,0.0,21.0,146.0,12.25984001159668,118.0,19.506331668991166,109.4347998662106,2098.60791015625,57.0,0.8414064645767212,3.0,3.0,0.6626429812910445,13.904922485351562,36.0,"{""type"":""Point"",""coordinates"":[109.43565445802449,19.504680155129876]}"
2653,0.0,26.0,252.0,70.69795989990234,252.0,18.581066926348058,110.13099421140322,2423.35302734375,50.0,11.16250991821289,4.0,1.0,0.5984160483882048,11.238706588745117,45.0,"{""type"":""Point"",""coordinates"":[110.1320975516408,18.57888797232858]}"
2654,0.0,24.0,94.0,17.54307746887207,61.0,19.55124743319714,110.0052300716265,2582.3330078125,51.0,0.8094721436500549,3.0,3.0,0.7379505638974654,13.975485801696777,36.0,"{""type"":""Point"",""coordinates"":[110.00659768908473,19.551890871794132]}"
2655,0.0,24.0,62.0,18.92716407775879,46.0,19.659045267291482,110.08607844719722,2529.0078125,51.0,1.0123716592788696,3.0,3.0,0.7702700721855996,13.770895957946777,32.0,"{""type"":""Point"",""coordinates"":[110.08681694216656,19.660700990165836]}"
2656,0.0,30.0,818.0,20.568805694580078,795.0,18.778696288854356,108.8733528136359,1512.2493896484375,48.0,9.790364265441895,10.0,1.0,0.5217646377535604,10.899090766906738,46.0,"{""type"":""Point"",""coordinates"":[108.87383210427285,18.779938668591505]}"
2657,0.0,30.0,302.0,43.721099853515625,248.0,18.944884616416466,109.04852429403917,1702.2852783203125,40.0,14.31783390045166,7.0,2.0,0.5690232090642299,10.947500228881836,41.0,"{""type"":""Point"",""coordinates"":[109.04804708497815,18.946087998511388]}"
2658,0.0,25.0,35.0,29.983362197875977,36.0,18.45979436299192,109.70878602786706,2116.564697265625,47.0,3.5599422454833984,3.0,1.0,0.6955078268054977,12.52811336517334,44.0,"{""type"":""Point"",""coordinates"":[109.70708305316906,18.45999291338326]}"
2659,0.0,30.0,590.0,59.65326690673828,544.0,18.76522155959256,109.81209228554076,2348.439697265625,39.0,11.604808807373047,4.0,1.0,0.5742898531411941,10.943483352661133,45.0,"{""type"":""Point"",""coordinates"":[109.81339601517777,18.766797681598806]}"
2660,0.0,21.0,30.0,11.695711135864258,28.0,18.329538646794596,109.26861153864849,1786.2099609375,59.0,1.3345465660095215,3.0,0.0,0.7160940462122186,13.513280868530273,39.0,"{""type"":""Point"",""coordinates"":[109.26903699567214,18.330169629837563]}"
2661,0.0,23.0,29.0,25.0064640045166,29.0,19.18742974312874,110.42743825516266,2809.3779296875,50.0,1.167595624923706,4.0,2.0,0.7679180806298108,13.62821102142334,38.0,"{""type"":""Point"",""coordinates"":[110.42680083971791,19.188197547031034]}"
2662,0.0,44.0,90.0,10.135523796081543,84.0,19.811758865591806,109.73124390997003,1931.240966796875,33.0,0.958355188369751,5.0,4.0,0.6796554842428497,13.809032440185547,35.0,"{""type"":""Point"",""coordinates"":[109.73062219210354,19.809590038004718]}"
2663,0.0,25.0,140.0,14.392077445983887,113.0,19.232345507334713,109.09793163466577,1916.3985595703125,43.0,1.4588207006454468,4.0,2.0,0.6416194004277672,13.358198165893555,38.0,"{""type"":""Point"",""coordinates"":[109.0964322671568,19.230284860506366]}"
2664,0.0,31.0,32.0,11.461712837219238,32.0,19.928539852527344,109.89294066111154,2038.5531005859375,41.0,0.9222845435142517,3.0,4.0,0.7415061443421237,13.60940933227539,36.0,"{""type"":""Point"",""coordinates"":[109.89474889632586,19.926744102057537]}"
2665,0.0,28.0,317.0,23.184581756591797,172.0,18.80115417095734,109.31801887927503,2005.2271728515625,49.0,3.368366241455078,6.0,1.0,0.5998782729804676,12.40415096282959,45.0,"{""type"":""Point"",""coordinates"":[109.3187546921382,18.800973616536538]}"
2666,0.0,30.0,334.0,29.391910552978516,213.0,18.976325651360646,109.88395750827033,2281.051513671875,40.0,3.266533136367798,4.0,2.0,0.6265789687771878,12.423001289367676,42.0,"{""type"":""Point"",""coordinates"":[109.8851401108653,18.97488754951389]}"
2667,0.0,27.0,381.0,39.22163772583008,236.0,18.706831066124792,109.30903572643388,2073.63134765625,49.0,7.32392692565918,4.0,1.0,0.5853380543193779,11.577493667602539,45.0,"{""type"":""Point"",""coordinates"":[109.31028910791608,18.708390468250556]}"
2668,0.0,23.0,133.0,10.912363052368164,78.0,19.483873786888182,109.56505558240792,2276.25439453125,53.0,0.4297458827495575,3.0,3.0,0.6957271567123579,14.584918022155762,37.0,"{""type"":""Point"",""coordinates"":[109.56718626398843,19.484338250927426]}"
2669,0.0,23.0,44.0,13.016339302062988,35.0,19.60514635024431,110.34209830317133,2562.081298828125,52.0,0.40382999181747437,4.0,3.0,0.771424035371279,14.470588684082031,36.0,"{""type"":""Point"",""coordinates"":[110.34352247053103,19.604545744040383]}"
2670,0.0,21.0,11.0,4.323317050933838,14.0,18.495726974356707,108.80148759090633,1330.7476806640625,54.0,0.4406075179576874,2.0,1.0,0.6989234246105295,14.542510986328125,41.0,"{""type"":""Point"",""coordinates"":[108.8003016748393,18.49594388023452]}"
2671,0.0,25.0,85.0,21.748674392700195,71.0,19.587180044561926,109.47971563041654,2160.47705078125,51.0,2.1545770168304443,5.0,3.0,0.7119135014478517,13.001526832580566,33.0,"{""type"":""Point"",""coordinates"":[109.48125269267209,19.58802138657456]}"
2672,0.0,25.0,13.0,14.17605972290039,11.0,19.259294965858295,110.42743825516266,2805.458984375,43.0,0.2506730258464813,3.0,2.0,0.7972802013839392,15.176318168640137,37.0,"{""type"":""Point"",""coordinates"":[110.4266615171605,19.258238957912305]}"
2673,0.0,27.0,64.0,13.279047012329102,65.0,19.91057354684495,110.18040155202976,2236.756591796875,43.0,0.8373146653175354,2.0,4.0,0.7186086013835792,13.681347846984863,35.0,"{""type"":""Point"",""coordinates"":[110.1807815735172,19.909262088415822]}"
2674,0.0,32.0,65.0,15.219531059265137,66.0,19.852183053377182,109.28657784433085,1764.2589111328125,40.0,2.187077045440674,4.0,4.0,0.6904312069762099,12.998467445373535,34.0,"{""type"":""Point"",""coordinates"":[109.28603273683242,19.85387520278416]}"
2675,0.0,22.0,109.0,19.901601791381836,57.0,19.537772703935353,109.81658386196136,2450.39306640625,53.0,1.2263453006744385,5.0,3.0,0.7332526838894492,13.55090045928955,36.0,"{""type"":""Point"",""coordinates"":[109.81826382288385,19.538600609550237]}"
2676,0.0,31.0,296.0,51.924232482910156,179.0,19.26827811869949,109.65039553439925,2483.43603515625,40.0,6.405519962310791,4.0,2.0,0.6464375292126576,11.772921562194824,38.0,"{""type"":""Point"",""coordinates"":[109.65194035254001,19.269254533195465]}"
2677,0.0,26.0,11.0,2.5364561080932617,11.0,18.873019393686903,108.6667402982884,1159.43359375,48.0,0.1212376281619072,2.0,2.0,0.6750896783074682,15.923027992248535,45.0,"{""type"":""Point"",""coordinates"":[108.66861846010217,18.874358284626727]}"
2678,0.0,20.0,122.0,11.175971984863281,61.0,19.57370531530013,109.66387026366107,2251.549560546875,56.0,0.46288976073265076,3.0,3.0,0.7269629969156234,14.5173921585083,34.0,"{""type"":""Point"",""coordinates"":[109.66359889336559,19.572360402718438]}"
2679,0.0,26.0,32.0,6.094249725341797,33.0,19.919556699686147,110.85413801511942,1727.520751953125,49.0,0.6100770831108093,3.0,4.0,0.6609369337885664,12.901728630065918,50.0,"{""type"":""Point"",""coordinates"":[110.85398620161723,19.918112408385547]}"
2680,0.0,28.0,120.0,14.690818786621094,82.0,19.641078961609097,109.81209228554076,2301.921630859375,45.0,0.8798345327377319,4.0,3.0,0.7102371238198998,13.87631607055664,33.0,"{""type"":""Point"",""coordinates"":[109.81365795860737,19.64094250479298]}"
2681,0.0,24.0,361.0,28.50543212890625,242.0,19.27276969512009,109.42132513694878,2248.090576171875,51.0,3.2653822898864746,3.0,2.0,0.6356701062725492,12.404129981994629,39.0,"{""type"":""Point"",""coordinates"":[109.42188955423542,19.272541602375057]}"
2682,0.0,39.0,73.0,15.137211799621582,73.0,19.85667462979778,109.9603143074205,2253.8486328125,35.0,1.2804884910583496,5.0,4.0,0.7153787066848265,13.249388694763184,34.0,"{""type"":""Point"",""coordinates"":[109.95819767299676,19.85753194773402]}"
2683,0.0,22.0,76.0,7.165431976318359,72.0,19.344634917849653,108.9811506477302,1764.2918701171875,58.0,0.49967074394226074,3.0,3.0,0.6571919442907657,14.468757629394531,41.0,"{""type"":""Point"",""coordinates"":[108.98224148556257,19.346049992509915]}"
2684,0.0,21.0,103.0,12.19336223602295,47.0,19.623112655926704,109.69531129860525,2168.877197265625,53.0,0.6793784499168396,4.0,3.0,0.7430127111596693,14.14526653289795,33.0,"{""type"":""Point"",""coordinates"":[109.6953114513565,19.621716769253627]}"
2685,0.0,27.0,20.0,16.373058319091797,11.0,19.169463437446346,110.29269096254473,2772.264404296875,46.0,0.5011916756629944,4.0,2.0,0.7831487237133713,14.49858570098877,40.0,"{""type"":""Point"",""coordinates"":[110.29348865272604,19.168278924726213]}"
2686,0.0,29.0,1266.0,44.1500358581543,1036.0,18.890985699369296,109.69980287502585,2176.86962890625,45.0,25.47857666015625,6.0,2.0,0.4970855863188327,9.230046272277832,44.0,"{""type"":""Point"",""coordinates"":[109.69953437332005,18.890477707449453]}"
2687,0.0,32.0,15.0,12.04179573059082,16.0,19.955489311050925,110.13548578782382,2160.075927734375,38.0,0.8015101552009583,2.0,4.0,0.7628188287381128,13.762680053710938,37.0,"{""type"":""Point"",""coordinates"":[110.13358308158881,19.953800735867205]}"
2688,0.0,22.0,127.0,20.133821487426758,97.0,19.618621079506106,109.85251647332615,2372.33154296875,55.0,1.4289934635162354,4.0,3.0,0.6904746949113189,13.386897087097168,34.0,"{""type"":""Point"",""coordinates"":[109.8508185660247,19.616986225546647]}"
2689,0.0,26.0,603.0,46.611148834228516,536.0,18.554117467824476,109.44827459547236,2114.372802734375,49.0,10.809866905212402,5.0,1.0,0.5646406164497646,11.005035400390625,45.0,"{""type"":""Point"",""coordinates"":[109.44973144883983,18.55520997290046]}"
2690,0.0,26.0,503.0,25.921449661254883,488.0,18.661915301918818,108.91826857784184,1575.259033203125,50.0,8.962636947631836,6.0,1.0,0.5385454535426045,11.279643058776855,47.0,"{""type"":""Point"",""coordinates"":[108.91674505292471,18.66009590483826]}"
2691,0.0,22.0,134.0,12.788336753845215,83.0,19.35361807069085,109.25513680938667,2042.5059814453125,49.0,0.9387556314468384,3.0,3.0,0.6828961562481511,13.802868843078613,35.0,"{""type"":""Point"",""coordinates"":[109.25548957277448,19.355189384508215]}"
2692,0.0,23.0,143.0,16.8004150390625,107.0,19.537772703935353,109.56505558240792,2219.676513671875,55.0,1.3134660720825195,2.0,3.0,0.6718306459591076,13.461335182189941,35.0,"{""type"":""Point"",""coordinates"":[109.56328775543172,19.53691693749122]}"
2693,0.0,28.0,250.0,36.65681838989258,94.0,18.855053088004517,109.3943756784252,2018.818603515625,47.0,6.515237808227539,4.0,2.0,0.5992743537146101,11.786897659301758,45.0,"{""type"":""Point"",""coordinates"":[109.39602133304396,18.8554846916328]}"
2694,0.0,24.0,57.0,6.497464656829834,52.0,19.223362354493517,108.84640335511227,1558.3333740234375,52.0,0.6493276953697205,2.0,2.0,0.6624672448190846,14.218025207519531,42.0,"{""type"":""Point"",""coordinates"":[108.84441959870193,19.22203002645715]}"
2695,0.0,21.0,144.0,18.977258682250977,86.0,19.49285693972937,109.79412597985839,2547.8251953125,56.0,1.0049314498901367,4.0,3.0,0.7093401048542683,13.728536605834961,35.0,"{""type"":""Point"",""coordinates"":[109.79368562862695,19.494407658974758]}"
2696,0.0,26.0,803.0,9.62296199798584,780.0,18.74725525391017,108.8688612372153,1457.0872802734375,48.0,2.4694104194641113,6.0,1.0,0.5368313703020793,12.30162239074707,46.0,"{""type"":""Point"",""coordinates"":[108.86775356488354,18.748304916081292]}"
2697,0.0,25.0,96.0,15.23035717010498,94.0,19.582688468141328,109.40335883126642,2129.82177734375,50.0,1.217443823814392,4.0,3.0,0.6779194266150951,13.566068649291992,35.0,"{""type"":""Point"",""coordinates"":[109.40177510200714,19.582987020508128]}"
2698,0.0,23.0,107.0,16.048078536987305,52.0,19.57819689172073,109.62793765229628,2223.071533203125,53.0,1.1579771041870117,4.0,3.0,0.7296283536105571,13.6094970703125,35.0,"{""type"":""Point"",""coordinates"":[109.62624826689877,19.577728182590402]}"
2699,0.0,28.0,357.0,67.2704086303711,340.0,19.205396048811124,110.19387628129158,2768.69189453125,47.0,7.531826972961426,4.0,2.0,0.6303428046265152,11.566540718078613,41.0,"{""type"":""Point"",""coordinates"":[110.19432295715086,19.204618980630634]}"
2700,0.0,26.0,89.0,16.497581481933594,89.0,19.394042258476226,110.5711687006218,2536.01318359375,46.0,0.8448944091796875,4.0,3.0,0.6962855642405297,13.652579307556152,38.0,"{""type"":""Point"",""coordinates"":[110.56971506289544,19.39254748243345]}"
2701,0.0,34.0,49.0,8.617790222167969,49.0,19.793792559909413,109.42581671336939,1908.0159912109375,37.0,0.5657542943954468,3.0,4.0,0.7283556662997412,14.36052131652832,33.0,"{""type"":""Point"",""coordinates"":[109.42374493070815,19.793372962517]}"
2702,0.0,36.0,746.0,26.374465942382812,597.0,18.895477275789894,109.2775946914897,1958.9691162109375,37.0,6.140511512756348,5.0,2.0,0.5622469499327933,11.445802688598633,45.0,"{""type"":""Point"",""coordinates"":[109.27645122677049,18.894925909397212]}"
2703,0.0,23.0,160.0,38.47724914550781,136.0,19.245820236596508,110.166926822768,2768.69189453125,54.0,2.7091920375823975,4.0,2.0,0.6696984086530738,12.72616195678711,39.0,"{""type"":""Point"",""coordinates"":[110.16590489754819,19.24646916498769]}"
2704,0.0,31.0,652.0,30.6937255859375,428.0,19.034716144828415,109.36742621990163,2098.12060546875,36.0,5.406395435333252,7.0,2.0,0.59675107885865,11.663320541381836,41.0,"{""type"":""Point"",""coordinates"":[109.36643396701825,19.03340869358391]}"
2705,0.0,28.0,392.0,73.7728042602539,384.0,18.837086782322125,110.23879204549758,2439.087646484375,47.0,13.096375465393066,4.0,2.0,0.5852870703486793,10.976085662841797,45.0,"{""type"":""Point"",""coordinates"":[110.24081117152025,18.83486474796586]}"
2706,0.0,36.0,104.0,14.428959846496582,103.0,19.71743576075925,109.57853031166974,2024.0574951171875,40.0,1.4622150659561157,4.0,3.0,0.672692879516872,13.377960205078125,33.0,"{""type"":""Point"",""coordinates"":[109.5774791205074,19.715807498370005]}"
2707,0.0,27.0,14.0,14.766185760498047,13.0,19.227853930914115,110.40947194948029,2806.2470703125,44.0,0.3246820569038391,4.0,2.0,0.7909786697356047,14.936200141906738,38.0,"{""type"":""Point"",""coordinates"":[110.41106131100197,19.225866219904162]}"
2708,0.0,26.0,274.0,17.071125030517578,269.0,18.706831066124792,108.83292862585051,1544.5819091796875,51.0,4.158535480499268,3.0,1.0,0.575727437994364,12.222335815429688,44.0,"{""type"":""Point"",""coordinates"":[108.83482753394665,18.70604574393329]}"
2709,0.0,28.0,136.0,48.01344680786133,136.0,18.71132264254539,110.10853632930025,2324.873779296875,47.0,6.31827449798584,4.0,1.0,0.6164996569877453,11.891010284423828,45.0,"{""type"":""Point"",""coordinates"":[110.10780171438175,18.70986949425248]}"
2710,0.0,25.0,254.0,49.12148666381836,181.0,19.420991716999815,109.47073247757538,2328.809326171875,56.0,7.322727680206299,4.0,3.0,0.6556211612796529,11.66624927520752,34.0,"{""type"":""Point"",""coordinates"":[109.47180425894629,19.4218145293847]}"
2711,0.0,27.0,266.0,77.8948745727539,249.0,19.178446590287543,110.18040155202976,2764.740234375,50.0,9.199231147766113,4.0,2.0,0.6339264951995975,11.42689037322998,40.0,"{""type"":""Point"",""coordinates"":[110.18219467051999,19.178603225820183]}"
2712,0.0,31.0,886.0,36.65225601196289,689.0,19.034716144828415,109.4392914426312,2160.3232421875,37.0,8.65807819366455,5.0,2.0,0.5664229667871954,10.948552131652832,43.0,"{""type"":""Point"",""coordinates"":[109.44073635093287,19.034200673271332]}"
2713,0.0,32.0,571.0,49.00156021118164,422.0,18.895477275789894,109.28657784433085,1958.9691162109375,40.0,14.762155532836914,6.0,2.0,0.5474739070602593,10.7103853225708,45.0,"{""type"":""Point"",""coordinates"":[109.286884153379,18.89353999740948]}"
2714,0.0,28.0,772.0,54.282840728759766,550.0,18.998783533463637,109.70878602786706,2376.595947265625,47.0,11.8945951461792,4.0,2.0,0.5786045609333463,10.74776840209961,42.0,"{""type"":""Point"",""coordinates"":[109.70922983065739,18.997387735050538]}"
2715,0.0,24.0,131.0,8.738908767700195,115.0,18.585558502768656,109.04403271761862,1758.670654296875,55.0,0.838668704032898,2.0,1.0,0.5893002361124888,13.917478561401367,48.0,"{""type"":""Point"",""coordinates"":[109.0420333185862,18.587673599068204]}"
2716,0.0,22.0,12.0,11.164409637451172,14.0,18.40589544594475,109.76268494491421,2129.562744140625,54.0,0.6072167754173279,2.0,1.0,0.7462396397362591,14.311284065246582,41.0,"{""type"":""Point"",""coordinates"":[109.7644269466419,18.40674559236626]}"
2717,0.0,24.0,160.0,42.079856872558594,86.0,19.34912649427025,109.91539854321451,2664.357666015625,51.0,3.431126117706299,3.0,3.0,0.6774856458934754,12.489473342895508,40.0,"{""type"":""Point"",""coordinates"":[109.91552549775648,19.348043749145113]}"
2718,0.0,27.0,32.0,7.111650466918945,32.0,19.510823245411764,109.05301587045977,1825.464599609375,49.0,0.4015127122402191,3.0,3.0,0.7350495150063584,14.713391304016113,35.0,"{""type"":""Point"",""coordinates"":[109.05304603211037,19.51057488780167]}"
2719,0.0,23.0,32.0,4.3474836349487305,31.0,19.138022402502166,108.76555497954155,1414.2900390625,55.0,0.33974793553352356,2.0,2.0,0.684138836925092,14.880431175231934,41.0,"{""type"":""Point"",""coordinates"":[108.76752233506825,19.137006701163788]}"
2720,0.0,29.0,847.0,49.93354797363281,667.0,18.832595205901526,109.51115666536077,2128.066162109375,48.0,16.486255645751953,5.0,2.0,0.5267811797474652,10.328076362609863,47.0,"{""type"":""Point"",""coordinates"":[109.5113586165344,18.830606792281817]}"
2721,0.0,26.0,44.0,39.37270736694336,37.0,19.18293816670814,110.3196404210683,2818.614013671875,44.0,2.4655747413635254,4.0,2.0,0.7428169911932816,12.890848159790039,40.0,"{""type"":""Point"",""coordinates"":[110.3186069702961,19.18473521504348]}"
2722,0.0,31.0,106.0,14.30040168762207,104.0,19.66802842013268,110.62057604124834,2327.197021484375,42.0,1.0158346891403198,7.0,3.0,0.6901902588385738,13.282933235168457,34.0,"{""type"":""Point"",""coordinates"":[110.61962182038815,19.665832449380243]}"
2723,0.0,26.0,234.0,22.629100799560547,213.0,18.84606993516332,110.1624352463474,2327.048095703125,52.0,2.0213189125061035,4.0,2.0,0.6223907730568382,12.971796035766602,46.0,"{""type"":""Point"",""coordinates"":[110.16131405711928,18.847658125483374]}"
2724,0.0,27.0,255.0,50.17805099487305,231.0,18.82361205306033,110.1130279057208,2400.6650390625,49.0,6.626026630401611,4.0,2.0,0.6037026576506868,11.766552925109863,47.0,"{""type"":""Point"",""coordinates"":[110.11254656100805,18.822312148414486]}"
2725,0.0,23.0,5.0,8.835482597351074,8.0,18.244198694803238,109.60997134661392,2044.7784423828125,56.0,0.41928768157958984,3.0,0.0,0.7631604477895568,14.685647964477539,38.0,"{""type"":""Point"",""coordinates"":[109.61157282263305,18.243632547142468]}"
2727,0.0,30.0,195.0,30.06547737121582,66.0,18.751746830330767,109.12038951676874,1762.330322265625,42.0,6.672529220581055,4.0,1.0,0.6279131723368165,11.79879379272461,43.0,"{""type"":""Point"",""coordinates"":[109.11890967413417,18.751408776172468]}"
2728,0.0,30.0,5.0,5.753712177276611,6.0,19.91057354684495,109.54259770030495,1691.741455078125,41.0,0.28679710626602173,3.0,4.0,0.757935565585972,15.065439224243164,35.0,"{""type"":""Point"",""coordinates"":[109.544233273169,19.910023215412803]}"
2730,0.0,24.0,103.0,28.27376937866211,21.0,19.340143341429055,110.13548578782382,2698.545166015625,48.0,1.6640794277191162,5.0,3.0,0.7754722993462966,13.24918270111084,37.0,"{""type"":""Point"",""coordinates"":[110.13602566071017,19.34089039038489]}"
2731,0.0,24.0,9.0,4.4227399826049805,10.0,19.245820236596508,108.73411394459737,1378.36962890625,52.0,0.40608304738998413,2.0,2.0,0.7020496566208947,14.71535587310791,42.0,"{""type"":""Point"",""coordinates"":[108.73534574402929,19.245540072326715]}"
2732,0.0,26.0,564.0,45.984310150146484,541.0,19.29522757722308,109.08445690540395,2026.4642333984375,51.0,11.88658618927002,6.0,3.0,0.5865097089263855,10.940936088562012,39.0,"{""type"":""Point"",""coordinates"":[109.08576878774247,19.29408549404234]}"
2734,0.0,26.0,20.0,14.717615127563477,12.0,19.672519996553277,110.3241319974889,2534.536376953125,47.0,0.6329671740531921,2.0,3.0,0.8210021177825547,13.995009422302246,30.0,"{""type"":""Point"",""coordinates"":[110.32574535548754,19.673563751546347]}"
2735,0.0,22.0,125.0,15.417404174804688,89.0,19.533281127514755,109.5515808531461,2219.676513671875,56.0,1.101383090019226,3.0,3.0,0.6822912728195707,13.648614883422852,36.0,"{""type"":""Point"",""coordinates"":[109.55019788441297,19.53339531922821]}"
2736,0.0,29.0,166.0,67.2572021484375,142.0,19.007766686304834,110.21184258697394,2662.99609375,37.0,7.0006279945373535,4.0,2.0,0.6212252438770616,11.768789291381836,46.0,"{""type"":""Point"",""coordinates"":[110.21363515302357,19.00719869461238]}"
2737,0.0,25.0,32.0,8.772148132324219,32.0,19.919556699686147,110.36006460885369,2234.4326171875,42.0,0.1918068826198578,2.0,4.0,0.7330358438774357,14.9718656539917,41.0,"{""type"":""Point"",""coordinates"":[110.3594976392266,19.920223283732653]}"
2738,0.0,25.0,149.0,10.527388572692871,131.0,18.594541655609852,109.05750744688038,1801.3966064453125,54.0,1.1390856504440308,2.0,1.0,0.5941317659832378,13.600086212158203,47.0,"{""type"":""Point"",""coordinates"":[109.0579735691214,18.593578013953174]}"
2739,0.0,28.0,25.0,6.537456035614014,25.0,19.80277571275061,110.72388229892209,2086.7646484375,46.0,0.06096508726477623,5.0,4.0,0.7351723028358871,15.637470245361328,41.0,"{""type"":""Point"",""coordinates"":[110.72535246169652,19.80348347089813]}"
2740,0.0,28.0,48.0,23.577831268310547,33.0,19.088615061875586,110.21184258697394,2676.398193359375,42.0,1.2471699714660645,4.0,2.0,0.7313106796861765,13.570510864257812,45.0,"{""type"":""Point"",""coordinates"":[110.21022139010122,19.08873258152744]}"
2741,0.0,22.0,41.0,10.230147361755371,41.0,19.645570538029695,109.22369577444249,2004.6707763671875,53.0,0.6313395500183105,2.0,3.0,0.7246659665683431,14.255516052246094,37.0,"{""type"":""Point"",""coordinates"":[109.22314808460625,19.64342044219665]}"
2742,0.0,22.0,34.0,5.0277276039123535,34.0,19.83421674769479,110.9304948142696,1639.7347412109375,54.0,0.3401693105697632,2.0,4.0,0.6588906278446517,13.481201171875,49.0,"{""type"":""Point"",""coordinates"":[110.92856083601748,19.833146072345187]}"
2743,0.0,25.0,71.0,11.955904960632324,69.0,19.546755856776542,109.34047676137806,2070.74072265625,52.0,0.8520861864089966,3.0,3.0,0.6955935880214247,13.937950134277344,37.0,"{""type"":""Point"",""coordinates"":[109.34146462709451,19.54861718485028]}"
2744,0.0,28.0,194.0,33.086944580078125,140.0,18.944884616416466,109.04403271761862,1702.2852783203125,44.0,8.451864242553711,6.0,2.0,0.5917961576305597,11.560293197631836,41.0,"{""type"":""Point"",""coordinates"":[109.04400480977526,18.94622398901797]}"
2745,0.0,30.0,456.0,52.12294387817383,265.0,19.120056096819773,109.58751346451089,2184.56787109375,39.0,10.23510456085205,5.0,2.0,0.6004642640793176,11.181309700012207,40.0,"{""type"":""Point"",""coordinates"":[109.5870556773067,19.118957214662064]}"
2746,0.0,23.0,65.0,12.939757347106934,65.0,19.515314821832362,109.11140636392759,1916.6019287109375,54.0,1.2644319534301758,4.0,3.0,0.7037309550242477,13.546733856201172,34.0,"{""type"":""Point"",""coordinates"":[109.1119312999003,19.513792082474247]}"
2747,0.0,27.0,31.0,6.233657360076904,32.0,19.843199900535986,109.35844306706042,1777.240234375,42.0,0.25115400552749634,3.0,4.0,0.7327007995991447,15.183155059814453,35.0,"{""type"":""Point"",""coordinates"":[109.35752097382624,19.84368533951326]}"
2748,0.0,23.0,100.0,23.350149154663086,45.0,19.447941175523397,109.84802489690554,2495.209716796875,55.0,1.6057684421539307,3.0,3.0,0.7467233601476541,13.286689758300781,36.0,"{""type"":""Point"",""coordinates"":[109.84694863834603,19.446186817013157]}"
2749,0.0,22.0,100.0,8.795623779296875,84.0,19.088615061875586,108.88233596647706,1614.673828125,59.0,1.1536333560943604,3.0,2.0,0.640053350991583,13.617502212524414,39.0,"{""type"":""Point"",""coordinates"":[108.88245089267944,19.090720526851126]}"
2750,0.0,28.0,477.0,33.02745819091797,332.0,19.169463437446346,109.35844306706042,2100.913330078125,42.0,5.367156028747559,5.0,2.0,0.6191560674260029,11.818284034729004,38.0,"{""type"":""Point"",""coordinates"":[109.35922673402526,19.168564065651864]}"
2751,0.0,26.0,172.0,10.441235542297363,70.0,18.65742372549822,109.12488109318934,1879.2283935546875,50.0,0.9411555528640747,2.0,1.0,0.6402465285942686,13.776549339294434,45.0,"{""type"":""Point"",""coordinates"":[109.1252154989104,18.658229841543218]}"
2752,0.0,22.0,32.0,16.099809646606445,32.0,19.317685459326064,110.5217613599952,2694.675048828125,56.0,0.5645158886909485,5.0,3.0,0.7552753118935277,14.334726333618164,41.0,"{""type"":""Point"",""coordinates"":[110.5235308340022,19.318765876233158]}"
2753,0.0,22.0,26.0,12.382037162780762,26.0,18.387929140262365,109.09344005824516,1673.585693359375,51.0,1.6638511419296265,3.0,1.0,0.7062010049644526,13.294958114624023,40.0,"{""type"":""Point"",""coordinates"":[109.09322923402935,18.38659934981355]}"
2754,0.0,25.0,94.0,39.50693893432617,90.0,18.73378052464838,110.12201105856201,2324.873779296875,52.0,4.536412715911865,4.0,1.0,0.6320489097532396,12.249950408935547,46.0,"{""type"":""Point"",""coordinates"":[110.12245233813381,18.7331100900864]}"
2755,0.0,22.0,73.0,10.765899658203125,59.0,19.659045267291482,109.5470892767255,2053.649658203125,55.0,0.6699825525283813,3.0,3.0,0.7195736552678633,14.177224159240723,34.0,"{""type"":""Point"",""coordinates"":[109.54536544890153,19.660916207277968]}"
2756,0.0,27.0,921.0,50.77121353149414,763.0,18.706831066124792,109.36293464348103,2131.292236328125,49.0,18.092432022094727,7.0,1.0,0.5241863267190988,10.143915176391602,46.0,"{""type"":""Point"",""coordinates"":[109.36296512069887,18.707267040725984]}"
2757,0.0,30.0,499.0,50.68875503540039,485.0,18.85056151158392,110.22082573981515,2600.9130859375,46.0,6.416457653045654,4.0,2.0,0.6102384061290415,11.621048927307129,45.0,"{""type"":""Point"",""coordinates"":[110.22270552118896,18.851076403597077]}"
2758,0.0,30.0,274.0,28.82280731201172,213.0,18.783187865274954,109.86599120258796,2459.364013671875,39.0,2.460059881210327,4.0,1.0,0.6345184813287316,12.748456954956055,44.0,"{""type"":""Point"",""coordinates"":[109.86475030164385,18.781257024835533]}"
2759,0.0,23.0,233.0,26.828720092773438,160.0,19.474890634046986,109.64590395797865,2364.8974609375,57.0,2.543590784072876,3.0,3.0,0.6662697836511144,12.742385864257812,36.0,"{""type"":""Point"",""coordinates"":[109.64547421542058,19.477038316610273]}"
2760,0.0,27.0,580.0,37.455875396728516,456.0,18.76522155959256,109.0260664119362,1763.3572998046875,49.0,12.911542892456055,7.0,1.0,0.5560527398086896,10.842026710510254,42.0,"{""type"":""Point"",""coordinates"":[109.02724179509049,18.766165020651492]}"
2761,0.0,27.0,251.0,13.969539642333984,198.0,19.452432751943995,110.06811214151486,2799.33447265625,51.0,0.3344385027885437,4.0,3.0,0.6798353159734736,14.759989738464355,38.0,"{""type"":""Point"",""coordinates"":[110.06594758346482,19.452958706898784]}"
2762,0.0,29.0,603.0,17.515098571777344,386.0,18.890985699369296,109.64590395797865,2159.12646484375,45.0,1.877232313156128,5.0,2.0,0.5959248650238328,12.767302513122559,45.0,"{""type"":""Point"",""coordinates"":[109.64799774451225,18.892646634154172]}"
2763,0.0,28.0,89.0,11.99597454071045,48.0,19.398533834896824,110.18489312845037,2691.153076171875,43.0,0.1824357807636261,4.0,3.0,0.7573158678838608,15.468544006347656,36.0,"{""type"":""Point"",""coordinates"":[110.18430649199115,19.397022021997152]}"
2764,0.0,27.0,229.0,33.27561569213867,232.0,18.37894598742117,109.66836184008167,2120.79833984375,50.0,4.860080718994141,4.0,1.0,0.6183705540165279,12.095791816711426,42.0,"{""type"":""Point"",""coordinates"":[109.6673186461721,18.37829005681244]}"
2765,0.0,31.0,859.0,32.05241012573242,603.0,18.917935157892877,109.69531129860525,2229.59228515625,38.0,5.947726249694824,8.0,2.0,0.577857687539872,11.35878849029541,44.0,"{""type"":""Point"",""coordinates"":[109.69497546368031,18.918099946613488]}"
2766,0.0,30.0,761.0,32.35894012451172,571.0,18.85056151158392,109.5515808531461,2131.724609375,48.0,6.951025485992432,5.0,2.0,0.5642093396794142,11.30571460723877,46.0,"{""type"":""Point"",""coordinates"":[109.55265808183222,18.849543640338062]}"
2767,0.0,22.0,5.0,6.963606357574463,5.0,19.753368372124037,109.34496833779866,1874.54541015625,48.0,0.2437833696603775,2.0,4.0,0.7783163666462006,15.227936744689941,33.0,"{""type"":""Point"",""coordinates"":[109.34683186770627,19.753447147593043]}"
2768,0.0,24.0,85.0,13.600319862365723,61.0,19.600654773823713,109.98277218952347,2515.591796875,50.0,0.4747518002986908,8.0,3.0,0.7531259619356733,14.514533042907715,33.0,"{""type"":""Point"",""coordinates"":[109.98149776126957,19.60104434777244]}"
2769,0.0,26.0,94.0,18.66851806640625,64.0,19.560230586038337,110.0097216480471,2582.3330078125,50.0,0.956986129283905,4.0,3.0,0.7391880858590753,13.808053016662598,35.0,"{""type"":""Point"",""coordinates"":[110.00999738230858,19.559026060149105]}"
2770,0.0,27.0,665.0,44.78221130371094,541.0,18.79666259453675,109.0305579883568,1763.3572998046875,49.0,19.076492309570312,7.0,1.0,0.5517334293168141,10.35559368133545,38.0,"{""type"":""Point"",""coordinates"":[109.02866937745434,18.79886997097245]}"
2771,0.0,27.0,62.0,20.3761043548584,41.0,19.564722162458935,110.12201105856201,2668.114990234375,47.0,0.9919729828834534,4.0,3.0,0.7673436484755007,13.791254997253418,35.0,"{""type"":""Point"",""coordinates"":[110.12073637358414,19.564881781718263]}"
2772,0.0,25.0,5.0,20.352327346801758,5.0,18.446319633730134,110.05463741225304,1980.2103271484375,49.0,2.3628201484680176,4.0,1.0,0.7381129111455083,12.95604419708252,42.0,"{""type"":""Point"",""coordinates"":[110.05628122911689,18.445939821181227]}"
2773,0.0,24.0,51.0,29.769153594970703,51.0,18.34750495247698,109.52463139462253,2018.67333984375,54.0,4.240357875823975,4.0,0.0,0.684252475140192,12.343307495117188,41.0,"{""type"":""Point"",""coordinates"":[109.52590292920091,18.347832273263275]}"
2774,0.0,29.0,142.0,12.267152786254883,126.0,18.612507961292245,109.0260664119362,1816.5008544921875,43.0,1.3974868059158325,4.0,1.0,0.5915086179569273,13.399928092956543,48.0,"{""type"":""Point"",""coordinates"":[109.0265391968796,18.610543124843296]}"
2775,0.0,30.0,130.0,51.05807876586914,78.0,19.434466446261602,109.94234800173814,2625.982177734375,40.0,4.796421527862549,5.0,3.0,0.6976749417031908,12.172017097473145,37.0,"{""type"":""Point"",""coordinates"":[109.94412540742121,19.435375557858357]}"
2776,0.0,29.0,367.0,34.01741409301758,261.0,18.670898454760014,109.2775946914897,1983.006103515625,49.0,6.825413703918457,5.0,1.0,0.583736224957407,11.658868789672852,45.0,"{""type"":""Point"",""coordinates"":[109.27761764237141,18.6706404715157]}"
2777,0.0,25.0,15.0,7.852121353149414,18.0,18.756238406751365,110.33760672675072,2185.83642578125,50.0,0.1297309696674347,4.0,1.0,0.7173691144248102,15.853017807006836,48.0,"{""type"":""Point"",""coordinates"":[110.33723898921357,18.75635781948383]}"
2778,0.0,27.0,222.0,66.10973358154297,219.0,19.21887077807292,110.32862357390951,2945.27490234375,48.0,5.601641654968262,5.0,2.0,0.6577740307777283,11.957582473754883,38.0,"{""type"":""Point"",""coordinates"":[110.32849526638466,19.21878066742429]}"
2779,0.0,30.0,216.0,25.34467887878418,199.0,19.21437920165232,110.19836785771219,2768.69189453125,41.0,1.377711534500122,4.0,2.0,0.6680031295948713,13.367132186889648,40.0,"{""type"":""Point"",""coordinates"":[110.1987809895392,19.21549852587083]}"
2780,0.0,28.0,76.0,47.145538330078125,68.0,19.245820236596508,110.31065726822715,2945.27490234375,43.0,2.996988296508789,3.0,2.0,0.7115059587563262,12.676456451416016,38.0,"{""type"":""Point"",""coordinates"":[110.31122004001158,19.24568906245612]}"
2781,0.0,24.0,19.0,9.104167938232422,22.0,18.383437563841767,109.71776918070822,2058.060546875,52.0,0.4231041669845581,2.0,1.0,0.7289729229784897,14.668540000915527,42.0,"{""type"":""Point"",""coordinates"":[109.71885063032846,18.383298845566415]}"
2782,0.0,32.0,648.0,37.33871078491211,402.0,19.034716144828415,109.33149360853685,1934.7886962890625,37.0,10.008674621582031,5.0,2.0,0.5725939744459101,11.043810844421387,41.0,"{""type"":""Point"",""coordinates"":[109.32970459939499,19.033147011235595]}"
2783,0.0,29.0,32.0,9.4625244140625,32.0,19.569213738879533,109.25962838580728,2066.166259765625,42.0,0.46288952231407166,3.0,3.0,0.7447892342050992,14.571136474609375,36.0,"{""type"":""Point"",""coordinates"":[109.25869595018989,19.569771881249366]}"
2784,0.0,28.0,323.0,62.82609558105469,179.0,19.191921319549337,109.81209228554076,2478.01416015625,47.0,9.098276138305664,4.0,2.0,0.6353647651239002,11.399002075195312,38.0,"{""type"":""Point"",""coordinates"":[109.81012667969394,19.192147124984935]}"
2785,0.0,26.0,35.0,11.020748138427734,35.0,19.986930345995113,110.30167411538594,2256.62841796875,48.0,0.690986156463623,2.0,4.0,0.7424885377523518,13.25709056854248,38.0,"{""type"":""Point"",""coordinates"":[110.30255693969228,19.985036437071305]}"
2786,0.0,25.0,156.0,30.068845748901367,109.0,19.57370531530013,109.81658386196136,2407.0087890625,47.0,2.62845778465271,5.0,3.0,0.6830631301247184,12.758968353271484,34.0,"{""type"":""Point"",""coordinates"":[109.81696903455124,19.57407359766461]}"
2787,0.0,23.0,38.0,9.998035430908203,40.0,19.564722162458935,110.7732896395487,2178.73681640625,53.0,0.4839538335800171,3.0,3.0,0.7511966516111528,14.087767601013184,34.0,"{""type"":""Point"",""coordinates"":[110.77467576320466,19.564288165910835]}"
2788,0.0,22.0,40.0,7.568714618682861,43.0,18.67988160760121,108.78352128522391,1413.21337890625,50.0,1.1823850870132446,3.0,1.0,0.6548562126656431,13.628554344177246,44.0,"{""type"":""Point"",""coordinates"":[108.78195834072008,18.678912915680304]}"
2789,0.0,29.0,389.0,23.27708625793457,288.0,18.73827210106898,109.53361454746374,2210.34033203125,48.0,2.6708483695983887,5.0,1.0,0.6001672117451096,12.585134506225586,47.0,"{""type"":""Point"",""coordinates"":[109.53287679869439,18.740238339476733]}"
2790,0.0,27.0,26.0,17.011823654174805,26.0,19.245820236596508,110.5217613599952,2638.7158203125,51.0,0.7516763210296631,16.0,2.0,0.77424014698038,14.07046127319336,40.0,"{""type"":""Point"",""coordinates"":[110.52321476008234,19.244057138223678]}"
2791,0.0,23.0,60.0,15.99622917175293,36.0,19.71743576075925,109.90641539037335,2365.509521484375,54.0,0.9299637675285339,2.0,3.0,0.7670817556374235,13.857000350952148,33.0,"{""type"":""Point"",""coordinates"":[109.90782811428564,19.71869687612049]}"
2792,0.0,26.0,200.0,13.378263473510742,83.0,19.362601223532046,109.61895449945507,2415.33203125,49.0,0.5958146452903748,4.0,3.0,0.7032924433529052,14.215901374816895,35.0,"{""type"":""Point"",""coordinates"":[109.61901659100677,19.364277756072486]}"
2793,0.0,31.0,603.0,65.42637634277344,593.0,18.6888647604424,110.0052300716265,2236.03271484375,46.0,17.54964828491211,5.0,1.0,0.542439007953735,10.500449180603027,47.0,"{""type"":""Point"",""coordinates"":[110.00356102415779,18.6901339769506]}"
2794,0.0,26.0,84.0,7.378987789154053,80.0,18.949376192837065,108.78352128522391,1306.0469970703125,51.0,1.6090915203094482,4.0,2.0,0.5996986987942461,13.294260025024414,45.0,"{""type"":""Point"",""coordinates"":[108.78290611269261,18.95108179354567]}"
2795,0.0,22.0,31.0,6.03816032409668,31.0,19.87913251190077,109.69081972218464,1796.272705078125,47.0,0.1674567312002182,2.0,4.0,0.7433850038936795,15.588500022888184,33.0,"{""type"":""Point"",""coordinates"":[109.69201752401449,19.877827616167533]}"
2796,0.0,26.0,332.0,35.54712677001953,329.0,18.82361205306033,108.79250443806512,1383.384521484375,47.0,18.91122055053711,6.0,2.0,0.5194423491565481,10.6322021484375,45.0,"{""type"":""Point"",""coordinates"":[108.79331790395113,18.823203990858378]}"
2797,0.0,27.0,38.0,9.160375595092773,36.0,19.79828413633001,110.45438771368623,2317.78955078125,43.0,0.1916734129190445,6.0,4.0,0.7629102077230885,15.013984680175781,35.0,"{""type"":""Point"",""coordinates"":[110.45569677099171,19.796362306843946]}"
2798,0.0,24.0,17.0,3.436356544494629,17.0,19.12454767324037,108.68470660397077,1197.267578125,52.0,0.40285736322402954,2.0,2.0,0.678381630107648,14.718730926513672,43.0,"{""type"":""Point"",""coordinates"":[108.68302812860534,19.126557464492446]}"
2799,0.0,25.0,46.0,4.4318342208862305,46.0,19.003275109884235,108.75657182670034,1386.6041259765625,49.0,0.38931289315223694,2.0,2.0,0.6558689481603386,14.736075401306152,43.0,"{""type"":""Point"",""coordinates"":[108.75793772752033,19.005351429770716]}"
2800,0.0,28.0,197.0,24.55217170715332,183.0,19.196412895969935,108.99911695341262,1805.0872802734375,45.0,4.491174221038818,5.0,2.0,0.6088921257173732,12.195878028869629,41.0,"{""type"":""Point"",""coordinates"":[109.00098445928107,19.194659029370012]}"
2801,0.0,32.0,355.0,18.315338134765625,218.0,18.95835934567826,109.843533320485,2377.556396484375,40.0,1.3426408767700195,4.0,2.0,0.6295626858621133,13.298072814941406,44.0,"{""type"":""Point"",""coordinates"":[109.84268859727935,18.956251955134878]}"
2802,0.0,23.0,8.0,8.646472930908203,11.0,18.360979681738776,109.73124390997003,2058.060546875,55.0,0.36712369322776794,2.0,1.0,0.7465585353755997,14.816791534423828,41.0,"{""type"":""Point"",""coordinates"":[109.72968261139931,18.362181679804465]}"
2803,0.0,29.0,1009.0,15.185380935668945,937.0,18.82361205306033,108.9811506477302,1657.1302490234375,48.0,5.023007869720459,11.0,2.0,0.5548483031964415,11.3449125289917,41.0,"{""type"":""Point"",""coordinates"":[108.98040365238818,18.82545303760361]}"
2804,0.0,27.0,43.0,17.36338996887207,45.0,19.066157179772603,110.43642140800387,2563.419189453125,45.0,0.8088086843490601,4.0,2.0,0.7407134949384021,13.987103462219238,40.0,"{""type"":""Point"",""coordinates"":[110.43462696754185,19.067826082602455]}"
2805,0.0,24.0,201.0,11.90173053741455,173.0,18.967342498519457,108.88682754289766,1510.520751953125,47.0,2.2300827503204346,3.0,2.0,0.5929303187356206,12.894923210144043,42.0,"{""type"":""Point"",""coordinates"":[108.88847639430362,18.967779266563277]}"
2806,0.0,30.0,48.0,9.586426734924316,49.0,19.973455616733318,110.19387628129158,2176.77685546875,43.0,0.44128552079200745,2.0,4.0,0.7310255776386515,14.234468460083008,36.0,"{""type"":""Point"",""coordinates"":[110.19553949203836,19.97230349672999]}"
2807,0.0,23.0,286.0,23.380998611450195,161.0,19.250311813017106,109.42132513694878,2248.090576171875,52.0,2.2603745460510254,4.0,2.0,0.6491051847161535,12.825055122375488,38.0,"{""type"":""Point"",""coordinates"":[109.42030049585269,19.251279723483513]}"
2808,0.0,30.0,439.0,50.185546875,317.0,19.245820236596508,109.65937868724046,2422.854736328125,38.0,6.905355930328369,4.0,2.0,0.6419118866667092,11.59372615814209,36.0,"{""type"":""Point"",""coordinates"":[109.66071628928673,19.244761936182066]}"
2809,0.0,25.0,26.0,11.529585838317871,17.0,19.659045267291482,110.23879204549758,2595.80908203125,46.0,0.19152140617370605,2.0,3.0,0.8073235564367321,15.419341087341309,33.0,"{""type"":""Point"",""coordinates"":[110.24097031940317,19.66080997294191]}"
2810,0.0,33.0,341.0,24.737789154052734,322.0,18.46428593941252,109.35395149063982,2041.6650390625,41.0,3.625345468521118,4.0,1.0,0.5981848901523692,12.313580513000488,45.0,"{""type"":""Point"",""coordinates"":[109.35465205503543,18.465334878271577]}"
2811,0.0,24.0,8.0,8.327812194824219,11.0,18.908952005051688,110.44989613726563,2247.576416015625,51.0,0.13414548337459564,3.0,2.0,0.7507549706696999,15.804473876953125,43.0,"{""type"":""Point"",""coordinates"":[110.44770426055577,18.90954590664191]}"
2812,0.0,23.0,47.0,49.564266204833984,47.0,18.482252245094912,110.02319637730886,2053.680908203125,57.0,9.113739967346191,4.0,1.0,0.6613395055252784,11.573864936828613,44.0,"{""type"":""Point"",""coordinates"":[110.02382139709736,18.48401579201431]}"
2813,0.0,28.0,75.0,12.635976791381836,71.0,19.470399057626388,109.10242321108637,1969.9925537109375,46.0,1.1269774436950684,4.0,3.0,0.6957051784479277,13.655905723571777,35.0,"{""type"":""Point"",""coordinates"":[109.10345625043081,19.469717361493025]}"
2814,0.0,26.0,31.0,4.703652381896973,31.0,19.82972517127419,110.91702008500778,1639.7347412109375,47.0,0.2159218192100525,2.0,4.0,0.662787947009869,13.942769050598145,49.0,"{""type"":""Point"",""coordinates"":[110.9165948590435,19.83042835654737]}"
2815,0.0,26.0,157.0,7.34015417098999,28.0,18.76522155959256,109.22369577444249,1846.111083984375,52.0,0.4407261908054352,3.0,1.0,0.6973492265814037,14.544753074645996,43.0,"{""type"":""Point"",""coordinates"":[109.22313047843423,18.766221132137254]}"
2816,0.0,33.0,11.0,12.282516479492188,12.0,19.964472463892122,110.1130279057208,2160.075927734375,39.0,0.8689460158348083,4.0,4.0,0.768771666720911,13.684895515441895,37.0,"{""type"":""Point"",""coordinates"":[110.11092117587799,19.96627797158896]}"
2817,0.0,30.0,201.0,32.92734909057617,69.0,19.205396048811124,109.8031091326996,2499.17626953125,42.0,2.899803400039673,6.0,2.0,0.702076893188855,12.631969451904297,38.0,"{""type"":""Point"",""coordinates"":[109.80469651309433,19.206895739453838]}"
2818,0.0,31.0,526.0,59.57933807373047,513.0,18.45979436299192,109.43030828978999,2092.667236328125,41.0,16.054861068725586,7.0,1.0,0.5492584654010876,10.659649848937988,46.0,"{""type"":""Point"",""coordinates"":[109.43077735916847,18.46092867593925]}"
2819,0.0,32.0,86.0,18.536436080932617,65.0,19.582688468141328,110.1175194821414,2668.114990234375,44.0,0.8941254615783691,4.0,3.0,0.7531792477160587,13.880821228027344,32.0,"{""type"":""Point"",""coordinates"":[110.11557821825461,19.58483796916845]}"
2820,0.0,30.0,67.0,10.377264976501465,65.0,19.82972517127419,110.28370780970351,2295.697265625,40.0,0.38156041502952576,6.0,4.0,0.7312392993360342,14.464984893798828,34.0,"{""type"":""Point"",""coordinates"":[110.28409532769233,19.831269748684758]}"
2822,0.0,25.0,224.0,23.797027587890625,153.0,18.819120476639732,110.0052300716265,2316.435546875,53.0,2.196397542953491,4.0,1.0,0.6216611363866654,12.895218849182129,46.0,"{""type"":""Point"",""coordinates"":[110.00646773639207,18.819721135298774]}"
2823,0.0,33.0,638.0,33.48220443725586,485.0,18.944884616416466,109.2371705037043,1809.802490234375,36.0,10.157522201538086,6.0,2.0,0.544504050080709,11.037755966186523,46.0,"{""type"":""Point"",""coordinates"":[109.23714237297314,18.945446207511807]}"
2824,0.0,29.0,387.0,47.104068756103516,206.0,19.115564520399175,109.45276617189296,2246.80712890625,41.0,7.5521697998046875,4.0,2.0,0.6200089978054238,11.542072296142578,39.0,"{""type"":""Point"",""coordinates"":[109.45228984268492,19.113731738573172]}"
2825,0.0,29.0,32.0,12.880496978759766,33.0,19.959980887471524,110.06362056509425,2177.52783203125,41.0,0.8805197477340698,2.0,4.0,0.7435763808090141,13.65575885772705,37.0,"{""type"":""Point"",""coordinates"":[110.06185745250932,19.959683237254286]}"
2826,0.0,24.0,145.0,36.944908142089844,76.0,19.335651765008457,110.19836785771219,2711.73974609375,52.0,2.6727614402770996,4.0,3.0,0.7021659182837443,12.749098777770996,38.0,"{""type"":""Point"",""coordinates"":[110.1965074556513,19.33573486225437]}"
2827,0.0,27.0,370.0,18.925161361694336,360.0,18.985308804201843,108.82843704942991,1443.809814453125,51.0,6.443125247955322,5.0,2.0,0.5678984126857726,11.714858055114746,42.0,"{""type"":""Point"",""coordinates"":[108.83053388596655,18.98306525294164]}"
2828,0.0,26.0,107.0,7.4442033767700195,93.0,18.57657534992746,109.0305579883568,1758.670654296875,49.0,0.5457610487937927,3.0,1.0,0.5914222882122586,14.361851692199707,50.0,"{""type"":""Point"",""coordinates"":[109.02976644941427,18.57545638708951]}"
2829,0.0,29.0,48.0,10.056166648864746,49.0,19.8252335948536,110.5711687006218,2196.447509765625,44.0,0.5010855197906494,5.0,4.0,0.7253211037354114,14.018113136291504,38.0,"{""type"":""Point"",""coordinates"":[110.57154683009031,19.827309250627376]}"
2830,0.0,31.0,145.0,26.461721420288086,143.0,19.039207721249014,110.3690477616949,2544.531982421875,40.0,1.8921884298324585,4.0,2.0,0.6718878001774939,13.094839096069336,39.0,"{""type"":""Point"",""coordinates"":[110.37055743125536,19.03758495396071]}"
2831,0.0,29.0,172.0,46.67823028564453,172.0,18.35199652889758,109.38090094916339,1997.7294921875,40.0,9.047491073608398,5.0,0.0,0.6194931010119534,11.505144119262695,38.0,"{""type"":""Point"",""coordinates"":[109.38228373816442,18.350848978791483]}"
2832,0.0,27.0,800.0,30.725139617919922,728.0,18.805645747377937,108.97665907130965,1657.1302490234375,49.0,13.943807601928711,9.0,1.0,0.5407881109517275,10.554322242736816,41.0,"{""type"":""Point"",""coordinates"":[108.97791048668245,18.80607366992259]}"
2833,0.0,26.0,877.0,50.19251251220703,776.0,18.814628900219134,109.62793765229628,2223.934326171875,49.0,14.238621711730957,7.0,1.0,0.5378207690970079,10.448189735412598,47.0,"{""type"":""Point"",""coordinates"":[109.6267889148065,18.8163050048218]}"
2834,0.0,28.0,434.0,62.09996032714844,407.0,18.76971313601316,110.06811214151486,2357.0302734375,44.0,10.880291938781738,4.0,1.0,0.5768060941327611,11.135607719421387,47.0,"{""type"":""Point"",""coordinates"":[110.0676931946886,18.768781075157413]}"
2835,0.0,29.0,48.0,18.148664474487305,49.0,19.528789551094157,110.71040756966033,2286.943359375,46.0,1.7245357036590576,7.0,3.0,0.7409028896976988,12.807707786560059,35.0,"{""type"":""Point"",""coordinates"":[110.70864594839725,19.528569350307805]}"
2836,0.0,24.0,57.0,8.477872848510742,57.0,19.49285693972937,109.09344005824516,1917.8831787109375,54.0,0.5197983980178833,3.0,3.0,0.7152821560186697,14.440536499023438,34.0,"{""type"":""Point"",""coordinates"":[109.09499041478496,19.49154146813008]}"
2837,0.0,25.0,90.0,29.74013900756836,52.0,19.120056096819773,110.05463741225304,2595.68212890625,49.0,2.074028491973877,4.0,2.0,0.7039294167064412,13.036659240722656,45.0,"{""type"":""Point"",""coordinates"":[110.05608546107717,19.11817980752814]}"
2838,0.0,23.0,136.0,11.964726448059082,78.0,19.488365363308773,109.57853031166974,2276.25439453125,52.0,0.5505911707878113,3.0,3.0,0.6950097297778903,14.335253715515137,37.0,"{""type"":""Point"",""coordinates"":[109.57842143536827,19.489061868346177]}"
2839,0.0,25.0,125.0,17.808929443359375,66.0,19.24132866017591,110.04565425941183,2693.70263671875,45.0,0.6780336499214172,4.0,2.0,0.71924484590319,14.133816719055176,39.0,"{""type"":""Point"",""coordinates"":[110.04365981701096,19.242808789071432]}"
2840,0.0,26.0,4.0,5.153147220611572,6.0,19.627604232347302,110.94846111995196,1774.407958984375,47.0,0.11471964418888092,3.0,3.0,0.7325474014331732,14.800209045410156,42.0,"{""type"":""Point"",""coordinates"":[110.9490127216325,19.62863464567678]}"
2841,0.0,25.0,280.0,10.941497802734375,98.0,19.097598214716783,109.70878602786706,2287.968994140625,47.0,0.4194636642932892,4.0,2.0,0.65702476293117,14.51395034790039,39.0,"{""type"":""Point"",""coordinates"":[109.71092326269412,19.095739645021457]}"
2842,0.0,23.0,48.0,11.119304656982422,27.0,19.528789551094157,110.26124992760055,2647.39013671875,51.0,0.12172184139490128,4.0,3.0,0.7746359030189578,15.897561073303223,38.0,"{""type"":""Point"",""coordinates"":[110.26104528490079,19.526930291042824]}"
2843,0.0,24.0,624.0,49.81308364868164,537.0,18.82361205306033,109.74471863923185,2239.583984375,47.0,9.7708158493042,5.0,2.0,0.5729274295844675,11.089853286743164,45.0,"{""type"":""Point"",""coordinates"":[109.74487034414773,18.82433385716137]}"
2844,0.0,22.0,34.0,5.929686546325684,35.0,19.906081970424353,110.90354535574602,1645.3438720703125,52.0,0.6909834146499634,2.0,4.0,0.6570591138508894,12.772492408752441,49.0,"{""type"":""Point"",""coordinates"":[110.90545745663988,19.904275841756697]}"
2845,0.0,24.0,142.0,11.229615211486816,128.0,18.60352480845105,109.0215748355156,1816.5008544921875,54.0,1.2156869173049927,2.0,1.0,0.5862621446050214,13.539341926574707,49.0,"{""type"":""Point"",""coordinates"":[109.02221769783316,18.605629570591464]}"
2846,0.0,29.0,745.0,33.73595428466797,541.0,18.908952005051688,109.60547977019331,2131.794921875,47.0,7.103183269500732,5.0,2.0,0.573408520732618,11.299858093261719,44.0,"{""type"":""Point"",""coordinates"":[109.60374492316963,18.911169208036743]}"
2847,0.0,30.0,28.0,13.635737419128418,28.0,19.924048276106745,109.88395750827033,2038.5531005859375,42.0,1.3017369508743286,5.0,4.0,0.7462589476320891,13.26777172088623,36.0,"{""type"":""Point"",""coordinates"":[109.88299524504804,19.924079190719315]}"
2848,0.0,30.0,428.0,41.215248107910156,268.0,18.85056151158392,109.41683356052818,2068.173583984375,46.0,8.520835876464844,7.0,2.0,0.567590447802407,11.389300346374512,48.0,"{""type"":""Point"",""coordinates"":[109.41520642495868,18.850710046526913]}"
2849,0.0,28.0,334.0,55.43564224243164,130.0,18.96285092209886,109.5964966173521,2121.559326171875,47.0,11.75265884399414,4.0,2.0,0.58554843392455,11.129570960998535,43.0,"{""type"":""Point"",""coordinates"":[109.59477935122189,18.963795435725004]}"
2850,0.0,28.0,683.0,27.418458938598633,534.0,18.74276367748957,109.34047676137806,2073.63134765625,49.0,5.08811616897583,7.0,1.0,0.5770617498153537,11.695749282836914,45.0,"{""type"":""Point"",""coordinates"":[109.34119581445934,18.742296027027546]}"
2851,0.0,27.0,37.0,9.410914421081543,37.0,19.83421674769479,110.5262529364158,2248.82421875,43.0,0.29849833250045776,5.0,4.0,0.7432101892542243,14.54636001586914,38.0,"{""type"":""Point"",""coordinates"":[110.52681746090035,19.834861898642373]}"
2852,0.0,26.0,117.0,15.951972007751465,36.0,19.38505910563503,110.09057002361783,2753.328857421875,44.0,0.4628804326057434,3.0,3.0,0.7621640545779254,14.520474433898926,37.0,"{""type"":""Point"",""coordinates"":[110.09114797060887,19.38641503322561]}"
2853,0.0,24.0,129.0,11.066725730895996,79.0,19.358109647111448,109.25064523296606,2042.5059814453125,48.0,0.709234356880188,4.0,3.0,0.6893392828138231,14.0863618850708,35.0,"{""type"":""Point"",""coordinates"":[109.25028947932775,19.357115097347982]}"
2854,0.0,26.0,190.0,12.186657905578613,175.0,19.025732991987226,108.84191177869172,1552.74853515625,54.0,2.3966991901397705,4.0,2.0,0.6009264599554124,12.829858779907227,41.0,"{""type"":""Point"",""coordinates"":[108.84161518648509,19.024533973760715]}"
2855,0.0,31.0,759.0,57.03717803955078,728.0,18.73378052464838,110.04116268299128,2287.5791015625,44.0,14.847326278686523,5.0,1.0,0.5489723627910089,10.53098201751709,46.0,"{""type"":""Point"",""coordinates"":[110.03992065896728,18.733024752267337]}"
2856,0.0,25.0,150.0,10.405200004577637,83.0,19.564722162458935,109.73124390997003,2259.029541015625,51.0,0.4015127122402191,3.0,3.0,0.6926858185271412,14.642319679260254,36.0,"{""type"":""Point"",""coordinates"":[109.73180353269366,19.56555489616398]}"
2857,0.0,24.0,61.0,12.888538360595703,43.0,19.40751698773802,109.17878001023655,2055.0087890625,49.0,0.9561653137207031,3.0,3.0,0.7414421849101039,13.828619003295898,33.0,"{""type"":""Point"",""coordinates"":[109.17876685678557,19.40870513206486]}"
2858,0.0,24.0,266.0,23.912755966186523,153.0,19.209887625231723,109.2371705037043,2037.1539306640625,51.0,3.115727186203003,4.0,2.0,0.6350888259153958,12.517206192016602,38.0,"{""type"":""Point"",""coordinates"":[109.2376509516755,19.211970787662025]}"
2859,0.0,29.0,205.0,21.886402130126953,27.0,19.18293816670814,109.49319035967835,2170.7880859375,40.0,2.1732993125915527,4.0,2.0,0.7354361091694154,12.918158531188965,37.0,"{""type"":""Point"",""coordinates"":[109.49472920789846,19.18396431812757]}"
2860,0.0,26.0,16.0,10.036521911621094,18.0,19.587180044561926,110.87659589722244,1911.263427734375,46.0,1.1788393259048462,3.0,3.0,0.7320974275754987,12.712635040283203,40.0,"{""type"":""Point"",""coordinates"":[110.87693769210571,19.587892846639924]}"
2861,0.0,29.0,701.0,29.97922706604004,629.0,18.720305795386587,108.93174330710366,1526.61865234375,48.0,15.910557746887207,5.0,1.0,0.5089673543480255,10.515149116516113,46.0,"{""type"":""Point"",""coordinates"":[108.93258618275102,18.721986940122786]}"
2862,0.0,25.0,35.0,6.328908920288086,35.0,19.227853930914115,108.78352128522391,1444.7314453125,50.0,0.8223305940628052,2.0,2.0,0.6753119822263459,13.99468994140625,42.0,"{""type"":""Point"",""coordinates"":[108.7847561128871,19.225925265119006]}"
2863,0.0,29.0,39.0,8.425760269165039,39.0,19.54226428035595,108.99911695341262,1717.236083984375,44.0,0.8053373694419861,3.0,3.0,0.7144252992604428,14.0132417678833,36.0,"{""type"":""Point"",""coordinates"":[108.99813093663973,19.54295500909615]}"
2864,0.0,28.0,853.0,30.61199378967285,666.0,19.003275109884235,109.47522405399599,2150.2890625,42.0,6.00226354598999,6.0,2.0,0.585370082197353,11.356290817260742,41.0,"{""type"":""Point"",""coordinates"":[109.47585069429063,19.001292045186066]}"
2865,0.0,24.0,26.0,8.09230899810791,27.0,19.15598870818455,108.7071644860738,1364.2677001953125,54.0,1.610597014427185,2.0,2.0,0.6774513283054459,13.327505111694336,42.0,"{""type"":""Point"",""coordinates"":[108.70588715315212,19.157138803504363]}"
2866,0.0,23.0,258.0,18.99118423461914,217.0,18.62149111413344,109.34496833779866,1969.009765625,53.0,2.3601598739624023,4.0,1.0,0.6032243877002221,12.800728797912598,45.0,"{""type"":""Point"",""coordinates"":[109.3447567769968,18.620619520613154]}"
2867,0.0,21.0,9.0,17.81757926940918,9.0,18.441828057309536,110.04565425941183,1997.8201904296875,53.0,1.7982794046401978,2.0,1.0,0.7349843010793062,13.22701644897461,42.0,"{""type"":""Point"",""coordinates"":[110.0458985198991,18.440671255039053]}"
2868,0.0,26.0,128.0,53.044647216796875,104.0,19.15598870818455,110.12201105856201,2687.420166015625,52.0,4.9950761795043945,4.0,2.0,0.6494590264584699,12.132469177246094,42.0,"{""type"":""Point"",""coordinates"":[110.12262803401512,19.157153345889604]}"
2869,0.0,26.0,0.0,7.041619777679443,3.0,18.338521799635792,109.72675233354943,1953.5975341796875,46.0,0.21027980744838715,2.0,0.0,0.750236825164414,15.378637313842773,41.0,"{""type"":""Point"",""coordinates"":[109.72893487756531,18.33703543064095]}"
2870,0.0,27.0,67.0,14.165515899658203,60.0,19.753368372124037,110.54421924209822,2300.5517578125,43.0,0.9393811821937561,7.0,4.0,0.7356160888693793,13.39797306060791,34.0,"{""type"":""Point"",""coordinates"":[110.54443063157692,19.75136003814392]}"
2871,0.0,38.0,84.0,8.639331817626953,84.0,19.852183053377182,109.94683957815869,2195.671875,34.0,0.29344937205314636,3.0,4.0,0.7012859461953683,14.841583251953125,34.0,"{""type"":""Point"",""coordinates"":[109.94861704799523,19.853429286476533]}"
2872,0.0,27.0,512.0,59.84881591796875,320.0,19.079631909034397,109.56505558240792,2219.09423828125,45.0,12.942221641540527,5.0,2.0,0.5907376370847438,10.895970344543457,40.0,"{""type"":""Point"",""coordinates"":[109.56670306512451,19.079380034140478]}"
2873,0.0,24.0,7.0,29.27021598815918,7.0,18.51818485645969,110.04565425941183,2059.764892578125,50.0,3.6853668689727783,3.0,1.0,0.7258010834286387,12.509571075439453,44.0,"{""type"":""Point"",""coordinates"":[110.0453035669116,18.516653518046706]}"
2874,0.0,25.0,79.0,22.46185302734375,66.0,18.76522155959256,110.13548578782382,2365.402587890625,52.0,1.765180230140686,5.0,1.0,0.6646254704326578,13.20461654663086,48.0,"{""type"":""Point"",""coordinates"":[110.13460246112994,18.76369411432485]}"
2875,0.0,31.0,755.0,27.853933334350586,668.0,18.724797371807185,108.93623488352426,1526.61865234375,48.0,15.587646484375,4.0,1.0,0.5106073251129754,10.483977317810059,45.0,"{""type"":""Point"",""coordinates"":[108.93632379573515,18.7242584323782]}"
2876,0.0,23.0,68.0,16.2169132232666,44.0,19.703961031497464,109.90192381395275,2365.509521484375,55.0,0.9723029732704163,3.0,3.0,0.7582861983816076,13.807730674743652,33.0,"{""type"":""Point"",""coordinates"":[109.90301838035647,19.704460795884554]}"
2877,0.0,32.0,209.0,31.386825561523438,126.0,19.416500140579217,109.76717652133482,2519.21923828125,41.0,2.702834129333496,5.0,3.0,0.6773526765205609,12.697253227233887,36.0,"{""type"":""Point"",""coordinates"":[109.76719360077838,19.416187556587907]}"
2879,0.0,22.0,57.0,10.876482963562012,57.0,19.83421674769479,110.06362056509425,2346.8359375,53.0,0.3703269958496094,3.0,4.0,0.741596754051635,14.502680778503418,34.0,"{""type"":""Point"",""coordinates"":[110.06474131732669,19.83224196876727]}"
2880,0.0,25.0,29.0,9.547149658203125,29.0,19.924048276106745,109.72226075712882,1738.626708984375,43.0,0.9208130240440369,2.0,4.0,0.7350879301558598,13.844176292419434,34.0,"{""type"":""Point"",""coordinates"":[109.72232971503468,19.922202908024474]}"
2881,0.0,27.0,23.0,6.848966598510742,24.0,20.013879804518695,110.24777519833873,1980.531982421875,46.0,0.23742063343524933,2.0,4.0,0.7404554898527618,14.34266185760498,38.0,"{""type"":""Point"",""coordinates"":[110.24914177923918,20.01535151648531]}"
2882,0.0,21.0,111.0,14.557579040527344,75.0,19.596163197403122,109.58751346451089,2178.419677734375,56.0,1.0199733972549438,3.0,3.0,0.7054452796575751,13.733990669250488,34.0,"{""type"":""Point"",""coordinates"":[109.5884512013895,19.595994344556864]}"
2883,0.0,24.0,106.0,21.68486785888672,84.0,19.416500140579217,109.1877631630777,2055.0087890625,48.0,2.37334942817688,3.0,3.0,0.6876548916180719,12.892041206359863,33.0,"{""type"":""Point"",""coordinates"":[109.18616831656021,19.415961521688114]}"
2884,0.0,26.0,89.0,43.72046661376953,40.0,19.447941175523397,109.92438169605572,2625.982177734375,45.0,3.613612174987793,4.0,3.0,0.7551272737969833,12.481155395507812,35.0,"{""type"":""Point"",""coordinates"":[109.92470972542343,19.449705918830944]}"
2885,0.0,33.0,110.0,17.163358688354492,83.0,19.6365873851885,109.86599120258796,2372.33154296875,44.0,1.1919739246368408,4.0,3.0,0.7127694141521814,13.578727722167969,33.0,"{""type"":""Point"",""coordinates"":[109.86564484150391,19.636398948911964]}"
2886,0.0,25.0,89.0,25.58222770690918,76.0,18.594541655609852,109.81209228554076,2268.658935546875,45.0,2.3058853149414062,4.0,1.0,0.6619337960925025,12.931185722351074,44.0,"{""type"":""Point"",""coordinates"":[109.81218049705117,18.593326769754707]}"
2887,0.0,29.0,603.0,39.39288330078125,390.0,18.895477275789894,109.63692080513749,2159.12646484375,46.0,7.785133361816406,5.0,2.0,0.576475725521452,11.339062690734863,45.0,"{""type"":""Point"",""coordinates"":[109.63759563919483,18.89470966213942]}"
2888,0.0,33.0,676.0,66.05500793457031,531.0,19.16048028460515,109.30903572643388,2157.521240234375,40.0,20.77292823791504,9.0,2.0,0.5679509965862092,10.252955436706543,38.0,"{""type"":""Point"",""coordinates"":[109.31071309601543,19.160703427996847]}"
2889,0.0,27.0,179.0,90.88675689697266,157.0,18.93590146357527,110.22980889265637,2706.722412109375,49.0,11.757826805114746,3.0,2.0,0.6026848520612755,11.232855796813965,46.0,"{""type"":""Point"",""coordinates"":[110.2315089701521,18.9348409028583]}"
2890,0.0,30.0,346.0,17.593259811401367,229.0,18.702339489704194,109.10691478750698,1839.9287109375,42.0,2.692336082458496,4.0,1.0,0.5982036765672265,12.608170509338379,43.0,"{""type"":""Point"",""coordinates"":[109.10645688835329,18.70064606903681]}"
2891,0.0,26.0,945.0,42.82973098754883,804.0,18.841578358742723,109.70429445144646,2239.583984375,47.0,11.149179458618164,6.0,2.0,0.5520018445194794,10.620035171508789,45.0,"{""type"":""Point"",""coordinates"":[109.70570128067348,18.840515006973522]}"
2892,0.0,24.0,55.0,19.921466827392578,43.0,19.191921319549337,108.97216749488905,1805.0872802734375,49.0,2.948587417602539,4.0,2.0,0.6806436074489758,12.705219268798828,42.0,"{""type"":""Point"",""coordinates"":[108.97226694917822,19.193963715290966]}"
2893,0.0,35.0,47.0,33.208316802978516,47.0,19.052682450510808,110.39599722021848,2651.1025390625,36.0,2.4198739528656006,5.0,2.0,0.7381885865782376,12.907822608947754,39.0,"{""type"":""Point"",""coordinates"":[110.39449427836075,19.054254920366034]}"
2894,0.0,27.0,724.0,55.057804107666016,656.0,18.594541655609852,109.52463139462253,2260.430419921875,48.0,13.411982536315918,8.0,1.0,0.5467742668343247,10.671531677246094,48.0,"{""type"":""Point"",""coordinates"":[109.52563368788249,18.593943581648162]}"
2895,0.0,25.0,85.0,11.390451431274414,81.0,19.35361807069085,108.99462537699202,1740.4466552734375,57.0,1.5138792991638184,2.0,3.0,0.6409806114733207,13.354684829711914,41.0,"{""type"":""Point"",""coordinates"":[108.99646403444903,19.35194395318264]}"
2896,0.0,26.0,372.0,20.487022399902344,326.0,18.616999537712843,109.36293464348103,2157.947509765625,49.0,2.1823666095733643,4.0,1.0,0.6035123250023333,12.79975700378418,46.0,"{""type"":""Point"",""coordinates"":[109.3618601613561,18.616538168671457]}"
2897,0.0,31.0,77.0,14.836234092712402,57.0,18.67988160760121,109.80760070912021,2431.1787109375,41.0,0.7355539202690125,5.0,1.0,0.6786016131697987,14.081457138061523,49.0,"{""type"":""Point"",""coordinates"":[109.80782714777415,18.680866774269806]}"
2899,0.0,26.0,82.0,11.453166007995605,80.0,19.55124743319714,109.33598518495745,2085.647705078125,54.0,0.8094721436500549,2.0,3.0,0.683088727993028,13.982697486877441,37.0,"{""type"":""Point"",""coordinates"":[109.33664243854936,19.54900945127394]}"
2900,0.0,28.0,49.0,11.543461799621582,49.0,19.447941175523397,108.90928542500069,1715.9906005859375,42.0,1.4186197519302368,2.0,3.0,0.681894402982739,13.441069602966309,40.0,"{""type"":""Point"",""coordinates"":[108.90919455665306,19.448282403651618]}"
2901,0.0,23.0,151.0,10.374405860900879,125.0,19.506331668991166,109.4437830190518,2098.60791015625,57.0,0.6111997961997986,4.0,3.0,0.6640624768029177,14.221488952636719,36.0,"{""type"":""Point"",""coordinates"":[109.44568318280507,19.506463415725523]}"
2902,0.0,33.0,32.0,15.367103576660156,33.0,19.870149359059575,109.27310311506909,1764.2589111328125,41.0,2.2584099769592285,4.0,4.0,0.7244815420364894,12.985713005065918,35.0,"{""type"":""Point"",""coordinates"":[109.27223148154124,19.871210426274803]}"
2903,0.0,41.0,77.0,9.670679092407227,77.0,19.874640935480173,109.92438169605572,2195.671875,30.0,0.47480547428131104,4.0,4.0,0.7051151378469852,14.238466262817383,35.0,"{""type"":""Point"",""coordinates"":[109.92501450294564,19.87658187536341]}"
2904,0.0,22.0,113.0,15.629117012023926,95.0,19.49285693972937,109.385392525584,2140.790283203125,54.0,1.236173391342163,3.0,3.0,0.680004845987206,13.540477752685547,34.0,"{""type"":""Point"",""coordinates"":[109.38676237521251,19.49452145382272]}"
2905,0.0,27.0,10.0,6.5548014640808105,11.0,20.013879804518695,110.45438771368623,1968.8914794921875,43.0,0.16753262281417847,2.0,4.0,0.7418884480815717,14.649131774902344,41.0,"{""type"":""Point"",""coordinates"":[110.45527211004713,20.0135835925422]}"
2906,0.0,22.0,107.0,13.242822647094727,60.0,19.60514635024431,109.63692080513749,2119.721435546875,53.0,0.9150692820549011,4.0,3.0,0.7155830006792452,13.844978332519531,35.0,"{""type"":""Point"",""coordinates"":[109.63504064175787,19.607095785656448]}"
2907,0.0,25.0,55.0,9.86077880859375,55.0,19.398533834896824,108.8688612372153,1637.2177734375,54.0,1.3412703275680542,3.0,3.0,0.6713005033048864,13.493629455566406,40.0,"{""type"":""Point"",""coordinates"":[108.86859036416213,19.397075208127262]}"
2908,0.0,33.0,97.0,16.369779586791992,92.0,19.659045267291482,110.61608446482774,2327.197021484375,44.0,1.4615297317504883,4.0,3.0,0.6958521378272153,12.927657127380371,34.0,"{""type"":""Point"",""coordinates"":[110.61527234967257,19.65809266767263]}"
2909,0.0,28.0,321.0,55.67173767089844,300.0,19.138022402502166,109.05750744688038,1947.67578125,51.0,15.825336456298828,4.0,2.0,0.578842227826168,10.829436302185059,40.0,"{""type"":""Point"",""coordinates"":[109.05562654815034,19.139842451507377]}"
2910,0.0,32.0,12.0,10.735328674316406,13.0,19.87913251190077,110.65201707619252,2100.499267578125,36.0,0.9395813941955566,9.0,4.0,0.7455721556342328,12.921812057495117,42.0,"{""type"":""Point"",""coordinates"":[110.65240543427237,19.87767322501734]}"
2911,0.0,29.0,2.0,6.036963939666748,3.0,20.000405075256907,110.49481190147162,1968.8914794921875,40.0,0.06104126572608948,3.0,4.0,0.7568343659704296,15.670578956604004,40.0,"{""type"":""Point"",""coordinates"":[110.49671690988986,20.001574578811045]}"
2912,0.0,27.0,166.0,6.117466926574707,39.0,18.756238406751365,109.11589794034813,1762.330322265625,43.0,0.2594606280326843,4.0,1.0,0.6808598134506878,15.068925857543945,43.0,"{""type"":""Point"",""coordinates"":[109.11593552407501,18.75669115080815]}"
2913,0.0,26.0,18.0,8.515593528747559,20.0,19.57819689172073,110.79574752165166,2178.73681640625,44.0,0.22943836450576782,6.0,3.0,0.7689446398287731,14.852015495300293,36.0,"{""type"":""Point"",""coordinates"":[110.79652868465921,19.576772589642772]}"
2914,0.0,26.0,147.0,21.54387664794922,79.0,19.4434495991028,109.40335883126642,2206.2265625,42.0,1.916440725326538,4.0,3.0,0.7019142635265978,13.080848693847656,33.0,"{""type"":""Point"",""coordinates"":[109.40278141695211,19.442835818271256]}"
2915,0.0,27.0,425.0,18.227914810180664,428.0,18.608016384871647,108.8643696607947,1506.93798828125,51.0,5.533298015594482,3.0,1.0,0.547097872088062,11.827588081359863,47.0,"{""type"":""Point"",""coordinates"":[108.86231778160547,18.605880008555403]}"
2916,0.0,28.0,159.0,67.27762603759766,102.0,19.376075952793833,110.13548578782382,2707.252685546875,46.0,7.054555892944336,5.0,3.0,0.6578159457926989,11.76544189453125,38.0,"{""type"":""Point"",""coordinates"":[110.13616756626504,19.374581522843958]}"
2917,0.0,24.0,36.0,6.337895393371582,39.0,18.558609044245074,108.78352128522391,1341.7978515625,54.0,1.104060173034668,2.0,1.0,0.6548653723184921,13.699444770812988,44.0,"{""type"":""Point"",""coordinates"":[108.78299662092529,18.55742734979843]}"
2918,0.0,28.0,450.0,22.48448944091797,404.0,18.82810362948093,110.05463741225304,2351.9912109375,44.0,2.0149807929992676,4.0,2.0,0.6106449235883735,12.821446418762207,46.0,"{""type"":""Point"",""coordinates"":[110.0564477717484,18.82836805680463]}"
2919,0.0,24.0,54.0,13.296128273010254,54.0,19.74438521928284,109.52013981820193,2011.965576171875,53.0,1.1441545486450195,4.0,4.0,0.7316255140102164,13.653219223022461,32.0,"{""type"":""Point"",""coordinates"":[109.52143023803089,19.746380486926938]}"
2920,0.0,34.0,489.0,39.961669921875,365.0,18.98980038062244,109.1832715866571,1778.2435302734375,37.0,13.065093040466309,6.0,2.0,0.5698010967785403,10.90456771850586,40.0,"{""type"":""Point"",""coordinates"":[109.18242397692141,18.99087494058]}"
2921,0.0,30.0,109.0,15.683320999145508,93.0,19.4434495991028,110.42743825516266,2623.61328125,37.0,0.5767958760261536,5.0,3.0,0.7005844572845634,14.265592575073242,37.0,"{""type"":""Point"",""coordinates"":[110.42903686649456,19.442383751193493]}"
2922,0.0,25.0,58.0,13.12977123260498,57.0,19.40751698773802,109.04403271761862,1919.5025634765625,51.0,1.3001850843429565,2.0,3.0,0.7027301258894743,13.522981643676758,36.0,"{""type"":""Point"",""coordinates"":[109.045120479359,19.40759163074253]}"
2923,0.0,30.0,57.0,7.943333625793457,56.0,19.82972517127419,109.68632814576404,1871.874267578125,43.0,0.4877917766571045,3.0,4.0,0.713751020925136,14.5040922164917,34.0,"{""type"":""Point"",""coordinates"":[109.6880294393548,19.829067175480514]}"
2924,0.0,23.0,76.0,7.777978420257568,74.0,19.735402066441644,109.62793765229628,2057.8681640625,53.0,0.22943836450576782,2.0,3.0,0.7084376448902137,15.247093200683594,33.0,"{""type"":""Point"",""coordinates"":[109.62844283770836,19.73739811495037]}"
2925,0.0,27.0,375.0,43.67607116699219,205.0,18.778696288854356,109.43030828978999,2212.157470703125,47.0,7.056727409362793,4.0,1.0,0.593929284794519,11.61941909790039,45.0,"{""type"":""Point"",""coordinates"":[109.4301668566742,18.777783700805745]}"
2926,0.0,29.0,681.0,29.355117797851562,532.0,18.751746830330767,109.34496833779866,1966.16455078125,49.0,6.921718120574951,6.0,1.0,0.5604084848634101,11.387615203857422,46.0,"{""type"":""Point"",""coordinates"":[109.34524030685228,18.7529762068884]}"
2927,0.0,26.0,43.0,23.36359214782715,43.0,18.71132264254539,110.14446894066504,2324.873779296875,49.0,1.9319171905517578,4.0,1.0,0.7018819880577248,13.135583877563477,45.0,"{""type"":""Point"",""coordinates"":[110.14564664215759,18.7115440798339]}"
2928,0.0,24.0,110.0,47.62724685668945,72.0,19.10658136755798,110.04116268299128,2715.1484375,51.0,3.8679239749908447,4.0,2.0,0.6723348735733997,12.400243759155273,45.0,"{""type"":""Point"",""coordinates"":[110.0390826317717,19.105510439819454]}"
2929,0.0,23.0,26.0,3.1163856983184814,26.0,18.908952005051688,108.7071644860738,1246.37255859375,52.0,0.19072480499744415,2.0,2.0,0.6625632492544018,15.461294174194336,45.0,"{""type"":""Point"",""coordinates"":[108.70721246943933,18.908723550137186]}"
2930,0.0,28.0,106.0,19.066972732543945,76.0,19.560230586038337,110.02768795372947,2582.3330078125,46.0,0.9973743557929993,5.0,3.0,0.7256664828176337,13.759443283081055,35.0,"{""type"":""Point"",""coordinates"":[110.0295421665344,19.562394591417036]}"
2931,0.0,26.0,710.0,72.04198455810547,514.0,18.895477275789894,109.7492102156524,2399.224853515625,47.0,17.031780242919922,5.0,2.0,0.5546050865750286,10.434551239013672,45.0,"{""type"":""Point"",""coordinates"":[109.7478433254398,18.89332997888295]}"
2933,0.0,23.0,35.0,4.04877233505249,35.0,19.80277571275061,110.95744427279317,1553.5382080078125,53.0,0.12193004041910172,3.0,4.0,0.6538941613766196,14.504852294921875,49.0,"{""type"":""Point"",""coordinates"":[110.95777879666089,19.80133448512486]}"
2934,0.0,27.0,362.0,84.49774932861328,285.0,19.27276969512009,109.92887327247632,2763.47119140625,47.0,10.888397216796875,5.0,2.0,0.6364365552212589,11.188032150268555,37.0,"{""type"":""Point"",""coordinates"":[109.92850573052992,19.273241554192595]}"
2935,0.0,24.0,91.0,10.764567375183105,55.0,19.677011572973875,109.81658386196136,2251.205078125,56.0,0.4842160642147064,4.0,3.0,0.7451903683835164,14.49118709564209,32.0,"{""type"":""Point"",""coordinates"":[109.81687289622137,19.6787140042034]}"
2936,0.0,26.0,195.0,21.260618209838867,89.0,19.115564520399175,109.88395750827033,2409.646240234375,49.0,1.5568598508834839,4.0,2.0,0.6613477586112487,13.258411407470703,42.0,"{""type"":""Point"",""coordinates"":[109.88405956066276,19.11745457591432]}"
2937,0.0,27.0,288.0,36.89799880981445,139.0,19.290736000802482,109.49319035967835,2287.26806640625,48.0,4.669079303741455,4.0,3.0,0.646893342655333,12.09656047821045,37.0,"{""type"":""Point"",""coordinates"":[109.49494714752802,19.29182223778959]}"
2939,0.0,30.0,151.0,40.68486785888672,151.0,18.495726974356707,109.9558227309999,2023.54638671875,43.0,7.211364269256592,4.0,1.0,0.6008411279477913,11.748237609863281,44.0,"{""type"":""Point"",""coordinates"":[109.95570967525722,18.49499867502285]}"
2940,0.0,21.0,157.0,27.071876525878906,75.0,19.515314821832362,109.70429445144646,2359.874267578125,53.0,2.307051420211792,4.0,3.0,0.7041440389168897,12.888930320739746,35.0,"{""type"":""Point"",""coordinates"":[109.70543967408135,19.514808021261707]}"
2941,0.0,28.0,54.0,12.449137687683105,40.0,19.80277571275061,110.1579436699268,2378.476318359375,39.0,0.5196375846862793,5.0,4.0,0.7678317203639266,14.166254043579102,33.0,"{""type"":""Point"",""coordinates"":[110.15878918539784,19.80235220693782]}"
2942,0.0,29.0,3.0,7.0296783447265625,3.0,20.05879556872467,110.40498037305969,2061.747802734375,42.0,0.1720791757106781,2.0,4.0,0.7568245574755085,14.632702827453613,41.0,"{""type"":""Point"",""coordinates"":[110.40598674406431,20.05997737689743]}"
2943,0.0,25.0,160.0,15.63236141204834,57.0,19.27276969512009,109.73124390997003,2481.336181640625,52.0,0.7788679599761963,5.0,2.0,0.7251793159307386,13.973410606384277,38.0,"{""type"":""Point"",""coordinates"":[109.73201403602746,19.271437241744472]}"
2944,0.0,24.0,20.0,6.319009780883789,21.0,19.94650615820973,110.84964643869881,1836.2030029296875,51.0,0.4045388698577881,2.0,4.0,0.6814366094055684,13.340302467346191,50.0,"{""type"":""Point"",""coordinates"":[110.85052372884992,19.94724321708567]}"
2945,0.0,22.0,18.0,2.985549211502075,18.0,19.10658136755798,108.67123187470901,1197.267578125,56.0,0.2373328059911728,2.0,2.0,0.6732732281361147,15.247283935546875,44.0,"{""type"":""Point"",""coordinates"":[108.67273147935917,19.10455115494563]}"
2946,0.0,29.0,410.0,19.04519271850586,360.0,18.68437318402181,109.56505558240792,2237.180908203125,47.0,1.8240482807159424,4.0,1.0,0.6028182870809455,12.951332092285156,47.0,"{""type"":""Point"",""coordinates"":[109.56548763610968,18.684770538616785]}"
2947,0.0,32.0,52.0,15.40477466583252,38.0,19.57819689172073,110.40947194948029,2585.151123046875,41.0,0.7121008038520813,4.0,3.0,0.7588401221117018,13.852693557739258,38.0,"{""type"":""Point"",""coordinates"":[110.4088979234535,19.576716877004802]}"
2948,0.0,27.0,135.0,25.24340057373047,97.0,19.04819087409021,108.97216749488905,1643.6668701171875,46.0,5.861627578735352,3.0,2.0,0.5966250310386239,11.967215538024902,42.0,"{""type"":""Point"",""coordinates"":[108.97407777682022,19.04598521009226]}"
2949,0.0,22.0,77.0,9.51781940460205,70.0,19.38505910563503,109.08445690540395,1902.9833984375,57.0,0.7142412662506104,2.0,3.0,0.692787012991747,14.110862731933594,35.0,"{""type"":""Point"",""coordinates"":[109.08509474107119,19.386224332596786]}"
2950,0.0,27.0,182.0,68.52912139892578,135.0,19.120056096819773,110.03217953015007,2715.1484375,45.0,7.1020917892456055,4.0,2.0,0.6285933024007951,11.74411392211914,44.0,"{""type"":""Point"",""coordinates"":[110.03162419132236,19.117951199181547]}"
2951,0.0,29.0,132.0,23.63129997253418,103.0,19.479382210467584,110.42743825516266,2666.73876953125,40.0,1.322995662689209,4.0,3.0,0.6781486105933838,13.420609474182129,39.0,"{""type"":""Point"",""coordinates"":[110.42880712436784,19.478648603483645]}"
2952,0.0,26.0,353.0,63.012882232666016,240.0,19.313193882905473,109.41683356052818,2288.911865234375,51.0,11.847065925598145,4.0,3.0,0.6150112864767974,11.10784912109375,38.0,"{""type"":""Point"",""coordinates"":[109.4187482112303,19.314468545094147]}"
2953,0.0,27.0,144.0,38.90504837036133,144.0,18.729288948227783,110.14896051708558,2324.873779296875,50.0,4.614574432373047,4.0,1.0,0.622236584913796,12.202173233032227,45.0,"{""type"":""Point"",""coordinates"":[110.147520424904,18.72871728048341]}"
2954,0.0,25.0,239.0,19.607440948486328,118.0,19.021241415566628,109.87946593184972,2390.661865234375,48.0,1.3584778308868408,5.0,2.0,0.6512799990650266,13.366109848022461,41.0,"{""type"":""Point"",""coordinates"":[109.87928574696636,19.021138001230344]}"
2955,0.0,25.0,558.0,29.565505981445312,429.0,18.73827210106898,108.95869276562723,1664.702392578125,50.0,9.731667518615723,6.0,1.0,0.5424073971359787,11.150809288024902,46.0,"{""type"":""Point"",""coordinates"":[108.9571103112463,18.736150765787755]}"
2956,0.0,27.0,25.0,24.050617218017578,16.0,19.15598870818455,110.26574150402115,2772.264404296875,42.0,1.1259121894836426,4.0,2.0,0.7740358821720105,13.686230659484863,40.0,"{""type"":""Point"",""coordinates"":[110.26786025582962,19.157418009399926]}"
2957,0.0,23.0,95.0,35.29301834106445,65.0,19.501840092570568,110.43642140800387,2628.434326171875,52.0,2.8942959308624268,4.0,3.0,0.7084057588930723,12.537144660949707,40.0,"{""type"":""Point"",""coordinates"":[110.43686722488748,19.499978756081894]}"
2958,0.0,30.0,51.0,13.02724552154541,51.0,19.86116620621838,110.33760672675072,2300.0224609375,40.0,0.7340545058250427,6.0,4.0,0.7421458190078488,13.823101997375488,35.0,"{""type"":""Point"",""coordinates"":[110.33826391287174,19.863343181114924]}"
2959,0.0,20.0,15.0,7.708447456359863,15.0,20.063287145145267,110.70142441681912,1842.1658935546875,62.0,1.0052634477615356,1.0,4.0,0.7129138858354577,12.439029693603516,44.0,"{""type"":""Point"",""coordinates"":[110.70069169175656,20.062733191326128]}"
2960,0.0,22.0,36.0,13.283196449279785,33.0,19.69048630223567,109.49319035967835,1992.7899169921875,56.0,1.1630336046218872,3.0,3.0,0.7496573500535355,13.647394180297852,33.0,"{""type"":""Point"",""coordinates"":[109.49392660740448,19.68902119045411]}"
2961,0.0,29.0,113.0,17.669828414916992,58.0,19.38056752921443,109.91090696679396,2643.167236328125,41.0,0.7521661520004272,4.0,3.0,0.7331667885717197,14.037394523620605,38.0,"{""type"":""Point"",""coordinates"":[109.90941431946507,19.380165303155113]}"
2962,0.0,28.0,294.0,22.526466369628906,249.0,18.594541655609852,109.12038951676874,1861.2073974609375,50.0,3.980917453765869,5.0,1.0,0.5814120652744034,12.252510070800781,47.0,"{""type"":""Point"",""coordinates"":[109.1218677540015,18.595922218751497]}"
2963,0.0,25.0,98.0,9.062605857849121,51.0,19.66353684371208,109.67285341650228,2111.040771484375,50.0,0.3650796711444855,4.0,3.0,0.7412229777848531,14.769390106201172,32.0,"{""type"":""Point"",""coordinates"":[109.67111013557354,19.662694432343276]}"
2964,0.0,27.0,120.0,11.60964298248291,92.0,19.474890634046986,109.36742621990163,2140.790283203125,50.0,0.7289096117019653,3.0,3.0,0.6850518001625977,14.064525604248047,34.0,"{""type"":""Point"",""coordinates"":[109.3658661496685,19.477012617980886]}"
2965,0.0,23.0,35.0,7.19279146194458,33.0,18.450811210150732,109.00810010625383,1683.9039306640625,55.0,0.6046597957611084,2.0,1.0,0.688198979591664,14.30219841003418,43.0,"{""type"":""Point"",""coordinates"":[109.00667736767704,18.45290343612775]}"
2966,0.0,24.0,15.0,9.818164825439453,16.0,19.74438521928284,110.81820540375463,1988.4483642578125,53.0,0.9900535345077515,4.0,4.0,0.7315123952097592,12.864996910095215,42.0,"{""type"":""Point"",""coordinates"":[110.81700151289262,19.74369241345555]}"
2967,0.0,24.0,93.0,15.448277473449707,79.0,19.600654773823713,109.51115666536077,2091.965087890625,55.0,1.3779762983322144,3.0,3.0,0.6956933417069249,13.443973541259766,34.0,"{""type"":""Point"",""coordinates"":[109.51032327819118,19.599346476668234]}"
2968,0.0,28.0,162.0,38.71184158325195,161.0,18.62149111413344,110.02319637730886,2248.313720703125,44.0,4.86097526550293,5.0,1.0,0.6121303754187841,12.13865852355957,46.0,"{""type"":""Point"",""coordinates"":[110.02415097514773,18.619656251321054]}"
2969,0.0,27.0,771.0,10.585173606872559,715.0,18.760729983171963,108.91377700142124,1545.0684814453125,49.0,2.4592747688293457,8.0,1.0,0.5455302969096125,12.338903427124023,46.0,"{""type"":""Point"",""coordinates"":[108.91593839007923,18.76033261645116]}"
2970,0.0,24.0,178.0,20.393312454223633,54.0,18.73827210106898,109.0305579883568,1799.907470703125,51.0,3.2978572845458984,4.0,1.0,0.6550973625120874,12.51780891418457,43.0,"{""type"":""Point"",""coordinates"":[109.02855128654697,18.736268631794008]}"
2971,0.0,30.0,129.0,116.73931121826172,126.0,19.259294965858295,110.34209830317133,2895.787841796875,45.0,14.293975830078125,4.0,2.0,0.6389493491381685,11.061952590942383,36.0,"{""type"":""Point"",""coordinates"":[110.34074714142663,19.259886985816085]}"
2972,0.0,32.0,96.0,15.30877685546875,89.0,19.51980639825296,109.26861153864849,2084.86962890625,46.0,1.4647622108459473,3.0,3.0,0.6704424470880517,13.381061553955078,37.0,"{""type"":""Point"",""coordinates"":[109.26964302284209,19.52191355148994]}"
2973,0.0,29.0,70.0,11.083279609680176,68.0,19.569213738879533,109.34496833779866,2085.647705078125,46.0,0.7146303653717041,3.0,3.0,0.7026643614341208,14.11448860168457,36.0,"{""type"":""Point"",""coordinates"":[109.3448588879984,19.57095846417346]}"
2974,0.0,28.0,175.0,25.933225631713867,147.0,18.554117467824476,109.26411996222788,1979.3729248046875,53.0,4.12544584274292,4.0,1.0,0.5986416961776229,12.295186996459961,46.0,"{""type"":""Point"",""coordinates"":[109.26275823993316,18.55559947326455]}"
2975,0.0,30.0,631.0,38.2713737487793,403.0,19.088615061875586,109.29106942075146,1900.254638671875,40.0,10.789970397949219,5.0,2.0,0.5782641288312238,10.982251167297363,39.0,"{""type"":""Point"",""coordinates"":[109.28964485005356,19.088889991030957]}"
2976,0.0,27.0,123.0,24.96806526184082,95.0,18.500218550777305,109.37640937274284,2115.9892578125,49.0,2.9335274696350098,5.0,1.0,0.6197384604677478,12.669453620910645,46.0,"{""type"":""Point"",""coordinates"":[109.37509558919733,18.50102870620972]}"
2977,0.0,23.0,142.0,15.617761611938477,48.0,19.358109647111448,109.34047676137806,2092.463134765625,45.0,1.2549992799758911,4.0,3.0,0.7237061193125345,13.507506370544434,35.0,"{""type"":""Point"",""coordinates"":[109.33949729156255,19.357982295151302]}"
2978,0.0,25.0,82.0,17.953886032104492,69.0,19.21437920165232,108.98564222415081,1811.8934326171875,47.0,2.5053529739379883,4.0,2.0,0.6564842762167733,12.852323532104492,41.0,"{""type"":""Point"",""coordinates"":[108.98579915356082,19.21314192020016]}"
2979,0.0,26.0,365.0,23.139001846313477,312.0,18.837086782322125,108.93174330710366,1593.920166015625,51.0,6.556751728057861,5.0,2.0,0.571811711382872,11.700836181640625,43.0,"{""type"":""Point"",""coordinates"":[108.92962095375195,18.838400416883076]}"
2980,0.0,25.0,409.0,119.96036529541016,371.0,19.043699297669612,110.08607844719722,2701.92578125,47.0,20.792020797729492,3.0,2.0,0.5552754237136405,10.473607063293457,47.0,"{""type"":""Point"",""coordinates"":[110.08645606653275,19.044751055801026]}"
2981,0.0,27.0,180.0,32.5837516784668,158.0,18.886494122948697,110.18040155202976,2396.410400390625,51.0,3.303757429122925,5.0,2.0,0.6298122631867833,12.51474666595459,45.0,"{""type"":""Point"",""coordinates"":[110.17957706043644,18.885844933890464]}"
2982,0.0,26.0,9.0,7.079517364501953,10.0,19.977947193153916,110.83168013301645,1810.6531982421875,46.0,0.715709388256073,3.0,4.0,0.6970085542192025,12.794488906860352,49.0,"{""type"":""Point"",""coordinates"":[110.8297444266498,19.97967001625465]}"
2983,0.0,25.0,73.0,14.179874420166016,48.0,19.506331668991166,110.17141839918861,2652.019775390625,50.0,0.41955164074897766,4.0,3.0,0.7527882953510464,14.645316123962402,37.0,"{""type"":""Point"",""coordinates"":[110.17129785431341,19.50574289050533]}"
2984,0.0,28.0,456.0,66.10425567626953,413.0,18.76522155959256,109.7492102156524,2370.356201171875,45.0,12.216282844543457,4.0,1.0,0.5720820700285724,10.999763488769531,47.0,"{""type"":""Point"",""coordinates"":[109.74768305878996,18.763669032249513]}"
2985,0.0,26.0,219.0,51.988407135009766,165.0,19.147005555343355,109.98277218952347,2640.814208984375,47.0,5.042269706726074,4.0,2.0,0.6439599342432807,12.065351486206055,42.0,"{""type"":""Point"",""coordinates"":[109.98166916558178,19.149121158257433]}"
2986,0.0,39.0,781.0,20.49383544921875,699.0,18.554117467824476,109.49319035967835,2109.447021484375,32.0,3.1807479858398438,6.0,1.0,0.5742863727113002,12.07099437713623,46.0,"{""type"":""Point"",""coordinates"":[109.49499826141593,18.552789632915147]}"
2987,0.0,23.0,53.0,19.93155860900879,32.0,19.533281127514755,110.24777519833873,2685.0126953125,46.0,0.8390700817108154,4.0,3.0,0.7650421966827567,13.963996887207031,38.0,"{""type"":""Point"",""coordinates"":[110.24699965213452,19.534527427705406]}"
2988,0.0,28.0,75.0,10.06988525390625,73.0,19.83421674769479,110.28819938612412,2295.697265625,43.0,0.33486029505729675,5.0,4.0,0.7168550135466322,14.589249610900879,35.0,"{""type"":""Point"",""coordinates"":[110.28908803374307,19.83229795503966]}"
2989,0.0,28.0,271.0,48.38212203979492,274.0,18.392420716682963,109.6414123815581,2123.577880859375,48.0,9.065682411193848,3.0,1.0,0.6014675836511485,11.438394546508789,42.0,"{""type"":""Point"",""coordinates"":[109.64121429723507,18.39213840651705]}"
2990,0.0,24.0,45.0,14.62610912322998,43.0,18.54513431498328,108.97665907130965,1667.1134033203125,54.0,2.3782405853271484,3.0,1.0,0.6434771456982581,12.926369667053223,49.0,"{""type"":""Point"",""coordinates"":[108.97822709968406,18.546282401047034]}"
2991,0.0,28.0,206.0,23.254600524902344,73.0,18.675390031180612,109.1877631630777,1882.3177490234375,46.0,3.7172491550445557,4.0,1.0,0.6267846410651972,12.379850387573242,45.0,"{""type"":""Point"",""coordinates"":[109.18878201758535,18.676293916114577]}"
2992,0.0,23.0,107.0,27.165637969970703,70.0,19.537772703935353,109.94683957815869,2541.084228515625,52.0,1.896812915802002,4.0,3.0,0.724963917375567,13.115767478942871,35.0,"{""type"":""Point"",""coordinates"":[109.94814391963237,19.537988236711232]}"
2993,0.0,23.0,125.0,13.01173210144043,84.0,19.46141590478519,109.38090094916339,2140.790283203125,56.0,0.9185511469841003,3.0,3.0,0.6928522210254716,13.830177307128906,34.0,"{""type"":""Point"",""coordinates"":[109.37924160198777,19.460257516028385]}"
2994,0.0,28.0,186.0,23.10417366027832,141.0,18.65742372549822,109.0754737525628,1816.847900390625,43.0,3.916762590408325,5.0,1.0,0.5942594026840888,12.340267181396484,45.0,"{""type"":""Point"",""coordinates"":[109.07764609413844,18.65689829316575]}"
2995,0.0,25.0,51.0,51.01177215576172,48.0,19.173955013866944,110.33311515033012,2818.614013671875,52.0,3.902684211730957,4.0,2.0,0.7284722374941394,12.426570892333984,39.0,"{""type"":""Point"",""coordinates"":[110.33528225606695,19.174370006721308]}"
2996,0.0,23.0,75.0,15.656888008117676,68.0,19.362601223532046,109.05750744688038,1902.9833984375,58.0,1.9009463787078857,3.0,3.0,0.6826901704211188,13.132855415344238,37.0,"{""type"":""Point"",""coordinates"":[109.05942714333581,19.36301029042128]}"
2997,0.0,24.0,34.0,14.198423385620117,25.0,19.641078961609097,110.3241319974889,2562.081298828125,51.0,0.5478866100311279,4.0,3.0,0.800311827448782,14.12872314453125,32.0,"{""type"":""Point"",""coordinates"":[110.32492239484779,19.63887529584955]}"
2998,0.0,26.0,286.0,38.80949020385742,109.0,19.286244424381884,109.55607242956671,2338.775634765625,47.0,4.614490509033203,4.0,3.0,0.6499062910824995,12.10973834991455,37.0,"{""type"":""Point"",""coordinates"":[109.55804511717334,19.28646575036505]}"
2999,0.0,26.0,632.0,44.46934509277344,493.0,19.205396048811124,109.77615967417603,2643.97607421875,48.0,5.0763630867004395,4.0,2.0,0.6378306066138333,11.74467945098877,38.0,"{""type"":""Point"",""coordinates"":[109.7752580866332,19.2062803683147]}"
3000,0.0,25.0,27.0,11.723628997802734,27.0,19.89260724116256,109.75819336849361,1960.5706787109375,43.0,0.8910946846008301,3.0,4.0,0.7514643134134061,13.919018745422363,34.0,"{""type"":""Point"",""coordinates"":[109.7573520800911,19.894292515094502]}"
3001,0.0,22.0,15.0,5.299441814422607,15.0,19.142513978922757,108.72962236817676,1346.7899169921875,53.0,0.700160562992096,2.0,2.0,0.6976978741335242,14.167122840881348,41.0,"{""type"":""Point"",""coordinates"":[108.72818435021586,19.14190318593409]}"
3002,0.0,25.0,722.0,74.28369140625,518.0,19.025732991987226,109.56505558240792,2268.895751953125,48.0,21.364171981811523,9.0,2.0,0.5509202203316786,10.178500175476074,42.0,"{""type"":""Point"",""coordinates"":[109.5635284614616,19.027045863190864]}"
3003,0.0,26.0,202.0,38.9675178527832,176.0,18.783187865274954,110.08158687077662,2357.0302734375,50.0,4.486439228057861,4.0,1.0,0.6120549144368443,12.193716049194336,47.0,"{""type"":""Point"",""coordinates"":[110.0829321654097,18.785242692958537]}"
3004,0.0,32.0,150.0,27.371471405029297,135.0,18.495726974356707,109.30454415001327,1956.3636474609375,41.0,4.300902366638184,4.0,1.0,0.5980117454285436,12.26911449432373,46.0,"{""type"":""Point"",""coordinates"":[109.30399949012231,18.494430498004906]}"
3005,0.0,25.0,90.0,28.00640869140625,75.0,18.554117467824476,109.6414123815581,2280.619140625,46.0,2.643141508102417,4.0,1.0,0.6534611359241589,12.79391098022461,46.0,"{""type"":""Point"",""coordinates"":[109.64283000192502,18.552073965823613]}"
3006,0.0,35.0,450.0,69.93856811523438,424.0,18.52267643288029,109.57853031166974,2278.010009765625,37.0,15.784544944763184,5.0,1.0,0.5622746556073843,10.73768138885498,46.0,"{""type"":""Point"",""coordinates"":[109.57825801849026,18.520607452703594]}"
3007,0.0,30.0,17.0,12.396924018859863,11.0,19.72192733717985,110.34209830317133,2454.65771484375,40.0,0.45963147282600403,3.0,3.0,0.8190520627285318,14.317288398742676,30.0,"{""type"":""Point"",""coordinates"":[110.34002529946079,19.72122995128485]}"
3008,0.0,28.0,92.0,18.427793502807617,92.0,18.360979681738776,109.38090094916339,1997.7294921875,44.0,2.0403084754943848,4.0,1.0,0.6428257482217459,13.051860809326172,41.0,"{""type"":""Point"",""coordinates"":[109.38108912112138,18.360026773959557]}"
3009,0.0,27.0,23.0,6.848966598510742,24.0,20.013879804518695,110.24777519833873,1980.531982421875,46.0,0.23742063343524933,2.0,4.0,0.7404554898527618,14.34266185760498,38.0,"{""type"":""Point"",""coordinates"":[110.24815022555816,20.01442662863177]}"
3010,0.0,30.0,103.0,30.995685577392578,103.0,18.392420716682963,109.48869878325775,2065.295654296875,43.0,4.333067417144775,5.0,1.0,0.6252708919368312,12.29055118560791,42.0,"{""type"":""Point"",""coordinates"":[109.48661953267641,18.39243306133658]}"
3011,0.0,29.0,14.0,9.696057319641113,15.0,19.933031428947942,110.5217613599952,2211.53271484375,43.0,0.5024495720863342,5.0,4.0,0.7617610522988346,13.605718612670898,39.0,"{""type"":""Point"",""coordinates"":[110.5217362056212,19.93467905905816]}"
3012,0.0,26.0,54.0,6.28510046005249,54.0,19.38056752921443,108.97665907130965,1740.4466552734375,52.0,0.3650085926055908,2.0,3.0,0.6813098764732568,14.795839309692383,40.0,"{""type"":""Point"",""coordinates"":[108.97751438672097,19.381398261550167]}"
3013,0.0,25.0,181.0,82.28011322021484,125.0,19.425483293420413,110.06362056509425,2856.640625,52.0,8.520718574523926,4.0,3.0,0.6532075826589554,11.560368537902832,37.0,"{""type"":""Point"",""coordinates"":[110.06285677773549,19.424041904668954]}"
3014,0.0,28.0,272.0,29.07317352294922,263.0,19.039207721249014,108.8239454730093,1552.74853515625,51.0,10.148199081420898,5.0,2.0,0.5737134075633281,11.322778701782227,41.0,"{""type"":""Point"",""coordinates"":[108.82373439880689,19.040252068375196]}"
3015,0.0,21.0,34.0,6.131961345672607,34.0,19.874640935480173,109.68632814576404,1796.272705078125,49.0,0.18256863951683044,2.0,4.0,0.7398083273582609,15.500353813171387,33.0,"{""type"":""Point"",""coordinates"":[109.68689713101116,19.87536741395875]}"
3016,0.0,22.0,62.0,11.977005958557129,62.0,18.65293214907762,110.1130279057208,2338.787109375,52.0,0.45886939764022827,3.0,1.0,0.6903280909548817,14.562264442443848,44.0,"{""type"":""Point"",""coordinates"":[110.11265824371925,18.653687975866657]}"
3017,0.0,28.0,7.0,7.1222310066223145,8.0,20.004896651677498,110.46786244294805,1968.8914794921875,43.0,0.3117002546787262,2.0,4.0,0.7493693461804819,14.032708168029785,40.0,"{""type"":""Point"",""coordinates"":[110.46945531906287,20.006701885606148]}"
3018,0.0,26.0,12.0,8.00432014465332,13.0,19.959980887471524,110.72388229892209,1936.18115234375,46.0,0.7304605841636658,6.0,4.0,0.7165522951755915,12.767396926879883,46.0,"{""type"":""Point"",""coordinates"":[110.72192869440158,19.961583066593537]}"
3019,0.0,26.0,43.0,19.38141441345215,43.0,18.343013376056383,109.52013981820193,2018.67333984375,53.0,2.240985870361328,3.0,0.0,0.6956951138238067,12.98705005645752,42.0,"{""type"":""Point"",""coordinates"":[109.52030376820542,18.344013311498614]}"
3020,0.0,30.0,23.0,11.467501640319824,22.0,19.762351524965233,110.66998338187494,2185.033935546875,38.0,0.7085825800895691,5.0,4.0,0.7508893573191187,13.673463821411133,39.0,"{""type"":""Point"",""coordinates"":[110.66973172690659,19.76384350272455]}"
3021,0.0,33.0,125.0,14.260991096496582,119.0,19.659045267291482,110.60710131198658,2327.197021484375,43.0,1.0914068222045898,5.0,3.0,0.687358097932337,13.192740440368652,34.0,"{""type"":""Point"",""coordinates"":[110.60606988571595,19.66032501438098]}"
3022,0.0,26.0,21.0,15.535128593444824,21.0,19.18293816670814,110.44989613726563,2809.3779296875,48.0,0.4029739499092102,3.0,2.0,0.7761083073831041,14.696885108947754,39.0,"{""type"":""Point"",""coordinates"":[110.4497126587146,19.185006275359495]}"
3023,0.0,21.0,80.0,12.074417114257812,78.0,19.38505910563503,109.03954114119801,1862.2623291015625,58.0,1.2355296611785889,2.0,3.0,0.6748995823800124,13.560933113098145,36.0,"{""type"":""Point"",""coordinates"":[109.0382254894073,19.38401160369674]}"
3024,0.0,30.0,274.0,34.378173828125,271.0,18.414878598785947,109.28208626791024,1874.107666015625,45.0,7.5047173500061035,4.0,1.0,0.5980344133742965,11.627984046936035,41.0,"{""type"":""Point"",""coordinates"":[109.28076903950439,18.41382602497688]}"
3025,0.0,25.0,95.0,14.625374794006348,87.0,19.447941175523397,109.13835582245116,1986.7655029296875,51.0,1.4279015064239502,3.0,3.0,0.6846912437747912,13.407163619995117,33.0,"{""type"":""Point"",""coordinates"":[109.13757508859624,19.449381465655865]}"
3026,0.0,28.0,43.0,26.5074405670166,34.0,18.590050079189254,109.88395750827033,2264.60595703125,44.0,2.5136284828186035,4.0,1.0,0.7060267874270518,12.872106552124023,45.0,"{""type"":""Point"",""coordinates"":[109.88347426241565,18.58948122363554]}"
3027,0.0,26.0,220.0,18.392793655395508,64.0,18.832595205901526,109.39886725484581,2032.519287109375,49.0,2.0474250316619873,4.0,2.0,0.6503955687586358,12.968132972717285,45.0,"{""type"":""Point"",""coordinates"":[109.3976505537106,18.8332047507284]}"
3028,0.0,23.0,207.0,9.252638816833496,167.0,18.62149111413344,109.2775946914897,1972.73291015625,55.0,0.5862138867378235,2.0,1.0,0.6116651146888059,14.22762680053711,45.0,"{""type"":""Point"",""coordinates"":[109.278309219757,18.62017297848523]}"
3029,0.0,25.0,251.0,21.804033279418945,139.0,19.250311813017106,109.34945991421921,2109.00830078125,53.0,2.5235414505004883,4.0,2.0,0.6423809913047296,12.738389015197754,38.0,"{""type"":""Point"",""coordinates"":[109.34851489312204,19.251899187970185]}"
3030,0.0,23.0,34.0,10.114134788513184,24.0,19.23683708375531,108.95869276562723,1811.8934326171875,54.0,0.9492989182472229,2.0,2.0,0.7135500331330547,13.851668357849121,41.0,"{""type"":""Point"",""coordinates"":[108.9586293740797,19.23866643182508]}"
3031,0.0,28.0,420.0,61.670753479003906,240.0,18.80115417095734,109.49768193609896,2113.289794921875,49.0,15.527657508850098,4.0,1.0,0.5468005449319899,10.777715682983398,48.0,"{""type"":""Point"",""coordinates"":[109.49595183531078,18.800959988884756]}"
3032,0.0,28.0,91.0,37.11754608154297,91.0,18.495726974356707,109.80760070912021,2080.57421875,49.0,5.737111568450928,5.0,1.0,0.6232386825566455,12.015681266784668,44.0,"{""type"":""Point"",""coordinates"":[109.8061126602693,18.497118231803334]}"
3033,0.0,27.0,70.0,16.781829833984375,49.0,19.54226428035595,110.1624352463474,2652.019775390625,49.0,0.6912535429000854,6.0,3.0,0.7609836586568903,14.147750854492188,35.0,"{""type"":""Point"",""coordinates"":[110.16185096395316,19.54444713390133]}"
3034,0.0,28.0,36.0,11.899809837341309,36.0,19.784809407068217,110.60260973556598,2210.611083984375,39.0,0.7101191282272339,7.0,4.0,0.7463806857090789,13.680573463439941,37.0,"{""type"":""Point"",""coordinates"":[110.6032553202427,19.7852633678663]}"
3035,0.0,25.0,147.0,29.636049270629883,73.0,19.35361807069085,110.01421322446765,2704.74267578125,50.0,1.884848952293396,4.0,3.0,0.7133898929606717,13.097482681274414,37.0,"{""type"":""Point"",""coordinates"":[110.01507195972461,19.35561218748472]}"
3036,0.0,27.0,16.0,5.555150985717773,17.0,19.739893642862242,110.9304948142696,1721.2138671875,46.0,0.38142308592796326,2.0,3.0,0.6925900241137266,13.40821361541748,47.0,"{""type"":""Point"",""coordinates"":[110.93247239838966,19.740877933797766]}"
3037,0.0,26.0,480.0,51.39313888549805,418.0,19.191921319549337,109.15183055171292,1995.0833740234375,44.0,13.040335655212402,7.0,2.0,0.5864478168387046,10.9136323928833,39.0,"{""type"":""Point"",""coordinates"":[109.1529794591942,19.191830655485315]}"
3038,0.0,20.0,11.0,2.1269724369049072,11.0,19.088615061875586,108.64428241618543,1035.3973388671875,57.0,0.12978732585906982,2.0,2.0,0.6675030112001878,15.854883193969727,45.0,"{""type"":""Point"",""coordinates"":[108.6441731410316,19.087934932418317]}"
3039,0.0,27.0,184.0,10.664441108703613,31.0,18.868527817266305,109.34496833779866,2003.84228515625,46.0,0.751045286655426,4.0,2.0,0.6968770664603148,13.994600296020508,44.0,"{""type"":""Point"",""coordinates"":[109.34307869496527,18.86978865479636]}"
3040,0.0,25.0,76.0,5.59269905090332,70.0,19.18742974312874,108.85987808437409,1628.3680419921875,55.0,0.38202813267707825,2.0,2.0,0.6375897042474399,14.737223625183105,44.0,"{""type"":""Point"",""coordinates"":[108.85765279074883,19.186314361038033]}"
3041,0.0,24.0,107.0,14.65470027923584,52.0,19.600654773823713,109.65039553439925,2168.877197265625,49.0,1.0331021547317505,4.0,3.0,0.7313454415694095,13.7236328125,34.0,"{""type"":""Point"",""coordinates"":[109.64913920398226,19.599863053934648]}"
3042,0.0,24.0,151.0,31.186479568481445,117.0,19.259294965858295,110.1624352463474,2686.43310546875,53.0,2.1200437545776367,4.0,2.0,0.6822177113511887,12.977302551269531,37.0,"{""type"":""Point"",""coordinates"":[110.16208495276555,19.257181734180975]}"
3043,0.0,21.0,17.0,6.484423637390137,17.0,20.05879556872467,110.70591599323973,1842.1658935546875,60.0,0.5147342085838318,2.0,4.0,0.7083476916518024,13.103934288024902,45.0,"{""type"":""Point"",""coordinates"":[110.70754067242608,20.05667384415403]}"
3045,0.0,29.0,108.0,9.29542064666748,51.0,19.600654773823713,109.68183656934343,2168.877197265625,44.0,0.3494996726512909,5.0,3.0,0.7404588678079866,14.806940078735352,33.0,"{""type"":""Point"",""coordinates"":[109.68097436215693,19.599449834506256]}"
3046,0.0,29.0,479.0,69.01152801513672,430.0,18.76971313601316,110.0052300716265,2363.93603515625,45.0,13.7625150680542,5.0,1.0,0.5754317274814631,10.858499526977539,45.0,"{""type"":""Point"",""coordinates"":[110.0032753220694,18.77023039894917]}"
3047,0.0,25.0,275.0,37.27457046508789,161.0,19.24132866017591,109.34945991421921,2157.68505859375,52.0,5.58613395690918,4.0,2.0,0.6373488497477122,11.925117492675781,37.0,"{""type"":""Point"",""coordinates"":[109.34743867567573,19.240309826017338]}"
3048,0.0,30.0,493.0,60.396568298339844,410.0,18.819120476639732,109.82107543838197,2297.9609375,38.0,11.536357879638672,4.0,1.0,0.5860542646737481,11.029738426208496,43.0,"{""type"":""Point"",""coordinates"":[109.82276364336083,18.817443128174244]}"
3049,0.0,22.0,70.0,13.9232759475708,61.0,19.699469455076866,109.56505558240792,2038.772216796875,54.0,1.1574299335479736,4.0,3.0,0.7198982243048887,13.63221263885498,33.0,"{""type"":""Point"",""coordinates"":[109.56282455038651,19.698531269492946]}"
3050,0.0,31.0,133.0,46.53173065185547,123.0,18.63047426697463,109.83904174406439,2266.123779296875,40.0,6.36161470413208,6.0,1.0,0.6014287044580414,11.88597297668457,48.0,"{""type"":""Point"",""coordinates"":[109.83924423161815,18.6306785575338]}"
3051,0.0,34.0,868.0,22.21407127380371,698.0,18.980817227781245,109.26861153864849,1802.2537841796875,39.0,6.552555561065674,6.0,2.0,0.5545790664509499,11.2510404586792,43.0,"{""type"":""Point"",""coordinates"":[109.26643590793894,18.979139487313113]}"
3052,0.0,33.0,115.0,13.330089569091797,72.0,19.38505910563503,110.22980889265637,2689.794921875,40.0,0.3494855761528015,4.0,3.0,0.7238908800226613,14.802713394165039,37.0,"{""type"":""Point"",""coordinates"":[110.22853581207212,19.383042345812417]}"
3053,0.0,23.0,259.0,18.108915328979492,152.0,19.313193882905473,109.40335883126642,2288.911865234375,54.0,1.3958733081817627,4.0,3.0,0.6565978297349468,13.325636863708496,38.0,"{""type"":""Point"",""coordinates"":[109.40220494603709,19.311527182387618]}"
3054,0.0,38.0,82.0,25.562665939331055,72.0,19.739893642862242,109.97828061310292,2442.388427734375,37.0,2.1691722869873047,4.0,3.0,0.7267651852896165,12.996567726135254,33.0,"{""type"":""Point"",""coordinates"":[109.97869531709321,19.738235722933346]}"
3055,0.0,39.0,75.0,15.050430297851562,75.0,19.847691476956584,109.94683957815869,2166.31201171875,32.0,1.3007967472076416,3.0,4.0,0.7061171984385393,13.371798515319824,34.0,"{""type"":""Point"",""coordinates"":[109.94478212200171,19.846674839041988]}"
3056,0.0,29.0,187.0,14.228859901428223,10.0,19.24132866017591,109.52013981820193,2279.33447265625,40.0,0.8389436602592468,6.0,2.0,0.7641699214949325,13.881993293762207,38.0,"{""type"":""Point"",""coordinates"":[109.52081153195222,19.243081614720428]}"
3057,0.0,28.0,287.0,43.405704498291016,166.0,19.115564520399175,109.85700804974675,2409.646240234375,47.0,5.271183013916016,4.0,2.0,0.6337986701653195,11.975340843200684,41.0,"{""type"":""Point"",""coordinates"":[109.85578786822181,19.114578675759855]}"
3058,0.0,29.0,26.0,7.218693256378174,26.0,19.91057354684495,109.77615967417603,1834.0242919921875,42.0,0.38979122042655945,3.0,4.0,0.7515089709399297,14.705704689025879,33.0,"{""type"":""Point"",""coordinates"":[109.77463454322756,19.90979206979134]}"
3059,0.0,25.0,318.0,78.21900939941406,155.0,19.12903924966097,109.74471863923185,2511.72607421875,47.0,11.837069511413574,4.0,2.0,0.6142379623106794,11.133428573608398,41.0,"{""type"":""Point"",""coordinates"":[109.74323173294448,19.12910429907449]}"
3060,0.0,28.0,68.0,13.853967666625977,69.0,19.950997734630327,110.27921623328291,2256.103271484375,44.0,1.3320128917694092,2.0,4.0,0.7004289154531428,12.551624298095703,38.0,"{""type"":""Point"",""coordinates"":[110.27973505167024,19.95111651070778]}"
3061,0.0,26.0,40.0,15.131660461425781,37.0,19.735402066441644,110.46337086652744,2416.96728515625,44.0,0.808157205581665,4.0,3.0,0.7768004302442512,13.735401153564453,32.0,"{""type"":""Point"",""coordinates"":[110.46190736648094,19.736963920492098]}"
3062,0.0,24.0,33.0,4.462821006774902,33.0,19.83421674769479,110.9394779671108,1639.7347412109375,52.0,0.1347699910402298,2.0,4.0,0.6606961610196165,14.409435272216797,49.0,"{""type"":""Point"",""coordinates"":[110.94113243499318,19.832124528838722]}"
3063,0.0,24.0,99.0,33.7201042175293,62.0,19.537772703935353,109.9513311545793,2611.948974609375,51.0,2.499778985977173,4.0,3.0,0.7350380530676135,12.844322204589844,35.0,"{""type"":""Point"",""coordinates"":[109.94969976556384,19.536610648127976]}"
3064,0.0,34.0,123.0,40.19924545288086,98.0,19.488365363308773,110.22082573981515,2690.052734375,36.0,3.1726009845733643,6.0,3.0,0.6874925106066881,12.590959548950195,36.0,"{""type"":""Point"",""coordinates"":[110.22054790003511,19.490580334058595]}"
3065,0.0,25.0,324.0,35.98417663574219,257.0,18.65742372549822,109.33598518495745,2029.6580810546875,50.0,6.331267833709717,4.0,1.0,0.5937570567846476,11.765259742736816,44.0,"{""type"":""Point"",""coordinates"":[109.33749377750375,18.658972914678472]}"
3066,0.0,26.0,61.0,25.468910217285156,59.0,18.437336480888938,109.00810010625383,1751.53759765625,49.0,4.86128568649292,2.0,1.0,0.6517529702375295,12.200181007385254,42.0,"{""type"":""Point"",""coordinates"":[109.00610498994914,18.435682119176644]}"
3067,0.0,26.0,433.0,20.646808624267578,420.0,18.643948996236425,108.88682754289766,1506.93798828125,50.0,6.6157546043396,5.0,1.0,0.5404308172123481,11.641529083251953,48.0,"{""type"":""Point"",""coordinates"":[108.88655707497004,18.643549841148047]}"
3068,0.0,28.0,78.0,12.869746208190918,71.0,19.447941175523397,109.11589794034813,1986.7655029296875,47.0,1.1486557722091675,3.0,3.0,0.7090424841183842,13.63505744934082,32.0,"{""type"":""Point"",""coordinates"":[109.11761607595969,19.44734517537415]}"
3069,0.0,23.0,5.0,3.703260660171509,8.0,18.59903323203045,108.7116560624944,1284.0679931640625,53.0,0.3441552519798279,2.0,1.0,0.6945660495978404,14.793344497680664,43.0,"{""type"":""Point"",""coordinates"":[108.71078924776582,18.5985516073056]}"
3070,0.0,21.0,29.0,11.372071266174316,31.0,18.423861751627143,109.78963440343779,2129.562744140625,55.0,0.6285743117332458,4.0,1.0,0.732128412364717,14.266895294189453,40.0,"{""type"":""Point"",""coordinates"":[109.78812933235301,18.42419440887475]}"
3071,0.0,23.0,10.0,2.797180414199829,10.0,18.837086782322125,108.67123187470901,1191.614501953125,53.0,0.16689154505729675,2.0,2.0,0.6780783301021374,15.604009628295898,45.0,"{""type"":""Point"",""coordinates"":[108.67101070827974,18.836876534511827]}"
3072,0.0,27.0,272.0,41.90156936645508,175.0,19.205396048811124,109.86149962616736,2554.6328125,49.0,4.193912982940674,4.0,2.0,0.6600018847188094,12.215187072753906,38.0,"{""type"":""Point"",""coordinates"":[109.86068007421717,19.206954916673467]}"
3073,0.0,24.0,56.0,12.068543434143066,55.0,19.708452607918062,110.64752549977192,2326.63671875,48.0,0.5768064260482788,7.0,3.0,0.7314887460000182,13.89587688446045,37.0,"{""type"":""Point"",""coordinates"":[110.6471755564867,19.70726577055812]}"
3074,0.0,28.0,506.0,36.73478698730469,483.0,19.290736000802482,109.11589794034813,2096.629150390625,43.0,6.651402473449707,7.0,3.0,0.6145881351589821,11.579172134399414,38.0,"{""type"":""Point"",""coordinates"":[109.11672218953467,19.291638431334032]}"
3075,0.0,22.0,28.0,12.05164909362793,27.0,18.74725525391017,110.20285943413279,2294.298828125,51.0,0.5029252171516418,3.0,1.0,0.7151108594357762,14.49050235748291,47.0,"{""type"":""Point"",""coordinates"":[110.20165966260353,18.745255915480016]}"
3076,0.0,26.0,425.0,41.05909729003906,423.0,18.71132264254539,108.79699601448573,1486.941162109375,50.0,21.58991241455078,3.0,1.0,0.5189217187231321,10.42029857635498,43.0,"{""type"":""Point"",""coordinates"":[108.79750970185428,18.713171712864053]}"
3077,0.0,29.0,168.0,49.9573974609375,162.0,18.54064273856268,109.75819336849361,2260.586669921875,49.0,7.749318599700928,4.0,1.0,0.6110350145230673,11.66479206085205,44.0,"{""type"":""Point"",""coordinates"":[109.75962741214497,18.54267703765169]}"
3078,0.0,24.0,16.0,11.054959297180176,16.0,19.111072943978577,110.40048879663908,2725.39697265625,48.0,0.060705628246068954,4.0,2.0,0.7845539457332996,16.61186981201172,39.0,"{""type"":""Point"",""coordinates"":[110.39992316144672,19.112884971193978]}"
3079,0.0,26.0,69.0,20.716493606567383,69.0,19.793792559909413,109.99175534236468,2374.24169921875,48.0,1.4816120862960815,4.0,4.0,0.7339134394650908,13.385791778564453,32.0,"{""type"":""Point"",""coordinates"":[109.9905380740042,19.7920959811622]}"
3080,0.0,27.0,23.0,10.779722213745117,24.0,19.8252335948536,110.60710131198658,2190.1201171875,43.0,0.7149368524551392,6.0,4.0,0.7587478803042289,13.243099212646484,37.0,"{""type"":""Point"",""coordinates"":[110.60627748417973,19.82590361828182]}"
3081,0.0,30.0,357.0,49.20005798339844,198.0,18.926918310734074,109.82107543838197,2384.918701171875,40.0,6.734994888305664,4.0,2.0,0.6141604140120271,11.679524421691895,43.0,"{""type"":""Point"",""coordinates"":[109.81941388431483,18.927965981291493]}"
3082,0.0,27.0,163.0,9.002081871032715,133.0,19.434466446261602,109.29106942075146,2098.8427734375,48.0,0.38953661918640137,3.0,3.0,0.6812255422114032,14.664454460144043,32.0,"{""type"":""Point"",""coordinates"":[109.28960437775048,19.435499872714644]}"
3083,0.0,28.0,177.0,28.000551223754883,79.0,19.308702306484875,109.74022706281124,2483.639404296875,42.0,2.179471492767334,4.0,3.0,0.7017690461651712,12.933258056640625,36.0,"{""type"":""Point"",""coordinates"":[109.74032144656472,19.30863638743273]}"
3084,0.0,26.0,560.0,60.56120300292969,387.0,18.944884616416466,109.45725774831357,2087.36962890625,49.0,16.924488067626953,5.0,2.0,0.5563191238452038,10.575746536254883,43.0,"{""type"":""Point"",""coordinates"":[109.4565042161179,18.947002033794337]}"
3085,0.0,29.0,570.0,50.79121780395508,419.0,18.890985699369296,109.30454415001327,2003.84228515625,41.0,14.01356315612793,7.0,2.0,0.5524969991463053,10.765525817871094,45.0,"{""type"":""Point"",""coordinates"":[109.30626940610328,18.89279800784236]}"
3086,0.0,29.0,680.0,27.95380973815918,613.0,18.616999537712843,109.44827459547236,2034.1475830078125,41.0,5.214075565338135,6.0,1.0,0.5647500536735419,11.673965454101562,47.0,"{""type"":""Point"",""coordinates"":[109.44920552440384,18.616741592403944]}"
3087,0.0,24.0,7.0,6.670252323150635,7.0,19.753368372124037,109.37640937274284,1891.2506103515625,46.0,0.1916242390871048,2.0,4.0,0.7771958459862498,15.467536926269531,33.0,"{""type"":""Point"",""coordinates"":[109.37808148089533,19.755502969741123]}"
3088,0.0,36.0,188.0,36.98774719238281,139.0,19.600654773823713,109.8031091326996,2301.921630859375,37.0,4.608232021331787,6.0,3.0,0.6689158377231211,12.175809860229492,34.0,"{""type"":""Point"",""coordinates"":[109.80368114990425,19.602600751031336]}"
3089,0.0,24.0,45.0,18.738821029663086,31.0,19.614129503085508,110.17590997560922,2603.615234375,49.0,0.8696326017379761,3.0,3.0,0.7838737615609744,13.932912826538086,34.0,"{""type"":""Point"",""coordinates"":[110.17554958940033,19.61544858357494]}"
3090,0.0,29.0,20.0,7.57021427154541,19.0,19.762351524965233,110.7283738753427,2126.321533203125,47.0,0.2510863244533539,3.0,4.0,0.7468534072957316,14.229538917541504,40.0,"{""type"":""Point"",""coordinates"":[110.7285823215974,19.762362234121696]}"
3091,0.0,28.0,148.0,55.503753662109375,105.0,18.594541655609852,109.5920050409315,2340.957763671875,45.0,7.704956531524658,6.0,1.0,0.6042559228787041,11.683150291442871,47.0,"{""type"":""Point"",""coordinates"":[109.58989828412334,18.593656965938248]}"
3092,0.0,29.0,188.0,50.09214401245117,191.0,18.199282930597263,109.58302188809029,1860.47900390625,45.0,13.154693603515625,3.0,0.0,0.5887629350593441,11.111245155334473,40.0,"{""type"":""Point"",""coordinates"":[109.5825728879664,18.19765834420227]}"
3093,0.0,26.0,148.0,39.308895111083984,138.0,18.697847913283596,109.94234800173814,2398.612060546875,49.0,4.179128646850586,4.0,1.0,0.618637954715736,12.299189567565918,47.0,"{""type"":""Point"",""coordinates"":[109.94077945220936,18.698251685955228]}"
3094,0.0,24.0,62.0,50.422611236572266,65.0,18.338521799635792,109.66836184008167,2084.841064453125,54.0,8.89834976196289,4.0,0.0,0.6471225728042944,11.58934497833252,43.0,"{""type"":""Point"",""coordinates"":[109.66778968138557,18.340472091949167]}"
3095,0.0,29.0,614.0,50.90840148925781,571.0,18.675390031180612,109.60098819377271,2478.53076171875,48.0,8.23001480102539,4.0,1.0,0.582225922685479,11.273140907287598,47.0,"{""type"":""Point"",""coordinates"":[109.6017028697872,18.6734658068756]}"
3096,0.0,28.0,3.0,5.332211494445801,4.0,20.004896651677498,110.62057604124834,1872.115966796875,39.0,0.0,3.0,4.0,0.7277728374917367,15.332833290100098,45.0,"{""type"":""Point"",""coordinates"":[110.6205726791762,20.00617644489816]}"
3097,0.0,29.0,79.0,14.692864418029785,48.0,19.72192733717985,109.72675233354943,2118.572265625,42.0,1.149389386177063,4.0,3.0,0.7385618725132321,13.633820533752441,33.0,"{""type"":""Point"",""coordinates"":[109.72612581415022,19.723040858694283]}"
3098,0.0,28.0,182.0,23.65789031982422,182.0,18.401403869524152,109.47073247757538,2122.8720703125,47.0,2.7268621921539307,4.0,1.0,0.6288042665011697,12.70573616027832,42.0,"{""type"":""Point"",""coordinates"":[109.46961045017048,18.403541190014852]}"
3099,0.0,29.0,146.0,25.714685440063477,130.0,19.115564520399175,108.97665907130965,1778.5260009765625,46.0,5.052391052246094,6.0,2.0,0.6139418237944443,12.109855651855469,40.0,"{""type"":""Point"",""coordinates"":[108.97604904633722,19.11675887500263]}"
3100,0.0,24.0,18.0,7.9275736808776855,15.0,19.259294965858295,108.81496232016809,1614.8814697265625,51.0,0.8585196733474731,2.0,2.0,0.7086420617504392,13.961468696594238,42.0,"{""type"":""Point"",""coordinates"":[108.8152883227404,19.25727642481606]}"
3101,0.0,28.0,13.0,8.35986042022705,11.0,19.79828413633001,110.3735393381155,2413.718994140625,39.0,0.0,5.0,4.0,0.8069520653993919,16.402523040771484,33.0,"{""type"":""Point"",""coordinates"":[110.37497145398747,19.79658409124011]}"
3102,0.0,36.0,93.0,23.074125289916992,90.0,19.77133467780643,110.0097216480471,2447.30712890625,38.0,1.7833017110824585,5.0,4.0,0.7130807568166069,13.185993194580078,32.0,"{""type"":""Point"",""coordinates"":[110.00781807765165,19.773510635668462]}"
3103,0.0,26.0,103.0,15.912363052368164,73.0,19.46141590478519,110.15345209350619,2754.9521484375,48.0,0.4866737425327301,4.0,3.0,0.7181634903894281,14.478873252868652,38.0,"{""type"":""Point"",""coordinates"":[110.15235750075388,19.46316225819129]}"
3104,0.0,28.0,4.0,11.355738639831543,5.0,19.83421674769479,109.53361454746374,1845.8292236328125,45.0,1.111034631729126,5.0,4.0,0.7712658761699392,13.71162223815918,34.0,"{""type"":""Point"",""coordinates"":[109.53138528432362,19.833138452313605]}"
3105,0.0,25.0,205.0,34.840675354003906,128.0,19.420991716999815,109.8031091326996,2495.209716796875,46.0,3.036078929901123,4.0,3.0,0.6782308717727249,12.583381652832031,35.0,"{""type"":""Point"",""coordinates"":[109.80519460966741,19.420760954994584]}"
3106,0.0,26.0,44.0,20.182214736938477,32.0,18.500218550777305,109.29106942075146,1948.0106201171875,49.0,2.5203826427459717,12.0,1.0,0.6915147743093302,12.868834495544434,46.0,"{""type"":""Point"",""coordinates"":[109.29131936212875,18.499688819087023]}"
3107,0.0,24.0,326.0,19.751293182373047,135.0,19.043699297669612,109.69980287502585,2208.6875,49.0,1.8020079135894775,4.0,2.0,0.6328087916438601,13.024209022521973,41.0,"{""type"":""Point"",""coordinates"":[109.70035244941694,19.04477463469003]}"
3108,0.0,26.0,352.0,24.269739151000977,299.0,18.724797371807185,109.58302188809029,2151.864013671875,48.0,2.8606247901916504,4.0,1.0,0.592967151479745,12.543168067932129,48.0,"{""type"":""Point"",""coordinates"":[109.58467807236416,18.724006283758605]}"
3109,0.0,26.0,199.0,24.9973087310791,50.0,18.868527817266305,109.31801887927503,2003.84228515625,47.0,3.3955764770507812,3.0,2.0,0.6599400556864347,12.47511100769043,45.0,"{""type"":""Point"",""coordinates"":[109.31993246034166,18.868827787759486]}"
3110,0.0,26.0,261.0,83.7336654663086,158.0,18.93590146357527,110.06362056509425,2569.983642578125,48.0,12.236430168151855,2.0,2.0,0.6087706999817146,11.138229370117188,43.0,"{""type"":""Point"",""coordinates"":[110.06395180272293,18.935114725938345]}"
3111,0.0,27.0,52.0,18.053436279296875,25.0,19.57819689172073,109.9558227309999,2588.387939453125,43.0,0.8239654302597046,5.0,3.0,0.7866936420699656,13.98275375366211,35.0,"{""type"":""Point"",""coordinates"":[109.95392058357862,19.579100454881]}"
3112,0.0,23.0,13.0,3.203294515609741,13.0,18.76522155959256,108.69818133323258,1204.8380126953125,49.0,0.2681019604206085,2.0,1.0,0.6750359320617723,15.128257751464844,45.0,"{""type"":""Point"",""coordinates"":[108.70009668506188,18.765631641832936]}"
3113,0.0,25.0,70.0,14.15188217163086,55.0,18.590050079189254,109.70429445144646,2181.453369140625,44.0,0.9076861143112183,4.0,1.0,0.673715998024814,13.875324249267578,47.0,"{""type"":""Point"",""coordinates"":[109.70400661010022,18.58849182711995]}"
3114,0.0,25.0,29.0,4.945438385009766,32.0,18.62149111413344,108.77004655596215,1351.7578125,47.0,0.58518385887146,2.0,1.0,0.6652806746283854,14.338428497314453,44.0,"{""type"":""Point"",""coordinates"":[108.77216141824637,18.61981762086653]}"
3115,0.0,27.0,6.0,7.601322174072266,6.0,18.23521554196204,109.50666508894017,1946.5057373046875,50.0,0.3494137227535248,4.0,0.0,0.7515533580214991,14.86738109588623,40.0,"{""type"":""Point"",""coordinates"":[109.50799709275904,18.235647842062832]}"
3116,0.0,26.0,267.0,20.082143783569336,265.0,18.774204712433757,108.79699601448573,1405.4683837890625,51.0,7.0452656745910645,6.0,1.0,0.5531087645438733,11.696568489074707,46.0,"{""type"":""Point"",""coordinates"":[108.79679213440478,18.776353002639002]}"
3117,0.0,32.0,188.0,59.55610275268555,191.0,18.226232389120852,109.70878602786706,2082.462890625,46.0,13.560050964355469,4.0,0.0,0.6001024061661641,11.079767227172852,40.0,"{""type"":""Point"",""coordinates"":[109.70810147349812,18.228383511415085]}"
3118,0.0,27.0,3.0,7.348662376403809,4.0,20.036337686621685,110.17590997560922,1960.414306640625,40.0,0.3261163532733917,2.0,4.0,0.7667848445497417,14.053327560424805,37.0,"{""type"":""Point"",""coordinates"":[110.17422658612658,20.03641239682119]}"
3120,0.0,30.0,616.0,91.94135284423828,575.0,18.71581421896599,109.68183656934343,2432.957763671875,43.0,23.203712463378906,5.0,1.0,0.5339395328931055,10.184905052185059,47.0,"{""type"":""Point"",""coordinates"":[109.68349778171277,18.714789546508698]}"
3121,0.0,28.0,328.0,45.443904876708984,159.0,18.899968852210492,109.41234198410757,2068.173583984375,44.0,8.801904678344727,6.0,2.0,0.575833292585337,11.429159164428711,47.0,"{""type"":""Point"",""coordinates"":[109.41078083873165,18.901871926188694]}"
3122,0.0,37.0,458.0,49.61544418334961,422.0,18.495726974356707,109.5470892767255,2154.800048828125,36.0,10.79857063293457,6.0,1.0,0.5761877565719086,11.12495231628418,45.0,"{""type"":""Point"",""coordinates"":[109.54744468619394,18.497456675284287]}"
3123,0.0,23.0,56.0,18.45608901977539,42.0,19.232345507334713,109.00810010625383,1909.794921875,55.0,2.335327625274658,4.0,2.0,0.6944407323911892,12.93813419342041,41.0,"{""type"":""Point"",""coordinates"":[109.00630193119092,19.234589248604514]}"
3124,0.0,34.0,356.0,52.372413635253906,346.0,18.441828057309536,109.54259770030495,2127.970947265625,41.0,11.341740608215332,4.0,1.0,0.5907259577797453,11.150506019592285,42.0,"{""type"":""Point"",""coordinates"":[109.54220026263384,18.443212051230027]}"
3125,0.0,29.0,912.0,36.68052673339844,732.0,18.74725525391017,109.42132513694878,2163.304931640625,47.0,9.556516647338867,8.0,1.0,0.5516663151591421,10.817656517028809,46.0,"{""type"":""Point"",""coordinates"":[109.4221062869018,18.746345287608253]}"
3126,0.0,26.0,443.0,23.004955291748047,398.0,18.67988160760121,109.0260664119362,1787.6190185546875,50.0,4.82061243057251,5.0,1.0,0.5743812800854783,11.952566146850586,45.0,"{""type"":""Point"",""coordinates"":[109.02639838134466,18.680246150070523]}"
3127,0.0,30.0,79.0,58.30165481567383,71.0,19.030224568407817,110.33760672675072,2546.581787109375,39.0,6.223948955535889,5.0,2.0,0.6868356663876819,11.940836906433105,40.0,"{""type"":""Point"",""coordinates"":[110.33913416171404,19.02818255964511]}"
3128,0.0,29.0,503.0,34.339839935302734,306.0,18.944884616416466,109.57403873524913,2140.687744140625,47.0,5.912786483764648,5.0,2.0,0.5961452371242236,11.700234413146973,43.0,"{""type"":""Point"",""coordinates"":[109.57285397899157,18.945827605459503]}"
3129,0.0,29.0,609.0,38.68227005004883,438.0,19.147005555343355,109.35844306706042,2058.462158203125,40.0,8.273682594299316,5.0,2.0,0.5955097994641625,11.272159576416016,39.0,"{""type"":""Point"",""coordinates"":[109.36035199047787,19.14647004246918]}"
3130,0.0,30.0,595.0,23.905118942260742,595.0,18.616999537712843,110.09506160003843,2390.0078125,45.0,2.416839122772217,5.0,1.0,0.6123626991480998,12.521344184875488,44.0,"{""type"":""Point"",""coordinates"":[110.09698925839959,18.61639939051448]}"
3131,0.0,30.0,502.0,46.89836120605469,310.0,19.084123485454995,109.56954715882853,2219.09423828125,40.0,8.534398078918457,5.0,2.0,0.6051163166228195,11.330171585083008,40.0,"{""type"":""Point"",""coordinates"":[109.56901981865548,19.084133989230608]}"
3132,0.0,24.0,186.0,18.535646438598633,101.0,19.250311813017106,109.87048277900857,2602.931640625,52.0,0.9175066947937012,3.0,2.0,0.6806525556918404,13.793102264404297,38.0,"{""type"":""Point"",""coordinates"":[109.8724865273103,19.252218193426952]}"
3133,0.0,28.0,272.0,30.86756706237793,95.0,19.227853930914115,109.50217351251956,2279.33447265625,42.0,3.385193109512329,4.0,2.0,0.653012555765809,12.430033683776855,38.0,"{""type"":""Point"",""coordinates"":[109.50104648837359,19.228974629480184]}"
3134,0.0,29.0,730.0,44.58962631225586,530.0,19.04819087409021,109.58302188809029,2268.895751953125,40.0,8.792572021484375,6.0,2.0,0.5947327272384366,11.098527908325195,40.0,"{""type"":""Point"",""coordinates"":[109.58380144356147,19.049260937114546]}"
3135,0.0,25.0,205.0,27.636232376098633,28.0,19.286244424381884,109.52463139462253,2337.88720703125,47.0,2.5428307056427,8.0,3.0,0.7498570069067562,12.760950088500977,36.0,"{""type"":""Point"",""coordinates"":[109.5242922956196,19.286926393197106]}"
3136,0.0,34.0,305.0,50.89405822753906,298.0,18.554117467824476,109.84802489690554,2268.658935546875,36.0,8.217636108398438,5.0,1.0,0.5891194355253528,11.514886856079102,47.0,"{""type"":""Point"",""coordinates"":[109.84991790264519,18.55348130439364]}"
3137,0.0,24.0,3.0,12.061264991760254,5.0,19.115564520399175,110.49481190147162,2631.907958984375,42.0,0.18247348070144653,3.0,2.0,0.796313611474528,15.499710083007812,39.0,"{""type"":""Point"",""coordinates"":[110.49342340858952,19.11742293100046]}"
3138,0.0,26.0,49.0,10.34005069732666,49.0,18.52267643288029,109.89743223753214,2183.474609375,46.0,0.438711017370224,3.0,1.0,0.6919569159839623,14.614853858947754,45.0,"{""type"":""Point"",""coordinates"":[109.89629070389957,18.52178097322992]}"
3139,0.0,23.0,34.0,7.9549665451049805,34.0,19.87913251190077,110.76430648670748,2005.0487060546875,49.0,0.5198156237602234,2.0,4.0,0.684791244731483,13.096375465393066,48.0,"{""type"":""Point"",""coordinates"":[110.76408321957823,19.877300425736678]}"
3140,0.0,44.0,83.0,12.75143814086914,83.0,19.86116620621838,109.92438169605572,2195.671875,29.0,0.9632287621498108,3.0,4.0,0.6954467635806819,13.659191131591797,35.0,"{""type"":""Point"",""coordinates"":[109.92364881269604,19.859472551042337]}"
3141,0.0,23.0,35.0,9.861006736755371,35.0,18.338521799635792,109.34496833779866,1810.955810546875,55.0,0.9176799058914185,3.0,0.0,0.7198610511547047,13.884966850280762,37.0,"{""type"":""Point"",""coordinates"":[109.34297599285557,18.33649586788959]}"
3142,0.0,23.0,109.0,11.535714149475098,107.0,19.564722162458935,109.3898841020046,2122.483642578125,56.0,0.7284147143363953,3.0,3.0,0.6668406537774949,14.071922302246094,36.0,"{""type"":""Point"",""coordinates"":[109.38991926378057,19.563294488384017]}"
3143,0.0,24.0,84.0,19.47542953491211,74.0,19.65455369087089,109.49768193609896,1992.7899169921875,54.0,2.3004236221313477,4.0,3.0,0.6932507055549472,12.936561584472656,34.0,"{""type"":""Point"",""coordinates"":[109.49714811315425,19.654967370196974]}"
3144,0.0,27.0,45.0,11.560539245605469,31.0,19.789300983488815,110.15345209350619,2496.65283203125,42.0,0.2984420657157898,5.0,4.0,0.7864257540943331,14.727791786193848,33.0,"{""type"":""Point"",""coordinates"":[110.15461523717032,19.78751250139521]}"
3145,0.0,29.0,2.0,6.729790210723877,3.0,19.99142192241571,110.49032032505102,2091.236083984375,39.0,0.057359881699085236,2.0,4.0,0.7679453316831073,15.732784271240234,39.0,"{""type"":""Point"",""coordinates"":[110.49033407607007,19.99073374800653]}"
3146,0.0,27.0,127.0,98.85747528076172,96.0,19.4434495991028,110.1624352463474,2847.34228515625,46.0,10.938445091247559,5.0,3.0,0.652072548754679,11.339537620544434,37.0,"{""type"":""Point"",""coordinates"":[110.16044637590055,19.444784670366847]}"
3147,0.0,26.0,115.0,60.88730239868164,118.0,18.271148153326827,109.62793765229628,2100.885986328125,52.0,12.387124061584473,4.0,0.0,0.6039016518519374,11.219022750854492,41.0,"{""type"":""Point"",""coordinates"":[109.62716486822626,18.272540118873255]}"
3148,0.0,26.0,147.0,11.475310325622559,133.0,19.111072943978577,108.93174330710366,1652.5684814453125,49.0,1.6729011535644531,4.0,2.0,0.6205766244606209,13.21684741973877,39.0,"{""type"":""Point"",""coordinates"":[108.93008670833217,19.11222831418582]}"
3149,0.0,35.0,66.0,7.39823579788208,66.0,19.838708324115387,109.82556701480257,2086.230224609375,40.0,0.2109140157699585,5.0,4.0,0.7087135769039509,15.337226867675781,36.0,"{""type"":""Point"",""coordinates"":[109.82482364866306,19.83894043963097]}"
3150,0.0,29.0,1218.0,65.92791748046875,988.0,18.895477275789894,109.71776918070822,2399.224853515625,41.0,32.9857292175293,11.0,2.0,0.4941021636287817,9.015220642089844,44.0,"{""type"":""Point"",""coordinates"":[109.71808943620849,18.89568064326738]}"
3151,0.0,24.0,92.0,5.120816707611084,92.0,18.931409887154672,108.74309709743858,1246.37255859375,52.0,0.9264909029006958,3.0,2.0,0.5791900025271592,13.841649055480957,46.0,"{""type"":""Point"",""coordinates"":[108.7421927758166,18.93122114411037]}"
3152,0.0,27.0,128.0,38.587135314941406,128.0,18.34750495247698,109.53361454746374,2018.67333984375,43.0,6.266795635223389,4.0,0.0,0.6180918422735198,11.904195785522461,41.0,"{""type"":""Point"",""coordinates"":[109.53169796061128,18.346055786668114]}"
3153,0.0,30.0,195.0,30.06547737121582,66.0,18.751746830330767,109.12038951676874,1762.330322265625,42.0,6.672529220581055,4.0,1.0,0.6279131723368165,11.79879379272461,43.0,"{""type"":""Point"",""coordinates"":[109.12107380660754,18.75188782167909]}"
3154,0.0,34.0,49.0,17.90554428100586,50.0,19.425483293420413,110.63854234693076,2396.861572265625,39.0,1.4654276371002197,4.0,3.0,0.7272089131411611,12.96969223022461,39.0,"{""type"":""Point"",""coordinates"":[110.63697960112222,19.427412211083656]}"
3155,0.0,24.0,134.0,23.644943237304688,80.0,19.205396048811124,110.02319637730886,2693.70263671875,49.0,1.2456706762313843,4.0,2.0,0.7093241590509364,13.519926071166992,37.0,"{""type"":""Point"",""coordinates"":[110.0210882624524,19.20687388331834]}"
3156,0.0,23.0,117.0,22.36845588684082,59.0,19.376075952793833,109.94234800173814,2643.167236328125,50.0,1.177668571472168,3.0,3.0,0.728973260275472,13.586532592773438,38.0,"{""type"":""Point"",""coordinates"":[109.94384626492571,19.37753651657182]}"
3157,0.0,28.0,737.0,63.03921890258789,705.0,19.034716144828415,110.1175194821414,2743.48046875,45.0,9.287165641784668,9.0,2.0,0.5805291470571615,11.0360107421875,47.0,"{""type"":""Point"",""coordinates"":[110.11926481642448,19.03482786790817]}"
3158,0.0,22.0,56.0,12.777573585510254,27.0,19.735402066441644,109.83904174406439,2236.322509765625,56.0,0.7121466994285583,4.0,3.0,0.7631998446304706,14.126259803771973,35.0,"{""type"":""Point"",""coordinates"":[109.83704139491952,19.737498720073305]}"
3159,0.0,23.0,18.0,5.49023962020874,20.0,19.71294418433866,110.9349863906902,1721.2138671875,53.0,0.3495071232318878,3.0,3.0,0.6988560931795176,13.49107551574707,45.0,"{""type"":""Point"",""coordinates"":[110.93328141244307,19.710894632645097]}"
3160,0.0,31.0,265.0,35.23126983642578,136.0,18.729288948227783,109.08894848182456,1806.87158203125,40.0,8.363337516784668,4.0,1.0,0.5832410839686688,11.524333000183105,43.0,"{""type"":""Point"",""coordinates"":[109.08963253905556,18.730448571001737]}"
3161,0.0,24.0,42.0,13.515339851379395,33.0,19.600654773823713,110.3151488446477,2562.081298828125,52.0,0.4411081075668335,3.0,3.0,0.7683815954459166,14.575361251831055,37.0,"{""type"":""Point"",""coordinates"":[110.31492838003402,19.602506914978864]}"
3163,0.0,28.0,420.0,42.9554557800293,304.0,19.196412895969935,109.2371705037043,1992.6253662109375,49.0,10.082746505737305,7.0,2.0,0.6036219653426621,11.22402572631836,38.0,"{""type"":""Point"",""coordinates"":[109.23716427715955,19.19780526826543]}"
3165,0.0,26.0,136.0,7.064277648925781,118.0,18.616999537712843,109.04403271761862,1816.5008544921875,42.0,0.3494369685649872,4.0,1.0,0.6000674046620406,14.78994083404541,47.0,"{""type"":""Point"",""coordinates"":[109.04497638203183,18.618820212975233]}"
3166,0.0,27.0,314.0,31.349468231201172,317.0,18.343013376056383,109.65488711081986,2084.841064453125,49.0,4.795296669006348,4.0,0.0,0.6070475997022222,12.051846504211426,43.0,"{""type"":""Point"",""coordinates"":[109.65430874588077,18.344942749053917]}"
3167,0.0,26.0,4.0,9.264847755432129,4.0,19.677011572973875,109.31801887927503,1983.560546875,44.0,0.5020208954811096,3.0,3.0,0.7680324879347612,14.50612735748291,37.0,"{""type"":""Point"",""coordinates"":[109.31626410211334,19.67807357471524]}"
3168,0.0,33.0,342.0,43.27532958984375,179.0,19.151497131763954,109.65488711081986,2477.897705078125,39.0,5.049088001251221,4.0,2.0,0.6351940201623391,11.980356216430664,41.0,"{""type"":""Point"",""coordinates"":[109.6565350966571,19.15298472739869]}"
3169,0.0,26.0,216.0,10.363181114196777,176.0,18.49123539793611,109.40785040768702,2092.667236328125,48.0,0.5861948132514954,4.0,1.0,0.6197476523581846,14.221817016601562,45.0,"{""type"":""Point"",""coordinates"":[109.40754028234308,18.491078730503705]}"
3170,0.0,21.0,38.0,12.369547843933105,38.0,18.45979436299192,109.77166809775542,2113.77783203125,59.0,0.8412582874298096,2.0,1.0,0.702814640545245,13.970181465148926,44.0,"{""type"":""Point"",""coordinates"":[109.77157490527077,18.461916644569126]}"
3171,0.0,24.0,21.0,3.8773956298828125,22.0,19.277261271540688,108.72962236817676,1443.5733642578125,53.0,0.1671256273984909,2.0,2.0,0.6971561564983263,15.596273422241211,41.0,"{""type"":""Point"",""coordinates"":[108.72769436689647,19.27939458976211]}"
3172,0.0,27.0,738.0,44.066463470458984,525.0,19.025732991987226,109.60997134661392,2278.677978515625,46.0,8.732117652893066,5.0,2.0,0.5899230928388953,11.097678184509277,41.0,"{""type"":""Point"",""coordinates"":[109.61093454951636,19.02483041312547]}"
3173,0.0,25.0,103.0,9.202327728271484,101.0,19.55124743319714,109.35844306706042,2122.483642578125,51.0,0.3811372220516205,3.0,3.0,0.6641425853547049,14.72331714630127,37.0,"{""type"":""Point"",""coordinates"":[109.36058176007934,19.54979528084607]}"
3174,0.0,29.0,480.0,29.10639762878418,328.0,19.16048028460515,109.34945991421921,2157.521240234375,40.0,4.025054931640625,5.0,2.0,0.6266503761963678,12.104971885681152,38.0,"{""type"":""Point"",""coordinates"":[109.34859646953814,19.161590375442866]}"
3175,0.0,26.0,105.0,30.501724243164062,97.0,19.335651765008457,110.33311515033012,2747.296142578125,49.0,1.8797845840454102,4.0,3.0,0.6846915065171841,13.126007080078125,38.0,"{""type"":""Point"",""coordinates"":[110.33362430622836,19.33390650689713]}"
3176,0.0,27.0,196.0,31.487831115722656,153.0,18.760729983171963,109.73573548639064,2370.356201171875,45.0,3.051543951034546,4.0,1.0,0.6184529761831477,12.584092140197754,47.0,"{""type"":""Point"",""coordinates"":[109.73732923512688,18.760625815774787]}"
3177,0.0,30.0,625.0,17.282764434814453,419.0,18.697847913283596,109.47073247757538,2018.751708984375,48.0,2.445078134536743,5.0,1.0,0.5845512762120008,12.483442306518555,45.0,"{""type"":""Point"",""coordinates"":[109.4702977949714,18.69755510397318]}"
3178,0.0,29.0,208.0,26.97327995300293,102.0,19.133530826081568,109.87497435542917,2409.646240234375,42.0,2.3015661239624023,4.0,2.0,0.6452148056522129,12.858816146850586,42.0,"{""type"":""Point"",""coordinates"":[109.8757015638903,19.132478718245384]}"
3179,0.0,27.0,326.0,31.986095428466797,144.0,18.944884616416466,109.78963440343779,2504.799560546875,44.0,2.806580066680908,3.0,2.0,0.6407028678856599,12.580674171447754,42.0,"{""type"":""Point"",""coordinates"":[109.78785478864714,18.945478469724797]}"
3180,0.0,28.0,24.0,13.41171932220459,25.0,19.8252335948536,109.52912297104314,1845.8292236328125,45.0,1.5021892786026,4.0,4.0,0.7412012024483253,13.3983793258667,35.0,"{""type"":""Point"",""coordinates"":[109.53010935780672,19.823985425342673]}"
3181,0.0,28.0,26.0,6.464674472808838,25.0,19.807267289171207,110.7328654517633,2086.7646484375,50.0,0.08370843529701233,4.0,4.0,0.7298854064138638,15.318910598754883,42.0,"{""type"":""Point"",""coordinates"":[110.73154066703391,19.808555339079057]}"
3183,0.0,28.0,1120.0,52.36347198486328,888.0,18.96285092209886,109.72675233354943,2376.595947265625,39.0,17.302867889404297,10.0,2.0,0.54864028907205,9.917765617370605,42.0,"{""type"":""Point"",""coordinates"":[109.72769438951131,18.962047161983556]}"
3184,0.0,22.0,146.0,11.677024841308594,119.0,19.447941175523397,109.2281873508631,2108.881591796875,57.0,0.7651310563087463,4.0,3.0,0.6776690800911633,13.99996280670166,33.0,"{""type"":""Point"",""coordinates"":[109.22846747922046,19.447359105080075]}"
3185,0.0,26.0,38.0,10.02160358428955,38.0,19.515314821832362,109.04403271761862,1833.9847412109375,50.0,0.912540853023529,3.0,3.0,0.7266299603394173,13.888834953308105,35.0,"{""type"":""Point"",""coordinates"":[109.04579294555691,19.514777683927964]}"
3186,0.0,28.0,41.0,16.072078704833984,41.0,19.919556699686147,109.91539854321451,2087.6748046875,43.0,1.5979909896850586,2.0,4.0,0.7305491098685274,13.052694320678711,36.0,"{""type"":""Point"",""coordinates"":[109.91675431976407,19.91734514348946]}"
3187,0.0,27.0,114.0,18.05942153930664,102.0,19.308702306484875,110.29269096254473,2716.0517578125,44.0,0.700293779373169,5.0,3.0,0.6961095266639135,14.108248710632324,36.0,"{""type"":""Point"",""coordinates"":[110.29259049861739,19.310623887921263]}"
3188,0.0,28.0,42.0,10.056857109069824,43.0,19.959980887471524,110.27921623328291,2256.103271484375,42.0,0.4848850965499878,3.0,4.0,0.7345989594486426,13.601126670837402,38.0,"{""type"":""Point"",""coordinates"":[110.2792823784593,19.959702788737488]}"
3189,0.0,27.0,1146.0,27.512815475463867,1029.0,18.832595205901526,109.68632814576404,2181.523681640625,45.0,7.094552993774414,5.0,2.0,0.5442404633168532,10.793235778808594,46.0,"{""type"":""Point"",""coordinates"":[109.68554414426798,18.831402046268845]}"
3190,0.0,27.0,64.0,11.362918853759766,57.0,19.623112655926704,110.59811815914537,2411.53564453125,45.0,0.4061042070388794,2.0,3.0,0.7619990692952947,14.239431381225586,30.0,"{""type"":""Point"",""coordinates"":[110.59889403605212,19.621191145261722]}"
3191,0.0,28.0,237.0,22.939115524291992,123.0,19.41200856415862,109.62793765229628,2444.34033203125,48.0,1.7775863409042358,4.0,3.0,0.6877565505097252,13.098405838012695,33.0,"{""type"":""Point"",""coordinates"":[109.62633063473992,19.412015778306138]}"
3192,0.0,25.0,637.0,26.76132583618164,582.0,18.783187865274954,108.92725173068305,1545.0684814453125,50.0,11.05774974822998,5.0,1.0,0.5356430644483469,10.951766014099121,44.0,"{""type"":""Point"",""coordinates"":[108.9268137870884,18.782287829719476]}"
3193,0.0,25.0,14.0,41.05929946899414,14.0,18.666406878339416,110.24777519833873,2274.042724609375,49.0,4.788670539855957,4.0,1.0,0.7217705141772126,12.242717742919922,45.0,"{""type"":""Point"",""coordinates"":[110.24957285125487,18.664217208913612]}"
3194,0.0,29.0,37.0,9.999689102172852,38.0,19.973455616733318,110.28819938612412,2256.103271484375,42.0,0.49159252643585205,2.0,4.0,0.73971855874685,13.594681739807129,38.0,"{""type"":""Point"",""coordinates"":[110.28642065449479,19.97553700826299]}"
3195,0.0,29.0,60.0,11.107508659362793,60.0,19.587180044561926,109.21022104518073,2046.3929443359375,47.0,0.7843900322914124,2.0,3.0,0.7043845908602874,14.027264595031738,37.0,"{""type"":""Point"",""coordinates"":[109.20986654297836,19.585659939208142]}"
3196,0.0,29.0,566.0,74.53313446044922,511.0,18.774204712433757,109.87946593184972,2459.364013671875,45.0,15.042869567871094,6.0,1.0,0.5723043105964761,10.69489574432373,45.0,"{""type"":""Point"",""coordinates"":[109.87967718627716,18.775901103152574]}"
3197,0.0,25.0,149.0,10.07142448425293,96.0,19.317685459326064,109.25064523296606,2069.657470703125,46.0,0.530343770980835,4.0,3.0,0.6537769466555962,14.364645004272461,39.0,"{""type"":""Point"",""coordinates"":[109.2504090104306,19.3177171332492]}"
3198,0.0,23.0,58.0,9.022239685058594,58.0,18.473269092253716,109.77615967417603,2113.77783203125,56.0,0.37519028782844543,4.0,1.0,0.6782895190372451,14.76596736907959,45.0,"{""type"":""Point"",""coordinates"":[109.7757498463907,18.47219443627012]}"
3199,0.0,26.0,190.0,11.242225646972656,83.0,18.612507961292245,109.15632212813352,1863.9754638671875,49.0,1.1132159233093262,5.0,1.0,0.6209243689792276,13.597155570983887,46.0,"{""type"":""Point"",""coordinates"":[109.15831451830103,18.610738335523177]}"
3200,0.0,30.0,86.0,12.640880584716797,87.0,19.528789551094157,110.64752549977192,2361.493896484375,42.0,0.6762630343437195,4.0,3.0,0.702526924398924,13.708906173706055,35.0,"{""type"":""Point"",""coordinates"":[110.64833940534793,19.527747015400525]}"
3201,0.0,25.0,83.0,9.266573905944824,65.0,19.681503149394473,109.58302188809029,2038.772216796875,53.0,0.5039664506912231,3.0,3.0,0.7165588826661885,14.456011772155762,33.0,"{""type"":""Point"",""coordinates"":[109.58225991820603,19.6813211859927]}"
3202,0.0,28.0,43.0,26.5074405670166,34.0,18.590050079189254,109.88395750827033,2264.60595703125,44.0,2.5136284828186035,4.0,1.0,0.7060267874270518,12.872106552124023,45.0,"{""type"":""Point"",""coordinates"":[109.8845248942975,18.590397027420902]}"
3203,0.0,23.0,200.0,18.051494598388672,63.0,18.670898454760014,109.20123789233952,1870.6217041015625,56.0,2.5515847206115723,4.0,1.0,0.6415785790710751,12.760735511779785,45.0,"{""type"":""Point"",""coordinates"":[109.20325201493374,18.672830726046584]}"
3204,0.0,26.0,96.0,13.776894569396973,73.0,19.600654773823713,110.07260371793546,2590.339111328125,47.0,0.43005135655403137,4.0,3.0,0.740835812853925,14.606803894042969,33.0,"{""type"":""Point"",""coordinates"":[110.07104510644356,19.600112644908307]}"
3205,0.0,22.0,36.0,13.303988456726074,38.0,18.441828057309536,109.76268494491421,2129.562744140625,52.0,0.8811160326004028,3.0,1.0,0.7132360314272356,13.925050735473633,42.0,"{""type"":""Point"",""coordinates"":[109.7608248193373,18.442078194251977]}"
3206,0.0,29.0,453.0,49.672515869140625,329.0,18.95835934567826,109.16979685739534,1778.2435302734375,42.0,17.533309936523438,5.0,2.0,0.5625364207706267,10.624144554138184,39.0,"{""type"":""Point"",""coordinates"":[109.16833936219221,18.95637816340526]}"
3207,0.0,24.0,38.0,13.008475303649902,29.0,19.596163197403122,110.3645561852743,2583.768310546875,54.0,0.42619726061820984,4.0,3.0,0.7797462896091939,14.376838684082031,36.0,"{""type"":""Point"",""coordinates"":[110.3662841508437,19.595821382514973]}"
3208,0.0,27.0,127.0,43.42837905883789,103.0,19.039207721249014,110.1624352463474,2601.173583984375,48.0,3.90018630027771,5.0,2.0,0.6417685419826067,12.381505012512207,45.0,"{""type"":""Point"",""coordinates"":[110.16324859858327,19.04071633710578]}"
3209,0.0,26.0,167.0,11.224957466125488,140.0,18.554117467824476,109.10691478750698,1861.2073974609375,53.0,1.1720988750457764,3.0,1.0,0.6016613354324059,13.560215950012207,46.0,"{""type"":""Point"",""coordinates"":[109.10837281387093,18.55233191330337]}"
3211,0.0,24.0,252.0,27.761886596679688,250.0,18.74276367748957,108.77453813238276,1486.941162109375,51.0,9.659685134887695,7.0,1.0,0.5694204276018103,11.386533737182617,42.0,"{""type"":""Point"",""coordinates"":[108.77265421165605,18.741932739898324]}"
3212,0.0,25.0,106.0,10.720129013061523,90.0,19.60963792666491,109.53361454746374,2091.965087890625,53.0,0.6568419337272644,4.0,3.0,0.681796224824949,14.177183151245117,35.0,"{""type"":""Point"",""coordinates"":[109.5339068346725,19.61086890126689]}"
3213,0.0,32.0,54.0,8.001134872436523,53.0,19.816250442012404,109.66836184008167,1871.874267578125,43.0,0.5304301977157593,4.0,4.0,0.7178921554104639,14.422057151794434,34.0,"{""type"":""Point"",""coordinates"":[109.6671853067418,19.81447638466791]}"
3214,0.0,28.0,292.0,42.75944900512695,184.0,18.917935157892877,109.89743223753214,2409.319091796875,42.0,4.926731586456299,4.0,2.0,0.6122417155149052,12.0398588180542,46.0,"{""type"":""Point"",""coordinates"":[109.89817560569962,18.917680007933598]}"
3215,0.0,32.0,0.0,5.826095104217529,2.0,19.618621079506106,110.80473067449287,1977.5186767578125,43.0,0.057359881699085236,3.0,3.0,0.7675463144972917,16.229412078857422,38.0,"{""type"":""Point"",""coordinates"":[110.80503551879706,19.61652406301276]}"
3216,0.0,31.0,562.0,32.81664276123047,409.0,18.895477275789894,109.31352730285442,2003.84228515625,40.0,6.734492301940918,8.0,2.0,0.5756989300135057,11.520658493041992,45.0,"{""type"":""Point"",""coordinates"":[109.31368282829797,18.89652475055785]}"
3217,0.0,26.0,195.0,33.231380462646484,152.0,18.57208377350686,109.11140636392759,1861.2073974609375,52.0,6.911053657531738,4.0,1.0,0.5771686613484521,11.76333999633789,47.0,"{""type"":""Point"",""coordinates"":[109.10966149962722,18.571942204600774]}"
3218,0.0,29.0,800.0,32.89287185668945,607.0,18.670898454760014,109.42581671336939,2061.794677734375,49.0,8.216565132141113,5.0,1.0,0.563130718452587,11.096336364746094,44.0,"{""type"":""Point"",""coordinates"":[109.42641170297443,18.66888768510112]}"
3219,0.0,30.0,719.0,58.30836868286133,631.0,18.702339489704194,109.50666508894017,2210.34033203125,47.0,16.673749923706055,5.0,1.0,0.5463259358115172,10.44839859008789,45.0,"{""type"":""Point"",""coordinates"":[109.50887016653715,18.701809246674944]}"
3220,0.0,32.0,83.0,25.251062393188477,64.0,19.546755856776542,110.39599722021848,2623.714111328125,41.0,1.753862977027893,4.0,3.0,0.7241939296052945,13.047091484069824,38.0,"{""type"":""Point"",""coordinates"":[110.39770245236461,19.5478997414937]}"
3221,0.0,30.0,129.0,38.42493438720703,117.0,19.164971861025748,110.23430046907697,2795.345947265625,42.0,2.6290292739868164,4.0,2.0,0.6673771029233914,12.775527000427246,40.0,"{""type"":""Point"",""coordinates"":[110.23654126022254,19.164508681827975]}"
3222,0.0,27.0,351.0,60.35491943359375,285.0,19.4389580226822,109.47971563041654,2328.809326171875,50.0,10.565520286560059,5.0,3.0,0.6398710341423167,11.22673225402832,34.0,"{""type"":""Point"",""coordinates"":[109.48075011578484,19.437073410289617]}"
3223,0.0,31.0,484.0,52.59247589111328,477.0,18.706831066124792,110.07260371793546,2468.383056640625,44.0,7.8770599365234375,4.0,1.0,0.5990103485715713,11.425724983215332,45.0,"{""type"":""Point"",""coordinates"":[110.07074974601228,18.707980649502094]}"
3224,0.0,30.0,206.0,76.13699340820312,195.0,18.477760668674314,109.60997134661392,2311.504638671875,44.0,14.203398704528809,5.0,1.0,0.5863750244929382,11.019973754882812,45.0,"{""type"":""Point"",""coordinates"":[109.61103909493413,18.47804791945286]}"
3225,0.0,27.0,245.0,19.991004943847656,109.0,19.232345507334713,109.41683356052818,2171.237060546875,47.0,1.9514007568359375,3.0,2.0,0.6521119461181254,12.999753952026367,37.0,"{""type"":""Point"",""coordinates"":[109.4148691477633,19.232027202540788]}"
3226,0.0,26.0,404.0,43.63463592529297,229.0,19.025732991987226,109.21022104518073,1949.6727294921875,47.0,10.246965408325195,4.0,2.0,0.5947351478446458,11.219466209411621,39.0,"{""type"":""Point"",""coordinates"":[109.20972483716673,19.02505158993328]}"
3227,0.0,24.0,102.0,10.480257987976074,86.0,19.564722162458935,109.48420720683714,2160.47705078125,53.0,0.5162250995635986,4.0,3.0,0.6955616729806855,14.420527458190918,34.0,"{""type"":""Point"",""coordinates"":[109.48226827373591,19.5652128236835]}"
3228,0.0,26.0,115.0,16.121803283691406,77.0,19.65455369087089,109.8031091326996,2251.205078125,53.0,1.2105218172073364,4.0,3.0,0.7118361536412176,13.560232162475586,33.0,"{""type"":""Point"",""coordinates"":[109.80407344585268,19.655531722081378]}"
3229,0.0,28.0,10.0,3.4154255390167236,13.0,18.513693280039092,108.81496232016809,1407.3258056640625,40.0,0.057359881699085236,3.0,1.0,0.7067120911702616,16.67201042175293,41.0,"{""type"":""Point"",""coordinates"":[108.81558712095955,18.513307281938545]}"
3230,0.0,22.0,18.0,2.985549211502075,18.0,19.10658136755798,108.67123187470901,1197.267578125,56.0,0.2373328059911728,2.0,2.0,0.6732732281361147,15.247283935546875,44.0,"{""type"":""Point"",""coordinates"":[108.66983730122368,19.107763712748483]}"
3231,0.0,26.0,448.0,46.25730895996094,255.0,19.030224568407817,109.21471262160128,1949.6727294921875,50.0,12.075702667236328,5.0,2.0,0.5832171763913716,11.01784610748291,40.0,"{""type"":""Point"",""coordinates"":[109.21465219177189,19.031646338034378]}"
3232,0.0,27.0,90.0,17.774560928344727,70.0,19.614129503085508,110.05463741225304,2590.339111328125,42.0,0.7936368584632874,5.0,3.0,0.7390497005486355,13.99765396118164,34.0,"{""type"":""Point"",""coordinates"":[110.05268512184502,19.615568033050636]}"
3233,0.0,39.0,57.0,11.788039207458496,57.0,19.85667462979778,109.73573548639064,1883.568359375,34.0,1.2460882663726807,5.0,4.0,0.7165609823505297,13.566082954406738,33.0,"{""type"":""Point"",""coordinates"":[109.73350016254886,19.858099735688587]}"
3234,0.0,25.0,34.0,10.964799880981445,34.0,19.83421674769479,109.99624691878529,2276.40087890625,51.0,0.4878055453300476,3.0,4.0,0.7728034234474827,14.261560440063477,32.0,"{""type"":""Point"",""coordinates"":[109.99543576674999,19.832919943622315]}"
3235,0.0,29.0,145.0,12.719162940979004,125.0,18.608016384871647,109.06649059972159,1852.658447265625,42.0,1.3882883787155151,4.0,1.0,0.5979220940346132,13.404668807983398,47.0,"{""type"":""Point"",""coordinates"":[109.06453770914432,18.6066580780782]}"
3236,0.0,30.0,44.0,11.454697608947754,44.0,19.600654773823713,109.34047676137806,2061.268310546875,44.0,0.7982211709022522,4.0,3.0,0.7343273198013507,14.019195556640625,35.0,"{""type"":""Point"",""coordinates"":[109.33892768351176,19.600463854010446]}"
3237,0.0,25.0,19.0,7.810316562652588,20.0,19.986930345995113,110.78676436881045,1932.630615234375,48.0,0.6803908348083496,2.0,4.0,0.6964381379365151,12.822628021240234,48.0,"{""type"":""Point"",""coordinates"":[110.78708166972783,19.98650486441021]}"
3238,0.0,29.0,31.0,9.751524925231934,31.0,19.955489311050925,109.93336484889693,2015.9957275390625,41.0,0.62335205078125,2.0,4.0,0.7372195157890439,14.001961708068848,37.0,"{""type"":""Point"",""coordinates"":[109.9328934747806,19.95512976222074]}"
3239,0.0,25.0,129.0,19.663249969482422,65.0,19.250311813017106,110.09955317645904,2685.979248046875,47.0,0.8758600354194641,4.0,2.0,0.7192085121833143,13.875314712524414,39.0,"{""type"":""Point"",""coordinates"":[110.10068337049867,19.25126852798253]}"
3240,0.0,26.0,32.0,3.2348155975341797,32.0,18.998783533463637,108.72962236817676,1231.233154296875,48.0,0.26840758323669434,2.0,2.0,0.6588179933421401,15.116132736206055,44.0,"{""type"":""Point"",""coordinates"":[108.7287931091149,18.99856067863798]}"
3241,0.0,25.0,3.0,3.3224222660064697,6.0,18.54513431498328,108.71614763891495,1227.0582275390625,51.0,0.32352638244628906,2.0,1.0,0.7068615094163432,14.856410026550293,40.0,"{""type"":""Point"",""coordinates"":[108.71478597920634,18.546032722766512]}"
3242,0.0,28.0,83.0,14.188623428344727,76.0,19.681503149394473,110.60710131198658,2327.197021484375,46.0,0.9655730724334717,5.0,3.0,0.7124996950844049,13.355541229248047,35.0,"{""type"":""Point"",""coordinates"":[110.60617877353712,19.68242063764504]}"
3243,0.0,22.0,97.0,14.97185230255127,67.0,19.537772703935353,110.06811214151486,2629.354248046875,54.0,0.5017907023429871,4.0,3.0,0.7342610928387535,14.45191478729248,36.0,"{""type"":""Point"",""coordinates"":[110.06754868616802,19.53866614694124]}"
3244,0.0,21.0,19.0,7.449872970581055,18.0,19.681503149394473,109.4347998662106,1992.2867431640625,55.0,0.22943836450576782,3.0,3.0,0.7753882513028801,15.280536651611328,32.0,"{""type"":""Point"",""coordinates"":[109.43507440634735,19.683099198643966]}"
3245,0.0,28.0,255.0,34.60321807861328,78.0,19.21887077807292,109.56954715882853,2303.035888671875,36.0,3.7534983158111572,4.0,2.0,0.6682299023057704,12.337909698486328,39.0,"{""type"":""Point"",""coordinates"":[109.56749748889217,19.221068038879416]}"
3246,0.0,22.0,100.0,10.080341339111328,96.0,19.344634917849653,109.01259168267438,1865.609375,57.0,0.8794459104537964,2.0,3.0,0.6329717487238791,13.888938903808594,41.0,"{""type"":""Point"",""coordinates"":[109.01173266053688,19.3461690827128]}"
3247,0.0,25.0,197.0,14.594963073730469,193.0,18.42835332804774,109.31352730285442,1977.5943603515625,53.0,1.528460144996643,4.0,1.0,0.6238835826396039,13.275545120239258,42.0,"{""type"":""Point"",""coordinates"":[109.31481747852719,18.426703317172635]}"
3248,0.0,24.0,50.0,10.013448715209961,50.0,18.504710127197903,109.84802489690554,2248.7099609375,51.0,0.33938121795654297,5.0,1.0,0.7010547032261124,14.870990753173828,44.0,"{""type"":""Point"",""coordinates"":[109.84690814173379,18.50543280313498]}"
3249,0.0,28.0,231.0,54.90717697143555,154.0,18.890985699369296,110.06362056509425,2397.919677734375,47.0,7.568498611450195,4.0,2.0,0.6060811077722771,11.648100852966309,46.0,"{""type"":""Point"",""coordinates"":[110.06558636389713,18.889396494205837]}"
3250,0.0,29.0,56.0,8.840286254882812,57.0,19.973455616733318,109.65488711081986,1570.6339111328125,41.0,1.3477989435195923,4.0,4.0,0.6836356100404356,13.211446762084961,36.0,"{""type"":""Point"",""coordinates"":[109.65566721894044,19.97383177835283]}"
3251,0.0,33.0,81.0,47.22218322753906,84.0,18.356488105318178,109.60098819377271,2123.577880859375,38.0,7.718963623046875,4.0,0.0,0.6352974933229795,11.722233772277832,42.0,"{""type"":""Point"",""coordinates"":[109.60225464080867,18.356606341131474]}"
3252,0.0,26.0,10.0,5.591052532196045,11.0,19.959980887471524,110.82269698017524,1810.6531982421875,48.0,0.21604938805103302,2.0,4.0,0.6966594723251657,13.990078926086426,49.0,"{""type"":""Point"",""coordinates"":[110.822225859288,19.960523900656952]}"
3253,0.0,31.0,28.0,13.068975448608398,29.0,19.99142192241571,110.1624352463474,2176.77685546875,44.0,1.0395559072494507,2.0,4.0,0.7477868127280276,13.39445686340332,37.0,"{""type"":""Point"",""coordinates"":[110.16184954519596,19.989538696913744]}"
3254,0.0,35.0,149.0,20.634675979614258,124.0,19.528789551094157,110.45438771368623,2572.93017578125,37.0,1.4410330057144165,4.0,3.0,0.6758027218312195,13.069467544555664,39.0,"{""type"":""Point"",""coordinates"":[110.456453112855,19.529089278986895]}"
3255,0.0,29.0,541.0,40.98653030395508,498.0,18.760729983171963,109.67285341650228,2190.593994140625,44.0,7.4166741371154785,5.0,1.0,0.5783565098168185,11.440675735473633,46.0,"{""type"":""Point"",""coordinates"":[109.67284449312629,18.759200320036634]}"
3256,0.0,19.0,120.0,21.981435775756836,53.0,19.55573900961774,109.753701792073,2343.623046875,55.0,1.6159969568252563,3.0,3.0,0.7319660552638045,13.268156051635742,35.0,"{""type"":""Point"",""coordinates"":[109.75299261773633,19.5556398076835]}"
3257,0.0,27.0,74.0,16.733720779418945,44.0,19.560230586038337,109.91539854321451,2557.792236328125,46.0,0.7613216638565063,4.0,3.0,0.7664875341167714,14.048810005187988,34.0,"{""type"":""Point"",""coordinates"":[109.91377441849706,19.559157031787688]}"
3258,0.0,25.0,3.0,7.455744743347168,4.0,20.018371380939293,110.43192983158326,2064.39794921875,41.0,0.191916361451149,2.0,4.0,0.7601778110661326,14.52359676361084,40.0,"{""type"":""Point"",""coordinates"":[110.43166024562436,20.016218864947533]}"
3259,0.0,24.0,20.0,3.5274198055267334,20.0,18.93590146357527,108.70267290965319,1246.37255859375,49.0,0.3241816759109497,2.0,2.0,0.6647349777549182,14.934284210205078,46.0,"{""type"":""Point"",""coordinates"":[108.70460286876205,18.93767538620241]}"
3260,0.0,24.0,29.0,13.098722457885742,29.0,19.703961031497464,109.33149360853685,1957.590576171875,51.0,1.1793540716171265,2.0,3.0,0.7516210515022149,13.637526512145996,33.0,"{""type"":""Point"",""coordinates"":[109.33277179398743,19.70349572847009]}"
3261,0.0,31.0,151.0,13.803921699523926,122.0,18.661915301918818,109.73124390997003,2365.984375,43.0,0.7296386957168579,6.0,1.0,0.6276607810953789,14.044347763061523,48.0,"{""type"":""Point"",""coordinates"":[109.73018910594834,18.662384060717773]}"
3262,0.0,26.0,104.0,33.97058868408203,104.0,18.423861751627143,109.14733897529231,1735.9261474609375,47.0,7.857094764709473,4.0,1.0,0.5992190266152551,11.69041633605957,41.0,"{""type"":""Point"",""coordinates"":[109.14826914366846,18.42516617202996]}"
3263,0.0,20.0,199.0,14.881409645080566,197.0,18.513693280039092,109.11140636392759,1856.960693359375,60.0,1.8703908920288086,3.0,1.0,0.6013316058436844,13.072253227233887,45.0,"{""type"":""Point"",""coordinates"":[109.11275155931438,18.512766715812585]}"
3264,0.0,31.0,317.0,26.329710006713867,139.0,19.169463437446346,109.52013981820193,2236.683349609375,38.0,2.8661551475524902,4.0,2.0,0.6532253159148148,12.565926551818848,36.0,"{""type"":""Point"",""coordinates"":[109.52077886487106,19.16739317191265]}"
3265,0.0,26.0,62.0,15.120804786682129,60.0,18.549625891403878,109.89294066111154,2183.474609375,45.0,1.060341715812683,4.0,1.0,0.6681867959622116,13.724590301513672,47.0,"{""type"":""Point"",""coordinates"":[109.89207182137787,18.54998392090472]}"
3266,0.0,28.0,21.0,15.783236503601074,21.0,19.60963792666491,110.6879496875573,2340.31494140625,49.0,1.2113572359085083,6.0,3.0,0.7869161180871904,13.185348510742188,33.0,"{""type"":""Point"",""coordinates"":[110.68710088675284,19.610110096506734]}"
3267,0.0,26.0,138.0,72.0683364868164,49.0,18.926918310734074,110.08607844719722,2569.983642578125,45.0,8.631254196166992,3.0,2.0,0.6852646639676618,11.574288368225098,43.0,"{""type"":""Point"",""coordinates"":[110.08536627728105,18.92549333011034]}"
3268,0.0,29.0,35.0,10.059812545776367,28.0,18.90446042863109,110.28819938612412,2474.291015625,46.0,0.1824478805065155,5.0,2.0,0.7318381379195351,15.500432968139648,46.0,"{""type"":""Point"",""coordinates"":[110.29022875890756,18.90252504439829]}"
3269,0.0,32.0,85.0,17.334257125854492,74.0,19.591671620982524,110.58015185346295,2502.11181640625,41.0,1.1709191799163818,7.0,3.0,0.7301155348077678,13.16079330444336,34.0,"{""type"":""Point"",""coordinates"":[110.57886204581521,19.59319555558079]}"
3270,0.0,25.0,126.0,12.681501388549805,97.0,19.0706487561932,109.0260664119362,1784.18994140625,54.0,1.627806544303894,3.0,2.0,0.6279891550481307,13.257187843322754,40.0,"{""type"":""Point"",""coordinates"":[109.02704548670195,19.071171586774877]}"
3271,0.0,25.0,154.0,9.50023078918457,136.0,18.54513431498328,109.0709821761422,1719.0947265625,55.0,1.1167073249816895,2.0,1.0,0.5934707134240441,13.616808891296387,46.0,"{""type"":""Point"",""coordinates"":[109.06939060742867,18.546170106728468]}"
3272,0.0,26.0,2.0,2.7767624855041504,5.0,18.5092017036185,108.7071644860738,1227.0582275390625,49.0,0.12097746878862381,2.0,1.0,0.7131001718379234,15.840720176696777,39.0,"{""type"":""Point"",""coordinates"":[108.70760334305476,18.51021274433463]}"
3273,0.0,27.0,5.0,6.236967086791992,6.0,20.031846110201087,110.60710131198658,1872.115966796875,40.0,0.25131329894065857,2.0,4.0,0.723864834301341,13.849957466125488,45.0,"{""type"":""Point"",""coordinates"":[110.6057213204612,20.031642063176907]}"
3274,0.0,35.0,136.0,23.51757049560547,126.0,19.470399057626388,110.53972766567762,2521.701171875,38.0,1.9730377197265625,5.0,3.0,0.6677849646090256,12.76590633392334,40.0,"{""type"":""Point"",""coordinates"":[110.53949210300122,19.468553445654702]}"
3275,0.0,43.0,36.0,17.638267517089844,22.0,19.730910490021046,109.97378903668232,2442.388427734375,34.0,1.2198697328567505,5.0,3.0,0.790005922300301,13.599668502807617,33.0,"{""type"":""Point"",""coordinates"":[109.97224094568601,19.731536822393814]}"
3276,0.0,30.0,288.0,31.305265426635742,119.0,19.15598870818455,109.63692080513749,2350.646484375,38.0,3.1960182189941406,4.0,2.0,0.6467967098072531,12.47679615020752,39.0,"{""type"":""Point"",""coordinates"":[109.63755848747275,19.153980385872163]}"
3277,0.0,32.0,416.0,46.4832763671875,351.0,18.549625891403878,109.52463139462253,2124.04052734375,42.0,9.494808197021484,6.0,1.0,0.56746348294508,11.288289070129395,48.0,"{""type"":""Point"",""coordinates"":[109.52657713987615,18.55071346268949]}"
3278,0.0,25.0,38.0,11.237619400024414,38.0,19.86116620621838,109.83455016764378,2069.073486328125,51.0,0.7295568585395813,3.0,4.0,0.7457676422137965,14.112661361694336,34.0,"{""type"":""Point"",""coordinates"":[109.83509313438951,19.860559652401946]}"
3279,0.0,22.0,123.0,13.706697463989258,97.0,19.587180044561926,109.56954715882853,2178.419677734375,55.0,0.9176799058914185,4.0,3.0,0.6769980520091585,13.832354545593262,35.0,"{""type"":""Point"",""coordinates"":[109.57092033671071,19.585221246506805]}"
3280,0.0,23.0,12.0,9.893970489501953,15.0,18.97183407494005,110.50828663073344,2175.47705078125,49.0,0.36841607093811035,3.0,2.0,0.7540198789590252,14.79183292388916,40.0,"{""type"":""Point"",""coordinates"":[110.50851384730242,18.971239617421364]}"
3281,0.0,25.0,47.0,5.415768146514893,43.0,19.227853930914115,108.81496232016809,1558.3333740234375,50.0,0.38942861557006836,2.0,2.0,0.6650777430222267,14.735191345214844,44.0,"{""type"":""Point"",""coordinates"":[108.81308833572956,19.227713530430552]}"
3282,0.0,25.0,47.0,19.594499588012695,24.0,19.650062114450293,109.96480588384111,2444.14501953125,46.0,1.1697921752929688,5.0,3.0,0.7957909361122129,13.635167121887207,31.0,"{""type"":""Point"",""coordinates"":[109.9664960574213,19.651717705958177]}"
3283,0.0,23.0,100.0,15.809614181518555,47.0,19.66353684371208,109.71776918070822,2134.685302734375,54.0,1.299168348312378,3.0,3.0,0.7424570311857985,13.498658180236816,32.0,"{""type"":""Point"",""coordinates"":[109.7177066630416,19.66324059109413]}"
3284,0.0,30.0,7.0,6.230935573577881,9.0,19.641078961609097,110.81820540375463,1977.5186767578125,44.0,0.13463661074638367,8.0,3.0,0.7583149259343247,14.935236930847168,39.0,"{""type"":""Point"",""coordinates"":[110.81685056068457,19.642071927679176]}"
3285,0.0,27.0,100.0,12.635849952697754,59.0,19.41200856415862,110.23430046907697,2662.736083984375,43.0,0.2499380260705948,4.0,3.0,0.7352168776417641,15.147089958190918,38.0,"{""type"":""Point"",""coordinates"":[110.2332977391719,19.41124189087568]}"
3286,0.0,23.0,80.0,16.564538955688477,76.0,19.434466446261602,109.10691478750698,1986.7655029296875,52.0,1.704789638519287,2.0,3.0,0.6959840511995563,13.238850593566895,33.0,"{""type"":""Point"",""coordinates"":[109.10597319978456,19.43429804746953]}"
3287,0.0,25.0,302.0,18.14869499206543,200.0,19.173955013866944,109.88844908469093,2440.383056640625,51.0,1.1593774557113647,4.0,2.0,0.6594242330297513,13.482110977172852,39.0,"{""type"":""Point"",""coordinates"":[109.88751280027532,19.17297826227284]}"
3288,0.0,23.0,152.0,13.613764762878418,80.0,19.33116018858786,109.30005257359267,2127.602294921875,54.0,1.0048729181289673,3.0,3.0,0.6811356702155256,13.723607063293457,37.0,"{""type"":""Point"",""coordinates"":[109.29866249166494,19.33018438808888]}"
3289,0.0,24.0,157.0,58.0628662109375,157.0,18.369962834579972,109.55607242956671,2153.88525390625,50.0,10.292759895324707,3.0,1.0,0.6051943558779658,11.383161544799805,42.0,"{""type"":""Point"",""coordinates"":[109.55570726084001,18.370190302449302]}"
3290,0.0,30.0,146.0,15.238554954528809,134.0,19.52429797467356,110.55320239493938,2457.689208984375,43.0,0.8691670894622803,5.0,3.0,0.6811150470613179,13.577692985534668,37.0,"{""type"":""Point"",""coordinates"":[110.551577407285,19.52405418788992]}"
3291,0.0,23.0,20.0,13.906916618347168,13.0,19.147005555343355,110.3196404210683,2778.480712890625,48.0,0.25058260560035706,3.0,2.0,0.7813525799623533,15.191804885864258,40.0,"{""type"":""Point"",""coordinates"":[110.3208836722108,19.148190767140694]}"
3292,0.0,30.0,23.0,27.788496017456055,21.0,19.29971915364368,110.46337086652744,2727.510986328125,37.0,1.559291958808899,5.0,3.0,0.7763326996948199,13.342361450195312,38.0,"{""type"":""Point"",""coordinates"":[110.46114168703687,19.299785065421318]}"
3293,0.0,30.0,64.0,15.21725082397461,30.0,18.666406878339416,109.68632814576404,2306.754150390625,42.0,0.9338601231575012,5.0,1.0,0.7055936774453577,13.850451469421387,48.0,"{""type"":""Point"",""coordinates"":[109.68610305176904,18.66450534435456]}"
3294,0.0,28.0,401.0,78.604736328125,348.0,19.0751403326138,110.0007384952059,2740.194580078125,46.0,10.274290084838867,4.0,2.0,0.605003170089771,11.218968391418457,44.0,"{""type"":""Point"",""coordinates"":[110.00029487886549,19.074667734890305]}"
3295,0.0,24.0,136.0,17.98386001586914,61.0,19.34912649427025,110.02768795372947,2714.690185546875,51.0,0.7092159986495972,4.0,3.0,0.7284499669012893,14.08206558227539,38.0,"{""type"":""Point"",""coordinates"":[110.02675654009423,19.34998999747241]}"
3296,0.0,24.0,109.0,9.525242805480957,73.0,19.474890634046986,109.385392525584,2140.790283203125,54.0,0.4180760979652405,3.0,3.0,0.7125170582204485,14.627164840698242,33.0,"{""type"":""Point"",""coordinates"":[109.3862686972598,19.474718482906432]}"
3297,0.0,35.0,167.0,38.40550231933594,119.0,19.46141590478519,109.9513311545793,2665.863037109375,37.0,3.1623198986053467,4.0,3.0,0.6770523086149236,12.566829681396484,37.0,"{""type"":""Point"",""coordinates"":[109.95350379794631,19.46241310908101]}"
3298,0.0,24.0,116.0,14.160847663879395,83.0,19.618621079506106,109.5964966173521,2113.935302734375,52.0,1.096488118171692,4.0,3.0,0.6884627658825196,13.658587455749512,35.0,"{""type"":""Point"",""coordinates"":[109.5943715568421,19.61913242119622]}"
3299,0.0,24.0,124.0,17.05581283569336,66.0,19.569213738879533,109.62344607587568,2223.071533203125,54.0,1.3500375747680664,3.0,3.0,0.7115845100449765,13.445602416992188,35.0,"{""type"":""Point"",""coordinates"":[109.62179824492429,19.57129984366523]}"
3300,0.0,31.0,425.0,42.32687759399414,294.0,19.227853930914115,109.6414123815581,2334.9833984375,41.0,5.9941511154174805,4.0,2.0,0.6324592926898516,11.74704647064209,38.0,"{""type"":""Point"",""coordinates"":[109.63950308109884,19.22645589413379]}"
3301,0.0,26.0,59.0,7.434643268585205,59.0,19.38056752921443,108.98564222415081,1740.4466552734375,51.0,0.5851167440414429,2.0,3.0,0.6790911925156161,14.320978164672852,39.0,"{""type"":""Point"",""coordinates"":[108.98533152234357,19.37842354447492]}"
3302,0.0,31.0,347.0,29.604717254638672,294.0,18.96285092209886,108.91377700142124,1559.4822998046875,43.0,10.506328582763672,7.0,2.0,0.5655340836888018,11.235329627990723,42.0,"{""type"":""Point"",""coordinates"":[108.91298407082637,18.962084785966418]}"
3303,0.0,30.0,321.0,30.663833618164062,192.0,18.810137323798536,109.20123789233952,2027.6065673828125,40.0,4.868442058563232,5.0,1.0,0.5949061142027763,12.031756401062012,45.0,"{""type"":""Point"",""coordinates"":[109.20218719946553,18.808632193310217]}"
3304,0.0,30.0,38.0,11.49874210357666,36.0,19.77582625422702,110.42743825516266,2397.667724609375,41.0,0.42176657915115356,7.0,4.0,0.7719383746003408,14.387289047241211,34.0,"{""type"":""Point"",""coordinates"":[110.425400513284,19.7776388495403]}"
3305,0.0,26.0,84.0,14.015416145324707,75.0,19.429974869841004,109.15632212813352,2055.0087890625,48.0,1.1682333946228027,3.0,3.0,0.703692834081075,13.614561080932617,33.0,"{""type"":""Point"",""coordinates"":[109.15532162733984,19.431239863342917]}"
3306,0.0,23.0,8.0,5.601489067077637,8.0,18.360979681738776,109.17428843381595,1711.6767578125,51.0,0.21028883755207062,2.0,1.0,0.7295740659613963,15.374017715454102,41.0,"{""type"":""Point"",""coordinates"":[109.1745631516146,18.36264828833716]}"
3307,0.0,33.0,596.0,25.163436889648438,394.0,19.12454767324037,109.31352730285442,1994.32275390625,39.0,4.563845634460449,6.0,2.0,0.6008136134353759,11.883249282836914,40.0,"{""type"":""Point"",""coordinates"":[109.3137655598853,19.125994526370313]}"
3308,0.0,30.0,500.0,32.783016204833984,465.0,18.82810362948093,108.90030227215948,1593.920166015625,46.0,13.368572235107422,9.0,2.0,0.5519233611335471,10.872021675109863,42.0,"{""type"":""Point"",""coordinates"":[108.89812517946396,18.828096494641358]}"
3309,0.0,28.0,551.0,44.67155838012695,497.0,18.666406878339416,109.55607242956671,2237.180908203125,48.0,8.329109191894531,4.0,1.0,0.5768024016313651,11.314886093139648,46.0,"{""type"":""Point"",""coordinates"":[109.55468160851215,18.66574800278763]}"
3310,0.0,29.0,343.0,61.26003646850586,165.0,19.151497131763954,109.52013981820193,2236.683349609375,41.0,11.490696907043457,4.0,2.0,0.6136740299907703,11.14637565612793,38.0,"{""type"":""Point"",""coordinates"":[109.52130129855033,19.152900158608094]}"
3311,0.0,27.0,108.0,18.051591873168945,104.0,19.52429797467356,109.34496833779866,2070.74072265625,48.0,1.8246302604675293,3.0,3.0,0.6551092523965112,13.153984069824219,37.0,"{""type"":""Point"",""coordinates"":[109.34308287966365,19.523966134435522]}"
3312,0.0,25.0,15.0,3.682699680328369,18.0,18.581066926348058,108.76555497954155,1341.7978515625,51.0,0.2501368224620819,3.0,1.0,0.6829342390441867,15.196467399597168,44.0,"{""type"":""Point"",""coordinates"":[108.76600683184968,18.582222562068743]}"
3314,0.0,24.0,94.0,9.592849731445312,50.0,19.623112655926704,109.63242922871689,2119.721435546875,52.0,0.430110365152359,3.0,3.0,0.7332088190656939,14.607873916625977,34.0,"{""type"":""Point"",""coordinates"":[109.63162260263566,19.624848791039653]}"
3315,0.0,32.0,51.0,13.357793807983398,46.0,19.340143341429055,110.43642140800387,2763.412353515625,37.0,0.2596603035926819,4.0,3.0,0.7436126871120557,15.118566513061523,40.0,"{""type"":""Point"",""coordinates"":[110.43618890240488,19.339759606627876]}"
3316,0.0,22.0,107.0,8.492326736450195,57.0,19.672519996553277,109.73573548639064,2134.685302734375,54.0,0.2503204643726349,3.0,3.0,0.7306851884122361,15.141314506530762,33.0,"{""type"":""Point"",""coordinates"":[109.73463140880324,19.672543612608305]}"
3317,0.0,26.0,117.0,9.47801399230957,110.0,19.55124743319714,109.41234198410757,2129.82177734375,51.0,0.42992186546325684,3.0,3.0,0.6679940755342166,14.594343185424805,36.0,"{""type"":""Point"",""coordinates"":[109.41207234252016,19.549802571516242]}"
3318,0.0,29.0,5.0,6.83369255065918,6.0,19.99591349883631,110.45438771368623,2091.236083984375,40.0,0.08376140892505646,2.0,4.0,0.7598940903517679,15.34974193572998,40.0,"{""type"":""Point"",""coordinates"":[110.4554119814481,19.99531716336435]}"
3319,0.0,22.0,135.0,14.62911319732666,105.0,19.600654773823713,109.86149962616736,2372.33154296875,55.0,0.7657894492149353,4.0,3.0,0.685063899516431,14.005928039550781,35.0,"{""type"":""Point"",""coordinates"":[109.86019525325025,19.599932659639844]}"
3320,0.0,26.0,18.0,12.37089729309082,18.0,19.0751403326138,110.39150564379787,2651.1025390625,47.0,0.24276845157146454,4.0,2.0,0.7770218539090707,15.224639892578125,40.0,"{""type"":""Point"",""coordinates"":[110.3927830409485,19.07523883324787]}"
3321,0.0,33.0,88.0,8.402290344238281,86.0,19.452432751943995,109.0754737525628,1917.8831787109375,42.0,0.5504704117774963,3.0,3.0,0.6766429718103085,14.36474323272705,35.0,"{""type"":""Point"",""coordinates"":[109.07341159878155,19.45203662075284]}"
3322,0.0,26.0,48.0,21.31131935119629,38.0,19.034716144828415,110.31065726822715,2546.581787109375,46.0,1.2180511951446533,4.0,2.0,0.7319221556111797,13.59414291381836,43.0,"{""type"":""Point"",""coordinates"":[110.31114152437567,19.036221137511316]}"
3323,0.0,26.0,17.0,17.293367385864258,17.0,19.232345507334713,110.50828663073344,2638.7158203125,49.0,0.7312175035476685,5.0,2.0,0.7810799490496293,14.103361129760742,39.0,"{""type"":""Point"",""coordinates"":[110.51023658452473,19.232520119235055]}"
3324,0.0,26.0,63.0,10.632867813110352,49.0,19.645570538029695,110.48582874863041,2455.637451171875,45.0,0.23738433420658112,4.0,3.0,0.7623989914444976,14.94271469116211,33.0,"{""type"":""Point"",""coordinates"":[110.48476579440312,19.64629099139869]}"
3325,0.0,21.0,98.0,9.643097877502441,80.0,19.281752847961286,109.03504956477741,1892.41015625,59.0,0.7609136700630188,4.0,3.0,0.654398666876729,14.034940719604492,41.0,"{""type"":""Point"",""coordinates"":[109.03352374893223,19.28001221832327]}"
3326,0.0,28.0,537.0,32.73780059814453,530.0,18.643948996236425,108.85538650795348,1506.93798828125,49.0,16.201854705810547,5.0,1.0,0.5120992368897972,10.641022682189941,47.0,"{""type"":""Point"",""coordinates"":[108.85398811806834,18.642990946278168]}"
3327,0.0,23.0,28.0,8.530256271362305,28.0,18.338521799635792,109.35844306706042,1881.7244873046875,52.0,0.5350990891456604,4.0,0.0,0.7344204655826327,14.428488731384277,37.0,"{""type"":""Point"",""coordinates"":[109.35706918291656,18.33750004900877]}"
3328,0.0,29.0,707.0,50.977142333984375,601.0,18.675390031180612,109.38090094916339,2109.100830078125,49.0,15.111846923828125,6.0,1.0,0.5470437827161008,10.563532829284668,45.0,"{""type"":""Point"",""coordinates"":[109.38307612479183,18.675935630004098]}"
3329,0.0,28.0,751.0,55.76340103149414,697.0,19.084123485454995,109.11589794034813,1989.575927734375,48.0,21.38942527770996,7.0,2.0,0.5433488052277539,10.148642539978027,40.0,"{""type"":""Point"",""coordinates"":[109.11780250116608,19.08421507073481]}"
3330,0.0,26.0,91.0,37.54929733276367,91.0,18.495726974356707,109.77166809775542,2113.77783203125,53.0,5.629261016845703,4.0,1.0,0.6291623434807608,12.034784317016602,43.0,"{""type"":""Point"",""coordinates"":[109.77126964252489,18.493724141744124]}"
3331,0.0,26.0,148.0,9.524402618408203,78.0,18.899968852210492,108.98564222415081,1648.6571044921875,46.0,1.172387719154358,4.0,2.0,0.6374983771218017,13.57188606262207,41.0,"{""type"":""Point"",""coordinates"":[108.98594317647849,18.89785054765036]}"
3332,0.0,27.0,338.0,101.72592163085938,282.0,19.434466446261602,110.06362056509425,2856.640625,49.0,13.498806953430176,4.0,3.0,0.6269033595021019,10.983642578125,37.0,"{""type"":""Point"",""coordinates"":[110.06538114201285,19.435413304033794]}"
3333,0.0,27.0,23.0,18.61712074279785,23.0,18.554117467824476,109.9513311545793,2157.013671875,45.0,1.6102054119110107,4.0,1.0,0.7168261695378874,13.329485893249512,45.0,"{""type"":""Point"",""coordinates"":[109.95200110918469,18.552516702801572]}"
3334,0.0,29.0,289.0,41.742591857910156,161.0,18.886494122948697,109.85700804974675,2311.743896484375,47.0,5.690423011779785,4.0,2.0,0.6047440475510485,11.896976470947266,46.0,"{""type"":""Point"",""coordinates"":[109.85649091499234,18.888247554616235]}"
3335,0.0,24.0,122.0,16.31304359436035,67.0,19.38056752921443,109.91989011963511,2643.167236328125,49.0,0.6080313920974731,4.0,3.0,0.7232686286400596,14.244638442993164,38.0,"{""type"":""Point"",""coordinates"":[109.92050114240722,19.3821392134945]}"
3336,0.0,29.0,484.0,58.62168884277344,383.0,19.250311813017106,109.26861153864849,2230.155029296875,48.0,12.932044982910156,4.0,2.0,0.6015947695809909,10.919114112854004,38.0,"{""type"":""Point"",""coordinates"":[109.26864915437078,19.2490847498165]}"
3337,0.0,27.0,366.0,37.102264404296875,250.0,19.205396048811124,109.26861153864849,2021.8634033203125,51.0,7.3005499839782715,5.0,2.0,0.615448965004609,11.591607093811035,38.0,"{""type"":""Point"",""coordinates"":[109.26850491891672,19.207215881933276]}"
3338,0.0,25.0,142.0,12.383604049682617,96.0,19.528789551094157,109.58751346451089,2219.676513671875,52.0,0.7144662141799927,2.0,3.0,0.67879734429683,14.070969581604004,35.0,"{""type"":""Point"",""coordinates"":[109.58813239446998,19.52767650201683]}"
3339,0.0,27.0,1175.0,30.529823303222656,1042.0,19.093106638296184,109.21022104518073,1878.1461181640625,47.0,16.274930953979492,8.0,2.0,0.5292741692540618,9.89161491394043,40.0,"{""type"":""Point"",""coordinates"":[109.2096291227634,19.091416241125195]}"
3340,0.0,29.0,749.0,38.675865173339844,526.0,18.805645747377937,109.55607242956671,2102.625244140625,48.0,9.65022087097168,5.0,1.0,0.5506409508859043,10.985062599182129,47.0,"{""type"":""Point"",""coordinates"":[109.55769664797855,18.807624523386085]}"
3341,0.0,23.0,18.0,10.264204978942871,9.0,19.677011572973875,110.28370780970351,2510.81494140625,48.0,0.12989021837711334,2.0,3.0,0.8296708767512031,15.580288887023926,29.0,"{""type"":""Point"",""coordinates"":[110.28394508886818,19.675277561846585]}"
3342,0.0,29.0,249.0,28.081871032714844,245.0,18.832595205901526,108.8194538965887,1443.5169677734375,43.0,10.86950397491455,5.0,2.0,0.5534964229958343,11.26797103881836,44.0,"{""type"":""Point"",""coordinates"":[108.81824579451177,18.83326354402157]}"
3344,0.0,32.0,382.0,24.187488555908203,371.0,18.608016384871647,108.97665907130965,1652.97265625,37.0,6.231771469116211,5.0,1.0,0.5483103018838744,11.739763259887695,49.0,"{""type"":""Point"",""coordinates"":[108.97596271504744,18.606578476535383]}"
3345,0.0,26.0,26.0,4.525667190551758,26.0,18.841578358742723,108.72962236817676,1267.31591796875,46.0,0.6314336061477661,3.0,2.0,0.6720843324146584,14.2640962600708,43.0,"{""type"":""Point"",""coordinates"":[108.72982367600942,18.843274283668677]}"
3346,0.0,24.0,111.0,13.005293846130371,84.0,19.57370531530013,110.01870480088826,2582.3330078125,49.0,0.34965917468070984,4.0,3.0,0.7231189922831374,14.804656982421875,34.0,"{""type"":""Point"",""coordinates"":[110.01901813536077,19.57458452827769]}"
3347,0.0,29.0,514.0,66.38850402832031,476.0,19.039207721249014,110.06362056509425,2701.92578125,45.0,8.868278503417969,4.0,2.0,0.5953253238372215,11.281553268432617,46.0,"{""type"":""Point"",""coordinates"":[110.06194057098496,19.040726067485643]}"
3348,0.0,27.0,80.0,31.0679874420166,83.0,18.338521799635792,109.56056400598732,2040.064697265625,46.0,4.345151901245117,4.0,0.0,0.6476798675761744,12.301607131958008,41.0,"{""type"":""Point"",""coordinates"":[109.56251411152321,18.34038889263073]}"
3349,0.0,25.0,32.0,8.956560134887695,35.0,18.85056151158392,110.36006460885369,2292.78466796875,49.0,0.1720791757106781,2.0,2.0,0.7066455553936595,15.560688972473145,47.0,"{""type"":""Point"",""coordinates"":[110.36000195344918,18.850889446178847]}"
3350,0.0,24.0,255.0,50.54017639160156,254.0,18.63496584339523,110.05014583583244,2390.0078125,49.0,6.409499645233154,3.0,1.0,0.6116471045135716,11.800065994262695,45.0,"{""type"":""Point"",""coordinates"":[110.04842056457747,18.636202091868107]}"
3351,0.0,28.0,159.0,30.014127731323242,85.0,19.389550682055628,109.82556701480257,2479.947265625,44.0,2.473719835281372,3.0,3.0,0.6896263948790625,12.817841529846191,37.0,"{""type"":""Point"",""coordinates"":[109.82615541715008,19.38793589929014]}"
3352,0.0,25.0,198.0,19.189565658569336,69.0,18.79666259453675,109.21022104518073,1846.111083984375,51.0,2.8685379028320312,3.0,1.0,0.636190562892184,12.644761085510254,44.0,"{""type"":""Point"",""coordinates"":[109.20837332495975,18.794828572182638]}"
3353,0.0,22.0,15.0,6.815951824188232,15.0,19.71294418433866,109.42132513694878,1985.766357421875,52.0,0.13468605279922485,2.0,3.0,0.782644538218976,15.815533638000488,31.0,"{""type"":""Point"",""coordinates"":[109.42312209182069,19.71380425037839]}"
3354,0.0,20.0,4.0,9.91124153137207,7.0,18.91344358147228,110.4813371722098,2139.58740234375,49.0,0.36829036474227905,2.0,2.0,0.7471095920062849,14.796850204467773,43.0,"{""type"":""Point"",""coordinates"":[110.47971770690565,18.91457754708508]}"
3355,0.0,27.0,122.0,25.65359878540039,66.0,19.41200856415862,110.09955317645904,2856.640625,43.0,1.1917413473129272,4.0,3.0,0.7208628019672492,13.571587562561035,38.0,"{""type"":""Point"",""coordinates"":[110.09987504294517,19.413763394291426]}"
3356,0.0,23.0,14.0,4.5315093994140625,12.0,18.729288948227783,108.70267290965319,1329.6473388671875,49.0,0.4845257103443146,2.0,1.0,0.6918489434261779,14.535862922668457,43.0,"{""type"":""Point"",""coordinates"":[108.70274644141635,18.728600823428206]}"
3357,0.0,31.0,684.0,54.648765563964844,514.0,18.98980038062244,109.3898841020046,2066.236328125,37.0,16.20178985595703,8.0,2.0,0.5571252585955714,10.512070655822754,42.0,"{""type"":""Point"",""coordinates"":[109.39006689851438,18.991366310828848]}"
3358,0.0,27.0,296.0,43.7882194519043,270.0,18.76522155959256,110.07260371793546,2357.0302734375,49.0,5.736109256744385,4.0,1.0,0.6020955732270855,11.884130477905273,47.0,"{""type"":""Point"",""coordinates"":[110.07110854764743,18.764062311202643]}"
3359,0.0,25.0,59.0,15.61126708984375,41.0,19.659045267291482,110.05463741225304,2529.0078125,49.0,0.6695185303688049,4.0,3.0,0.7783349705336415,14.186220169067383,32.0,"{""type"":""Point"",""coordinates"":[110.05315698635107,19.65738691058801]}"
3360,0.0,29.0,157.0,34.863162994384766,134.0,18.527168009300887,109.5964966173521,2278.010009765625,44.0,4.0357818603515625,5.0,1.0,0.6171649014518391,12.328585624694824,46.0,"{""type"":""Point"",""coordinates"":[109.59849027818156,18.529230888726676]}"
3361,0.0,24.0,32.0,11.521677017211914,23.0,19.614129503085508,110.3690477616949,2519.470947265625,51.0,0.2931901216506958,3.0,3.0,0.7827324310778042,14.75551986694336,36.0,"{""type"":""Point"",""coordinates"":[110.37055513419608,19.614068122675473]}"
3362,0.0,25.0,68.0,8.00861644744873,71.0,18.65742372549822,108.79250443806512,1413.21337890625,51.0,1.4183125495910645,2.0,1.0,0.6205956730749218,13.43006706237793,44.0,"{""type"":""Point"",""coordinates"":[108.7918097394212,18.65548264601131]}"
3363,0.0,28.0,246.0,38.61477279663086,228.0,19.205396048811124,110.166926822768,2768.69189453125,44.0,2.8064918518066406,4.0,2.0,0.6552300711663259,12.635289192199707,41.0,"{""type"":""Point"",""coordinates"":[110.16522758042018,19.203776804166683]}"
3364,0.0,26.0,138.0,49.772361755371094,103.0,18.944884616416466,110.14896051708558,2418.375244140625,48.0,5.833299160003662,5.0,2.0,0.619250791536804,11.970236778259277,46.0,"{""type"":""Point"",""coordinates"":[110.14738452115614,18.942753291070343]}"
3365,0.0,24.0,44.0,5.014790058135986,47.0,18.616999537712843,108.77902970880336,1351.7578125,49.0,0.6079595685005188,2.0,1.0,0.6431719897681863,14.291500091552734,45.0,"{""type"":""Point"",""coordinates"":[108.7768437881285,18.615686482892713]}"
3366,0.0,32.0,111.0,58.54692077636719,103.0,19.317685459326064,110.3241319974889,2747.296142578125,39.0,5.320509433746338,5.0,3.0,0.671445104915749,12.079423904418945,37.0,"{""type"":""Point"",""coordinates"":[110.32588133719055,19.318452406839036]}"
3367,0.0,24.0,37.0,11.234423637390137,38.0,18.96285092209886,110.3645561852743,2433.41162109375,51.0,0.3086314797401428,4.0,2.0,0.7345445896361323,14.973578453063965,42.0,"{""type"":""Point"",""coordinates"":[110.36559060712825,18.964518707300684]}"
3368,0.0,28.0,411.0,70.32749938964844,389.0,18.976325651360646,110.23879204549758,2675.0185546875,44.0,9.043302536010742,4.0,2.0,0.6048203021857085,11.341606140136719,45.0,"{""type"":""Point"",""coordinates"":[110.23812364138544,18.9760945876676]}"
3369,0.0,29.0,1.0,7.035699367523193,2.0,19.91057354684495,110.61159288840719,2012.3819580078125,41.0,0.22943836450576782,5.0,4.0,0.7437577708651073,14.347957611083984,44.0,"{""type"":""Point"",""coordinates"":[110.60989215693306,19.91254387701329]}"
3370,0.0,26.0,277.0,47.70168685913086,257.0,19.164971861025748,109.04852429403917,1882.240478515625,54.0,13.0685453414917,4.0,2.0,0.5816526323167772,11.05946159362793,41.0,"{""type"":""Point"",""coordinates"":[109.04963150949895,19.16435223833836]}"
3372,0.0,24.0,207.0,20.513078689575195,99.0,19.27276969512009,109.36293464348103,2198.278564453125,53.0,1.9465405941009521,4.0,2.0,0.6445413476573072,13.027153015136719,40.0,"{""type"":""Point"",""coordinates"":[109.36186596379606,19.27097309386069]}"
3373,0.0,31.0,187.0,44.90155029296875,181.0,18.423861751627143,109.54259770030495,2127.970947265625,41.0,7.462297439575195,5.0,1.0,0.6086934177722196,11.690913200378418,43.0,"{""type"":""Point"",""coordinates"":[109.54258995779304,18.42344179301788]}"
3374,0.0,24.0,72.0,18.36042022705078,48.0,19.6365873851885,109.94234800173814,2445.84326171875,54.0,1.1168873310089111,4.0,3.0,0.7629055739301746,13.666688919067383,32.0,"{""type"":""Point"",""coordinates"":[109.94122311908825,19.635427193263688]}"
3375,0.0,26.0,280.0,49.361480712890625,271.0,19.26827811869949,110.27023308044176,2804.257080078125,51.0,4.212949752807617,4.0,2.0,0.6650481909142765,12.205222129821777,37.0,"{""type"":""Point"",""coordinates"":[110.27202815849847,19.26663462659835]}"
3376,0.0,29.0,129.0,19.171436309814453,119.0,19.506331668991166,110.54871081851877,2515.79931640625,46.0,1.3093702793121338,4.0,3.0,0.6741609444097466,13.181943893432617,39.0,"{""type"":""Point"",""coordinates"":[110.54723221211549,19.508328114828455]}"
3377,0.0,25.0,28.0,13.07306957244873,16.0,19.0706487561932,110.25675835117994,2629.15380859375,47.0,0.31142503023147583,3.0,2.0,0.7597827128526455,14.96980094909668,44.0,"{""type"":""Point"",""coordinates"":[110.25736633928234,19.0712894165914]}"
3378,0.0,29.0,186.0,47.271873474121094,189.0,18.3160639175328,109.65039553439925,2084.841064453125,49.0,9.02892017364502,6.0,0.0,0.6024386110821159,11.498332977294922,43.0,"{""type"":""Point"",""coordinates"":[109.65098492289644,18.317459399217828]}"
3379,0.0,24.0,43.0,12.25979232788086,40.0,18.585558502768656,109.96480588384111,2157.013671875,48.0,0.7040705680847168,5.0,1.0,0.696649118464994,14.145301818847656,46.0,"{""type"":""Point"",""coordinates"":[109.96589577507218,18.587232515316643]}"
3380,0.0,22.0,168.0,30.142051696777344,154.0,19.49285693972937,109.29556099717206,2095.48681640625,56.0,4.031056880950928,4.0,3.0,0.6544279668572349,12.322839736938477,35.0,"{""type"":""Point"",""coordinates"":[109.2952143427986,19.493255417181466]}"
3381,0.0,30.0,595.0,35.78905487060547,541.0,19.025732991987226,109.12937266960995,1971.871337890625,43.0,8.539405822753906,8.0,2.0,0.593237930621207,11.252263069152832,39.0,"{""type"":""Point"",""coordinates"":[109.12731454691607,19.02761850986777]}"
3382,0.0,24.0,156.0,32.90440368652344,81.0,19.32666861216726,110.03667110657068,2714.690185546875,51.0,2.1996819972991943,4.0,3.0,0.6935528925608256,12.937263488769531,39.0,"{""type"":""Point"",""coordinates"":[110.03483149266206,19.3271305677722]}"
3383,0.0,27.0,347.0,26.4428653717041,344.0,18.500218550777305,109.17428843381595,1874.252197265625,52.0,5.225357532501221,4.0,1.0,0.583150840658535,11.942303657531738,45.0,"{""type"":""Point"",""coordinates"":[109.17240350788718,18.50184328794149]}"
3384,0.0,35.0,612.0,44.06161117553711,545.0,18.57208377350686,109.47073247757538,2109.447021484375,37.0,10.439359664916992,8.0,1.0,0.5630401720189746,11.032859802246094,46.0,"{""type"":""Point"",""coordinates"":[109.46864728306704,18.57357043217906]}"
3385,0.0,27.0,166.0,17.1299991607666,63.0,19.27276969512009,109.72675233354943,2481.336181640625,53.0,1.0203652381896973,5.0,2.0,0.717213180801999,13.699516296386719,38.0,"{""type"":""Point"",""coordinates"":[109.7283761047118,19.27200691679667]}"
3386,0.0,28.0,95.0,21.266891479492188,86.0,19.003275109884235,110.34658987959187,2546.581787109375,42.0,1.22917640209198,4.0,2.0,0.6845588794813717,13.55707836151123,41.0,"{""type"":""Point"",""coordinates"":[110.3451986285809,19.002467319365856]}"
3387,0.0,33.0,153.0,53.44172286987305,118.0,19.52429797467356,110.04565425941183,2624.718017578125,39.0,5.432849407196045,4.0,3.0,0.6734133227721649,12.032478332519531,36.0,"{""type"":""Point"",""coordinates"":[110.04729513280012,19.52329497224148]}"
3388,0.0,25.0,213.0,44.9901123046875,59.0,19.12903924966097,109.78514282701718,2475.905517578125,46.0,4.667930603027344,4.0,2.0,0.689149617530835,12.146768569946289,41.0,"{""type"":""Point"",""coordinates"":[109.78327165228147,19.130576242548127]}"
3389,0.0,28.0,273.0,29.11226463317871,120.0,18.819120476639732,109.37191779632224,2032.519287109375,49.0,4.570267677307129,4.0,1.0,0.602957063103676,12.1282377243042,44.0,"{""type"":""Point"",""coordinates"":[109.37159342863495,18.820991670020952]}"
3390,0.0,23.0,14.0,10.30978012084961,14.0,18.549625891403878,109.99175534236468,2065.469482421875,47.0,0.5302162170410156,3.0,1.0,0.7255028148966581,14.445744514465332,45.0,"{""type"":""Point"",""coordinates"":[109.99043143414828,18.54787312304425]}"
3391,0.0,27.0,168.0,13.262983322143555,39.0,18.76971313601316,109.17878001023655,1822.4923095703125,46.0,1.585591435432434,3.0,1.0,0.6832914790210466,13.257308006286621,42.0,"{""type"":""Point"",""coordinates"":[109.17718579307993,18.77174632667848]}"
3392,0.0,29.0,45.0,9.431803703308105,45.0,19.928539852527344,109.74471863923185,1738.626708984375,42.0,1.0371159315109253,5.0,4.0,0.7227276295862309,13.56418514251709,33.0,"{""type"":""Point"",""coordinates"":[109.74529070992762,19.929390454323556]}"
3393,0.0,29.0,55.0,11.715734481811523,55.0,19.874640935480173,110.33311515033012,2300.0224609375,43.0,0.5659683346748352,9.0,4.0,0.7359387132200425,14.075392723083496,36.0,"{""type"":""Point"",""coordinates"":[110.33175862228349,19.875567898863714]}"
3394,0.0,24.0,105.0,10.680344581604004,78.0,19.38505910563503,109.21920419802188,2049.355224609375,47.0,0.6307343244552612,5.0,3.0,0.6978195430136487,14.218353271484375,34.0,"{""type"":""Point"",""coordinates"":[109.21968481697361,19.385380809725675]}"
3395,0.0,22.0,178.0,36.64815139770508,123.0,19.403025411317422,109.98726376594408,2676.317138671875,50.0,2.6232056617736816,4.0,3.0,0.6736505198048781,12.747091293334961,38.0,"{""type"":""Point"",""coordinates"":[109.98794691225692,19.402790793712207]}"
3396,0.0,27.0,287.0,27.434926986694336,186.0,19.18293816670814,109.89294066111154,2440.383056640625,47.0,2.3802342414855957,5.0,2.0,0.6560128314620938,12.772647857666016,39.0,"{""type"":""Point"",""coordinates"":[109.8938522526997,19.18438986929163]}"
3397,0.0,23.0,86.0,16.783693313598633,52.0,19.178446590287543,110.07709529435607,2579.90234375,50.0,0.7063019871711731,4.0,2.0,0.7272363592889679,14.116654396057129,41.0,"{""type"":""Point"",""coordinates"":[110.07533752616042,19.1806567695172]}"
3398,0.0,24.0,74.0,27.98455047607422,47.0,19.57370531530013,109.91989011963511,2557.792236328125,48.0,1.897204041481018,4.0,3.0,0.7578493684022164,13.135422706604004,34.0,"{""type"":""Point"",""coordinates"":[109.91860045449023,19.574917857497148]}"
3399,0.0,28.0,65.0,19.308622360229492,40.0,19.515314821832362,110.40048879663908,2628.434326171875,46.0,0.9667932391166687,6.0,3.0,0.756717113179074,13.776519775390625,38.0,"{""type"":""Point"",""coordinates"":[110.39881415994056,19.513353595613292]}"
3400,0.0,25.0,137.0,12.782062530517578,98.0,19.232345507334713,110.09506160003843,2649.877685546875,51.0,0.30374887585639954,4.0,2.0,0.684989791463701,14.929447174072266,39.0,"{""type"":""Point"",""coordinates"":[110.09489206609236,19.230418256342745]}"
3401,0.0,29.0,101.0,7.518787860870361,101.0,19.54226428035595,109.12937266960995,1916.6019287109375,45.0,0.3650490343570709,2.0,3.0,0.6512303874275214,14.767658233642578,37.0,"{""type"":""Point"",""coordinates"":[109.13089457958448,19.543668605571778]}"
3402,0.0,30.0,47.0,38.56759262084961,44.0,19.308702306484875,110.41845510232145,2763.412353515625,44.0,2.7329647541046143,5.0,3.0,0.7484467945418215,12.76644229888916,37.0,"{""type"":""Point"",""coordinates"":[110.4174158631648,19.309334102723366]}"
3403,0.0,29.0,643.0,69.6497573852539,483.0,19.151497131763954,109.67734499292288,2477.897705078125,42.0,13.673358917236328,5.0,2.0,0.5946434774040313,10.727336883544922,40.0,"{""type"":""Point"",""coordinates"":[109.67762524094314,19.15180298091939]}"
3404,0.0,24.0,102.0,15.930609703063965,102.0,19.38056752921443,108.87784439005651,1637.2177734375,55.0,2.9554848670959473,4.0,3.0,0.6093609988079502,12.674792289733887,41.0,"{""type"":""Point"",""coordinates"":[108.87820615218371,19.379556862255114]}"
3405,0.0,31.0,29.0,16.217824935913086,30.0,19.560230586038337,110.6834581111367,2350.3017578125,46.0,1.3096429109573364,8.0,3.0,0.77373653760161,13.100179672241211,34.0,"{""type"":""Point"",""coordinates"":[110.68214742110965,19.56033369732819]}"
3406,0.0,25.0,26.0,7.576958179473877,23.0,19.793792559909413,110.74184860460451,2126.321533203125,52.0,0.22943836450576782,4.0,4.0,0.7383868418981486,14.310611724853516,41.0,"{""type"":""Point"",""coordinates"":[110.74106962016418,19.794120009875677]}"
3407,0.0,25.0,238.0,36.76371765136719,161.0,19.308702306484875,109.83904174406439,2487.126953125,52.0,3.586941957473755,4.0,3.0,0.6650185143989177,12.394715309143066,37.0,"{""type"":""Point"",""coordinates"":[109.83949822148509,19.308270611973207]}"
3408,0.0,27.0,85.0,22.942909240722656,88.0,18.325047070373998,109.5964966173521,2040.064697265625,45.0,2.6959800720214844,4.0,0.0,0.6388043837227606,12.777092933654785,43.0,"{""type"":""Point"",""coordinates"":[109.59547924074693,18.32301999565037]}"
3409,0.0,23.0,34.0,9.307613372802734,34.0,19.874640935480173,110.74184860460451,2062.637939453125,50.0,0.6426156759262085,3.0,4.0,0.6929275177151005,13.268411636352539,47.0,"{""type"":""Point"",""coordinates"":[110.7402804393714,19.87637145224803]}"
3410,0.0,27.0,139.0,25.431560516357422,117.0,19.200904472390526,109.08445690540395,1916.3985595703125,46.0,3.8796894550323486,4.0,2.0,0.6288060123233828,12.379378318786621,39.0,"{""type"":""Point"",""coordinates"":[109.08628624861956,19.2015994350075]}"
3411,0.0,29.0,438.0,39.00351333618164,438.0,18.45979436299192,109.12937266960995,1765.4906005859375,48.0,12.581768035888672,5.0,1.0,0.5506053881816546,10.983137130737305,45.0,"{""type"":""Point"",""coordinates"":[109.12827522517736,18.458964638449867]}"
3412,0.0,26.0,50.0,7.460764408111572,50.0,19.694977878656267,109.34945991421921,1983.560546875,48.0,0.2597855031490326,3.0,3.0,0.7284142234801831,15.138263702392578,34.0,"{""type"":""Point"",""coordinates"":[109.35004827087216,19.69621055266454]}"
3413,0.0,24.0,91.0,51.69235610961914,91.0,18.5092017036185,109.7492102156524,2240.569580078125,56.0,7.884061813354492,3.0,1.0,0.6142046098055408,11.694804191589355,46.0,"{""type"":""Point"",""coordinates"":[109.75135084506688,18.507870078716074]}"
3414,0.0,27.0,83.0,34.37486267089844,68.0,19.04819087409021,110.25675835117994,2619.451171875,42.0,2.476846694946289,3.0,2.0,0.6885294214793036,12.86318302154541,44.0,"{""type"":""Point"",""coordinates"":[110.25792850904793,19.04988497115106]}"
3415,0.0,28.0,13.0,7.50869607925415,13.0,19.986930345995113,110.35108145601248,2217.16650390625,44.0,0.0837588757276535,3.0,4.0,0.7599867134265542,15.398702621459961,40.0,"{""type"":""Point"",""coordinates"":[110.34983341014417,19.986555020225477]}"
3416,0.0,23.0,147.0,13.10183048248291,101.0,19.49734851614997,109.5470892767255,2251.46826171875,54.0,0.7481147646903992,4.0,3.0,0.6772455011042798,14.021833419799805,35.0,"{""type"":""Point"",""coordinates"":[109.54823331729769,19.497120616111854]}"
3417,0.0,30.0,587.0,30.639892578125,499.0,18.68437318402181,109.49768193609896,2018.751708984375,47.0,6.324267864227295,5.0,1.0,0.569906013818357,11.562821388244629,46.0,"{""type"":""Point"",""coordinates"":[109.49680842946064,18.682887399242972]}"
3418,0.0,29.0,698.0,30.027681350708008,670.0,18.805645747377937,108.88682754289766,1565.10791015625,46.0,14.370427131652832,8.0,1.0,0.5308760004086424,10.62470531463623,43.0,"{""type"":""Point"",""coordinates"":[108.88879018018709,18.80749442749608]}"
3419,0.0,26.0,28.0,13.452160835266113,25.0,18.57657534992746,109.9513311545793,2157.013671875,47.0,0.8889679908752441,3.0,1.0,0.7164831663669036,13.920827865600586,45.0,"{""type"":""Point"",""coordinates"":[109.94983099595315,18.57779571490033]}"
3420,0.0,25.0,142.0,23.502302169799805,65.0,19.358109647111448,109.82107543838197,2479.947265625,51.0,1.6684551239013672,4.0,3.0,0.7126296762313953,13.222620964050293,38.0,"{""type"":""Point"",""coordinates"":[109.81942007509907,19.358509817903816]}"
3421,0.0,26.0,4.0,5.05838680267334,6.0,19.614129503085508,110.9394779671108,1774.407958984375,44.0,0.057359881699085236,5.0,3.0,0.7297471253521127,15.729843139648438,43.0,"{""type"":""Point"",""coordinates"":[110.93987267598452,19.612611796494157]}"
3423,0.0,23.0,32.0,9.730199813842773,32.0,19.60963792666491,109.12038951676874,1832.76025390625,50.0,0.7970728278160095,2.0,3.0,0.7287560845748684,14.027636528015137,36.0,"{""type"":""Point"",""coordinates"":[109.12191443714505,19.61031219180461]}"
3424,0.0,25.0,9.0,15.212976455688477,9.0,18.639457419815827,110.21184258697394,2270.269287109375,46.0,0.9146278500556946,3.0,1.0,0.7419702153589575,13.903327941894531,45.0,"{""type"":""Point"",""coordinates"":[110.21104547870092,18.64154993698147]}"
3425,0.0,27.0,403.0,62.9513053894043,381.0,18.814628900219134,110.12650263498261,2400.6650390625,48.0,10.516946792602539,4.0,1.0,0.5776766987977361,11.193622589111328,48.0,"{""type"":""Point"",""coordinates"":[110.12761563811814,18.812713306155086]}"
3426,0.0,23.0,37.0,4.24051570892334,40.0,18.639457419815827,108.78352128522391,1351.7578125,51.0,0.3753422498703003,3.0,1.0,0.6573134762972299,14.777883529663086,44.0,"{""type"":""Point"",""coordinates"":[108.7831848385116,18.639596299876658]}"
3427,0.0,28.0,33.0,16.47995948791504,14.0,19.699469455076866,110.01870480088826,2470.471435546875,40.0,0.7972396016120911,4.0,3.0,0.8013737011266282,14.026845932006836,33.0,"{""type"":""Point"",""coordinates"":[110.01955905800358,19.698152252148702]}"
3428,0.0,25.0,73.0,24.63425064086914,35.0,19.537772703935353,110.0007384952059,2624.718017578125,49.0,1.4579927921295166,2.0,3.0,0.7653084561821003,13.399489402770996,36.0,"{""type"":""Point"",""coordinates"":[110.00254808958148,19.538477320040982]}"
3429,0.0,26.0,2.0,5.595640182495117,3.0,20.000405075256907,110.63405077051016,1872.115966796875,41.0,0.057359881699085236,3.0,4.0,0.7287455080050654,15.333905220031738,45.0,"{""type"":""Point"",""coordinates"":[110.63566753422805,19.99950595774301]}"
3430,0.0,22.0,126.0,20.862506866455078,115.0,19.34912649427025,109.11140636392759,2094.181884765625,57.0,2.249793767929077,3.0,3.0,0.6493262348849393,12.933337211608887,38.0,"{""type"":""Point"",""coordinates"":[109.11248701465169,19.350452208765972]}"
3431,0.0,29.0,384.0,40.13909149169922,201.0,19.061665603352004,109.71327760428761,2287.968994140625,46.0,5.755878925323486,4.0,2.0,0.6242736557096106,11.818323135375977,40.0,"{""type"":""Point"",""coordinates"":[109.71500103839035,19.06047384170945]}"
3432,0.0,26.0,145.0,35.88574981689453,67.0,19.308702306484875,110.02319637730886,2714.690185546875,51.0,2.6209089756011963,4.0,3.0,0.7080848724345683,12.768717765808105,39.0,"{""type"":""Point"",""coordinates"":[110.02267790391679,19.310876937147405]}"
3433,0.0,29.0,446.0,59.48621368408203,449.0,18.289114459009213,109.63692080513749,2100.885986328125,48.0,15.343579292297363,7.0,0.0,0.5831476831605406,10.770525932312012,40.0,"{""type"":""Point"",""coordinates"":[109.63662572983161,18.287633346905864]}"
3434,0.0,34.0,161.0,21.54527473449707,140.0,19.34912649427025,110.26574150402115,2716.0517578125,38.0,1.1179393529891968,5.0,3.0,0.6914024346057103,13.611315727233887,36.0,"{""type"":""Point"",""coordinates"":[110.265791502682,19.350102326126404]}"
3435,0.0,23.0,237.0,9.232977867126465,196.0,18.62149111413344,109.33149360853685,1969.009765625,56.0,0.6052640080451965,3.0,1.0,0.6147259542309155,14.17603588104248,44.0,"{""type"":""Point"",""coordinates"":[109.33198383098392,18.622046501402234]}"
3436,0.0,31.0,18.0,7.141860008239746,18.0,19.726418913600448,110.75981491028688,2135.3681640625,41.0,0.1298990398645401,5.0,3.0,0.7505223124756473,14.891594886779785,40.0,"{""type"":""Point"",""coordinates"":[110.75867434484967,19.72655724667727]}"
3437,0.0,27.0,375.0,28.413429260253906,177.0,19.025732991987226,109.71327760428761,2271.38134765625,49.0,3.300621509552002,4.0,2.0,0.6324733351509662,12.383256912231445,40.0,"{""type"":""Point"",""coordinates"":[109.71524342004273,19.026638518009932]}"
3439,0.0,20.0,12.0,4.351161956787109,15.0,18.63047426697463,108.7116560624944,1294.993896484375,54.0,0.5003406405448914,2.0,1.0,0.6865009966468083,14.414742469787598,43.0,"{""type"":""Point"",""coordinates"":[108.71307616352541,18.632177543455455]}"
3440,0.0,34.0,90.0,13.45358657836914,89.0,19.582688468141328,109.35844306706042,2122.483642578125,43.0,1.0964851379394531,3.0,3.0,0.6789007056821104,13.674357414245605,36.0,"{""type"":""Point"",""coordinates"":[109.35770000999726,19.583922309320222]}"
3441,0.0,20.0,120.0,9.932321548461914,113.0,18.57657534992746,109.01708325909499,1758.670654296875,58.0,1.0181708335876465,3.0,1.0,0.5855671267192972,13.730260848999023,49.0,"{""type"":""Point"",""coordinates"":[109.01788575897034,18.5769317116964]}"
3442,0.0,28.0,345.0,41.5955924987793,348.0,18.39691229310356,109.63242922871689,2123.577880859375,46.0,7.259122371673584,6.0,1.0,0.6050906646301056,11.612397193908691,42.0,"{""type"":""Point"",""coordinates"":[109.63057780400327,18.39596859431805]}"
3443,0.0,25.0,142.0,15.790398597717285,39.0,19.344634917849653,109.70429445144646,2483.639404296875,48.0,0.7456365823745728,4.0,3.0,0.7501832406251633,14.0282621383667,37.0,"{""type"":""Point"",""coordinates"":[109.7034059113306,19.345429024510896]}"
3444,0.0,32.0,576.0,51.13262939453125,422.0,19.12903924966097,109.28208626791024,1970.8997802734375,39.0,15.508094787597656,8.0,2.0,0.5692900325548698,10.6544771194458,40.0,"{""type"":""Point"",""coordinates"":[109.28426543669642,19.129273647515046]}"
3445,0.0,34.0,82.0,11.818781852722168,81.0,19.784809407068217,109.85251647332615,2199.45263671875,41.0,0.7101191282272339,4.0,4.0,0.6995370458828827,14.113662719726562,35.0,"{""type"":""Point"",""coordinates"":[109.85208674203808,19.785830148709113]}"
3446,0.0,25.0,69.0,8.004415512084961,70.0,19.344634917849653,108.75657182670034,1517.3753662109375,54.0,1.1777825355529785,4.0,3.0,0.6434844538704017,13.615370750427246,41.0,"{""type"":""Point"",""coordinates"":[108.75839893237506,19.344621465932704]}"
3447,0.0,31.0,18.0,7.821506500244141,18.0,19.924048276106745,109.86599120258796,2038.5531005859375,39.0,0.28679710626602173,4.0,4.0,0.7610446776231677,14.788196563720703,36.0,"{""type"":""Point"",""coordinates"":[109.86674121812418,19.925943984534328]}"
3448,0.0,26.0,19.0,11.263699531555176,20.0,19.8252335948536,109.53361454746374,1845.8292236328125,47.0,1.0764216184616089,5.0,4.0,0.7493347567138485,13.734661102294922,35.0,"{""type"":""Point"",""coordinates"":[109.53236003428248,19.825947431714763]}"
3449,0.0,24.0,42.0,12.863622665405273,42.0,18.729288948227783,110.25675835117994,2182.150146484375,52.0,0.7894096374511719,4.0,1.0,0.6905101650386578,14.03146743774414,47.0,"{""type"":""Point"",""coordinates"":[110.25657827632958,18.729540964144558]}"
3450,0.0,32.0,426.0,61.58551025390625,248.0,19.133530826081568,109.48420720683714,2246.80712890625,37.0,12.37301254272461,4.0,2.0,0.6069246204319729,11.009500503540039,38.0,"{""type"":""Point"",""coordinates"":[109.48494650467089,19.13168383466633]}"
3451,0.0,21.0,139.0,15.536673545837402,65.0,19.376075952793833,110.02768795372947,2704.74267578125,53.0,0.4628799855709076,4.0,3.0,0.7338612824276126,14.506928443908691,36.0,"{""type"":""Point"",""coordinates"":[110.02558337359041,19.376810200374273]}"
3452,0.0,24.0,179.0,22.774248123168945,94.0,19.254803389437704,109.85700804974675,2602.931640625,55.0,1.4178305864334106,4.0,2.0,0.6863147830332619,13.36221981048584,38.0,"{""type"":""Point"",""coordinates"":[109.85756648563935,19.254572468425636]}"
3453,0.0,27.0,38.0,17.707815170288086,21.0,19.582688468141328,110.17590997560922,2644.20068359375,44.0,0.7327845692634583,5.0,3.0,0.7974654618883856,14.108245849609375,34.0,"{""type"":""Point"",""coordinates"":[110.17654032079534,19.584537683809447]}"
3454,0.0,33.0,646.0,52.95848083496094,454.0,19.0706487561932,109.48420720683714,2130.836181640625,38.0,14.018108367919922,6.0,2.0,0.5677445204121861,10.69873046875,42.0,"{""type"":""Point"",""coordinates"":[109.4831315981158,19.069591934443377]}"
3455,0.0,32.0,52.0,21.698923110961914,25.0,19.560230586038337,109.94683957815869,2557.792236328125,39.0,1.2993521690368652,5.0,3.0,0.7872655617684622,13.527158737182617,34.0,"{""type"":""Point"",""coordinates"":[109.94839619306839,19.559796429213034]}"
3456,0.0,26.0,120.0,16.104280471801758,86.0,18.895477275789894,108.89131911931827,1499.4522705078125,46.0,3.6514487266540527,4.0,2.0,0.6002110436559938,12.451894760131836,44.0,"{""type"":""Point"",""coordinates"":[108.88938465214912,18.895002508412208]}"
3458,0.0,28.0,31.0,8.519601821899414,34.0,18.95835934567826,110.45887929010684,2200.788818359375,42.0,0.19077613949775696,3.0,2.0,0.7340424228665027,15.438762664794922,40.0,"{""type"":""Point"",""coordinates"":[110.46008196099004,18.95755817584978]}"
3459,0.0,28.0,929.0,43.95790100097656,761.0,19.088615061875586,109.2281873508631,1878.1461181640625,42.0,19.997207641601562,8.0,2.0,0.5367289738030065,10.026375770568848,39.0,"{""type"":""Point"",""coordinates"":[109.22987194870711,19.08792250780432]}"
3460,0.0,28.0,554.0,9.512383460998535,542.0,18.648440572657023,108.8733528136359,1506.93798828125,50.0,2.000711441040039,3.0,1.0,0.5453496854388082,12.745311737060547,48.0,"{""type"":""Point"",""coordinates"":[108.8721955736056,18.648263068853954]}"
3461,0.0,24.0,110.0,12.355245590209961,57.0,19.394042258476226,109.26861153864849,2042.5059814453125,50.0,0.9192636609077454,3.0,3.0,0.7178553419187774,13.838579177856445,34.0,"{""type"":""Point"",""coordinates"":[109.26689623273647,19.39610959707279]}"
3462,0.0,25.0,33.0,6.6551079750061035,34.0,19.91057354684495,110.75981491028688,1951.239013671875,49.0,0.2934914231300354,4.0,4.0,0.6794161125234606,13.631149291992188,49.0,"{""type"":""Point"",""coordinates"":[110.75876395215317,19.90917807864535]}"
3463,0.0,24.0,31.0,27.999401092529297,33.0,18.706831066124792,110.34658987959187,2170.185302734375,51.0,3.0433168411254883,4.0,1.0,0.6915218986194936,12.687583923339844,47.0,"{""type"":""Point"",""coordinates"":[110.34498635579351,18.705015550298334]}"
3464,0.0,28.0,140.0,10.305696487426758,117.0,19.322177035746662,109.16530528097474,2051.81640625,44.0,0.6185436844825745,5.0,3.0,0.6492576683455216,14.216391563415527,39.0,"{""type"":""Point"",""coordinates"":[109.16714662717183,19.321321537372718]}"
3465,0.0,26.0,458.0,50.15598678588867,277.0,19.111072943978577,109.69531129860525,2401.442626953125,50.0,7.481051445007324,4.0,2.0,0.6246690719068076,11.4982271194458,39.0,"{""type"":""Point"",""coordinates"":[109.69665200876693,19.10969666398479]}"
3466,0.0,22.0,10.0,25.022192001342773,13.0,18.783187865274954,110.50379505431283,2034.9522705078125,50.0,2.9314136505126953,2.0,1.0,0.7105935682916847,12.718117713928223,46.0,"{""type"":""Point"",""coordinates"":[110.5032917952999,18.78518609938846]}"
3467,0.0,27.0,618.0,34.20301055908203,428.0,18.80115417095734,109.52912297104314,2128.066162109375,49.0,6.4035210609436035,5.0,1.0,0.5648638519453232,11.523294448852539,48.0,"{""type"":""Point"",""coordinates"":[109.53113337936345,18.80048074907268]}"
3468,0.0,23.0,19.0,17.757665634155273,10.0,19.169463437446346,110.29718253896533,2772.264404296875,50.0,0.5859235525131226,4.0,2.0,0.7838046583454954,14.342952728271484,40.0,"{""type"":""Point"",""coordinates"":[110.29878265455477,19.16903248487473]}"
3469,0.0,28.0,21.0,11.174628257751465,22.0,19.618621079506106,110.70142441681912,2241.60107421875,49.0,0.6425786018371582,8.0,3.0,0.7791771178234342,13.819462776184082,34.0,"{""type"":""Point"",""coordinates"":[110.70061649925051,19.617070500456663]}"
3470,0.0,25.0,217.0,29.26688575744629,59.0,19.286244424381884,109.50217351251956,2337.88720703125,50.0,2.879824161529541,4.0,3.0,0.706069964494479,12.628525733947754,37.0,"{""type"":""Point"",""coordinates"":[109.50130988375165,19.287655247884924]}"
3471,0.0,23.0,150.0,13.029376983642578,114.0,19.488365363308773,109.48869878325775,2171.145263671875,58.0,0.9143860340118408,3.0,3.0,0.670966924857109,13.81923770904541,35.0,"{""type"":""Point"",""coordinates"":[109.4886682525834,19.48802377508516]}"
3472,0.0,30.0,755.0,46.04008102416992,560.0,19.079631909034397,109.60098819377271,2135.50439453125,40.0,11.789680480957031,5.0,2.0,0.5764921575682977,10.774083137512207,40.0,"{""type"":""Point"",""coordinates"":[109.60155457744592,19.077395305202455]}"
3473,0.0,28.0,139.0,17.800369262695312,50.0,19.33116018858786,110.08158687077662,2716.84716796875,45.0,0.7068904638290405,4.0,3.0,0.7405335216596179,14.083492279052734,38.0,"{""type"":""Point"",""coordinates"":[110.07972125923021,19.33184507470884]}"
3474,0.0,28.0,38.0,12.315735816955566,38.0,19.8252335948536,110.5307445128364,2248.82421875,38.0,0.7102041840553284,6.0,4.0,0.745560461463652,13.678605079650879,37.0,"{""type"":""Point"",""coordinates"":[110.53255483842683,19.823788739218248]}"
3475,0.0,28.0,20.0,8.744081497192383,22.0,19.68599472581507,110.7777812159693,2115.774658203125,46.0,0.4696688652038574,6.0,3.0,0.7487351391493893,13.667548179626465,39.0,"{""type"":""Point"",""coordinates"":[110.7759423787053,19.686264704922397]}"
3477,0.0,25.0,14.0,4.003597736358643,14.0,19.142513978922757,108.7116560624944,1346.7899169921875,52.0,0.34895971417427063,2.0,2.0,0.6955813970794122,14.864089012145996,42.0,"{""type"":""Point"",""coordinates"":[108.71036111122031,19.142812681468044]}"
3478,0.0,23.0,57.0,5.406316757202148,52.0,19.18742974312874,108.83292862585051,1516.534912109375,56.0,0.47467267513275146,2.0,2.0,0.6650052639728723,14.531356811523438,41.0,"{""type"":""Point"",""coordinates"":[108.8307223087658,19.185539612541895]}"
3479,0.0,28.0,1009.0,31.127826690673828,881.0,18.837086782322125,109.67285341650228,2181.523681640625,46.0,7.495394706726074,5.0,2.0,0.5509041843959773,10.941492080688477,46.0,"{""type"":""Point"",""coordinates"":[109.67110625977242,18.837159623153823]}"
3480,0.0,31.0,1226.0,35.86325454711914,1034.0,19.066157179772603,109.53810612388435,2276.05517578125,39.0,12.759651184082031,9.0,2.0,0.5589235461668989,10.053099632263184,40.0,"{""type"":""Point"",""coordinates"":[109.53772095931397,19.068182794064825]}"
3481,0.0,28.0,63.0,16.079755783081055,51.0,19.115564520399175,110.24777519833873,2754.3955078125,46.0,0.5126630067825317,4.0,2.0,0.718309034282266,14.450814247131348,44.0,"{""type"":""Point"",""coordinates"":[110.24732684043096,19.114072964535904]}"
3482,0.0,37.0,721.0,24.84464454650879,552.0,18.980817227781245,109.30454415001327,1915.8411865234375,35.0,5.7681427001953125,5.0,2.0,0.5757206661330367,11.533360481262207,42.0,"{""type"":""Point"",""coordinates"":[109.3024115594073,18.98169640272408]}"
3483,0.0,26.0,76.0,11.226415634155273,70.0,19.533281127514755,109.24166208012491,2056.531494140625,50.0,0.7621866464614868,2.0,3.0,0.68849561351584,14.04648208618164,38.0,"{""type"":""Point"",""coordinates"":[109.24161724193895,19.53317553314194]}"
3484,0.0,29.0,690.0,67.80967712402344,688.0,18.423861751627143,109.47073247757538,2122.8720703125,42.0,21.936986923217773,5.0,1.0,0.5409430663787229,10.179940223693848,42.0,"{""type"":""Point"",""coordinates"":[109.47100662769954,18.424402596793268]}"
3485,0.0,28.0,27.0,15.7523193359375,25.0,19.084123485454995,110.3735393381155,2651.1025390625,47.0,0.5858065485954285,4.0,2.0,0.7670900856921256,14.33852481842041,40.0,"{""type"":""Point"",""coordinates"":[110.37482587185121,19.08581942804992]}"
3486,0.0,27.0,458.0,34.955299377441406,266.0,18.702339489704194,109.41683356052818,2163.304931640625,48.0,5.556317329406738,4.0,1.0,0.5825440165770175,11.79822826385498,47.0,"{""type"":""Point"",""coordinates"":[109.4188903153403,18.701857648522918]}"
3487,0.0,19.0,12.0,6.624740123748779,12.0,19.735402066441644,109.385392525584,1986.00439453125,54.0,0.08368842303752899,2.0,3.0,0.7819017154309942,16.293106079101562,32.0,"{""type"":""Point"",""coordinates"":[109.38583759884082,19.737105292662022]}"
3488,0.0,23.0,139.0,12.035901069641113,112.0,19.4389580226822,109.24166208012491,2108.881591796875,57.0,0.8428981900215149,3.0,3.0,0.6770886702772694,13.907500267028809,33.0,"{""type"":""Point"",""coordinates"":[109.2397714506969,19.439838001805285]}"
3489,0.0,30.0,146.0,21.021297454833984,50.0,18.890985699369296,109.00810010625383,1665.945556640625,41.0,4.288067817687988,12.0,2.0,0.6654781599010318,12.274608612060547,41.0,"{""type"":""Point"",""coordinates"":[109.00607649209103,18.890834342052457]}"
3490,0.0,25.0,195.0,41.06183624267578,118.0,19.286244424381884,109.91539854321451,2763.47119140625,53.0,3.157376766204834,3.0,3.0,0.6695606365135902,12.550573348999023,38.0,"{""type"":""Point"",""coordinates"":[109.91518103339278,19.288316084489363]}"
3491,0.0,29.0,995.0,39.75884246826172,941.0,19.04819087409021,109.11589794034813,1971.871337890625,48.0,17.24241828918457,7.0,2.0,0.5409902903917909,10.101960182189941,40.0,"{""type"":""Point"",""coordinates"":[109.11369712464703,19.04977342425766]}"
3492,0.0,24.0,26.0,11.257806777954102,25.0,18.760729983171963,110.21184258697394,2318.494873046875,51.0,0.41712287068367004,3.0,1.0,0.7148939478644432,14.678730964660645,48.0,"{""type"":""Point"",""coordinates"":[110.21328320041235,18.759951808780748]}"
3493,0.0,27.0,28.0,9.090272903442383,28.0,18.51818485645969,109.97378903668232,2065.469482421875,48.0,0.42730340361595154,3.0,1.0,0.7096081690998575,14.653456687927246,45.0,"{""type"":""Point"",""coordinates"":[109.97402202521523,18.519749653636232]}"
3494,0.0,28.0,37.0,13.02962589263916,35.0,19.793792559909413,110.45887929010684,2317.78955078125,44.0,0.7616696953773499,6.0,4.0,0.7662602600757092,13.635110855102539,34.0,"{""type"":""Point"",""coordinates"":[110.45726900993817,19.795991135697967]}"
3495,0.0,29.0,816.0,43.80514907836914,737.0,18.63047426697463,109.49768193609896,2077.197265625,42.0,12.644889831542969,7.0,1.0,0.5423273530216829,10.638751983642578,46.0,"{""type"":""Point"",""coordinates"":[109.49992482102128,18.62919712486909]}"
3496,0.0,29.0,896.0,16.539947509765625,860.0,18.760729983171963,108.89581069573887,1512.2493896484375,46.0,6.814056873321533,10.0,1.0,0.5251940312188468,11.179364204406738,46.0,"{""type"":""Point"",""coordinates"":[108.89405238080279,18.75964745904558]}"
3497,0.0,26.0,88.0,9.817374229431152,91.0,18.57657534992746,108.85538650795348,1622.756103515625,51.0,1.357450008392334,3.0,1.0,0.6061182442424108,13.461997032165527,45.0,"{""type"":""Point"",""coordinates"":[108.85366481749244,18.57507264436248]}"
3498,0.0,28.0,317.0,39.19709396362305,212.0,18.886494122948697,109.93785642531753,2334.578857421875,48.0,5.03208065032959,5.0,2.0,0.607357169084222,12.001322746276855,46.0,"{""type"":""Point"",""coordinates"":[109.9377596814764,18.88494440000833]}"
3499,0.0,21.0,9.0,9.680392265319824,12.0,18.899968852210492,110.45887929010684,2134.911376953125,51.0,0.3682614266872406,2.0,2.0,0.7410081157983963,14.7940092086792,43.0,"{""type"":""Point"",""coordinates"":[110.45773553756999,18.901458899005885]}"
3500,0.0,29.0,22.0,10.584433555603027,23.0,19.600654773823713,110.70591599323973,2241.60107421875,50.0,0.5863627195358276,6.0,3.0,0.7856816448006279,13.91013240814209,32.0,"{""type"":""Point"",""coordinates"":[110.70566350505351,19.602244578474505]}"
3501,0.0,25.0,25.0,7.587031364440918,25.0,19.820742018433002,110.71939072250149,2086.7646484375,54.0,0.31020620465278625,4.0,4.0,0.7291384684605193,14.010525703430176,42.0,"{""type"":""Point"",""coordinates"":[110.7211524879822,19.820987360083944]}"
3502,0.0,30.0,291.0,12.625663757324219,185.0,18.84606993516332,109.0215748355156,1790.07470703125,44.0,1.6676539182662964,8.0,2.0,0.6095627253336704,13.125988006591797,42.0,"{""type"":""Point"",""coordinates"":[109.02285247604624,18.847269587892917]}"
3503,0.0,29.0,24.0,6.06074857711792,18.0,19.789300983488815,110.75083175744567,2001.058837890625,47.0,0.0837034285068512,2.0,4.0,0.7399933319651925,15.322010040283203,40.0,"{""type"":""Point"",""coordinates"":[110.75127347275627,19.788594586297304]}"
3504,0.0,28.0,180.0,25.526613235473633,158.0,18.864036240845707,110.14896051708558,2323.69580078125,46.0,2.3574447631835938,4.0,2.0,0.6284877961450573,12.852773666381836,45.0,"{""type"":""Point"",""coordinates"":[110.14799666834546,18.862371153838186]}"
3505,0.0,27.0,224.0,22.80120277404785,184.0,18.90446042863109,108.90030227215948,1560.781982421875,44.0,5.941525459289551,5.0,2.0,0.5756195426011727,11.896967887878418,44.0,"{""type"":""Point"",""coordinates"":[108.8993334313879,18.90259873267937]}"
3506,0.0,23.0,85.0,11.108292579650879,85.0,18.37445441100057,109.24166208012491,1837.2635498046875,55.0,1.1164436340332031,4.0,1.0,0.6494824660146981,13.659317970275879,40.0,"{""type"":""Point"",""coordinates"":[109.243436042441,18.372756341625912]}"
3508,0.0,24.0,156.0,11.063811302185059,90.0,19.4434495991028,109.45725774831357,2328.809326171875,57.0,0.4592496454715729,4.0,3.0,0.6981857752256264,14.504207611083984,34.0,"{""type"":""Point"",""coordinates"":[109.45943129773744,19.441619346680426]}"
3509,0.0,29.0,187.0,31.277620315551758,143.0,18.558609044245074,109.57403873524913,2340.957763671875,43.0,3.1667659282684326,5.0,1.0,0.613252323874052,12.552722930908203,48.0,"{""type"":""Point"",""coordinates"":[109.57327912803575,18.559790802101144]}"
3510,0.0,27.0,67.0,24.62386131286621,62.0,18.998783533463637,110.35557303243309,2433.41162109375,42.0,1.7761248350143433,4.0,2.0,0.7038716445414978,13.205578804016113,41.0,"{""type"":""Point"",""coordinates"":[110.35757772157464,18.996735572296764]}"
3511,0.0,25.0,492.0,34.67210006713867,478.0,18.639457419815827,108.94072645994487,1589.635986328125,50.0,13.879279136657715,5.0,1.0,0.5163978519349846,10.839449882507324,49.0,"{""type"":""Point"",""coordinates"":[108.9399309877892,18.6379728839325]}"
3512,0.0,25.0,45.0,24.645606994628906,43.0,18.99429195704304,110.3735393381155,2433.41162109375,48.0,1.7960638999938965,3.0,2.0,0.7299904192367376,13.207379341125488,40.0,"{""type"":""Point"",""coordinates"":[110.37313269504594,18.992232923603936]}"
3513,0.0,34.0,7.0,11.32243537902832,7.0,19.254803389437704,110.62506761766895,2402.623779296875,37.0,0.4177775979042053,4.0,2.0,0.7686513491753446,14.420287132263184,42.0,"{""type"":""Point"",""coordinates"":[110.62424926448595,19.2550160453069]}"
3514,0.0,33.0,17.0,14.106681823730469,17.0,19.933031428947942,109.83455016764378,1963.521240234375,38.0,1.5901297330856323,5.0,4.0,0.7537118514856511,13.075907707214355,36.0,"{""type"":""Point"",""coordinates"":[109.83519633788484,19.934036471743163]}"
3515,0.0,25.0,41.0,11.396127700805664,40.0,19.569213738879533,109.30005257359267,2085.647705078125,54.0,0.7676714658737183,2.0,3.0,0.7346243678331129,14.059978485107422,36.0,"{""type"":""Point"",""coordinates"":[109.29890957837381,19.56760887388685]}"
3516,0.0,25.0,183.0,9.316496849060059,46.0,18.702339489704194,109.22369577444249,1850.731689453125,55.0,0.8294336795806885,3.0,1.0,0.6701861049549065,13.89594841003418,44.0,"{""type"":""Point"",""coordinates"":[109.22531659691161,18.703600934321862]}"
3517,0.0,30.0,92.0,21.10824966430664,51.0,18.648440572657023,109.65039553439925,2238.711669921875,41.0,1.8464035987854004,5.0,1.0,0.6816583815645233,13.151799201965332,46.0,"{""type"":""Point"",""coordinates"":[109.65086246171671,18.64761900737779]}"
3518,0.0,21.0,55.0,14.846517562866211,44.0,19.65455369087089,110.21184258697394,2595.80908203125,55.0,0.5162250995635986,4.0,3.0,0.7754760810058787,14.410171508789062,33.0,"{""type"":""Point"",""coordinates"":[110.21048467224563,19.655589332769686]}"
3519,0.0,23.0,41.0,9.369933128356934,44.0,18.57657534992746,108.79250443806512,1341.7978515625,56.0,2.163146734237671,3.0,1.0,0.6464531009054166,13.023606300354004,44.0,"{""type"":""Point"",""coordinates"":[108.79461550042801,18.574678354084597]}"
3520,0.0,28.0,200.0,35.246131896972656,166.0,18.6888647604424,109.70878602786706,2365.984375,45.0,3.736948251724243,6.0,1.0,0.6124456982805444,12.378422737121582,48.0,"{""type"":""Point"",""coordinates"":[109.70821067436547,18.688816897988332]}"
3521,0.0,21.0,197.0,33.007877349853516,124.0,19.420991716999815,109.57853031166974,2352.702880859375,56.0,3.3405768871307373,3.0,3.0,0.6777315672930354,12.492765426635742,33.0,"{""type"":""Point"",""coordinates"":[109.57748090081965,19.419317684951558]}"
3522,0.0,25.0,500.0,98.60923767089844,463.0,18.760729983171963,109.92887327247632,2377.707763671875,48.0,23.865808486938477,5.0,1.0,0.5434618610553182,10.250566482543945,45.0,"{""type"":""Point"",""coordinates"":[109.929150461721,18.759989139151163]}"
3523,0.0,31.0,126.0,54.26921081542969,113.0,18.57657534992746,109.798617556279,2242.915771484375,41.0,8.413890838623047,5.0,1.0,0.6017895715106819,11.60758113861084,46.0,"{""type"":""Point"",""coordinates"":[109.79980901701478,18.576432012536024]}"
3524,0.0,33.0,118.0,10.736784934997559,114.0,19.60963792666491,109.4392914426312,2051.57470703125,44.0,0.7792226672172546,4.0,3.0,0.6715897111170226,13.998994827270508,34.0,"{""type"":""Point"",""coordinates"":[109.43826416296913,19.610402182714793]}"
3525,0.0,31.0,47.0,16.352445602416992,42.0,19.344634917849653,110.44091298442447,2763.412353515625,39.0,0.5193130970001221,3.0,3.0,0.7462567081675046,14.42780876159668,40.0,"{""type"":""Point"",""coordinates"":[110.43930721248226,19.342504412609387]}"
3526,0.0,29.0,56.0,13.243911743164062,47.0,19.793792559909413,110.23879204549758,2446.22412109375,43.0,0.5867995619773865,8.0,4.0,0.770436671668398,14.04314136505127,32.0,"{""type"":""Point"",""coordinates"":[110.24069939932123,19.79167960979813]}"
3527,0.0,27.0,93.0,15.40027904510498,92.0,19.847691476956584,110.1579436699268,2378.476318359375,43.0,0.9257465600967407,5.0,4.0,0.7059879879573652,13.557978630065918,33.0,"{""type"":""Point"",""coordinates"":[110.15664846572488,19.84899331842818]}"
3528,0.0,21.0,5.0,3.5586304664611816,5.0,18.85954466442511,108.64877399260598,1117.99609375,56.0,0.6249545216560364,2.0,2.0,0.6736535066032616,14.196730613708496,46.0,"{""type"":""Point"",""coordinates"":[108.65097394845704,18.85815303471454]}"
3529,0.0,24.0,40.0,7.07363748550415,40.0,18.527168009300887,109.9513311545793,2065.469482421875,53.0,0.1338983178138733,2.0,1.0,0.7004103970921142,15.806901931762695,44.0,"{""type"":""Point"",""coordinates"":[109.95119666150691,18.52901558916498]}"
3530,0.0,28.0,459.0,94.05543518066406,421.0,19.043699297669612,110.07260371793546,2701.92578125,46.0,15.164899826049805,3.0,2.0,0.5762842255407713,10.772808074951172,46.0,"{""type"":""Point"",""coordinates"":[110.07292580130024,19.04298502440804]}"
3531,0.0,28.0,44.0,38.61668014526367,44.0,18.45979436299192,109.88395750827033,2241.07861328125,46.0,4.711870193481445,5.0,1.0,0.6949125777526123,12.241547584533691,43.0,"{""type"":""Point"",""coordinates"":[109.8833751726995,18.45829043448422]}"
3532,0.0,24.0,2.0,8.777591705322266,4.0,19.650062114450293,110.87659589722244,1888.65966796875,45.0,0.812170684337616,2.0,3.0,0.7431218223440769,13.082351684570312,41.0,"{""type"":""Point"",""coordinates"":[110.8746134838563,19.649943561798246]}"
3533,0.0,27.0,25.0,9.988584518432617,26.0,19.38505910563503,108.77902970880336,1469.34716796875,46.0,1.7870928049087524,3.0,3.0,0.6805496664628328,13.224039077758789,43.0,"{""type"":""Point"",""coordinates"":[108.78121238397607,19.387296725430573]}"
3534,0.0,36.0,27.0,16.739429473876953,27.0,19.77133467780643,109.48420720683714,1906.2293701171875,42.0,2.233189582824707,4.0,4.0,0.7488666569924423,12.999856948852539,33.0,"{""type"":""Point"",""coordinates"":[109.48407819675309,19.771641007994152]}"
3535,0.0,23.0,35.0,7.622818470001221,35.0,18.8775109701075,108.73411394459737,1258.8223876953125,53.0,1.7907830476760864,2.0,2.0,0.6478240104267815,13.216167449951172,45.0,"{""type"":""Point"",""coordinates"":[108.73358085999268,18.87554728563037]}"
3536,0.0,27.0,433.0,56.22871017456055,368.0,18.998783533463637,109.99624691878529,2390.26611328125,48.0,9.011917114257812,4.0,2.0,0.598170740571986,11.328598976135254,44.0,"{""type"":""Point"",""coordinates"":[109.99747395362799,19.00079358640339]}"
3537,0.0,21.0,29.0,5.078629493713379,29.0,19.084123485454995,108.70267290965319,1296.439453125,57.0,0.767542839050293,2.0,2.0,0.6691638706056782,14.06713581085205,43.0,"{""type"":""Point"",""coordinates"":[108.70186987407197,19.08604124837427]}"
3538,0.0,27.0,364.0,27.24404525756836,211.0,18.783187865274954,109.37191779632224,2104.0419921875,50.0,3.8671584129333496,4.0,1.0,0.5950171029423398,12.232391357421875,46.0,"{""type"":""Point"",""coordinates"":[109.37052431650837,18.783977983686622]}"
3539,0.0,24.0,21.0,12.357937812805176,21.0,19.097598214716783,110.40048879663908,2563.419189453125,51.0,0.31143271923065186,4.0,2.0,0.7755230422947417,14.973828315734863,39.0,"{""type"":""Point"",""coordinates"":[110.40025877613989,19.09558785341694]}"
3540,0.0,29.0,319.0,15.332781791687012,271.0,18.666406878339416,109.0754737525628,1816.847900390625,41.0,2.141129493713379,4.0,1.0,0.5914200406942224,12.856538772583008,45.0,"{""type"":""Point"",""coordinates"":[109.07542000694679,18.66590693955265]}"
3541,0.0,26.0,47.0,33.499412536621094,29.0,18.608016384871647,109.78963440343779,2230.696533203125,44.0,3.6496589183807373,4.0,1.0,0.7048834775851559,12.496145248413086,45.0,"{""type"":""Point"",""coordinates"":[109.7905968192327,18.605858421956427]}"
3542,0.0,27.0,29.0,9.868112564086914,13.0,19.726418913600448,110.06811214151486,2479.068603515625,46.0,0.13469535112380981,4.0,3.0,0.8108120795928211,15.807372093200684,32.0,"{""type"":""Point"",""coordinates"":[110.06726830512747,19.724679692169236]}"
3543,0.0,23.0,162.0,13.06346607208252,66.0,19.322177035746662,109.33598518495745,2127.602294921875,53.0,0.9136875867843628,4.0,3.0,0.6971621199436457,13.812482833862305,37.0,"{""type"":""Point"",""coordinates"":[109.33431035667043,19.321629702273622]}"
3544,0.0,22.0,49.0,5.14040470123291,47.0,19.138022402502166,108.80597916732694,1489.7042236328125,57.0,0.4402107894420624,2.0,2.0,0.6784314984930209,14.611440658569336,39.0,"{""type"":""Point"",""coordinates"":[108.80673264783275,19.13735300674838]}"
3545,0.0,28.0,669.0,47.387657165527344,651.0,19.304210730064277,109.09793163466577,2003.1212158203125,48.0,14.455825805664062,6.0,3.0,0.576376085731011,10.645665168762207,38.0,"{""type"":""Point"",""coordinates"":[109.09831636675304,19.306258170722426]}"
3546,0.0,28.0,578.0,66.3998794555664,448.0,19.209887625231723,109.77615967417603,2643.97607421875,41.0,9.454345703125,8.0,2.0,0.6284436185021743,11.163375854492188,38.0,"{""type"":""Point"",""coordinates"":[109.77689362976251,19.21101637201328]}"
3547,0.0,26.0,49.0,33.095333099365234,49.0,18.40589544594475,109.01259168267438,1751.53759765625,47.0,7.140837669372559,4.0,1.0,0.6622074634718115,11.819931983947754,41.0,"{""type"":""Point"",""coordinates"":[109.0109921964189,18.403904156310006]}"
3548,0.0,32.0,52.0,35.009857177734375,51.0,18.608016384871647,110.01870480088826,2248.313720703125,41.0,4.118986129760742,5.0,1.0,0.6760196789594639,12.37186336517334,46.0,"{""type"":""Point"",""coordinates"":[110.01684723145932,18.6073860065964]}"
3549,0.0,36.0,119.0,13.840843200683594,98.0,19.52429797467356,110.19836785771219,2652.019775390625,38.0,0.4594467878341675,5.0,3.0,0.6951108081663904,14.526697158813477,37.0,"{""type"":""Point"",""coordinates"":[110.19713887122181,19.522119479446015]}"
3550,0.0,27.0,34.0,16.297603607177734,34.0,19.870149359059575,109.83005859122318,2069.073486328125,49.0,1.5232999324798584,2.0,4.0,0.7466339591856934,13.378613471984863,34.0,"{""type"":""Point"",""coordinates"":[109.82941968179993,19.869628016882086]}"
3551,0.0,21.0,22.0,6.5476226806640625,19.0,19.820742018433002,110.84964643869881,1876.5382080078125,56.0,0.38974255323410034,3.0,4.0,0.7000850076557107,13.372998237609863,47.0,"{""type"":""Point"",""coordinates"":[110.85024886743257,19.8201062429081]}"
3552,0.0,23.0,107.0,13.419641494750977,107.0,19.38505910563503,108.8733528136359,1637.2177734375,56.0,2.236725330352783,3.0,3.0,0.6106443234898286,12.950786590576172,41.0,"{""type"":""Point"",""coordinates"":[108.8730770501303,19.38464690748659]}"
3553,0.0,30.0,126.0,21.905410766601562,110.0,19.452432751943995,110.4813371722098,2556.737060546875,39.0,1.5046443939208984,5.0,3.0,0.6720797485422305,13.055168151855469,40.0,"{""type"":""Point"",""coordinates"":[110.48301985229331,19.454404588451634]}"
3554,0.0,27.0,35.0,11.417706489562988,35.0,18.594541655609852,110.04565425941183,2114.489013671875,42.0,0.6471959948539734,3.0,1.0,0.6989195899937498,14.234209060668945,46.0,"{""type"":""Point"",""coordinates"":[110.04341366804469,18.59610589575269]}"
3555,0.0,30.0,27.0,16.1374568939209,27.0,19.847691476956584,110.3690477616949,2290.587890625,38.0,1.1702946424484253,8.0,4.0,0.7694247706927901,13.356590270996094,35.0,"{""type"":""Point"",""coordinates"":[110.36695794040058,19.84899681509502]}"
3556,0.0,26.0,11.0,4.701610088348389,13.0,19.69048630223567,110.96642742563438,1614.03564453125,50.0,0.2983188033103943,3.0,3.0,0.6963072306086222,13.665188789367676,46.0,"{""type"":""Point"",""coordinates"":[110.96445436962017,19.690925554382762]}"
3557,0.0,23.0,63.0,13.414901733398438,32.0,19.483873786888182,110.31065726822715,2702.8974609375,52.0,0.2931798994541168,3.0,3.0,0.7709246392495792,15.009664535522461,37.0,"{""type"":""Point"",""coordinates"":[110.30977618709616,19.483599451019924]}"
3558,0.0,31.0,187.0,34.09575653076172,168.0,18.482252245094912,109.58751346451089,2157.243896484375,41.0,4.630153179168701,5.0,1.0,0.6065612925986174,12.171683311462402,46.0,"{""type"":""Point"",""coordinates"":[109.58971913833533,18.481440426504747]}"
3559,0.0,24.0,40.0,13.346429824829102,32.0,19.681503149394473,110.41396352590084,2450.293212890625,52.0,0.5866393446922302,4.0,3.0,0.7853568146682686,14.055778503417969,32.0,"{""type"":""Point"",""coordinates"":[110.41385429423357,19.68245960643153]}"
3560,0.0,27.0,437.0,56.93735122680664,416.0,19.147005555343355,109.05301587045977,1947.67578125,50.0,17.370641708374023,5.0,2.0,0.5638812138714765,10.646309852600098,41.0,"{""type"":""Point"",""coordinates"":[109.05267626629181,19.145501545251662]}"
3561,0.0,27.0,57.0,18.453519821166992,41.0,19.641078961609097,110.50379505431283,2457.04248046875,42.0,1.1726154088974,3.0,3.0,0.7669571161980698,13.349949836730957,33.0,"{""type"":""Point"",""coordinates"":[110.50584907360587,19.639823674627714]}"
3562,0.0,23.0,36.0,8.523046493530273,35.0,19.57370531530013,109.29106942075146,2066.166259765625,53.0,0.3252868056297302,2.0,3.0,0.7410167793178979,14.921600341796875,36.0,"{""type"":""Point"",""coordinates"":[109.29183355050662,19.571986408755986]}"
3563,0.0,23.0,37.0,16.304513931274414,23.0,19.694977878656267,110.15345209350619,2597.38623046875,51.0,0.6494404077529907,3.0,3.0,0.8119575474453753,14.201793670654297,30.0,"{""type"":""Point"",""coordinates"":[110.15529606942458,19.695224345453553]}"
3564,0.0,28.0,7.0,6.0947184562683105,8.0,19.986930345995113,110.74184860460451,1936.18115234375,40.0,0.12207194417715073,2.0,4.0,0.7169356354344192,14.56763744354248,47.0,"{""type"":""Point"",""coordinates"":[110.74363152116219,19.987874935739246]}"
3565,0.0,27.0,118.0,11.899642944335938,61.0,19.60514635024431,109.74022706281124,2174.90087890625,46.0,0.6800330877304077,4.0,3.0,0.7269667201906405,14.135165214538574,33.0,"{""type"":""Point"",""coordinates"":[109.73919521330464,19.60297534960918]}"
3566,0.0,26.0,180.0,51.68367004394531,99.0,19.290736000802482,110.01870480088826,2730.5693359375,52.0,4.7038702964782715,4.0,3.0,0.6661595055102957,12.160280227661133,38.0,"{""type"":""Point"",""coordinates"":[110.01812934023428,19.291584751033607]}"
3567,0.0,29.0,25.0,18.569005966186523,27.0,19.052682450510808,110.44540456084502,2563.419189453125,42.0,0.9355576038360596,3.0,2.0,0.7605029901943161,13.85218334197998,40.0,"{""type"":""Point"",""coordinates"":[110.44574811257762,19.05161534923902]}"
3568,0.0,22.0,22.0,4.204227924346924,22.0,18.841578358742723,108.69818133323258,1191.614501953125,52.0,0.668171226978302,2.0,2.0,0.6713427400483618,14.209854125976562,43.0,"{""type"":""Point"",""coordinates"":[108.69687896342306,18.841984921291886]}"
3569,0.0,25.0,15.0,15.177766799926758,15.0,19.12903924966097,110.41845510232145,2725.39697265625,50.0,0.4401884973049164,3.0,2.0,0.7786884258423117,14.631258964538574,40.0,"{""type"":""Point"",""coordinates"":[110.42048860314058,19.128498326912133]}"
3570,0.0,27.0,165.0,66.94558715820312,160.0,18.482252245094912,109.63242922871689,2311.504638671875,48.0,11.044768333435059,4.0,1.0,0.5980067700502709,11.305960655212402,45.0,"{""type"":""Point"",""coordinates"":[109.63261801104329,18.4836941449847]}"
3571,0.0,24.0,69.0,15.174159049987793,69.0,19.83421674769479,110.07260371793546,2346.8359375,49.0,0.9348722696304321,3.0,4.0,0.7251737019096612,13.567200660705566,34.0,"{""type"":""Point"",""coordinates"":[110.07086796847997,19.83428567927751]}"
3572,0.0,23.0,6.0,8.063682556152344,9.0,18.751746830330767,110.40498037305969,2122.045654296875,49.0,0.18242958188056946,2.0,1.0,0.7223283443274798,15.498201370239258,48.0,"{""type"":""Point"",""coordinates"":[110.40710278414055,18.752934956457693]}"
3573,0.0,28.0,38.0,11.331048965454102,38.0,19.793792559909413,110.55769397135998,2265.695068359375,40.0,0.5476599931716919,5.0,4.0,0.7464812941938456,13.964096069335938,37.0,"{""type"":""Point"",""coordinates"":[110.55831112513793,19.79498693638682]}"
3574,0.0,27.0,69.0,19.499462127685547,64.0,18.980817227781245,110.32862357390951,2412.775634765625,43.0,1.2285630702972412,4.0,2.0,0.6982984663888708,13.57314682006836,42.0,"{""type"":""Point"",""coordinates"":[110.32745634779381,18.981184793283628]}"
3575,0.0,30.0,31.0,11.22054386138916,31.0,19.645570538029695,110.6879496875573,2340.31494140625,45.0,0.5167214870452881,5.0,3.0,0.7727316194347541,14.028542518615723,34.0,"{""type"":""Point"",""coordinates"":[110.6869137924306,19.644416487294166]}"
3576,0.0,25.0,178.0,29.490394592285156,178.0,19.371584376373235,108.85089493153288,1637.2177734375,53.0,8.060906410217285,4.0,3.0,0.5846059327401287,11.61853313446045,42.0,"{""type"":""Point"",""coordinates"":[108.85190087859596,19.37291407513028]}"
3577,0.0,24.0,82.0,11.3042631149292,68.0,19.735402066441644,109.93336484889693,2365.509521484375,52.0,0.3896965980529785,3.0,3.0,0.7288411239393601,14.713762283325195,34.0,"{""type"":""Point"",""coordinates"":[109.9355821186865,19.73403090710937]}"
3578,0.0,32.0,115.0,11.524818420410156,112.0,19.614129503085508,109.4392914426312,2051.57470703125,43.0,0.8689083456993103,4.0,3.0,0.6713783315282049,13.891873359680176,34.0,"{""type"":""Point"",""coordinates"":[109.43887534449725,19.613647425172246]}"
3579,0.0,26.0,83.0,11.373477935791016,81.0,19.614129503085508,109.41683356052818,2051.57470703125,50.0,0.7932732105255127,4.0,3.0,0.6946851360423547,14.002315521240234,34.0,"{""type"":""Point"",""coordinates"":[109.41597467019106,19.613021158958393]}"
3580,0.0,26.0,68.0,78.36275482177734,65.0,19.223362354493517,110.3645561852743,2869.153564453125,51.0,7.3765082359313965,3.0,2.0,0.7020267739887074,11.77589225769043,37.0,"{""type"":""Point"",""coordinates"":[110.36618992946498,19.221794382551295]}"
3581,0.0,29.0,196.0,20.480472564697266,79.0,18.71581421896599,109.0709821761422,1806.87158203125,43.0,3.3591818809509277,4.0,1.0,0.6220231257271579,12.487841606140137,44.0,"{""type"":""Point"",""coordinates"":[109.07134902018528,18.717883023821013]}"
3582,0.0,25.0,18.0,7.046743392944336,20.0,19.65455369087089,110.92600323784899,1717.306396484375,47.0,0.7938355803489685,4.0,3.0,0.711245965572069,12.981884002685547,42.0,"{""type"":""Point"",""coordinates"":[110.92435949309171,19.653672084269772]}"
3583,0.0,26.0,661.0,59.132347106933594,553.0,18.832595205901526,109.73124390997003,2239.583984375,46.0,14.047431945800781,5.0,2.0,0.5580129847428299,10.682899475097656,45.0,"{""type"":""Point"",""coordinates"":[109.73154873083092,18.833219533674022]}"
3584,0.0,24.0,5.0,5.187939167022705,5.0,19.510823245411764,108.94521803636547,1633.830810546875,51.0,0.22943836450576782,4.0,3.0,0.743146710897514,15.288582801818848,38.0,"{""type"":""Point"",""coordinates"":[108.94402096584487,19.51118570239078]}"
3585,0.0,25.0,46.0,28.132638931274414,46.0,18.356488105318178,109.4347998662106,2052.99755859375,49.0,3.584364414215088,4.0,0.0,0.6942188527445473,12.51483154296875,41.0,"{""type"":""Point"",""coordinates"":[109.43282666175799,18.3571270583393]}"
3586,0.0,22.0,133.0,10.275471687316895,117.0,19.546755856776542,109.45725774831357,2125.68359375,58.0,0.5507879257202148,4.0,3.0,0.667016075282909,14.336750984191895,36.0,"{""type"":""Point"",""coordinates"":[109.45889498439686,19.547203935337773]}"
3587,0.0,27.0,678.0,39.69237518310547,474.0,18.85954466442511,109.58751346451089,2131.724609375,48.0,8.616652488708496,6.0,2.0,0.5687756695225423,11.168682098388672,45.0,"{""type"":""Point"",""coordinates"":[109.58642574400103,18.859825639753236]}"
3588,0.0,21.0,40.0,18.293603897094727,26.0,19.60963792666491,110.18938470487097,2603.615234375,53.0,0.8053854703903198,3.0,3.0,0.7855510867908664,14.012598037719727,35.0,"{""type"":""Point"",""coordinates"":[110.1913678776722,19.607658419851596]}"
3589,0.0,25.0,65.0,12.148896217346191,57.0,18.616999537712843,109.91090696679396,2242.7509765625,47.0,0.5940420627593994,4.0,1.0,0.6812502077614536,14.302288055419922,46.0,"{""type"":""Point"",""coordinates"":[109.91246637515563,18.615775519131855]}"
3590,0.0,23.0,36.0,18.11260223388672,28.0,19.672519996553277,110.35108145601248,2463.353271484375,53.0,1.1486601829528809,2.0,3.0,0.7869260182919645,13.38680648803711,32.0,"{""type"":""Point"",""coordinates"":[110.34937048422324,19.672990104034547]}"
3591,0.0,28.0,517.0,18.967775344848633,366.0,18.819120476639732,109.35395149063982,2032.519287109375,48.0,2.533665180206299,6.0,1.0,0.5877709053919279,12.539319038391113,46.0,"{""type"":""Point"",""coordinates"":[109.35177689126091,18.819991103424577]}"
3592,0.0,25.0,30.0,11.50797176361084,33.0,18.908952005051688,110.40048879663908,2247.576416015625,50.0,0.5302751064300537,3.0,2.0,0.7232677015796084,14.436384201049805,43.0,"{""type"":""Point"",""coordinates"":[110.40069370134186,18.910692636295035]}"
3593,0.0,27.0,98.0,37.119441986083984,98.0,18.26216500048563,109.53810612388435,1973.4442138671875,49.0,6.537399768829346,4.0,0.0,0.6279208754117904,11.879871368408203,39.0,"{""type"":""Point"",""coordinates"":[109.53605775133136,18.26309288247501]}"
3594,0.0,26.0,360.0,22.869258880615234,352.0,18.51818485645969,109.19225473949831,1874.252197265625,53.0,4.116344928741455,4.0,1.0,0.590325252823807,12.17262077331543,44.0,"{""type"":""Point"",""coordinates"":[109.19049968553178,18.519114363370946]}"
3595,0.0,27.0,8.0,7.9623332023620605,8.0,19.955489311050925,110.40048879663908,2145.143310546875,41.0,0.2109660655260086,3.0,4.0,0.7609901337843384,14.481941223144531,40.0,"{""type"":""Point"",""coordinates"":[110.40195071424743,19.95524671937539]}"
3596,0.0,28.0,405.0,56.983482360839844,372.0,18.74276367748957,109.96929746026171,2346.07763671875,47.0,9.632070541381836,7.0,1.0,0.5888058248421232,11.281866073608398,46.0,"{""type"":""Point"",""coordinates"":[109.96835957872699,18.74131185210102]}"
3597,0.0,27.0,27.0,13.824048042297363,26.0,19.57819689172073,110.66998338187494,2350.3017578125,47.0,0.8390897512435913,5.0,3.0,0.7911093602843091,13.547262191772461,31.0,"{""type"":""Point"",""coordinates"":[110.66823431704228,19.57632323303264]}"
3598,0.0,30.0,356.0,46.835777282714844,233.0,18.922426734313476,109.88395750827033,2409.319091796875,40.0,6.025716304779053,4.0,2.0,0.6046717050280341,11.792445182800293,46.0,"{""type"":""Point"",""coordinates"":[109.88357389942654,18.921680439679275]}"
3599,0.0,27.0,2.0,6.670996189117432,3.0,20.031846110201087,110.42743825516266,2064.39794921875,40.0,0.057359881699085236,3.0,4.0,0.7581535736737036,15.732784271240234,41.0,"{""type"":""Point"",""coordinates"":[110.42592079561175,20.032620230843598]}"
3600,0.0,32.0,160.0,9.230534553527832,33.0,18.73378052464838,109.0754737525628,1806.87158203125,39.0,0.8387297987937927,4.0,1.0,0.6885242282540684,13.899353981018066,43.0,"{""type"":""Point"",""coordinates"":[109.07355311452723,18.7353252490537]}"
3601,0.0,25.0,86.0,8.819499015808105,80.0,19.52429797467356,109.36293464348103,2117.753662109375,53.0,0.34949466586112976,3.0,3.0,0.6872854134657682,14.820247650146484,37.0,"{""type"":""Point"",""coordinates"":[109.36284219075475,19.522877877395675]}"
3602,0.0,29.0,196.0,53.98204803466797,187.0,18.57657534992746,109.86149962616736,2264.60595703125,42.0,8.243524551391602,4.0,1.0,0.6074400947071985,11.58432388305664,44.0,"{""type"":""Point"",""coordinates"":[109.86116648978452,18.577391213880077]}"
3604,0.0,27.0,21.0,7.157880783081055,22.0,19.811758865591806,109.21920419802188,1730.8367919921875,43.0,0.48773664236068726,3.0,4.0,0.7496641293760509,14.525221824645996,33.0,"{""type"":""Point"",""coordinates"":[109.21728695540966,19.811597350961968]}"
3605,0.0,35.0,58.0,10.933526992797852,57.0,19.596163197403122,109.34496833779866,2085.647705078125,39.0,0.7290470004081726,3.0,3.0,0.7200694506858558,14.10162353515625,35.0,"{""type"":""Point"",""coordinates"":[109.3453086426195,19.594718420858094]}"
3606,0.0,22.0,12.0,7.820770740509033,12.0,18.46428593941252,109.98277218952347,2023.54638671875,54.0,0.25936371088027954,2.0,1.0,0.7257417920151583,15.161969184875488,45.0,"{""type"":""Point"",""coordinates"":[109.98483804774985,18.46418539135985]}"
3607,0.0,33.0,722.0,38.71784973144531,668.0,18.98980038062244,109.09793163466577,1854.4483642578125,39.0,13.631205558776855,7.0,2.0,0.5641861639322054,10.656643867492676,39.0,"{""type"":""Point"",""coordinates"":[109.09935136028486,18.991084081255273]}"
3608,0.0,23.0,76.0,16.507537841796875,35.0,19.677011572973875,109.77615967417603,2155.034423828125,53.0,1.3360986709594727,3.0,3.0,0.7538372428870688,13.485042572021484,33.0,"{""type"":""Point"",""coordinates"":[109.7776089438449,19.677931086630203]}"
3609,0.0,24.0,8.0,6.6569132804870605,9.0,19.955489311050925,110.70142441681912,1936.18115234375,45.0,0.25074291229248047,4.0,4.0,0.7212460835243105,13.845600128173828,46.0,"{""type"":""Point"",""coordinates"":[110.6998540385627,19.954344414079326]}"
3610,0.0,24.0,170.0,27.381454467773438,150.0,18.85056151158392,110.17590997560922,2396.410400390625,49.0,2.3026835918426514,4.0,2.0,0.6288722154621187,12.882643699645996,46.0,"{""type"":""Point"",""coordinates"":[110.1748937360408,18.851044165011526]}"
3611,0.0,25.0,24.0,19.419954299926758,15.0,19.66353684371208,110.22980889265637,2595.80908203125,48.0,0.9668814539909363,4.0,3.0,0.8119272770107808,13.801376342773438,32.0,"{""type"":""Point"",""coordinates"":[110.2280982401677,19.661789997444576]}"
3612,0.0,21.0,30.0,9.020710945129395,32.0,19.730910490021046,110.84964643869881,1988.4483642578125,55.0,0.7292008996009827,4.0,3.0,0.7136299840455123,13.148140907287598,42.0,"{""type"":""Point"",""coordinates"":[110.84934320175846,19.73258994389678]}"
3613,0.0,22.0,99.0,24.83188247680664,61.0,19.546755856776542,109.87048277900857,2528.166259765625,53.0,1.6373803615570068,4.0,3.0,0.7269306347313319,13.267788887023926,37.0,"{""type"":""Point"",""coordinates"":[109.87182525766255,19.5461795139761]}"
3614,0.0,24.0,38.0,8.059955596923828,39.0,19.317685459326064,108.73860552101797,1512.6932373046875,55.0,1.181658148765564,2.0,3.0,0.6824945081954977,13.63033676147461,40.0,"{""type"":""Point"",""coordinates"":[108.73777842500802,19.319429260403908]}"
3615,0.0,29.0,254.0,73.4472427368164,254.0,18.52267643288029,109.82107543838197,2248.7099609375,46.0,15.022544860839844,5.0,1.0,0.5781109851623754,10.929856300354004,45.0,"{""type"":""Point"",""coordinates"":[109.8228141470647,18.52210114733607]}"
3616,0.0,20.0,13.0,2.2384932041168213,13.0,19.084123485454995,108.64428241618543,1035.3973388671875,57.0,0.18246965110301971,2.0,2.0,0.6650024699834245,15.513045310974121,45.0,"{""type"":""Point"",""coordinates"":[108.64488582929955,19.085780401940085]}"
3617,0.0,29.0,64.0,20.95547103881836,26.0,19.52429797467356,109.96480588384111,2611.948974609375,44.0,1.1358296871185303,4.0,3.0,0.7789584640085292,13.654617309570312,36.0,"{""type"":""Point"",""coordinates"":[109.96449985190587,19.525332584821182]}"
3618,0.0,27.0,714.0,52.84678268432617,559.0,18.6888647604424,109.34047676137806,2029.6580810546875,50.0,17.645286560058594,5.0,1.0,0.5298517395028486,10.393060684204102,46.0,"{""type"":""Point"",""coordinates"":[109.34192940157459,18.686773250418927]}"
3619,0.0,30.0,10.0,13.159642219543457,10.0,19.317685459326064,110.62955919408955,2429.614990234375,41.0,0.5863186717033386,6.0,3.0,0.7807893503227835,14.079105377197266,39.0,"{""type"":""Point"",""coordinates"":[110.63098259407786,19.317995238181286]}"
3620,0.0,29.0,68.0,44.25365447998047,53.0,19.052682450510808,110.23879204549758,2676.398193359375,40.0,3.493623733520508,4.0,2.0,0.7021569073870514,12.527559280395508,44.0,"{""type"":""Point"",""coordinates"":[110.23854615138475,19.05309006731442]}"
3621,0.0,27.0,34.0,15.568110466003418,25.0,19.618621079506106,110.35557303243309,2519.470947265625,48.0,0.7849566340446472,3.0,3.0,0.7782733064026333,13.76913070678711,36.0,"{""type"":""Point"",""coordinates"":[110.35766125277115,19.620860379889486]}"
3622,0.0,26.0,36.0,13.403276443481445,32.0,19.263786542278893,108.84191177869172,1614.8814697265625,52.0,2.300388813018799,2.0,2.0,0.6838650680269611,12.964947700500488,42.0,"{""type"":""Point"",""coordinates"":[108.84078267500159,19.263778691727786]}"
3623,0.0,28.0,63.0,20.30208969116211,42.0,19.57819689172073,110.13997736424443,2668.114990234375,48.0,1.0218969583511353,4.0,3.0,0.7705578146079669,13.760937690734863,34.0,"{""type"":""Point"",""coordinates"":[110.13847321579715,19.57837634564289]}"
3624,0.0,25.0,230.0,50.66665267944336,171.0,19.084123485454995,109.94683957815869,2456.61181640625,47.0,5.868077278137207,4.0,2.0,0.6282400498899263,11.905560493469238,43.0,"{""type"":""Point"",""coordinates"":[109.94633123575063,19.08582234773456]}"
3625,0.0,23.0,145.0,77.92617797851562,116.0,19.488365363308773,110.1624352463474,2754.9521484375,53.0,8.22442626953125,4.0,3.0,0.6571289319243502,11.618926048278809,37.0,"{""type"":""Point"",""coordinates"":[110.16195571391658,19.49026060051086]}"
3626,0.0,24.0,228.0,21.456035614013672,107.0,19.043699297669612,109.87048277900857,2390.661865234375,51.0,1.6068017482757568,4.0,2.0,0.6501943263984639,13.205397605895996,41.0,"{""type"":""Point"",""coordinates"":[109.87014071241795,19.044506161219065]}"
3627,0.0,23.0,1317.0,27.60234260559082,1227.0,19.079631909034397,109.17428843381595,1930.5584716796875,49.0,16.35703468322754,13.0,2.0,0.5234511505461836,9.603804588317871,41.0,"{""type"":""Point"",""coordinates"":[109.17497018094168,19.078068602951095]}"
3628,0.0,29.0,25.0,12.593994140625,22.0,19.753368372124037,110.3241319974889,2397.55322265625,46.0,0.5867417454719543,4.0,4.0,0.8031941472174174,14.067059516906738,30.0,"{""type"":""Point"",""coordinates"":[110.3237220379955,19.754325994117718]}"
3629,0.0,28.0,268.0,14.83972454071045,146.0,18.805645747377937,109.90192381395275,2220.075439453125,43.0,1.0442664623260498,4.0,1.0,0.631165539870811,13.609883308410645,43.0,"{""type"":""Point"",""coordinates"":[109.90300648563965,18.806814324580063]}"
3630,0.0,28.0,29.0,9.977962493896484,27.0,19.793792559909413,110.40947194948029,2397.667724609375,42.0,0.21588681638240814,6.0,4.0,0.7825994855066497,15.063878059387207,34.0,"{""type"":""Point"",""coordinates"":[110.41044513998895,19.793005315620167]}"
3631,0.0,28.0,255.0,43.903446197509766,152.0,18.864036240845707,109.99175534236468,2381.689697265625,49.0,5.578201770782471,4.0,2.0,0.6109573540180926,11.939997673034668,46.0,"{""type"":""Point"",""coordinates"":[109.99049573542298,18.864198938194583]}"
3632,0.0,30.0,25.0,7.25587272644043,26.0,19.80277571275061,109.2326789272837,1730.8367919921875,38.0,0.5141597390174866,3.0,4.0,0.7448857531393411,14.470147132873535,33.0,"{""type"":""Point"",""coordinates"":[109.23384455012736,19.80224899849405]}"
3633,0.0,25.0,171.0,16.04215431213379,113.0,19.46590748120579,109.53361454746374,2251.46826171875,53.0,1.1871607303619385,4.0,3.0,0.6740265499317801,13.544917106628418,35.0,"{""type"":""Point"",""coordinates"":[109.53558407942307,19.464890478666543]}"
3634,0.0,37.0,91.0,9.59311580657959,66.0,19.757859948544635,109.76268494491421,2111.72119140625,37.0,0.5140599012374878,5.0,4.0,0.7163965243287498,14.431375503540039,34.0,"{""type"":""Point"",""coordinates"":[109.76482601518758,19.759158362284793]}"
3635,0.0,33.0,649.0,40.05941390991211,536.0,18.922426734313476,109.09344005824516,1748.53955078125,41.0,16.405061721801758,7.0,2.0,0.5461187115213648,10.531148910522461,41.0,"{""type"":""Point"",""coordinates"":[109.09414563267892,18.923393694004794]}"
3636,0.0,26.0,48.0,20.913089752197266,40.0,19.71743576075925,110.47235401936865,2416.96728515625,48.0,1.6338915824890137,5.0,3.0,0.7659459535054114,13.025070190429688,33.0,"{""type"":""Point"",""coordinates"":[110.47260795568499,19.715703207824284]}"
3637,0.0,26.0,215.0,19.529247283935547,75.0,18.79217101811615,109.28208626791024,1897.7144775390625,51.0,2.805332660675049,4.0,1.0,0.6324812258398255,12.656078338623047,44.0,"{""type"":""Point"",""coordinates"":[109.28378355614127,18.793948717037598]}"
3638,0.0,22.0,38.0,12.9540376663208,29.0,19.60514635024431,110.3151488446477,2562.081298828125,54.0,0.36980941891670227,4.0,3.0,0.7741144740846821,14.754096031188965,37.0,"{""type"":""Point"",""coordinates"":[110.31396235916529,19.605442369126283]}"
3639,0.0,25.0,215.0,35.24057388305664,104.0,19.030224568407817,109.92438169605572,2414.850830078125,50.0,3.5284218788146973,4.0,2.0,0.6402375230388956,12.426283836364746,42.0,"{""type"":""Point"",""coordinates"":[109.92345155878024,19.032040871742]}"
3640,0.0,26.0,671.0,82.29112243652344,518.0,19.151497131763954,109.77615967417603,2623.226806640625,48.0,15.806099891662598,5.0,2.0,0.5834881464687618,10.550230026245117,42.0,"{""type"":""Point"",""coordinates"":[109.7773337927125,19.15351330843339]}"
3641,0.0,30.0,32.0,19.609298706054688,23.0,19.757859948544635,110.23879204549758,2446.22412109375,41.0,1.393938660621643,4.0,4.0,0.7877699459297511,13.196264266967773,33.0,"{""type"":""Point"",""coordinates"":[110.23992561910218,19.758578523982447]}"
3642,0.0,26.0,32.0,12.136702537536621,14.0,19.71294418433866,110.03217953015007,2457.389892578125,42.0,0.3495071232318878,4.0,3.0,0.8026986135953753,14.852110862731934,33.0,"{""type"":""Point"",""coordinates"":[110.03171956880261,19.713440697616086]}"
3643,0.0,27.0,82.0,15.055167198181152,52.0,19.57370531530013,110.05014583583244,2620.673095703125,46.0,0.530387818813324,4.0,3.0,0.7606534497831001,14.405508995056152,34.0,"{""type"":""Point"",""coordinates"":[110.04982093825426,19.571799244397315]}"
3644,0.0,24.0,157.0,19.73615074157715,71.0,19.389550682055628,109.38090094916339,2177.145263671875,56.0,1.9213387966156006,4.0,3.0,0.7087803436102852,13.072044372558594,33.0,"{""type"":""Point"",""coordinates"":[109.3797012352629,19.38783976883683]}"
3645,0.0,21.0,43.0,21.45781135559082,43.0,18.3205554939534,109.17428843381595,1718.349609375,58.0,3.8986546993255615,3.0,0.0,0.6859355142543738,12.432299613952637,39.0,"{""type"":""Point"",""coordinates"":[109.17629070273246,18.322337693314587]}"
3646,0.0,22.0,37.0,13.707716941833496,28.0,19.60514635024431,110.40498037305969,2493.11572265625,53.0,0.5506730079650879,4.0,3.0,0.7748605627994176,14.121354103088379,36.0,"{""type"":""Point"",""coordinates"":[110.40527742950334,19.60495271403874]}"
3647,0.0,25.0,73.0,15.7432279586792,71.0,19.55124743319714,109.31801887927503,2085.647705078125,51.0,1.388424277305603,3.0,3.0,0.6920021657314773,13.448400497436523,37.0,"{""type"":""Point"",""coordinates"":[109.31731841507795,19.552723183716942]}"
3648,0.0,31.0,373.0,43.10422134399414,217.0,18.805645747377937,109.3898841020046,2032.519287109375,46.0,9.493691444396973,5.0,1.0,0.5822590375085257,11.320087432861328,44.0,"{""type"":""Point"",""coordinates"":[109.3893307496385,18.805950156680687]}"
3649,0.0,25.0,62.0,12.356527328491211,62.0,19.52429797467356,109.1877631630777,1981.169921875,51.0,1.0483800172805786,2.0,3.0,0.7104167392185107,13.73593807220459,34.0,"{""type"":""Point"",""coordinates"":[109.18638413276328,19.525760361496797]}"
3650,0.0,27.0,153.0,32.19235610961914,118.0,18.917935157892877,110.12650263498261,2418.375244140625,49.0,3.0522639751434326,4.0,2.0,0.637246435433561,12.611115455627441,44.0,"{""type"":""Point"",""coordinates"":[110.12729892720319,18.919299526051912]}"
3651,0.0,30.0,504.0,52.73378372192383,459.0,18.62598269055404,109.58751346451089,2311.56005859375,46.0,9.825380325317383,4.0,1.0,0.5832532881474015,11.185270309448242,45.0,"{""type"":""Point"",""coordinates"":[109.58861440428842,18.62522646745733]}"
3652,0.0,23.0,10.0,4.520704746246338,9.0,18.477760668674314,108.89581069573887,1418.4698486328125,49.0,0.333407998085022,2.0,1.0,0.7057320342972696,14.911977767944336,42.0,"{""type"":""Point"",""coordinates"":[108.89606527119375,18.47877073386557]}"
3653,0.0,27.0,6.0,10.629801750183105,7.0,19.88811566474196,110.58913500630416,2200.4326171875,42.0,0.6699091792106628,3.0,4.0,0.7550227731547766,13.269050598144531,42.0,"{""type"":""Point"",""coordinates"":[110.59008440519415,19.887910164994697]}"
3654,0.0,28.0,160.0,48.98251724243164,55.0,18.91344358147228,109.96480588384111,2542.07275390625,45.0,5.04041862487793,3.0,2.0,0.6806246334829703,12.103485107421875,45.0,"{""type"":""Point"",""coordinates"":[109.96400049853555,18.91376356664492]}"
3655,0.0,21.0,138.0,16.271005630493164,56.0,19.358109647111448,109.77166809775542,2445.869384765625,55.0,0.8357899188995361,4.0,3.0,0.7244359421200811,13.916589736938477,38.0,"{""type"":""Point"",""coordinates"":[109.77337083617334,19.356521955663062]}"
3656,0.0,21.0,66.0,9.666886329650879,60.0,19.10208979113738,108.83292862585051,1489.7042236328125,60.0,1.714570164680481,2.0,2.0,0.6543407756235659,13.24146556854248,40.0,"{""type"":""Point"",""coordinates"":[108.83154025326544,19.103891107867636]}"
3657,0.0,27.0,389.0,36.13068389892578,379.0,18.531659585721485,109.15183055171292,1874.252197265625,52.0,8.994441986083984,4.0,1.0,0.569099017959909,11.363386154174805,45.0,"{""type"":""Point"",""coordinates"":[109.15154717446198,18.53166261873353]}"
3658,0.0,31.0,579.0,22.211658477783203,512.0,18.59903323203045,109.44827459547236,2114.372802734375,41.0,3.000957727432251,6.0,1.0,0.5871217608564941,12.31828498840332,46.0,"{""type"":""Point"",""coordinates"":[109.44953330535392,18.597274922891177]}"
3659,0.0,29.0,749.0,20.365198135375977,705.0,18.706831066124792,108.91826857784184,1526.61865234375,47.0,8.32834529876709,7.0,1.0,0.5238993902748116,11.134819984436035,47.0,"{""type"":""Point"",""coordinates"":[108.91933139501319,18.70527398438684]}"
3660,0.0,26.0,527.0,75.88319396972656,372.0,19.147005555343355,109.753701792073,2475.905517578125,48.0,14.268940925598145,4.0,2.0,0.5891955722099199,10.782444953918457,42.0,"{""type"":""Point"",""coordinates"":[109.75421562845119,19.148680941393476]}"
3661,0.0,33.0,386.0,26.0623722076416,209.0,19.205396048811124,109.50666508894017,2279.33447265625,38.0,2.8484714031219482,4.0,2.0,0.64281302326789,12.522847175598145,38.0,"{""type"":""Point"",""coordinates"":[109.50770475370727,19.203258484062662]}"
3662,0.0,21.0,8.0,7.740516662597656,8.0,18.473269092253716,110.06811214151486,2033.932861328125,46.0,0.18239670991897583,2.0,1.0,0.7357266118672552,15.516316413879395,44.0,"{""type"":""Point"",""coordinates"":[110.06729640777688,18.471865336528285]}"
3663,0.0,28.0,173.0,38.38688659667969,98.0,19.367092799952644,109.83005859122318,2479.947265625,44.0,3.670532703399658,5.0,3.0,0.6665390837895123,12.413653373718262,38.0,"{""type"":""Point"",""coordinates"":[109.83084124688702,19.366473278067247]}"
3664,0.0,22.0,258.0,30.48114585876465,143.0,19.29522757722308,109.40335883126642,2248.090576171875,55.0,3.471283435821533,3.0,3.0,0.6410806856403184,12.414275169372559,39.0,"{""type"":""Point"",""coordinates"":[109.40231015059217,19.29434255012186]}"
3665,0.0,28.0,353.0,18.541696548461914,333.0,18.549625891403878,109.14284739887177,1856.960693359375,50.0,3.0103580951690674,4.0,1.0,0.5844935985883499,12.491345405578613,46.0,"{""type"":""Point"",""coordinates"":[109.14453710822251,18.547623299822696]}"
3666,0.0,24.0,16.0,9.715439796447754,16.0,20.000405075256907,110.35557303243309,2102.5908203125,47.0,0.6210750937461853,3.0,4.0,0.7475785292584258,13.390932083129883,40.0,"{""type"":""Point"",""coordinates"":[110.35364266324467,20.002120406359644]}"
3667,0.0,29.0,16.0,5.852726936340332,14.0,19.77133467780643,110.79125594523106,2001.058837890625,49.0,0.057359881699085236,4.0,4.0,0.737635468984927,15.71201229095459,42.0,"{""type"":""Point"",""coordinates"":[110.79133091346034,19.772171783462053]}"
3668,0.0,29.0,111.0,32.53396987915039,94.0,19.079631909034397,110.20285943413279,2676.398193359375,39.0,2.1743240356445312,4.0,2.0,0.6598089349306705,12.976675033569336,44.0,"{""type"":""Point"",""coordinates"":[110.20310776058989,19.080548041946404]}"
3669,0.0,25.0,330.0,29.618080139160156,139.0,19.052682450510808,109.69531129860525,2321.585693359375,48.0,3.0888540744781494,4.0,2.0,0.6341608860619891,12.48186206817627,41.0,"{""type"":""Point"",""coordinates"":[109.69602902158275,19.051495409199095]}"
3670,0.0,28.0,375.0,103.33686065673828,298.0,19.26827811869949,109.91539854321451,2763.47119140625,47.0,15.674262046813965,4.0,2.0,0.6144454816345722,10.801063537597656,38.0,"{""type"":""Point"",""coordinates"":[109.91622154651274,19.26901890669466]}"
3671,0.0,22.0,127.0,7.4041619300842285,111.0,18.594541655609852,109.03954114119801,1758.670654296875,54.0,0.5162250995635986,2.0,1.0,0.5950843615124185,14.40526008605957,47.0,"{""type"":""Point"",""coordinates"":[109.03998641985622,18.595439983949642]}"
3672,0.0,23.0,408.0,18.1275691986084,393.0,18.65293214907762,108.90928542500069,1575.259033203125,53.0,4.4778666496276855,4.0,1.0,0.5512892046178686,12.053031921386719,48.0,"{""type"":""Point"",""coordinates"":[108.90884221906961,18.652641511584537]}"
3673,0.0,17.0,4.0,4.54685115814209,3.0,18.437336480888938,108.90928542500069,1486.1839599609375,60.0,0.23727139830589294,2.0,1.0,0.7260694134403687,15.255584716796875,40.0,"{""type"":""Point"",""coordinates"":[108.90778820906002,18.43627119708311]}"
3674,0.0,21.0,57.0,9.282817840576172,49.0,19.191921319549337,108.90479384858008,1684.2281494140625,58.0,1.0470130443572998,3.0,2.0,0.6727116970759598,13.74019718170166,42.0,"{""type"":""Point"",""coordinates"":[108.90587154296936,19.1928113803589]}"
3675,0.0,29.0,721.0,41.39707565307617,651.0,18.841578358742723,108.97665907130965,1657.1302490234375,49.0,22.370079040527344,9.0,2.0,0.5224875054390873,10.128671646118164,41.0,"{""type"":""Point"",""coordinates"":[108.97796570406302,18.842543211473643]}"
3676,0.0,24.0,1.0,8.239128112792969,4.0,18.76971313601316,110.44091298442447,2122.045654296875,42.0,0.18243172764778137,3.0,1.0,0.7155609561359135,15.501104354858398,51.0,"{""type"":""Point"",""coordinates"":[110.44182249330326,18.771624223438145]}"
3677,0.0,29.0,180.0,51.90624237060547,178.0,18.531659585721485,109.8031091326996,2248.7099609375,44.0,7.966153621673584,5.0,1.0,0.6004445204295288,11.629240989685059,46.0,"{""type"":""Point"",""coordinates"":[109.8009581232098,18.53325594468757]}"
3678,0.0,28.0,85.0,8.637540817260742,85.0,19.537772703935353,109.16530528097474,1981.169921875,49.0,0.49027013778686523,3.0,3.0,0.6774977727614973,14.482367515563965,36.0,"{""type"":""Point"",""coordinates"":[109.16715005604439,19.535552676166514]}"
3679,0.0,25.0,329.0,75.85113525390625,329.0,18.62598269055404,110.07709529435607,2390.0078125,51.0,13.650561332702637,4.0,1.0,0.5843161215420639,10.978378295898438,45.0,"{""type"":""Point"",""coordinates"":[110.07510733732198,18.62652106690428]}"
3680,0.0,28.0,276.0,34.611080169677734,120.0,18.80115417095734,109.39886725484581,2032.519287109375,49.0,6.04815149307251,4.0,1.0,0.5934563781887411,11.844426155090332,45.0,"{""type"":""Point"",""coordinates"":[109.39699961448684,18.802561243347874]}"
3681,0.0,31.0,14.0,11.789487838745117,16.0,19.021241415566628,110.47684559578926,2346.3837890625,39.0,0.46342983841896057,4.0,2.0,0.7678644693248184,14.561210632324219,39.0,"{""type"":""Point"",""coordinates"":[110.47891992945425,19.021256009724897]}"
3682,0.0,38.0,48.0,19.550090789794922,49.0,19.838708324115387,109.56056400598732,1813.1151123046875,34.0,3.1158931255340576,5.0,4.0,0.7153147560580208,12.654043197631836,33.0,"{""type"":""Point"",""coordinates"":[109.55986573200127,19.839023553240445]}"
3683,0.0,26.0,39.0,17.864662170410156,40.0,19.87913251190077,110.06811214151486,2360.310302734375,49.0,1.3269479274749756,5.0,4.0,0.7555505991260971,13.2401762008667,35.0,"{""type"":""Point"",""coordinates"":[110.06741309040407,19.87759164353171]}"
3684,0.0,24.0,167.0,9.626117706298828,67.0,19.344634917849653,109.35844306706042,2179.60693359375,55.0,0.40608853101730347,4.0,3.0,0.7009697176556526,14.620319366455078,37.0,"{""type"":""Point"",""coordinates"":[109.35972525277872,19.346381325202728]}"
3685,0.0,23.0,22.0,16.74539566040039,22.0,19.479382210467584,109.03504956477741,1858.53564453125,51.0,2.0466833114624023,3.0,3.0,0.7381719050432497,13.090043067932129,36.0,"{""type"":""Point"",""coordinates"":[109.03681441278053,19.478560600927068]}"
3686,0.0,22.0,8.0,10.881133079528809,11.0,18.302589188271007,109.69531129860525,2084.841064453125,53.0,0.6149343848228455,2.0,0.0,0.7426587415199369,14.300950050354004,42.0,"{""type"":""Point"",""coordinates"":[109.69404214898172,18.304224386069986]}"
3687,0.0,24.0,142.0,65.54908752441406,112.0,19.46141590478519,110.19387628129158,2754.9521484375,50.0,6.163478851318359,5.0,3.0,0.657005193414515,11.91229248046875,39.0,"{""type"":""Point"",""coordinates"":[110.19274541042019,19.463401566026192]}"
3688,0.0,27.0,12.0,6.785192012786865,14.0,19.677011572973875,110.86312116796063,1888.65966796875,47.0,0.3763298988342285,7.0,3.0,0.7410604809852699,13.8368558883667,40.0,"{""type"":""Point"",""coordinates"":[110.86246680416346,19.677852672573543]}"
3689,0.0,30.0,180.0,23.675296783447266,106.0,19.389550682055628,109.82107543838197,2479.947265625,45.0,1.7720965147018433,4.0,3.0,0.6755452050517401,13.138433456420898,37.0,"{""type"":""Point"",""coordinates"":[109.82292796842256,19.38766280070775]}"
3690,0.0,24.0,35.0,9.421875,35.0,19.91057354684495,109.72226075712882,1738.626708984375,46.0,0.8888615965843201,2.0,4.0,0.7326020685962318,13.916879653930664,33.0,"{""type"":""Point"",""coordinates"":[109.72237008420625,19.911588504706938]}"
3691,0.0,24.0,101.0,17.755342483520508,63.0,19.501840092570568,109.90192381395275,2541.084228515625,53.0,0.9089394211769104,4.0,3.0,0.7243091029483297,13.855340957641602,38.0,"{""type"":""Point"",""coordinates"":[109.90328615858384,19.500524838436885]}"
3692,0.0,29.0,125.0,22.28508949279785,87.0,19.49734851614997,109.94234800173814,2595.20703125,42.0,1.2941409349441528,4.0,3.0,0.6930996917788455,13.487287521362305,39.0,"{""type"":""Point"",""coordinates"":[109.94117388195865,19.49523628963141]}"
3693,0.0,30.0,108.0,11.418375968933105,105.0,19.55124743319714,109.37191779632224,2122.483642578125,47.0,0.7523806691169739,3.0,3.0,0.6624248375532549,14.040155410766602,37.0,"{""type"":""Point"",""coordinates"":[109.37053993676163,19.552929596747855]}"
3694,0.0,22.0,197.0,11.579973220825195,149.0,18.648440572657023,109.10691478750698,1865.8759765625,53.0,1.1255661249160767,3.0,1.0,0.6001336682664965,13.58162784576416,46.0,"{""type"":""Point"",""coordinates"":[109.10663984036725,18.650269264349866]}"
3695,0.0,28.0,480.0,18.258039474487305,466.0,18.71132264254539,108.85089493153288,1457.0872802734375,50.0,6.423510551452637,6.0,1.0,0.5450875255501876,11.634990692138672,46.0,"{""type"":""Point"",""coordinates"":[108.85025221981647,18.710700055403432]}"
3696,0.0,27.0,35.0,10.88691234588623,32.0,18.608016384871647,109.9513311545793,2217.72900390625,43.0,0.4627284109592438,4.0,1.0,0.7054954991475799,14.56973934173584,47.0,"{""type"":""Point"",""coordinates"":[109.95236598500469,18.609676512721673]}"
3697,0.0,23.0,49.0,18.455554962158203,39.0,19.0706487561932,110.29718253896533,2629.15380859375,50.0,0.8029860258102417,4.0,2.0,0.7401506520323038,14.010311126708984,42.0,"{""type"":""Point"",""coordinates"":[110.29513207211039,19.069659543529756]}"
3698,0.0,25.0,21.0,12.744611740112305,10.0,19.726418913600448,110.18040155202976,2547.894775390625,45.0,0.3656105697154999,4.0,3.0,0.8176783818175299,14.575894355773926,32.0,"{""type"":""Point"",""coordinates"":[110.18171607608319,19.7251434669592]}"
3699,0.0,30.0,396.0,28.886226654052734,362.0,18.832595205901526,108.89581069573887,1565.10791015625,46.0,10.488612174987793,7.0,2.0,0.5586156188118822,11.201558113098145,43.0,"{""type"":""Point"",""coordinates"":[108.89587645023994,18.831877447117876]}"
3700,0.0,26.0,43.0,14.682530403137207,44.0,19.367092799952644,108.70267290965319,1430.5491943359375,49.0,3.585662841796875,5.0,3.0,0.6485966391712016,12.516225814819336,44.0,"{""type"":""Point"",""coordinates"":[108.70269623776615,19.366683572174153]}"
3701,0.0,24.0,75.0,9.697236061096191,44.0,19.72192733717985,109.74471863923185,2118.572265625,49.0,0.4195990562438965,3.0,3.0,0.7409801365832389,14.644011497497559,34.0,"{""type"":""Point"",""coordinates"":[109.74484966758759,19.722750931917425]}"
3702,0.0,24.0,24.0,8.909122467041016,24.0,18.34750495247698,109.4347998662106,1884.799072265625,50.0,0.5934222340583801,4.0,0.0,0.7346289719586944,14.32734489440918,38.0,"{""type"":""Point"",""coordinates"":[109.43262444441196,18.34882283804473]}"
3703,0.0,31.0,61.0,9.09365177154541,61.0,19.371584376373235,108.91377700142124,1667.8377685546875,41.0,1.0586732625961304,3.0,3.0,0.667021832366456,13.726757049560547,40.0,"{""type"":""Point"",""coordinates"":[108.91229364538363,19.370830400081083]}"
3704,0.0,29.0,180.0,51.90624237060547,178.0,18.531659585721485,109.8031091326996,2248.7099609375,44.0,7.966153621673584,5.0,1.0,0.6004445204295288,11.629240989685059,46.0,"{""type"":""Point"",""coordinates"":[109.80511986938635,18.531964370914427]}"
3705,0.0,31.0,353.0,41.08014678955078,231.0,19.191921319549337,109.25513680938667,2045.2894287109375,39.0,7.8787455558776855,7.0,2.0,0.6168673546088059,11.523825645446777,38.0,"{""type"":""Point"",""coordinates"":[109.25708258958076,19.19333252016454]}"
3706,0.0,25.0,27.0,5.243470191955566,27.0,19.816250442012404,110.97541057847559,1553.5382080078125,48.0,0.6569076776504517,3.0,4.0,0.657246012204655,12.83940601348877,50.0,"{""type"":""Point"",""coordinates"":[110.97686293443273,19.816402140087774]}"
3707,0.0,25.0,94.0,22.04018783569336,39.0,19.38505910563503,109.89743223753214,2610.899169921875,47.0,1.198058009147644,4.0,3.0,0.7533785805547573,13.583332061767578,38.0,"{""type"":""Point"",""coordinates"":[109.89716954942652,19.383455010068662]}"
3708,0.0,24.0,44.0,12.591561317443848,45.0,19.74438521928284,110.83168013301645,1988.4483642578125,51.0,1.8180243968963623,5.0,4.0,0.6955801075685548,12.212630271911621,42.0,"{""type"":""Point"",""coordinates"":[110.83066367564592,19.745243018268344]}"
3709,0.0,34.0,161.0,12.255024909973145,161.0,19.753368372124037,109.56505558240792,1916.146240234375,42.0,1.2988183498382568,5.0,4.0,0.6685849032369902,13.4613037109375,32.0,"{""type"":""Point"",""coordinates"":[109.56329361628495,19.753158690991558]}"
3710,0.0,25.0,172.0,20.37644386291504,137.0,18.8820025465281,110.1175194821414,2323.69580078125,48.0,1.5564063787460327,4.0,2.0,0.6321039779626322,13.273366928100586,45.0,"{""type"":""Point"",""coordinates"":[110.11769194386417,18.88246794854462]}"
3711,0.0,27.0,223.0,56.520084381103516,226.0,18.369962834579972,109.60547977019331,2123.577880859375,48.0,11.109288215637207,4.0,1.0,0.5938724674964491,11.262757301330566,43.0,"{""type"":""Point"",""coordinates"":[109.60684935426255,18.371790700072303]}"
3712,0.0,28.0,80.0,24.007373809814453,80.0,19.447941175523397,110.5756602770424,2491.82763671875,42.0,1.8880878686904907,4.0,3.0,0.6909800965669393,12.855338096618652,40.0,"{""type"":""Point"",""coordinates"":[110.57707492403867,19.445800021668692]}"
3713,0.0,23.0,33.0,6.666416168212891,33.0,18.360979681738776,109.20123789233952,1837.2635498046875,50.0,0.2593298852443695,2.0,1.0,0.7120920527383885,15.149957656860352,40.0,"{""type"":""Point"",""coordinates"":[109.20124282778744,18.35964041184036]}"
3714,0.0,42.0,105.0,12.488359451293945,105.0,19.789300983488815,109.60098819377271,1944.1265869140625,33.0,1.3316529989242554,6.0,4.0,0.669932242575021,13.470921516418457,33.0,"{""type"":""Point"",""coordinates"":[109.60308967794222,19.78959784142346]}"
3715,0.0,25.0,4.0,3.321364641189575,7.0,18.527168009300887,108.69818133323258,1189.3421630859375,54.0,0.4234585464000702,2.0,1.0,0.7120028993806478,14.586601257324219,38.0,"{""type"":""Point"",""coordinates"":[108.69953907356036,18.52570358921495]}"
3716,0.0,24.0,91.0,21.606956481933594,82.0,19.645570538029695,109.47971563041654,2077.98583984375,52.0,2.36299991607666,5.0,3.0,0.7026346126123565,12.905488014221191,31.0,"{""type"":""Point"",""coordinates"":[109.47936654251406,19.644119840336028]}"
3717,0.0,32.0,56.0,35.722652435302734,53.0,18.62598269055404,109.99624691878529,2217.72900390625,41.0,4.418291091918945,4.0,1.0,0.6700244395365148,12.299101829528809,46.0,"{""type"":""Point"",""coordinates"":[109.99815857278874,18.6274076168113]}"
3718,0.0,29.0,288.0,76.01775360107422,288.0,18.643948996236425,110.18489312845037,2417.495361328125,46.0,13.195319175720215,4.0,1.0,0.5896307808870707,11.041975975036621,45.0,"{""type"":""Point"",""coordinates"":[110.18316942422352,18.64390579999712]}"
3719,0.0,25.0,6.0,6.39346981048584,7.0,20.018371380939293,110.67447495829555,1861.01318359375,49.0,0.370748370885849,3.0,4.0,0.7179732595319024,13.458922386169434,46.0,"{""type"":""Point"",""coordinates"":[110.67398117027244,20.019028927642633]}"
3720,0.0,29.0,450.0,21.956710815429688,430.0,18.79666259453675,110.1579436699268,2457.463134765625,48.0,1.8018461465835571,4.0,1.0,0.6133546398224176,12.933327674865723,47.0,"{""type"":""Point"",""coordinates"":[110.15976019343552,18.797890709370545]}"
3721,0.0,25.0,116.0,21.750276565551758,59.0,19.38505910563503,110.12201105856201,2707.252685546875,49.0,1.0638482570648193,4.0,3.0,0.7346385849190408,13.688814163208008,37.0,"{""type"":""Point"",""coordinates"":[110.12013865924833,19.38323909361934]}"
3722,0.0,33.0,96.0,15.162029266357422,79.0,19.376075952793833,110.32862357390951,2669.67236328125,39.0,0.5303537845611572,4.0,3.0,0.707543366829686,14.397154808044434,39.0,"{""type"":""Point"",""coordinates"":[110.32909403498353,19.37651477786567]}"
3723,0.0,28.0,305.0,101.41787719726562,288.0,19.191921319549337,110.18489312845037,2764.740234375,42.0,13.725523948669434,5.0,2.0,0.6114120189775443,10.989413261413574,41.0,"{""type"":""Point"",""coordinates"":[110.18568266830437,19.193605431890393]}"
3724,0.0,26.0,159.0,8.060343742370605,30.0,18.73827210106898,109.16530528097474,1839.992431640625,52.0,0.5839211344718933,2.0,1.0,0.6933714993674165,14.262141227722168,43.0,"{""type"":""Point"",""coordinates"":[109.1645111357201,18.737788519873902]}"
3725,0.0,28.0,129.0,11.03422737121582,113.0,19.088615061875586,108.94521803636547,1629.420166015625,46.0,1.6363122463226318,4.0,2.0,0.6204471874926889,13.250126838684082,39.0,"{""type"":""Point"",""coordinates"":[108.94670855018119,19.09048087789973]}"
3726,0.0,24.0,244.0,57.091060638427734,152.0,19.46141590478519,109.72675233354943,2486.26806640625,55.0,7.402572154998779,4.0,3.0,0.6551010676991753,11.661937713623047,36.0,"{""type"":""Point"",""coordinates"":[109.72465322417621,19.46044263836772]}"
3727,0.0,24.0,107.0,15.363030433654785,96.0,19.0751403326138,108.84640335511227,1515.2474365234375,58.0,3.620656728744507,3.0,2.0,0.6037107554381651,12.4683198928833,41.0,"{""type"":""Point"",""coordinates"":[108.84672474491448,19.075422649326285]}"
3728,0.0,28.0,4.0,7.629266738891602,5.0,20.040829263042284,110.17590997560922,1960.414306640625,42.0,0.42200300097465515,2.0,4.0,0.765312891415898,13.79417610168457,37.0,"{""type"":""Point"",""coordinates"":[110.17461688365344,20.041229457239876]}"
3729,0.0,29.0,48.0,18.874347686767578,49.0,19.533281127514755,110.69693284039852,2346.40771484375,44.0,1.6635493040084839,7.0,3.0,0.749007293365183,12.843733787536621,34.0,"{""type"":""Point"",""coordinates"":[110.69555503494855,19.53356676645626]}"
3730,0.0,23.0,195.0,7.716785907745361,55.0,18.724797371807185,109.2775946914897,1910.4122314453125,56.0,0.417076051235199,3.0,1.0,0.6645030086986189,14.575797080993652,44.0,"{""type"":""Point"",""coordinates"":[109.27667660924143,18.722788355404404]}"
3731,0.0,25.0,9.0,4.481705188751221,9.0,19.4434495991028,108.83292862585051,1586.5736083984375,49.0,0.1298488974571228,6.0,3.0,0.7285336710159019,15.855557441711426,40.0,"{""type"":""Point"",""coordinates"":[108.83202891216663,19.442175650665256]}"
3732,0.0,21.0,50.0,26.53515625,50.0,18.35199652889758,109.33598518495745,1923.34423828125,55.0,3.854356527328491,3.0,0.0,0.6938051493062151,12.439657211303711,38.0,"{""type"":""Point"",""coordinates"":[109.33375887055652,18.353653331741786]}"
3733,0.0,25.0,147.0,7.568118095397949,67.0,19.317685459326064,109.29556099717206,2069.657470703125,54.0,0.22943836450576782,4.0,3.0,0.6918663368492701,15.20380687713623,38.0,"{""type"":""Point"",""coordinates"":[109.29519527391692,19.316884382878534]}"
3734,0.0,27.0,472.0,86.89312744140625,431.0,18.729288948227783,109.71776918070822,2415.818359375,48.0,18.73270034790039,4.0,1.0,0.5443021738883899,10.53860855102539,49.0,"{""type"":""Point"",""coordinates"":[109.71971224189078,18.727549370433735]}"
3735,0.0,23.0,36.0,16.86661720275879,22.0,19.699469455076866,110.14446894066504,2586.041259765625,50.0,0.6989864110946655,2.0,3.0,0.8114421042770545,14.156638145446777,30.0,"{""type"":""Point"",""coordinates"":[110.14658890479171,19.699239527458143]}"
3736,0.0,28.0,322.0,50.92563247680664,217.0,18.864036240845707,109.98277218952347,2381.689697265625,47.0,7.219909191131592,4.0,2.0,0.601207467866859,11.634086608886719,46.0,"{""type"":""Point"",""coordinates"":[109.98153954161302,18.866097321944203]}"
3737,0.0,27.0,7.0,11.199601173400879,9.0,19.627604232347302,110.76430648670748,2131.49169921875,42.0,0.7080488801002502,4.0,3.0,0.7712253818183066,13.734786987304688,37.0,"{""type"":""Point"",""coordinates"":[110.76472655614101,19.627156109440733]}"
3738,0.0,22.0,80.0,10.723217010498047,47.0,19.672519996553277,109.83455016764378,2251.205078125,54.0,0.4195881187915802,3.0,3.0,0.7541862928564693,14.641051292419434,32.0,"{""type"":""Point"",""coordinates"":[109.83324691260748,19.673854406331074]}"
3739,0.0,26.0,117.0,14.72315502166748,68.0,19.403025411317422,109.25962838580728,2098.8427734375,48.0,1.205450177192688,3.0,3.0,0.7074457639574264,13.563209533691406,34.0,"{""type"":""Point"",""coordinates"":[109.26136210829748,19.405237034460228]}"
3740,0.0,31.0,317.0,57.96281433105469,186.0,19.263786542278893,109.58751346451089,2338.775634765625,36.0,8.956182479858398,4.0,2.0,0.6285717447155201,11.419196128845215,38.0,"{""type"":""Point"",""coordinates"":[109.58722894118668,19.264747283908804]}"
3741,0.0,30.0,222.0,34.071998596191406,98.0,18.82361205306033,109.13835582245116,1919.5919189453125,43.0,6.557860374450684,5.0,2.0,0.5916431033238109,11.79879093170166,45.0,"{""type"":""Point"",""coordinates"":[109.13700108181706,18.82364242052033]}"
3742,0.0,24.0,13.0,7.780166149139404,14.0,19.99591349883631,110.7777812159693,1932.630615234375,49.0,0.6497116684913635,2.0,4.0,0.7080020705274185,12.882314682006836,47.0,"{""type"":""Point"",""coordinates"":[110.77994538117473,19.993991214639514]}"
3743,0.0,27.0,915.0,30.319448471069336,824.0,18.80115417095734,108.98564222415081,1657.1302490234375,49.0,15.812528610229492,10.0,1.0,0.5343505589445078,10.293984413146973,40.0,"{""type"":""Point"",""coordinates"":[108.98531680238604,18.80012740685937]}"
3744,0.0,26.0,147.0,29.011676788330078,130.0,19.290736000802482,110.27023308044176,2804.257080078125,44.0,1.5715460777282715,4.0,3.0,0.6843022295040184,13.279380798339844,37.0,"{""type"":""Point"",""coordinates"":[110.27176954696124,19.289732828583528]}"
3745,0.0,24.0,179.0,12.197837829589844,161.0,19.021241415566628,108.85089493153288,1568.9453125,56.0,2.2757978439331055,4.0,2.0,0.6029013097959116,12.888694763183594,41.0,"{""type"":""Point"",""coordinates"":[108.85052373740412,19.019714542649865]}"
3746,0.0,23.0,184.0,85.20125579833984,175.0,18.65293214907762,109.91539854321451,2398.612060546875,51.0,14.191365242004395,3.0,1.0,0.5807551175887253,11.034987449645996,47.0,"{""type"":""Point"",""coordinates"":[109.91475166628439,18.653427403404393]}"
3747,0.0,28.0,199.0,41.71735382080078,190.0,19.21437920165232,110.24328362191818,2742.86279296875,45.0,3.2241740226745605,4.0,2.0,0.6608549728870915,12.527022361755371,40.0,"{""type"":""Point"",""coordinates"":[110.24411866568543,19.214398311598195]}"
3748,0.0,26.0,57.0,20.181238174438477,57.0,19.35361807069085,110.56667712420119,2536.01318359375,47.0,1.2925728559494019,7.0,3.0,0.7341146811034487,13.252521514892578,38.0,"{""type"":""Point"",""coordinates"":[110.56800581575031,19.35420884939355]}"
3749,0.0,26.0,25.0,10.661118507385254,11.0,19.757859948544635,110.15345209350619,2496.65283203125,47.0,0.21585188806056976,4.0,4.0,0.8184344898805491,15.067081451416016,31.0,"{""type"":""Point"",""coordinates"":[110.1553750457982,19.75991648627213]}"
3750,0.0,22.0,16.0,6.7440314292907715,16.0,18.41038702236535,109.14733897529231,1735.9261474609375,59.0,0.4623996317386627,2.0,1.0,0.7208118300571069,14.58145523071289,41.0,"{""type"":""Point"",""coordinates"":[109.14519507711152,18.411761972214972]}"
3751,0.0,29.0,685.0,25.796937942504883,683.0,18.73378052464838,108.80148759090633,1544.5819091796875,49.0,11.760775566101074,5.0,1.0,0.5400174054637071,10.844464302062988,42.0,"{""type"":""Point"",""coordinates"":[108.80012388678765,18.735974704205002]}"
3752,0.0,25.0,62.0,5.383389949798584,54.0,19.29971915364368,108.91377700142124,1705.4638671875,57.0,0.2596462368965149,2.0,3.0,0.6835615927932882,15.13172435760498,39.0,"{""type"":""Point"",""coordinates"":[108.91400730931177,19.301133768277065]}"
3753,0.0,30.0,784.0,51.82760238647461,571.0,18.8820025465281,109.63242922871689,2159.12646484375,44.0,15.144225120544434,6.0,2.0,0.545109757886486,10.484749794006348,45.0,"{""type"":""Point"",""coordinates"":[109.6329264043967,18.879811185730308]}"
3754,0.0,37.0,81.0,33.145206451416016,70.0,19.60514635024431,110.23879204549758,2614.272705078125,36.0,2.6579246520996094,5.0,3.0,0.7277382880018728,12.77377986907959,35.0,"{""type"":""Point"",""coordinates"":[110.23977610129668,19.60570218855473]}"
3755,0.0,27.0,98.0,37.119441986083984,98.0,18.26216500048563,109.53810612388435,1973.4442138671875,49.0,6.537399768829346,4.0,0.0,0.6279208754117904,11.879871368408203,39.0,"{""type"":""Point"",""coordinates"":[109.53725164374318,18.260723197309648]}"
3756,0.0,27.0,451.0,26.22506332397461,281.0,18.85954466442511,109.46174932473417,2064.464599609375,48.0,3.9379515647888184,5.0,2.0,0.583551622252219,12.149463653564453,47.0,"{""type"":""Point"",""coordinates"":[109.46389166966736,18.861008159416222]}"
3757,0.0,32.0,413.0,51.7486457824707,221.0,19.079631909034397,109.4347998662106,2081.326171875,37.0,11.479222297668457,5.0,2.0,0.5848680371831109,11.096445083618164,42.0,"{""type"":""Point"",""coordinates"":[109.43460542673526,19.07922088538171]}"
3758,0.0,29.0,444.0,20.895702362060547,388.0,18.940393039995868,108.94521803636547,1560.781982421875,44.0,6.100181579589844,5.0,2.0,0.5620709973762117,11.714959144592285,44.0,"{""type"":""Point"",""coordinates"":[108.94596666265485,18.940945021530283]}"
3759,0.0,22.0,161.0,17.48391342163086,159.0,18.482252245094912,109.05750744688038,1731.0418701171875,57.0,2.9421544075012207,4.0,1.0,0.5934205950313969,12.642908096313477,45.0,"{""type"":""Point"",""coordinates"":[109.05884559823194,18.48216242073455]}"
3760,0.0,27.0,519.0,32.76146697998047,395.0,18.778696288854356,109.0305579883568,1763.3572998046875,49.0,9.72626781463623,8.0,1.0,0.5650225451915608,11.183516502380371,43.0,"{""type"":""Point"",""coordinates"":[109.03022698481077,18.77928045515508]}"
3761,0.0,27.0,23.0,30.48931121826172,20.0,19.16048028460515,110.34658987959187,2818.614013671875,42.0,1.6224123239517212,4.0,2.0,0.7759470362838089,13.321928977966309,38.0,"{""type"":""Point"",""coordinates"":[110.347948780313,19.158327522595727]}"
3762,0.0,30.0,570.0,22.185842514038086,462.0,18.819120476639732,109.843533320485,2297.9609375,40.0,2.2417683601379395,5.0,1.0,0.6090383494367325,12.618000030517578,44.0,"{""type"":""Point"",""coordinates"":[109.84499362027964,18.81997345500482]}"
3763,0.0,26.0,7.0,12.315022468566895,9.0,19.6365873851885,110.75083175744567,2131.49169921875,46.0,0.9150152206420898,4.0,3.0,0.7704664825245734,13.478324890136719,37.0,"{""type"":""Point"",""coordinates"":[110.75081695993337,19.636532644556127]}"
3764,0.0,29.0,282.0,61.70261764526367,273.0,19.259294965858295,110.27921623328291,2804.257080078125,50.0,6.374490261077881,4.0,2.0,0.6568451213401146,11.78738784790039,37.0,"{""type"":""Point"",""coordinates"":[110.27932901453701,19.26116525527126]}"
3765,0.0,25.0,18.0,10.052696228027344,21.0,18.864036240845707,110.36006460885369,2292.78466796875,48.0,0.29313257336616516,2.0,2.0,0.7269672697743066,15.03611946105957,46.0,"{""type"":""Point"",""coordinates"":[110.35968356957503,18.863848376796916]}"
3766,0.0,22.0,26.0,5.758245944976807,26.0,20.10371133293065,110.6834581111367,1810.24267578125,53.0,0.2513744831085205,2.0,4.0,0.705522100390845,13.759895324707031,43.0,"{""type"":""Point"",""coordinates"":[110.68431836836984,20.102590597010906]}"
3767,0.0,29.0,81.0,21.363096237182617,58.0,19.69048630223567,109.93336484889693,2368.31103515625,45.0,1.6231611967086792,3.0,3.0,0.7393504579253718,13.287346839904785,33.0,"{""type"":""Point"",""coordinates"":[109.9353084607907,19.691077184427385]}"
3768,0.0,29.0,55.0,27.69214630126953,48.0,19.641078961609097,109.45725774831357,2077.98583984375,47.0,3.5860724449157715,3.0,3.0,0.727892045789489,12.509064674377441,33.0,"{""type"":""Point"",""coordinates"":[109.45538507661314,19.64031661834407]}"
3769,0.0,31.0,126.0,35.68524169921875,126.0,18.49123539793611,109.94683957815869,2126.3525390625,41.0,5.027159690856934,4.0,1.0,0.615234527144139,12.127264022827148,44.0,"{""type"":""Point"",""coordinates"":[109.94735782215275,18.492963332560567]}"
3770,0.0,27.0,193.0,31.536020278930664,139.0,19.01674983914603,109.08445690540395,1922.6231689453125,48.0,5.646324634552002,3.0,2.0,0.6149531201025591,11.968362808227539,40.0,"{""type"":""Point"",""coordinates"":[109.0831372524189,19.017183498126524]}"
3771,0.0,26.0,797.0,56.76506042480469,710.0,18.819120476639732,109.72675233354943,2239.583984375,46.0,15.199041366577148,5.0,1.0,0.5473005060490242,10.46744155883789,45.0,"{""type"":""Point"",""coordinates"":[109.72626794991773,18.81932365110203]}"
3772,0.0,28.0,111.0,42.93462371826172,113.0,18.414878598785947,109.68183656934343,2181.570068359375,50.0,6.464242458343506,3.0,1.0,0.6225577567743231,11.883331298828125,42.0,"{""type"":""Point"",""coordinates"":[109.68393268157666,18.416820370430212]}"
3773,0.0,26.0,252.0,49.47945785522461,140.0,19.200904472390526,109.84802489690554,2499.17626953125,50.0,5.712644577026367,4.0,2.0,0.6479348413586479,11.918028831481934,39.0,"{""type"":""Point"",""coordinates"":[109.84899920241178,19.201784164026037]}"
3774,0.0,27.0,12.0,13.776018142700195,12.0,19.281752847961286,110.49032032505102,2727.510986328125,41.0,0.28679710626602173,5.0,3.0,0.7888231142726738,15.042276382446289,39.0,"{""type"":""Point"",""coordinates"":[110.49194216932032,19.281396646660596]}"
3775,0.0,22.0,22.0,8.7041015625,22.0,18.500218550777305,110.01421322446765,2059.764892578125,54.0,0.34942978620529175,2.0,1.0,0.7158304350679382,14.858128547668457,45.0,"{""type"":""Point"",""coordinates"":[110.01237699489135,18.501680148552516]}"
3776,0.0,26.0,274.0,16.09990882873535,272.0,18.49123539793611,109.13386424603056,1765.4906005859375,53.0,2.6552939414978027,4.0,1.0,0.5895876067114463,12.671985626220703,45.0,"{""type"":""Point"",""coordinates"":[109.1332642261103,18.492581451034546]}"
3778,0.0,26.0,108.0,64.31846618652344,104.0,18.819120476639732,110.26574150402115,2413.57763671875,51.0,8.963397026062012,4.0,1.0,0.609104653407324,11.55434513092041,46.0,"{""type"":""Point"",""coordinates"":[110.26768848851628,18.81917691458899]}"
3779,0.0,26.0,39.0,19.945030212402344,27.0,19.120056096819773,110.22980889265637,2754.3955078125,46.0,0.8121114373207092,4.0,2.0,0.7448588539032112,14.004864692687988,44.0,"{""type"":""Point"",""coordinates"":[110.22907610180361,19.118483256462504]}"
3780,0.0,24.0,42.0,14.993379592895508,39.0,19.793792559909413,110.07260371793546,2444.09619140625,53.0,0.8109146356582642,3.0,4.0,0.7754125594302747,13.730457305908203,32.0,"{""type"":""Point"",""coordinates"":[110.07314754481321,19.792233044138346]}"
3781,0.0,28.0,123.0,45.374603271484375,91.0,19.133530826081568,110.09057002361783,2595.68212890625,47.0,4.2288126945495605,4.0,2.0,0.6542087105446247,12.302794456481934,44.0,"{""type"":""Point"",""coordinates"":[110.0912160911203,19.132610302363602]}"
3782,0.0,27.0,431.0,33.30005645751953,286.0,18.73827210106898,109.32700203211624,2073.63134765625,50.0,5.83842658996582,5.0,1.0,0.5879761845302849,11.769025802612305,45.0,"{""type"":""Point"",""coordinates"":[109.32581381904315,18.737603627319057]}"
3783,0.0,28.0,42.0,9.713196754455566,42.0,19.88811566474196,110.3645561852743,2282.446533203125,42.0,0.3103334307670593,7.0,4.0,0.7363620813758242,14.528511047363281,39.0,"{""type"":""Point"",""coordinates"":[110.3647396910989,19.888422302077416]}"
3784,0.0,30.0,89.0,19.918062210083008,59.0,19.569213738879533,110.06811214151486,2620.673095703125,43.0,1.0363718271255493,4.0,3.0,0.7501135868351012,13.731355667114258,34.0,"{""type"":""Point"",""coordinates"":[110.06752454660123,19.567071215845612]}"
3785,0.0,26.0,163.0,27.704383850097656,65.0,19.34912649427025,109.72675233354943,2483.639404296875,44.0,2.095989942550659,4.0,3.0,0.7140162974888102,12.981200218200684,37.0,"{""type"":""Point"",""coordinates"":[109.7288581124605,19.34841952759876]}"
3786,0.0,30.0,283.0,27.578222274780273,159.0,19.173955013866944,109.25962838580728,2045.2894287109375,41.0,3.957991600036621,4.0,2.0,0.636091865280811,12.265820503234863,37.0,"{""type"":""Point"",""coordinates"":[109.26104967442663,19.172843179472416]}"
3787,0.0,28.0,596.0,29.64402198791504,472.0,19.15598870818455,109.21022104518073,1992.6253662109375,49.0,6.143453598022461,7.0,2.0,0.6009980681508268,11.584303855895996,39.0,"{""type"":""Point"",""coordinates"":[109.21070483728394,19.154716993530876]}"
3788,0.0,21.0,71.0,10.669998168945312,61.0,19.18293816670814,108.92276015426245,1684.2281494140625,59.0,1.3794525861740112,2.0,2.0,0.6566443247290726,13.456076622009277,42.0,"{""type"":""Point"",""coordinates"":[108.92363304943675,19.1830177484492]}"
3789,0.0,30.0,6.0,6.319724082946777,7.0,20.036337686621685,110.63405077051016,1872.115966796875,41.0,0.3441552519798279,2.0,4.0,0.7224443649817923,13.533354759216309,45.0,"{""type"":""Point"",""coordinates"":[110.63458159279669,20.036732659991145]}"
3790,0.0,23.0,25.0,16.196760177612305,25.0,19.29971915364368,110.51277820715399,2688.94921875,51.0,0.5474735498428345,6.0,3.0,0.768690908576581,14.369601249694824,40.0,"{""type"":""Point"",""coordinates"":[110.51072950273269,19.30058015532112]}"
3791,0.0,31.0,103.0,20.760360717773438,88.0,19.4434495991028,110.4813371722098,2600.057373046875,37.0,1.1981688737869263,4.0,3.0,0.694218268373684,13.41409969329834,39.0,"{""type"":""Point"",""coordinates"":[110.48317402941423,19.442391676003332]}"
3792,0.0,29.0,81.0,10.55348014831543,81.0,19.528789551094157,109.21022104518073,2056.531494140625,48.0,0.7004725337028503,3.0,3.0,0.6903407450397747,14.12794017791748,35.0,"{""type"":""Point"",""coordinates"":[109.20814005367808,19.529310419942718]}"
3793,0.0,25.0,288.0,34.40322494506836,262.0,18.661915301918818,109.01259168267438,1787.6190185546875,50.0,8.310858726501465,4.0,1.0,0.5676131542683089,11.515129089355469,46.0,"{""type"":""Point"",""coordinates"":[109.01314553613074,18.660906024312254]}"
3794,0.0,31.0,907.0,25.961057662963867,778.0,18.890985699369296,109.17878001023655,1863.958251953125,41.0,7.907912254333496,7.0,2.0,0.5436532065717176,11.01590633392334,45.0,"{""type"":""Point"",""coordinates"":[109.17960992777758,18.892130644030956]}"
3795,0.0,31.0,77.0,12.265192031860352,66.0,19.582688468141328,110.30167411538594,2597.951904296875,40.0,0.298185259103775,5.0,3.0,0.7249919599081055,14.945453643798828,39.0,"{""type"":""Point"",""coordinates"":[110.30236791187981,19.583784725586405]}"
3797,0.0,27.0,288.0,11.580300331115723,143.0,18.810137323798536,109.32251045569564,2005.2271728515625,49.0,0.9626465439796448,5.0,1.0,0.6138908783785255,13.677714347839355,44.0,"{""type"":""Point"",""coordinates"":[109.32028687341591,18.81220221097845]}"
3798,0.0,30.0,559.0,91.239990234375,469.0,19.245820236596508,109.94234800173814,2647.961669921875,43.0,16.8443660736084,6.0,2.0,0.6043679856333442,10.581616401672363,38.0,"{""type"":""Point"",""coordinates"":[109.94459367885612,19.246957961854644]}"
3799,0.0,32.0,389.0,23.783296585083008,382.0,18.590050079189254,108.95869276562723,1761.33447265625,39.0,5.148866653442383,5.0,1.0,0.5573308582493619,11.92678165435791,49.0,"{""type"":""Point"",""coordinates"":[108.95765876963337,18.590601039520628]}"
3800,0.0,28.0,209.0,12.52385139465332,125.0,19.232345507334713,109.1877631630777,2044.3651123046875,47.0,1.0257433652877808,4.0,2.0,0.6467437950970738,13.66677188873291,38.0,"{""type"":""Point"",""coordinates"":[109.18871679587272,19.231047265057374]}"
3801,0.0,26.0,272.0,29.962310791015625,181.0,19.12903924966097,109.91090696679396,2468.451416015625,48.0,2.6190683841705322,4.0,2.0,0.6434459479947969,12.687093734741211,42.0,"{""type"":""Point"",""coordinates"":[109.90985175742166,19.12679685280364]}"
3802,0.0,27.0,173.0,64.23314666748047,148.0,19.142513978922757,110.10853632930025,2666.292724609375,48.0,6.902994155883789,4.0,2.0,0.6305951167182788,11.778549194335938,44.0,"{""type"":""Point"",""coordinates"":[110.10888949691976,19.141566886116642]}"
3803,0.0,24.0,46.0,14.971973419189453,42.0,19.398533834896824,109.08894848182456,1902.9833984375,50.0,1.617708444595337,2.0,3.0,0.7223688870131735,13.311442375183105,35.0,"{""type"":""Point"",""coordinates"":[109.08847664680394,19.397302532897285]}"
3804,0.0,25.0,190.0,18.697784423828125,93.0,19.232345507334713,109.82107543838197,2499.17626953125,54.0,1.1418508291244507,3.0,2.0,0.6813697660928094,13.571751594543457,38.0,"{""type"":""Point"",""coordinates"":[109.82065669231291,19.23199579730025]}"
3805,0.0,21.0,14.0,4.532195091247559,15.0,19.18293816670814,108.72513079175616,1364.2677001953125,54.0,0.4306012988090515,2.0,2.0,0.6996745528353314,14.65385627746582,41.0,"{""type"":""Point"",""coordinates"":[108.72705758937886,19.183310484676994]}"
3806,0.0,24.0,114.0,9.302424430847168,91.0,19.335651765008457,109.1832715866571,2051.81640625,47.0,0.42936134338378906,3.0,3.0,0.6689600802246198,14.597480773925781,37.0,"{""type"":""Point"",""coordinates"":[109.18148867265326,19.336562415791132]}"
3807,0.0,29.0,45.0,9.517915725708008,46.0,19.367092799952644,108.78352128522391,1469.34716796875,44.0,1.6892465353012085,3.0,3.0,0.6529946208114265,13.268732070922852,44.0,"{""type"":""Point"",""coordinates"":[108.78154114802393,19.36628292592443]}"
3808,0.0,31.0,431.0,31.590085983276367,376.0,18.922426734313476,108.94072645994487,1560.781982421875,41.0,12.19155502319336,5.0,2.0,0.5454565083066263,11.02095890045166,44.0,"{""type"":""Point"",""coordinates"":[108.93855120790151,18.920889079321814]}"
3809,0.0,30.0,823.0,36.71643829345703,595.0,19.0706487561932,109.24166208012491,1878.1461181640625,41.0,12.909424781799316,7.0,2.0,0.5616413553887946,10.609837532043457,39.0,"{""type"":""Point"",""coordinates"":[109.24061594466805,19.07212266330272]}"
3810,0.0,25.0,8.0,7.073052406311035,9.0,19.94650615820973,110.79574752165166,1951.239013671875,43.0,0.3441552519798279,2.0,4.0,0.6981487573184387,13.528929710388184,51.0,"{""type"":""Point"",""coordinates"":[110.79417886950905,19.945105365555236]}"
3811,0.0,27.0,155.0,48.91649627685547,147.0,19.254803389437704,110.28819938612412,2804.257080078125,52.0,4.047500133514404,4.0,2.0,0.6821605313070936,12.326929092407227,35.0,"{""type"":""Point"",""coordinates"":[110.2882095214222,19.256225198937905]}"
3812,0.0,29.0,370.0,46.669742584228516,358.0,19.223362354493517,110.22531731623576,2742.86279296875,44.0,4.231060028076172,4.0,2.0,0.6467127483863584,12.137825965881348,40.0,"{""type"":""Point"",""coordinates"":[110.22503593126142,19.2220941270777]}"
3813,0.0,23.0,101.0,8.298871040344238,74.0,19.371584376373235,109.22369577444249,2049.355224609375,50.0,0.2931711971759796,4.0,3.0,0.7031328658553222,14.9869384765625,34.0,"{""type"":""Point"",""coordinates"":[109.22467133484466,19.37318607112456]}"
3814,0.0,29.0,875.0,58.201419830322266,725.0,19.15598870818455,109.76268494491421,2623.226806640625,45.0,11.10781192779541,6.0,2.0,0.5974791615863025,10.70703125,40.0,"{""type"":""Point"",""coordinates"":[109.76118827537285,19.156481007008253]}"
3815,0.0,28.0,12.0,9.472253799438477,12.0,19.964472463892122,110.37803091453611,2217.16650390625,38.0,0.38982054591178894,4.0,4.0,0.7562637951356774,13.862346649169922,41.0,"{""type"":""Point"",""coordinates"":[110.37790976900456,19.965409187592773]}"
3816,0.0,28.0,483.0,60.06965637207031,440.0,18.76522155959256,109.97828061310292,2334.228271484375,44.0,11.013837814331055,7.0,1.0,0.5836064190562564,11.085219383239746,45.0,"{""type"":""Point"",""coordinates"":[109.97659905815703,18.764816815169432]}"
3817,0.0,23.0,99.0,13.781634330749512,102.0,18.62598269055404,108.83292862585051,1472.679931640625,53.0,3.01814341545105,4.0,1.0,0.573045695360179,12.65559196472168,47.0,"{""type"":""Point"",""coordinates"":[108.83077534276796,18.627094146185648]}"
3818,0.0,22.0,126.0,11.447471618652344,96.0,19.429974869841004,109.2326789272837,2108.881591796875,56.0,0.7143113613128662,3.0,3.0,0.6872282887398956,14.081074714660645,32.0,"{""type"":""Point"",""coordinates"":[109.23461932178085,19.429665458789483]}"
3819,0.0,29.0,390.0,60.15422821044922,371.0,19.164971861025748,110.13548578782382,2687.420166015625,45.0,6.9685773849487305,5.0,2.0,0.6320186220407358,11.621162414550781,41.0,"{""type"":""Point"",""coordinates"":[110.13603583959173,19.1660161436077]}"
3820,0.0,28.0,269.0,16.582035064697266,164.0,18.814628900219134,109.9603143074205,2278.518798828125,49.0,1.2747348546981812,4.0,1.0,0.6248663014686586,13.409730911254883,45.0,"{""type"":""Point"",""coordinates"":[109.96021588618203,18.814428069844798]}"
3821,0.0,35.0,130.0,22.278226852416992,119.0,19.60514635024431,110.26124992760055,2566.927978515625,36.0,1.4408077001571655,8.0,3.0,0.6925366718769052,13.336555480957031,36.0,"{""type"":""Point"",""coordinates"":[110.26121525046395,19.60300114954008]}"
3822,0.0,27.0,216.0,53.622745513916016,214.0,18.41038702236535,109.5515808531461,2216.44873046875,48.0,8.969443321228027,4.0,1.0,0.6059647605105896,11.485709190368652,43.0,"{""type"":""Point"",""coordinates"":[109.54990076198924,18.408181385254956]}"
3823,0.0,25.0,159.0,10.70085334777832,62.0,19.281752847961286,109.77166809775542,2496.40234375,53.0,0.23734934628009796,3.0,3.0,0.7260114405399097,15.162403106689453,37.0,"{""type"":""Point"",""coordinates"":[109.77318563856082,19.280450079469528]}"
3824,0.0,29.0,920.0,48.62024688720703,803.0,18.82810362948093,109.67734499292288,2181.523681640625,47.0,15.823752403259277,6.0,2.0,0.5326877017088404,10.287245750427246,46.0,"{""type"":""Point"",""coordinates"":[109.6751662608364,18.827933151067224]}"
3825,0.0,30.0,8.0,5.734204292297363,9.0,19.86116620621838,109.4392914426312,1784.7696533203125,39.0,0.16744665801525116,3.0,4.0,0.7604585592141868,15.601836204528809,35.0,"{""type"":""Point"",""coordinates"":[109.43744022503864,19.85977280488412]}"
3826,0.0,27.0,115.0,6.993105888366699,61.0,19.025732991987226,108.96767591846844,1643.6668701171875,46.0,0.6228060722351074,4.0,2.0,0.6600357673597599,14.224913597106934,41.0,"{""type"":""Point"",""coordinates"":[108.96905682064249,19.02581135056764]}"
3827,0.0,25.0,17.0,11.154731750488281,8.0,19.681503149394473,110.25675835117994,2510.81494140625,47.0,0.24367380142211914,2.0,3.0,0.8259204298324342,14.960914611816406,30.0,"{""type"":""Point"",""coordinates"":[110.25805281813413,19.679972158543038]}"
3828,0.0,23.0,171.0,8.42111873626709,154.0,18.54064273856268,109.06649059972159,1719.0947265625,57.0,0.8584384322166443,2.0,1.0,0.5888543897284402,13.869190216064453,47.0,"{""type"":""Point"",""coordinates"":[109.06791549107525,18.54268259368881]}"
3829,0.0,26.0,132.0,50.19776916503906,127.0,18.527168009300887,109.71776918070822,2240.569580078125,52.0,7.634794235229492,4.0,1.0,0.5989176483475938,11.7023344039917,47.0,"{""type"":""Point"",""coordinates"":[109.71912762920604,18.528833624117638]}"
3830,0.0,32.0,114.0,26.713031768798828,91.0,19.618621079506106,110.0007384952059,2520.839111328125,41.0,2.0084946155548096,4.0,3.0,0.708662490773621,13.054247856140137,33.0,"{""type"":""Point"",""coordinates"":[109.99852735453975,19.616633737327508]}"
3831,0.0,24.0,39.0,6.977093696594238,39.0,19.41200856415862,109.03954114119801,1919.5025634765625,51.0,0.243267223238945,2.0,3.0,0.7278799007932691,15.210402488708496,36.0,"{""type"":""Point"",""coordinates"":[109.03973159360626,19.413122112395136]}"
3832,0.0,23.0,58.0,22.661468505859375,53.0,18.787679441695552,110.19836785771219,2457.463134765625,55.0,1.5776690244674683,4.0,1.0,0.6901713042043929,13.329458236694336,47.0,"{""type"":""Point"",""coordinates"":[110.19801254352159,18.787948045314526]}"
3833,0.0,27.0,12.0,6.76289176940918,15.0,18.706831066124792,110.40947194948029,2084.978515625,49.0,0.08341195434331894,3.0,1.0,0.7187219551238789,16.277267456054688,47.0,"{""type"":""Point"",""coordinates"":[110.40859196552083,18.706319648190526]}"
3834,0.0,25.0,299.0,33.04210662841797,145.0,19.043699297669612,109.80760070912021,2454.806396484375,50.0,3.1579952239990234,4.0,2.0,0.6389219203697762,12.481246948242188,42.0,"{""type"":""Point"",""coordinates"":[109.80606311436847,19.044326937391816]}"
3835,0.0,24.0,171.0,15.873883247375488,88.0,19.313193882905473,109.78963440343779,2452.81201171875,55.0,0.8624774813652039,3.0,3.0,0.68655351676556,13.864495277404785,38.0,"{""type"":""Point"",""coordinates"":[109.79157295130729,19.312944151316458]}"
3836,0.0,27.0,198.0,26.44220542907715,114.0,18.68437318402181,109.08445690540395,1816.847900390625,43.0,4.796042442321777,4.0,1.0,0.5943095199476257,12.129268646240234,44.0,"{""type"":""Point"",""coordinates"":[109.08283633547119,18.684956764389657]}"
3837,0.0,27.0,292.0,50.44718933105469,238.0,19.052682450510808,109.06649059972159,1946.5521240234375,50.0,12.731851577758789,5.0,2.0,0.5945474186923138,11.076245307922363,39.0,"{""type"":""Point"",""coordinates"":[109.06547743708312,19.05451273686346]}"
3838,0.0,26.0,61.0,40.51243591308594,54.0,18.477760668674314,109.26411996222788,1944.4754638671875,49.0,7.5308518409729,11.0,1.0,0.6526170717670068,11.7590970993042,45.0,"{""type"":""Point"",""coordinates"":[109.26211007645676,18.477190374998248]}"
3839,0.0,29.0,542.0,29.565841674804688,486.0,19.138022402502166,109.13835582245116,1987.068603515625,47.0,5.9008097648620605,7.0,2.0,0.6046048869014174,11.670554161071777,39.0,"{""type"":""Point"",""coordinates"":[109.13781076396218,19.139300232184052]}"
3840,0.0,25.0,175.0,44.408939361572266,149.0,18.949376192837065,110.19836785771219,2540.269775390625,53.0,4.477820873260498,4.0,2.0,0.6282891804469963,12.212916374206543,46.0,"{""type"":""Point"",""coordinates"":[110.1984236659236,18.948024997762314]}"
3841,0.0,30.0,10.0,12.347485542297363,11.0,19.340143341429055,110.67447495829555,2391.11083984375,41.0,0.558993399143219,3.0,3.0,0.7842160661174035,14.001420974731445,37.0,"{""type"":""Point"",""coordinates"":[110.6730712406254,19.341210546378353]}"
3842,0.0,26.0,17.0,11.734622955322266,20.0,18.926918310734074,110.40947194948029,2247.576416015625,47.0,0.5473369359970093,3.0,2.0,0.7384221201456278,14.412235260009766,43.0,"{""type"":""Point"",""coordinates"":[110.41111738652467,18.928147898419386]}"
3843,0.0,26.0,58.0,12.54484748840332,58.0,19.483873786888182,109.04852429403917,1858.53564453125,51.0,1.3578035831451416,2.0,3.0,0.7022877797628484,13.479604721069336,35.0,"{""type"":""Point"",""coordinates"":[109.0503775972209,19.48559136015924]}"
3844,0.0,26.0,372.0,46.491737365722656,305.0,18.65742372549822,109.34047676137806,2029.6580810546875,50.0,10.195581436157227,4.0,1.0,0.5789175643413205,11.248063087463379,44.0,"{""type"":""Point"",""coordinates"":[109.34185032863356,18.658280031984976]}"
3845,0.0,28.0,323.0,36.238067626953125,203.0,19.340143341429055,109.47073247757538,2313.79443359375,51.0,4.737212657928467,4.0,3.0,0.6463486988972799,12.05781078338623,37.0,"{""type"":""Point"",""coordinates"":[109.47025752074137,19.339253006145082]}"
3846,0.0,22.0,75.0,11.061532020568848,41.0,19.68599472581507,109.62793765229628,2055.76171875,58.0,0.7509830594062805,3.0,3.0,0.7437593114448693,14.061888694763184,33.0,"{""type"":""Point"",""coordinates"":[109.6278167131439,19.6850776044584]}"
3847,0.0,26.0,199.0,90.39112854003906,180.0,19.084123485454995,110.14446894066504,2817.963623046875,47.0,10.100517272949219,5.0,2.0,0.6115784710891774,11.375734329223633,45.0,"{""type"":""Point"",""coordinates"":[110.14415660294038,19.08510454696476]}"
3848,0.0,20.0,18.0,3.746412992477417,21.0,18.63496584339523,108.7116560624944,1294.993896484375,53.0,0.2970498502254486,2.0,1.0,0.6801003007468456,14.932367324829102,43.0,"{""type"":""Point"",""coordinates"":[108.71062756507547,18.633816734191004]}"
3849,0.0,26.0,936.0,47.906715393066406,849.0,18.82810362948093,109.72675233354943,2239.583984375,45.0,13.290825843811035,6.0,2.0,0.5461411658312979,10.449987411499023,45.0,"{""type"":""Point"",""coordinates"":[109.72521380938285,18.827908031195854]}"
3850,0.0,32.0,431.0,28.8635196685791,377.0,18.944884616416466,109.05301587045977,1748.53955078125,39.0,7.457293510437012,7.0,2.0,0.5841567348137393,11.5220947265625,41.0,"{""type"":""Point"",""coordinates"":[109.05326321607615,18.946970653077503]}"
3851,0.0,30.0,140.0,39.71300506591797,120.0,18.612507961292245,109.77615967417603,2230.696533203125,43.0,5.248626708984375,5.0,1.0,0.6112212771678425,12.075273513793945,46.0,"{""type"":""Point"",""coordinates"":[109.77549963337474,18.614181662366917]}"
3852,0.0,21.0,9.0,9.76994800567627,9.0,19.65455369087089,109.33598518495745,1983.560546875,55.0,0.5863712430000305,2.0,3.0,0.7655514771978454,14.347942352294922,36.0,"{""type"":""Point"",""coordinates"":[109.33742477407102,19.6535305103648]}"
3853,0.0,27.0,928.0,60.09259796142578,778.0,19.15598870818455,109.75819336849361,2623.226806640625,47.0,12.406393051147461,5.0,2.0,0.5898401807949605,10.53096866607666,40.0,"{""type"":""Point"",""coordinates"":[109.75667998449308,19.15422423024815]}"
3854,0.0,26.0,31.0,11.074944496154785,16.0,19.061665603352004,110.25675835117994,2629.15380859375,45.0,0.12978270649909973,4.0,2.0,0.7612307957151221,15.843364715576172,44.0,"{""type"":""Point"",""coordinates"":[110.25850347766882,19.062270566882145]}"
3855,0.0,30.0,5.0,8.302042007446289,5.0,20.04981241588348,110.35557303243309,2102.5908203125,42.0,0.3898671865463257,2.0,4.0,0.7606239951177373,13.871996879577637,40.0,"{""type"":""Point"",""coordinates"":[110.35622245496968,20.047594403252063]}"
3856,0.0,30.0,639.0,60.1535530090332,510.0,18.940393039995868,109.843533320485,2384.918701171875,38.0,11.662421226501465,4.0,2.0,0.5732635223667812,10.895308494567871,45.0,"{""type"":""Point"",""coordinates"":[109.84396290910841,18.941649464031514]}"
3857,0.0,27.0,109.0,46.350921630859375,99.0,18.967342498519457,110.30616569180654,2412.775634765625,46.0,5.169773578643799,4.0,2.0,0.6367976224906599,12.109543800354004,43.0,"{""type"":""Point"",""coordinates"":[110.30555397944265,18.96848308119584]}"
3858,0.0,26.0,25.0,9.35236644744873,11.0,19.762351524965233,110.12201105856201,2463.69091796875,45.0,0.0836959183216095,3.0,4.0,0.8162762041390303,16.023557662963867,31.0,"{""type"":""Point"",""coordinates"":[110.12063085955572,19.76110944454327]}"
3859,0.0,27.0,844.0,36.57579040527344,647.0,18.85056151158392,109.56505558240792,2131.724609375,49.0,8.975409507751465,6.0,2.0,0.5583355109681055,10.959341049194336,45.0,"{""type"":""Point"",""coordinates"":[109.56303720156822,18.85050671645718]}"
3860,0.0,28.0,696.0,13.887527465820312,688.0,18.675390031180612,108.85089493153288,1514.674072265625,49.0,4.1316657066345215,5.0,1.0,0.5411982906671713,11.89263916015625,46.0,"{""type"":""Point"",""coordinates"":[108.85005673930299,18.675726569845516]}"
3861,0.0,23.0,39.0,13.942625045776367,39.0,19.32666861216726,110.54871081851877,2694.675048828125,52.0,0.36499521136283875,5.0,3.0,0.75248189768683,14.647597312927246,40.0,"{""type"":""Point"",""coordinates"":[110.54967716085234,19.328752348953312]}"
3862,0.0,25.0,50.0,6.475535869598389,53.0,18.612507961292245,108.80148759090633,1472.679931640625,49.0,0.7954587340354919,3.0,1.0,0.6435524450019728,14.019143104553223,45.0,"{""type"":""Point"",""coordinates"":[108.80099595836941,18.611838976939865]}"
3863,0.0,26.0,940.0,14.321677207946777,912.0,18.724797371807185,109.89294066111154,2037.688720703125,48.0,1.8704782724380493,5.0,1.0,0.5594636738603936,12.423763275146484,47.0,"{""type"":""Point"",""coordinates"":[109.89194934776813,18.724537968607596]}"
3864,0.0,26.0,2.0,7.758710861206055,5.0,18.284622882588614,109.71327760428761,2058.68017578125,51.0,0.249909907579422,3.0,0.0,0.7504168137041868,15.20483112335205,42.0,"{""type"":""Point"",""coordinates"":[109.71286815401933,18.285514384958525]}"
3865,0.0,24.0,137.0,16.218128204345703,60.0,19.35361807069085,109.78963440343779,2445.869384765625,52.0,0.8619574308395386,4.0,3.0,0.72000036531193,13.88637638092041,38.0,"{""type"":""Point"",""coordinates"":[109.78998186897773,19.35552720522087]}"
3866,0.0,26.0,18.0,11.287308692932129,21.0,18.90446042863109,110.43192983158326,2247.576416015625,46.0,0.4884103238582611,3.0,2.0,0.7374941815421123,14.506359100341797,43.0,"{""type"":""Point"",""coordinates"":[110.43036971674061,18.904460182152363]}"
3867,0.0,26.0,61.0,7.5522613525390625,60.0,19.582688468141328,109.32251045569564,2085.647705078125,49.0,0.1825314611196518,3.0,3.0,0.7142073010625904,15.484716415405273,36.0,"{""type"":""Point"",""coordinates"":[109.32090835417749,19.58181537900571]}"
3868,0.0,33.0,5.0,7.727778434753418,5.0,19.964472463892122,109.82107543838197,1837.238525390625,38.0,0.548561692237854,4.0,4.0,0.7587948219063231,14.149420738220215,37.0,"{""type"":""Point"",""coordinates"":[109.82022636730983,19.96462274666888]}"
3869,0.0,29.0,210.0,34.67930603027344,32.0,19.18742974312874,109.49319035967835,2170.7880859375,40.0,4.537193298339844,4.0,2.0,0.7208922680639076,12.17724609375,37.0,"{""type"":""Point"",""coordinates"":[109.49527178689776,19.185870461548532]}"
3870,0.0,30.0,90.0,9.93145751953125,91.0,19.865657782638976,110.14446894066504,2316.19970703125,41.0,0.31029096245765686,3.0,4.0,0.7002490604113926,14.653544425964355,34.0,"{""type"":""Point"",""coordinates"":[110.14532761826624,19.866887343046116]}"
3871,0.0,26.0,4.0,6.554059028625488,5.0,19.982438769574514,110.76430648670748,1932.630615234375,42.0,0.23741750419139862,3.0,4.0,0.7205888454345327,13.909038543701172,47.0,"{""type"":""Point"",""coordinates"":[110.76370462236595,19.98147921171762]}"
3872,0.0,25.0,5.0,10.038650512695312,7.0,19.147005555343355,110.51726978357459,2567.6103515625,44.0,0.060718834400177,2.0,2.0,0.7786445911924829,16.59889793395996,42.0,"{""type"":""Point"",""coordinates"":[110.51632966112847,19.14880798736851]}"
3873,0.0,27.0,190.0,47.78167724609375,113.0,18.890985699369296,110.06811214151486,2397.919677734375,48.0,5.8620734214782715,4.0,2.0,0.6144088126391926,11.932533264160156,46.0,"{""type"":""Point"",""coordinates"":[110.06964633162302,18.89291745272769]}"
3874,0.0,28.0,27.0,7.382086753845215,26.0,19.784809407068217,110.70591599323973,2126.321533203125,49.0,0.21587808430194855,4.0,4.0,0.7395130115675576,14.370009422302246,40.0,"{""type"":""Point"",""coordinates"":[110.70774314961248,19.785179788857196]}"
3875,0.0,25.0,56.0,12.915075302124023,57.0,18.940393039995868,110.34658987959187,2354.170166015625,51.0,0.5920339822769165,5.0,2.0,0.6937033726651274,14.310995101928711,45.0,"{""type"":""Point"",""coordinates"":[110.34693880119099,18.938359014395637]}"
3876,0.0,29.0,427.0,32.544517517089844,373.0,19.025732991987226,109.11589794034813,1971.871337890625,45.0,6.3976263999938965,5.0,2.0,0.6073954301127864,11.679884910583496,39.0,"{""type"":""Point"",""coordinates"":[109.11455832576567,19.024524344023828]}"
3877,0.0,32.0,120.0,16.809885025024414,104.0,19.456924328364593,110.46786244294805,2556.737060546875,37.0,0.8429293036460876,5.0,3.0,0.6752163225056366,13.753622055053711,40.0,"{""type"":""Point"",""coordinates"":[110.47004040305619,19.454982354403388]}"
3878,0.0,27.0,35.0,30.661869049072266,38.0,18.97183407494005,110.42743825516266,2450.390625,47.0,2.5561139583587646,5.0,2.0,0.7354792204897218,12.859993934631348,40.0,"{""type"":""Point"",""coordinates"":[110.42712974101059,18.969833382241568]}"
3879,0.0,28.0,483.0,21.689714431762695,480.0,18.670898454760014,108.83742020227112,1557.253173828125,49.0,6.9657416343688965,5.0,1.0,0.5482432456563052,11.550848960876465,46.0,"{""type"":""Point"",""coordinates"":[108.83926608139112,18.670195728527695]}"
3880,0.0,31.0,539.0,44.04102325439453,415.0,19.178446590287543,109.25064523296606,2045.2894287109375,39.0,10.197925567626953,6.0,2.0,0.6027052337983936,11.118841171264648,37.0,"{""type"":""Point"",""coordinates"":[109.25009130882296,19.176562006346483]}"
3881,0.0,23.0,25.0,6.536398410797119,25.0,19.762351524965233,110.87210432080184,1752.9736328125,52.0,0.6735711097717285,2.0,4.0,0.6930555440790581,12.81897258758545,45.0,"{""type"":""Point"",""coordinates"":[110.87333385442227,19.763631768561545]}"
3882,0.0,33.0,132.0,25.96588897705078,105.0,19.420991716999815,110.33311515033012,2702.407958984375,42.0,1.6182609796524048,5.0,3.0,0.6820859483405018,13.25937557220459,38.0,"{""type"":""Point"",""coordinates"":[110.33344296551023,19.418923289449488]}"
3883,0.0,27.0,219.0,26.80664825439453,69.0,19.313193882905473,109.5515808531461,2330.218017578125,46.0,2.522944927215576,7.0,3.0,0.6980121160110578,12.759720802307129,37.0,"{""type"":""Point"",""coordinates"":[109.551666069042,19.31537514219946]}"
3884,0.0,32.0,118.0,24.4177188873291,119.0,19.928539852527344,110.22980889265637,2214.47998046875,34.0,2.8490512371063232,4.0,4.0,0.655716921820778,12.412880897521973,38.0,"{""type"":""Point"",""coordinates"":[110.23121390038617,19.929676123716355]}"
3885,0.0,28.0,59.0,22.57520866394043,46.0,19.429974869841004,110.5217613599952,2595.947509765625,43.0,1.4790934324264526,4.0,3.0,0.7466983352464093,13.116116523742676,38.0,"{""type"":""Point"",""coordinates"":[110.52216220133144,19.429905182292202]}"
3886,0.0,29.0,101.0,33.48606872558594,74.0,19.483873786888182,110.2073510105534,2690.052734375,48.0,2.4351513385772705,4.0,3.0,0.7173484005330788,12.86933708190918,36.0,"{""type"":""Point"",""coordinates"":[110.20735255548321,19.482650681994432]}"
3887,0.0,33.0,381.0,23.08560562133789,162.0,19.097598214716783,109.33598518495745,1965.3707275390625,36.0,3.5188169479370117,5.0,2.0,0.6145993709591857,12.314724922180176,40.0,"{""type"":""Point"",""coordinates"":[109.33467729522822,19.098210107151267]}"
3888,0.0,29.0,99.0,14.551421165466309,86.0,18.590050079189254,109.73124390997003,2181.453369140625,41.0,1.0170470476150513,4.0,1.0,0.6460115054290005,13.74415111541748,45.0,"{""type"":""Point"",""coordinates"":[109.73301408874018,18.589531721807045]}"
3889,0.0,29.0,22.0,6.380488395690918,23.0,19.820742018433002,109.29106942075146,1759.704833984375,38.0,0.29848143458366394,2.0,4.0,0.7501725808055539,15.015727043151855,33.0,"{""type"":""Point"",""coordinates"":[109.29254712853037,19.82028062939804]}"
3890,0.0,31.0,124.0,7.167868614196777,116.0,19.560230586038337,109.42581671336939,2129.82177734375,46.0,0.13458126783370972,4.0,3.0,0.6784342080903837,15.751504898071289,34.0,"{""type"":""Point"",""coordinates"":[109.42586193352574,19.559585468567583]}"
3891,0.0,23.0,4.0,6.5995259284973145,5.0,19.99142192241571,110.76879806312809,1932.630615234375,46.0,0.22943836450576782,2.0,4.0,0.724302146876094,13.943224906921387,46.0,"{""type"":""Point"",""coordinates"":[110.76717063533755,19.992376031272943]}"
3892,0.0,22.0,25.0,5.5212273597717285,26.0,19.87913251190077,110.87659589722244,1755.0247802734375,53.0,0.2696009874343872,2.0,4.0,0.675516315742102,13.734661102294922,49.0,"{""type"":""Point"",""coordinates"":[110.87811603731588,19.877819768666335]}"
3893,0.0,22.0,165.0,19.334697723388672,82.0,19.335651765008457,109.77615967417603,2452.81201171875,54.0,1.1913694143295288,3.0,3.0,0.6875649608041018,13.545165061950684,39.0,"{""type"":""Point"",""coordinates"":[109.7777737253688,19.334250933108976]}"
3894,0.0,27.0,97.0,28.819272994995117,50.0,19.147005555343355,110.02768795372947,2715.1484375,46.0,1.746934413909912,4.0,2.0,0.7158872371174074,13.204195976257324,43.0,"{""type"":""Point"",""coordinates"":[110.0255646853901,19.14664439266929]}"
3895,0.0,21.0,175.0,19.527137756347656,101.0,19.335651765008457,109.96480588384111,2702.86376953125,54.0,0.842720091342926,4.0,3.0,0.6731477470431168,13.885139465332031,40.0,"{""type"":""Point"",""coordinates"":[109.96310175031958,19.336794066362234]}"
3896,0.0,23.0,8.0,3.9661402702331543,9.0,19.254803389437704,108.65775714544719,1351.425537109375,50.0,0.2930282652378082,2.0,2.0,0.7063843410819971,14.97216796875,41.0,"{""type"":""Point"",""coordinates"":[108.65600653435358,19.25533182042909]}"
3897,0.0,29.0,42.0,15.370087623596191,42.0,19.77133467780643,110.58015185346295,2265.695068359375,38.0,1.1695244312286377,5.0,4.0,0.7438013487149595,13.201676368713379,36.0,"{""type"":""Point"",""coordinates"":[110.57926943695735,19.772363817548456]}"
3898,0.0,30.0,77.0,17.53632926940918,78.0,19.94650615820973,110.18489312845037,2236.756591796875,40.0,1.5348180532455444,3.0,4.0,0.6969896907517457,13.064988136291504,36.0,"{""type"":""Point"",""coordinates"":[110.18503486439302,19.946197045696223]}"
3899,0.0,29.0,59.0,9.461329460144043,52.0,19.8252335948536,110.13099421140322,2359.382568359375,39.0,0.18292054533958435,6.0,4.0,0.7552472242047829,15.20646858215332,33.0,"{""type"":""Point"",""coordinates"":[110.13088641629845,19.826570758891584]}"
3900,0.0,28.0,30.0,6.1715617179870605,31.0,19.807267289171207,109.30903572643388,1755.4129638671875,39.0,0.25982576608657837,2.0,4.0,0.7406668063602244,15.14979076385498,33.0,"{""type"":""Point"",""coordinates"":[109.31114227889145,19.805568099733815]}"
3901,0.0,29.0,1167.0,26.218782424926758,997.0,18.96285092209886,109.41683356052818,2043.99169921875,43.0,8.685365676879883,9.0,2.0,0.5559993503579393,10.553083419799805,41.0,"{""type"":""Point"",""coordinates"":[109.4184349755781,18.963129237314078]}"
3902,0.0,24.0,139.0,21.027755737304688,91.0,19.623112655926704,109.78963440343779,2239.93994140625,53.0,1.8746641874313354,4.0,3.0,0.6913736747137492,13.107876777648926,33.0,"{""type"":""Point"",""coordinates"":[109.78818027095993,19.625258884136517]}"
3903,0.0,24.0,125.0,23.227706909179688,78.0,19.209887625231723,110.06811214151486,2649.877685546875,51.0,1.2958322763442993,4.0,2.0,0.694293022580475,13.485980987548828,41.0,"{""type"":""Point"",""coordinates"":[110.0666806263673,19.21170996376214]}"
3904,0.0,27.0,43.0,15.409725189208984,43.0,19.811758865591806,110.08607844719722,2346.8359375,39.0,0.9216160178184509,4.0,4.0,0.7652775422803062,13.601702690124512,32.0,"{""type"":""Point"",""coordinates"":[110.08820418042097,19.809552045213575]}"
3905,0.0,24.0,29.0,9.579010009765625,23.0,19.23683708375531,108.88233596647706,1652.4957275390625,49.0,1.1261839866638184,2.0,2.0,0.7003681423727683,13.683670997619629,42.0,"{""type"":""Point"",""coordinates"":[108.88080747301895,19.237138586989023]}"
3906,0.0,30.0,14.0,10.816112518310547,11.0,19.739893642862242,110.34209830317133,2454.65771484375,36.0,0.251067578792572,2.0,3.0,0.8193627711440917,14.924267768859863,30.0,"{""type"":""Point"",""coordinates"":[110.34033743966454,19.74093325950706]}"
3907,0.0,28.0,195.0,32.11104965209961,78.0,19.38056752921443,109.58302188809029,2305.00732421875,46.0,3.4957048892974854,6.0,3.0,0.6969493454185504,12.448551177978516,34.0,"{""type"":""Point"",""coordinates"":[109.58118419822718,19.38134365550737]}"
3908,0.0,25.0,21.0,7.114162445068359,22.0,19.870149359059575,110.79574752165166,2005.0487060546875,49.0,0.3258156180381775,2.0,4.0,0.7084817938025364,13.554443359375,46.0,"{""type"":""Point"",""coordinates"":[110.79370424488243,19.87159671984266]}"
3909,0.0,28.0,242.0,22.318016052246094,230.0,19.21437920165232,110.21633416339455,2742.86279296875,42.0,1.0964546203613281,4.0,2.0,0.6677652444468352,13.578473091125488,40.0,"{""type"":""Point"",""coordinates"":[110.21717869685678,19.215623519160015]}"
3910,0.0,25.0,658.0,90.18121337890625,648.0,18.6888647604424,109.90192381395275,2398.612060546875,51.0,24.149715423583984,5.0,1.0,0.5228377185459392,10.10233211517334,48.0,"{""type"":""Point"",""coordinates"":[109.901885719968,18.688962713779993]}"
3911,0.0,24.0,22.0,5.767187595367432,19.0,19.852183053377182,110.81371382733403,1842.09033203125,51.0,0.21092000603675842,2.0,4.0,0.7022772616354013,13.987016677856445,46.0,"{""type"":""Point"",""coordinates"":[110.81517991097984,19.852838170673387]}"
3912,0.0,24.0,296.0,31.347036361694336,292.0,18.639457419815827,109.99624691878529,2217.72900390625,52.0,3.873542547225952,3.0,1.0,0.6090085232587907,12.278565406799316,45.0,"{""type"":""Point"",""coordinates"":[109.99400764381237,18.638524000922988]}"
3913,0.0,26.0,25.0,29.488231658935547,17.0,19.18293816670814,110.3151488446477,2818.614013671875,42.0,1.5096745491027832,4.0,2.0,0.7752132951429088,13.392827987670898,39.0,"{""type"":""Point"",""coordinates"":[110.31370567327164,19.18323973496894]}"
3914,0.0,30.0,46.0,15.053706169128418,45.0,19.69048630223567,110.65201707619252,2306.94482421875,42.0,1.11660897731781,6.0,3.0,0.7437090846451895,13.244362831115723,36.0,"{""type"":""Point"",""coordinates"":[110.64991307495872,19.6907918435645]}"
3915,0.0,26.0,306.0,47.781211853027344,124.0,19.10208979113738,109.70429445144646,2511.72607421875,47.0,5.322348117828369,4.0,2.0,0.6467172786297054,11.952571868896484,39.0,"{""type"":""Point"",""coordinates"":[109.70400152241682,19.10357372772484]}"
3916,0.0,27.0,28.0,13.34969425201416,29.0,19.49734851614997,110.75532333386627,2262.629150390625,48.0,0.9198397994041443,5.0,3.0,0.7555417723161085,13.454472541809082,37.0,"{""type"":""Point"",""coordinates"":[110.75490991878225,19.49872735507832]}"
3917,0.0,32.0,409.0,41.88233947753906,301.0,18.99429195704304,109.93336484889693,2340.0546875,41.0,5.898345470428467,4.0,2.0,0.6207620033745422,11.775259971618652,41.0,"{""type"":""Point"",""coordinates"":[109.93519103591613,18.99340152251569]}"
3918,0.0,25.0,49.0,20.81409454345703,28.0,19.51980639825296,110.24777519833873,2685.0126953125,48.0,0.9754912853240967,4.0,3.0,0.7692005932378994,13.815675735473633,38.0,"{""type"":""Point"",""coordinates"":[110.24987905950255,19.518244194996225]}"
3919,0.0,25.0,34.0,11.571155548095703,34.0,19.57370531530013,109.19674631591892,2001.041259765625,49.0,0.8587279319763184,3.0,3.0,0.7280886411327177,13.951956748962402,38.0,"{""type"":""Point"",""coordinates"":[109.19687434148518,19.57409493898795]}"
3920,0.0,26.0,36.0,12.779290199279785,36.0,18.93590146357527,110.33760672675072,2354.170166015625,49.0,0.5722414255142212,4.0,2.0,0.7176095781641918,14.356724739074707,45.0,"{""type"":""Point"",""coordinates"":[110.33541170047309,18.937328729840974]}"
3921,0.0,28.0,336.0,47.999393463134766,293.0,18.760729983171963,109.71327760428761,2370.356201171875,45.0,6.565495491027832,4.0,1.0,0.59746534193474,11.720185279846191,47.0,"{""type"":""Point"",""coordinates"":[109.71363370079975,18.762381813612485]}"
3922,0.0,28.0,21.0,13.2341947555542,21.0,19.89260724116256,110.41396352590084,2270.312744140625,38.0,0.8113967180252075,5.0,4.0,0.743408253283124,13.560989379882812,42.0,"{""type"":""Point"",""coordinates"":[110.41515740677868,19.892049278723768]}"
3923,0.0,22.0,170.0,13.24475383758545,104.0,19.447941175523397,109.5470892767255,2343.00732421875,57.0,0.6688444018363953,3.0,3.0,0.6853439699628431,14.119415283203125,34.0,"{""type"":""Point"",""coordinates"":[109.54911994197745,19.447175352535215]}"
3924,0.0,26.0,10.0,12.528189659118652,12.0,19.10658136755798,110.41396352590084,2725.39697265625,45.0,0.1909310668706894,4.0,2.0,0.7887198318047675,15.469440460205078,39.0,"{""type"":""Point"",""coordinates"":[110.41430653013646,19.106201902895947]}"
3926,0.0,31.0,371.0,23.16878890991211,335.0,18.922426734313476,108.89581069573887,1489.4788818359375,42.0,8.049365997314453,5.0,2.0,0.5568578122255121,11.48917293548584,44.0,"{""type"":""Point"",""coordinates"":[108.89405451565398,18.92135060865044]}"
3927,0.0,26.0,253.0,36.345863342285156,117.0,19.232345507334713,109.42132513694878,2171.237060546875,47.0,5.040473461151123,4.0,2.0,0.6410971065245958,12.043281555175781,37.0,"{""type"":""Point"",""coordinates"":[109.42330963793009,19.231398669633112]}"
3928,0.0,23.0,228.0,19.55763816833496,116.0,19.259294965858295,109.35844306706042,2198.278564453125,55.0,1.8145370483398438,3.0,2.0,0.6419314543137575,13.083741188049316,40.0,"{""type"":""Point"",""coordinates"":[109.35778317222727,19.258473529710752]}"
3929,0.0,25.0,2.0,5.926692962646484,3.0,20.013879804518695,110.66998338187494,1861.01318359375,46.0,0.19191136956214905,3.0,4.0,0.7232099185918739,14.126213073730469,46.0,"{""type"":""Point"",""coordinates"":[110.67144264431582,20.01240479277171]}"
3930,0.0,24.0,79.0,10.988689422607422,69.0,19.277261271540688,108.93174330710366,1705.4638671875,52.0,1.3684719800949097,2.0,2.0,0.6618620798146035,13.459300994873047,39.0,"{""type"":""Point"",""coordinates"":[108.93370997330928,19.27919664941517]}"
3931,0.0,25.0,22.0,16.837221145629883,25.0,18.93590146357527,110.39150564379787,2322.842041015625,47.0,1.0450559854507446,3.0,2.0,0.7348410950163257,13.762507438659668,43.0,"{""type"":""Point"",""coordinates"":[110.38942621151955,18.937341389506958]}"
3932,0.0,35.0,24.0,23.20368194580078,24.0,19.897098817583156,109.93785642531753,2195.671875,38.0,2.782031774520874,4.0,4.0,0.7585714427610516,12.510714530944824,35.0,"{""type"":""Point"",""coordinates"":[109.93758467749844,19.894868623794796]}"
3933,0.0,26.0,674.0,29.22319793701172,603.0,18.63047426697463,109.52013981820193,2118.002685546875,50.0,5.119457244873047,5.0,1.0,0.5739519029074946,11.697959899902344,46.0,"{""type"":""Point"",""coordinates"":[109.51930233647303,18.630416839497265]}"
3934,0.0,25.0,74.0,35.99592590332031,77.0,18.97183407494005,110.39150564379787,2433.41162109375,53.0,3.4762866497039795,3.0,2.0,0.6837515275696681,12.528977394104004,40.0,"{""type"":""Point"",""coordinates"":[110.39105241893168,18.971815634705962]}"
3935,0.0,31.0,139.0,35.427757263183594,115.0,19.003275109884235,110.20285943413279,2662.99609375,37.0,2.5911457538604736,3.0,2.0,0.644556434859038,12.783881187438965,45.0,"{""type"":""Point"",""coordinates"":[110.20113846751956,19.00170625583289]}"
3936,0.0,32.0,56.0,13.122939109802246,55.0,19.623112655926704,110.63405077051016,2356.18701171875,39.0,0.7530584335327148,5.0,3.0,0.7578285219571338,13.629217147827148,31.0,"{""type"":""Point"",""coordinates"":[110.63303821024083,19.62417018624729]}"
3937,0.0,32.0,20.0,9.701810836791992,18.0,19.811758865591806,110.35557303243309,2290.587890625,38.0,0.3048398792743683,7.0,4.0,0.7826831975663424,14.725671768188477,35.0,"{""type"":""Point"",""coordinates"":[110.35521802862799,19.80977244620019]}"
3938,0.0,24.0,84.0,14.696537971496582,66.0,19.623112655926704,110.1130279057208,2583.759033203125,50.0,0.5166572332382202,3.0,3.0,0.7433447718450613,14.430541038513184,34.0,"{""type"":""Point"",""coordinates"":[110.11322231729845,19.621734122675505]}"
3939,0.0,26.0,56.0,9.733316421508789,56.0,19.901590394003755,110.3151488446477,2257.222900390625,47.0,0.35020390152931213,4.0,4.0,0.7205046250016331,14.394888877868652,38.0,"{""type"":""Point"",""coordinates"":[110.31296896196937,19.899379670971793]}"
3940,0.0,27.0,287.0,28.145998001098633,156.0,19.322177035746662,109.55607242956671,2330.218017578125,46.0,2.8086090087890625,7.0,3.0,0.6628116081614149,12.606931686401367,36.0,"{""type"":""Point"",""coordinates"":[109.5552043260923,19.322925933791577]}"
3941,0.0,31.0,113.0,18.985023498535156,90.0,19.60963792666491,110.0097216480471,2520.839111328125,42.0,1.0964874029159546,4.0,3.0,0.7138045353738072,13.660419464111328,33.0,"{""type"":""Point"",""coordinates"":[110.00965880988794,19.608014618859347]}"
3942,0.0,28.0,552.0,35.13979721069336,383.0,18.873019393686903,109.44827459547236,2068.173583984375,48.0,7.010016441345215,6.0,2.0,0.5687203481501901,11.488541603088379,47.0,"{""type"":""Point"",""coordinates"":[109.44799549522739,18.871093715002285]}"
3943,0.0,27.0,362.0,27.050485610961914,149.0,18.998783533463637,109.62344607587568,2169.785888671875,46.0,3.347999095916748,4.0,2.0,0.6183014933539285,12.378369331359863,42.0,"{""type"":""Point"",""coordinates"":[109.62558178756395,18.999392486352697]}"
3944,0.0,29.0,119.0,32.663448333740234,110.0,18.581066926348058,109.85700804974675,2264.60595703125,43.0,3.6109116077423096,4.0,1.0,0.6283691977680141,12.463700294494629,44.0,"{""type"":""Point"",""coordinates"":[109.85697930819678,18.580321217028782]}"
3945,0.0,24.0,139.0,5.807152271270752,123.0,18.581066926348058,109.04852429403917,1758.670654296875,55.0,0.24875898659229279,2.0,1.0,0.595358922042679,15.127927780151367,47.0,"{""type"":""Point"",""coordinates"":[109.0498038508663,18.581062807487086]}"
3946,0.0,24.0,36.0,5.651931285858154,39.0,18.536151162142083,108.84191177869172,1407.3258056640625,50.0,0.6909388899803162,2.0,1.0,0.655638351678193,14.168218612670898,45.0,"{""type"":""Point"",""coordinates"":[108.84311937168782,18.53554034294844]}"
3947,0.0,23.0,107.0,12.113020896911621,105.0,19.569213738879533,109.385392525584,2122.483642578125,56.0,0.8117254376411438,4.0,3.0,0.6673708553851544,13.964834213256836,36.0,"{""type"":""Point"",""coordinates"":[109.38665944192869,19.567014802994624]}"
3948,0.0,29.0,90.0,17.40631103515625,78.0,19.694977878656267,110.51277820715399,2428.84423828125,45.0,1.2979419231414795,6.0,3.0,0.7242138221153485,13.053050994873047,33.0,"{""type"":""Point"",""coordinates"":[110.51296629044595,19.693675987222868]}"
3949,0.0,31.0,790.0,25.323392868041992,621.0,18.84606993516332,109.65488711081986,2181.523681640625,46.0,4.243768692016602,5.0,2.0,0.5737412841985589,11.772543907165527,46.0,"{""type"":""Point"",""coordinates"":[109.65266822715586,18.845212506988318]}"
3950,0.0,30.0,20.0,10.112613677978516,20.0,19.703961031497464,110.70142441681912,2240.012451171875,39.0,0.41959506273269653,5.0,3.0,0.7621495756181765,14.246573448181152,38.0,"{""type"":""Point"",""coordinates"":[110.7031733060447,19.70612594318535]}"
3951,0.0,24.0,41.0,9.931741714477539,41.0,19.582688468141328,109.12038951676874,1927.1536865234375,54.0,0.7481173872947693,3.0,3.0,0.7248441185281437,14.085783958435059,36.0,"{""type"":""Point"",""coordinates"":[109.12211806572392,19.584338641227756]}"
3952,0.0,23.0,147.0,10.383008003234863,120.0,19.4434495991028,109.24166208012491,2108.881591796875,56.0,0.5852364897727966,2.0,3.0,0.6768576135540998,14.267395973205566,33.0,"{""type"":""Point"",""coordinates"":[109.24371239383667,19.443027041500216]}"
3953,0.0,29.0,118.0,28.991058349609375,71.0,19.474890634046986,109.91090696679396,2595.20703125,43.0,2.042069673538208,4.0,3.0,0.7168615042287372,13.035210609436035,37.0,"{""type"":""Point"",""coordinates"":[109.90872947763813,19.476878420494614]}"
3954,0.0,26.0,108.0,24.317821502685547,67.0,19.416500140579217,110.17590997560922,2847.34228515625,50.0,1.147409200668335,4.0,3.0,0.725466634133276,13.618059158325195,37.0,"{""type"":""Point"",""coordinates"":[110.17685325338795,19.414592949883748]}"
3955,0.0,31.0,43.0,14.085832595825195,43.0,19.618621079506106,110.6789665347161,2340.31494140625,39.0,0.8946243524551392,5.0,3.0,0.7570877210600989,13.468777656555176,34.0,"{""type"":""Point"",""coordinates"":[110.68001693704404,19.61668602174756]}"
3956,0.0,31.0,10.0,9.464944839477539,11.0,19.479382210467584,110.7328654517633,2353.693359375,45.0,0.2690508961677551,9.0,3.0,0.7832628041183269,14.699808120727539,38.0,"{""type"":""Point"",""coordinates"":[110.73510287756024,19.4793409449753]}"
3957,0.0,31.0,78.0,32.98878479003906,55.0,18.608016384871647,109.76717652133482,2230.696533203125,42.0,3.8514795303344727,4.0,1.0,0.6692517141895319,12.423818588256836,46.0,"{""type"":""Point"",""coordinates"":[109.7675953940615,18.609887972393842]}"
3958,0.0,23.0,86.0,7.483044624328613,82.0,19.335651765008457,108.99013380057141,1764.2918701171875,59.0,0.6018691658973694,3.0,3.0,0.64514062674963,14.276671409606934,41.0,"{""type"":""Point"",""coordinates"":[108.98791861474281,19.335119379997277]}"
3959,0.0,30.0,666.0,59.0040397644043,496.0,18.760729983171963,109.41683356052818,2212.157470703125,48.0,16.262542724609375,7.0,1.0,0.5564963631171121,10.524833679199219,44.0,"{""type"":""Point"",""coordinates"":[109.41906254825206,18.762703726029002]}"
3960,0.0,24.0,99.0,18.080289840698242,72.0,19.569213738879533,109.99175534236468,2588.387939453125,49.0,0.8355773687362671,3.0,3.0,0.7300540651954356,13.940720558166504,35.0,"{""type"":""Point"",""coordinates"":[109.99211981001415,19.5689379407144]}"
3961,0.0,26.0,264.0,23.69782829284668,127.0,18.666406878339416,109.19225473949831,1882.3177490234375,52.0,4.043818950653076,4.0,1.0,0.5922995531102931,12.257148742675781,45.0,"{""type"":""Point"",""coordinates"":[109.1926043946698,18.664426276388173]}"
3962,0.0,27.0,217.0,33.712890625,140.0,19.40751698773802,109.798617556279,2519.21923828125,46.0,2.917188882827759,4.0,3.0,0.6706274889874542,12.615612983703613,37.0,"{""type"":""Point"",""coordinates"":[109.79798316936859,19.40789445286842]}"
3963,0.0,32.0,93.0,15.814210891723633,86.0,19.55573900961774,110.59811815914537,2502.11181640625,43.0,0.9876629114151001,6.0,3.0,0.7163379063158754,13.323474884033203,34.0,"{""type"":""Point"",""coordinates"":[110.59797014175919,19.55714873196302]}"
3964,0.0,29.0,201.0,33.48481369018555,147.0,19.003275109884235,108.94970961278602,1585.57373046875,47.0,11.157797813415527,4.0,2.0,0.575908427004618,11.272574424743652,41.0,"{""type"":""Point"",""coordinates"":[108.94895016026032,19.002157992443212]}"
3965,0.0,28.0,86.0,59.04671096801758,86.0,18.648440572657023,110.21633416339455,2270.269287109375,47.0,9.14192008972168,4.0,1.0,0.6267916263208221,11.547585487365723,44.0,"{""type"":""Point"",""coordinates"":[110.21554057063537,18.64751535020942]}"
3966,0.0,29.0,335.0,21.371267318725586,223.0,18.97183407494005,109.90192381395275,2340.0546875,40.0,1.7525643110275269,4.0,2.0,0.6356799732536237,13.045717239379883,42.0,"{""type"":""Point"",""coordinates"":[109.90019771805785,18.972596991833544]}"
3967,0.0,23.0,53.0,8.42155647277832,51.0,18.79217101811615,108.77453813238276,1405.4683837890625,49.0,1.4744622707366943,3.0,1.0,0.630442730628674,13.400093078613281,47.0,"{""type"":""Point"",""coordinates"":[108.77564229377674,18.790356863039857]}"
3968,0.0,22.0,85.0,8.97060775756836,64.0,19.115564520399175,109.0305579883568,1854.9710693359375,55.0,0.6681270599365234,2.0,2.0,0.669564923523005,14.17282485961914,41.0,"{""type"":""Point"",""coordinates"":[109.03031758341218,19.115608220377563]}"
3970,0.0,26.0,226.0,57.116817474365234,189.0,19.32666861216726,110.2073510105534,2826.0595703125,50.0,5.004222393035889,5.0,3.0,0.6610006519993261,12.068387985229492,38.0,"{""type"":""Point"",""coordinates"":[110.2085913042426,19.325235748283905]}"
3971,0.0,23.0,9.0,6.903371334075928,10.0,19.950997734630327,110.7732896395487,1932.630615234375,52.0,0.3817470371723175,3.0,4.0,0.714290653682428,13.423042297363281,47.0,"{""type"":""Point"",""coordinates"":[110.77260435553241,19.950851665246226]}"
3972,0.0,25.0,216.0,19.1254940032959,141.0,19.322177035746662,109.97378903668232,2702.86376953125,48.0,0.8350313305854797,4.0,3.0,0.6707251214351432,13.867963790893555,40.0,"{""type"":""Point"",""coordinates"":[109.97510502620895,19.320764473591446]}"
3973,0.0,27.0,55.0,24.0939884185791,54.0,18.473269092253716,109.66387026366107,2264.468505859375,49.0,2.239414930343628,3.0,1.0,0.6879724482810967,12.980705261230469,44.0,"{""type"":""Point"",""coordinates"":[109.66241338393935,18.473548054192587]}"
3974,0.0,27.0,67.0,10.05080509185791,67.0,19.874640935480173,110.31065726822715,2300.0224609375,46.0,0.33490556478500366,5.0,4.0,0.7242866302658635,14.59540843963623,35.0,"{""type"":""Point"",""coordinates"":[110.31077953729795,19.875720828378846]}"
3975,0.0,26.0,54.0,12.09860610961914,54.0,19.55573900961774,109.20123789233952,2046.3929443359375,51.0,0.9189883470535278,3.0,3.0,0.7027208942575162,13.872414588928223,39.0,"{""type"":""Point"",""coordinates"":[109.20188571686052,19.555947882709944]}"
3976,0.0,23.0,74.0,15.310819625854492,73.0,19.843199900535986,110.12201105856201,2359.382568359375,51.0,0.9357309937477112,4.0,4.0,0.7263478057070711,13.562346458435059,33.0,"{""type"":""Point"",""coordinates"":[110.12316204584249,19.841344982399]}"
3977,0.0,29.0,276.0,26.714418411254883,99.0,19.21887077807292,109.51115666536077,2279.33447265625,41.0,2.7093324661254883,5.0,2.0,0.656098096806415,12.650455474853516,37.0,"{""type"":""Point"",""coordinates"":[109.51176595718582,19.21707627619911]}"
3978,0.0,27.0,308.0,21.862911224365234,110.0,19.066157179772603,109.67734499292288,2321.585693359375,49.0,1.9460068941116333,4.0,2.0,0.6445085710856596,12.959819793701172,40.0,"{""type"":""Point"",""coordinates"":[109.67918089085383,19.065266507477716]}"
3979,0.0,27.0,307.0,72.68888854980469,202.0,19.27276969512009,109.69980287502585,2483.43603515625,49.0,11.40424919128418,4.0,2.0,0.6288016088982469,11.179361343383789,38.0,"{""type"":""Point"",""coordinates"":[109.69926509383922,19.27335990151356]}"
3980,0.0,26.0,111.0,16.070640563964844,73.0,19.15598870818455,110.04565425941183,2573.615966796875,44.0,0.6490952372550964,5.0,2.0,0.6985677719842707,14.186006546020508,42.0,"{""type"":""Point"",""coordinates"":[110.0468383122863,19.157043152505384]}"
3981,0.0,36.0,640.0,65.461669921875,598.0,18.48674382151551,109.53361454746374,2154.800048828125,36.0,20.035402297973633,6.0,1.0,0.5430692585330547,10.325263023376465,44.0,"{""type"":""Point"",""coordinates"":[109.53381355900585,18.488390636454202]}"
3982,0.0,29.0,115.0,12.543777465820312,69.0,19.57370531530013,109.60547977019331,2223.071533203125,47.0,0.7524245977401733,4.0,3.0,0.7120257350480542,14.035829544067383,35.0,"{""type"":""Point"",""coordinates"":[109.60420682885763,19.573944858186977]}"
3983,0.0,29.0,23.0,7.328185558319092,23.0,19.79828413633001,110.70591599323973,2126.321533203125,44.0,0.1720791757106781,3.0,4.0,0.7424726412618229,14.602849006652832,40.0,"{""type"":""Point"",""coordinates"":[110.70631156889985,19.797980653654456]}"
3984,0.0,22.0,65.0,12.416110038757324,61.0,19.730910490021046,109.6414123815581,2057.8681640625,56.0,0.9211559891700745,3.0,3.0,0.7215632016616208,13.863558769226074,33.0,"{""type"":""Point"",""coordinates"":[109.6432152278883,19.73148688259721]}"
3985,0.0,27.0,39.0,5.227962970733643,40.0,19.87913251190077,110.89456220290481,1755.0247802734375,50.0,0.2511841952800751,2.0,4.0,0.6592072061254229,13.772628784179688,49.0,"{""type"":""Point"",""coordinates"":[110.8924664389678,19.87840630635339]}"
3986,0.0,24.0,213.0,24.42795753479004,111.0,18.612507961292245,109.15183055171292,1863.9754638671875,54.0,4.175997734069824,4.0,1.0,0.589382399880043,12.258573532104492,46.0,"{""type"":""Point"",""coordinates"":[109.15131263882155,18.610490972224646]}"
3987,0.0,32.0,53.0,22.147207260131836,35.0,19.546755856776542,110.24328362191818,2685.0126953125,39.0,1.1534830331802368,4.0,3.0,0.7604401684358572,13.645686149597168,38.0,"{""type"":""Point"",""coordinates"":[110.24216146891082,19.545926146521644]}"
3988,0.0,31.0,460.0,18.392330169677734,311.0,19.115564520399175,109.25962838580728,1970.8997802734375,43.0,2.572566509246826,6.0,2.0,0.6141842419746228,12.569182395935059,40.0,"{""type"":""Point"",""coordinates"":[109.25836042802962,19.113522827394384]}"
3989,0.0,32.0,544.0,44.971649169921875,390.0,19.169463437446346,109.38090094916339,2100.913330078125,40.0,10.056049346923828,5.0,2.0,0.6007884859982576,11.129016876220703,38.0,"{""type"":""Point"",""coordinates"":[109.3809096213887,19.17153274537204]}"
3990,0.0,25.0,144.0,16.1355037689209,98.0,19.54226428035595,109.5920050409315,2219.676513671875,54.0,1.2662426233291626,4.0,3.0,0.6757369801087899,13.497342109680176,35.0,"{""type"":""Point"",""coordinates"":[109.59210586506792,19.544248913048484]}"
3991,0.0,29.0,582.0,20.699121475219727,536.0,18.760729983171963,109.798617556279,2335.168212890625,40.0,1.85921049118042,7.0,1.0,0.6044619169898424,12.79506778717041,46.0,"{""type"":""Point"",""coordinates"":[109.79937350072257,18.761291637589917]}"
3992,0.0,27.0,222.0,56.21104049682617,181.0,18.751746830330767,109.72675233354943,2370.356201171875,44.0,7.713769435882568,3.0,1.0,0.5902126933538812,11.634760856628418,49.0,"{""type"":""Point"",""coordinates"":[109.72688060655557,18.753935923046072]}"
3993,0.0,22.0,16.0,17.343671798706055,16.0,19.21887077807292,110.45887929010684,2734.285888671875,45.0,0.5422546863555908,2.0,2.0,0.7760415182664856,14.402948379516602,40.0,"{""type"":""Point"",""coordinates"":[110.46025720345885,19.22036313682908]}"
3994,0.0,32.0,27.0,11.145350456237793,27.0,19.955489311050925,109.88844908469093,1951.9473876953125,39.0,1.0206382274627686,3.0,4.0,0.7329628766314142,13.511870384216309,38.0,"{""type"":""Point"",""coordinates"":[109.88762707530793,19.957379546791937]}"
3995,0.0,27.0,108.0,34.32529830932617,111.0,18.275639729747425,109.61895449945507,2100.885986328125,53.0,5.132592678070068,4.0,0.0,0.6281488411430234,12.117408752441406,41.0,"{""type"":""Point"",""coordinates"":[109.61785214000888,18.275556996379784]}"
3996,0.0,33.0,19.0,21.24044418334961,19.0,19.807267289171207,109.42132513694878,1784.7108154296875,39.0,3.5272133350372314,4.0,4.0,0.7421084367685029,12.546648979187012,34.0,"{""type"":""Point"",""coordinates"":[109.42135414961264,19.807557980102544]}"
3997,0.0,33.0,101.0,15.99642562866211,84.0,19.38056752921443,110.3196404210683,2669.67236328125,37.0,0.5933789610862732,5.0,3.0,0.7020788709546011,14.281834602355957,39.0,"{""type"":""Point"",""coordinates"":[110.3194395861156,19.382194388458235]}"
3998,0.0,27.0,12.0,10.880644798278809,14.0,19.0751403326138,110.55769397135998,2290.27880859375,42.0,0.3817919194698334,4.0,2.0,0.7493726461886626,14.756169319152832,43.0,"{""type"":""Point"",""coordinates"":[110.55792045111815,19.076986455713982]}"
3999,0.0,30.0,43.0,20.331645965576172,29.0,19.757859948544635,110.1624352463474,2496.65283203125,40.0,1.3862760066986084,5.0,4.0,0.7930251771833026,13.19334602355957,31.0,"{""type"":""Point"",""coordinates"":[110.1638060204132,19.7598441592508]}"
