system:index,bedrock,clay,dem,erosion,hand,latitude,longitude,precip,sand,slope,soc,spatial_fold,suit_score,twi,typhoon,.geo
0,0.0,26.0,20.0,11.283244132995605,20.0,18.57208377350686,110.08607844719722,1994.8236083984375,42.0,0.7773006558418274,3.0,1.0,0.7132785139233584,14.059710502624512,45.0,"{""type"":""Point"",""coordinates"":[110.08810890232886,18.574191833817743]}"
1,0.0,23.0,119.0,13.672635078430176,54.0,19.259294965858295,110.07709529435607,2133.71435546875,48.0,0.9256881475448608,3.0,2.0,0.7081768805542548,13.826116561889648,38.0,"{""type"":""Point"",""coordinates"":[110.0762289804326,19.25878917967303]}"
2,0.0,29.0,782.0,35.003929138183594,660.0,19.115564520399175,109.21022104518073,1758.2235107421875,47.0,14.568042755126953,9.0,2.0,0.554536271402295,10.527397155761719,39.0,"{""type"":""Point"",""coordinates"":[109.21153321873435,19.117709496100176]}"
3,0.0,32.0,399.0,28.07938003540039,202.0,19.052682450510808,109.40785040768702,1729.015869140625,36.0,7.013795375823975,4.0,2.0,0.5795295201824611,11.607999801635742,42.0,"{""type"":""Point"",""coordinates"":[109.40616044474183,19.05224947491745]}"
4,0.0,24.0,28.0,5.128530502319336,27.0,19.784809407068217,110.84066328585766,1528.947021484375,54.0,0.6697322726249695,5.0,4.0,0.6838083359957499,12.989968299865723,44.0,"{""type"":""Point"",""coordinates"":[110.83980343007184,19.78300707530415]}"
5,0.0,24.0,35.0,12.852396965026855,35.0,18.343013376056383,109.52463139462253,1719.6109619140625,54.0,1.763452172279358,3.0,0.0,0.693691623729922,13.23155689239502,41.0,"{""type"":""Point"",""coordinates"":[109.52405400224609,18.34376687831744]}"
6,0.0,24.0,109.0,11.25353717803955,40.0,19.33116018858786,110.18489312845037,2169.286865234375,49.0,0.573488712310791,3.0,3.0,0.7279527503027284,14.311075210571289,38.0,"{""type"":""Point"",""coordinates"":[110.18299536923713,19.332992612559522]}"
7,0.0,31.0,319.0,26.58236312866211,169.0,19.232345507334713,109.5964966173521,1914.7080078125,38.0,4.545291423797607,4.0,2.0,0.6156913455641865,12.102145195007324,39.0,"{""type"":""Point"",""coordinates"":[109.59548037989083,19.231223206054857]}"
8,0.0,24.0,142.0,30.4163818359375,68.0,19.367092799952644,109.86599120258796,2007.8226318359375,47.0,4.330911636352539,4.0,3.0,0.667597974614422,12.26711654663086,39.0,"{""type"":""Point"",""coordinates"":[109.86433697794055,19.368361250923613]}"
9,0.0,23.0,123.0,12.443471908569336,58.0,19.26827811869949,110.09057002361783,2133.71435546875,47.0,0.7491510510444641,3.0,2.0,0.6997501196214563,14.03529167175293,39.0,"{""type"":""Point"",""coordinates"":[110.08980111669506,19.26937602124172]}"
10,0.0,29.0,314.0,21.5825252532959,137.0,19.196412895969935,109.51115666536077,1856.2041015625,42.0,3.5432252883911133,4.0,2.0,0.6204183941263239,12.355506896972656,38.0,"{""type"":""Point"",""coordinates"":[109.51118107193278,19.19556017992289]}"
11,0.0,23.0,95.0,8.584482192993164,63.0,19.18742974312874,110.09057002361783,2101.611083984375,51.0,0.28679710626602173,4.0,2.0,0.6877922896240916,15.012548446655273,41.0,"{""type"":""Point"",""coordinates"":[110.09195616389174,19.188934739214496]}"
12,0.0,34.0,435.0,17.59803581237793,266.0,18.985308804201843,109.33598518495745,1607.671875,35.0,4.194196701049805,5.0,2.0,0.5754043857929034,12.098433494567871,43.0,"{""type"":""Point"",""coordinates"":[109.33751059806195,18.986191382380714]}"
13,0.0,26.0,21.0,3.338376998901367,21.0,18.908952005051688,108.69818133323258,1188.3367919921875,48.0,0.38144540786743164,3.0,2.0,0.6650654826469358,14.771039009094238,45.0,"{""type"":""Point"",""coordinates"":[108.69825369182574,18.911193996435312]}"
14,0.0,21.0,5.0,2.64042067527771,5.0,19.0706487561932,108.65326556902659,1119.602783203125,52.0,0.19089336693286896,2.0,2.0,0.6794729330890836,15.472503662109375,45.0,"{""type"":""Point"",""coordinates"":[108.65141591852057,19.07252513143445]}"
15,0.0,30.0,431.0,30.837926864624023,325.0,18.670898454760014,109.28657784433085,1711.1292724609375,48.0,9.457006454467773,4.0,1.0,0.556471143780849,11.281061172485352,45.0,"{""type"":""Point"",""coordinates"":[109.28477789125246,18.67036471379799]}"
16,0.0,26.0,891.0,21.591468811035156,839.0,18.80115417095734,109.77615967417603,1974.5142822265625,45.0,4.279400825500488,5.0,1.0,0.5643585779836031,11.653231620788574,44.0,"{""type"":""Point"",""coordinates"":[109.77808464428385,18.799273336219024]}"
17,0.0,26.0,294.0,22.08688735961914,194.0,19.362601223532046,109.43030828978999,1839.96484375,53.0,3.963064432144165,4.0,3.0,0.6239462652957143,12.25701904296875,37.0,"{""type"":""Point"",""coordinates"":[109.42906935415512,19.36197457933684]}"
18,0.0,30.0,37.0,9.456121444702148,34.0,19.308702306484875,110.47235401936865,2144.83251953125,35.0,0.34922704100608826,5.0,3.0,0.7266556422538601,14.830571174621582,41.0,"{""type"":""Point"",""coordinates"":[110.47400277738993,19.309877295542172]}"
19,0.0,28.0,567.0,28.70662498474121,511.0,19.12903924966097,109.13386424603056,1703.1837158203125,48.0,9.053513526916504,7.0,2.0,0.5779443998080956,11.216785430908203,39.0,"{""type"":""Point"",""coordinates"":[109.13254875405079,19.129149918888597]}"
20,0.0,21.0,94.0,8.187248229980469,82.0,19.147005555343355,108.92725173068305,1666.4306640625,60.0,0.8855273127555847,3.0,2.0,0.6377491027522907,13.885671615600586,41.0,"{""type"":""Point"",""coordinates"":[108.92561521850764,19.145648391904874]}"
21,0.0,25.0,24.0,7.494544982910156,27.0,18.805645747377937,110.33760672675072,1884.81591796875,49.0,0.3648683428764343,2.0,1.0,0.6906938770220736,14.813736915588379,47.0,"{""type"":""Point"",""coordinates"":[110.33576305265233,18.80409987967682]}"
22,0.0,32.0,16.0,4.256829738616943,17.0,19.838708324115387,109.2281873508631,1289.7923583984375,39.0,0.5304341912269592,2.0,4.0,0.728101876396351,14.444181442260742,33.0,"{""type"":""Point"",""coordinates"":[109.23018151737165,19.83747232242967]}"
23,0.0,27.0,399.0,20.23941993713379,350.0,18.67988160760121,109.57403873524913,1804.6744384765625,50.0,3.7796592712402344,4.0,1.0,0.5717053177705619,12.229805946350098,47.0,"{""type"":""Point"",""coordinates"":[109.57505530238564,18.67906145492204]}"
24,0.0,23.0,58.0,7.634199142456055,58.0,19.816250442012404,110.05014583583244,1588.25830078125,51.0,0.9394810795783997,2.0,4.0,0.692172592252235,13.57088565826416,34.0,"{""type"":""Point"",""coordinates"":[110.0483559827463,19.815380367891294]}"
25,0.0,28.0,133.0,16.638229370117188,118.0,19.061665603352004,110.22531731623576,2107.4267578125,42.0,1.4592705965042114,4.0,2.0,0.6266764436336537,13.362222671508789,44.0,"{""type"":""Point"",""coordinates"":[110.22559528208687,19.063524289382556]}"
26,0.0,26.0,307.0,18.98233413696289,122.0,19.084123485454995,109.69531129860525,1923.936279296875,49.0,2.6198055744171143,4.0,2.0,0.619000473828242,12.66287899017334,40.0,"{""type"":""Point"",""coordinates"":[109.69328418781393,19.084731208754928]}"
27,0.0,26.0,1002.0,23.47429084777832,969.0,18.71581421896599,108.90479384858008,1440.05810546875,49.0,17.394710540771484,7.0,1.0,0.4843063129938552,10.083317756652832,46.0,"{""type"":""Point"",""coordinates"":[108.90506797361385,18.715198345873436]}"
28,0.0,28.0,149.0,19.300525665283203,75.0,19.344634917849653,109.87048277900857,2028.7845458984375,43.0,2.1267435550689697,4.0,3.0,0.6641501786382862,12.975393295288086,40.0,"{""type"":""Point"",""coordinates"":[109.87173798477205,19.34560968613405]}"
29,0.0,28.0,24.0,9.391863822937012,24.0,19.313193882905473,110.50828663073344,2069.560302734375,42.0,0.44064852595329285,4.0,3.0,0.7374150436739089,14.587279319763184,40.0,"{""type"":""Point"",""coordinates"":[110.50947194196321,19.311627540285233]}"
30,0.0,27.0,641.0,36.873558044433594,587.0,19.030224568407817,109.10691478750698,1672.6319580078125,50.0,15.853909492492676,7.0,2.0,0.548440172362243,10.574423789978027,40.0,"{""type"":""Point"",""coordinates"":[109.10613890467933,19.03050901901774]}"
31,0.0,25.0,201.0,25.0672607421875,163.0,19.052682450510808,110.08158687077662,2120.721435546875,47.0,2.861685037612915,5.0,2.0,0.6098155441552335,12.645224571228027,46.0,"{""type"":""Point"",""coordinates"":[110.0808507779755,19.052105015404425]}"
32,0.0,21.0,42.0,6.759010314941406,41.0,19.847691476956584,109.66836184008167,1351.4901123046875,50.0,1.0882264375686646,2.0,4.0,0.6928165789032278,13.7103910446167,35.0,"{""type"":""Point"",""coordinates"":[109.66974063147195,19.849679701339134]}"
33,0.0,26.0,41.0,14.524587631225586,38.0,19.29522757722308,110.37803091453611,2300.58349609375,50.0,0.8584315776824951,5.0,3.0,0.7425282495806109,13.94821834564209,38.0,"{""type"":""Point"",""coordinates"":[110.37969496395763,19.294064563214746]}"
34,0.0,30.0,201.0,23.612167358398438,69.0,19.205396048811124,109.8031091326996,2071.10986328125,42.0,2.899803400039673,6.0,2.0,0.6777230855437977,12.631969451904297,38.0,"{""type"":""Point"",""coordinates"":[109.80248567244,19.207136252549915]}"
35,0.0,28.0,494.0,10.067873001098633,427.0,18.590050079189254,109.47073247757538,1835.668212890625,48.0,1.0825767517089844,6.0,1.0,0.582600052700168,13.4086275100708,46.0,"{""type"":""Point"",""coordinates"":[109.46907153289722,18.5881012464824]}"
36,0.0,22.0,31.0,2.938554286956787,32.0,19.88362408832137,109.65937868724046,1262.478515625,43.0,0.057359881699085236,2.0,4.0,0.7058398367232548,16.659883499145508,34.0,"{""type"":""Point"",""coordinates"":[109.66000693037671,19.88454762950848]}"
37,0.0,26.0,506.0,66.14511108398438,477.0,18.720305795386587,109.93785642531753,2281.90283203125,48.0,14.176953315734863,4.0,1.0,0.5586853288701514,10.806183815002441,47.0,"{""type"":""Point"",""coordinates"":[109.93871005879517,18.719724775454154]}"
38,0.0,24.0,4.0,10.172929763793945,6.0,19.18742974312874,110.47684559578926,2168.571533203125,48.0,0.4176870584487915,2.0,2.0,0.763163053626025,14.670985221862793,40.0,"{""type"":""Point"",""coordinates"":[110.47682086684952,19.188676616392627]}"
39,0.0,25.0,165.0,61.367759704589844,161.0,18.473269092253716,109.65488711081986,1922.37890625,50.0,15.982309341430664,3.0,1.0,0.5667384319009863,10.92251205444336,44.0,"{""type"":""Point"",""coordinates"":[109.65492189971891,18.472007695706676]}"
40,0.0,30.0,430.0,29.374685287475586,384.0,18.697847913283596,109.58302188809029,1804.6744384765625,47.0,7.335126876831055,4.0,1.0,0.5500938575464569,11.539554595947266,49.0,"{""type"":""Point"",""coordinates"":[109.58428450012562,18.697839375463193]}"
41,0.0,27.0,106.0,17.200523376464844,106.0,19.340143341429055,108.88233596647706,1481.8665771484375,49.0,4.352654933929443,4.0,3.0,0.5913480528681299,12.28420352935791,42.0,"{""type"":""Point"",""coordinates"":[108.88187355252106,19.342373146342045]}"
42,0.0,27.0,13.0,9.913870811462402,16.0,19.007766686304834,110.51726978357459,1832.4488525390625,38.0,0.8052111268043518,5.0,2.0,0.7365154607017469,14.00930404663086,39.0,"{""type"":""Point"",""coordinates"":[110.5187898273939,19.007796563207457]}"
43,0.0,30.0,153.0,5.819226264953613,24.0,18.778696288854356,109.22369577444249,1685.226806640625,40.0,0.3113425076007843,3.0,1.0,0.6883224593247733,14.894797325134277,44.0,"{""type"":""Point"",""coordinates"":[109.22578432594042,18.78065572827961]}"
44,0.0,30.0,78.0,5.7178521156311035,78.0,19.537772703935353,109.17878001023655,1547.03271484375,46.0,0.5303816199302673,3.0,3.0,0.6594588390388088,14.407913208007812,36.0,"{""type"":""Point"",""coordinates"":[109.1788414267337,19.537128892559814]}"
45,0.0,26.0,192.0,17.55979347229004,173.0,18.643948996236425,109.0260664119362,1677.1585693359375,45.0,3.1331355571746826,4.0,1.0,0.5788035772619465,12.560221672058105,47.0,"{""type"":""Point"",""coordinates"":[109.02698118913047,18.644596976215652]}"
46,0.0,28.0,58.0,5.119754791259766,56.0,19.838708324115387,110.31065726822715,1669.9520263671875,43.0,0.19171778857707977,7.0,4.0,0.701101989279327,15.160274505615234,35.0,"{""type"":""Point"",""coordinates"":[110.30998187531297,19.838229459184728]}"
47,0.0,28.0,268.0,10.597211837768555,203.0,19.23683708375531,109.98277218952347,2155.989501953125,42.0,0.5303300619125366,5.0,2.0,0.6523843475207247,14.287535667419434,38.0,"{""type"":""Point"",""coordinates"":[109.9844504693057,19.23543060580041]}"
48,0.0,30.0,1060.0,23.953886032104492,1006.0,19.0751403326138,109.11140636392759,1722.4847412109375,48.0,11.912880897521973,8.0,2.0,0.543440467615149,10.39822006225586,39.0,"{""type"":""Point"",""coordinates"":[109.11357199673016,19.07572918141118]}"
49,0.0,27.0,91.0,7.947044849395752,61.0,19.55573900961774,110.06811214151486,1903.7869873046875,46.0,0.4299336075782776,4.0,3.0,0.7045049541537243,14.610093116760254,35.0,"{""type"":""Point"",""coordinates"":[110.0661497610872,19.557196913501738]}"
50,0.0,38.0,803.0,7.063296794891357,634.0,18.985308804201843,109.30903572643388,1607.671875,33.0,0.9937329888343811,5.0,2.0,0.5718206580773949,13.212407112121582,41.0,"{""type"":""Point"",""coordinates"":[109.30927016204986,18.985018450169566]}"
51,0.0,26.0,111.0,29.6148624420166,111.0,18.63496584339523,110.07260371793546,2075.025390625,49.0,3.9434585571289062,4.0,1.0,0.6125724410177029,12.380233764648438,45.0,"{""type"":""Point"",""coordinates"":[110.07091894807114,18.636350363642965]}"
52,0.0,25.0,97.0,15.320765495300293,89.0,19.308702306484875,110.3241319974889,2207.088134765625,46.0,1.0473518371582031,4.0,3.0,0.6841382255449735,13.715991973876953,36.0,"{""type"":""Point"",""coordinates"":[110.32270753254062,19.308263788781204]}"
53,0.0,35.0,80.0,6.9297895431518555,81.0,19.515314821832362,110.66100022903373,1856.044677734375,38.0,0.43123024702072144,3.0,3.0,0.675052362482915,14.164512634277344,36.0,"{""type"":""Point"",""coordinates"":[110.65950058455576,19.514978727543827]}"
54,0.0,24.0,206.0,9.379921913146973,140.0,19.4389580226822,109.52463139462253,1836.7322998046875,54.0,0.8301437497138977,4.0,3.0,0.6575159774479313,13.880324363708496,33.0,"{""type"":""Point"",""coordinates"":[109.52334891988869,19.43788018061711]}"
55,0.0,30.0,318.0,43.24347686767578,296.0,18.82361205306033,110.13997736424443,2073.30810546875,46.0,8.48511791229248,4.0,2.0,0.567668320292103,11.473373413085938,49.0,"{""type"":""Point"",""coordinates"":[110.13805531592007,18.824980764120284]}"
56,0.0,29.0,16.0,5.796420574188232,16.0,19.730910490021046,110.73735702818391,1715.18212890625,46.0,0.4265555739402771,5.0,3.0,0.7220526428570465,13.729301452636719,41.0,"{""type"":""Point"",""coordinates"":[110.7377680963385,19.728825744608148]}"
57,0.0,24.0,503.0,31.2712459564209,456.0,18.6888647604424,108.9811506477302,1661.1358642578125,50.0,10.090113639831543,5.0,1.0,0.5435774591059778,11.158941268920898,46.0,"{""type"":""Point"",""coordinates"":[108.98301188424502,18.688897569685818]}"
58,0.0,27.0,198.0,14.555262565612793,112.0,19.452432751943995,109.753701792073,1968.5472412109375,52.0,1.5977809429168701,3.0,3.0,0.6490269765208236,13.230525016784668,36.0,"{""type"":""Point"",""coordinates"":[109.75162039860568,19.45340035687753]}"
59,0.0,28.0,71.0,7.866257190704346,69.0,19.68599472581507,110.62955919408955,1716.0584716796875,48.0,0.879525899887085,5.0,3.0,0.6804665988056641,13.460111618041992,36.0,"{""type"":""Point"",""coordinates"":[110.62876227557663,19.684157048114418]}"
60,0.0,26.0,238.0,37.89841079711914,122.0,19.286244424381884,109.68183656934343,1937.529052734375,52.0,7.812528133392334,4.0,3.0,0.615962572226478,11.611369132995605,38.0,"{""type"":""Point"",""coordinates"":[109.68172799646972,19.284879254462037]}"
62,0.0,22.0,158.0,10.181943893432617,100.0,19.49734851614997,109.798617556279,1968.5472412109375,56.0,0.7281580567359924,4.0,3.0,0.6598003631116803,14.041996955871582,35.0,"{""type"":""Point"",""coordinates"":[109.79720372456535,19.498947118698858]}"
63,0.0,25.0,183.0,11.274678230285645,80.0,19.286244424381884,109.71776918070822,1928.86181640625,54.0,1.039331316947937,4.0,3.0,0.6636851643899823,13.670318603515625,38.0,"{""type"":""Point"",""coordinates"":[109.71675343061881,19.284575932599108]}"
65,0.0,25.0,175.0,11.811491966247559,135.0,19.115564520399175,109.08894848182456,1712.580810546875,51.0,1.594566822052002,4.0,2.0,0.6226714061593355,13.247231483459473,39.0,"{""type"":""Point"",""coordinates"":[109.09103788783735,19.116511554460327]}"
66,0.0,31.0,757.0,40.978363037109375,757.0,18.60352480845105,110.1175194821414,2010.4400634765625,44.0,12.3616361618042,6.0,1.0,0.5424353356899799,10.723270416259766,46.0,"{""type"":""Point"",""coordinates"":[110.1184404359314,18.60551126364394]}"
67,0.0,27.0,2.0,4.762674808502197,3.0,20.018371380939293,110.44989613726563,1459.57275390625,41.0,0.5025940537452698,3.0,4.0,0.7201434179952572,13.562321662902832,41.0,"{""type"":""Point"",""coordinates"":[110.4488704441638,20.01767514997959]}"
68,0.0,23.0,34.0,6.2297515869140625,34.0,19.83421674769479,110.71489914608088,1609.271728515625,56.0,0.8235541582107544,4.0,4.0,0.6881421265257962,13.020301818847656,42.0,"{""type"":""Point"",""coordinates"":[110.71671391299512,19.836217419369646]}"
69,0.0,32.0,83.0,11.072341918945312,55.0,18.6888647604424,109.78963440343779,1990.1002197265625,39.0,0.8416323661804199,4.0,1.0,0.6575045984044298,13.943132400512695,48.0,"{""type"":""Point"",""coordinates"":[109.7911429446481,18.689638289640534]}"
70,0.0,26.0,51.0,5.910374164581299,51.0,19.901590394003755,110.3196404210683,1611.625244140625,46.0,0.4880128800868988,4.0,4.0,0.687026381081365,14.06762409210205,38.0,"{""type"":""Point"",""coordinates"":[110.31760082128389,19.901247824682613]}"
71,0.0,29.0,548.0,34.557640075683594,499.0,18.76971313601316,109.65488711081986,1805.6729736328125,41.0,9.732526779174805,7.0,1.0,0.5513558313264643,11.159059524536133,46.0,"{""type"":""Point"",""coordinates"":[109.65642810140014,18.77147511696803]}"
72,0.0,25.0,26.0,8.597953796386719,29.0,18.84606993516332,110.3690477616949,1900.9625244140625,51.0,0.5462853312492371,2.0,2.0,0.6886517587439099,14.408957481384277,47.0,"{""type"":""Point"",""coordinates"":[110.36863461912026,18.84401288074261]}"
73,0.0,24.0,14.0,3.456446409225464,15.0,19.94650615820973,110.83168013301645,1412.6700439453125,49.0,0.11471964418888092,3.0,4.0,0.6688665470340135,14.61414909362793,49.0,"{""type"":""Point"",""coordinates"":[110.83175170933038,19.94717795601446]}"
74,0.0,25.0,326.0,20.648923873901367,143.0,18.95835934567826,109.78514282701718,2034.1593017578125,46.0,2.4619438648223877,3.0,2.0,0.6105768788603195,12.711874008178711,43.0,"{""type"":""Point"",""coordinates"":[109.78498194034252,18.957600145282452]}"
75,0.0,28.0,222.0,66.31376647949219,222.0,18.585558502768656,110.09955317645904,1994.8236083984375,51.0,18.279897689819336,4.0,1.0,0.5572159343890544,10.743273735046387,45.0,"{""type"":""Point"",""coordinates"":[110.0974367747575,18.584758729263978]}"
76,0.0,33.0,115.0,9.405682563781738,88.0,19.4389580226822,110.35557303243309,2069.625244140625,38.0,0.48997512459754944,5.0,3.0,0.6790843105050233,14.444443702697754,36.0,"{""type"":""Point"",""coordinates"":[110.3537979340526,19.437788099908115]}"
77,0.0,26.0,36.0,12.316141128540039,39.0,18.35199652889758,109.63242922871689,1811.5426025390625,47.0,1.3518540859222412,3.0,0.0,0.6871068082302784,13.49690055847168,43.0,"{""type"":""Point"",""coordinates"":[109.6337886824026,18.35054315939883]}"
78,0.0,26.0,249.0,81.8767318725586,236.0,18.706831066124792,109.94234800173814,2281.90283203125,49.0,16.676387786865234,4.0,1.0,0.5648821667657505,10.823226928710938,47.0,"{""type"":""Point"",""coordinates"":[109.94014628008715,18.705045934949197]}"
79,0.0,27.0,218.0,10.844518661499023,74.0,18.720305795386587,109.29556099717206,1684.046630859375,52.0,1.558953881263733,4.0,1.0,0.6252251960693223,13.24218463897705,44.0,"{""type"":""Point"",""coordinates"":[109.29338892865378,18.72055326697001]}"
80,0.0,30.0,477.0,36.293766021728516,476.0,18.52267643288029,109.75819336849361,1951.179931640625,47.0,8.593852996826172,5.0,1.0,0.570109149459582,11.342927932739258,45.0,"{""type"":""Point"",""coordinates"":[109.75750989771191,18.524249879779752]}"
81,0.0,24.0,99.0,7.040804862976074,48.0,19.66802842013268,109.73124390997003,1665.161376953125,53.0,0.6091139912605286,3.0,3.0,0.7205215978875148,14.256871223449707,31.0,"{""type"":""Point"",""coordinates"":[109.72951125304628,19.666646255840085]}"
82,0.0,28.0,11.0,4.854104042053223,12.0,20.099219756510053,110.63405077051016,1457.0281982421875,40.0,0.7122549414634705,2.0,4.0,0.694818716220569,12.792638778686523,44.0,"{""type"":""Point"",""coordinates"":[110.63609669697009,20.097250192482022]}"
83,0.0,25.0,329.0,18.241914749145508,332.0,18.60352480845105,108.85538650795348,1410.6121826171875,52.0,6.128632545471191,3.0,1.0,0.5500491358209414,11.794538497924805,46.0,"{""type"":""Point"",""coordinates"":[108.85470259008547,18.604536269951772]}"
84,0.0,24.0,136.0,9.099499702453613,115.0,19.528789551094157,109.46174932473417,1731.3953857421875,55.0,0.9676715731620789,4.0,3.0,0.6417240956323927,13.771288871765137,36.0,"{""type"":""Point"",""coordinates"":[109.4603344825238,19.530256879872688]}"
85,0.0,26.0,140.0,7.48934268951416,124.0,19.093106638296184,108.94521803636547,1643.859619140625,47.0,0.7284843325614929,5.0,2.0,0.6244295430966189,14.052778244018555,39.0,"{""type"":""Point"",""coordinates"":[108.94441950841458,19.09145105668399]}"
86,0.0,23.0,120.0,9.482805252075195,102.0,19.49734851614997,109.3898841020046,1727.7811279296875,53.0,0.9960004687309265,4.0,3.0,0.651222407457541,13.752280235290527,34.0,"{""type"":""Point"",""coordinates"":[109.38890000401823,19.49735805526821]}"
87,0.0,21.0,76.0,11.473077774047852,72.0,19.052682450510808,108.78801286164452,1320.4761962890625,58.0,3.0857577323913574,2.0,2.0,0.6217125178623001,12.647212982177734,41.0,"{""type"":""Point"",""coordinates"":[108.78580939694214,19.05128483155416]}"
88,0.0,23.0,89.0,9.33066463470459,92.0,18.590050079189254,108.8194538965887,1372.024169921875,57.0,2.0780913829803467,4.0,1.0,0.5929821042384824,13.03530216217041,44.0,"{""type"":""Point"",""coordinates"":[108.81860245923248,18.59129296828444]}"
89,0.0,24.0,10.0,7.422135829925537,13.0,18.85954466442511,110.42294667874205,1858.0250244140625,48.0,0.3648812472820282,3.0,2.0,0.7151055577024786,14.802645683288574,45.0,"{""type"":""Point"",""coordinates"":[110.42304591936627,18.857318736615753]}"
90,0.0,27.0,764.0,34.67361831665039,605.0,18.6888647604424,109.35395149063982,1837.9072265625,51.0,12.281630516052246,6.0,1.0,0.5373961091366584,10.722908020019531,45.0,"{""type"":""Point"",""coordinates"":[109.35262652323772,18.6869840305279]}"
91,0.0,30.0,767.0,35.63914489746094,704.0,18.80115417095734,109.82107543838197,1965.0504150390625,42.0,10.022263526916504,4.0,1.0,0.5533863543809344,10.928372383117676,44.0,"{""type"":""Point"",""coordinates"":[109.8228507292379,18.802187571664444]}"
92,0.0,30.0,7.0,28.556686401367188,9.0,18.675390031180612,110.41396352590084,1896.2525634765625,45.0,4.784494876861572,4.0,1.0,0.7027820163509295,12.228521347045898,46.0,"{""type"":""Point"",""coordinates"":[110.41573768936262,18.674455200077887]}"
93,0.0,28.0,422.0,34.32765197753906,255.0,18.899968852210492,109.8031091326996,1929.2305908203125,42.0,7.098029613494873,5.0,2.0,0.5762796184542011,11.578794479370117,45.0,"{""type"":""Point"",""coordinates"":[109.80403219225919,18.90188701788913]}"
94,0.0,31.0,290.0,43.59202194213867,271.0,18.468777515833118,109.60098819377271,1970.134033203125,40.0,9.377876281738281,5.0,1.0,0.5881535608329608,11.391033172607422,43.0,"{""type"":""Point"",""coordinates"":[109.5994647633437,18.467284740906017]}"
95,0.0,26.0,5.0,6.624112129211426,7.0,19.084123485454995,110.49032032505102,1961.82275390625,45.0,0.13426092267036438,4.0,2.0,0.7566423156641046,15.805365562438965,39.0,"{""type"":""Point"",""coordinates"":[110.48839596505985,19.085847143953476]}"
96,0.0,22.0,24.0,10.493167877197266,26.0,19.084123485454995,110.44091298442447,2092.5068359375,48.0,0.519780695438385,4.0,2.0,0.7406135952545827,14.440570831298828,39.0,"{""type"":""Point"",""coordinates"":[110.44188203571895,19.08617032337692]}"
97,0.0,30.0,212.0,34.6377067565918,194.0,19.025732991987226,110.22531731623576,2079.07958984375,40.0,5.198604106903076,3.0,2.0,0.6016320817973011,12.039210319519043,45.0,"{""type"":""Point"",""coordinates"":[110.22358195179201,19.023501033889065]}"
99,0.0,27.0,670.0,15.792922973632812,626.0,18.71132264254539,108.91826857784184,1440.05810546875,49.0,5.800995826721191,7.0,1.0,0.5306891230947035,11.575923919677734,47.0,"{""type"":""Point"",""coordinates"":[108.9180138345341,18.713351941008355]}"
100,0.0,28.0,645.0,35.14152908325195,499.0,19.18742974312874,109.73573548639064,2057.06298828125,47.0,7.612120151519775,6.0,2.0,0.591917823072531,11.32457160949707,40.0,"{""type"":""Point"",""coordinates"":[109.73567661916795,19.187835051313424]}"
101,0.0,28.0,477.0,48.91361999511719,286.0,19.088615061875586,109.67734499292288,1923.936279296875,49.0,14.587183952331543,4.0,2.0,0.5723061671715816,10.799430847167969,40.0,"{""type"":""Point"",""coordinates"":[109.67703938290143,19.087641789634134]}"
102,0.0,29.0,129.0,13.48282527923584,101.0,19.6320958087679,109.58751346451089,1681.6812744140625,45.0,2.098217010498047,4.0,3.0,0.644210765451144,13.00130844116211,34.0,"{""type"":""Point"",""coordinates"":[109.58683782770862,19.63158936741278]}"
103,0.0,30.0,716.0,41.703609466552734,560.0,19.01225826272543,109.80760070912021,1957.84619140625,45.0,13.125099182128906,5.0,2.0,0.5567104450364853,10.701698303222656,42.0,"{""type"":""Point"",""coordinates"":[109.80823659152249,19.014440931639566]}"
104,0.0,28.0,550.0,27.65142822265625,353.0,18.8820025465281,109.58751346451089,1743.0345458984375,47.0,7.707315444946289,5.0,2.0,0.5613084408117773,11.394327163696289,44.0,"{""type"":""Point"",""coordinates"":[109.58675284631303,18.880233298112525]}"
105,0.0,29.0,662.0,25.134424209594727,595.0,18.62149111413344,109.4437830190518,1792.9368896484375,43.0,6.427119255065918,6.0,1.0,0.5486029735856969,11.480011940002441,47.0,"{""type"":""Point"",""coordinates"":[109.44549458094268,18.621558303028593]}"
106,0.0,24.0,136.0,10.257941246032715,56.0,19.358109647111448,109.31352730285442,1729.7266845703125,46.0,1.1002081632614136,3.0,3.0,0.6980734444897145,13.642898559570312,34.0,"{""type"":""Point"",""coordinates"":[109.31298443167019,19.358578815001056]}"
107,0.0,25.0,145.0,13.620994567871094,123.0,19.596163197403122,109.55607242956671,1710.1636962890625,50.0,1.9922908544540405,4.0,3.0,0.6407676847435383,13.043248176574707,35.0,"{""type"":""Point"",""coordinates"":[109.55813400403382,19.59408280713359]}"
108,0.0,27.0,246.0,22.129528045654297,90.0,18.85056151158392,109.3898841020046,1730.195068359375,48.0,4.44471549987793,5.0,2.0,0.5952308722732935,12.174300193786621,45.0,"{""type"":""Point"",""coordinates"":[109.39018439051719,18.850336537340812]}"
109,0.0,22.0,144.0,7.540478229522705,111.0,19.591671620982524,109.85700804974675,1812.8343505859375,53.0,0.4594675898551941,4.0,3.0,0.6523030790101123,14.511223793029785,35.0,"{""type"":""Point"",""coordinates"":[109.85604150413327,19.59319046700584]}"
110,0.0,26.0,40.0,6.4381866455078125,40.0,19.708452607918062,109.35395149063982,1572.07275390625,50.0,0.6264535784721375,2.0,3.0,0.7177677268652777,14.263870239257812,33.0,"{""type"":""Point"",""coordinates"":[109.35411899819665,19.707676660264692]}"
111,0.0,27.0,385.0,20.687816619873047,381.0,18.49123539793611,109.19225473949831,1742.4798583984375,51.0,4.357638835906982,4.0,1.0,0.5805369225277458,12.09732437133789,44.0,"{""type"":""Point"",""coordinates"":[109.19347842275154,18.489529373329546]}"
112,0.0,22.0,59.0,8.045441627502441,55.0,19.703961031497464,109.56056400598732,1570.922119140625,55.0,0.9898107051849365,4.0,3.0,0.7000843259099924,13.795211791992188,33.0,"{""type"":""Point"",""coordinates"":[109.56231036923646,19.70321868034468]}"
113,0.0,28.0,189.0,46.996177673339844,171.0,19.29522757722308,110.25675835117994,2277.238037109375,45.0,6.528674602508545,3.0,3.0,0.6448089408888218,11.824628829956055,37.0,"{""type"":""Point"",""coordinates"":[110.25699012256622,19.295193205778354]}"
114,0.0,27.0,377.0,61.71756362915039,377.0,18.581066926348058,110.10853632930025,2283.851806640625,49.0,11.698628425598145,5.0,1.0,0.5835014416193366,11.103516578674316,45.0,"{""type"":""Point"",""coordinates"":[110.11011910194128,18.582768407545707]}"
115,0.0,31.0,849.0,23.830598831176758,652.0,19.034716144828415,109.4347998662106,1773.659423828125,38.0,7.188111782073975,5.0,2.0,0.555762025544233,11.178840637207031,42.0,"{""type"":""Point"",""coordinates"":[109.43664256744653,19.036400728242047]}"
116,0.0,28.0,352.0,63.25979995727539,352.0,18.65293214907762,110.19387628129158,2126.794189453125,47.0,14.718353271484375,3.0,1.0,0.5705138741371442,10.8836030960083,44.0,"{""type"":""Point"",""coordinates"":[110.19519715998328,18.65320088395778]}"
118,0.0,24.0,32.0,8.732595443725586,28.0,19.24132866017591,108.8194538965887,1512.93310546875,50.0,1.2794829607009888,2.0,2.0,0.6813775575752153,13.554269790649414,43.0,"{""type"":""Point"",""coordinates"":[108.81777206759024,19.242893764243167]}"
119,0.0,21.0,109.0,8.711748123168945,76.0,19.60963792666491,109.5964966173521,1681.6812744140625,55.0,0.8993586897850037,4.0,3.0,0.6716879388863966,13.861082077026367,35.0,"{""type"":""Point"",""coordinates"":[109.59750392503952,19.60795140667557]}"
120,0.0,29.0,69.0,21.864173889160156,67.0,19.034716144828415,110.38701406737727,2057.79345703125,40.0,2.405747413635254,5.0,2.0,0.6836945968843734,12.900696754455566,39.0,"{""type"":""Point"",""coordinates"":[110.38852442109906,19.035881219682924]}"
121,0.0,25.0,215.0,9.340846061706543,109.0,19.142513978922757,109.86599120258796,1949.5140380859375,51.0,0.630933403968811,3.0,2.0,0.6236820752333807,14.148914337158203,42.0,"{""type"":""Point"",""coordinates"":[109.86526333931127,19.144168968442337]}"
122,0.0,31.0,99.0,12.122604370117188,75.0,19.57370531530013,110.51277820715399,1882.1240234375,39.0,1.3861254453659058,5.0,3.0,0.6801257825983643,13.14938735961914,36.0,"{""type"":""Point"",""coordinates"":[110.51478801691415,19.574325323943867]}"
123,0.0,24.0,76.0,32.50602722167969,75.0,18.751746830330767,110.166926822768,2146.31787109375,52.0,4.060100078582764,4.0,1.0,0.6370921068075599,12.37209415435791,47.0,"{""type"":""Point"",""coordinates"":[110.16917188339809,18.75393439716848]}"
124,0.0,26.0,516.0,32.04855728149414,318.0,18.71581421896599,109.42581671336939,1853.0379638671875,50.0,7.962845802307129,4.0,1.0,0.5634042766727135,11.389193534851074,45.0,"{""type"":""Point"",""coordinates"":[109.42555312602731,18.71501232892257]}"
125,0.0,27.0,886.0,30.077224731445312,780.0,18.80115417095734,108.99911695341262,1582.7847900390625,48.0,17.117834091186523,9.0,1.0,0.5276415688396503,10.244187355041504,40.0,"{""type"":""Point"",""coordinates"":[108.99847104149681,18.802652444757076]}"
126,0.0,28.0,234.0,47.53586196899414,161.0,19.232345507334713,109.9558227309999,2155.989501953125,43.0,7.837750434875488,5.0,2.0,0.6282315104261363,11.61074447631836,38.0,"{""type"":""Point"",""coordinates"":[109.95650656613287,19.230457316603694]}"
127,0.0,37.0,59.0,6.285380840301514,59.0,19.60514635024431,109.34496833779866,1593.499755859375,38.0,0.63241046667099,4.0,3.0,0.6894182697595848,14.243245124816895,35.0,"{""type"":""Point"",""coordinates"":[109.3442674041414,19.604514803936375]}"
128,0.0,29.0,403.0,62.748477935791016,374.0,18.71581421896599,109.77166809775542,2166.9599609375,46.0,14.432060241699219,6.0,1.0,0.5506656210402415,10.867011070251465,49.0,"{""type"":""Point"",""coordinates"":[109.77081421791854,18.714692760626658]}"
129,0.0,29.0,78.0,9.119439125061035,68.0,19.57370531530013,110.58913500630416,1895.59814453125,45.0,0.8074908256530762,4.0,3.0,0.7002758370448049,13.539048194885254,34.0,"{""type"":""Point"",""coordinates"":[110.58891233283205,19.57396443693994]}"
130,0.0,21.0,8.0,4.0259599685668945,8.0,19.425483293420413,108.8194538965887,1331.771484375,54.0,0.33440911769866943,2.0,3.0,0.7061667726848108,14.910127639770508,41.0,"{""type"":""Point"",""coordinates"":[108.81802792817923,19.427454436930432]}"
131,0.0,30.0,167.0,32.12788772583008,150.0,19.043699297669612,110.22082573981515,2079.07958984375,39.0,4.477618217468262,4.0,2.0,0.6119329944946368,12.218021392822266,44.0,"{""type"":""Point"",""coordinates"":[110.22232205426165,19.045739310809658]}"
132,0.0,21.0,8.0,4.050971031188965,8.0,19.699469455076866,109.29106942075146,1415.4979248046875,53.0,0.2108524739742279,2.0,3.0,0.7383012556260558,15.37134075164795,35.0,"{""type"":""Point"",""coordinates"":[109.29208427253995,19.697582444428104]}"
133,0.0,33.0,234.0,24.003398895263672,231.0,18.810137323798536,108.80597916732694,1380.1129150390625,40.0,9.892765045166016,5.0,1.0,0.5493821000290184,11.374150276184082,45.0,"{""type"":""Point"",""coordinates"":[108.80375885202886,18.811787090174835]}"
134,0.0,29.0,525.0,35.445777893066406,308.0,18.99429195704304,109.65039553439925,1923.667236328125,39.0,8.093160629272461,5.0,2.0,0.5846503693760194,11.365438461303711,41.0,"{""type"":""Point"",""coordinates"":[109.65013100785028,18.993472048006883]}"
135,0.0,25.0,338.0,30.190858840942383,331.0,18.693356336862998,110.06362056509425,2020.4783935546875,49.0,4.810320854187012,4.0,1.0,0.5884801490056945,12.031872749328613,46.0,"{""type"":""Point"",""coordinates"":[110.06554577871928,18.693934756727604]}"
136,0.0,27.0,161.0,31.454856872558594,133.0,18.54513431498328,109.34945991421921,1752.544921875,44.0,6.916835784912109,4.0,1.0,0.5773848180660621,11.784097671508789,46.0,"{""type"":""Point"",""coordinates"":[109.34913277640959,18.54327824863074]}"
137,0.0,21.0,90.0,5.4205546379089355,80.0,19.191921319549337,108.94521803636547,1700.58447265625,55.0,0.1910209357738495,2.0,2.0,0.639470962473717,15.421957969665527,42.0,"{""type"":""Point"",""coordinates"":[108.94553093227724,19.1936836254715]}"
138,0.0,27.0,42.0,30.844791412353516,35.0,18.8820025465281,110.27921623328291,2142.327392578125,51.0,3.8986825942993164,4.0,2.0,0.6886011617469143,12.432876586914062,46.0,"{""type"":""Point"",""coordinates"":[110.27968207224974,18.880810004333874]}"
139,0.0,29.0,148.0,52.07769775390625,143.0,19.26827811869949,110.33311515033012,2406.837158203125,49.0,6.8572797775268555,4.0,2.0,0.6585843341853639,11.800966262817383,36.0,"{""type"":""Point"",""coordinates"":[110.33525961002901,19.26874386902982]}"
140,0.0,37.0,685.0,17.38443946838379,678.0,18.441828057309536,109.52013981820193,1757.9405517578125,35.0,3.9014787673950195,7.0,1.0,0.5759442880523387,11.960515022277832,42.0,"{""type"":""Point"",""coordinates"":[109.52004533369141,18.442023417962066]}"
141,0.0,30.0,40.0,3.136202335357666,41.0,19.820742018433002,109.32700203211624,1234.4652099609375,37.0,0.2109060436487198,4.0,4.0,0.6990579380490455,15.352567672729492,33.0,"{""type"":""Point"",""coordinates"":[109.32704027402139,19.821870883633665]}"
142,0.0,28.0,188.0,43.44705581665039,188.0,18.52267643288029,110.05463741225304,1871.4569091796875,47.0,10.28027629852295,5.0,1.0,0.5817182988657168,11.364774703979492,44.0,"{""type"":""Point"",""coordinates"":[110.05458510374108,18.524772793663118]}"
143,0.0,21.0,203.0,8.802748680114746,63.0,18.65293214907762,109.20123789233952,1744.523681640625,59.0,0.8778001666069031,3.0,1.0,0.6346124529390749,13.826435089111328,46.0,"{""type"":""Point"",""coordinates"":[109.19937127416502,18.655069900051068]}"
144,0.0,28.0,28.0,9.110089302062988,28.0,19.254803389437704,110.5262529364158,2078.093505859375,46.0,0.4177775979042053,4.0,2.0,0.7333695111569649,14.656675338745117,40.0,"{""type"":""Point"",""coordinates"":[110.52457822512272,19.25309151399801]}"
145,0.0,24.0,1289.0,24.384769439697266,1235.0,19.061665603352004,109.13835582245116,1722.4847412109375,48.0,17.816423416137695,9.0,2.0,0.5109285617649619,9.575439453125,40.0,"{""type"":""Point"",""coordinates"":[109.13722301389942,19.062991441354654]}"
146,0.0,29.0,5.0,3.8139002323150635,6.0,20.031846110201087,110.64303392335137,1433.5054931640625,41.0,0.2599071264266968,3.0,4.0,0.6980480953422695,13.816332817077637,45.0,"{""type"":""Point"",""coordinates"":[110.64112422237372,20.032835983120965]}"
147,0.0,24.0,237.0,9.306356430053711,235.0,18.482252245094912,109.11140636392759,1610.546142578125,57.0,1.3757976293563843,4.0,1.0,0.5869760130562667,13.354757308959961,45.0,"{""type"":""Point"",""coordinates"":[109.11344957794239,18.48068614085912]}"
148,0.0,33.0,835.0,39.877864837646484,683.0,19.151497131763954,109.30903572643388,1818.580078125,38.0,17.264617919921875,10.0,2.0,0.5524342607139275,10.292336463928223,38.0,"{""type"":""Point"",""coordinates"":[109.308521927467,19.153600031030237]}"
149,0.0,25.0,19.0,8.791534423828125,22.0,18.949376192837065,110.45438771368623,1885.420654296875,44.0,0.5464888215065002,3.0,2.0,0.723266146486967,14.393406867980957,41.0,"{""type"":""Point"",""coordinates"":[110.4543607440857,18.94928490760563]}"
150,0.0,24.0,133.0,8.835098266601562,119.0,19.111072943978577,108.90928542500069,1666.4306640625,50.0,0.9728891253471375,4.0,2.0,0.6201672056227466,13.767765045166016,40.0,"{""type"":""Point"",""coordinates"":[108.90963518449354,19.110456890413193]}"
151,0.0,28.0,90.0,7.098548889160156,83.0,19.659045267291482,110.58015185346295,1727.435546875,45.0,0.6263640522956848,5.0,3.0,0.683013961083088,13.78178596496582,32.0,"{""type"":""Point"",""coordinates"":[110.5804270231459,19.657620797130466]}"
152,0.0,22.0,46.0,14.987248420715332,34.0,19.18293816670814,108.96318434204784,1873.8763427734375,51.0,1.6483161449432373,2.0,2.0,0.6982709623075062,13.292688369750977,42.0,"{""type"":""Point"",""coordinates"":[108.96401058776351,19.182735216490112]}"
153,0.0,28.0,49.0,9.923128128051758,49.0,19.865657782638976,110.46337086652744,1674.458251953125,42.0,1.4817017316818237,7.0,4.0,0.6921275865598253,12.932811737060547,38.0,"{""type"":""Point"",""coordinates"":[110.46196899068309,19.86364906743655]}"
154,0.0,31.0,271.0,18.580081939697266,166.0,18.82810362948093,109.93785642531753,1902.079345703125,39.0,2.561861753463745,4.0,2.0,0.5978837378742319,12.709883689880371,45.0,"{""type"":""Point"",""coordinates"":[109.93706326713288,18.828521454015785]}"
155,0.0,31.0,27.0,4.555384635925293,27.0,19.82972517127419,109.3943756784252,1278.1407470703125,40.0,0.6495612263679504,5.0,4.0,0.7130098110209344,14.235209465026855,34.0,"{""type"":""Point"",""coordinates"":[109.39624571374091,19.829080698904434]}"
156,0.0,31.0,567.0,19.70939826965332,524.0,18.74725525391017,109.69531129860525,2155.95458984375,40.0,2.257319688796997,6.0,1.0,0.588377040750786,12.613614082336426,47.0,"{""type"":""Point"",""coordinates"":[109.69753799186392,18.747416415473804]}"
157,0.0,26.0,141.0,9.584297180175781,105.0,19.49285693972937,109.50217351251956,1794.506591796875,50.0,0.9257110953330994,4.0,3.0,0.6497515222941369,13.812528610229492,35.0,"{""type"":""Point"",""coordinates"":[109.50270535064382,19.49203305689246]}"
158,0.0,23.0,91.0,10.654316902160645,50.0,19.425483293420413,110.25226677475933,2123.66650390625,47.0,0.5160958170890808,5.0,3.0,0.716893027388583,14.427422523498535,38.0,"{""type"":""Point"",""coordinates"":[110.25280430188846,19.42549314275195]}"
159,0.0,23.0,12.0,6.670523643493652,15.0,18.97183407494005,110.50828663073344,1741.1063232421875,49.0,0.36841607093811035,3.0,2.0,0.7279231959777549,14.79183292388916,40.0,"{""type"":""Point"",""coordinates"":[110.50719388354025,18.96993132545245]}"
160,0.0,21.0,198.0,10.425881385803223,61.0,18.675390031180612,109.20123789233952,1744.523681640625,58.0,1.207130789756775,3.0,1.0,0.6448583478768601,13.511005401611328,44.0,"{""type"":""Point"",""coordinates"":[109.20077652672236,18.67628090505709]}"
161,0.0,31.0,323.0,24.789249420166016,239.0,18.85056151158392,108.99911695341262,1604.369140625,45.0,7.252624988555908,4.0,2.0,0.5811125185135383,11.628817558288574,41.0,"{""type"":""Point"",""coordinates"":[108.99800073869966,18.852716234961317]}"
162,0.0,27.0,872.0,44.228302001953125,722.0,19.15598870818455,109.77166809775542,2172.21240234375,46.0,11.967642784118652,6.0,2.0,0.5766842416680215,10.633834838867188,39.0,"{""type"":""Point"",""coordinates"":[109.77177961235493,19.154070771760306]}"
163,0.0,28.0,297.0,33.43656921386719,130.0,18.864036240845707,109.82107543838197,1929.2305908203125,42.0,6.272100448608398,4.0,2.0,0.5854922771349549,11.793456077575684,45.0,"{""type"":""Point"",""coordinates"":[109.82158285386113,18.862149275761524]}"
164,0.0,27.0,70.0,14.081724166870117,58.0,19.111072943978577,110.23879204549758,2170.273681640625,47.0,0.9863185286521912,4.0,2.0,0.6828473282673558,13.792227745056152,44.0,"{""type"":""Point"",""coordinates"":[110.2366223497654,19.11083204446516]}"
165,0.0,29.0,473.0,52.37468719482422,337.0,18.706831066124792,109.49319035967835,1886.76171875,47.0,17.223657608032227,4.0,1.0,0.5407571947187774,10.627588272094727,45.0,"{""type"":""Point"",""coordinates"":[109.49345541837334,18.70684721293794]}"
166,0.0,20.0,99.0,7.655470371246338,89.0,19.515314821832362,109.37640937274284,1695.0518798828125,55.0,0.6323950290679932,3.0,3.0,0.6543948392635209,14.219359397888184,36.0,"{""type"":""Point"",""coordinates"":[109.37730221884813,19.51714575971265]}"
167,0.0,27.0,36.0,5.428415775299072,36.0,19.86116620621838,110.3690477616949,1668.3770751953125,42.0,0.25984516739845276,4.0,4.0,0.7132371007263036,14.711490631103516,37.0,"{""type"":""Point"",""coordinates"":[110.36978103064627,19.86329429673764]}"
168,0.0,30.0,433.0,24.110837936401367,256.0,19.057174026931406,109.74471863923185,1886.314697265625,46.0,4.588466167449951,4.0,2.0,0.5984553723011161,12.009754180908203,41.0,"{""type"":""Point"",""coordinates"":[109.7469496886053,19.059308251034402]}"
169,0.0,29.0,17.0,11.951229095458984,15.0,19.173955013866944,110.3690477616949,2367.4697265625,43.0,0.45886939764022827,4.0,2.0,0.7700673148537179,14.588542938232422,39.0,"{""type"":""Point"",""coordinates"":[110.36749324179094,19.174456111588054]}"
170,0.0,24.0,172.0,20.01660919189453,100.0,19.290736000802482,109.26411996222788,1811.13720703125,55.0,3.2861762046813965,4.0,3.0,0.6273845885896315,12.52517032623291,38.0,"{""type"":""Point"",""coordinates"":[109.26302947401285,19.289074184807134]}"
171,0.0,25.0,21.0,9.001029014587402,15.0,19.74887679570344,110.30167411538594,1823.489013671875,49.0,0.7943012118339539,2.0,4.0,0.7701427904237108,13.76718521118164,31.0,"{""type"":""Point"",""coordinates"":[110.30376886310037,19.747883354145706]}"
172,0.0,26.0,56.0,7.846162796020508,32.0,19.69048630223567,109.88395750827033,1750.830810546875,51.0,0.6509669423103333,3.0,3.0,0.7415151844373044,14.216093063354492,32.0,"{""type"":""Point"",""coordinates"":[109.88263331664646,19.690726677572258]}"
173,0.0,28.0,265.0,37.83854293823242,230.0,18.91344358147228,110.14896051708558,2021.0389404296875,50.0,7.147738456726074,4.0,2.0,0.5899944860078196,11.68332576751709,45.0,"{""type"":""Point"",""coordinates"":[110.15081552962442,18.914211893244982]}"
174,0.0,27.0,374.0,36.067928314208984,189.0,19.097598214716783,109.68632814576404,1923.936279296875,48.0,7.816601276397705,4.0,2.0,0.5982362779466277,11.516719818115234,40.0,"{""type"":""Point"",""coordinates"":[109.68498178572226,19.09852806056024]}"
175,0.0,24.0,139.0,10.894624710083008,64.0,19.304210730064277,109.91989011963511,2076.328857421875,54.0,0.7002902030944824,4.0,3.0,0.6897590469199854,14.092873573303223,39.0,"{""type"":""Point"",""coordinates"":[109.92183057699712,19.304644325621346]}"
176,0.0,28.0,77.0,7.604045867919922,53.0,19.677011572973875,109.89294066111154,1750.830810546875,49.0,0.6231849789619446,4.0,3.0,0.722193141231989,14.24725341796875,31.0,"{""type"":""Point"",""coordinates"":[109.89095812369918,19.67890011825657]}"
177,0.0,29.0,56.0,8.145124435424805,53.0,19.77582625422702,110.51726978357459,1652.796142578125,41.0,1.0281168222427368,6.0,4.0,0.7000215438502343,13.317826271057129,35.0,"{""type"":""Point"",""coordinates"":[110.51538027277674,19.7754417474746]}"
178,0.0,23.0,17.0,3.804645538330078,18.0,19.91057354684495,110.79574752165166,1492.11962890625,53.0,0.13482317328453064,4.0,4.0,0.6797549341678806,14.445911407470703,47.0,"{""type"":""Point"",""coordinates"":[110.79652537522543,19.912511807504547]}"
179,0.0,23.0,131.0,7.547216892242432,77.0,19.034716144828415,109.0260664119362,1615.379638671875,54.0,0.80730801820755,3.0,2.0,0.6426492200645879,13.955594062805176,40.0,"{""type"":""Point"",""coordinates"":[109.02482141256677,19.036462976267035]}"
180,0.0,22.0,17.0,5.278299808502197,17.0,19.694977878656267,109.28208626791024,1415.4979248046875,51.0,0.5429753661155701,2.0,3.0,0.7266529037494024,14.420235633850098,35.0,"{""type"":""Point"",""coordinates"":[109.2812173764362,19.69620418989696]}"
181,0.0,26.0,6.0,7.303354740142822,9.0,18.814628900219134,110.40498037305969,1818.0169677734375,46.0,0.40605950355529785,2.0,1.0,0.6987334895758965,14.703872680664062,49.0,"{""type"":""Point"",""coordinates"":[110.40499182648334,18.813938985005734]}"
182,0.0,28.0,184.0,7.863213062286377,184.0,19.66353684371208,111.02032634268153,1357.96533203125,46.0,7.887508869171143,7.0,3.0,0.5522319354828555,9.895957946777344,47.0,"{""type"":""Point"",""coordinates"":[111.02160352329238,19.661799850797532]}"
183,0.0,34.0,114.0,12.08620548248291,72.0,19.389550682055628,110.24328362191818,2117.768798828125,40.0,0.8586054444313049,4.0,3.0,0.6932045785746173,13.904414176940918,37.0,"{""type"":""Point"",""coordinates"":[110.24356608556502,19.387645518691244]}"
184,0.0,22.0,84.0,8.654217720031738,63.0,19.66802842013268,109.98726376594408,1729.659912109375,54.0,0.8029860258102417,3.0,3.0,0.694591684205179,13.989544868469238,34.0,"{""type"":""Point"",""coordinates"":[109.98573569007013,19.668104606126505]}"
185,0.0,28.0,211.0,29.093061447143555,149.0,19.084123485454995,109.93785642531753,1922.5029296875,45.0,4.958903789520264,4.0,2.0,0.6034822101647618,12.087312698364258,43.0,"{""type"":""Point"",""coordinates"":[109.93946329376239,19.083047272421812]}"
186,0.0,29.0,696.0,23.763029098510742,629.0,18.59903323203045,109.46174932473417,1835.668212890625,42.0,5.517537593841553,5.0,1.0,0.5553962877289457,11.602025985717773,46.0,"{""type"":""Point"",""coordinates"":[109.45986248755335,18.597887314516]}"
187,0.0,30.0,374.0,40.80263900756836,269.0,19.007766686304834,109.9513311545793,1967.97802734375,45.0,9.22496223449707,4.0,2.0,0.5919808679923126,11.348593711853027,41.0,"{""type"":""Point"",""coordinates"":[109.94987202739401,19.005781646165683]}"
188,0.0,26.0,535.0,30.750703811645508,394.0,18.84606993516332,109.75819336849361,1974.5142822265625,45.0,5.910462856292725,4.0,2.0,0.5750860018325971,11.674675941467285,45.0,"{""type"":""Point"",""coordinates"":[109.75675976495468,18.844795023702222]}"
189,0.0,24.0,203.0,15.160672187805176,108.0,19.205396048811124,109.1877631630777,1899.2003173828125,52.0,1.7857871055603027,4.0,2.0,0.6312463205086468,13.11599349975586,39.0,"{""type"":""Point"",""coordinates"":[109.18992579509323,19.20429422733786]}"
190,0.0,31.0,33.0,8.824915885925293,34.0,19.820742018433002,109.54259770030495,1293.1265869140625,44.0,2.2302865982055664,4.0,4.0,0.7001941601530343,12.997674942016602,34.0,"{""type"":""Point"",""coordinates"":[109.54433562141753,19.82121920932224]}"
191,0.0,29.0,177.0,14.466218948364258,175.0,18.531659585721485,109.80760070912021,1929.65087890625,44.0,1.5800998210906982,4.0,1.0,0.604282003579812,13.255081176757812,46.0,"{""type"":""Point"",""coordinates"":[109.80812000880138,18.532281275330167]}"
192,0.0,26.0,195.0,9.049731254577637,193.0,18.495726974356707,109.15632212813352,1742.4798583984375,54.0,0.9916337728500366,4.0,1.0,0.6031626820842145,13.709630012512207,44.0,"{""type"":""Point"",""coordinates"":[109.15568493109268,18.493989165133105]}"
193,0.0,25.0,6.0,3.1696279048919678,7.0,19.259294965858295,108.73411394459737,1274.374267578125,49.0,0.1720791757106781,3.0,2.0,0.7051901539006727,15.575692176818848,41.0,"{""type"":""Point"",""coordinates"":[108.73241923213712,19.25771636355272]}"
194,0.0,23.0,48.0,10.077997207641602,37.0,19.699469455076866,110.2073510105534,1809.589599609375,52.0,0.989783763885498,2.0,3.0,0.7513405867800478,13.648542404174805,29.0,"{""type"":""Point"",""coordinates"":[110.20549476834515,19.701176244451162]}"
195,0.0,33.0,23.0,5.762556076049805,26.0,18.998783533463637,110.47684559578926,1869.484619140625,39.0,0.12132896482944489,3.0,2.0,0.7237584101122992,15.896087646484375,40.0,"{""type"":""Point"",""coordinates"":[110.47531041722188,18.99681011445181]}"
196,0.0,23.0,6.0,6.651694297790527,9.0,18.29360603542981,109.69081972218464,1870.3759765625,49.0,0.21449461579322815,3.0,0.0,0.7344351945175228,15.355360984802246,42.0,"{""type"":""Point"",""coordinates"":[109.69061319658228,18.294336629239407]}"
197,0.0,29.0,446.0,28.696928024291992,355.0,18.729288948227783,109.52912297104314,1850.9256591796875,47.0,6.476812839508057,4.0,1.0,0.5631200094629323,11.653035163879395,47.0,"{""type"":""Point"",""coordinates"":[109.52838929072482,18.72820543529843]}"
198,0.0,27.0,277.0,31.597698211669922,99.0,19.15598870818455,109.56056400598732,1867.769775390625,42.0,6.10729455947876,4.0,2.0,0.6248596468003919,11.833944320678711,36.0,"{""type"":""Point"",""coordinates"":[109.56201874650355,19.156883955609985]}"
199,0.0,21.0,135.0,14.743172645568848,97.0,19.57370531530013,109.843533320485,1793.158203125,55.0,1.9157638549804688,4.0,3.0,0.6542254451239236,13.088650703430176,34.0,"{""type"":""Point"",""coordinates"":[109.84496643981797,19.57311922981985]}"
200,0.0,28.0,580.0,35.601593017578125,505.0,18.702339489704194,109.0215748355156,1666.791015625,49.0,14.355236053466797,7.0,1.0,0.5380503597677998,10.731927871704102,44.0,"{""type"":""Point"",""coordinates"":[109.02140564248704,18.702777569263596]}"
201,0.0,29.0,276.0,21.873825073242188,136.0,18.74725525391017,109.29106942075146,1684.046630859375,50.0,5.112303733825684,4.0,1.0,0.5770869553328919,12.013594627380371,45.0,"{""type"":""Point"",""coordinates"":[109.29119220288683,18.748450267175507]}"
202,0.0,23.0,81.0,4.537622451782227,33.0,19.681503149394473,109.70878602786706,1665.161376953125,53.0,0.06091879680752754,3.0,3.0,0.7313203180001491,16.570201873779297,33.0,"{""type"":""Point"",""coordinates"":[109.71089567169045,19.679681432907646]}"
203,0.0,29.0,529.0,53.29489517211914,397.0,18.832595205901526,109.2371705037043,1795.33447265625,44.0,20.890836715698242,6.0,2.0,0.5238789757298143,10.374820709228516,45.0,"{""type"":""Point"",""coordinates"":[109.23835289064262,18.830958302607893]}"
204,0.0,27.0,231.0,20.987194061279297,103.0,18.868527817266305,109.85700804974675,1967.574951171875,44.0,2.7194600105285645,5.0,2.0,0.5997680619924781,12.676751136779785,46.0,"{""type"":""Point"",""coordinates"":[109.85761811556692,18.867734346918148]}"
205,0.0,31.0,401.0,9.954143524169922,401.0,18.450811210150732,109.21022104518073,1821.7725830078125,43.0,1.0557047128677368,6.0,1.0,0.5964635494954097,13.505090713500977,44.0,"{""type"":""Point"",""coordinates"":[109.20805861355845,18.449878753204644]}"
206,0.0,26.0,51.0,8.524979591369629,50.0,19.587180044561926,109.32700203211624,1572.2099609375,50.0,1.1359834671020508,3.0,3.0,0.69611609153643,13.662154197692871,35.0,"{""type"":""Point"",""coordinates"":[109.32776890072125,19.587210799457367]}"
207,0.0,26.0,137.0,11.569547653198242,67.0,19.528789551094157,109.64590395797865,1735.52392578125,49.0,1.4563201665878296,4.0,3.0,0.6812728889728804,13.361774444580078,35.0,"{""type"":""Point"",""coordinates"":[109.64553469300132,19.527302672981325]}"
208,0.0,26.0,144.0,43.068485260009766,141.0,19.200904472390526,110.34658987959187,2498.895263671875,51.0,4.3901047706604,4.0,2.0,0.6681632440261239,12.252245903015137,37.0,"{""type"":""Point"",""coordinates"":[110.3443868115979,19.20212802058915]}"
209,0.0,22.0,28.0,6.974498271942139,14.0,19.74438521928284,110.04116268299128,1747.43212890625,53.0,0.4304303526878357,3.0,4.0,0.768216465365332,14.64616584777832,31.0,"{""type"":""Point"",""coordinates"":[110.04128781930163,19.743773126759315]}"
210,0.0,27.0,132.0,28.788854598999023,91.0,18.608016384871647,109.63242922871689,2032.7645263671875,46.0,3.9885311126708984,5.0,1.0,0.6150360117496173,12.355953216552734,46.0,"{""type"":""Point"",""coordinates"":[109.63200506833832,18.606397713768768]}"
211,0.0,30.0,234.0,14.799749374389648,168.0,19.425483293420413,109.50666508894017,1836.7322998046875,50.0,2.140110492706299,4.0,3.0,0.6513486907140068,12.91463851928711,33.0,"{""type"":""Point"",""coordinates"":[109.5055353570239,19.425960481710767]}"
212,0.0,29.0,233.0,24.131694793701172,156.0,19.41200856415862,109.77615967417603,1949.9219970703125,45.0,3.645904302597046,5.0,3.0,0.640013069584016,12.381664276123047,36.0,"{""type"":""Point"",""coordinates"":[109.7772076471466,19.41302673312656]}"
213,0.0,30.0,721.0,39.65639877319336,667.0,19.043699297669612,109.09793163466577,1644.3695068359375,48.0,21.482454299926758,7.0,2.0,0.527241252808784,10.173399925231934,40.0,"{""type"":""Point"",""coordinates"":[109.09665354378787,19.043715609137866]}"
214,0.0,31.0,93.0,21.04166603088379,84.0,19.025732991987226,110.3196404210683,2036.39697265625,38.0,2.386810064315796,4.0,2.0,0.6481589243668304,12.894246101379395,42.0,"{""type"":""Point"",""coordinates"":[110.31980109397328,19.02750114178791]}"
215,0.0,25.0,70.0,5.451440811157227,69.0,19.739893642862242,109.61446292303447,1597.5751953125,50.0,0.3441552519798279,3.0,3.0,0.6869249273579887,14.84520149230957,33.0,"{""type"":""Point"",""coordinates"":[109.61656650598447,19.740441880540164]}"
216,0.0,31.0,30.0,3.95761775970459,32.0,19.645570538029695,110.97541057847559,1329.156494140625,44.0,0.7676920890808105,7.0,3.0,0.6672963821400635,12.678903579711914,44.0,"{""type"":""Point"",""coordinates"":[110.97410324157111,19.64758335186996]}"
217,0.0,27.0,714.0,37.776710510253906,654.0,18.590050079189254,109.54259770030495,1939.359619140625,49.0,11.140430450439453,6.0,1.0,0.535539891117031,10.872568130493164,48.0,"{""type"":""Point"",""coordinates"":[109.54070660909487,18.59061360344366]}"
218,0.0,27.0,425.0,50.06216812133789,422.0,18.401403869524152,109.58302188809029,1867.60498046875,48.0,15.351080894470215,6.0,1.0,0.5580455498962703,10.785964965820312,43.0,"{""type"":""Point"",""coordinates"":[109.58523712617303,18.40117141358816]}"
219,0.0,33.0,1142.0,32.268104553222656,981.0,18.93590146357527,109.35395149063982,1772.7618408203125,37.0,20.739959716796875,7.0,2.0,0.4904319914377018,9.687145233154297,45.0,"{""type"":""Point"",""coordinates"":[109.35260773386975,18.933664325596624]}"
220,0.0,27.0,17.0,10.180548667907715,17.0,19.313193882905473,110.49481190147162,2144.83251953125,41.0,0.44097426533699036,6.0,3.0,0.7515767639835889,14.60912036895752,40.0,"{""type"":""Point"",""coordinates"":[110.495959443906,19.31141915222324]}"
221,0.0,24.0,122.0,6.654907703399658,60.0,19.582688468141328,109.73573548639064,1795.5010986328125,52.0,0.34001484513282776,4.0,3.0,0.6975273375147016,14.825901985168457,35.0,"{""type"":""Point"",""coordinates"":[109.7348375599324,19.58418067979258]}"
222,0.0,27.0,28.0,4.044593334197998,29.0,19.29971915364368,108.78352128522391,1303.0343017578125,52.0,0.4746939539909363,2.0,3.0,0.6839188876185616,14.548276901245117,40.0,"{""type"":""Point"",""coordinates"":[108.78364444949808,19.29947318959845]}"
223,0.0,24.0,65.0,6.698487281799316,65.0,19.65455369087089,109.40335883126642,1620.3160400390625,53.0,0.6019782423973083,3.0,3.0,0.6832791583243805,14.289016723632812,35.0,"{""type"":""Point"",""coordinates"":[109.40402654949698,19.65242684164652]}"
224,0.0,29.0,373.0,37.698570251464844,296.0,19.277261271540688,109.93785642531753,2151.8623046875,46.0,6.164898872375488,5.0,2.0,0.6301575033443941,11.757184982299805,37.0,"{""type"":""Point"",""coordinates"":[109.93636755004022,19.27628262117963]}"
225,0.0,30.0,23.0,4.431469917297363,24.0,20.07676187440706,110.61608446482774,1457.0281982421875,45.0,0.6133739948272705,3.0,4.0,0.6818234519170816,12.917196273803711,44.0,"{""type"":""Point"",""coordinates"":[110.61477204362438,20.07818747346882]}"
226,0.0,27.0,179.0,8.178213119506836,94.0,19.290736000802482,109.78514282701718,1975.084716796875,53.0,0.4588800072669983,4.0,3.0,0.6577955558340727,14.490496635437012,37.0,"{""type"":""Point"",""coordinates"":[109.78544036499034,19.29034005415096]}"
227,0.0,24.0,53.0,49.616424560546875,53.0,18.473269092253716,110.05014583583244,1827.2127685546875,54.0,12.53242015838623,4.0,1.0,0.6318701735112972,11.244159698486328,44.0,"{""type"":""Point"",""coordinates"":[110.05215703092718,18.47414699857364]}"
228,0.0,29.0,400.0,26.243755340576172,324.0,18.527168009300887,109.50666508894017,1801.074951171875,49.0,6.017431259155273,5.0,1.0,0.5786358106913075,11.761805534362793,44.0,"{""type"":""Point"",""coordinates"":[109.50835850485315,18.52678761922843]}"
229,0.0,29.0,152.0,17.53533172607422,149.0,18.414878598785947,109.27310311506909,1621.1314697265625,44.0,3.524186372756958,4.0,1.0,0.5990763484802653,12.467658996582031,42.0,"{""type"":""Point"",""coordinates"":[109.27188233925565,18.414302397972513]}"
230,0.0,27.0,71.0,6.20578145980835,63.0,19.71294418433866,110.49032032505102,1722.1575927734375,49.0,0.4061093330383301,7.0,3.0,0.708306939571879,14.380424499511719,32.0,"{""type"":""Point"",""coordinates"":[110.48933069547806,19.711196758489876]}"
231,0.0,25.0,322.0,80.60569763183594,284.0,19.043699297669612,110.08158687077662,2215.62158203125,46.0,17.833219528198242,4.0,2.0,0.558155080472926,10.702136993408203,46.0,"{""type"":""Point"",""coordinates"":[110.08053022165214,19.04244698536739]}"
232,0.0,24.0,157.0,15.876777648925781,54.0,19.290736000802482,109.74471863923185,1928.86181640625,52.0,1.8142224550247192,4.0,3.0,0.6912429913217829,13.129449844360352,38.0,"{""type"":""Point"",""coordinates"":[109.74420331840518,19.292802855510704]}"
233,0.0,25.0,74.0,5.871389865875244,52.0,18.873019393686903,108.85987808437409,1487.8720703125,46.0,0.5862511396408081,4.0,2.0,0.6410669758869526,14.310141563415527,46.0,"{""type"":""Point"",""coordinates"":[108.8579133697617,18.873652652357098]}"
234,0.0,24.0,126.0,14.048813819885254,71.0,19.452432751943995,109.83904174406439,1912.6650390625,53.0,1.5139741897583008,3.0,3.0,0.6781191556859817,13.329719543457031,37.0,"{""type"":""Point"",""coordinates"":[109.8392661603439,19.454079051892588]}"
235,0.0,23.0,191.0,38.91814041137695,116.0,19.29971915364368,109.94683957815869,2151.8623046875,55.0,5.721919059753418,4.0,3.0,0.6325852037251215,11.956257820129395,39.0,"{""type"":""Point"",""coordinates"":[109.94893034646546,19.297645017185918]}"
236,0.0,28.0,87.0,12.238639831542969,68.0,19.456924328364593,110.51277820715399,1935.4969482421875,43.0,1.251852035522461,4.0,3.0,0.6781706024061882,13.260919570922852,39.0,"{""type"":""Point"",""coordinates"":[110.51502207091755,19.454994983644756]}"
237,0.0,25.0,13.0,3.683436393737793,14.0,19.928539852527344,110.79574752165166,1492.11962890625,47.0,0.06101345643401146,3.0,4.0,0.679470288527945,15.247791290283203,48.0,"{""type"":""Point"",""coordinates"":[110.79612637262872,19.927525655832387]}"
238,0.0,29.0,274.0,18.863374710083008,272.0,18.760729983171963,108.75657182670034,1348.03369140625,42.0,6.95952033996582,6.0,1.0,0.5540583160731368,11.704211235046387,45.0,"{""type"":""Point"",""coordinates"":[108.75843587008916,18.761210163680744]}"
239,0.0,25.0,46.0,8.141226768493652,29.0,19.582688468141328,110.19836785771219,1899.6651611328125,47.0,0.4410996437072754,4.0,3.0,0.7425131368078,14.611183166503906,35.0,"{""type"":""Point"",""coordinates"":[110.19850512680668,19.58203113126449]}"
240,0.0,30.0,363.0,29.00898551940918,185.0,19.142513978922757,109.55607242956671,1791.108154296875,38.0,6.420137882232666,4.0,2.0,0.600177181061667,11.723514556884766,39.0,"{""type"":""Point"",""coordinates"":[109.55572504143568,19.142534091088212]}"
241,0.0,28.0,23.0,10.471169471740723,24.0,19.362601223532046,110.64303392335137,1864.0084228515625,48.0,1.084842562675476,6.0,3.0,0.7333283004265662,13.453886985778809,38.0,"{""type"":""Point"",""coordinates"":[110.64411659527289,19.36427691767024]}"
242,0.0,33.0,81.0,8.005748748779297,82.0,19.919556699686147,110.09057002361783,1551.74951171875,39.0,1.2413898706436157,2.0,4.0,0.6565600773919565,13.274084091186523,35.0,"{""type"":""Point"",""coordinates"":[110.09222426669724,19.921215266328765]}"
243,0.0,26.0,311.0,64.27706146240234,313.0,18.401403869524152,109.62793765229628,2014.7835693359375,49.0,16.846445083618164,7.0,1.0,0.5769461927556326,10.770352363586426,41.0,"{""type"":""Point"",""coordinates"":[109.62804576922866,18.402414550676383]}"
244,0.0,24.0,69.0,6.351181983947754,63.0,19.173955013866944,108.83742020227112,1528.54248046875,58.0,0.752274751663208,2.0,2.0,0.6563325434322318,14.063741683959961,40.0,"{""type"":""Point"",""coordinates"":[108.83835634063857,19.17314759052102]}"
245,0.0,30.0,87.0,9.390371322631836,86.0,19.78031783064762,109.9603143074205,1656.40234375,43.0,1.161446452140808,4.0,4.0,0.6640209356900022,13.618589401245117,34.0,"{""type"":""Point"",""coordinates"":[109.96217161497064,19.782416607565548]}"
246,0.0,24.0,39.0,8.944438934326172,39.0,18.724797371807185,110.18040155202976,1980.0189208984375,51.0,0.4845128357410431,4.0,1.0,0.6965085480534227,14.521401405334473,44.0,"{""type"":""Point"",""coordinates"":[110.1788327367444,18.726801211575857]}"
248,0.0,25.0,32.0,6.693515777587891,32.0,18.446319633730134,109.81209228554076,1769.8519287109375,51.0,0.3795308768749237,3.0,1.0,0.6917638271063931,14.769696235656738,44.0,"{""type"":""Point"",""coordinates"":[109.81380421298353,18.4465982780538]}"
249,0.0,28.0,312.0,69.0901870727539,312.0,18.590050079189254,110.09955317645904,1994.8236083984375,49.0,20.333784103393555,4.0,1.0,0.5459720739558765,10.567665100097656,45.0,"{""type"":""Point"",""coordinates"":[110.09794137097177,18.58921068108046]}"
250,0.0,29.0,829.0,15.7260160446167,593.0,18.99429195704304,109.70429445144646,2067.464599609375,48.0,2.1159441471099854,4.0,2.0,0.5887168694786601,12.428485870361328,42.0,"{""type"":""Point"",""coordinates"":[109.70534161132122,18.9935447192489]}"
251,0.0,30.0,891.0,39.309383392333984,824.0,18.63496584339523,109.3943756784252,1834.8614501953125,46.0,18.160993576049805,9.0,1.0,0.5115992504257081,10.175333023071289,46.0,"{""type"":""Point"",""coordinates"":[109.39452748413377,18.63714175759685]}"
252,0.0,28.0,30.0,7.718254566192627,30.0,19.69048630223567,110.69244126397791,1757.2255859375,47.0,0.7301433682441711,4.0,3.0,0.719644079818441,13.683673858642578,38.0,"{""type"":""Point"",""coordinates"":[110.69254420814323,19.68937179778191]}"
253,0.0,23.0,31.0,8.101184844970703,34.0,18.895477275789894,110.3645561852743,1956.7330322265625,53.0,0.381417453289032,4.0,2.0,0.6971180306644076,14.765318870544434,45.0,"{""type"":""Point"",""coordinates"":[110.36235943580697,18.8940327971281]}"
254,0.0,27.0,53.0,10.385245323181152,35.0,19.546755856776542,110.24777519833873,1939.3856201171875,46.0,0.7791558504104614,3.0,3.0,0.7224587952844295,14.038089752197266,38.0,"{""type"":""Point"",""coordinates"":[110.24596825112432,19.548171604939107]}"
255,0.0,23.0,11.0,9.095494270324707,13.0,19.138022402502166,110.46337086652744,2090.071533203125,47.0,0.33974793553352356,3.0,2.0,0.7512801152959943,14.873430252075195,40.0,"{""type"":""Point"",""coordinates"":[110.46287539823447,19.139300727865944]}"
256,0.0,29.0,297.0,13.571423530578613,112.0,19.133530826081568,109.56505558240792,1791.108154296875,38.0,1.7571327686309814,4.0,2.0,0.6147509725507033,13.069576263427734,40.0,"{""type"":""Point"",""coordinates"":[109.56679302558352,19.134403474226435]}"
257,0.0,30.0,274.0,22.63165283203125,213.0,18.783187865274954,109.86599120258796,2145.30712890625,39.0,2.460059881210327,4.0,1.0,0.6165080665478944,12.748456954956055,44.0,"{""type"":""Point"",""coordinates"":[109.86680202439692,18.781207435919814]}"
258,0.0,21.0,133.0,21.063093185424805,120.0,19.12454767324037,108.91377700142124,1666.4306640625,60.0,4.407910346984863,4.0,2.0,0.6134127842722132,12.255000114440918,39.0,"{""type"":""Point"",""coordinates"":[108.91325384552245,19.123553587183103]}"
259,0.0,32.0,772.0,25.203256607055664,751.0,18.787679441695552,108.8688612372153,1373.8770751953125,45.0,18.1464900970459,10.0,1.0,0.49884479970408296,10.305645942687988,45.0,"{""type"":""Point"",""coordinates"":[108.86675961619149,18.788039480761974]}"
260,0.0,26.0,368.0,22.402070999145508,243.0,18.729288948227783,109.01708325909499,1666.791015625,46.0,5.193350791931152,5.0,1.0,0.5796549087876367,11.933422088623047,43.0,"{""type"":""Point"",""coordinates"":[109.01490003629341,18.727539687212712]}"
261,0.0,26.0,498.0,37.228939056396484,328.0,18.922426734313476,109.4347998662106,1868.5152587890625,49.0,9.772211074829102,4.0,2.0,0.5598520130181682,11.195599555969238,45.0,"{""type"":""Point"",""coordinates"":[109.43518263299283,18.922458657344922]}"
262,0.0,23.0,25.0,9.512815475463867,27.0,19.173955013866944,110.44989613726563,2211.063232421875,50.0,0.29297253489494324,3.0,2.0,0.7467961861914909,15.013327598571777,39.0,"{""type"":""Point"",""coordinates"":[110.44843097145795,19.172682131761427]}"
263,0.0,28.0,118.0,15.156835556030273,57.0,19.371584376373235,109.89743223753214,2007.8226318359375,42.0,1.4335063695907593,4.0,3.0,0.6918467762108454,13.389266014099121,39.0,"{""type"":""Point"",""coordinates"":[109.89859013730813,19.371054687895125]}"
264,0.0,28.0,314.0,23.596878051757812,311.0,18.42835332804774,109.42132513694878,1729.929443359375,49.0,5.276378631591797,4.0,1.0,0.5901188600828993,11.955748558044434,42.0,"{""type"":""Point"",""coordinates"":[109.42244010379977,18.42806560827225]}"
265,0.0,26.0,75.0,9.219488143920898,62.0,19.582688468141328,110.41845510232145,1897.1531982421875,49.0,0.7456365823745728,5.0,3.0,0.6947615768595398,13.788680076599121,37.0,"{""type"":""Point"",""coordinates"":[110.41798351403958,19.584862924851915]}"
266,0.0,32.0,75.0,7.740044116973877,76.0,19.942014581789138,110.26124992760055,1564.2392578125,40.0,1.2465403079986572,2.0,4.0,0.6466366321072979,13.056859016418457,39.0,"{""type"":""Point"",""coordinates"":[110.26307581088476,19.940887589167982]}"
267,0.0,33.0,78.0,20.99411392211914,75.0,19.537772703935353,109.25962838580728,1570.3763427734375,41.0,5.136843204498291,4.0,3.0,0.6457607248551798,12.134659767150879,37.0,"{""type"":""Point"",""coordinates"":[109.25757283588005,19.536203335524092]}"
268,0.0,29.0,74.0,5.32441520690918,60.0,19.816250442012404,110.2073510105534,1617.564208984375,43.0,0.3257187604904175,9.0,4.0,0.7113189818573515,14.617718696594238,31.0,"{""type"":""Point"",""coordinates"":[110.20693072356735,19.816009717872063]}"
269,0.0,30.0,31.0,13.4629487991333,22.0,19.133530826081568,110.25226677475933,2161.085205078125,40.0,0.8928512334823608,4.0,2.0,0.7383891625477133,13.914727210998535,41.0,"{""type"":""Point"",""coordinates"":[110.25265612853664,19.135580777922204]}"
270,0.0,24.0,22.0,5.576448917388916,11.0,19.726418913600448,110.17141839918861,1813.2833251953125,44.0,0.08368592709302902,4.0,3.0,0.777892632830062,16.060609817504883,31.0,"{""type"":""Point"",""coordinates"":[110.17147968089955,19.727894558987604]}"
271,0.0,24.0,41.0,7.96445369720459,41.0,19.389550682055628,108.84640335511227,1385.3511962890625,54.0,1.5038740634918213,3.0,3.0,0.667748405774211,13.387371063232422,41.0,"{""type"":""Point"",""coordinates"":[108.84719447468416,19.389123435198822]}"
272,0.0,28.0,327.0,14.165862083435059,323.0,18.693356336862998,108.83292862585051,1459.837890625,49.0,3.785029411315918,4.0,1.0,0.5739777562066704,12.280229568481445,43.0,"{""type"":""Point"",""coordinates"":[108.8321350109582,18.691700075488754]}"
273,0.0,25.0,208.0,50.850624084472656,208.0,18.65742372549822,110.08158687077662,2020.4783935546875,51.0,10.609503746032715,4.0,1.0,0.5820392572819959,11.319671630859375,45.0,"{""type"":""Point"",""coordinates"":[110.08357652452816,18.65524104430156]}"
274,0.0,33.0,102.0,5.949316024780273,100.0,19.564722162458935,109.37191779632224,1701.239990234375,44.0,0.38960546255111694,4.0,3.0,0.644088780053724,14.701948165893555,36.0,"{""type"":""Point"",""coordinates"":[109.36969630625671,19.56543149143337]}"
276,0.0,22.0,22.0,7.803369522094727,22.0,18.473269092253716,110.0097216480471,1793.572998046875,56.0,0.5495322346687317,2.0,1.0,0.6991049099001454,14.405345916748047,45.0,"{""type"":""Point"",""coordinates"":[110.01062654806066,18.475352189630406]}"
277,0.0,29.0,409.0,58.79304885864258,400.0,18.536151162142083,109.65937868724046,2034.41845703125,49.0,16.256567001342773,4.0,1.0,0.5503395560001625,10.737626075744629,46.0,"{""type"":""Point"",""coordinates"":[109.65889404221282,18.538127386953875]}"
278,0.0,24.0,232.0,17.427446365356445,138.0,19.322177035746662,109.753701792073,1975.3306884765625,50.0,1.986298680305481,4.0,3.0,0.6420456758328357,12.990604400634766,37.0,"{""type"":""Point"",""coordinates"":[109.75386814441342,19.322858365583222]}"
279,0.0,23.0,36.0,8.996835708618164,22.0,19.699469455076866,110.14446894066504,1813.1473388671875,50.0,0.6989864110946655,2.0,3.0,0.7654814368784788,14.156638145446777,30.0,"{""type"":""Point"",""coordinates"":[110.146524197337,19.700788650857145]}"
280,0.0,26.0,161.0,15.354777336120605,127.0,19.223362354493517,110.09955317645904,2153.77001953125,49.0,1.2268787622451782,4.0,2.0,0.6508899855121862,13.518303871154785,39.0,"{""type"":""Point"",""coordinates"":[110.10083758778283,19.223555046882225]}"
281,0.0,26.0,395.0,42.19289016723633,228.0,18.895477275789894,109.798617556279,1971.0987548828125,45.0,9.146388053894043,3.0,2.0,0.5677993086190742,11.341938972473145,46.0,"{""type"":""Point"",""coordinates"":[109.7993067747581,18.897382194020626]}"
282,0.0,27.0,383.0,35.786659240722656,296.0,18.661915301918818,109.33598518495745,1819.1854248046875,50.0,9.373828887939453,4.0,1.0,0.5696543368460695,11.325748443603516,44.0,"{""type"":""Point"",""coordinates"":[109.33414280402124,18.66331671818849]}"
283,0.0,32.0,859.0,14.896076202392578,700.0,18.837086782322125,109.63692080513749,1769.9139404296875,46.0,3.4454281330108643,5.0,2.0,0.5483624051945944,11.907144546508789,46.0,"{""type"":""Point"",""coordinates"":[109.6361281814971,18.83591095189955]}"
284,0.0,33.0,431.0,44.67982482910156,271.0,19.21437920165232,109.60997134661392,1901.8018798828125,36.0,11.987361907958984,5.0,2.0,0.586324690126423,11.038361549377441,39.0,"{""type"":""Point"",""coordinates"":[109.6101999012172,19.215784928825123]}"
285,0.0,21.0,4.0,7.052689552307129,7.0,18.85954466442511,110.45438771368623,1834.777587890625,49.0,0.2973126471042633,2.0,2.0,0.7202157627016007,15.010942459106445,45.0,"{""type"":""Point"",""coordinates"":[110.45470775226484,18.86092519294646]}"
286,0.0,28.0,256.0,46.89789962768555,234.0,19.191921319549337,109.08445690540395,1776.9161376953125,43.0,13.616555213928223,5.0,2.0,0.5804581134166347,11.030997276306152,40.0,"{""type"":""Point"",""coordinates"":[109.08556442722588,19.19261117014061]}"
287,0.0,27.0,712.0,22.53307342529297,543.0,18.864036240845707,109.69531129860525,1841.7474365234375,45.0,4.996339797973633,5.0,2.0,0.5607885684865024,11.686543464660645,45.0,"{""type"":""Point"",""coordinates"":[109.69423380533517,18.865856718771262]}"
288,0.0,26.0,78.0,7.890918731689453,49.0,18.612507961292245,109.69980287502585,1911.2752685546875,45.0,0.38911569118499756,4.0,1.0,0.670327368206642,14.717646598815918,46.0,"{""type"":""Point"",""coordinates"":[109.70134532920882,18.61313813298686]}"
289,0.0,27.0,252.0,28.0555477142334,82.0,18.899968852210492,109.45276617189296,1736.8624267578125,45.0,6.268190383911133,4.0,2.0,0.5976009176458651,11.824543952941895,45.0,"{""type"":""Point"",""coordinates"":[109.45229525097072,18.901922649034]}"
290,0.0,28.0,164.0,25.473562240600586,140.0,19.079631909034397,108.91826857784184,1643.859619140625,46.0,6.145356178283691,4.0,2.0,0.6048358350109156,11.901500701904297,39.0,"{""type"":""Point"",""coordinates"":[108.91823146723459,19.07859234035321]}"
291,0.0,21.0,76.0,4.935262680053711,68.0,19.69048630223567,109.52463139462253,1604.6986083984375,57.0,0.21578660607337952,4.0,3.0,0.6937222372157615,15.308438301086426,32.0,"{""type"":""Point"",""coordinates"":[109.52581995060154,19.68896926598947]}"
292,0.0,24.0,45.0,7.549145698547363,28.0,19.57370531530013,110.18040155202976,1899.6651611328125,49.0,0.3441552519798279,4.0,3.0,0.7440569187592143,14.859954833984375,35.0,"{""type"":""Point"",""coordinates"":[110.18155473122815,19.572639082225724]}"
293,0.0,26.0,23.0,3.448902130126953,24.0,19.933031428947942,110.90803693216662,1260.01318359375,49.0,0.6518370509147644,3.0,4.0,0.6342298576970963,12.67313289642334,52.0,"{""type"":""Point"",""coordinates"":[110.90662542623106,19.93199111185482]}"
294,0.0,32.0,574.0,42.02255630493164,572.0,18.42835332804774,109.47971563041654,1858.9521484375,40.0,13.338994026184082,7.0,1.0,0.5558093355661566,10.813395500183105,43.0,"{""type"":""Point"",""coordinates"":[109.48045972496251,18.426805069721386]}"
295,0.0,29.0,21.0,4.771488666534424,22.0,19.950997734630327,110.45887929010684,1534.7177734375,42.0,0.3817470371723175,3.0,4.0,0.7027944797460167,13.870573043823242,41.0,"{""type"":""Point"",""coordinates"":[110.4571735158042,19.948918916027]}"
296,0.0,30.0,208.0,21.366670608520508,79.0,18.73378052464838,109.08894848182456,1680.666748046875,41.0,4.418303966522217,4.0,1.0,0.6151243601821929,12.20520305633545,43.0,"{""type"":""Point"",""coordinates"":[109.08745354551957,18.7354223115717]}"
297,0.0,29.0,508.0,23.128921508789062,447.0,18.52267643288029,109.52013981820193,1801.074951171875,49.0,5.23530912399292,6.0,1.0,0.5797776803873528,11.818684577941895,43.0,"{""type"":""Point"",""coordinates"":[109.51941353088019,18.521536712611184]}"
298,0.0,26.0,1010.0,39.28733444213867,813.0,19.01674983914603,109.56056400598732,1854.671630859375,49.0,19.916208267211914,8.0,2.0,0.5137400545097387,9.927175521850586,43.0,"{""type"":""Point"",""coordinates"":[109.56163516900479,19.015694049970726]}"
299,0.0,30.0,226.0,22.564001083374023,222.0,18.423861751627143,109.31801887927503,1681.0557861328125,42.0,4.902035713195801,5.0,1.0,0.5944286387653869,12.089122772216797,42.0,"{""type"":""Point"",""coordinates"":[109.31866493240479,18.42196739181286]}"
300,0.0,25.0,275.0,50.25164031982422,102.0,18.931409887154672,109.45725774831357,1793.0850830078125,50.0,15.225268363952637,3.0,2.0,0.5563066962043082,10.901690483093262,44.0,"{""type"":""Point"",""coordinates"":[109.45502156436187,18.931077647583763]}"
301,0.0,26.0,122.0,19.668821334838867,100.0,19.088615061875586,108.99013380057141,1765.810791015625,46.0,3.1786561012268066,4.0,2.0,0.619126962877753,12.589662551879883,40.0,"{""type"":""Point"",""coordinates"":[108.99233414323241,19.090389052453673]}"
302,0.0,23.0,94.0,16.761333465576172,68.0,19.533281127514755,109.52013981820193,1716.6258544921875,53.0,2.676624298095703,4.0,3.0,0.6819271661659028,12.778895378112793,34.0,"{""type"":""Point"",""coordinates"":[109.51830288090342,19.53217632556556]}"
303,0.0,31.0,164.0,27.955020904541016,164.0,18.495726974356707,109.96929746026171,1784.982177734375,42.0,5.7355570793151855,4.0,1.0,0.5917852963309683,11.971009254455566,44.0,"{""type"":""Point"",""coordinates"":[109.96872754696805,18.493814500944033]}"
304,0.0,24.0,326.0,9.910715103149414,300.0,18.670898454760014,108.9811506477302,1661.1358642578125,53.0,1.35331392288208,5.0,1.0,0.5808225146823494,13.310698509216309,46.0,"{""type"":""Point"",""coordinates"":[108.97908060667928,18.67021705489956]}"
305,0.0,26.0,523.0,30.406333923339844,346.0,19.10208979113738,109.74022706281124,2060.595947265625,45.0,5.059401035308838,5.0,2.0,0.6107257449656497,11.84091567993164,39.0,"{""type"":""Point"",""coordinates"":[109.73955442748968,19.100016151315597]}"
306,0.0,27.0,132.0,8.876276016235352,119.0,19.533281127514755,109.41683356052818,1697.7293701171875,48.0,0.962439239025116,4.0,3.0,0.6399553810976529,13.779183387756348,36.0,"{""type"":""Point"",""coordinates"":[109.4189938337232,19.531223585971606]}"
307,0.0,25.0,21.0,23.246274948120117,21.0,18.643948996236425,110.21184258697394,2018.6168212890625,48.0,2.746023416519165,3.0,1.0,0.7104993421694861,12.796346664428711,44.0,"{""type"":""Point"",""coordinates"":[110.21217614939938,18.644786798625923]}"
308,0.0,26.0,133.0,43.05941390991211,111.0,18.944884616416466,110.23430046907697,2348.760986328125,52.0,5.247478008270264,4.0,2.0,0.6174597552525791,12.079827308654785,46.0,"{""type"":""Point"",""coordinates"":[110.23220503958804,18.9436581965174]}"
309,0.0,23.0,12.0,3.433455467224121,15.0,18.51818485645969,108.80148759090633,1385.7965087890625,49.0,0.08336324244737625,2.0,1.0,0.7022284877803379,16.226774215698242,41.0,"{""type"":""Point"",""coordinates"":[108.79928235271255,18.519033237179876]}"
310,0.0,27.0,209.0,17.24903106689453,56.0,19.142513978922757,109.82107543838197,1989.1297607421875,47.0,1.950427770614624,4.0,2.0,0.6711121106568372,13.023860931396484,42.0,"{""type"":""Point"",""coordinates"":[109.8224297446343,19.14072856733577]}"
311,0.0,39.0,95.0,5.539234161376953,94.0,19.77133467780643,109.63242922871689,1437.4508056640625,35.0,0.7313971519470215,5.0,4.0,0.6393366490102184,14.07632064819336,35.0,"{""type"":""Point"",""coordinates"":[109.63314699546302,19.769274921230572]}"
312,0.0,23.0,36.0,4.027703285217285,36.0,19.87913251190077,110.95295269637256,1271.197998046875,52.0,0.9349128007888794,6.0,4.0,0.6310680110720681,12.465397834777832,50.0,"{""type"":""Point"",""coordinates"":[110.9511183588271,19.878524423195753]}"
313,0.0,30.0,267.0,26.3621883392334,144.0,18.706831066124792,109.10691478750698,1684.7916259765625,42.0,6.395556926727295,4.0,1.0,0.5824114459230545,11.79421329498291,43.0,"{""type"":""Point"",""coordinates"":[109.10484254419474,18.70735313461388]}"
314,0.0,23.0,127.0,12.941522598266602,72.0,19.4434495991028,110.04116268299128,2113.11279296875,51.0,0.8868027925491333,3.0,3.0,0.6866698263230115,13.864128112792969,38.0,"{""type"":""Point"",""coordinates"":[110.03912251899013,19.44435626634692]}"
315,0.0,25.0,182.0,7.061059474945068,101.0,19.259294965858295,109.87946593184972,2013.8828125,51.0,0.18249113857746124,5.0,2.0,0.6550100841652853,15.410693168640137,37.0,"{""type"":""Point"",""coordinates"":[109.87854667163528,19.257336112664305]}"
316,0.0,30.0,83.0,6.348914623260498,76.0,19.582688468141328,110.59811815914537,1895.59814453125,44.0,0.22943836450576782,3.0,3.0,0.692380527604283,14.792717933654785,34.0,"{""type"":""Point"",""coordinates"":[110.59882175253922,19.584099967570495]}"
317,0.0,26.0,145.0,12.849700927734375,91.0,19.21437920165232,110.01870480088826,2173.1982421875,47.0,0.8081463575363159,4.0,2.0,0.6691119409757254,13.945881843566895,38.0,"{""type"":""Point"",""coordinates"":[110.0174922614668,19.214080023171036]}"
318,0.0,26.0,36.0,7.701953887939453,37.0,19.510823245411764,110.73735702818391,1798.4896240234375,46.0,0.6019288301467896,5.0,3.0,0.7239929268760661,13.871407508850098,36.0,"{""type"":""Point"",""coordinates"":[110.73621447622155,19.512819386175323]}"
319,0.0,25.0,4.0,4.070842266082764,5.0,19.950997734630327,110.66998338187494,1527.6910400390625,46.0,0.13485142588615417,2.0,4.0,0.6956569139696561,14.636658668518066,47.0,"{""type"":""Point"",""coordinates"":[110.66915281076254,19.949060522275193]}"
320,0.0,24.0,432.0,71.90345764160156,419.0,18.67988160760121,109.87048277900857,2190.125732421875,51.0,17.151165008544922,6.0,1.0,0.5504460952691217,10.663622856140137,47.0,"{""type"":""Point"",""coordinates"":[109.87177941141036,18.68012855798558]}"
321,0.0,27.0,6.0,4.280218601226807,6.0,19.479382210467584,108.97665907130965,1566.9088134765625,49.0,0.129855215549469,2.0,3.0,0.7323645586512065,15.85722827911377,39.0,"{""type"":""Point"",""coordinates"":[108.97522798797806,19.480181991599363]}"
322,0.0,23.0,122.0,10.623297691345215,28.0,19.362601223532046,109.33149360853685,1729.7266845703125,44.0,1.1314657926559448,3.0,3.0,0.7254459391088481,13.623503684997559,35.0,"{""type"":""Point"",""coordinates"":[109.3319184020929,19.362510772200615]}"
323,0.0,25.0,101.0,8.572657585144043,12.0,19.32666861216726,110.1130279057208,2200.675537109375,45.0,0.1823553889989853,4.0,3.0,0.7637975096424267,15.461743354797363,38.0,"{""type"":""Point"",""coordinates"":[110.11154914805054,19.327131720837023]}"
324,0.0,26.0,792.0,17.471261978149414,777.0,18.65742372549822,108.93623488352426,1501.0916748046875,49.0,6.676217079162598,6.0,1.0,0.5236510149389865,11.314653396606445,47.0,"{""type"":""Point"",""coordinates"":[108.93577983388991,18.656289264556925]}"
325,0.0,29.0,56.0,6.759587287902832,55.0,19.757859948544635,110.58464342988356,1627.6031494140625,41.0,0.6989941596984863,6.0,4.0,0.6929203002425726,13.70372486114502,36.0,"{""type"":""Point"",""coordinates"":[110.58309183215006,19.7561302232881]}"
326,0.0,27.0,560.0,10.170758247375488,546.0,18.54064273856268,109.19225473949831,1724.076171875,50.0,1.4238554239273071,5.0,1.0,0.578920201468234,13.080625534057617,44.0,"{""type"":""Point"",""coordinates"":[109.1913034398869,18.539950668921808]}"
327,0.0,28.0,52.0,17.280624389648438,43.0,19.15598870818455,110.24328362191818,2227.55908203125,43.0,1.2927988767623901,4.0,2.0,0.720471409314455,13.53221607208252,40.0,"{""type"":""Point"",""coordinates"":[110.24550152666102,19.15569194623862]}"
328,0.0,39.0,126.0,9.243102073669434,111.0,19.784809407068217,109.753701792073,1503.7249755859375,35.0,1.6883376836776733,5.0,4.0,0.6316615031671423,13.220656394958496,35.0,"{""type"":""Point"",""coordinates"":[109.75266618454253,19.784773271014576]}"
329,0.0,27.0,59.0,8.415278434753418,62.0,18.554117467824476,108.85089493153288,1529.6898193359375,46.0,1.1862468719482422,4.0,1.0,0.6314163537802149,13.614131927490234,46.0,"{""type"":""Point"",""coordinates"":[108.84896664493556,18.554889791697548]}"
330,0.0,25.0,177.0,7.870628356933594,38.0,18.76522155959256,109.2775946914897,1635.5933837890625,53.0,0.8892614841461182,4.0,1.0,0.6581906560044999,13.830105781555176,46.0,"{""type"":""Point"",""coordinates"":[109.27952579330642,18.76585427715063]}"
331,0.0,25.0,1194.0,24.577974319458008,997.0,19.01674983914603,109.51115666536077,1811.0330810546875,43.0,11.531549453735352,9.0,2.0,0.5288450889047935,10.216452598571777,42.0,"{""type"":""Point"",""coordinates"":[109.51160373162975,19.01559740896832]}"
332,0.0,29.0,606.0,6.545892238616943,458.0,18.783187865274954,109.33598518495745,1642.08642578125,48.0,0.675868570804596,7.0,1.0,0.5751534848299151,13.786555290222168,44.0,"{""type"":""Point"",""coordinates"":[109.33816614977479,18.783467640047395]}"
333,0.0,24.0,90.0,6.121911525726318,82.0,19.4434495991028,109.13386424603056,1637.685546875,54.0,0.459282785654068,2.0,3.0,0.6725478594426697,14.544656753540039,33.0,"{""type"":""Point"",""coordinates"":[109.13541051431115,19.443630284249117]}"
335,0.0,22.0,42.0,5.527613639831543,34.0,19.65455369087089,110.35108145601248,1807.9161376953125,56.0,0.1298862099647522,2.0,3.0,0.753630941869945,15.562026023864746,30.0,"{""type"":""Point"",""coordinates"":[110.35058113343403,19.65646472077134]}"
336,0.0,22.0,14.0,6.161680221557617,14.0,18.387929140262365,109.08894848182456,1529.7103271484375,53.0,0.5848767161369324,3.0,1.0,0.7154403187927877,14.34762191772461,40.0,"{""type"":""Point"",""coordinates"":[109.09002321647515,18.38817946999309]}"
338,0.0,32.0,416.0,33.080299377441406,412.0,18.423861751627143,109.52463139462253,1757.9405517578125,42.0,9.411142349243164,7.0,1.0,0.5710127052200072,11.29730224609375,43.0,"{""type"":""Point"",""coordinates"":[109.52294528570079,18.42286993375158]}"
339,0.0,26.0,166.0,24.197086334228516,142.0,18.79666259453675,110.09506160003843,2065.406005859375,50.0,3.011284828186035,3.0,1.0,0.6069040116570115,12.616494178771973,46.0,"{""type"":""Point"",""coordinates"":[110.09574703691139,18.797376563705175]}"
340,0.0,23.0,100.0,9.268340110778809,60.0,19.510823245411764,109.87048277900857,1819.9947509765625,53.0,0.7791178226470947,3.0,3.0,0.6846582759482746,14.010085105895996,38.0,"{""type"":""Point"",""coordinates"":[109.87201847460261,19.509662067773988]}"
341,0.0,27.0,364.0,35.05574035644531,210.0,19.034716144828415,109.8031091326996,1957.84619140625,48.0,7.036595821380615,4.0,2.0,0.5942087452162093,11.630261421203613,42.0,"{""type"":""Point"",""coordinates"":[109.80184848501418,19.035514330459456]}"
342,0.0,33.0,170.0,19.382183074951172,41.0,18.783187865274954,109.16530528097474,1638.13232421875,37.0,4.054052829742432,4.0,1.0,0.6628515039265405,12.315869331359863,42.0,"{""type"":""Point"",""coordinates"":[109.16658714544536,18.783796354930075]}"
343,0.0,28.0,27.0,3.7830545902252197,28.0,19.88362408832137,109.5920050409315,1205.861328125,41.0,0.4913169741630554,2.0,4.0,0.7057771412348455,14.514435768127441,34.0,"{""type"":""Point"",""coordinates"":[109.59367672092566,19.885489289242717]}"
344,0.0,27.0,117.0,7.522260665893555,90.0,19.317685459326064,109.17428843381595,1811.0743408203125,44.0,0.4628771245479584,4.0,3.0,0.6471900718638083,14.520482063293457,39.0,"{""type"":""Point"",""coordinates"":[109.17484373924063,19.317075932126812]}"
345,0.0,24.0,23.0,4.6274261474609375,21.0,19.82972517127419,110.75532333386627,1550.6544189453125,50.0,0.2934332489967346,7.0,4.0,0.690201134697799,14.069148063659668,45.0,"{""type"":""Point"",""coordinates"":[110.75575918604895,19.831649545964893]}"
346,0.0,28.0,126.0,14.591266632080078,83.0,19.425483293420413,110.12201105856201,2107.8486328125,45.0,1.1824039220809937,3.0,3.0,0.6730878921591424,13.576998710632324,38.0,"{""type"":""Point"",""coordinates"":[110.12171514399877,19.423399643329077]}"
347,0.0,29.0,95.0,11.743943214416504,54.0,19.41200856415862,110.23879204549758,2116.610107421875,39.0,0.707204282283783,4.0,3.0,0.7103113455095316,14.10996150970459,38.0,"{""type"":""Point"",""coordinates"":[110.23851367206782,19.411904321330226]}"
348,0.0,23.0,259.0,38.00404739379883,99.0,18.783187865274954,109.40785040768702,1849.8798828125,53.0,8.623682975769043,4.0,1.0,0.5772295081828471,11.497251510620117,45.0,"{""type"":""Point"",""coordinates"":[109.40644126401524,18.783073621527]}"
349,0.0,31.0,142.0,7.156396865844727,102.0,19.479382210467584,109.96929746026171,1973.2366943359375,40.0,0.23736824095249176,4.0,3.0,0.6496283280610433,15.172938346862793,38.0,"{""type"":""Point"",""coordinates"":[109.96914662790873,19.47751810111208]}"
350,0.0,27.0,44.0,5.136541843414307,42.0,19.76684310138583,110.49930347789223,1661.9388427734375,39.0,0.18255482614040375,6.0,4.0,0.720749700850428,15.057302474975586,34.0,"{""type"":""Point"",""coordinates"":[110.49746617276992,19.76858888758074]}"
351,0.0,27.0,39.0,8.814538955688477,40.0,19.4389580226822,110.66549180545434,1849.9813232421875,43.0,0.7481129765510559,8.0,3.0,0.7074891675969653,13.651268005371094,40.0,"{""type"":""Point"",""coordinates"":[110.66397293545917,19.44004003762541]}"
352,0.0,26.0,15.0,3.7394754886627197,17.0,19.672519996553277,110.84964643869881,1508.730712890625,50.0,0.08367098867893219,4.0,3.0,0.7132667787422027,15.335962295532227,40.0,"{""type"":""Point"",""coordinates"":[110.85113303296548,19.67376962784384]}"
353,0.0,24.0,18.0,4.393590927124023,19.0,19.924048276106745,110.73735702818391,1489.556640625,47.0,0.37053194642066956,4.0,4.0,0.6688221237070351,13.432658195495605,49.0,"{""type"":""Point"",""coordinates"":[110.73707347701809,19.923741340556397]}"
354,0.0,22.0,57.0,11.357402801513672,41.0,19.569213738879533,110.39599722021848,1850.5380859375,54.0,1.2387622594833374,6.0,3.0,0.7109321537466534,13.29505729675293,38.0,"{""type"":""Point"",""coordinates"":[110.39729362640047,19.569720494266225]}"
355,0.0,28.0,9.0,6.166861534118652,10.0,19.924048276106745,110.5711687006218,1610.8157958984375,44.0,0.7343442440032959,4.0,4.0,0.7166815638231103,13.172764778137207,42.0,"{""type"":""Point"",""coordinates"":[110.56905260134887,19.92589732265501]}"
356,0.0,29.0,27.0,15.732351303100586,29.0,19.04819087409021,110.43192983158326,2056.845458984375,42.0,1.4169973134994507,3.0,2.0,0.7352178426795276,13.441627502441406,38.0,"{""type"":""Point"",""coordinates"":[110.43313650602278,19.048550833653408]}"
357,0.0,24.0,146.0,6.722923755645752,127.0,18.554117467824476,109.07996532898335,1651.258544921875,56.0,0.6050246953964233,2.0,1.0,0.5916577173475116,14.234763145446777,46.0,"{""type"":""Point"",""coordinates"":[109.08019727103503,18.555562866608863]}"
358,0.0,21.0,30.0,3.4330976009368896,30.0,19.74438521928284,110.95295269637256,1272.9093017578125,56.0,0.4875304698944092,2.0,4.0,0.6542622767088467,13.130647659301758,46.0,"{""type"":""Point"",""coordinates"":[110.95238800044967,19.745176209937433]}"
359,0.0,26.0,518.0,40.263702392578125,465.0,18.774204712433757,109.64590395797865,1987.329345703125,47.0,9.230299949645996,4.0,1.0,0.557726422158561,11.237632751464844,47.0,"{""type"":""Point"",""coordinates"":[109.64498717998521,18.7753175611294]}"
360,0.0,25.0,173.0,31.88397979736328,173.0,18.401403869524152,109.24615365654546,1729.126220703125,54.0,7.902232646942139,4.0,1.0,0.5904478125117999,11.641844749450684,42.0,"{""type"":""Point"",""coordinates"":[109.24773658648917,18.399725162321015]}"
361,0.0,30.0,41.0,5.406744003295898,42.0,19.942014581789138,110.13548578782382,1530.3651123046875,39.0,0.46506184339523315,2.0,4.0,0.7090924907736842,14.287263870239258,34.0,"{""type"":""Point"",""coordinates"":[110.13460481595372,19.942502423758167]}"
362,0.0,29.0,34.0,4.766330718994141,34.0,19.68599472581507,110.70591599323973,1708.029541015625,49.0,0.12989182770252228,5.0,3.0,0.7147947544478381,15.406678199768066,38.0,"{""type"":""Point"",""coordinates"":[110.70614614039935,19.686691105238335]}"
363,0.0,22.0,58.0,6.524716377258301,54.0,19.376075952793833,109.05301587045977,1600.7041015625,57.0,0.5990859866142273,3.0,3.0,0.6903241807786424,14.2979736328125,36.0,"{""type"":""Point"",""coordinates"":[109.05524109551041,19.37599273597756]}"
364,0.0,28.0,52.0,5.370335578918457,50.0,19.757859948544635,110.46786244294805,1661.9388427734375,42.0,0.2694326639175415,7.0,4.0,0.7162857026302425,14.660751342773438,33.0,"{""type"":""Point"",""coordinates"":[110.46777555579686,19.759087543798405]}"
365,0.0,29.0,111.0,37.54719543457031,95.0,19.01674983914603,110.25675835117994,2104.3349609375,40.0,5.342615127563477,3.0,2.0,0.6184234879228945,12.0752534866333,44.0,"{""type"":""Point"",""coordinates"":[110.258035651637,19.01512366194366]}"
366,0.0,27.0,530.0,37.723777770996094,415.0,18.774204712433757,109.5470892767255,1771.3740234375,50.0,12.474898338317871,4.0,1.0,0.5317637320436539,10.919358253479004,48.0,"{""type"":""Point"",""coordinates"":[109.54576512915044,18.77613651197103]}"
367,0.0,28.0,240.0,32.4381103515625,189.0,19.043699297669612,110.01870480088826,2109.876220703125,48.0,4.749629497528076,4.0,2.0,0.6085872755209498,12.111639976501465,44.0,"{""type"":""Point"",""coordinates"":[110.0204180455743,19.041852629458326]}"
368,0.0,24.0,182.0,9.827082633972168,167.0,18.482252245094912,109.31801887927503,1681.1514892578125,55.0,1.2573927640914917,4.0,1.0,0.5904616213892582,13.48044204711914,46.0,"{""type"":""Point"",""coordinates"":[109.31789470519396,18.480888200895826]}"
369,0.0,27.0,203.0,9.644125938415527,202.0,18.383437563841767,109.25513680938667,1549.8916015625,55.0,1.7155402898788452,4.0,1.0,0.6066389573659055,13.156149864196777,40.0,"{""type"":""Point"",""coordinates"":[109.25516177327496,18.38230932838275]}"
370,0.0,25.0,156.0,37.14866256713867,53.0,18.922426734313476,110.01870480088826,2218.06787109375,49.0,4.682286262512207,3.0,2.0,0.6666074903649439,12.180051803588867,45.0,"{""type"":""Point"",""coordinates"":[110.01962790922937,18.9224169795127]}"
371,0.0,26.0,355.0,32.35433578491211,172.0,18.949376192837065,109.77615967417603,2152.52197265625,44.0,4.411733150482178,3.0,2.0,0.608677600741146,12.106647491455078,43.0,"{""type"":""Point"",""coordinates"":[109.77506613406034,18.948099648988162]}"
372,0.0,27.0,376.0,45.090877532958984,374.0,18.419370175206545,109.46174932473417,1858.9521484375,48.0,12.573684692382812,4.0,1.0,0.5714615834790967,11.029906272888184,42.0,"{""type"":""Point"",""coordinates"":[109.46043244017254,18.418946779581095]}"
373,0.0,25.0,21.0,8.643117904663086,21.0,18.311572341112203,109.51564824178132,1719.6109619140625,45.0,0.7778988480567932,3.0,0.0,0.722369126046028,14.058363914489746,39.0,"{""type"":""Point"",""coordinates"":[109.51787598834133,18.312416078314385]}"
374,0.0,28.0,123.0,6.116511344909668,110.0,19.55573900961774,109.4392914426312,1726.7203369140625,48.0,0.3494967222213745,4.0,3.0,0.653316112525548,14.797781944274902,34.0,"{""type"":""Point"",""coordinates"":[109.43850181190302,19.553531456118886]}"
375,0.0,27.0,287.0,31.861064910888672,107.0,18.917935157892877,109.50217351251956,1802.4896240234375,46.0,7.137811660766602,4.0,2.0,0.5809430438850958,11.669824600219727,44.0,"{""type"":""Point"",""coordinates"":[109.50207828575695,18.919044565928164]}"
376,0.0,26.0,131.0,31.443782806396484,131.0,18.67988160760121,110.22531731623576,1999.876708984375,46.0,4.706911563873291,9.0,1.0,0.6081112723199404,12.190325736999512,45.0,"{""type"":""Point"",""coordinates"":[110.22403864701545,18.67913387827205]}"
377,0.0,26.0,219.0,26.12682342529297,42.0,19.259294965858295,109.53810612388435,1817.8341064453125,47.0,4.830085754394531,5.0,2.0,0.6804675386504945,12.108556747436523,39.0,"{""type"":""Point"",""coordinates"":[109.53601933954195,19.258656658196866]}"
378,0.0,36.0,113.0,10.189401626586914,94.0,19.46590748120579,110.49930347789223,1950.7633056640625,38.0,0.944373607635498,4.0,3.0,0.6409448470470029,13.521910667419434,41.0,"{""type"":""Point"",""coordinates"":[110.49818393620335,19.467047223353834]}"
379,0.0,27.0,119.0,16.327239990234375,36.0,19.308702306484875,110.1624352463474,2169.286865234375,46.0,1.3083785772323608,4.0,3.0,0.7295786189561849,13.480023384094238,38.0,"{""type"":""Point"",""coordinates"":[110.16306022907028,19.307217041585517]}"
380,0.0,23.0,158.0,10.71650218963623,62.0,19.286244424381884,109.30005257359267,1730.6763916015625,57.0,1.337607979774475,3.0,3.0,0.6716415234252184,13.433749198913574,38.0,"{""type"":""Point"",""coordinates"":[109.3008923476116,19.285170654384412]}"
381,0.0,30.0,204.0,15.649201393127441,207.0,18.729288948227783,110.35557303243309,1979.4765625,45.0,1.7418357133865356,5.0,1.0,0.5924361751679718,13.140283584594727,49.0,"{""type"":""Point"",""coordinates"":[110.35458661860588,18.731160105981655]}"
382,0.0,28.0,42.0,8.21810531616211,42.0,19.72192733717985,109.36742621990163,1572.07275390625,45.0,1.0412896871566772,3.0,3.0,0.7147429646215027,13.754490852355957,33.0,"{""type"":""Point"",""coordinates"":[109.36834510178024,19.723424813492333]}"
383,0.0,25.0,36.0,3.2656538486480713,37.0,19.96896404031272,110.91702008500778,1261.9447021484375,48.0,0.5662193894386292,2.0,4.0,0.6319468871072909,12.514264106750488,49.0,"{""type"":""Point"",""coordinates"":[110.91488065439927,19.969013725460083]}"
384,0.0,28.0,257.0,30.784543991088867,152.0,18.8775109701075,109.92438169605572,2047.8345947265625,48.0,4.79564094543457,4.0,2.0,0.6039620090953175,12.090646743774414,44.0,"{""type"":""Point"",""coordinates"":[109.92550534416543,18.877027111801425]}"
385,0.0,27.0,49.0,6.792259693145752,49.0,19.757859948544635,110.62057604124834,1661.8443603515625,46.0,0.6494966745376587,5.0,4.0,0.6926180463532706,13.78357219696045,38.0,"{""type"":""Point"",""coordinates"":[110.61977067904357,19.755795606727762]}"
386,0.0,22.0,29.0,3.0814132690429688,30.0,19.950997734630327,110.91702008500778,1261.9447021484375,56.0,0.37660208344459534,1.0,4.0,0.6310362672565338,13.108107566833496,51.0,"{""type"":""Point"",""coordinates"":[110.91864239822927,19.952003172352914]}"
387,0.0,34.0,74.0,6.603084087371826,70.0,19.78031783064762,109.89294066111154,1617.554443359375,41.0,0.6475965976715088,4.0,4.0,0.6776468804952146,14.210614204406738,35.0,"{""type"":""Point"",""coordinates"":[109.8937825615639,19.782524869149295]}"
388,0.0,28.0,1070.0,52.77877426147461,1041.0,18.73378052464838,109.81209228554076,2163.93017578125,42.0,22.277442932128906,10.0,1.0,0.4995573361192738,9.72001838684082,48.0,"{""type"":""Point"",""coordinates"":[109.81212530175557,18.731688770861915]}"
389,0.0,28.0,82.0,38.53071594238281,81.0,18.49123539793611,109.70878602786706,1826.4510498046875,50.0,8.834681510925293,4.0,1.0,0.6016267397484,11.584735870361328,46.0,"{""type"":""Point"",""coordinates"":[109.70795055808888,18.492637695844213]}"
390,0.0,20.0,10.0,4.531039237976074,10.0,19.052682450510808,108.67572345112961,1119.602783203125,54.0,0.9665235280990601,2.0,2.0,0.6712734619563476,13.847556114196777,45.0,"{""type"":""Point"",""coordinates"":[108.67354379417145,19.05322396006926]}"
391,0.0,22.0,29.0,10.977869987487793,20.0,19.6365873851885,110.23879204549758,1821.1513671875,50.0,1.036804437637329,4.0,3.0,0.7510591864744741,13.728529930114746,34.0,"{""type"":""Point"",""coordinates"":[110.24062013913061,19.634971110372483]}"
392,0.0,30.0,30.0,29.757781982421875,33.0,18.71132264254539,110.3690477616949,1979.4765625,40.0,4.355580806732178,4.0,1.0,0.6717361322493076,12.31521987915039,48.0,"{""type"":""Point"",""coordinates"":[110.37111360235758,18.713156051096963]}"
393,0.0,23.0,67.0,8.826228141784668,36.0,19.483873786888182,110.3151488446477,2056.975830078125,51.0,0.3650597333908081,4.0,3.0,0.7298517870627089,14.788013458251953,38.0,"{""type"":""Point"",""coordinates"":[110.31680176817517,19.48294391277404]}"
394,0.0,22.0,171.0,6.873013973236084,123.0,19.479382210467584,109.53810612388435,1794.506591796875,56.0,0.3895602822303772,4.0,3.0,0.640937118067702,14.659346580505371,37.0,"{""type"":""Point"",""coordinates"":[109.53888440123363,19.47839813438094]}"
395,0.0,28.0,510.0,43.8741340637207,330.0,18.967342498519457,109.47073247757538,1858.474609375,47.0,13.52393627166748,5.0,2.0,0.5573808788493227,10.852012634277344,43.0,"{""type"":""Point"",""coordinates"":[109.47286840326267,18.96707490907791]}"
396,0.0,23.0,20.0,3.5904834270477295,21.0,19.735402066441644,110.94396954353141,1337.39501953125,51.0,0.37010282278060913,2.0,3.0,0.6691151324169382,13.429271697998047,46.0,"{""type"":""Point"",""coordinates"":[110.94593359565732,19.737439840849728]}"
397,0.0,27.0,225.0,44.04090118408203,225.0,18.360979681738776,109.4437830190518,1794.7120361328125,50.0,12.315668106079102,3.0,1.0,0.5813912381784072,11.155430793762207,41.0,"{""type"":""Point"",""coordinates"":[109.44325416430354,18.361772437211723]}"
398,0.0,30.0,566.0,48.014198303222656,360.0,18.71132264254539,109.47073247757538,1886.76171875,48.0,16.757829666137695,5.0,1.0,0.5334319420254222,10.58119010925293,46.0,"{""type"":""Point"",""coordinates"":[109.47214523555202,18.712887653306765]}"
399,0.0,29.0,243.0,39.871707916259766,126.0,19.308702306484875,109.65937868724046,1904.217529296875,43.0,8.614968299865723,7.0,3.0,0.6178444854621031,11.50893783569336,37.0,"{""type"":""Point"",""coordinates"":[109.65725654934668,19.310115410285288]}"
400,0.0,23.0,140.0,10.506710052490234,104.0,19.623112655926704,109.83904174406439,1719.813720703125,52.0,1.2231380939483643,5.0,3.0,0.6538928392551582,13.53447151184082,33.0,"{""type"":""Point"",""coordinates"":[109.84105310623139,19.622318847745575]}"
401,0.0,27.0,43.0,6.053272724151611,35.0,19.708452607918062,110.47684559578926,1722.1575927734375,49.0,0.36509108543395996,6.0,3.0,0.7360964309932156,14.527756690979004,33.0,"{""type"":""Point"",""coordinates"":[110.47706410152148,19.709847205861696]}"
402,0.0,22.0,197.0,8.192902565002441,64.0,18.697847913283596,109.21022104518073,1744.523681640625,56.0,0.7296557426452637,3.0,1.0,0.6432619112328888,14.01517105102539,44.0,"{""type"":""Point"",""coordinates"":[109.21051845079874,18.696633387031497]}"
403,0.0,22.0,58.0,10.96622371673584,47.0,19.677011572973875,110.17590997560922,1788.95703125,49.0,1.0978728532791138,3.0,3.0,0.7252817069409312,13.653650283813477,32.0,"{""type"":""Point"",""coordinates"":[110.17811701716023,19.67920500603564]}"
404,0.0,27.0,539.0,66.81813049316406,510.0,18.71132264254539,109.78514282701718,2166.9599609375,48.0,17.686092376708984,5.0,1.0,0.5325908036078773,10.546398162841797,49.0,"{""type"":""Point"",""coordinates"":[109.78716778483329,18.712068392404333]}"
405,0.0,28.0,16.0,5.300047397613525,17.0,19.982438769574514,110.5217613599952,1565.738037109375,42.0,0.5025331377983093,4.0,4.0,0.7153429944234857,13.541669845581055,40.0,"{""type"":""Point"",""coordinates"":[110.52028671956356,19.98086709245169]}"
406,0.0,31.0,62.0,15.86699390411377,48.0,19.582688468141328,110.42294667874205,1897.1531982421875,43.0,2.25628924369812,4.0,3.0,0.705171630821452,12.69118881225586,37.0,"{""type"":""Point"",""coordinates"":[110.4226799181134,19.583626696506595]}"
407,0.0,32.0,40.0,6.394826412200928,41.0,19.973455616733318,110.15345209350619,1466.8748779296875,39.0,0.9210609793663025,2.0,4.0,0.6916673506866754,13.60461139678955,37.0,"{""type"":""Point"",""coordinates"":[110.15486691355902,19.971642302947608]}"
408,0.0,27.0,68.0,21.04254722595215,65.0,18.980817227781245,110.35557303243309,2064.3056640625,43.0,2.2249646186828613,3.0,2.0,0.6721946791267247,12.97949504852295,42.0,"{""type"":""Point"",""coordinates"":[110.35646123425093,18.980604883458092]}"
409,0.0,21.0,133.0,12.853194236755371,81.0,19.456924328364593,110.02768795372947,2004.7911376953125,54.0,1.0451900959014893,4.0,3.0,0.6699822228102764,13.696065902709961,38.0,"{""type"":""Point"",""coordinates"":[110.02660275826666,19.45861428981141]}"
410,0.0,30.0,50.0,4.788084030151367,51.0,19.91506512326555,110.14896051708558,1530.3651123046875,41.0,0.31167301535606384,2.0,4.0,0.6946087086285591,14.680549621582031,35.0,"{""type"":""Point"",""coordinates"":[110.14883287793963,19.91427448428638]}"
411,0.0,24.0,25.0,11.25259017944336,27.0,18.441828057309536,109.73124390997003,1846.78564453125,53.0,1.1034072637557983,3.0,1.0,0.7085888939488656,13.706426620483398,42.0,"{""type"":""Point"",""coordinates"":[109.73330582164778,18.442958716465974]}"
413,0.0,28.0,119.0,5.1920671463012695,86.0,19.623112655926704,109.5964966173521,1681.6812744140625,51.0,0.23738215863704681,4.0,3.0,0.6668206495743232,15.187064170837402,34.0,"{""type"":""Point"",""coordinates"":[109.59439265712044,19.621980287955708]}"
414,0.0,23.0,215.0,8.531839370727539,187.0,18.594541655609852,109.27310311506909,1729.4024658203125,56.0,0.8575500845909119,3.0,1.0,0.5963818415566622,13.842000961303711,45.0,"{""type"":""Point"",""coordinates"":[109.271532631396,18.592859414368608]}"
415,0.0,27.0,370.0,39.98358154296875,368.0,18.71132264254539,108.81496232016809,1438.14990234375,47.0,21.497482299804688,4.0,1.0,0.5205129493844091,10.465632438659668,43.0,"{""type"":""Point"",""coordinates"":[108.81369646229294,18.70940881308084]}"
416,0.0,26.0,629.0,41.131675720214844,575.0,19.043699297669612,109.13386424603056,1672.6319580078125,50.0,18.46666717529297,5.0,2.0,0.5447463740741326,10.423111915588379,39.0,"{""type"":""Point"",""coordinates"":[109.13537507689053,19.044087884462076]}"
417,0.0,30.0,105.0,7.433629989624023,106.0,19.906081970424353,110.19836785771219,1531.1956787109375,43.0,1.1113759279251099,4.0,4.0,0.6357394806676783,13.365531921386719,35.0,"{""type"":""Point"",""coordinates"":[110.19666457303454,19.90422273252391]}"
418,0.0,28.0,1027.0,34.80272674560547,858.0,18.868527817266305,109.70429445144646,2059.53466796875,48.0,11.957618713378906,5.0,2.0,0.5348728527077329,10.440947532653809,45.0,"{""type"":""Point"",""coordinates"":[109.70247650718265,18.867694265464934]}"
419,0.0,27.0,25.0,4.7543840408325195,9.0,19.753368372124037,110.09506160003843,1669.1949462890625,41.0,0.08369342237710953,3.0,4.0,0.7704772456573001,16.141956329345703,31.0,"{""type"":""Point"",""coordinates"":[110.0962478427331,19.752587264703436]}"
420,0.0,31.0,19.0,4.62709903717041,18.0,19.816250442012404,110.3645561852743,1665.0712890625,37.0,0.08371094614267349,8.0,4.0,0.7421027985974121,16.01885414123535,36.0,"{""type"":""Point"",""coordinates"":[110.36456469015133,19.817328317299825]}"
421,0.0,29.0,29.0,3.486830472946167,31.0,19.650062114450293,110.97091900205498,1269.6038818359375,47.0,0.6324694752693176,3.0,3.0,0.6622686772595026,12.87500286102295,44.0,"{""type"":""Point"",""coordinates"":[110.97216123130475,19.649772103244075]}"
422,0.0,24.0,104.0,9.738475799560547,21.0,19.358109647111448,110.1130279057208,2191.932373046875,51.0,0.3650030195713043,2.0,3.0,0.7553255332192683,14.765965461730957,37.0,"{""type"":""Point"",""coordinates"":[110.11509007539514,19.358662312562704]}"
423,0.0,24.0,46.0,8.997605323791504,46.0,19.569213738879533,109.01259168267438,1411.19482421875,47.0,1.6279590129852295,3.0,3.0,0.6851657450333338,13.305122375488281,36.0,"{""type"":""Point"",""coordinates"":[109.01459042952777,19.569182076559354]}"
424,0.0,36.0,175.0,26.641218185424805,146.0,19.362601223532046,110.26574150402115,2135.1640625,39.0,3.443430185317993,5.0,3.0,0.6549702808588519,12.476418495178223,36.0,"{""type"":""Point"",""coordinates"":[110.26692302590737,19.36364427632964]}"
425,0.0,33.0,642.0,26.171321868896484,640.0,18.39691229310356,109.34047676137806,1660.297119140625,40.0,9.004462242126465,6.0,1.0,0.5617223400915525,11.156926155090332,41.0,"{""type"":""Point"",""coordinates"":[109.34104688067039,18.396100964064086]}"
426,0.0,23.0,195.0,6.215829849243164,193.0,18.37894598742117,109.2775946914897,1549.8916015625,57.0,0.6564690470695496,3.0,1.0,0.6097688780746682,14.122163772583008,40.0,"{""type"":""Point"",""coordinates"":[109.27792749013591,18.380681636750584]}"
427,0.0,24.0,24.0,5.31666374206543,25.0,19.88811566474196,110.72388229892209,1550.8470458984375,53.0,0.5860974192619324,3.0,4.0,0.6774236509728979,13.37576961517334,46.0,"{""type"":""Point"",""coordinates"":[110.72374936904144,19.88636461425101]}"
428,0.0,27.0,149.0,27.48219108581543,127.0,18.76522155959256,110.1130279057208,2039.583984375,49.0,3.8146815299987793,4.0,1.0,0.5954975826068991,12.390108108520508,48.0,"{""type"":""Point"",""coordinates"":[110.11122829735753,18.764711834141472]}"
429,0.0,26.0,51.0,9.415190696716309,44.0,19.245820236596508,108.90030227215948,1687.904052734375,53.0,1.1285548210144043,2.0,2.0,0.6823374795322658,13.668716430664062,41.0,"{""type"":""Point"",""coordinates"":[108.89975546988161,19.246941530858106]}"
430,0.0,28.0,160.0,37.688621520996094,157.0,19.223362354493517,110.35108145601248,2412.95166015625,49.0,4.024930000305176,4.0,2.0,0.6639676230772281,12.3294038772583,37.0,"{""type"":""Point"",""coordinates"":[110.35130400095329,19.223791904307685]}"
431,0.0,35.0,738.0,27.773237228393555,594.0,18.895477275789894,109.25064523296606,1646.5347900390625,38.0,11.493586540222168,5.0,2.0,0.5299264010381761,10.817140579223633,45.0,"{""type"":""Point"",""coordinates"":[109.25185674512133,18.89338787653126]}"
432,0.0,28.0,55.0,10.682049751281738,54.0,19.694977878656267,110.66100022903373,1757.2255859375,46.0,1.4959867000579834,6.0,3.0,0.6903660922569738,12.943565368652344,38.0,"{""type"":""Point"",""coordinates"":[110.6591757007506,19.692948631070767]}"
433,0.0,32.0,518.0,36.99428176879883,394.0,18.944884616416466,109.16979685739534,1652.968017578125,38.0,14.27083969116211,7.0,2.0,0.5542564804523717,10.789626121520996,41.0,"{""type"":""Point"",""coordinates"":[109.17090704055484,18.946481025731888]}"
434,0.0,24.0,168.0,19.15043830871582,136.0,19.259294965858295,110.17141839918861,2157.780517578125,52.0,1.7875524759292603,4.0,2.0,0.6573664728026368,13.137349128723145,37.0,"{""type"":""Point"",""coordinates"":[110.17011167315428,19.260835297852314]}"
435,0.0,30.0,486.0,32.76292419433594,459.0,19.277261271540688,109.13386424603056,1776.1038818359375,48.0,9.781899452209473,7.0,2.0,0.5891902109648302,11.204113960266113,38.0,"{""type"":""Point"",""coordinates"":[109.13554567223022,19.275163033859624]}"
436,0.0,23.0,15.0,3.5744075775146484,16.0,19.942014581789138,110.83168013301645,1412.6700439453125,52.0,0.18305543065071106,2.0,4.0,0.6623135784224402,14.144599914550781,50.0,"{""type"":""Point"",""coordinates"":[110.83008934256712,19.94290525269601]}"
437,0.0,25.0,14.0,2.303459405899048,14.0,19.030224568407817,108.64877399260598,987.46533203125,54.0,0.36405137181282043,3.0,2.0,0.6611488164237989,14.821748733520508,45.0,"{""type"":""Point"",""coordinates"":[108.64830177486385,19.02987657160579]}"
438,0.0,24.0,6.0,4.356068134307861,7.0,19.99142192241571,110.42294667874205,1567.2125244140625,44.0,0.12207542359828949,2.0,4.0,0.7312745457285055,15.031787872314453,39.0,"{""type"":""Point"",""coordinates"":[110.42316248430265,19.9924791661143]}"
439,0.0,26.0,1095.0,32.89182662963867,898.0,19.003275109884235,109.52013981820193,1811.0330810546875,46.0,17.446081161499023,8.0,2.0,0.5177641554047506,9.947789192199707,42.0,"{""type"":""Point"",""coordinates"":[109.51914300788388,19.001181927543296]}"
440,0.0,23.0,50.0,4.808749198913574,50.0,19.85667462979778,110.05463741225304,1584.5396728515625,53.0,0.22943836450576782,4.0,4.0,0.705188314057204,14.9868745803833,34.0,"{""type"":""Point"",""coordinates"":[110.05260983151764,19.85846551095469]}"
441,0.0,31.0,567.0,27.274032592773438,370.0,19.034716144828415,109.41683356052818,1773.659423828125,39.0,7.063289165496826,5.0,2.0,0.577156874068062,11.468315124511719,41.0,"{""type"":""Point"",""coordinates"":[109.4189152356966,19.036721047645994]}"
442,0.0,23.0,60.0,15.31692123413086,57.0,19.317685459326064,110.39599722021848,2216.415771484375,51.0,1.0409694910049438,4.0,3.0,0.7092367968317271,13.724519729614258,39.0,"{""type"":""Point"",""coordinates"":[110.39378524538547,19.315712956758098]}"
443,0.0,22.0,70.0,8.415823936462402,54.0,19.66353684371208,110.07709529435607,1816.8760986328125,52.0,0.59426349401474,3.0,3.0,0.7202968298260253,14.29894733428955,32.0,"{""type"":""Point"",""coordinates"":[110.07833105672862,19.663701853384193]}"
444,0.0,30.0,811.0,17.434017181396484,614.0,19.093106638296184,109.61446292303447,1778.33349609375,39.0,3.8326733112335205,5.0,2.0,0.5769916080949291,11.852699279785156,40.0,"{""type"":""Point"",""coordinates"":[109.61386502373736,19.094820629744476]}"
445,0.0,30.0,32.0,9.946410179138184,34.0,19.205396048811124,110.5307445128364,2140.2607421875,46.0,0.49926868081092834,4.0,2.0,0.7210174683485593,14.476104736328125,42.0,"{""type"":""Point"",""coordinates"":[110.53207366316639,19.206273149380895]}"
446,0.0,29.0,647.0,46.45244216918945,588.0,18.608016384871647,109.39886725484581,1834.8614501953125,41.0,16.935237884521484,10.0,1.0,0.5288409304514592,10.499285697937012,46.0,"{""type"":""Point"",""coordinates"":[109.39911703346374,18.606002889534402]}"
447,0.0,21.0,123.0,19.530942916870117,110.0,19.133530826081568,108.93623488352426,1666.4306640625,60.0,3.900444984436035,4.0,2.0,0.6111791023171208,12.383896827697754,40.0,"{""type"":""Point"",""coordinates"":[108.93788240795237,19.133336853339976]}"
448,0.0,23.0,30.0,6.347442150115967,21.0,19.60963792666491,110.38701406737727,1790.65234375,53.0,0.30445486307144165,4.0,3.0,0.7419520609936053,14.719343185424805,36.0,"{""type"":""Point"",""coordinates"":[110.3864268390713,19.610160620643626]}"
449,0.0,23.0,163.0,9.601227760314941,127.0,19.501840092570568,109.46174932473417,1731.3953857421875,57.0,1.0897477865219116,4.0,3.0,0.6440889556542206,13.635605812072754,35.0,"{""type"":""Point"",""coordinates"":[109.46168242604725,19.50116320299082]}"
450,0.0,22.0,22.0,10.024356842041016,17.0,19.23683708375531,108.85089493153288,1629.544189453125,53.0,1.2781988382339478,2.0,2.0,0.7055758358905373,13.561070442199707,42.0,"{""type"":""Point"",""coordinates"":[108.84991551320569,19.236938026624582]}"
451,0.0,32.0,471.0,33.077064514160156,432.0,18.585558502768656,109.35395149063982,1837.31640625,42.0,8.594249725341797,4.0,1.0,0.5589795670735389,11.347575187683105,46.0,"{""type"":""Point"",""coordinates"":[109.3545104582513,18.586057743618674]}"
452,0.0,25.0,340.0,14.728338241577148,229.0,19.191921319549337,109.86149962616736,2010.72998046875,51.0,1.5097450017929077,4.0,2.0,0.6304517358553734,13.191402435302734,39.0,"{""type"":""Point"",""coordinates"":[109.86168725766728,19.191952968529446]}"
453,0.0,32.0,409.0,39.622406005859375,238.0,19.178446590287543,109.39886725484581,1829.2066650390625,37.0,10.72765064239502,4.0,2.0,0.5955839505815482,11.168867111206055,37.0,"{""type"":""Point"",""coordinates"":[109.39764100592974,19.180242690071374]}"
454,0.0,21.0,27.0,4.918237686157227,24.0,19.838708324115387,110.84964643869881,1460.5621337890625,55.0,0.7668282389640808,2.0,4.0,0.6672335374764158,12.684670448303223,47.0,"{""type"":""Point"",""coordinates"":[110.85046110227687,19.83966044578214]}"
455,0.0,23.0,115.0,6.634024620056152,75.0,19.043699297669612,108.94521803636547,1570.812255859375,49.0,0.622816264629364,2.0,2.0,0.629692410821081,14.224897384643555,43.0,"{""type"":""Point"",""coordinates"":[108.94402619772885,19.04298471737088]}"
456,0.0,28.0,54.0,8.93989372253418,54.0,19.564722162458935,109.17878001023655,1565.0616455078125,46.0,1.2544193267822266,3.0,3.0,0.6728827945502486,13.561185836791992,39.0,"{""type"":""Point"",""coordinates"":[109.177667241921,19.563669425235798]}"
457,0.0,26.0,234.0,26.489530563354492,117.0,19.367092799952644,109.62793765229628,1890.1151123046875,47.0,4.45736837387085,4.0,3.0,0.6374356847466806,12.17938232421875,35.0,"{""type"":""Point"",""coordinates"":[109.62701447243217,19.367014936077517]}"
458,0.0,25.0,62.0,8.193584442138672,53.0,19.403025411317422,109.13835582245116,1637.685546875,49.0,0.8819793462753296,3.0,3.0,0.7012907060283967,13.908803939819336,34.0,"{""type"":""Point"",""coordinates"":[109.13792529597882,19.402863495466917]}"
459,0.0,28.0,126.0,18.04351043701172,79.0,19.209887625231723,110.05463741225304,2153.77001953125,46.0,1.6290957927703857,4.0,2.0,0.6747931878348532,13.25639533996582,39.0,"{""type"":""Point"",""coordinates"":[110.05598988699268,19.21020143094503]}"
460,0.0,25.0,50.0,12.481048583984375,49.0,18.953867769257663,110.34209830317133,2047.5325927734375,49.0,0.926567792892456,4.0,2.0,0.6870085261710561,13.866552352905273,44.0,"{""type"":""Point"",""coordinates"":[110.34394292941384,18.952598419508885]}"
461,0.0,23.0,3.0,3.638385534286499,6.0,18.594541655609852,108.7116560624944,1285.798095703125,50.0,0.29700297117233276,2.0,1.0,0.6971493700885906,14.941949844360352,43.0,"{""type"":""Point"",""coordinates"":[108.7126368045097,18.59320542929767]}"
462,0.0,25.0,46.0,6.772054195404053,46.0,19.600654773823713,109.26861153864849,1501.788818359375,49.0,0.8121650815010071,2.0,3.0,0.6925261002022394,14.000703811645508,36.0,"{""type"":""Point"",""coordinates"":[109.27034042824012,19.598438318325073]}"
463,0.0,28.0,50.0,10.05440902709961,41.0,18.63496584339523,109.91090696679396,1941.3968505859375,43.0,0.7118351459503174,4.0,1.0,0.6815263945061791,14.130228996276855,46.0,"{""type"":""Point"",""coordinates"":[109.90951294844565,18.63429617462107]}"
464,0.0,26.0,143.0,12.908699989318848,84.0,19.200904472390526,109.99624691878529,2155.989501953125,42.0,0.7963263988494873,4.0,2.0,0.6759669887499198,13.961861610412598,38.0,"{""type"":""Point"",""coordinates"":[109.99821437304222,19.200735284672575]}"
465,0.0,28.0,42.0,5.498926639556885,42.0,19.784809407068217,110.99337688415795,1286.7421875,42.0,2.208204746246338,7.0,4.0,0.6222603627461673,11.591222763061523,50.0,"{""type"":""Point"",""coordinates"":[110.99287088081435,19.78288899447859]}"
466,0.0,27.0,81.0,25.3240909576416,64.0,19.133530826081568,110.17141839918861,2220.325927734375,43.0,2.443654775619507,4.0,2.0,0.676939069838529,12.877888679504395,43.0,"{""type"":""Point"",""coordinates"":[110.17070277955027,19.13181046575328]}"
467,0.0,28.0,338.0,22.3350772857666,299.0,18.594541655609852,109.19225473949831,1772.9586181640625,52.0,4.747623920440674,4.0,1.0,0.575101690883142,12.045053482055664,46.0,"{""type"":""Point"",""coordinates"":[109.19141506505157,18.594711510777255]}"
468,0.0,28.0,747.0,25.289466857910156,635.0,19.12903924966097,109.20123789233952,1758.2235107421875,49.0,7.85064172744751,5.0,2.0,0.5769231916998033,11.196674346923828,38.0,"{""type"":""Point"",""coordinates"":[109.20084531773443,19.129959968665613]}"
469,0.0,30.0,314.0,60.39739990234375,211.0,18.93590146357527,110.0052300716265,2218.06787109375,44.0,11.79995346069336,4.0,2.0,0.5870764944405661,11.139445304870605,44.0,"{""type"":""Point"",""coordinates"":[110.00454097856237,18.935662031558547]}"
470,0.0,30.0,281.0,23.79254913330078,165.0,19.29522757722308,109.67734499292288,1937.529052734375,48.0,3.922006845474243,5.0,3.0,0.6267898529824817,12.276342391967773,38.0,"{""type"":""Point"",""coordinates"":[109.67630013948644,19.295439946340682]}"
471,0.0,28.0,85.0,5.923031806945801,86.0,19.87913251190077,110.17141839918861,1540.33203125,40.0,0.5735798478126526,2.0,4.0,0.653275677320796,14.043120384216309,35.0,"{""type"":""Point"",""coordinates"":[110.17306580162676,19.879613419752182]}"
472,0.0,29.0,1217.0,12.642979621887207,1128.0,19.10208979113738,109.16530528097474,1758.5733642578125,47.0,3.7506885528564453,10.0,2.0,0.5556809288348585,11.309709548950195,40.0,"{""type"":""Point"",""coordinates"":[109.16538879329508,19.101873799744084]}"
473,0.0,27.0,17.0,10.180548667907715,17.0,19.313193882905473,110.49481190147162,2144.83251953125,41.0,0.44097426533699036,6.0,3.0,0.7515767639835889,14.60912036895752,40.0,"{""type"":""Point"",""coordinates"":[110.49573872895311,19.313052739838184]}"
474,0.0,29.0,920.0,29.942806243896484,830.0,19.10658136755798,109.17428843381595,1758.5733642578125,47.0,13.102058410644531,9.0,2.0,0.5463393135518131,10.48422908782959,40.0,"{""type"":""Point"",""coordinates"":[109.17422135236174,19.104456921539075]}"
475,0.0,22.0,15.0,8.69194221496582,17.0,18.392420716682963,109.83005859122318,1781.5328369140625,53.0,0.6995774507522583,2.0,1.0,0.7215591801263831,14.167956352233887,41.0,"{""type"":""Point"",""coordinates"":[109.83099742488999,18.39086202954339]}"
476,0.0,28.0,65.0,5.194605350494385,58.0,19.71743576075925,110.62057604124834,1750.1636962890625,45.0,0.13468915224075317,6.0,3.0,0.7027824389547183,15.342162132263184,35.0,"{""type"":""Point"",""coordinates"":[110.62030721384541,19.717507615028175]}"
477,0.0,29.0,666.0,9.902877807617188,575.0,18.666406878339416,109.48420720683714,1765.3765869140625,46.0,1.298069715499878,5.0,1.0,0.557518731298598,13.080018997192383,48.0,"{""type"":""Point"",""coordinates"":[109.48350570260787,18.66773607039547]}"
478,0.0,22.0,159.0,9.016532897949219,86.0,19.501840092570568,109.78514282701718,1811.1649169921875,54.0,0.7481148838996887,4.0,3.0,0.6657889367947921,14.014328002929688,35.0,"{""type"":""Point"",""coordinates"":[109.78404427266688,19.502376744905085]}"
479,0.0,23.0,85.0,5.419369697570801,37.0,19.650062114450293,109.75819336849361,1674.394775390625,55.0,0.250287264585495,3.0,3.0,0.7309798454421897,15.154732704162598,32.0,"{""type"":""Point"",""coordinates"":[109.75846681297625,19.648471511331802]}"
480,0.0,25.0,16.0,7.552635192871094,19.0,18.899968852210492,110.42743825516266,1858.0250244140625,48.0,0.4015127122402191,3.0,2.0,0.7168379616432365,14.703458786010742,43.0,"{""type"":""Point"",""coordinates"":[110.42689245760218,18.90047963634395]}"
481,0.0,27.0,34.0,7.280506134033203,31.0,18.594541655609852,109.98277218952347,1855.76416015625,42.0,0.3441552519798279,3.0,1.0,0.6846782776269094,14.866378784179688,47.0,"{""type"":""Point"",""coordinates"":[109.98173706975649,18.59663286047426]}"
482,0.0,26.0,51.0,16.498462677001953,51.0,18.720305795386587,110.13997736424443,2042.5203857421875,51.0,1.6289606094360352,5.0,1.0,0.6780844122012213,13.3015718460083,45.0,"{""type"":""Point"",""coordinates"":[110.14061338851135,18.722170437569282]}"
483,0.0,26.0,5.0,4.642673969268799,5.0,20.013879804518695,110.3645561852743,1469.840576171875,44.0,0.42731767892837524,2.0,4.0,0.7222860623688125,13.780272483825684,40.0,"{""type"":""Point"",""coordinates"":[110.36296722081522,20.012848451715733]}"
484,0.0,26.0,65.0,5.73828125,58.0,19.726418913600448,110.60710131198658,1750.1636962890625,46.0,0.23739223182201385,5.0,3.0,0.7016672935039331,14.77541446685791,35.0,"{""type"":""Point"",""coordinates"":[110.6076323176289,19.72744393923247]}"
485,0.0,23.0,45.0,2.891657829284668,41.0,18.953867769257663,108.77453813238276,1301.294189453125,55.0,0.060648199170827866,2.0,2.0,0.6573739701252393,16.595970153808594,43.0,"{""type"":""Point"",""coordinates"":[108.77425363685276,18.95605937309025]}"
486,0.0,28.0,29.0,6.012940883636475,30.0,19.91057354684495,110.48582874863041,1627.79248046875,44.0,0.6268228888511658,4.0,4.0,0.7034612936061401,13.363213539123535,40.0,"{""type"":""Point"",""coordinates"":[110.4842232217192,19.912236381347153]}"
487,0.0,26.0,274.0,14.851424217224121,167.0,19.335651765008457,109.41683356052818,1822.4044189453125,53.0,2.120823383331299,4.0,3.0,0.6258090307656446,12.896995544433594,38.0,"{""type"":""Point"",""coordinates"":[109.41879510368874,19.33717134888165]}"
488,0.0,29.0,18.0,8.56953239440918,18.0,19.322177035746662,110.64303392335137,1853.3997802734375,48.0,0.7293645739555359,5.0,3.0,0.7402083281989056,13.854752540588379,38.0,"{""type"":""Point"",""coordinates"":[110.64263711194391,19.320938329033645]}"
489,0.0,27.0,455.0,49.36801528930664,299.0,19.030224568407817,109.79412597985839,1901.2086181640625,48.0,14.579164505004883,4.0,2.0,0.5632911834335881,10.817112922668457,42.0,"{""type"":""Point"",""coordinates"":[109.7950446449059,19.0318597804411]}"
490,0.0,34.0,30.0,4.947671413421631,31.0,19.933031428947942,109.60098819377271,1142.140625,40.0,1.2388473749160767,5.0,4.0,0.698442911559969,13.587716102600098,34.0,"{""type"":""Point"",""coordinates"":[109.60196676942113,19.932566419983747]}"
491,0.0,32.0,11.0,7.093287467956543,12.0,19.474890634046986,110.72388229892209,1772.327880859375,43.0,0.5852965712547302,9.0,3.0,0.7503938362783577,13.921682357788086,37.0,"{""type"":""Point"",""coordinates"":[110.72175356692706,19.476008475337775]}"
493,0.0,31.0,776.0,22.285430908203125,589.0,18.841578358742723,109.53810612388435,1722.84228515625,48.0,7.290558338165283,5.0,2.0,0.5394439764804358,11.242277145385742,46.0,"{""type"":""Point"",""coordinates"":[109.53842947293242,18.84234421319506]}"
494,0.0,25.0,255.0,14.772847175598145,214.0,18.62598269055404,109.33149360853685,1742.01025390625,54.0,2.357290744781494,4.0,1.0,0.5903417515258524,12.803953170776367,45.0,"{""type"":""Point"",""coordinates"":[109.33312252333252,18.624229132886413]}"
496,0.0,26.0,60.0,5.137240409851074,45.0,19.753368372124037,109.86599120258796,1617.554443359375,51.0,0.2694264352321625,2.0,4.0,0.7105113153461076,15.095931053161621,34.0,"{""type"":""Point"",""coordinates"":[109.86398914393435,19.75188972396526]}"
497,0.0,28.0,461.0,39.11658477783203,346.0,19.209887625231723,109.2775946914897,1766.2742919921875,50.0,12.912683486938477,5.0,2.0,0.583947360061113,10.938640594482422,37.0,"{""type"":""Point"",""coordinates"":[109.27603324626381,19.210000945543435]}"
498,0.0,30.0,318.0,43.24347686767578,296.0,18.82361205306033,110.13997736424443,2073.30810546875,46.0,8.48511791229248,4.0,2.0,0.567668320292103,11.473373413085938,49.0,"{""type"":""Point"",""coordinates"":[110.13875881914721,18.82271404379199]}"
499,0.0,27.0,347.0,22.80908203125,344.0,18.500218550777305,109.17428843381595,1724.076171875,52.0,5.225357532501221,4.0,1.0,0.5746882232447321,11.942303657531738,45.0,"{""type"":""Point"",""coordinates"":[109.17463205170831,18.500531491357215]}"
500,0.0,31.0,164.0,42.09475326538086,164.0,18.608016384871647,110.06362056509425,2075.025390625,43.0,7.275705337524414,5.0,1.0,0.5945960531631271,11.731106758117676,46.0,"{""type"":""Point"",""coordinates"":[110.06374807720191,18.6065348417556]}"
501,0.0,38.0,876.0,19.198070526123047,725.0,18.91344358147228,109.25513680938667,1541.253173828125,37.0,8.96583080291748,5.0,2.0,0.5186115340210038,10.924548149108887,46.0,"{""type"":""Point"",""coordinates"":[109.25705404795539,18.91536463902806]}"
502,0.0,31.0,18.0,9.44058895111084,21.0,19.003275109884235,110.47235401936865,1919.6075439453125,41.0,0.6759829521179199,4.0,2.0,0.7312704991300555,14.18132495880127,40.0,"{""type"":""Point"",""coordinates"":[110.47212884097785,19.003482799605237]}"
503,0.0,25.0,103.0,10.846063613891602,65.0,19.533281127514755,109.88844908469093,1819.9947509765625,51.0,1.101383090019226,6.0,3.0,0.6844378795999047,13.662046432495117,37.0,"{""type"":""Point"",""coordinates"":[109.8890090643901,19.53361735852059]}"
504,0.0,28.0,44.0,5.996505260467529,45.0,19.91057354684495,110.13997736424443,1530.3651123046875,39.0,0.5971724987030029,2.0,4.0,0.7006722706827055,14.034905433654785,35.0,"{""type"":""Point"",""coordinates"":[110.14001086572036,19.911160835115073]}"
505,0.0,22.0,33.0,5.026561260223389,32.0,19.205396048811124,108.77453813238276,1335.4813232421875,52.0,0.6338499188423157,2.0,2.0,0.6727797369186896,14.25621223449707,42.0,"{""type"":""Point"",""coordinates"":[108.77435067694942,19.20486946723087]}"
506,0.0,29.0,339.0,34.2366828918457,211.0,19.164971861025748,109.2775946914897,1777.8148193359375,42.0,8.637763977050781,4.0,2.0,0.6030896442994563,11.440522193908691,37.0,"{""type"":""Point"",""coordinates"":[109.27869337900691,19.166640653751145]}"
507,0.0,24.0,32.0,8.021872520446777,24.0,19.66802842013268,110.35557303243309,1807.9161376953125,50.0,0.6118084192276001,2.0,3.0,0.7547262368742428,14.019892692565918,32.0,"{""type"":""Point"",""coordinates"":[110.35740065711292,19.669861458481574]}"
508,0.0,23.0,16.0,5.285051345825195,16.0,19.420991716999815,108.8239454730093,1331.771484375,51.0,0.7278684973716736,2.0,3.0,0.6910883095026823,14.127732276916504,42.0,"{""type"":""Point"",""coordinates"":[108.82217728447084,19.42205458144747]}"
509,0.0,28.0,265.0,35.694297790527344,211.0,19.052682450510808,109.0709821761422,1727.330078125,48.0,9.989472389221191,5.0,2.0,0.5927315838559521,11.34359073638916,39.0,"{""type"":""Point"",""coordinates"":[109.06888583162171,19.053641490569202]}"
510,0.0,25.0,42.0,5.066752910614014,42.0,19.627604232347302,109.35395149063982,1618.1951904296875,51.0,0.23738259077072144,2.0,3.0,0.7017567628450264,15.233137130737305,37.0,"{""type"":""Point"",""coordinates"":[109.35171385050968,19.6295968009963]}"
511,0.0,23.0,103.0,7.9836530685424805,51.0,19.65455369087089,109.73573548639064,1665.161376953125,53.0,0.7938355803489685,3.0,3.0,0.7162757264696571,13.989551544189453,31.0,"{""type"":""Point"",""coordinates"":[109.73526948968843,19.65262262027811]}"
512,0.0,26.0,230.0,82.44361114501953,127.0,18.926918310734074,110.03217953015007,2218.06787109375,46.0,17.538232803344727,3.0,2.0,0.5680087463153328,10.782275199890137,45.0,"{""type"":""Point"",""coordinates"":[110.03140146228688,18.928735443608453]}"
513,0.0,27.0,20.0,4.213871002197266,14.0,19.807267289171207,110.78227279238985,1550.6544189453125,48.0,0.182559996843338,5.0,4.0,0.7059371672691811,14.548259735107422,43.0,"{""type"":""Point"",""coordinates"":[110.78345385726054,19.80569112808894]}"
514,0.0,28.0,48.0,6.214015960693359,49.0,19.964472463892122,110.26124992760055,1565.65576171875,42.0,0.8438231348991394,2.0,4.0,0.6886131076319174,13.038223266601562,37.0,"{""type"":""Point"",""coordinates"":[110.25949524945949,19.96638667616858]}"
515,0.0,23.0,23.0,5.326030254364014,24.0,19.739893642862242,110.88108747364299,1475.865966796875,54.0,0.8950762748718262,5.0,3.0,0.6880178519276443,12.707683563232422,43.0,"{""type"":""Point"",""coordinates"":[110.88214773130677,19.738568165101448]}"
516,0.0,27.0,271.0,17.15375518798828,179.0,19.164971861025748,109.90641539037335,2036.1439208984375,47.0,1.8435648679733276,4.0,2.0,0.6260276394702764,13.039238929748535,41.0,"{""type"":""Point"",""coordinates"":[109.90776001635959,19.16544674628382]}"
517,0.0,30.0,55.0,7.07309103012085,54.0,19.587180044561926,110.65650865261313,1814.3538818359375,45.0,0.5038583874702454,4.0,3.0,0.7223294058071102,14.032011985778809,32.0,"{""type"":""Point"",""coordinates"":[110.65867573480004,19.586538568013975]}"
518,0.0,22.0,48.0,8.10354232788086,37.0,19.582688468141328,110.3735393381155,1850.5380859375,56.0,0.5864993333816528,4.0,3.0,0.7212287224076164,14.05908489227295,37.0,"{""type"":""Point"",""coordinates"":[110.3732895876566,19.580728571858177]}"
519,0.0,23.0,54.0,6.511642932891846,57.0,18.57208377350686,108.8194538965887,1372.024169921875,55.0,1.0712937116622925,2.0,1.0,0.6356623746190566,13.719035148620605,44.0,"{""type"":""Point"",""coordinates"":[108.81921453926977,18.571696842779406]}"
520,0.0,27.0,149.0,14.279929161071777,100.0,18.8820025465281,110.09057002361783,2042.27783203125,47.0,1.2701233625411987,4.0,2.0,0.6182138997747192,13.491166114807129,45.0,"{""type"":""Point"",""coordinates"":[110.09212946101955,18.882702242072604]}"
521,0.0,27.0,400.0,10.609057426452637,400.0,18.63496584339523,110.12201105856201,2010.4400634765625,48.0,0.8029860258102417,4.0,1.0,0.6116128371701771,13.779504776000977,43.0,"{""type"":""Point"",""coordinates"":[110.1214778793925,18.633361547289528]}"
522,0.0,26.0,35.0,9.602545738220215,34.0,18.60352480845105,110.01421322446765,1921.3636474609375,43.0,0.6338290572166443,4.0,1.0,0.6892864979038227,14.255081176757812,46.0,"{""type"":""Point"",""coordinates"":[110.01463747286387,18.6035245561938]}"
523,0.0,22.0,14.0,2.942538022994995,14.0,18.890985699369296,108.67572345112961,1249.0335693359375,53.0,0.12125063687562943,2.0,2.0,0.6725673098969444,15.921195983886719,46.0,"{""type"":""Point"",""coordinates"":[108.67775353538705,18.890801250273718]}"
524,0.0,30.0,106.0,12.286288261413574,63.0,19.38505910563503,110.19836785771219,2102.438232421875,43.0,0.8620972037315369,3.0,3.0,0.7019582504853026,13.905227661132812,37.0,"{""type"":""Point"",""coordinates"":[110.196772596724,19.383971714006957]}"
525,0.0,27.0,494.0,42.2667350769043,276.0,19.003275109884235,109.71776918070822,1865.50439453125,48.0,12.263690948486328,4.0,2.0,0.5615306463785138,10.966011047363281,43.0,"{""type"":""Point"",""coordinates"":[109.71793470336756,19.005375450036347]}"
526,0.0,25.0,21.0,5.105447769165039,22.0,19.901590394003755,110.6834581111367,1548.3197021484375,50.0,0.49401459097862244,5.0,4.0,0.6780975027668171,13.55124282836914,47.0,"{""type"":""Point"",""coordinates"":[110.68258137828144,19.899431029702306]}"
527,0.0,24.0,31.0,4.723847389221191,31.0,19.870149359059575,109.70878602786706,1324.2884521484375,46.0,0.5489019751548767,2.0,4.0,0.713600405736735,14.401277542114258,33.0,"{""type"":""Point"",""coordinates"":[109.71059351538477,19.869288947962218]}"
528,0.0,23.0,20.0,7.281330108642578,20.0,18.527168009300887,109.98726376594408,1794.5362548828125,53.0,0.4406212568283081,2.0,1.0,0.7018949786292179,14.62739372253418,45.0,"{""type"":""Point"",""coordinates"":[109.98575586836289,18.526104200370483]}"
529,0.0,25.0,62.0,15.123409271240234,41.0,19.560230586038337,110.166926822768,1899.6651611328125,49.0,1.6778039932250977,4.0,3.0,0.7191425176483205,13.265523910522461,36.0,"{""type"":""Point"",""coordinates"":[110.16885561363853,19.56227188294791]}"
530,0.0,22.0,38.0,4.584000587463379,37.0,18.80115417095734,108.75208025027973,1305.185546875,50.0,0.5416406393051147,2.0,1.0,0.6475936725366406,14.41051959991455,46.0,"{""type"":""Point"",""coordinates"":[108.75377406520039,18.801051012116673]}"
531,0.0,27.0,688.0,8.815360069274902,679.0,18.67988160760121,108.85538650795348,1418.91015625,49.0,2.1944308280944824,7.0,1.0,0.5431726908064269,12.534191131591797,46.0,"{""type"":""Point"",""coordinates"":[108.85661301038006,18.67845907356943]}"
532,0.0,27.0,19.0,10.13287353515625,18.0,19.18742974312874,110.39599722021848,2367.4697265625,44.0,0.23734042048454285,4.0,2.0,0.772006033368743,15.246675491333008,38.0,"{""type"":""Point"",""coordinates"":[110.3972715085092,19.186958657213324]}"
533,0.0,26.0,138.0,29.009504318237305,106.0,19.18742974312874,110.10853632930025,2152.915771484375,49.0,3.489514112472534,4.0,2.0,0.6391914123217669,12.486283302307129,40.0,"{""type"":""Point"",""coordinates"":[110.10691492422805,19.187881124822926]}"
534,0.0,24.0,153.0,22.15378189086914,96.0,19.254803389437704,109.15632212813352,1905.7882080078125,53.0,3.238400936126709,4.0,2.0,0.6340431191930842,12.551800727844238,39.0,"{""type"":""Point"",""coordinates"":[109.15794493402714,19.255014862853354]}"
535,0.0,31.0,23.0,4.457808971405029,21.0,19.762351524965233,110.70591599323973,1634.4227294921875,47.0,0.19163405895233154,6.0,4.0,0.71714254731908,14.519168853759766,40.0,"{""type"":""Point"",""coordinates"":[110.70765237646914,19.76227341557867]}"
536,0.0,31.0,1015.0,33.02618408203125,886.0,18.926918310734074,109.1877631630777,1652.968017578125,42.0,21.748275756835938,10.0,2.0,0.4904409079110854,9.824155807495117,45.0,"{""type"":""Point"",""coordinates"":[109.18946856672845,18.92885644141752]}"
537,0.0,29.0,263.0,55.8270263671875,234.0,18.79666259453675,110.06811214151486,2065.406005859375,47.0,12.481886863708496,5.0,1.0,0.5719847618399444,11.1163969039917,46.0,"{""type"":""Point"",""coordinates"":[110.06728687185485,18.798868125262373]}"
538,0.0,30.0,461.0,47.76776885986328,461.0,18.365471258159374,109.3943756784252,1782.7510986328125,43.0,16.873096466064453,4.0,1.0,0.5547446500396964,10.658756256103516,41.0,"{""type"":""Point"",""coordinates"":[109.39215518229041,18.36729146761569]}"
539,0.0,24.0,122.0,10.533001899719238,99.0,19.38056752921443,109.20572946876013,1731.5784912109375,55.0,1.2743706703186035,4.0,3.0,0.6515237597601237,13.50452995300293,34.0,"{""type"":""Point"",""coordinates"":[109.2052386280949,19.381157366641265]}"
540,0.0,30.0,447.0,30.165590286254883,419.0,18.54513431498328,109.31801887927503,1752.544921875,44.0,8.178117752075195,5.0,1.0,0.5576434646850289,11.416484832763672,46.0,"{""type"":""Point"",""coordinates"":[109.3197333028969,18.545917765993213]}"
541,0.0,28.0,84.0,8.238778114318848,84.0,19.807267289171207,109.90641539037335,1559.6090087890625,44.0,1.0752592086791992,5.0,4.0,0.6572184593895012,13.697513580322266,35.0,"{""type"":""Point"",""coordinates"":[109.90462789555087,19.807026823362797]}"
542,0.0,24.0,35.0,8.151910781860352,38.0,18.940393039995868,110.3735393381155,1992.500732421875,51.0,0.3486384153366089,4.0,2.0,0.6991486609994627,14.852853775024414,44.0,"{""type"":""Point"",""coordinates"":[110.37148553151785,18.942084197979646]}"
543,0.0,28.0,58.0,5.8370361328125,40.0,19.591671620982524,110.53972766567762,1882.1240234375,48.0,0.13460275530815125,6.0,3.0,0.7356621378371123,15.513973236083984,34.0,"{""type"":""Point"",""coordinates"":[110.54003870038204,19.590327211568443]}"
544,0.0,24.0,84.0,5.828716278076172,36.0,19.677011572973875,109.69980287502585,1670.3060302734375,53.0,0.34007248282432556,3.0,3.0,0.7315876367301193,14.848777770996094,32.0,"{""type"":""Point"",""coordinates"":[109.69780231672303,19.676552102828566]}"
545,0.0,22.0,91.0,13.273837089538574,66.0,19.52429797467356,110.13548578782382,1965.41162109375,55.0,1.217003345489502,5.0,3.0,0.7003670204268286,13.569445610046387,35.0,"{""type"":""Point"",""coordinates"":[110.13640803095659,19.523190973732788]}"
546,0.0,24.0,757.0,32.60470962524414,685.0,18.783187865274954,108.96318434204784,1593.7734375,51.0,15.953258514404297,8.0,1.0,0.5245225974743186,10.457571029663086,43.0,"{""type"":""Point"",""coordinates"":[108.96157282083861,18.782181430466526]}"
547,0.0,24.0,283.0,29.08005714416504,168.0,19.277261271540688,109.3943756784252,1821.4259033203125,54.0,6.115732669830322,3.0,2.0,0.6069820018281238,11.828476905822754,39.0,"{""type"":""Point"",""coordinates"":[109.3930181578612,19.279263794534355]}"
548,0.0,31.0,533.0,30.6283016204834,314.0,19.066157179772603,109.34945991421921,1627.8504638671875,39.0,10.880876541137695,4.0,2.0,0.5637872524208749,11.057467460632324,40.0,"{""type"":""Point"",""coordinates"":[109.35032334620334,19.06515127290821]}"
549,0.0,39.0,42.0,7.887517929077148,42.0,19.874640935480173,109.94234800173814,1538.0738525390625,33.0,1.2921353578567505,5.0,4.0,0.7046909488821025,13.264466285705566,35.0,"{""type"":""Point"",""coordinates"":[109.94084559318756,19.874979572673247]}"
550,0.0,26.0,721.0,10.071146011352539,552.0,18.864036240845707,109.69081972218464,1841.7474365234375,45.0,1.083367109298706,5.0,2.0,0.5682195462756897,13.208903312683105,46.0,"{""type"":""Point"",""coordinates"":[109.6918346011226,18.86400853243638]}"
551,0.0,28.0,233.0,23.233535766601562,55.0,19.18742974312874,109.54259770030495,1856.2041015625,40.0,3.7153308391571045,4.0,2.0,0.6746265507806035,12.362749099731445,38.0,"{""type"":""Point"",""coordinates"":[109.54092181489692,19.186401480361422]}"
552,0.0,29.0,165.0,30.455896377563477,138.0,19.304210730064277,109.15632212813352,1811.0743408203125,43.0,6.154346466064453,6.0,3.0,0.6110036611014232,11.899397850036621,40.0,"{""type"":""Point"",""coordinates"":[109.15488449387315,19.30265620107592]}"
553,0.0,25.0,142.0,7.96122932434082,135.0,19.344634917849653,109.0305579883568,1631.560791015625,54.0,0.9256964921951294,3.0,3.0,0.6170291671002968,13.811923027038574,40.0,"{""type"":""Point"",""coordinates"":[109.03058636300528,19.34546977792779]}"
554,0.0,39.0,63.0,3.488417148590088,64.0,19.843199900535986,109.5964966173521,1294.5404052734375,37.0,0.3501060903072357,5.0,4.0,0.6761097414201083,14.832210540771484,33.0,"{""type"":""Point"",""coordinates"":[109.59768176901882,19.84139328014061]}"
555,0.0,28.0,60.0,10.08065414428711,60.0,18.513693280039092,109.88844908469093,1854.4718017578125,45.0,0.8773276805877686,5.0,1.0,0.6592029832454896,13.915275573730469,45.0,"{""type"":""Point"",""coordinates"":[109.8886892700407,18.51231538741588]}"
556,0.0,29.0,35.0,5.644964694976807,35.0,19.79828413633001,110.55769397135998,1627.6031494140625,39.0,0.38151225447654724,5.0,4.0,0.712285233460811,14.328325271606445,37.0,"{""type"":""Point"",""coordinates"":[110.55570723026027,19.797593846767136]}"
557,0.0,22.0,172.0,25.774707794189453,172.0,18.37445441100057,109.42581671336939,1794.7120361328125,56.0,4.86009407043457,3.0,1.0,0.607130822539407,12.132532119750977,41.0,"{""type"":""Point"",""coordinates"":[109.42790463951808,18.373264829107228]}"
558,0.0,25.0,145.0,11.001372337341309,70.0,19.55573900961774,109.70878602786706,1795.5010986328125,53.0,1.2304011583328247,3.0,3.0,0.6855358113098358,13.525442123413086,34.0,"{""type"":""Point"",""coordinates"":[109.7082724474847,19.554694021151544]}"
559,0.0,28.0,83.0,12.148968696594238,76.0,19.6365873851885,110.59811815914537,1821.322509765625,49.0,1.7926840782165527,5.0,3.0,0.6974616588405067,12.736562728881836,31.0,"{""type"":""Point"",""coordinates"":[110.59590275069388,19.63584960589368]}"
560,0.0,30.0,919.0,35.033451080322266,811.0,18.82361205306033,109.69980287502585,1782.0906982421875,45.0,16.6400146484375,5.0,2.0,0.5083561559083747,10.235353469848633,46.0,"{""type"":""Point"",""coordinates"":[109.69841284667758,18.82307621390786]}"
561,0.0,26.0,21.0,4.1250200271606445,18.0,19.838708324115387,110.78676436881045,1550.6544189453125,52.0,0.18293605744838715,4.0,4.0,0.7051535143092634,14.44468879699707,42.0,"{""type"":""Point"",""coordinates"":[110.78834875985763,19.838673786051693]}"
562,0.0,28.0,307.0,32.0871467590332,307.0,18.450811210150732,109.19674631591892,1742.4798583984375,45.0,8.138998031616211,5.0,1.0,0.5742226045321099,11.5232515335083,44.0,"{""type"":""Point"",""coordinates"":[109.19721878539087,18.45267717976866]}"
563,0.0,26.0,635.0,29.66518211364746,592.0,18.76522155959256,109.67734499292288,1805.6729736328125,48.0,8.147250175476074,4.0,1.0,0.5487647137191596,11.264761924743652,46.0,"{""type"":""Point"",""coordinates"":[109.6757591149418,18.766138432098142]}"
564,0.0,26.0,236.0,34.8879508972168,155.0,18.85056151158392,110.0007384952059,2044.4189453125,48.0,5.6006083488464355,4.0,2.0,0.5932591377190195,11.948575019836426,46.0,"{""type"":""Point"",""coordinates"":[109.99925740118583,18.848554996756086]}"
565,0.0,25.0,323.0,32.116249084472656,269.0,18.949376192837065,109.04852429403917,1564.971435546875,47.0,10.887300491333008,7.0,2.0,0.5703000585297091,11.21580696105957,41.0,"{""type"":""Point"",""coordinates"":[109.05006239619655,18.951347955561083]}"
566,0.0,32.0,28.0,10.586615562438965,25.0,19.32666861216726,110.49032032505102,2144.83251953125,34.0,0.5158177018165588,5.0,3.0,0.7365486419404219,14.44586181640625,41.0,"{""type"":""Point"",""coordinates"":[110.4905081776872,19.324852844718396]}"
567,0.0,23.0,172.0,13.278078079223633,69.0,19.290736000802482,109.71776918070822,1928.86181640625,56.0,1.3770469427108765,3.0,3.0,0.6745665923465708,13.395858764648438,38.0,"{""type"":""Point"",""coordinates"":[109.71861020253277,19.29043735873941]}"
568,0.0,28.0,241.0,15.459561347961426,188.0,19.10208979113738,109.99175534236468,2136.840087890625,47.0,1.3338992595672607,4.0,2.0,0.622396890414787,13.383051872253418,44.0,"{""type"":""Point"",""coordinates"":[109.9918631416944,19.101883515292176]}"
569,0.0,27.0,40.0,11.51954460144043,32.0,19.043699297669612,110.3241319974889,2036.39697265625,45.0,0.7966423034667969,4.0,2.0,0.7196951182876555,14.023514747619629,41.0,"{""type"":""Point"",""coordinates"":[110.32260333563052,19.04556990569145]}"
570,0.0,29.0,182.0,14.914481163024902,163.0,18.5092017036185,109.5964966173521,1933.6064453125,44.0,1.6577261686325073,4.0,1.0,0.6039262478436545,13.203916549682617,46.0,"{""type"":""Point"",""coordinates"":[109.59769852608822,18.507073729723135]}"
571,0.0,28.0,304.0,23.064414978027344,239.0,19.01225826272543,109.97378903668232,1967.97802734375,49.0,3.5013365745544434,4.0,2.0,0.6054872029661391,12.374360084533691,43.0,"{""type"":""Point"",""coordinates"":[109.97301044370329,19.010074300432745]}"
572,0.0,25.0,39.0,9.074193000793457,42.0,18.90446042863109,110.35108145601248,1992.500732421875,49.0,0.4884103238582611,4.0,2.0,0.6850183466415589,14.513388633728027,46.0,"{""type"":""Point"",""coordinates"":[110.35286873728724,18.90552452960968]}"
573,0.0,28.0,15.0,5.307369232177734,17.0,19.645570538029695,110.76430648670748,1619.260986328125,48.0,0.36507511138916016,5.0,3.0,0.7331204636545839,14.365145683288574,37.0,"{""type"":""Point"",""coordinates"":[110.76382206933403,19.64352089487969]}"
574,0.0,36.0,584.0,61.2301025390625,479.0,18.940393039995868,109.98277218952347,2163.119140625,37.0,16.90691566467285,4.0,2.0,0.5453342069474835,10.556509017944336,46.0,"{""type"":""Point"",""coordinates"":[109.9811791059455,18.94229167715151]}"
575,0.0,26.0,216.0,38.6369743347168,130.0,19.483873786888182,109.73573548639064,1928.3099365234375,53.0,8.17212963104248,4.0,3.0,0.6245883761660961,11.580205917358398,36.0,"{""type"":""Point"",""coordinates"":[109.73456527259597,19.4824168639843]}"
576,0.0,39.0,116.0,12.280961036682129,105.0,19.600654773823713,110.24328362191818,1821.1513671875,33.0,1.5126636028289795,4.0,3.0,0.6464465017620876,13.316339492797852,36.0,"{""type"":""Point"",""coordinates"":[110.2418228590038,19.598550821404956]}"
578,0.0,33.0,45.0,13.827922821044922,44.0,19.169463437446346,110.40947194948029,2211.063232421875,39.0,0.9180238246917725,4.0,2.0,0.7293556653104067,13.878750801086426,38.0,"{""type"":""Point"",""coordinates"":[110.40806940441112,19.171303477638702]}"
579,0.0,29.0,501.0,27.441802978515625,458.0,18.71132264254539,109.60997134661392,1907.8875732421875,48.0,5.774980068206787,4.0,1.0,0.5563640679759634,11.725581169128418,49.0,"{""type"":""Point"",""coordinates"":[109.61015164289714,18.71200610068641]}"
580,0.0,23.0,32.0,8.073348999023438,32.0,18.90446042863109,108.71614763891495,1293.1363525390625,53.0,1.8182979822158813,3.0,2.0,0.6540333561655579,13.202654838562012,45.0,"{""type"":""Point"",""coordinates"":[108.71724223247638,18.90239722570763]}"
581,0.0,30.0,364.0,36.58118438720703,240.0,18.99429195704304,109.17878001023655,1663.866943359375,39.0,11.825631141662598,6.0,2.0,0.5742684837822287,11.101819038391113,40.0,"{""type"":""Point"",""coordinates"":[109.18042425679727,18.994717783400638]}"
582,0.0,22.0,94.0,15.867338180541992,67.0,19.60963792666491,109.91539854321451,1751.3046875,52.0,2.2547414302825928,7.0,3.0,0.6886415229484788,12.950627326965332,34.0,"{""type"":""Point"",""coordinates"":[109.91553807960477,19.610193972930436]}"
583,0.0,28.0,226.0,59.82483673095703,223.0,18.819120476639732,110.28370780970351,2094.75830078125,48.0,12.964654922485352,2.0,1.0,0.5762223841248569,11.101716995239258,45.0,"{""type"":""Point"",""coordinates"":[110.28466980587986,18.8170888068323]}"
584,0.0,26.0,19.0,4.435013294219971,21.0,19.66802842013268,110.85862959154002,1413.048583984375,51.0,0.5735798478126526,3.0,3.0,0.7005641558924809,13.404918670654297,40.0,"{""type"":""Point"",""coordinates"":[110.85816043417132,19.666980164790104]}"
585,0.0,30.0,46.0,3.056422710418701,47.0,19.8252335948536,109.63242922871689,1319.8355712890625,41.0,0.08371345698833466,5.0,4.0,0.6939187629137383,16.273073196411133,34.0,"{""type"":""Point"",""coordinates"":[109.63159566701994,19.827293259408467]}"
586,0.0,29.0,13.0,4.996981620788574,13.0,19.977947193153916,110.34658987959187,1591.1605224609375,42.0,0.3495248854160309,2.0,4.0,0.7249500237717792,13.97005844116211,39.0,"{""type"":""Point"",""coordinates"":[110.34435474082383,19.977639942072592]}"
587,0.0,32.0,874.0,8.824386596679688,718.0,18.953867769257663,109.26861153864849,1534.5120849609375,39.0,1.89212965965271,6.0,2.0,0.5477196999871076,12.490391731262207,44.0,"{""type"":""Point"",""coordinates"":[109.26656715580972,18.95596051359261]}"
588,0.0,31.0,63.0,7.209406852722168,60.0,19.60514635024431,110.61608446482774,1770.7396240234375,41.0,0.5863634347915649,5.0,3.0,0.7174278531222131,13.873005867004395,31.0,"{""type"":""Point"",""coordinates"":[110.615236161235,19.603681941614454]}"
589,0.0,32.0,44.0,5.654592514038086,45.0,18.549625891403878,108.88682754289766,1450.675048828125,42.0,0.6757490634918213,3.0,1.0,0.6474869507989198,14.18577766418457,46.0,"{""type"":""Point"",""coordinates"":[108.88621058801215,18.55054647483856]}"
590,0.0,24.0,21.0,5.560659408569336,23.0,19.730910490021046,110.8900706264842,1475.865966796875,53.0,1.037413239479065,6.0,3.0,0.6940340159143599,12.563947677612305,42.0,"{""type"":""Point"",""coordinates"":[110.88922233506031,19.730461292772308]}"
591,0.0,26.0,289.0,29.808250427246094,213.0,18.79666259453675,109.96929746026171,2031.5560302734375,51.0,4.706923484802246,4.0,1.0,0.6014178632103439,12.0877685546875,44.0,"{""type"":""Point"",""coordinates"":[109.96925441577329,18.798366495057316]}"
592,0.0,26.0,577.0,36.35820770263672,554.0,18.71132264254539,109.97828061310292,2163.583251953125,49.0,6.408149242401123,4.0,1.0,0.5728004786634969,11.558083534240723,47.0,"{""type"":""Point"",""coordinates"":[109.97655912986573,18.71184660221437]}"
593,0.0,31.0,9.0,4.091888427734375,10.0,19.928539852527344,110.0007384952059,1566.60986328125,40.0,0.0837424173951149,4.0,4.0,0.7471314410430302,16.02600860595703,35.0,"{""type"":""Point"",""coordinates"":[110.00270185143243,19.927417966178478]}"
594,0.0,27.0,599.0,46.31101608276367,594.0,18.482252245094912,109.2371705037043,1821.7725830078125,50.0,17.333972930908203,5.0,1.0,0.535228027426955,10.517087936401367,44.0,"{""type"":""Point"",""coordinates"":[109.23898948752448,18.484461968038897]}"
595,0.0,23.0,108.0,6.786312103271484,72.0,19.57819689172073,109.5964966173521,1710.1636962890625,53.0,0.46958404779434204,4.0,3.0,0.6794413345249194,14.511585235595703,35.0,"{""type"":""Point"",""coordinates"":[109.59506345420866,19.577472358735996]}"
596,0.0,29.0,59.0,4.5485100746154785,52.0,19.8252335948536,110.13099421140322,1559.87744140625,39.0,0.18292054533958435,6.0,4.0,0.7069867859183682,15.20646858215332,33.0,"{""type"":""Point"",""coordinates"":[110.13261830035547,19.82571676994509]}"
597,0.0,24.0,22.0,3.6911370754241943,22.0,19.88811566474196,110.9394779671108,1283.242919921875,50.0,0.6193579435348511,2.0,4.0,0.646122250298675,12.909778594970703,50.0,"{""type"":""Point"",""coordinates"":[110.94110124720736,19.889242502918194]}"
598,0.0,23.0,48.0,13.177751541137695,35.0,19.694977878656267,110.1624352463474,1788.95703125,54.0,1.6377328634262085,2.0,3.0,0.7411115895700038,13.25967788696289,31.0,"{""type"":""Point"",""coordinates"":[110.16050464235977,19.69521965618695]}"
599,0.0,30.0,445.0,36.721527099609375,417.0,19.277261271540688,109.15183055171292,1905.7882080078125,48.0,9.304034233093262,7.0,2.0,0.5911376123362193,11.287009239196777,40.0,"{""type"":""Point"",""coordinates"":[109.14984812139733,19.276435855540583]}"
600,0.0,23.0,35.0,8.559297561645508,35.0,18.360979681738776,109.21471262160128,1670.3621826171875,58.0,0.9698202610015869,3.0,1.0,0.6980096269128335,13.829694747924805,40.0,"{""type"":""Point"",""coordinates"":[109.21627789434308,18.362384046768877]}"
601,0.0,28.0,288.0,9.365564346313477,183.0,18.84606993516332,109.94683957815869,1902.079345703125,46.0,0.7272709608078003,4.0,2.0,0.6034118797182686,13.958142280578613,45.0,"{""type"":""Point"",""coordinates"":[109.94715380844391,18.844555631829486]}"
602,0.0,27.0,364.0,25.41754722595215,219.0,18.73378052464838,109.30454415001327,1796.542724609375,50.0,5.4491705894470215,4.0,1.0,0.5769797967355923,11.887946128845215,45.0,"{""type"":""Point"",""coordinates"":[109.30272513685956,18.733769801193905]}"
603,0.0,27.0,153.0,9.239410400390625,58.0,19.362601223532046,109.35844306706042,1765.5191650390625,43.0,0.8588137626647949,4.0,3.0,0.6985743677380722,13.880074501037598,34.0,"{""type"":""Point"",""coordinates"":[109.3578189073257,19.360450322816092]}"
604,0.0,23.0,38.0,6.499997615814209,20.0,19.694977878656267,110.05014583583244,1816.8760986328125,51.0,0.2597855031490326,3.0,3.0,0.756857082486126,15.145289421081543,33.0,"{""type"":""Point"",""coordinates"":[110.05168663956081,19.697052551664356]}"
605,0.0,27.0,1055.0,31.192712783813477,936.0,18.82361205306033,109.61446292303447,1769.9139404296875,48.0,16.5513916015625,7.0,2.0,0.49731879978074406,10.062756538391113,47.0,"{""type"":""Point"",""coordinates"":[109.6155152544289,18.825851190172845]}"
606,0.0,25.0,49.0,15.232112884521484,27.0,19.699469455076866,109.9558227309999,1729.659912109375,49.0,2.2142510414123535,3.0,3.0,0.7273613738958389,12.995546340942383,35.0,"{""type"":""Point"",""coordinates"":[109.9537494974733,19.70111621822768]}"
607,0.0,33.0,143.0,9.064234733581543,97.0,19.60963792666491,109.81209228554076,1719.813720703125,40.0,0.997630774974823,4.0,3.0,0.6527331605960491,13.736451148986816,34.0,"{""type"":""Point"",""coordinates"":[109.81359592113024,19.607414158974855]}"
608,0.0,31.0,1080.0,16.981380462646484,939.0,18.922426734313476,109.19674631591892,1652.968017578125,41.0,6.707653522491455,7.0,2.0,0.5249091889395969,10.953238487243652,45.0,"{""type"":""Point"",""coordinates"":[109.19822749515778,18.922247696016385]}"
609,0.0,27.0,51.0,4.921197414398193,51.0,19.919556699686147,110.3241319974889,1611.625244140625,47.0,0.2506888508796692,2.0,4.0,0.6819062573960285,14.707891464233398,39.0,"{""type"":""Point"",""coordinates"":[110.32333721908999,19.921706818665122]}"
610,0.0,25.0,194.0,7.8249382972717285,109.0,19.245820236596508,109.88844908469093,2101.876953125,53.0,0.22943836450576782,4.0,2.0,0.6542302210413489,15.17408561706543,38.0,"{""type"":""Point"",""coordinates"":[109.88783521082392,19.245441727774125]}"
611,0.0,22.0,148.0,6.867923736572266,72.0,19.546755856776542,109.73573548639064,1765.158935546875,54.0,0.4060998857021332,4.0,3.0,0.6760611354366869,14.632206916809082,36.0,"{""type"":""Point"",""coordinates"":[109.73681942700112,19.545639534983223]}"
612,0.0,27.0,14.0,3.971806764602661,15.0,20.07676187440706,110.66100022903373,1463.739013671875,47.0,0.29361197352409363,2.0,4.0,0.6929442024088198,13.672123908996582,44.0,"{""type"":""Point"",""coordinates"":[110.65993095442522,20.074696485496997]}"
613,0.0,24.0,96.0,10.840721130371094,64.0,19.18742974312874,110.09506160003843,2101.611083984375,51.0,0.6180532574653625,4.0,2.0,0.6897445915583825,14.24411392211914,40.0,"{""type"":""Point"",""coordinates"":[110.09397207781377,19.187497849423842]}"
614,0.0,22.0,10.0,3.615565299987793,6.0,19.254803389437704,108.83742020227112,1448.96337890625,52.0,0.06075863167643547,2.0,2.0,0.711822033601335,16.61444664001465,42.0,"{""type"":""Point"",""coordinates"":[108.83914745741876,19.255240763588592]}"
615,0.0,29.0,300.0,26.54987335205078,298.0,18.760729983171963,108.79699601448573,1348.03369140625,48.0,13.226994514465332,6.0,1.0,0.5352700219282247,11.03126049041748,45.0,"{""type"":""Point"",""coordinates"":[108.79888333858719,18.761423754988428]}"
616,0.0,29.0,225.0,16.61599349975586,120.0,19.138022402502166,109.88395750827033,1949.5140380859375,40.0,1.900922417640686,4.0,2.0,0.6146086128334668,13.039166450500488,43.0,"{""type"":""Point"",""coordinates"":[109.88348309794445,19.138563795938484]}"
617,0.0,32.0,28.0,12.809947967529297,28.0,19.80277571275061,109.42581671336939,1265.517333984375,39.0,4.0779128074646,5.0,4.0,0.7007583328028485,12.395938873291016,34.0,"{""type"":""Point"",""coordinates"":[109.42392025517334,19.80327466769519]}"
618,0.0,27.0,310.0,47.4722900390625,227.0,19.26827811869949,109.83005859122318,2041.73681640625,51.0,10.271387100219727,4.0,2.0,0.6097519170581337,11.284442901611328,38.0,"{""type"":""Point"",""coordinates"":[109.82913225997282,19.268078379308598]}"
619,0.0,24.0,76.0,16.584989547729492,68.0,19.34912649427025,110.3645561852743,2216.415771484375,50.0,1.217043161392212,5.0,3.0,0.6916066739142431,13.578402519226074,40.0,"{""type"":""Point"",""coordinates"":[110.36253390128702,19.34832925946615]}"
620,0.0,23.0,43.0,10.219817161560059,31.0,19.079631909034397,110.26574150402115,2095.56103515625,49.0,0.49890854954719543,4.0,2.0,0.7075193431553486,14.48978328704834,45.0,"{""type"":""Point"",""coordinates"":[110.26368445834652,19.079636545309608]}"
621,0.0,22.0,19.0,7.414803504943848,19.0,19.703961031497464,109.32700203211624,1468.3585205078125,53.0,1.0277982950210571,2.0,3.0,0.734787240826547,13.780895233154297,33.0,"{""type"":""Point"",""coordinates"":[109.32864034456206,19.705291648751803]}"
622,0.0,29.0,255.0,45.921539306640625,150.0,18.949376192837065,109.93336484889693,2027.0306396484375,44.0,9.212865829467773,5.0,2.0,0.5803826224696276,11.432758331298828,46.0,"{""type"":""Point"",""coordinates"":[109.93130910711743,18.948611637658466]}"
623,0.0,25.0,45.0,12.415149688720703,43.0,19.007766686304834,110.3735393381155,2057.79345703125,47.0,0.8785154223442078,5.0,2.0,0.7177134708709415,13.922748565673828,39.0,"{""type"":""Point"",""coordinates"":[110.37283083537605,19.009868070117168]}"
624,0.0,24.0,26.0,2.8112213611602783,26.0,19.039207721249014,108.68021502755016,1078.0675048828125,54.0,0.4026876986026764,2.0,2.0,0.6561629418567194,14.713951110839844,44.0,"{""type"":""Point"",""coordinates"":[108.68168689512285,19.039624162292572]}"
625,0.0,25.0,29.0,9.180251121520996,31.0,19.0706487561932,110.42743825516266,2092.5068359375,48.0,0.3804243505001068,3.0,2.0,0.7346445058694339,14.769087791442871,39.0,"{""type"":""Point"",""coordinates"":[110.42683599165503,19.072420399616153]}"
626,0.0,30.0,106.0,19.665660858154297,51.0,19.41200856415862,109.93336484889693,2004.23388671875,38.0,2.217135429382324,3.0,3.0,0.6997995145722978,12.960200309753418,38.0,"{""type"":""Point"",""coordinates"":[109.93526235203566,19.414025135343664]}"
627,0.0,31.0,34.0,6.469482898712158,34.0,19.88811566474196,110.46337086652744,1674.458251953125,41.0,0.6327850818634033,6.0,4.0,0.7073985613416272,13.57458782196045,39.0,"{""type"":""Point"",""coordinates"":[110.46137584568567,19.88914503224463]}"
628,0.0,25.0,25.0,8.30971622467041,26.0,19.501840092570568,110.76879806312809,1663.76416015625,48.0,1.0215113162994385,6.0,3.0,0.7281474530307795,13.352291107177734,36.0,"{""type"":""Point"",""coordinates"":[110.77096177473209,19.502804760197055]}"
629,0.0,23.0,173.0,7.339927673339844,44.0,18.702339489704194,109.13386424603056,1684.7916259765625,56.0,0.6685672402381897,3.0,1.0,0.663618836479879,14.117932319641113,44.0,"{""type"":""Point"",""coordinates"":[109.13599231172014,18.700686600666174]}"
630,0.0,24.0,223.0,21.41780662536621,83.0,18.697847913283596,109.26861153864849,1711.1292724609375,55.0,4.3866472244262695,4.0,1.0,0.6072567487881511,12.202659606933594,44.0,"{""type"":""Point"",""coordinates"":[109.26795965066523,18.696092505722937]}"
631,0.0,24.0,24.0,8.83753490447998,27.0,18.949376192837065,110.43642140800387,1966.1087646484375,48.0,0.4633064866065979,3.0,2.0,0.7225778593643211,14.555594444274902,41.0,"{""type"":""Point"",""coordinates"":[110.43624171245128,18.949612872964163]}"
632,0.0,24.0,88.0,8.677401542663574,44.0,19.6320958087679,109.6414123815581,1725.31591796875,54.0,0.863205075263977,3.0,3.0,0.7150338933171624,13.91481876373291,34.0,"{""type"":""Point"",""coordinates"":[109.64181991866755,19.63322663511623]}"
633,0.0,34.0,566.0,28.709213256835938,393.0,19.007766686304834,109.31801887927503,1568.6026611328125,37.0,11.603145599365234,4.0,2.0,0.547847139736562,10.96407413482666,42.0,"{""type"":""Point"",""coordinates"":[109.31932854791964,19.00690572407798]}"
634,0.0,23.0,9.0,2.871530055999756,9.0,19.039207721249014,108.64428241618543,987.46533203125,54.0,0.6299464702606201,2.0,2.0,0.6654895042505421,14.27625560760498,45.0,"{""type"":""Point"",""coordinates"":[108.6425691441996,19.03731725856359]}"
635,0.0,26.0,119.0,15.047426223754883,105.0,19.120056096819773,108.94970961278602,1666.4306640625,47.0,2.4696853160858154,4.0,2.0,0.6159550929791394,12.84427547454834,40.0,"{""type"":""Point"",""coordinates"":[108.95045515069387,19.117825461334355]}"
636,0.0,28.0,32.0,3.0366759300231934,33.0,19.874640935480173,109.65039553439925,1262.478515625,40.0,0.1299256831407547,3.0,4.0,0.7052067583068014,15.841682434082031,34.0,"{""type"":""Point"",""coordinates"":[109.65140260985007,19.873171983499947]}"
637,0.0,25.0,39.0,20.792343139648438,39.0,18.401403869524152,109.14733897529231,1610.043212890625,55.0,4.657138347625732,2.0,1.0,0.6681422968446474,12.256206512451172,42.0,"{""type"":""Point"",""coordinates"":[109.14717860580994,18.402580467474568]}"
638,0.0,22.0,126.0,11.368929862976074,109.0,19.29522757722308,109.03504956477741,1655.970947265625,57.0,1.6409265995025635,4.0,3.0,0.6177410929698964,13.24915599822998,40.0,"{""type"":""Point"",""coordinates"":[109.03487704672189,19.294572163201558]}"
639,0.0,31.0,104.0,10.090900421142578,102.0,19.52429797467356,110.60710131198658,1858.089599609375,43.0,1.1492308378219604,4.0,3.0,0.6508514268913911,13.161441802978516,36.0,"{""type"":""Point"",""coordinates"":[110.60908821112835,19.525213373913882]}"
640,0.0,25.0,15.0,4.57254695892334,14.0,19.77582625422702,110.81820540375463,1528.947021484375,51.0,0.3441552519798279,5.0,4.0,0.6999826953374134,13.921751022338867,44.0,"{""type"":""Point"",""coordinates"":[110.81755588286353,19.77452202523874]}"
641,0.0,23.0,10.0,4.927433967590332,11.0,19.96896404031272,110.6834581111367,1527.6910400390625,52.0,0.5610964298248291,6.0,4.0,0.6947844738164093,13.035665512084961,46.0,"{""type"":""Point"",""coordinates"":[110.68507183078682,19.967803259709246]}"
642,0.0,25.0,19.0,4.669818878173828,16.0,19.789300983488815,110.81371382733403,1528.947021484375,50.0,0.3702249228954315,5.0,4.0,0.7063164629034395,13.842724800109863,42.0,"{""type"":""Point"",""coordinates"":[110.81392387409768,19.789865222097493]}"
643,0.0,25.0,113.0,46.34104919433594,113.0,18.49123539793611,109.87497435542917,1924.36962890625,54.0,10.270607948303223,3.0,1.0,0.5875134252663111,11.412575721740723,44.0,"{""type"":""Point"",""coordinates"":[109.87450117026464,18.491378313004283]}"
644,0.0,22.0,69.0,22.662874221801758,69.0,18.365471258159374,109.36293464348103,1782.7510986328125,56.0,3.865938663482666,3.0,1.0,0.6592300753932007,12.425421714782715,39.0,"{""type"":""Point"",""coordinates"":[109.3638125447629,18.363241211189813]}"
645,0.0,28.0,368.0,26.55430793762207,223.0,18.76971313601316,109.30454415001327,1642.08642578125,50.0,7.8045196533203125,4.0,1.0,0.5566858103245351,11.52263069152832,46.0,"{""type"":""Point"",""coordinates"":[109.30403398730657,18.770793300588977]}"
646,0.0,19.0,51.0,6.093344688415527,49.0,19.084123485454995,108.78801286164452,1320.4761962890625,60.0,1.0407884120941162,3.0,2.0,0.6557968270764793,13.74969482421875,41.0,"{""type"":""Point"",""coordinates"":[108.78987990316297,19.084661624538658]}"
647,0.0,29.0,18.0,12.828509330749512,18.0,18.23521554196204,109.52912297104314,1609.947509765625,43.0,2.073420524597168,4.0,0.0,0.7112856811121693,13.079361915588379,40.0,"{""type"":""Point"",""coordinates"":[109.52696345274175,18.234937603021415]}"
648,0.0,26.0,35.0,10.110466003417969,35.0,19.614129503085508,109.35844306706042,1618.1951904296875,48.0,1.3713445663452148,2.0,3.0,0.7104903528294669,13.483162879943848,36.0,"{""type"":""Point"",""coordinates"":[109.3600678107888,19.61536536486375]}"
649,0.0,27.0,675.0,15.046950340270996,654.0,18.68437318402181,108.88233596647706,1418.91015625,49.0,5.602461338043213,6.0,1.0,0.5334347316877929,11.606346130371094,46.0,"{""type"":""Point"",""coordinates"":[108.88053506457655,18.683082124397398]}"
650,0.0,28.0,47.0,10.120126724243164,48.0,19.52429797467356,110.6789665347161,1856.044677734375,44.0,1.0639945268630981,5.0,3.0,0.7174106474295177,13.291732788085938,35.0,"{""type"":""Point"",""coordinates"":[110.68009233199302,19.525115958096187]}"
651,0.0,28.0,498.0,23.81631088256836,495.0,18.670898454760014,108.83292862585051,1459.837890625,48.0,9.907102584838867,4.0,1.0,0.5372725384629988,11.181617736816406,45.0,"{""type"":""Point"",""coordinates"":[108.83271811174282,18.669503737529386]}"
652,0.0,27.0,765.0,30.4803524017334,532.0,18.926918310734074,109.67285341650228,1920.1669921875,46.0,7.979576110839844,5.0,2.0,0.5621144870282161,11.162101745605469,43.0,"{""type"":""Point"",""coordinates"":[109.67414923909355,18.926108230576418]}"
653,0.0,22.0,130.0,9.856843948364258,75.0,19.470399057626388,109.83005859122318,1912.6650390625,54.0,0.7300291061401367,3.0,3.0,0.6807394577227872,14.056843757629395,36.0,"{""type"":""Point"",""coordinates"":[109.83210500923404,19.4701238981163]}"
654,0.0,29.0,58.0,5.469154357910156,47.0,19.793792559909413,110.12650263498261,1681.2734375,40.0,0.2505006194114685,4.0,4.0,0.7226891658157464,14.892834663391113,32.0,"{""type"":""Point"",""coordinates"":[110.12766643646313,19.792359770994413]}"
655,0.0,40.0,534.0,26.123018264770508,491.0,18.5092017036185,109.54259770030495,1801.074951171875,32.0,6.680537223815918,9.0,1.0,0.5672722561420267,11.552033424377441,45.0,"{""type"":""Point"",""coordinates"":[109.54407626317004,18.509697643688117]}"
656,0.0,28.0,243.0,32.55475997924805,234.0,19.250311813017106,110.28370780970351,2277.238037109375,51.0,4.004146575927734,4.0,2.0,0.6427700669828751,12.281054496765137,39.0,"{""type"":""Point"",""coordinates"":[110.283401169125,19.24944142191887]}"
657,0.0,20.0,102.0,12.427017211914062,86.0,19.290736000802482,109.00810010625383,1655.970947265625,61.0,1.9089604616165161,3.0,3.0,0.6331404467532994,13.11241340637207,40.0,"{""type"":""Point"",""coordinates"":[109.00707237370042,19.28938817194448]}"
658,0.0,26.0,28.0,10.874303817749023,29.0,19.223362354493517,110.5307445128364,2140.2607421875,48.0,0.5767872333526611,3.0,2.0,0.7390149275911843,14.334135055541992,39.0,"{""type"":""Point"",""coordinates"":[110.52962008220403,19.223522665876125]}"
659,0.0,25.0,145.0,21.845827102661133,40.0,18.895477275789894,110.0007384952059,2044.4189453125,51.0,2.5908496379852295,4.0,2.0,0.680317286144684,12.780268669128418,45.0,"{""type"":""Point"",""coordinates"":[110.00246619120294,18.896576270045813]}"
660,0.0,26.0,50.0,9.821462631225586,45.0,18.922426734313476,110.30167411538594,2010.7989501953125,45.0,0.563515841960907,6.0,2.0,0.687709940592574,14.363899230957031,45.0,"{""type"":""Point"",""coordinates"":[110.30327463926541,18.92307999404724]}"
661,0.0,25.0,225.0,13.804848670959473,124.0,19.322177035746662,109.36742621990163,1820.2825927734375,55.0,1.8574784994125366,5.0,3.0,0.634770740201762,13.062301635742188,37.0,"{""type"":""Point"",""coordinates"":[109.36873848465906,19.32019663049771]}"
662,0.0,27.0,548.0,30.67252540588379,343.0,19.034716144828415,109.56954715882853,1854.671630859375,47.0,7.461103439331055,6.0,2.0,0.5823337263197992,11.428838729858398,41.0,"{""type"":""Point"",""coordinates"":[109.56934603243542,19.034182195890466]}"
663,0.0,29.0,349.0,23.615480422973633,171.0,19.15598870818455,109.53361454746374,1856.2041015625,39.0,4.072875022888184,4.0,2.0,0.6253872442887102,12.191144943237305,36.0,"{""type"":""Point"",""coordinates"":[109.53503002843968,19.155494147850145]}"
664,0.0,31.0,23.0,4.862391471862793,24.0,19.838708324115387,109.26411996222788,1215.3944091796875,38.0,0.8910039067268372,3.0,4.0,0.7150154113404341,13.921436309814453,33.0,"{""type"":""Point"",""coordinates"":[109.26556563797509,19.83807232594628]}"
665,0.0,25.0,54.0,11.004483222961426,43.0,18.56759219708627,109.69081972218464,1885.53125,43.0,0.9078224301338196,4.0,1.0,0.6793581641796987,13.884641647338867,45.0,"{""type"":""Point"",""coordinates"":[109.6898986827925,18.56809034353395]}"
666,0.0,27.0,322.0,16.77277183532715,319.0,18.513693280039092,109.03954114119801,1599.0855712890625,51.0,3.8349828720092773,4.0,1.0,0.5644014961315551,12.27058219909668,47.0,"{""type"":""Point"",""coordinates"":[109.04110452251584,18.51576325755096]}"
667,0.0,26.0,126.0,9.382501602172852,67.0,19.232345507334713,110.03217953015007,2173.1982421875,45.0,0.3246898055076599,3.0,2.0,0.6937304706693792,14.8695650100708,39.0,"{""type"":""Point"",""coordinates"":[110.0307747265539,19.231731189044396]}"
668,0.0,23.0,154.0,29.368877410888672,89.0,19.33116018858786,110.20285943413279,2218.1337890625,52.0,3.2093498706817627,4.0,3.0,0.6639525864471059,12.560205459594727,38.0,"{""type"":""Point"",""coordinates"":[110.20376420817573,19.330927982564305]}"
669,0.0,29.0,6.0,5.0133209228515625,8.0,19.60514635024431,110.89456220290481,1405.7777099609375,41.0,0.7982341051101685,5.0,3.0,0.7117160701587169,13.093771934509277,41.0,"{""type"":""Point"",""coordinates"":[110.89294859817132,19.604451371765286]}"
670,0.0,26.0,690.0,13.67797565460205,614.0,18.751746830330767,108.93174330710366,1431.394775390625,49.0,4.568141937255859,6.0,1.0,0.5361375511268386,11.797492980957031,46.0,"{""type"":""Point"",""coordinates"":[108.93342227243046,18.750520043907496]}"
671,0.0,25.0,87.0,9.228943824768066,81.0,19.51980639825296,109.2371705037043,1632.4688720703125,50.0,1.148074746131897,3.0,3.0,0.6585383738036985,13.630171775817871,36.0,"{""type"":""Point"",""coordinates"":[109.23772391709171,19.5210936083596]}"
672,0.0,25.0,107.0,12.114300727844238,73.0,19.200904472390526,110.09057002361783,2153.77001953125,51.0,0.7488600015640259,4.0,2.0,0.6816792734770518,14.045454025268555,40.0,"{""type"":""Point"",""coordinates"":[110.0909228647455,19.203008471864603]}"
673,0.0,27.0,599.0,46.31101608276367,594.0,18.482252245094912,109.2371705037043,1821.7725830078125,50.0,17.333972930908203,5.0,1.0,0.535228027426955,10.517087936401367,44.0,"{""type"":""Point"",""coordinates"":[109.2391710756128,18.480587555714763]}"
675,0.0,23.0,16.0,5.454394340515137,19.0,18.51818485645969,108.82843704942991,1385.7965087890625,49.0,0.648430347442627,2.0,1.0,0.6912483603117424,14.243309020996094,42.0,"{""type"":""Point"",""coordinates"":[108.8270703911379,18.519083537841627]}"
676,0.0,32.0,70.0,3.704845905303955,69.0,19.793792559909413,109.67285341650228,1445.9139404296875,40.0,0.1299111247062683,3.0,4.0,0.6695913597479719,15.819454193115234,35.0,"{""type"":""Point"",""coordinates"":[109.67471035227891,19.794285336004865]}"
677,0.0,29.0,28.0,9.349671363830566,29.0,19.35361807069085,110.64752549977192,1864.0084228515625,49.0,0.8936489224433899,5.0,3.0,0.7274446671381203,13.63942813873291,38.0,"{""type"":""Point"",""coordinates"":[110.64775492845976,19.353837728698135]}"
678,0.0,22.0,129.0,12.477181434631348,107.0,19.209887625231723,109.08445690540395,1743.2301025390625,49.0,1.5117418766021729,3.0,2.0,0.6267186769353218,13.32934856414795,39.0,"{""type"":""Point"",""coordinates"":[109.08607619544438,19.20919360558915]}"
679,0.0,28.0,544.0,50.799312591552734,500.0,18.608016384871647,109.37191779632224,1834.8614501953125,49.0,19.000673294067383,5.0,1.0,0.5254294403141215,10.46543025970459,46.0,"{""type"":""Point"",""coordinates"":[109.37272616526855,18.608132137521928]}"
680,0.0,29.0,14.0,11.357344627380371,14.0,19.317685459326064,110.65650865261313,1821.134765625,38.0,1.308423399925232,4.0,3.0,0.7401179831255935,13.20226001739502,38.0,"{""type"":""Point"",""coordinates"":[110.65662016616746,19.31617339072211]}"
681,0.0,29.0,226.0,7.131933689117432,123.0,19.456924328364593,109.69980287502585,1843.571533203125,43.0,0.38099557161331177,4.0,3.0,0.6494232576420046,14.646169662475586,35.0,"{""type"":""Point"",""coordinates"":[109.70178321286751,19.458317884925616]}"
682,0.0,32.0,79.0,4.372143745422363,79.0,19.789300983488815,109.61895449945507,1437.4508056640625,43.0,0.3500160872936249,5.0,4.0,0.6670808940317401,14.822949409484863,33.0,"{""type"":""Point"",""coordinates"":[109.6175123726899,19.788086106929374]}"
683,0.0,26.0,278.0,26.211912155151367,154.0,18.74725525391017,108.99013380057141,1642.3602294921875,49.0,6.830465316772461,6.0,1.0,0.5928875755794577,11.7204008102417,40.0,"{""type"":""Point"",""coordinates"":[108.99117646641227,18.74858958627627]}"
684,0.0,24.0,184.0,15.277587890625,78.0,19.0751403326138,109.90641539037335,1922.5029296875,50.0,1.6959283351898193,3.0,2.0,0.6444238599773917,13.179845809936523,42.0,"{""type"":""Point"",""coordinates"":[109.90618967557862,19.07606231580884]}"
685,0.0,21.0,129.0,8.82550048828125,55.0,19.560230586038337,109.69980287502585,1784.009765625,56.0,0.7527174949645996,3.0,3.0,0.7041437812176583,14.026851654052734,34.0,"{""type"":""Point"",""coordinates"":[109.70067242590619,19.559745975327623]}"
686,0.0,29.0,218.0,43.0089111328125,215.0,18.855053088004517,110.27921623328291,2142.327392578125,48.0,7.211557865142822,3.0,2.0,0.5938909245575559,11.705460548400879,46.0,"{""type"":""Point"",""coordinates"":[110.28063816529999,18.856308300502473]}"
687,0.0,26.0,729.0,26.243000030517578,671.0,18.805645747377937,109.7492102156524,1915.739013671875,46.0,5.818195819854736,5.0,1.0,0.5658973051522058,11.516871452331543,44.0,"{""type"":""Point"",""coordinates"":[109.75102061762165,18.80693588109704]}"
688,0.0,28.0,305.0,26.3919734954834,305.0,18.43284490446834,109.13835582245116,1610.043212890625,47.0,7.574394226074219,5.0,1.0,0.5777195243698056,11.597436904907227,42.0,"{""type"":""Point"",""coordinates"":[109.1369038329943,18.4337093094629]}"
689,0.0,26.0,182.0,33.330867767333984,182.0,18.343013376056383,109.24615365654546,1621.8607177734375,53.0,10.35573673248291,5.0,0.0,0.5909654428698163,11.361129760742188,39.0,"{""type"":""Point"",""coordinates"":[109.24710747043127,18.342937969624142]}"
690,0.0,24.0,47.0,8.468650817871094,40.0,19.650062114450293,109.46174932473417,1652.7159423828125,53.0,0.935687780380249,3.0,3.0,0.7218395858997311,13.858516693115234,33.0,"{""type"":""Point"",""coordinates"":[109.46249471901864,19.649410535481003]}"
691,0.0,24.0,20.0,4.63939094543457,21.0,19.924048276106745,110.75532333386627,1492.11962890625,53.0,0.570999264717102,5.0,4.0,0.6668257905203818,12.995645523071289,49.0,"{""type"":""Point"",""coordinates"":[110.75347283330261,19.924401488240303]}"
692,0.0,32.0,80.0,10.30854320526123,81.0,19.928539852527344,110.08607844719722,1551.74951171875,37.0,1.9123278856277466,3.0,4.0,0.656305288465614,12.842572212219238,35.0,"{""type"":""Point"",""coordinates"":[110.0864355926631,19.928026862125776]}"
693,0.0,24.0,231.0,17.240976333618164,110.0,19.0751403326138,109.843533320485,1929.145263671875,52.0,2.135035753250122,4.0,2.0,0.616708415393568,12.918989181518555,42.0,"{""type"":""Point"",""coordinates"":[109.84206596189274,19.076626786849364]}"
694,0.0,28.0,335.0,11.094120025634766,226.0,19.21887077807292,109.25064523296606,1766.2742919921875,49.0,1.4276142120361328,4.0,2.0,0.6255698072311925,13.250897407531738,37.0,"{""type"":""Point"",""coordinates"":[109.25197657879806,19.219843700265894]}"
695,0.0,27.0,686.0,35.21358108520508,473.0,18.868527817266305,109.60997134661392,1799.099609375,49.0,12.085458755493164,4.0,2.0,0.543142738026545,10.81549072265625,44.0,"{""type"":""Point"",""coordinates"":[109.61120147461033,18.86750545557839]}"
696,0.0,30.0,447.0,48.03830337524414,331.0,19.196412895969935,109.24166208012491,1834.100830078125,45.0,15.817944526672363,8.0,2.0,0.5776200698425513,10.737757682800293,38.0,"{""type"":""Point"",""coordinates"":[109.24114005802289,19.196629956096096]}"
697,0.0,28.0,415.0,24.882381439208984,399.0,19.21887077807292,109.0260664119362,1769.2696533203125,46.0,5.540176868438721,4.0,2.0,0.5853756809407309,11.833846092224121,42.0,"{""type"":""Point"",""coordinates"":[109.02667052679091,19.218182249363448]}"
699,0.0,27.0,352.0,20.378707885742188,255.0,19.223362354493517,109.90641539037335,2110.279296875,51.0,2.3984150886535645,4.0,2.0,0.6412950202166725,12.719647407531738,37.0,"{""type"":""Point"",""coordinates"":[109.90705354860276,19.222060143831033]}"
700,0.0,27.0,360.0,8.31275463104248,301.0,19.147005555343355,109.96480588384111,2136.840087890625,46.0,0.2495552897453308,4.0,2.0,0.6282056720203523,14.977376937866211,42.0,"{""type"":""Point"",""coordinates"":[109.96470645112356,19.1454541588289]}"
701,0.0,27.0,208.0,21.066905975341797,208.0,18.43284490446834,109.0305579883568,1602.195068359375,45.0,4.864165782928467,4.0,1.0,0.5903572620221611,12.108642578125,42.0,"{""type"":""Point"",""coordinates"":[109.03253372619815,18.434041154700434]}"
702,0.0,27.0,296.0,34.39068603515625,177.0,19.29522757722308,109.44827459547236,1867.65478515625,51.0,7.7584452629089355,4.0,3.0,0.6089821282163771,11.579339981079102,38.0,"{""type"":""Point"",""coordinates"":[109.44736100329123,19.29744248766595]}"
703,0.0,29.0,462.0,31.83039665222168,436.0,18.751746830330767,110.07260371793546,2065.406005859375,45.0,5.503427028656006,4.0,1.0,0.577078973337082,11.804756164550781,47.0,"{""type"":""Point"",""coordinates"":[110.0712815175664,18.75367972915205]}"
704,0.0,22.0,57.0,10.813313484191895,36.0,19.515314821832362,110.27921623328291,1956.4144287109375,52.0,0.7845209240913391,4.0,3.0,0.7227842973082441,14.02886962890625,38.0,"{""type"":""Point"",""coordinates"":[110.27953229349369,19.515766760671188]}"
705,0.0,30.0,2.0,3.5772769451141357,3.0,20.000405075256907,110.1579436699268,1327.9114990234375,43.0,0.2932208776473999,4.0,4.0,0.731315092763928,14.57339859008789,37.0,"{""type"":""Point"",""coordinates"":[110.15924064481523,20.001093066409428]}"
706,0.0,36.0,917.0,13.847911834716797,768.0,18.908952005051688,109.25064523296606,1541.253173828125,38.0,4.946491241455078,5.0,2.0,0.5316383329333125,11.477076530456543,45.0,"{""type"":""Point"",""coordinates"":[109.25122442093382,18.910718124047268]}"
707,0.0,22.0,148.0,6.597683906555176,129.0,18.563100620665672,109.07996532898335,1651.258544921875,57.0,0.5457351207733154,2.0,1.0,0.5872640412869853,14.33665943145752,47.0,"{""type"":""Point"",""coordinates"":[109.07923570419771,18.56509876349847]}"
708,0.0,22.0,59.0,7.40031623840332,59.0,19.838708324115387,110.06362056509425,1588.25830078125,53.0,0.877400279045105,4.0,4.0,0.692686494062468,13.638482093811035,34.0,"{""type"":""Point"",""coordinates"":[110.06487936874139,19.838970040503074]}"
709,0.0,28.0,799.0,23.20823097229004,628.0,18.661915301918818,109.47073247757538,1765.3765869140625,47.0,6.822732448577881,6.0,1.0,0.5467850407028912,11.28542423248291,45.0,"{""type"":""Point"",""coordinates"":[109.46958503007903,18.660637504469765]}"
710,0.0,25.0,44.0,10.397700309753418,44.0,18.554117467824476,109.93785642531753,1858.54150390625,46.0,0.8741124868392944,4.0,1.0,0.6729719297977521,13.928359031677246,46.0,"{""type"":""Point"",""coordinates"":[109.9377099064577,18.552069709790715]}"
711,0.0,26.0,128.0,10.95718765258789,128.0,19.362601223532046,108.85538650795348,1454.0845947265625,55.0,2.4160566329956055,6.0,3.0,0.5959257070246949,12.860730171203613,42.0,"{""type"":""Point"",""coordinates"":[108.85458782859342,19.362425698421983]}"
712,0.0,31.0,142.0,9.938241004943848,111.0,19.33116018858786,110.24328362191818,2218.1337890625,37.0,0.3649963438510895,3.0,3.0,0.6675158230504602,14.742655754089355,37.0,"{""type"":""Point"",""coordinates"":[110.24546231819427,19.3313435166715]}"
713,0.0,28.0,940.0,27.235177993774414,786.0,18.724797371807185,109.35395149063982,1865.0018310546875,48.0,9.193203926086426,8.0,1.0,0.5389646323494605,10.823214530944824,45.0,"{""type"":""Point"",""coordinates"":[109.35246847388704,18.723186804676413]}"
714,0.0,29.0,65.0,6.058634281158447,65.0,19.55573900961774,109.22369577444249,1618.345703125,47.0,0.4903239905834198,3.0,3.0,0.6791309672662158,14.494183540344238,36.0,"{""type"":""Point"",""coordinates"":[109.22555430513515,19.55668405904054]}"
715,0.0,22.0,14.0,4.644583225250244,14.0,18.76522155959256,108.72063921533555,1351.80126953125,53.0,0.49354588985443115,2.0,1.0,0.6820579625610349,14.517416954040527,45.0,"{""type"":""Point"",""coordinates"":[108.71954581370233,18.76392902846981]}"
716,0.0,23.0,18.0,2.9341049194335938,20.0,19.708452607918062,110.96193584921377,1272.9093017578125,53.0,0.1720791757106781,2.0,3.0,0.6670039078847219,14.199654579162598,46.0,"{""type"":""Point"",""coordinates"":[110.96221636522299,19.70821731238836]}"
717,0.0,22.0,13.0,5.850363731384277,16.0,18.338521799635792,109.71327760428761,1714.9129638671875,52.0,0.2484264075756073,2.0,0.0,0.7204268288604746,15.204480171203613,41.0,"{""type"":""Point"",""coordinates"":[109.7115852859288,18.340035250891255]}"
718,0.0,20.0,75.0,11.60814094543457,59.0,19.277261271540688,109.01259168267438,1655.970947265625,61.0,1.6904672384262085,2.0,2.0,0.6647878347774032,13.25027847290039,40.0,"{""type"":""Point"",""coordinates"":[109.01097173458811,19.27696962020085]}"
719,0.0,30.0,241.0,31.713098526000977,117.0,18.79666259453675,109.08894848182456,1666.856201171875,40.0,8.61427116394043,4.0,1.0,0.5940196420307529,11.510343551635742,39.0,"{""type"":""Point"",""coordinates"":[109.08939093129666,18.79766029790295]}"
720,0.0,20.0,120.0,9.91553020477295,104.0,19.55124743319714,109.46624090115478,1755.52685546875,55.0,0.9805492162704468,4.0,3.0,0.6439882120247671,13.767918586730957,36.0,"{""type"":""Point"",""coordinates"":[109.46524407732292,19.552394616145424]}"
721,0.0,25.0,1095.0,25.69340705871582,1060.0,18.74725525391017,109.89743223753214,1837.78564453125,48.0,10.289437294006348,6.0,1.0,0.5149822141209908,10.496546745300293,47.0,"{""type"":""Point"",""coordinates"":[109.89956851241611,18.748606176788435]}"
722,0.0,34.0,610.0,37.056854248046875,458.0,18.980817227781245,109.20572946876013,1713.52099609375,37.0,14.334988594055176,7.0,2.0,0.5565874537868546,10.70746898651123,40.0,"{""type"":""Point"",""coordinates"":[109.20451767705096,18.98193387231693]}"
723,0.0,24.0,92.0,4.776378631591797,57.0,19.71294418433866,109.72226075712882,1609.505859375,51.0,0.1720791757106781,3.0,3.0,0.7046560360364326,15.525182723999023,32.0,"{""type"":""Point"",""coordinates"":[109.72023819781985,19.714586704176032]}"
724,0.0,28.0,495.0,26.507503509521484,315.0,18.886494122948697,109.50666508894017,1659.7001953125,47.0,7.963800430297852,5.0,2.0,0.554735872455205,11.405920028686523,45.0,"{""type"":""Point"",""coordinates"":[109.50760366997703,18.88576034854594]}"
725,0.0,27.0,100.0,42.98558044433594,81.0,19.10208979113738,110.13997736424443,2133.150146484375,51.0,6.795830726623535,4.0,2.0,0.6323807891992241,11.839539527893066,44.0,"{""type"":""Point"",""coordinates"":[110.13929509380682,19.1013356462142]}"
726,0.0,25.0,220.0,15.795957565307617,208.0,18.99429195704304,108.83292862585051,1374.4921875,54.0,5.047677516937256,4.0,2.0,0.5762789886915629,12.063621520996094,42.0,"{""type"":""Point"",""coordinates"":[108.83400456370818,18.992075762838695]}"
727,0.0,24.0,185.0,11.784424781799316,88.0,19.245820236596508,109.798617556279,2176.3828125,55.0,0.7140254378318787,3.0,2.0,0.6787899955999642,14.044515609741211,36.0,"{""type"":""Point"",""coordinates"":[109.7970389129277,19.24497821326807]}"
728,0.0,26.0,10.0,4.261345386505127,10.0,18.37894598742117,109.16530528097474,1532.3353271484375,45.0,0.12966853380203247,2.0,1.0,0.7166547970165941,15.85637378692627,41.0,"{""type"":""Point"",""coordinates"":[109.16570754308057,18.379720657233825]}"
729,0.0,30.0,225.0,38.82242965698242,134.0,18.8820025465281,110.0097216480471,2044.4189453125,46.0,6.99349308013916,4.0,2.0,0.5940690442120985,11.731908798217773,45.0,"{""type"":""Point"",""coordinates"":[110.01188376863941,18.881018080770804]}"
730,0.0,32.0,427.0,50.48617935180664,242.0,19.10208979113738,109.51115666536077,1843.533447265625,39.0,16.244735717773438,6.0,2.0,0.5719131902952006,10.72490119934082,39.0,"{""type"":""Point"",""coordinates"":[109.51318099857042,19.10402162921838]}"
731,0.0,23.0,113.0,9.26809024810791,85.0,19.362601223532046,109.22369577444249,1731.5784912109375,51.0,0.9183064699172974,4.0,3.0,0.6643506887457787,13.83779239654541,35.0,"{""type"":""Point"",""coordinates"":[109.22421621136417,19.361285024584543]}"
732,0.0,27.0,397.0,31.196578979492188,294.0,18.837086782322125,109.97378903668232,1956.7984619140625,45.0,5.763225555419922,4.0,2.0,0.5827754174053754,11.807491302490234,45.0,"{""type"":""Point"",""coordinates"":[109.97480956224,18.838665409921038]}"
733,0.0,25.0,61.0,6.435417175292969,61.0,19.420991716999815,109.00360852983323,1582.6942138671875,51.0,0.6018981337547302,2.0,3.0,0.6716327627923216,14.29151725769043,38.0,"{""type"":""Point"",""coordinates"":[109.00428824782948,19.421851438820962]}"
734,0.0,24.0,31.0,3.892777681350708,32.0,19.89260724116256,110.88108747364299,1361.5533447265625,51.0,0.514360249042511,3.0,4.0,0.644689191534465,13.074739456176758,49.0,"{""type"":""Point"",""coordinates"":[110.88231893037612,19.894013075066706]}"
735,0.0,31.0,171.0,12.811107635498047,54.0,18.720305795386587,109.03954114119801,1666.791015625,41.0,2.003206491470337,4.0,1.0,0.6521939971826863,13.021468162536621,43.0,"{""type"":""Point"",""coordinates"":[109.0406695276683,18.722095808018906]}"
736,0.0,27.0,508.0,30.53093147277832,442.0,18.787679441695552,109.99624691878529,2031.5560302734375,47.0,5.4616804122924805,5.0,1.0,0.5821714472980333,11.776107788085938,45.0,"{""type"":""Point"",""coordinates"":[109.99606728096686,18.789608594880622]}"
737,0.0,30.0,254.0,33.10323715209961,199.0,18.922426734313476,108.93623488352426,1534.4610595703125,42.0,12.062895774841309,5.0,2.0,0.5547391108437403,11.157633781433105,44.0,"{""type"":""Point"",""coordinates"":[108.93472989707166,18.92329228389785]}"
738,0.0,25.0,169.0,11.221427917480469,150.0,18.85056151158392,110.18489312845037,2022.827880859375,52.0,0.8340131640434265,3.0,2.0,0.6123500111315812,13.899324417114258,46.0,"{""type"":""Point"",""coordinates"":[110.18628350933831,18.851500155999542]}"
739,0.0,29.0,15.0,6.2896528244018555,16.0,19.928539852527344,110.53523608925701,1660.5987548828125,41.0,0.6496504545211792,5.0,4.0,0.7225290119331768,13.286377906799316,40.0,"{""type"":""Point"",""coordinates"":[110.5340449533409,19.930624003191994]}"
740,0.0,24.0,178.0,16.534561157226562,142.0,19.506331668991166,109.51115666536077,1716.6258544921875,54.0,2.7937662601470947,4.0,3.0,0.6365031358688076,12.684003829956055,35.0,"{""type"":""Point"",""coordinates"":[109.51019524989172,19.5054514840836]}"
741,0.0,21.0,131.0,6.3176140785217285,113.0,19.510823245411764,109.42132513694878,1697.7293701171875,54.0,0.3695984184741974,3.0,3.0,0.6413087647572525,14.736934661865234,36.0,"{""type"":""Point"",""coordinates"":[109.42177422684904,19.508929092541745]}"
742,0.0,24.0,167.0,7.033944129943848,116.0,19.434466446261602,109.36293464348103,1783.087646484375,56.0,0.47471970319747925,4.0,3.0,0.6580109072892295,14.464159965515137,33.0,"{""type"":""Point"",""coordinates"":[109.36296588410588,19.435520397650308]}"
743,0.0,27.0,33.0,6.853491306304932,33.0,19.115564520399175,108.72962236817676,1342.706298828125,47.0,1.2473143339157104,2.0,2.0,0.670193900449848,13.5791597366333,42.0,"{""type"":""Point"",""coordinates"":[108.72975163212914,19.114797764382523]}"
744,0.0,30.0,509.0,31.110387802124023,468.0,18.62149111413344,109.2326789272837,1805.4715576171875,49.0,8.80650520324707,4.0,1.0,0.5545811110913986,11.292685508728027,46.0,"{""type"":""Point"",""coordinates"":[109.23260515010602,18.61935529542855]}"
745,0.0,29.0,48.0,22.255502700805664,48.0,18.253181847644434,109.52912297104314,1646.2528076171875,46.0,4.769093990325928,4.0,0.0,0.674035139663098,12.227076530456543,39.0,"{""type"":""Point"",""coordinates"":[109.52806479049946,18.251268156694334]}"
746,0.0,39.0,99.0,4.438459396362305,98.0,19.79828413633001,109.81209228554076,1556.604248046875,37.0,0.25050732493400574,5.0,4.0,0.6434324357266532,15.14542007446289,35.0,"{""type"":""Point"",""coordinates"":[109.81136702501551,19.796711480430105]}"
747,0.0,31.0,240.0,21.657024383544922,116.0,18.76522155959256,109.06649059972159,1666.856201171875,42.0,4.820664405822754,5.0,1.0,0.5886459465628116,12.096725463867188,43.0,"{""type"":""Point"",""coordinates"":[109.06557851514978,18.765023926666817]}"
748,0.0,27.0,52.0,5.710279941558838,49.0,19.80277571275061,110.28819938612412,1671.531005859375,43.0,0.3116392493247986,6.0,4.0,0.7215128633908169,14.679108619689941,32.0,"{""type"":""Point"",""coordinates"":[110.28754388153654,19.80491868072973]}"
749,0.0,28.0,29.0,6.675777912139893,30.0,19.852183053377182,110.51277820715399,1690.9013671875,45.0,0.5768122673034668,4.0,4.0,0.7073330900753491,13.894949913024902,40.0,"{""type"":""Point"",""coordinates"":[110.51448855895403,19.851943889094528]}"
750,0.0,29.0,113.0,13.093445777893066,113.0,19.753368372124037,109.43030828978999,1396.7220458984375,46.0,3.3833706378936768,5.0,4.0,0.6385957294082617,12.532617568969727,31.0,"{""type"":""Point"",""coordinates"":[109.43153082537177,19.75255401869761]}"
751,0.0,24.0,20.0,9.06357479095459,23.0,18.873019393686903,110.3690477616949,1956.7330322265625,51.0,0.5302691459655762,4.0,2.0,0.7005489768262634,14.44218635559082,47.0,"{""type"":""Point"",""coordinates"":[110.37023593146772,18.87136715524948]}"
752,0.0,28.0,716.0,31.795068740844727,568.0,18.724797371807185,109.33149360853685,1796.542724609375,50.0,10.846410751342773,9.0,1.0,0.5442113598641698,10.898054122924805,45.0,"{""type"":""Point"",""coordinates"":[109.33350012343547,18.722967702370685]}"
753,0.0,33.0,1173.0,32.361114501953125,935.0,18.908952005051688,109.71327760428761,2024.844482421875,39.0,14.516403198242188,12.0,2.0,0.5275733517563953,10.015111923217773,44.0,"{""type"":""Point"",""coordinates"":[109.713301499258,18.9088345658752]}"
754,0.0,29.0,38.0,6.498264789581299,36.0,19.8252335948536,110.33760672675072,1669.9520263671875,42.0,0.5172385573387146,5.0,4.0,0.7219672072862094,14.1832275390625,35.0,"{""type"":""Point"",""coordinates"":[110.33799485617273,19.823796944621776]}"
755,0.0,26.0,180.0,11.354082107543945,75.0,19.434466446261602,109.66836184008167,1903.0933837890625,48.0,1.0402647256851196,3.0,3.0,0.6892967994042469,13.671330451965332,33.0,"{""type"":""Point"",""coordinates"":[109.66741918999136,19.43561691122577]}"
756,0.0,24.0,80.0,7.46367073059082,80.0,19.322177035746662,108.8733528136359,1481.8665771484375,57.0,1.1468051671981812,3.0,3.0,0.6378472289082957,13.63547420501709,39.0,"{""type"":""Point"",""coordinates"":[108.87347341432806,19.32349805851161]}"
757,0.0,26.0,24.0,6.45446252822876,23.0,18.504710127197903,108.94521803636547,1518.7353515625,48.0,0.703772783279419,3.0,1.0,0.6771202680913936,14.156781196594238,46.0,"{""type"":""Point"",""coordinates"":[108.94353372783115,18.506324282670555]}"
758,0.0,24.0,26.0,5.216910362243652,21.0,19.259294965858295,108.85538650795348,1571.2027587890625,50.0,0.30916616320610046,2.0,2.0,0.7051885973758538,14.978240966796875,41.0,"{""type"":""Point"",""coordinates"":[108.85450470866016,19.25904315282163]}"
759,0.0,28.0,570.0,22.225610733032227,569.0,18.392420716682963,109.56505558240792,1881.7723388671875,48.0,4.322227478027344,5.0,1.0,0.5870908016574935,11.960104942321777,42.0,"{""type"":""Point"",""coordinates"":[109.56366094193466,18.391527883163125]}"
760,0.0,27.0,704.0,23.81903648376465,528.0,18.675390031180612,109.47522405399599,1765.3765869140625,49.0,6.531302452087402,5.0,1.0,0.5480478990013945,11.42449951171875,46.0,"{""type"":""Point"",""coordinates"":[109.47551622417465,18.674237143124607]}"
761,0.0,23.0,54.0,5.830361366271973,52.0,19.82972517127419,109.69980287502585,1351.4901123046875,51.0,0.8591322898864746,4.0,4.0,0.6865515729337646,13.939775466918945,34.0,"{""type"":""Point"",""coordinates"":[109.70137083388781,19.83103920448165]}"
762,0.0,26.0,120.0,27.28559112548828,96.0,19.290736000802482,110.21184258697394,2246.83203125,45.0,2.6966607570648193,4.0,3.0,0.6617739111058962,12.755620956420898,38.0,"{""type"":""Point"",""coordinates"":[110.21345510237872,19.292116570194718]}"
763,0.0,31.0,376.0,27.913137435913086,193.0,19.066157179772603,109.70878602786706,1886.314697265625,43.0,5.562921047210693,4.0,2.0,0.5987228740063316,11.858475685119629,41.0,"{""type"":""Point"",""coordinates"":[109.70759637428378,19.06432403155084]}"
764,0.0,30.0,180.0,11.797567367553711,51.0,18.82361205306033,109.1832715866571,1742.4102783203125,41.0,1.5020536184310913,4.0,2.0,0.6522133885121276,13.303853988647461,45.0,"{""type"":""Point"",""coordinates"":[109.18534138894506,18.824578188241915]}"
765,0.0,25.0,339.0,19.252164840698242,164.0,19.043699297669612,109.76268494491421,1901.2086181640625,52.0,2.851954221725464,4.0,2.0,0.6061001638432325,12.555451393127441,42.0,"{""type"":""Point"",""coordinates"":[109.76125653407563,19.04346847619943]}"
766,0.0,28.0,109.0,12.069560050964355,60.0,19.46141590478519,110.0052300716265,2004.7911376953125,46.0,0.9800123572349548,4.0,3.0,0.7040210001977433,13.77518367767334,36.0,"{""type"":""Point"",""coordinates"":[110.00440708683456,19.461650005699617]}"
767,0.0,23.0,35.0,4.689128398895264,37.0,19.726418913600448,110.89456220290481,1475.865966796875,53.0,0.6120296716690063,3.0,3.0,0.6766360439465878,12.930793762207031,42.0,"{""type"":""Point"",""coordinates"":[110.89247000167352,19.725509661917503]}"
768,0.0,28.0,31.0,4.784755229949951,31.0,19.80277571275061,110.59362658272477,1613.804443359375,41.0,0.18255941569805145,6.0,4.0,0.7175479607505556,15.043584823608398,37.0,"{""type"":""Point"",""coordinates"":[110.59201765134497,19.80141978357123]}"
769,0.0,31.0,769.0,51.618106842041016,728.0,18.729288948227783,109.68183656934343,2155.95458984375,40.0,14.509906768798828,7.0,1.0,0.5348600767604809,10.544885635375977,48.0,"{""type"":""Point"",""coordinates"":[109.68154412055522,18.72899389220363]}"
770,0.0,24.0,57.0,40.16720962524414,60.0,18.20377450701786,109.58302188809029,1701.5972900390625,49.0,10.398520469665527,4.0,0.0,0.6412379327468118,11.43352222442627,40.0,"{""type"":""Point"",""coordinates"":[109.5817563396702,18.20211309532917]}"
771,0.0,23.0,27.0,4.9112067222595215,30.0,18.527168009300887,108.83292862585051,1385.7965087890625,52.0,0.5197572708129883,2.0,1.0,0.674341100919063,14.458160400390625,43.0,"{""type"":""Point"",""coordinates"":[108.83328403167387,18.527920103500385]}"
772,0.0,29.0,382.0,34.4287223815918,227.0,19.021241415566628,109.20123789233952,1721.322021484375,42.0,9.883952140808105,5.0,2.0,0.5856802825640351,11.272476196289062,39.0,"{""type"":""Point"",""coordinates"":[109.20107394631395,19.02088949697376]}"
773,0.0,27.0,514.0,32.991920471191406,344.0,18.832595205901526,109.46174932473417,1754.5206298828125,48.0,9.836804389953613,5.0,2.0,0.5444615753477727,11.176040649414062,47.0,"{""type"":""Point"",""coordinates"":[109.46169673281277,18.834096816057976]}"
774,0.0,33.0,653.0,25.41326904296875,461.0,19.097598214716783,109.40335883126642,1729.015869140625,35.0,7.251968860626221,5.0,2.0,0.5690400796487523,11.366334915161133,41.0,"{""type"":""Point"",""coordinates"":[109.40269125230144,19.09942276875557]}"
775,0.0,25.0,31.0,11.97810173034668,19.0,19.066157179772603,110.25675835117994,2095.56103515625,46.0,0.7482815384864807,4.0,2.0,0.7250313961034447,14.091391563415527,44.0,"{""type"":""Point"",""coordinates"":[110.2567314860295,19.06820757256164]}"
776,0.0,31.0,411.0,30.500476837158203,254.0,19.18293816670814,109.6414123815581,1926.685546875,37.0,5.85547399520874,4.0,2.0,0.6066459830081272,11.781116485595703,39.0,"{""type"":""Point"",""coordinates"":[109.64009931510753,19.184870387613454]}"
777,0.0,23.0,151.0,7.143124103546143,22.0,18.756238406751365,109.19674631591892,1638.13232421875,55.0,0.6882857084274292,2.0,1.0,0.6902398556772344,14.102699279785156,43.0,"{""type"":""Point"",""coordinates"":[109.19612852696415,18.756222910415442]}"
778,0.0,26.0,904.0,35.454524993896484,881.0,18.71581421896599,109.85700804974675,1837.78564453125,48.0,14.335931777954102,6.0,1.0,0.5101674126149843,10.409745216369629,48.0,"{""type"":""Point"",""coordinates"":[109.85869018033212,18.715415390251707]}"
779,0.0,24.0,38.0,4.94270133972168,37.0,18.84606993516332,108.76555497954155,1305.185546875,51.0,0.6999265551567078,2.0,2.0,0.6560120207453651,14.15412712097168,44.0,"{""type"":""Point"",""coordinates"":[108.76420410753617,18.846903048271777]}"
780,0.0,24.0,32.0,3.086580514907837,32.0,19.847691476956584,110.94396954353141,1327.4354248046875,50.0,0.12196449935436249,3.0,4.0,0.6392250090654255,14.511619567871094,50.0,"{""type"":""Point"",""coordinates"":[110.94447305109283,19.849334693957033]}"
781,0.0,29.0,331.0,36.55028533935547,248.0,18.85954466442511,109.99624691878529,2037.5562744140625,48.0,6.846798896789551,4.0,2.0,0.5835248909367754,11.681370735168457,46.0,"{""type"":""Point"",""coordinates"":[109.99757634877237,18.859698786875082]}"
782,0.0,27.0,477.0,22.59172248840332,280.0,18.886494122948697,109.58751346451089,1743.0345458984375,46.0,5.0350341796875,5.0,2.0,0.5690927743959416,11.882513999938965,45.0,"{""type"":""Point"",""coordinates"":[109.58543534629715,18.887337776168643]}"
783,0.0,31.0,39.0,3.6033942699432373,40.0,19.901590394003755,109.66387026366107,1150.65625,41.0,0.5861238837242126,4.0,4.0,0.6984715447120562,14.331003189086914,32.0,"{""type"":""Point"",""coordinates"":[109.6657619435407,19.903114885288947]}"
784,0.0,35.0,23.0,8.591249465942383,12.0,19.753368372124037,110.04565425941183,1695.315185546875,37.0,0.9197008013725281,4.0,4.0,0.7622591787319135,13.889731407165527,32.0,"{""type"":""Point"",""coordinates"":[110.04389768842374,19.75553102616142]}"
785,0.0,27.0,27.0,3.7644243240356445,27.0,19.816250442012404,109.385392525584,1278.1407470703125,43.0,0.3500610291957855,2.0,4.0,0.7117028643562857,14.853429794311523,34.0,"{""type"":""Point"",""coordinates"":[109.38722107208041,19.814528189801894]}"
786,0.0,31.0,47.0,4.765822887420654,47.0,19.870149359059575,109.83904174406439,1427.4068603515625,43.0,0.45981964468955994,3.0,4.0,0.697707228759309,14.569031715393066,34.0,"{""type"":""Point"",""coordinates"":[109.84013068751436,19.869026358653333]}"
787,0.0,30.0,691.0,68.23120880126953,658.0,18.74276367748957,110.03667110657068,2133.95751953125,44.0,22.705904006958008,5.0,1.0,0.5217956147588079,10.14079761505127,46.0,"{""type"":""Point"",""coordinates"":[110.03561909937139,18.741359834619143]}"
788,0.0,26.0,25.0,5.648913383483887,11.0,19.72192733717985,110.12650263498261,1779.0294189453125,48.0,0.16736900806427002,3.0,3.0,0.7746295442117794,15.554741859436035,31.0,"{""type"":""Point"",""coordinates"":[110.12869212751707,19.72392977508801]}"
789,0.0,25.0,170.0,8.243667602539062,41.0,18.729288948227783,109.20123789233952,1664.8443603515625,53.0,0.9156437516212463,3.0,1.0,0.6695395898930552,13.805299758911133,43.0,"{""type"":""Point"",""coordinates"":[109.20219420186787,18.730873743309907]}"
790,0.0,27.0,39.0,12.58142375946045,30.0,19.084123485454995,110.28819938612412,2095.56103515625,45.0,0.8624715209007263,5.0,2.0,0.7170845096529956,13.944690704345703,43.0,"{""type"":""Point"",""coordinates"":[110.28980495923527,19.083722434866853]}"
791,0.0,25.0,137.0,10.985079765319824,78.0,19.227853930914115,110.01421322446765,2173.1982421875,44.0,0.5155413150787354,3.0,2.0,0.6844463138604648,14.400413513183594,38.0,"{""type"":""Point"",""coordinates"":[110.01260518017256,19.226928657866704]}"
792,0.0,28.0,607.0,33.7721061706543,553.0,19.084123485454995,109.12937266960995,1722.4847412109375,48.0,12.011187553405762,7.0,2.0,0.5637936869651465,10.893332481384277,40.0,"{""type"":""Point"",""coordinates"":[109.13052173294811,19.083619951556265]}"
793,0.0,25.0,195.0,6.524499893188477,193.0,18.49123539793611,109.0754737525628,1580.032470703125,55.0,0.6996525526046753,2.0,1.0,0.5840468000603738,14.058449745178223,46.0,"{""type"":""Point"",""coordinates"":[109.07505430878689,18.493346533577927]}"
794,0.0,31.0,123.0,12.923558235168457,121.0,19.49285693972937,110.58913500630416,1924.954345703125,38.0,1.4525257349014282,3.0,3.0,0.6427980568577703,13.083080291748047,38.0,"{""type"":""Point"",""coordinates"":[110.5871824690006,19.493827074871746]}"
795,0.0,28.0,20.0,7.029078483581543,19.0,19.344634917849653,110.51277820715399,2069.560302734375,45.0,0.12158386409282684,5.0,3.0,0.7408266863919584,15.877342224121094,41.0,"{""type"":""Point"",""coordinates"":[110.51422121160314,19.343424381491005]}"
796,0.0,24.0,37.0,5.975161552429199,35.0,19.164971861025748,108.81047074374754,1528.54248046875,56.0,0.6179719567298889,2.0,2.0,0.6853896907660944,14.279253959655762,41.0,"{""type"":""Point"",""coordinates"":[108.81183888342647,19.16480829969716]}"
797,0.0,23.0,148.0,9.110730171203613,112.0,19.51980639825296,109.56056400598732,1698.8143310546875,54.0,0.9971651434898376,2.0,3.0,0.6374153764703715,13.733805656433105,36.0,"{""type"":""Point"",""coordinates"":[109.56057540608285,19.519345919100928]}"
798,0.0,29.0,378.0,27.362157821655273,332.0,18.760729983171963,110.0052300716265,2117.95166015625,46.0,3.8317952156066895,8.0,1.0,0.6024799982750031,12.231467247009277,45.0,"{""type"":""Point"",""coordinates"":[110.00616131221304,18.759640786600563]}"
799,0.0,28.0,87.0,11.509288787841797,78.0,19.66802842013268,109.49768193609896,1652.7159423828125,49.0,1.7204294204711914,4.0,3.0,0.6708311929438066,13.225518226623535,34.0,"{""type"":""Point"",""coordinates"":[109.49889043531073,19.667060690365282]}"
800,0.0,30.0,511.0,31.199745178222656,390.0,19.35361807069085,109.47522405399599,1854.603759765625,48.0,8.056245803833008,4.0,3.0,0.5948786926594619,11.381416320800781,38.0,"{""type"":""Point"",""coordinates"":[109.47443222210731,19.35221741952578]}"
801,0.0,27.0,69.0,4.71396017074585,58.0,19.726418913600448,110.5262529364158,1732.48779296875,49.0,0.06093589961528778,5.0,3.0,0.7009926001735873,16.131607055664062,35.0,"{""type"":""Point"",""coordinates"":[110.52531105498238,19.728136308135173]}"
802,0.0,24.0,72.0,12.480311393737793,43.0,18.63047426697463,109.69980287502585,1911.2752685546875,44.0,1.102941870689392,4.0,1.0,0.6745820063270439,13.679256439208984,46.0,"{""type"":""Point"",""coordinates"":[109.69895783855969,18.632303230527807]}"
803,0.0,22.0,94.0,6.709475994110107,76.0,19.681503149394473,109.5920050409315,1616.5009765625,53.0,0.5768053531646729,2.0,3.0,0.6772391744579016,14.314395904541016,33.0,"{""type"":""Point"",""coordinates"":[109.59219401382474,19.681314771150653]}"
804,0.0,26.0,444.0,30.13272476196289,442.0,18.48674382151551,109.1877631630777,1742.4798583984375,53.0,8.48904037475586,4.0,1.0,0.5645950857894193,11.380935668945312,44.0,"{""type"":""Point"",""coordinates"":[109.18745675748794,18.485034130094395]}"
805,0.0,43.0,71.0,7.101141929626465,68.0,19.82972517127419,109.71776918070822,1395.4825439453125,34.0,1.4228585958480835,6.0,4.0,0.6658027219388607,13.42508316040039,35.0,"{""type"":""Point"",""coordinates"":[109.71848562679529,19.828937359717074]}"
806,0.0,23.0,30.0,6.636335849761963,30.0,18.581066926348058,110.0052300716265,1800.277587890625,45.0,0.2678642272949219,2.0,1.0,0.6822019895325862,15.119321823120117,47.0,"{""type"":""Point"",""coordinates"":[110.00503518645793,18.58326612739793]}"
807,0.0,28.0,348.0,28.03534507751465,294.0,18.85954466442511,108.94970961278602,1557.7889404296875,49.0,9.710782051086426,5.0,2.0,0.5617549657052935,11.31501579284668,43.0,"{""type"":""Point"",""coordinates"":[108.95059243156447,18.859238020555516]}"
808,0.0,32.0,25.0,5.20850133895874,25.0,19.924048276106745,109.76717652133482,1262.8468017578125,39.0,1.0026865005493164,3.0,4.0,0.716357330137638,13.61205768585205,33.0,"{""type"":""Point"",""coordinates"":[109.76677385820271,19.92219391618875]}"
809,0.0,30.0,57.0,5.941925048828125,55.0,19.82972517127419,110.31065726822715,1669.9520263671875,45.0,0.43065693974494934,9.0,4.0,0.7029836325088349,14.351750373840332,35.0,"{""type"":""Point"",""coordinates"":[110.31056230839906,19.831588558771855]}"
810,0.0,24.0,75.0,6.360378265380859,75.0,19.335651765008457,108.90928542500069,1582.085693359375,56.0,0.6257849931716919,2.0,3.0,0.6329109225977728,14.244282722473145,43.0,"{""type"":""Point"",""coordinates"":[108.90839806851483,19.337804545872725]}"
811,0.0,22.0,18.0,8.271004676818848,20.0,18.724797371807185,110.33311515033012,1942.366455078125,49.0,0.3799248933792114,2.0,1.0,0.6977403639405515,14.776764869689941,48.0,"{""type"":""Point"",""coordinates"":[110.33384848144766,18.72261811702819]}"
812,0.0,28.0,143.0,28.211729049682617,69.0,19.335651765008457,109.90641539037335,2076.328857421875,48.0,3.8056163787841797,4.0,3.0,0.6679964160300336,12.39622974395752,40.0,"{""type"":""Point"",""coordinates"":[109.90829379492533,19.33558208673952]}"
813,0.0,25.0,15.0,5.281984329223633,6.0,19.71294418433866,110.25675835117994,1810.0203857421875,47.0,0.057359881699085236,2.0,3.0,0.7823278331700446,16.399898529052734,31.0,"{""type"":""Point"",""coordinates"":[110.25531467327926,19.712805776805613]}"
814,0.0,29.0,31.0,5.073139667510986,31.0,19.506331668991166,109.01259168267438,1383.4564208984375,47.0,0.6322812438011169,2.0,3.0,0.7036359161798944,14.25985336303711,36.0,"{""type"":""Point"",""coordinates"":[109.01180156886461,19.50629297896548]}"
815,0.0,22.0,89.0,7.682697296142578,80.0,19.38505910563503,109.13835582245116,1701.1917724609375,57.0,0.6906251907348633,3.0,3.0,0.6696857413212507,14.137300491333008,35.0,"{""type"":""Point"",""coordinates"":[109.13766991300034,19.385262092460504]}"
816,0.0,25.0,294.0,14.272205352783203,240.0,18.60352480845105,109.19674631591892,1741.30517578125,54.0,2.2652885913848877,4.0,1.0,0.5837847982135932,12.81740951538086,46.0,"{""type"":""Point"",""coordinates"":[109.19891354551353,18.604008244124426]}"
819,0.0,29.0,175.0,34.52800369262695,172.0,18.837086782322125,110.28370780970351,2094.75830078125,47.0,5.222652912139893,4.0,2.0,0.6055895869422038,12.058311462402344,45.0,"{""type"":""Point"",""coordinates"":[110.28426740884106,18.836596397846836]}"
820,0.0,30.0,288.0,25.7791748046875,223.0,18.95835934567826,109.11140636392759,1614.932861328125,40.0,6.930979251861572,6.0,2.0,0.594869671008555,11.698843955993652,39.0,"{""type"":""Point"",""coordinates"":[109.10995133027251,18.959075560193654]}"
821,0.0,23.0,132.0,5.587161540985107,111.0,19.470399057626388,109.20123789233952,1721.9825439453125,57.0,0.25002321600914,4.0,3.0,0.6528313451025838,15.127188682556152,34.0,"{""type"":""Point"",""coordinates"":[109.20134656865655,19.472348992326477]}"
822,0.0,29.0,12.0,4.21378231048584,13.0,19.964472463892122,110.46786244294805,1534.7177734375,43.0,0.19185656309127808,3.0,4.0,0.7228317243487966,14.571296691894531,39.0,"{""type"":""Point"",""coordinates"":[110.46681221737461,19.963928287434904]}"
823,0.0,28.0,313.0,21.413541793823242,196.0,19.371584376373235,109.63242922871689,1890.1151123046875,45.0,3.353590488433838,4.0,3.0,0.636412516580209,12.411341667175293,35.0,"{""type"":""Point"",""coordinates"":[109.63437467458535,19.372252896989018]}"
824,0.0,27.0,90.0,9.887228012084961,70.0,18.62598269055404,109.78065125059658,1884.4619140625,43.0,0.7616937756538391,4.0,1.0,0.6387901297779844,14.038741111755371,47.0,"{""type"":""Point"",""coordinates"":[109.77971770084031,18.625620245668433]}"
825,0.0,25.0,106.0,8.85571575164795,102.0,19.34912649427025,109.0215748355156,1631.560791015625,55.0,1.1491059064865112,2.0,3.0,0.6177602457521942,13.617796897888184,40.0,"{""type"":""Point"",""coordinates"":[109.01992823170659,19.35085655404974]}"
826,0.0,28.0,301.0,37.047889709472656,173.0,18.868527817266305,109.86599120258796,1967.574951171875,45.0,7.212673187255859,5.0,2.0,0.5763392325165316,11.649679183959961,47.0,"{""type"":""Point"",""coordinates"":[109.86725350371033,18.867720041700096]}"
827,0.0,33.0,10.0,5.234453201293945,10.0,19.65455369087089,110.70142441681912,1708.029541015625,43.0,0.25029391050338745,9.0,3.0,0.745504549262162,14.772073745727539,38.0,"{""type"":""Point"",""coordinates"":[110.70118451401791,19.653478770317133]}"
828,0.0,26.0,301.0,19.49919319152832,239.0,19.115564520399175,109.94234800173814,1994.632080078125,52.0,2.547092914581299,4.0,2.0,0.6060216814992169,12.695208549499512,44.0,"{""type"":""Point"",""coordinates"":[109.94067962045084,19.115997145381677]}"
829,0.0,25.0,21.0,4.3799662590026855,16.0,19.807267289171207,110.80473067449287,1460.5621337890625,49.0,0.38973528146743774,5.0,4.0,0.6975435063613404,13.788350105285645,43.0,"{""type"":""Point"",""coordinates"":[110.8046121726724,19.808349062018067]}"
830,0.0,26.0,40.0,4.526814937591553,39.0,18.527168009300887,108.90030227215948,1518.7353515625,45.0,0.21035610139369965,2.0,1.0,0.6592607741179073,15.355178833007812,46.0,"{""type"":""Point"",""coordinates"":[108.90094439593763,18.526628853829887]}"
831,0.0,24.0,114.0,15.105152130126953,25.0,19.344634917849653,110.07260371793546,2172.49267578125,49.0,1.0914002656936646,5.0,3.0,0.743855438213096,13.664461135864258,38.0,"{""type"":""Point"",""coordinates"":[110.07146247180397,19.34582493426368]}"
832,0.0,30.0,1.0,2.5601727962493896,2.0,19.919556699686147,109.56056400598732,1079.2314453125,45.0,0.29860568046569824,5.0,4.0,0.7269796660103022,15.027377128601074,35.0,"{""type"":""Point"",""coordinates"":[109.56114975401017,19.918999612845575]}"
833,0.0,23.0,25.0,7.557515621185303,26.0,19.389550682055628,110.62057604124834,1864.0084228515625,50.0,0.41952624917030334,6.0,3.0,0.7332728563781249,14.402535438537598,38.0,"{""type"":""Point"",""coordinates"":[110.62076808646235,19.39133409026527]}"
834,0.0,24.0,111.0,6.494638442993164,111.0,18.899968852210492,108.75657182670034,1302.567626953125,56.0,1.338511347770691,2.0,2.0,0.5749781739006437,13.462133407592773,45.0,"{""type"":""Point"",""coordinates"":[108.75858421976992,18.90171280095179]}"
835,0.0,28.0,300.0,20.844980239868164,222.0,18.805645747377937,109.86599120258796,1927.9652099609375,41.0,2.9134275913238525,4.0,1.0,0.6096534706838269,12.56131649017334,42.0,"{""type"":""Point"",""coordinates"":[109.86554393100401,18.807026031786847]}"
836,0.0,25.0,39.0,10.621514320373535,39.0,18.477760668674314,109.73573548639064,1826.4510498046875,55.0,1.0910433530807495,2.0,1.0,0.6747883857073937,13.709558486938477,46.0,"{""type"":""Point"",""coordinates"":[109.73685613802898,18.47709356551454]}"
837,0.0,24.0,997.0,51.42605972290039,962.0,18.751746830330767,109.89743223753214,2145.30712890625,49.0,19.087200164794922,5.0,1.0,0.5118324202547826,9.990530014038086,47.0,"{""type"":""Point"",""coordinates"":[109.89916443398153,18.75350523851911]}"
838,0.0,24.0,192.0,25.902099609375,60.0,19.223362354493517,109.74022706281124,2125.276123046875,53.0,3.1068317890167236,3.0,2.0,0.6928244043637968,12.568669319152832,37.0,"{""type"":""Point"",""coordinates"":[109.74037427168736,19.22420625268106]}"
839,0.0,23.0,6.0,5.788723945617676,9.0,18.787679441695552,110.41396352590084,1801.55712890625,48.0,0.13406631350517273,3.0,1.0,0.6994663636547735,15.806232452392578,49.0,"{""type"":""Point"",""coordinates"":[110.41515719033127,18.78781611899939]}"
840,0.0,29.0,208.0,24.405309677124023,208.0,18.34750495247698,109.25064523296606,1540.6993408203125,50.0,7.564044952392578,4.0,0.0,0.5924863258874746,11.663704872131348,39.0,"{""type"":""Point"",""coordinates"":[109.25084191272146,18.348562528370127]}"
841,0.0,29.0,67.0,21.017589569091797,67.0,19.420991716999815,110.55320239493938,2011.989013671875,40.0,2.8656187057495117,4.0,3.0,0.6837469750240883,12.447895050048828,38.0,"{""type"":""Point"",""coordinates"":[110.5554015835645,19.422163348696614]}"
842,0.0,26.0,439.0,50.06080627441406,434.0,18.441828057309536,109.62344607587568,2014.7835693359375,49.0,12.278424263000488,4.0,1.0,0.5768165225651956,11.007564544677734,42.0,"{""type"":""Point"",""coordinates"":[109.62486980680652,18.44121904831477]}"
843,0.0,26.0,18.0,5.904316425323486,19.0,19.88362408832137,110.51726978357459,1690.9013671875,42.0,0.4015127122402191,5.0,4.0,0.7215793396412697,13.824342727661133,40.0,"{""type"":""Point"",""coordinates"":[110.51802507874831,19.883990448342097]}"
844,0.0,33.0,451.0,38.07373809814453,311.0,18.8775109701075,109.24615365654546,1626.8511962890625,39.0,15.235990524291992,5.0,2.0,0.5393423502856586,10.774072647094727,44.0,"{""type"":""Point"",""coordinates"":[109.24723954082602,18.879721200874066]}"
845,0.0,29.0,601.0,45.35295104980469,578.0,18.71581421896599,110.01421322446765,2133.95751953125,46.0,10.291055679321289,4.0,1.0,0.5667928777261639,11.057087898254395,45.0,"{""type"":""Point"",""coordinates"":[110.01501418042044,18.71532711156531]}"
846,0.0,26.0,129.0,33.648868560791016,81.0,19.456924328364593,109.92438169605572,1959.7740478515625,47.0,5.57999324798584,4.0,3.0,0.6560764420381359,12.020487785339355,37.0,"{""type"":""Point"",""coordinates"":[109.92308947190438,19.45518035962857]}"
847,0.0,24.0,40.0,12.93129825592041,32.0,19.066157179772603,110.3151488446477,2111.202880859375,49.0,0.8688512444496155,4.0,2.0,0.7193763060265496,13.936736106872559,42.0,"{""type"":""Point"",""coordinates"":[110.31703030957938,19.064922030375133]}"
848,0.0,30.0,468.0,61.06776428222656,459.0,18.85056151158392,110.24328362191818,2274.495849609375,45.0,12.697500228881836,4.0,2.0,0.5742439369478413,10.950581550598145,45.0,"{""type"":""Point"",""coordinates"":[110.24133740272576,18.852644198738624]}"
849,0.0,29.0,147.0,27.600257873535156,132.0,19.025732991987226,110.25675835117994,2104.3349609375,41.0,3.3828630447387695,3.0,2.0,0.6176950351726526,12.511805534362793,44.0,"{""type"":""Point"",""coordinates"":[110.25812145383625,19.025177431924686]}"
850,0.0,25.0,20.0,6.499776840209961,18.0,19.757859948544635,110.3735393381155,1741.9630126953125,46.0,0.37640970945358276,3.0,4.0,0.7686115690199562,14.514776229858398,30.0,"{""type"":""Point"",""coordinates"":[110.3728613165806,19.757564474797825]}"
851,0.0,33.0,559.0,13.954290390014648,367.0,19.079631909034397,109.44827459547236,1729.015869140625,37.0,2.4505422115325928,5.0,2.0,0.5847999185563373,12.538119316101074,42.0,"{""type"":""Point"",""coordinates"":[109.4485393212649,19.08100425930274]}"
852,0.0,29.0,66.0,6.3575215339660645,65.0,19.68599472581507,110.65650865261313,1757.2255859375,48.0,0.4411483407020569,5.0,3.0,0.6847341069517732,14.154808044433594,37.0,"{""type"":""Point"",""coordinates"":[110.65495285811761,19.68681707817495]}"
854,0.0,24.0,144.0,19.337181091308594,69.0,19.308702306484875,109.87497435542917,2028.7845458984375,52.0,2.1564650535583496,3.0,3.0,0.6747476588397016,12.964615821838379,39.0,"{""type"":""Point"",""coordinates"":[109.87625245504651,19.30942752920056]}"
855,0.0,31.0,866.0,23.120187759399414,850.0,18.76971313601316,108.85987808437409,1373.8770751953125,46.0,17.37974739074707,11.0,1.0,0.49169472026697,10.250876426696777,46.0,"{""type"":""Point"",""coordinates"":[108.86006271480085,18.7695736134624]}"
856,0.0,28.0,742.0,26.410900115966797,618.0,19.12454767324037,109.21022104518073,1758.2235107421875,49.0,8.443455696105957,5.0,2.0,0.5755188876405066,11.127850532531738,38.0,"{""type"":""Point"",""coordinates"":[109.21210355543462,19.124361076472713]}"
857,0.0,30.0,337.0,19.938751220703125,229.0,19.01225826272543,109.94683957815869,1918.6240234375,45.0,3.005472421646118,4.0,2.0,0.6112114588085057,12.50434398651123,41.0,"{""type"":""Point"",""coordinates"":[109.94671926709051,19.010307656083924]}"
858,0.0,26.0,16.0,4.17662239074707,18.0,19.68599472581507,110.95295269637256,1269.6038818359375,48.0,1.0607237815856934,3.0,3.0,0.6674159965996469,12.38757038116455,46.0,"{""type"":""Point"",""coordinates"":[110.9509651479402,19.686015520666565]}"
859,0.0,24.0,101.0,10.378055572509766,63.0,19.501840092570568,109.90192381395275,1876.1185302734375,53.0,0.9089394211769104,4.0,3.0,0.6849012323769601,13.855340957641602,38.0,"{""type"":""Point"",""coordinates"":[109.90033990617465,19.500500085875803]}"
860,0.0,33.0,58.0,12.96509838104248,43.0,19.57819689172073,110.41396352590084,1897.1531982421875,40.0,1.58350670337677,3.0,3.0,0.7080949718938842,13.048650741577148,38.0,"{""type"":""Point"",""coordinates"":[110.41309647737941,19.58011995694084]}"
861,0.0,25.0,22.0,7.9014387130737305,23.0,19.49734851614997,110.7283738753427,1772.327880859375,47.0,0.6799020767211914,4.0,3.0,0.7333757151059065,13.762109756469727,37.0,"{""type"":""Point"",""coordinates"":[110.72891425073524,19.49956887772317]}"
862,0.0,25.0,33.0,7.292205333709717,33.0,18.549625891403878,109.9603143074205,1794.5362548828125,47.0,0.42738062143325806,2.0,1.0,0.6822338968311633,14.650371551513672,46.0,"{""type"":""Point"",""coordinates"":[109.96094539669579,18.54809193929549]}"
863,0.0,26.0,27.0,6.579652786254883,26.0,18.54064273856268,108.94521803636547,1518.7353515625,49.0,0.7460721135139465,4.0,1.0,0.669765783067898,14.096671104431152,47.0,"{""type"":""Point"",""coordinates"":[108.94341328893577,18.538524764845793]}"
864,0.0,25.0,170.0,9.531662940979004,41.0,18.756238406751365,109.22369577444249,1685.226806640625,53.0,1.1692627668380737,3.0,1.0,0.6743297691675233,13.560745239257812,42.0,"{""type"":""Point"",""coordinates"":[109.22174944122617,18.755294727923637]}"
865,0.0,27.0,86.0,5.309136390686035,76.0,19.74438521928284,109.94234800173814,1735.831298828125,49.0,0.16738148033618927,4.0,4.0,0.6879026625233716,15.556469917297363,33.0,"{""type"":""Point"",""coordinates"":[109.94283681539551,19.743461883521064]}"
866,0.0,24.0,210.0,10.9019193649292,191.0,18.527168009300887,109.30005257359267,1752.544921875,55.0,1.3406240940093994,4.0,1.0,0.5882514252347865,13.398329734802246,47.0,"{""type"":""Point"",""coordinates"":[109.30124198824198,18.52570541729011]}"
867,0.0,21.0,32.0,3.4124152660369873,32.0,19.039207721249014,108.72063921533555,1257.2379150390625,55.0,0.2684609293937683,2.0,2.0,0.6648280715625758,15.115934371948242,43.0,"{""type"":""Point"",""coordinates"":[108.7185030654159,19.03947990108533]}"
869,0.0,28.0,642.0,27.615259170532227,589.0,18.814628900219134,108.92276015426245,1506.3646240234375,48.0,13.22767162322998,9.0,1.0,0.5392495552008812,10.762625694274902,42.0,"{""type"":""Point"",""coordinates"":[108.92187312813722,18.813387328365817]}"
870,0.0,25.0,15.0,4.749369144439697,15.0,19.52429797467356,108.95869276562723,1430.927978515625,52.0,0.42985138297080994,2.0,3.0,0.7214590234336293,14.655023574829102,37.0,"{""type"":""Point"",""coordinates"":[108.96029606840506,19.525682396229726]}"
871,0.0,22.0,73.0,6.857295989990234,65.0,19.313193882905473,108.90928542500069,1582.085693359375,57.0,0.712024450302124,3.0,3.0,0.6490073126378386,14.11635684967041,42.0,"{""type"":""Point"",""coordinates"":[108.91073996727425,19.31191713234776]}"
872,0.0,29.0,109.0,40.49235153198242,86.0,19.093106638296184,109.0215748355156,1636.806396484375,41.0,12.337756156921387,7.0,2.0,0.6025014652049756,11.226800918579102,40.0,"{""type"":""Point"",""coordinates"":[109.02323732821729,19.093588427223114]}"
873,0.0,20.0,47.0,6.649294853210449,43.0,19.68599472581507,109.46624090115478,1652.7159423828125,61.0,0.5512599945068359,3.0,3.0,0.7198597582191809,14.387650489807129,33.0,"{""type"":""Point"",""coordinates"":[109.46490694399938,19.687854529918855]}"
874,0.0,35.0,887.0,17.057832717895508,756.0,18.886494122948697,109.21022104518073,1626.8511962890625,39.0,5.859173774719238,5.0,2.0,0.5402516065265986,11.342039108276367,44.0,"{""type"":""Point"",""coordinates"":[109.20985775617781,18.887747613105176]}"
875,0.0,24.0,46.0,11.431347846984863,43.0,19.308702306484875,110.38701406737727,2216.415771484375,51.0,0.549990177154541,5.0,3.0,0.7284730458579927,14.390542984008789,39.0,"{""type"":""Point"",""coordinates"":[110.38841649128842,19.308891804122798]}"
876,0.0,28.0,678.0,36.198272705078125,614.0,18.65293214907762,109.53361454746374,1800.4027099609375,49.0,12.83980655670166,5.0,1.0,0.5334874482291129,10.760468482971191,46.0,"{""type"":""Point"",""coordinates"":[109.53517937920444,18.653250399779832]}"
877,0.0,27.0,46.0,19.027658462524414,37.0,19.16048028460515,110.24777519833873,2227.55908203125,42.0,1.4880330562591553,4.0,2.0,0.726638156799818,13.395038604736328,40.0,"{""type"":""Point"",""coordinates"":[110.24993937489083,19.160731813461393]}"
878,0.0,25.0,987.0,24.413423538208008,900.0,18.819120476639732,109.753701792073,1974.5142822265625,46.0,5.990194797515869,5.0,1.0,0.5491369236637436,11.196910858154297,45.0,"{""type"":""Point"",""coordinates"":[109.75316149737229,18.818364520834617]}"
879,0.0,29.0,151.0,34.453067779541016,141.0,18.57657534992746,109.82107543838197,1966.743408203125,42.0,5.84194803237915,5.0,1.0,0.593952745248602,11.960658073425293,46.0,"{""type"":""Point"",""coordinates"":[109.82011584114115,18.575999170363374]}"
880,0.0,23.0,40.0,7.610123157501221,31.0,19.641078961609097,110.45438771368623,1838.9202880859375,54.0,0.5039200782775879,5.0,3.0,0.7465041407722879,14.207780838012695,33.0,"{""type"":""Point"",""coordinates"":[110.45325343065889,19.64132894328525]}"
881,0.0,26.0,135.0,34.49589538574219,135.0,18.500218550777305,109.76717652133482,1951.179931640625,54.0,6.383506774902344,4.0,1.0,0.6007811358200564,11.881272315979004,44.0,"{""type"":""Point"",""coordinates"":[109.7662626451819,18.5010843828727]}"
882,0.0,26.0,50.0,15.688861846923828,50.0,18.29809761185041,109.34945991421921,1569.0699462890625,46.0,3.011075019836426,6.0,0.0,0.6653177201073416,12.687152862548828,41.0,"{""type"":""Point"",""coordinates"":[109.35084318085393,18.298738264035915]}"
883,0.0,27.0,9.0,9.908137321472168,9.0,18.419370175206545,110.02319637730886,1781.7921142578125,49.0,0.9916712045669556,3.0,1.0,0.7261392545198034,13.822439193725586,42.0,"{""type"":""Point"",""coordinates"":[110.02341145234941,18.419607570789147]}"
884,0.0,25.0,8.0,6.351953983306885,8.0,19.24132866017591,110.55320239493938,1997.8380126953125,46.0,0.057359881699085236,2.0,2.0,0.7518936175610776,16.635770797729492,40.0,"{""type"":""Point"",""coordinates"":[110.55223768743912,19.241277978887815]}"
885,0.0,26.0,207.0,42.780982971191406,104.0,18.944884616416466,110.01421322446765,2218.06787109375,50.0,6.1924333572387695,4.0,2.0,0.611441921112844,11.866358757019043,44.0,"{""type"":""Point"",""coordinates"":[110.01257970762553,18.946208005960646]}"
886,0.0,30.0,63.0,10.820599555969238,63.0,19.852183053377182,110.07260371793546,1584.5396728515625,42.0,1.9592946767807007,6.0,4.0,0.6858156651171536,12.831671714782715,34.0,"{""type"":""Point"",""coordinates"":[110.07308819149698,19.853321594023214]}"
887,0.0,22.0,23.0,4.577142715454102,24.0,19.74438521928284,110.86312116796063,1475.865966796875,54.0,0.4417465329170227,2.0,4.0,0.6870813819229797,13.597530364990234,43.0,"{""type"":""Point"",""coordinates"":[110.86474286353665,19.746068522818344]}"
888,0.0,26.0,91.0,6.959341049194336,85.0,19.762351524965233,109.94683957815869,1631.6463623046875,48.0,0.632617712020874,4.0,4.0,0.6652029608555586,14.223835945129395,34.0,"{""type"":""Point"",""coordinates"":[109.94530225682159,19.760485545622913]}"
889,0.0,25.0,205.0,18.248146057128906,128.0,19.304210730064277,109.85700804974675,2028.7845458984375,50.0,2.0017812252044678,4.0,3.0,0.6467913552187206,13.00044059753418,37.0,"{""type"":""Point"",""coordinates"":[109.85782577525326,19.306332588162235]}"
890,0.0,27.0,52.0,8.886829376220703,52.0,19.57370531530013,109.17878001023655,1565.0616455078125,53.0,1.3316192626953125,2.0,3.0,0.6787533521026397,13.502619743347168,38.0,"{""type"":""Point"",""coordinates"":[109.18073804713437,19.571550202942024]}"
891,0.0,23.0,22.0,5.617593765258789,24.0,19.55573900961774,110.79574752165166,1661.63134765625,48.0,0.29815199971199036,2.0,3.0,0.7342890083916036,14.586493492126465,35.0,"{""type"":""Point"",""coordinates"":[110.7977739338501,19.555037633254322]}"
892,0.0,27.0,76.0,32.145267486572266,73.0,19.232345507334713,110.35557303243309,2412.95166015625,50.0,3.006683111190796,4.0,2.0,0.7028988534254752,12.673221588134766,37.0,"{""type"":""Point"",""coordinates"":[110.35696249369502,19.23055916085922]}"
893,0.0,27.0,53.0,39.413551330566406,56.0,19.003275109884235,110.43642140800387,2056.845458984375,51.0,6.513582229614258,4.0,2.0,0.6776181069991867,11.890782356262207,40.0,"{""type"":""Point"",""coordinates"":[110.43737419290136,19.001689247131516]}"
894,0.0,29.0,314.0,37.040428161621094,206.0,18.98980038062244,109.91989011963511,1983.186767578125,42.0,7.033164024353027,4.0,2.0,0.6028712720388959,11.666143417358398,41.0,"{""type"":""Point"",""coordinates"":[109.9188497681394,18.991149113563]}"
895,0.0,28.0,110.0,18.220077514648438,55.0,19.429974869841004,109.85251647332615,1969.310791015625,43.0,2.081428050994873,4.0,3.0,0.6943494671949391,13.020988464355469,38.0,"{""type"":""Point"",""coordinates"":[109.85066553809273,19.431138232767537]}"
896,0.0,25.0,123.0,8.89319896697998,44.0,19.389550682055628,110.08607844719722,2215.8115234375,46.0,0.2154984027147293,4.0,3.0,0.7321096397954688,15.281331062316895,37.0,"{""type"":""Point"",""coordinates"":[110.0879935755371,19.388025032958193]}"
897,0.0,30.0,115.0,12.757554054260254,99.0,19.650062114450293,109.55607242956671,1616.5009765625,45.0,2.179518699645996,4.0,3.0,0.6421230255860234,12.971845626831055,34.0,"{""type"":""Point"",""coordinates"":[109.5568371101737,19.64800847866571]}"
898,0.0,24.0,111.0,5.951480388641357,54.0,19.60514635024431,109.67285341650228,1718.70361328125,48.0,0.2692224681377411,3.0,3.0,0.7086116916563303,15.066082954406738,33.0,"{""type"":""Point"",""coordinates"":[109.67144075109164,19.6048727235942]}"
899,0.0,23.0,112.0,13.16153621673584,84.0,18.49123539793611,109.36293464348103,1749.0213623046875,56.0,1.7939530611038208,4.0,1.0,0.6191285018621985,13.1685152053833,45.0,"{""type"":""Point"",""coordinates"":[109.36464309562008,18.491435427445783]}"
900,0.0,28.0,293.0,13.058095932006836,172.0,19.052682450510808,109.83455016764378,1929.145263671875,48.0,1.4054841995239258,4.0,2.0,0.620056590260111,13.295736312866211,41.0,"{""type"":""Point"",""coordinates"":[109.83531008631118,19.054026014188253]}"
901,0.0,23.0,78.0,4.409679889678955,64.0,19.699469455076866,109.5920050409315,1616.5009765625,53.0,0.08367845416069031,3.0,3.0,0.6940295659807723,16.25455665588379,33.0,"{""type"":""Point"",""coordinates"":[109.59080932016607,19.70026571765034]}"
902,0.0,26.0,32.0,7.202462673187256,28.0,19.097598214716783,110.35557303243309,2123.759033203125,46.0,0.08351480960845947,4.0,2.0,0.741635152636986,16.28362274169922,39.0,"{""type"":""Point"",""coordinates"":[110.35338988179556,19.099594272269734]}"
903,0.0,26.0,233.0,44.39797592163086,188.0,19.281752847961286,109.1832715866571,1905.7882080078125,51.0,10.445507049560547,4.0,3.0,0.601921924555032,11.319282531738281,39.0,"{""type"":""Point"",""coordinates"":[109.18122463863651,19.280738678843193]}"
904,0.0,30.0,22.0,3.837125778198242,23.0,19.80277571275061,109.2281873508631,1289.7923583984375,39.0,0.36578568816185,2.0,4.0,0.7215646463904404,14.812382698059082,33.0,"{""type"":""Point"",""coordinates"":[109.22847703314677,19.801787841606657]}"
905,0.0,26.0,175.0,14.127543449401855,170.0,18.648440572657023,109.99175534236468,1923.6046142578125,48.0,1.5033447742462158,3.0,1.0,0.6080007169294338,13.306169509887695,45.0,"{""type"":""Point"",""coordinates"":[109.99117419029257,18.64875455143109]}"
906,0.0,22.0,30.0,7.018789291381836,30.0,18.477760668674314,109.72226075712882,1826.4510498046875,56.0,0.36479076743125916,4.0,1.0,0.6938636890591178,14.810471534729004,45.0,"{""type"":""Point"",""coordinates"":[109.72172488694983,18.47831585478802]}"
907,0.0,28.0,132.0,9.772181510925293,70.0,19.587180044561926,109.73573548639064,1795.5010986328125,48.0,0.9807648062705994,4.0,3.0,0.6879685607453695,13.760318756103516,34.0,"{""type"":""Point"",""coordinates"":[109.73639868272348,19.587562525305497]}"
908,0.0,23.0,42.0,8.057791709899902,44.0,18.446319633730134,109.76268494491421,1787.9580078125,51.0,0.5767577886581421,4.0,1.0,0.6877703498653447,14.345359802246094,42.0,"{""type"":""Point"",""coordinates"":[109.76294776278556,18.44577920192701]}"
909,0.0,28.0,372.0,21.943927764892578,211.0,18.832595205901526,109.42132513694878,1776.2562255859375,49.0,4.491387367248535,6.0,2.0,0.5709631219361165,12.076437950134277,47.0,"{""type"":""Point"",""coordinates"":[109.42175902303424,18.833748759712307]}"
910,0.0,25.0,25.0,6.906032562255859,10.0,19.739893642862242,110.10853632930025,1779.0294189453125,49.0,0.40611085295677185,3.0,3.0,0.7748718094601448,14.601155281066895,31.0,"{""type"":""Point"",""coordinates"":[110.1093903543738,19.73893645905848]}"
911,0.0,22.0,43.0,10.06583309173584,43.0,18.3160639175328,109.1877631630777,1568.0506591796875,58.0,1.5557082891464233,3.0,0.0,0.6805299613215544,13.352298736572266,40.0,"{""type"":""Point"",""coordinates"":[109.18668003505528,18.317657564780085]}"
912,0.0,34.0,134.0,7.824134349822998,124.0,19.528789551094157,110.56218554778059,1916.2930908203125,38.0,0.49024325609207153,4.0,3.0,0.6547232415748553,14.160362243652344,36.0,"{""type"":""Point"",""coordinates"":[110.56326527828914,19.528836982601156]}"
913,0.0,26.0,43.0,35.70526885986328,46.0,18.311572341112203,109.60547977019331,1785.35986328125,46.0,7.539443492889404,2.0,0.0,0.6605088368677029,11.768531799316406,42.0,"{""type"":""Point"",""coordinates"":[109.60677264038075,18.311961882291136]}"
915,0.0,25.0,1269.0,25.703641891479492,1072.0,19.01674983914603,109.52912297104314,1811.0330810546875,44.0,15.373912811279297,11.0,2.0,0.5159594768780812,9.7737455368042,42.0,"{""type"":""Point"",""coordinates"":[109.5309659620172,19.01524408360339]}"
916,0.0,32.0,82.0,18.75942039489746,71.0,19.587180044561926,110.29718253896533,1893.507568359375,38.0,2.527465581893921,5.0,3.0,0.6686959899746184,12.804448127746582,39.0,"{""type"":""Point"",""coordinates"":[110.29593558443271,19.585632638508727]}"
917,0.0,25.0,57.0,9.190886497497559,56.0,18.554117467824476,109.91989011963511,1858.54150390625,47.0,0.6757513880729675,4.0,1.0,0.6595940887219555,14.178133964538574,46.0,"{""type"":""Point"",""coordinates"":[109.92209788918125,18.554298749940926]}"
918,0.0,28.0,61.0,15.654308319091797,56.0,18.63496584339523,109.96480588384111,1923.6046142578125,43.0,1.7098877429962158,4.0,1.0,0.6549292310023782,13.247162818908691,47.0,"{""type"":""Point"",""coordinates"":[109.96554318796088,18.63322075457203]}"
919,0.0,23.0,18.0,10.51988697052002,20.0,19.164971861025748,110.44989613726563,2211.063232421875,50.0,0.41765695810317993,4.0,2.0,0.7552151468840663,14.662860870361328,39.0,"{""type"":""Point"",""coordinates"":[110.45184784858041,19.165328172396237]}"
920,0.0,27.0,1068.0,24.749835968017578,989.0,18.65293214907762,109.50666508894017,1800.4027099609375,43.0,9.692290306091309,9.0,1.0,0.5226920798227173,10.5978364944458,46.0,"{""type"":""Point"",""coordinates"":[109.50514173212052,18.65109401085204]}"
921,0.0,26.0,48.0,8.251727104187012,48.0,19.416500140579217,108.97665907130965,1693.1910400390625,48.0,0.796717643737793,2.0,3.0,0.6928158072455287,14.018735885620117,38.0,"{""type"":""Point"",""coordinates"":[108.97690103215324,19.415022318232158]}"
922,0.0,22.0,4.0,2.3378188610076904,5.0,19.259294965858295,108.64428241618543,1081.6297607421875,56.0,0.1720791757106781,2.0,2.0,0.6950821273146696,15.487117767333984,41.0,"{""type"":""Point"",""coordinates"":[108.64513643633153,19.26084940887513]}"
923,0.0,26.0,134.0,19.638736724853516,127.0,18.729288948227783,110.09506160003843,2268.687744140625,52.0,1.659807562828064,4.0,1.0,0.6309627172790588,13.232776641845703,45.0,"{""type"":""Point"",""coordinates"":[110.09289885959319,18.72969150609099]}"
924,0.0,42.0,95.0,8.831887245178223,95.0,19.789300983488815,109.60547977019331,1437.4508056640625,34.0,1.8565881252288818,7.0,4.0,0.6450859583388167,13.144485473632812,33.0,"{""type"":""Point"",""coordinates"":[109.603390191441,19.790692521407802]}"
925,0.0,27.0,24.0,4.754964351654053,25.0,19.924048276106745,110.49930347789223,1627.79248046875,46.0,0.2109520137310028,4.0,4.0,0.7106318830058689,14.459440231323242,40.0,"{""type"":""Point"",""coordinates"":[110.5005855576943,19.926045916883016]}"
926,0.0,25.0,132.0,7.089943885803223,79.0,19.358109647111448,109.29106942075146,1657.0560302734375,44.0,0.5767925381660461,4.0,3.0,0.6710160833510961,14.291232109069824,34.0,"{""type"":""Point"",""coordinates"":[109.28940543318174,19.359237152266605]}"
927,0.0,30.0,793.0,25.5565242767334,712.0,18.805645747377937,109.69531129860525,1782.0906982421875,45.0,7.990417003631592,4.0,1.0,0.5344117636182223,11.13194751739502,47.0,"{""type"":""Point"",""coordinates"":[109.69475513759964,18.80756229687005]}"
928,0.0,24.0,137.0,9.308639526367188,99.0,19.043699297669612,108.90030227215948,1570.812255859375,47.0,1.27409029006958,3.0,2.0,0.6046504617256745,13.495505332946777,42.0,"{""type"":""Point"",""coordinates"":[108.89812652680502,19.044327103541885]}"
929,0.0,26.0,243.0,17.717864990234375,246.0,18.383437563841767,109.68183656934343,1837.5081787109375,53.0,2.7288084030151367,4.0,1.0,0.6087389800529801,12.665392875671387,42.0,"{""type"":""Point"",""coordinates"":[109.67992632104114,18.382889048133425]}"
930,0.0,27.0,139.0,12.575634956359863,114.0,19.322177035746662,110.24328362191818,2218.1337890625,44.0,0.6989369988441467,4.0,3.0,0.6670311165466618,14.094808578491211,37.0,"{""type"":""Point"",""coordinates"":[110.24247584505154,19.320814621122317]}"
931,0.0,31.0,533.0,46.92546463012695,531.0,18.41038702236535,109.32700203211624,1681.0557861328125,42.0,20.94554901123047,6.0,1.0,0.5356359367579123,10.368681907653809,41.0,"{""type"":""Point"",""coordinates"":[109.32723636202624,18.412313188035725]}"
932,0.0,31.0,354.0,9.301605224609375,196.0,18.95835934567826,109.83455016764378,2049.12109375,40.0,0.5123297572135925,4.0,2.0,0.6134038282962483,14.262370109558105,44.0,"{""type"":""Point"",""coordinates"":[109.83450472620567,18.957606809465574]}"
933,0.0,25.0,32.0,7.478175163269043,23.0,19.730910490021046,110.21633416339455,1758.501708984375,50.0,0.5967220664024353,4.0,3.0,0.7633155157439585,14.044861793518066,30.0,"{""type"":""Point"",""coordinates"":[110.21792678150294,19.7323937227089]}"
934,0.0,25.0,32.0,6.6474995613098145,35.0,18.90446042863109,110.36006460885369,1992.500732421875,51.0,0.13414253294467926,4.0,2.0,0.6990866680776435,15.809741973876953,45.0,"{""type"":""Point"",""coordinates"":[110.3617055165696,18.90589718047468]}"
935,0.0,31.0,416.0,27.943201065063477,354.0,18.922426734313476,108.98564222415081,1662.537353515625,40.0,8.05049991607666,7.0,2.0,0.5740692453953609,11.455902099609375,42.0,"{""type"":""Point"",""coordinates"":[108.98684962875922,18.92158581337286]}"
936,0.0,27.0,6.0,5.734026908874512,8.0,19.623112655926704,110.76879806312809,1619.260986328125,42.0,0.4061042070388794,6.0,3.0,0.7442206407498081,14.291601181030273,37.0,"{""type"":""Point"",""coordinates"":[110.76945865930509,19.621299739545027]}"
937,0.0,28.0,56.0,7.557051181793213,55.0,19.77133467780643,110.55769397135998,1627.6031494140625,40.0,0.8908908367156982,4.0,4.0,0.690787785624534,13.461114883422852,36.0,"{""type"":""Point"",""coordinates"":[110.55788016965856,19.77283861574036]}"
938,0.0,30.0,497.0,50.55249786376953,328.0,19.142513978922757,109.65937868724046,1976.4073486328125,40.0,13.68997859954834,5.0,2.0,0.5769024183219797,10.849751472473145,40.0,"{""type"":""Point"",""coordinates"":[109.66142385509052,19.144022670622142]}"
939,0.0,27.0,96.0,11.40022087097168,61.0,19.546755856776542,110.03217953015007,1908.0859375,48.0,1.0388246774673462,2.0,3.0,0.7007093907120412,13.724772453308105,35.0,"{""type"":""Point"",""coordinates"":[110.03047017986071,19.546456605654985]}"
940,0.0,29.0,665.0,25.40258026123047,459.0,18.693356336862998,109.4437830190518,1786.7757568359375,49.0,7.127330303192139,7.0,1.0,0.5558785958493376,11.372875213623047,45.0,"{""type"":""Point"",""coordinates"":[109.44517871785966,18.69449239232402]}"
941,0.0,27.0,57.0,5.646032810211182,57.0,19.91057354684495,110.31065726822715,1611.625244140625,45.0,0.43087270855903625,4.0,4.0,0.680189173347276,14.16064453125,38.0,"{""type"":""Point"",""coordinates"":[110.31006489605636,19.91254001649894]}"
942,0.0,26.0,26.0,6.444284915924072,27.0,19.501840092570568,110.75532333386627,1663.76416015625,48.0,0.5506364703178406,5.0,3.0,0.7233666223754108,13.969438552856445,37.0,"{""type"":""Point"",""coordinates"":[110.7530954231657,19.49977359323043]}"
943,0.0,22.0,124.0,25.538373947143555,108.0,19.245820236596508,109.0260664119362,1769.2696533203125,56.0,4.870573997497559,4.0,2.0,0.6137350960868729,12.160294532775879,40.0,"{""type"":""Point"",""coordinates"":[109.02419117568704,19.24781273205082]}"
944,0.0,27.0,77.0,7.255959987640381,55.0,19.55124743319714,109.52013981820193,1732.1571044921875,47.0,0.5427554845809937,4.0,3.0,0.7057608260151254,14.385446548461914,34.0,"{""type"":""Point"",""coordinates"":[109.51932302966367,19.553096930292412]}"
945,0.0,32.0,140.0,11.148978233337402,76.0,19.564722162458935,109.76717652133482,1785.910400390625,43.0,1.320447564125061,4.0,3.0,0.674626928102775,13.457895278930664,35.0,"{""type"":""Point"",""coordinates"":[109.76578058537032,19.566650151379367]}"
946,0.0,30.0,16.0,2.3562076091766357,17.0,19.94650615820973,109.56954715882853,1079.2314453125,40.0,0.18257789313793182,3.0,4.0,0.7082374059286326,15.367935180664062,35.0,"{""type"":""Point"",""coordinates"":[109.56797426507343,19.947126110254292]}"
947,0.0,22.0,128.0,9.301822662353516,76.0,19.470399057626388,109.85251647332615,1938.46728515625,54.0,0.5991755723953247,4.0,3.0,0.6780872618250368,14.255623817443848,37.0,"{""type"":""Point"",""coordinates"":[109.8512138293214,19.468174824212394]}"
948,0.0,23.0,9.0,6.619971752166748,12.0,18.819120476639732,110.41396352590084,1818.0169677734375,52.0,0.28679710626602173,2.0,1.0,0.6956613089952827,15.04403305053711,49.0,"{""type"":""Point"",""coordinates"":[110.41452447104251,18.81811753206587]}"
949,0.0,30.0,506.0,25.202571868896484,291.0,18.980817227781245,109.64590395797865,1833.120849609375,39.0,5.255070686340332,5.0,2.0,0.5806289371059042,11.816502571105957,43.0,"{""type"":""Point"",""coordinates"":[109.64438624039259,18.982628761750398]}"
950,0.0,33.0,47.0,7.785398483276367,47.0,19.88362408832137,109.83455016764378,1427.4068603515625,39.0,1.339619755744934,4.0,4.0,0.6956046066090413,13.499564170837402,34.0,"{""type"":""Point"",""coordinates"":[109.83632203480283,19.885630076134508]}"
951,0.0,20.0,24.0,4.087393283843994,24.0,19.753368372124037,110.9349863906902,1352.3848876953125,57.0,0.6332635879516602,2.0,4.0,0.6656999846242811,12.882986068725586,46.0,"{""type"":""Point"",""coordinates"":[110.93692682843279,19.75415121711172]}"
952,0.0,30.0,259.0,44.215965270996094,81.0,19.133530826081568,109.45276617189296,1921.056396484375,37.0,9.717706680297852,4.0,2.0,0.6286525126793978,11.375751495361328,38.0,"{""type"":""Point"",""coordinates"":[109.45125229557621,19.134217012871396]}"
953,0.0,27.0,55.0,4.838279724121094,48.0,19.80277571275061,110.1130279057208,1559.87744140625,42.0,0.25051403045654297,4.0,4.0,0.7144098161686437,14.89511489868164,32.0,"{""type"":""Point"",""coordinates"":[110.11299487808085,19.80120144055729]}"
954,0.0,28.0,401.0,10.613016128540039,285.0,19.35361807069085,109.45725774831357,1854.603759765625,50.0,1.1563782691955566,4.0,3.0,0.6277247988452397,13.413983345031738,37.0,"{""type"":""Point"",""coordinates"":[109.45688644865999,19.35465897545408]}"
955,0.0,29.0,40.0,6.366776943206787,40.0,19.501840092570568,109.01259168267438,1383.4564208984375,47.0,1.032366394996643,3.0,3.0,0.6881013171761348,13.764267921447754,37.0,"{""type"":""Point"",""coordinates"":[109.01309673637249,19.50260360831084]}"
956,0.0,22.0,17.0,9.28127670288086,20.0,18.944884616416466,110.46786244294805,1885.420654296875,49.0,0.6165446043014526,3.0,2.0,0.7253300165786981,14.273957252502441,41.0,"{""type"":""Point"",""coordinates"":[110.47009234869957,18.943428607618948]}"
957,0.0,24.0,20.0,5.835994720458984,21.0,19.735402066441644,110.82269698017524,1531.42919921875,51.0,0.8121803998947144,4.0,3.0,0.6943168145308165,13.05555248260498,43.0,"{""type"":""Point"",""coordinates"":[110.82468901750494,19.736644566072137]}"
958,0.0,32.0,76.0,13.97071361541748,61.0,19.57370531530013,110.23879204549758,1916.822265625,39.0,1.4801684617996216,4.0,3.0,0.6889704298932725,13.382598876953125,38.0,"{""type"":""Point"",""coordinates"":[110.24080648735631,19.571536690448113]}"
959,0.0,29.0,419.0,42.59720993041992,241.0,18.985308804201843,109.77615967417603,2034.1593017578125,45.0,9.104607582092285,4.0,2.0,0.5798533991185784,11.328751564025879,44.0,"{""type"":""Point"",""coordinates"":[109.77406605897217,18.98353619313225]}"
960,0.0,26.0,7.0,3.6324703693389893,8.0,20.036337686621685,110.71040756966033,1424.808837890625,47.0,0.19193634390830994,3.0,4.0,0.6953737338410766,14.115081787109375,45.0,"{""type"":""Point"",""coordinates"":[110.70966516916471,20.034617008522495]}"
961,0.0,25.0,149.0,15.20847225189209,95.0,18.940393039995868,109.03504956477741,1564.971435546875,48.0,3.0022835731506348,5.0,2.0,0.6083413362568686,12.630155563354492,41.0,"{""type"":""Point"",""coordinates"":[109.03621344443278,18.939706700796123]}"
962,0.0,29.0,109.0,40.49235153198242,86.0,19.093106638296184,109.0215748355156,1636.806396484375,41.0,12.337756156921387,7.0,2.0,0.6025014652049756,11.226800918579102,40.0,"{""type"":""Point"",""coordinates"":[109.02074439458588,19.094249270585017]}"
963,0.0,26.0,5.0,3.659012794494629,5.0,20.004896651677498,110.40498037305969,1459.57275390625,44.0,0.08376394957304001,3.0,4.0,0.7279043060664976,15.409814834594727,39.0,"{""type"":""Point"",""coordinates"":[110.40629558525671,20.005937120903624]}"
964,0.0,28.0,183.0,36.129669189453125,124.0,19.0751403326138,109.9513311545793,2047.1768798828125,48.0,5.959649085998535,4.0,2.0,0.6088718585610229,11.920378684997559,43.0,"{""type"":""Point"",""coordinates"":[109.94992235180186,19.074956810170416]}"
965,0.0,23.0,192.0,11.824298858642578,177.0,18.99429195704304,108.84191177869172,1374.4921875,56.0,3.090808153152466,3.0,2.0,0.5829810098811029,12.57384967803955,42.0,"{""type"":""Point"",""coordinates"":[108.84262957754925,18.99239395584927]}"
966,0.0,31.0,4.0,3.609431028366089,5.0,19.959980887471524,110.79574752165166,1453.577392578125,39.0,0.13485771417617798,3.0,4.0,0.6874808109892144,14.474642753601074,48.0,"{""type"":""Point"",""coordinates"":[110.7971113962008,19.960752505349653]}"
967,0.0,26.0,125.0,6.469283103942871,124.0,19.501840092570568,109.16530528097474,1547.03271484375,55.0,0.7612355351448059,5.0,3.0,0.6417465361393938,14.018058776855469,34.0,"{""type"":""Point"",""coordinates"":[109.16752691682427,19.499995294552804]}"
968,0.0,28.0,37.0,4.352617263793945,38.0,19.96896404031272,110.28819938612412,1565.65576171875,44.0,0.18308669328689575,2.0,4.0,0.6991149899573119,14.582392692565918,38.0,"{""type"":""Point"",""coordinates"":[110.28853447552308,19.96991388701032]}"
969,0.0,23.0,17.0,8.563338279724121,17.0,18.57208377350686,110.06811214151486,1994.8236083984375,44.0,0.3494341969490051,3.0,1.0,0.7184579164262952,14.861001968383789,45.0,"{""type"":""Point"",""coordinates"":[110.06627791886919,18.57429254622299]}"
970,0.0,26.0,7.0,4.043071746826172,8.0,20.031846110201087,110.58015185346295,1436.5220947265625,41.0,0.31060662865638733,2.0,4.0,0.6994162188453482,13.633712768554688,44.0,"{""type"":""Point"",""coordinates"":[110.57843392767475,20.03023670659911]}"
971,0.0,32.0,102.0,15.25505542755127,102.0,19.784809407068217,109.99624691878529,1656.40234375,39.0,2.630126953125,5.0,4.0,0.6522394488916835,12.791607856750488,32.0,"{""type"":""Point"",""coordinates"":[109.99797352698424,19.784622907770427]}"
972,0.0,28.0,362.0,35.80988311767578,238.0,18.886494122948697,109.06199902330098,1588.802490234375,41.0,12.84821605682373,7.0,2.0,0.5592566817898488,11.017704963684082,42.0,"{""type"":""Point"",""coordinates"":[109.0622649397384,18.885210980521403]}"
973,0.0,30.0,263.0,27.339675903320312,251.0,18.608016384871647,108.99462537699202,1617.048095703125,42.0,7.617405414581299,4.0,1.0,0.5485758676757538,11.620320320129395,49.0,"{""type"":""Point"",""coordinates"":[108.99364156683924,18.608913266092966]}"
974,0.0,22.0,191.0,7.5387797355651855,51.0,18.67988160760121,109.24615365654546,1744.523681640625,56.0,0.5941882729530334,3.0,1.0,0.6585565742659658,14.224417686462402,44.0,"{""type"":""Point"",""coordinates"":[109.24682639956565,18.68034696633506]}"
975,0.0,22.0,128.0,12.122894287109375,90.0,19.587180044561926,109.85251647332615,1812.8343505859375,55.0,1.3524011373519897,4.0,3.0,0.6611787556396842,13.441391944885254,35.0,"{""type"":""Point"",""coordinates"":[109.85404193004895,19.588108649093186]}"
976,0.0,25.0,256.0,9.872537612915039,181.0,19.16048028460515,109.92438169605572,2036.1439208984375,46.0,0.5584074258804321,4.0,2.0,0.6317448421300652,14.243996620178223,41.0,"{""type"":""Point"",""coordinates"":[109.92288189639967,19.158582375255016]}"
977,0.0,29.0,97.0,10.28777027130127,79.0,19.66353684371208,109.57403873524913,1616.5009765625,46.0,1.502166748046875,4.0,3.0,0.6721221179964565,13.355230331420898,33.0,"{""type"":""Point"",""coordinates"":[109.57231448724363,19.663008857974344]}"
978,0.0,24.0,234.0,18.50316619873047,228.0,18.43284490446834,109.36293464348103,1695.595458984375,53.0,3.4992921352386475,3.0,1.0,0.6021612591811897,12.42215633392334,41.0,"{""type"":""Point"",""coordinates"":[109.36136146167904,18.434528255738744]}"
979,0.0,31.0,120.0,12.68025016784668,101.0,19.46141590478519,110.45438771368623,1950.7633056640625,35.0,1.149173378944397,4.0,3.0,0.6416757701365816,13.569190979003906,39.0,"{""type"":""Point"",""coordinates"":[110.45234462601722,19.45923793633551]}"
980,0.0,28.0,65.0,4.420098781585693,65.0,19.87913251190077,110.3241319974889,1634.347900390625,45.0,0.08372854441404343,9.0,4.0,0.685931262774177,15.978546142578125,36.0,"{""type"":""Point"",""coordinates"":[110.323952334518,19.877948993159386]}"
981,0.0,27.0,32.0,16.77523422241211,32.0,18.42835332804774,109.17428843381595,1674.515380859375,45.0,2.7990095615386963,4.0,1.0,0.6872940810555674,12.770830154418945,42.0,"{""type"":""Point"",""coordinates"":[109.17306463854258,18.429470465493303]}"
982,0.0,25.0,14.0,6.817198276519775,14.0,18.401403869524152,109.20123789233952,1729.126220703125,49.0,0.4384223222732544,2.0,1.0,0.7227807035543715,14.635855674743652,41.0,"{""type"":""Point"",""coordinates"":[109.19988480400062,18.403132913894122]}"
983,0.0,31.0,231.0,30.89191246032715,217.0,18.608016384871647,108.99911695341262,1617.048095703125,40.0,9.104039192199707,5.0,1.0,0.5468318301067947,11.4607515335083,49.0,"{""type"":""Point"",""coordinates"":[108.99694258930002,18.60596055989127]}"
984,0.0,23.0,32.0,6.820772171020508,32.0,19.600654773823713,109.31801887927503,1593.499755859375,51.0,0.6312344670295715,2.0,3.0,0.7150429383010033,14.260929107666016,36.0,"{""type"":""Point"",""coordinates"":[109.31593698502964,19.602689786816835]}"
985,0.0,27.0,255.0,25.83537483215332,157.0,19.416500140579217,109.70878602786706,1906.7242431640625,44.0,4.185414791107178,4.0,3.0,0.6424259483756682,12.228643417358398,34.0,"{""type"":""Point"",""coordinates"":[109.71009496209595,19.418627967313455]}"
986,0.0,24.0,22.0,5.784503936767578,22.0,19.6365873851885,109.30903572643388,1593.499755859375,54.0,0.4414692521095276,2.0,3.0,0.727470171220759,14.624316215515137,36.0,"{""type"":""Point"",""coordinates"":[109.30684161540614,19.63533583147761]}"
987,0.0,24.0,179.0,11.842679023742676,62.0,19.34912649427025,109.61895449945507,1876.7547607421875,49.0,1.1470447778701782,17.0,3.0,0.6943974880517959,13.57422924041748,37.0,"{""type"":""Point"",""coordinates"":[109.61734825770327,19.350239352826854]}"
988,0.0,24.0,46.0,7.136150360107422,46.0,18.720305795386587,110.1624352463474,1980.0189208984375,52.0,0.21487697958946228,3.0,1.0,0.6841810957073209,15.330403327941895,45.0,"{""type"":""Point"",""coordinates"":[110.16066616778178,18.719035541899125]}"
989,0.0,24.0,26.0,6.8262104988098145,29.0,18.895477275789894,110.3735393381155,1956.7330322265625,51.0,0.18188048899173737,5.0,2.0,0.7044989804181525,15.50877571105957,45.0,"{""type"":""Point"",""coordinates"":[110.37376630829168,18.895057863542963]}"
990,0.0,29.0,156.0,19.510446548461914,84.0,18.8820025465281,108.99013380057141,1604.369140625,43.0,4.255847930908203,4.0,2.0,0.617771454736057,12.275932312011719,41.0,"{""type"":""Point"",""coordinates"":[108.99117762626014,18.88261430519251]}"
991,0.0,30.0,26.0,6.099948406219482,26.0,19.89260724116256,109.81658386196136,1427.4068603515625,42.0,0.8088115453720093,4.0,4.0,0.7219194183334955,14.016496658325195,34.0,"{""type"":""Point"",""coordinates"":[109.81495821231564,19.89270983652082]}"
993,0.0,23.0,81.0,8.827291488647461,81.0,19.35361807069085,108.94970961278602,1564.0206298828125,55.0,1.2353427410125732,2.0,3.0,0.6360388037175349,13.56048583984375,40.0,"{""type"":""Point"",""coordinates"":[108.9492506273779,19.35502668436359]}"
994,0.0,24.0,145.0,6.812130928039551,115.0,19.506331668991166,110.1130279057208,1965.41162109375,52.0,0.18255704641342163,4.0,3.0,0.6713941804816506,15.433625221252441,33.0,"{""type"":""Point"",""coordinates"":[110.1124658590727,19.50852566656345]}"
995,0.0,39.0,71.0,3.826782464981079,72.0,19.820742018433002,109.5515808531461,1294.5404052734375,34.0,0.44194403290748596,5.0,4.0,0.6664250726720053,14.594508171081543,33.0,"{""type"":""Point"",""coordinates"":[109.5522933666768,19.819694343584917]}"
996,0.0,25.0,152.0,18.04364013671875,150.0,18.76522155959256,108.78352128522391,1348.03369140625,53.0,6.275947570800781,4.0,1.0,0.5619776956264142,11.887835502624512,45.0,"{""type"":""Point"",""coordinates"":[108.78503516119432,18.763728630225742]}"
997,0.0,26.0,103.0,13.235542297363281,74.0,19.510823245411764,110.12650263498261,1965.41162109375,50.0,1.2520447969436646,6.0,3.0,0.6958445638002789,13.533799171447754,34.0,"{""type"":""Point"",""coordinates"":[110.12600563471455,19.51085476123206]}"
998,0.0,31.0,563.0,41.6309700012207,414.0,18.93590146357527,109.83005859122318,1981.3450927734375,37.0,10.230198860168457,4.0,2.0,0.5606954084991689,11.095629692077637,45.0,"{""type"":""Point"",""coordinates"":[109.82821612102909,18.936443891957765]}"
999,0.0,27.0,423.0,21.641345977783203,243.0,18.8820025465281,109.51115666536077,1659.7001953125,48.0,5.33937406539917,6.0,2.0,0.5674824911012425,11.864985466003418,45.0,"{""type"":""Point"",""coordinates"":[109.51115086801306,18.882028859734813]}"
1000,0.0,27.0,201.0,16.740264892578125,184.0,18.868527817266305,110.21184258697394,2274.495849609375,49.0,1.2468767166137695,4.0,2.0,0.6288491182814888,13.476667404174805,45.0,"{""type"":""Point"",""coordinates"":[110.21250512099691,18.86717269720662]}"
1001,0.0,24.0,11.0,8.612556457519531,14.0,18.774204712433757,110.3735393381155,1882.5242919921875,50.0,0.5452330708503723,2.0,1.0,0.696216651325722,14.419538497924805,49.0,"{""type"":""Point"",""coordinates"":[110.37258696525633,18.77521902396946]}"
1002,0.0,35.0,80.0,18.369853973388672,80.0,19.043699297669612,110.39599722021848,2057.79345703125,36.0,1.9444299936294556,4.0,2.0,0.6741904141509099,13.107234954833984,38.0,"{""type"":""Point"",""coordinates"":[110.39568485877516,19.044416746938566]}"
1003,0.0,31.0,694.0,33.974952697753906,658.0,18.756238406751365,110.03217953015007,2117.95166015625,44.0,7.040339469909668,5.0,1.0,0.5713597624797505,11.358240127563477,45.0,"{""type"":""Point"",""coordinates"":[110.03096996123327,18.75564397260102]}"
1004,0.0,28.0,358.0,24.793418884277344,202.0,19.079631909034397,109.77615967417603,1876.8001708984375,47.0,4.532546043395996,4.0,2.0,0.6069285178553339,12.077371597290039,40.0,"{""type"":""Point"",""coordinates"":[109.77772895395432,19.08103318786121]}"
1005,0.0,25.0,15.0,4.298551082611084,16.0,19.919556699686147,110.72388229892209,1489.556640625,46.0,0.33495599031448364,4.0,4.0,0.6768940485306393,13.54038143157959,48.0,"{""type"":""Point"",""coordinates"":[110.7250152194571,19.91831810961619]}"
1006,0.0,27.0,661.0,18.86347770690918,583.0,18.810137323798536,109.72675233354943,1915.739013671875,45.0,3.110706090927124,5.0,1.0,0.5695310011490722,12.209829330444336,46.0,"{""type"":""Point"",""coordinates"":[109.72465521495045,18.809060906804444]}"
1007,0.0,28.0,181.0,29.614673614501953,150.0,18.93590146357527,110.1624352463474,2145.433349609375,47.0,3.772953987121582,4.0,2.0,0.6085742239628283,12.380974769592285,46.0,"{""type"":""Point"",""coordinates"":[110.16090215184566,18.93735316218881]}"
1008,0.0,19.0,76.0,9.51366138458252,66.0,19.12903924966097,108.8688612372153,1569.6474609375,61.0,1.3770376443862915,2.0,2.0,0.6573035057923641,13.454850196838379,39.0,"{""type"":""Point"",""coordinates"":[108.86760208192482,19.128627130487615]}"
1009,0.0,21.0,14.0,4.827404499053955,15.0,19.820742018433002,109.47971563041654,1282.27294921875,54.0,0.6802979707717896,2.0,4.0,0.716153234033303,14.196479797363281,36.0,"{""type"":""Point"",""coordinates"":[109.47962413204104,19.822128058784305]}"
1010,0.0,26.0,23.0,5.57588529586792,24.0,19.874640935480173,110.67447495829555,1642.517333984375,44.0,0.42185425758361816,6.0,4.0,0.6957141984948011,13.70612907409668,44.0,"{""type"":""Point"",""coordinates"":[110.6765851362681,19.87354243765963]}"
1011,0.0,27.0,26.0,5.858335018157959,9.0,19.735402066441644,110.04565425941183,1747.43212890625,49.0,0.2597999572753906,2.0,3.0,0.7738240828208065,15.152210235595703,31.0,"{""type"":""Point"",""coordinates"":[110.04601306557734,19.737261561814748]}"
1012,0.0,30.0,556.0,41.365909576416016,518.0,18.774204712433757,110.02319637730886,2117.95166015625,43.0,8.52534294128418,5.0,1.0,0.5745691708003419,11.287088394165039,45.0,"{""type"":""Point"",""coordinates"":[110.02164075687594,18.77213644340682]}"
1013,0.0,31.0,250.0,25.251829147338867,125.0,18.724797371807185,109.06649059972159,1680.666748046875,40.0,5.943129062652588,4.0,1.0,0.5801256210806193,11.879533767700195,44.0,"{""type"":""Point"",""coordinates"":[109.06532250997546,18.724314850514823]}"
1014,0.0,28.0,258.0,25.083120346069336,203.0,19.389550682055628,109.96929746026171,2092.968505859375,47.0,3.2180604934692383,5.0,3.0,0.643700424407936,12.490193367004395,37.0,"{""type"":""Point"",""coordinates"":[109.96993476108123,19.38889721187491]}"
1015,0.0,28.0,79.0,8.606722831726074,79.0,19.86116620621838,110.45438771368623,1674.458251953125,43.0,1.1315480470657349,5.0,4.0,0.6566180315872324,13.174071311950684,38.0,"{""type"":""Point"",""coordinates"":[110.45268554813501,19.861828778837477]}"
1016,0.0,23.0,121.0,10.893582344055176,68.0,19.277261271540688,110.17141839918861,2157.780517578125,52.0,0.5498856902122498,4.0,2.0,0.6962696427543014,14.34577465057373,38.0,"{""type"":""Point"",""coordinates"":[110.16937181950433,19.27823509347783]}"
1017,0.0,27.0,10.0,3.207261800765991,11.0,20.000405075256907,110.71489914608088,1424.808837890625,46.0,0.0,3.0,4.0,0.683534734095751,15.317362785339355,47.0,"{""type"":""Point"",""coordinates"":[110.7166582161929,20.00164288632478]}"
1018,0.0,30.0,664.0,33.219844818115234,488.0,18.998783533463637,109.78065125059658,2034.1593017578125,45.0,7.399914264678955,4.0,2.0,0.5799118092347099,11.335858345031738,42.0,"{""type"":""Point"",""coordinates"":[109.78031884605511,18.999599683387046]}"
1019,0.0,24.0,15.0,3.4882524013519287,18.0,18.62598269055404,108.72962236817676,1371.27734375,49.0,0.12970924377441406,2.0,1.0,0.6932426676777924,15.762870788574219,42.0,"{""type"":""Point"",""coordinates"":[108.72813949426096,18.62464995600739]}"
1020,0.0,30.0,501.0,29.576295852661133,412.0,19.025732991987226,109.15632212813352,1735.5301513671875,42.0,8.31264591217041,6.0,2.0,0.584910471617107,11.357681274414062,39.0,"{""type"":""Point"",""coordinates"":[109.15827632657214,19.02369080214609]}"
1021,0.0,30.0,561.0,32.227989196777344,429.0,18.97183407494005,109.20123789233952,1713.52099609375,39.0,10.234006881713867,5.0,2.0,0.5693296262332138,11.096929550170898,40.0,"{""type"":""Point"",""coordinates"":[109.20210704931387,18.969807129250995]}"
1022,0.0,24.0,14.0,4.518222332000732,15.0,19.739893642862242,110.91252850858717,1337.39501953125,53.0,1.0422154664993286,4.0,3.0,0.6802123939212952,12.407427787780762,45.0,"{""type"":""Point"",""coordinates"":[110.91035247771022,19.74025594412875]}"
1023,0.0,27.0,91.0,9.155997276306152,91.0,19.55124743319714,109.04403271761862,1411.19482421875,46.0,1.7775863409042358,2.0,3.0,0.6312425780743717,13.190409660339355,36.0,"{""type"":""Point"",""coordinates"":[109.0456913179916,19.552381962047782]}"
1024,0.0,24.0,29.0,6.1709489822387695,30.0,19.739893642862242,110.82269698017524,1531.42919921875,53.0,0.9971005320549011,5.0,3.0,0.6839709726237041,12.836722373962402,43.0,"{""type"":""Point"",""coordinates"":[110.82290461181837,19.740789468793626]}"
1025,0.0,26.0,169.0,16.70711898803711,99.0,19.35361807069085,109.94234800173814,2000.3001708984375,49.0,1.7957247495651245,4.0,3.0,0.6403287342841035,13.132152557373047,39.0,"{""type"":""Point"",""coordinates"":[109.94377858387703,19.353529613872798]}"
1026,0.0,29.0,394.0,30.568042755126953,374.0,18.8775109701075,110.19836785771219,2022.827880859375,45.0,5.239002227783203,4.0,2.0,0.5884705437110284,11.905656814575195,45.0,"{""type"":""Point"",""coordinates"":[110.1993527013681,18.876293069149714]}"
1027,0.0,28.0,367.0,25.287424087524414,250.0,19.367092799952644,109.64590395797865,1890.1151123046875,48.0,4.6612324714660645,4.0,3.0,0.6245451302136877,12.042778015136719,36.0,"{""type"":""Point"",""coordinates"":[109.64696930301471,19.366059821898357]}"
1028,0.0,25.0,38.0,7.846815586090088,38.0,19.762351524965233,109.47522405399599,1412.1412353515625,52.0,1.3770875930786133,3.0,4.0,0.7132598305093496,13.47723388671875,32.0,"{""type"":""Point"",""coordinates"":[109.47662615554077,19.761232023472257]}"
1029,0.0,24.0,36.0,5.49979305267334,39.0,18.536151162142083,108.84191177869172,1385.7965087890625,50.0,0.6909388899803162,2.0,1.0,0.6543431889757545,14.168218612670898,45.0,"{""type"":""Point"",""coordinates"":[108.84334121096992,18.536005299638397]}"
1030,0.0,24.0,38.0,8.191435813903809,27.0,19.71294418433866,110.18938470487097,1813.2833251953125,48.0,0.594419538974762,3.0,3.0,0.760988725588501,14.147502899169922,30.0,"{""type"":""Point"",""coordinates"":[110.18800270995888,19.71309282312017]}"
1031,0.0,29.0,36.0,6.910566329956055,36.0,18.59903323203045,110.03217953015007,1800.277587890625,41.0,0.3648192584514618,5.0,1.0,0.6815312838934836,14.806902885437012,46.0,"{""type"":""Point"",""coordinates"":[110.0340626900983,18.599165142072813]}"
1032,0.0,27.0,36.0,5.60198974609375,37.0,19.83421674769479,110.58913500630416,1613.804443359375,41.0,0.4697864353656769,5.0,4.0,0.7044966567812427,13.64440631866455,38.0,"{""type"":""Point"",""coordinates"":[110.58843633151164,19.83261361889689]}"
1033,0.0,25.0,32.0,10.80845832824707,23.0,19.164971861025748,110.28370780970351,2247.291015625,47.0,0.4212370216846466,4.0,2.0,0.7487364818057868,14.665432929992676,40.0,"{""type"":""Point"",""coordinates"":[110.28534269066601,19.166713785539724]}"
1034,0.0,31.0,442.0,30.842485427856445,318.0,18.97183407494005,109.17878001023655,1663.866943359375,37.0,9.416939735412598,6.0,2.0,0.5766763213744608,11.277022361755371,40.0,"{""type"":""Point"",""coordinates"":[109.17718225097525,18.973455038793656]}"
1036,0.0,28.0,11.0,3.784684419631958,12.0,19.870149359059575,109.55607242956671,1205.861328125,43.0,0.5041846036911011,2.0,4.0,0.7200659947948029,14.497814178466797,35.0,"{""type"":""Point"",""coordinates"":[109.55710939027581,19.87219467319026]}"
1037,0.0,30.0,224.0,45.86786651611328,196.0,18.563100620665672,109.35395149063982,1837.31640625,42.0,11.963418960571289,4.0,1.0,0.5630651426368227,11.185991287231445,46.0,"{""type"":""Point"",""coordinates"":[109.35339159672506,18.561990149469317]}"
1038,0.0,29.0,19.0,8.293291091918945,19.0,19.924048276106745,109.94234800173814,1511.868408203125,39.0,1.3127237558364868,4.0,4.0,0.7247224412794734,13.266189575195312,36.0,"{""type"":""Point"",""coordinates"":[109.94058158434828,19.921898027759955]}"
1039,0.0,27.0,29.0,5.423447608947754,13.0,19.726418913600448,110.06811214151486,1767.74365234375,46.0,0.13469535112380981,4.0,3.0,0.7678908258005716,15.807372093200684,32.0,"{""type"":""Point"",""coordinates"":[110.06968674304919,19.724960755705293]}"
1040,0.0,22.0,141.0,10.742593765258789,83.0,19.479382210467584,109.56954715882853,1805.5992431640625,54.0,1.0851951837539673,4.0,3.0,0.6597850648526846,13.653542518615723,37.0,"{""type"":""Point"",""coordinates"":[109.56927499225277,19.479139341090242]}"
1041,0.0,29.0,244.0,17.841510772705078,239.0,18.54513431498328,109.83005859122318,1929.65087890625,43.0,2.2789828777313232,5.0,1.0,0.593966795245628,12.845094680786133,47.0,"{""type"":""Point"",""coordinates"":[109.8288589663996,18.546014819643684]}"
1042,0.0,28.0,211.0,30.685842514038086,194.0,19.245820236596508,110.21184258697394,2244.465087890625,43.0,3.4344468116760254,3.0,2.0,0.6349147020872216,12.455944061279297,41.0,"{""type"":""Point"",""coordinates"":[110.21323071875554,19.247409272144544]}"
1043,0.0,29.0,209.0,32.09877395629883,184.0,18.899968852210492,108.8688612372153,1487.8720703125,43.0,12.068471908569336,5.0,2.0,0.5592949140579195,11.186755180358887,43.0,"{""type"":""Point"",""coordinates"":[108.86726949221189,18.8983676159699]}"
1044,0.0,29.0,991.0,31.05005645751953,811.0,18.98980038062244,109.4437830190518,1758.0074462890625,41.0,14.573638916015625,6.0,2.0,0.5269309678408057,10.284333229064941,42.0,"{""type"":""Point"",""coordinates"":[109.44307816647816,18.989185463216412]}"
1045,0.0,24.0,44.0,7.823451995849609,35.0,19.618621079506106,110.32862357390951,1817.6885986328125,50.0,0.5480378270149231,3.0,3.0,0.7255310313308208,14.165224075317383,36.0,"{""type"":""Point"",""coordinates"":[110.32938768627707,19.61691322185594]}"
1047,0.0,25.0,47.0,9.148049354553223,38.0,19.72192733717985,110.22531731623576,1758.501708984375,51.0,0.9878027439117432,6.0,3.0,0.7369788013337616,13.529251098632812,32.0,"{""type"":""Point"",""coordinates"":[110.22545686553494,19.722438012205142]}"
1048,0.0,30.0,437.0,33.61400604248047,248.0,19.12454767324037,109.58751346451089,1791.108154296875,40.0,8.780731201171875,4.0,2.0,0.5843128709818206,11.351972579956055,40.0,"{""type"":""Point"",""coordinates"":[109.58662594949783,19.124903450803856]}"
1049,0.0,25.0,229.0,17.2893123626709,128.0,19.40751698773802,109.5920050409315,1858.5689697265625,53.0,2.4679453372955322,4.0,3.0,0.651642572548147,12.77524471282959,33.0,"{""type"":""Point"",""coordinates"":[109.59408127997354,19.40726169492592]}"
1050,0.0,27.0,252.0,23.566795349121094,118.0,19.21437920165232,109.3943756784252,1965.4891357421875,45.0,3.341942071914673,4.0,2.0,0.6399364835019749,12.456345558166504,36.0,"{""type"":""Point"",""coordinates"":[109.39366637352853,19.21230195532307]}"
1051,0.0,28.0,512.0,32.82816696166992,409.0,19.142513978922757,109.19225473949831,1758.5733642578125,49.0,9.999748229980469,6.0,2.0,0.5852099996683117,11.160892486572266,38.0,"{""type"":""Point"",""coordinates"":[109.19158489280574,19.143825563270322]}"
1052,0.0,29.0,24.0,5.51625394821167,24.0,19.72192733717985,110.7328654517633,1715.18212890625,45.0,0.2931986153125763,4.0,3.0,0.7167651661944081,14.355355262756348,40.0,"{""type"":""Point"",""coordinates"":[110.73097657527417,19.721808737695497]}"
1053,0.0,22.0,66.0,8.004175186157227,49.0,19.55124743319714,110.28370780970351,1893.507568359375,53.0,0.43129903078079224,4.0,3.0,0.7053975669249869,14.602093696594238,38.0,"{""type"":""Point"",""coordinates"":[110.28590605724531,19.551252312322724]}"
1054,0.0,34.0,126.0,17.38161277770996,111.0,19.340143341429055,110.30616569180654,2207.088134765625,41.0,1.5128589868545532,4.0,3.0,0.659629624345195,13.330456733703613,38.0,"{""type"":""Point"",""coordinates"":[110.30452861641764,19.340049966162265]}"
1055,0.0,26.0,517.0,57.965084075927734,432.0,19.245820236596508,109.91989011963511,2110.279296875,49.0,14.625534057617188,5.0,2.0,0.5888631849311127,10.764813423156738,38.0,"{""type"":""Point"",""coordinates"":[109.92041420327783,19.245795902012244]}"
1056,0.0,21.0,28.0,5.759343147277832,28.0,19.66802842013268,109.34945991421921,1499.85693359375,57.0,0.56007981300354,2.0,3.0,0.7143654383387205,14.382858276367188,36.0,"{""type"":""Point"",""coordinates"":[109.34728534534725,19.665785884010056]}"
1057,0.0,25.0,47.0,35.00174331665039,42.0,18.46428593941252,109.26861153864849,1678.1563720703125,48.0,8.71571159362793,11.0,1.0,0.6575630641922086,11.619250297546387,43.0,"{""type"":""Point"",""coordinates"":[109.26671027576475,18.464177065608578]}"
1058,0.0,30.0,740.0,10.656717300415039,536.0,18.922426734313476,109.60547977019331,1772.548828125,46.0,1.583059549331665,5.0,2.0,0.570300138541716,12.810881614685059,44.0,"{""type"":""Point"",""coordinates"":[109.60701999383723,18.922541875606157]}"
1059,0.0,30.0,32.0,19.01712989807129,33.0,19.474890634046986,110.64303392335137,1907.8828125,39.0,3.142345905303955,5.0,3.0,0.7222053866741414,12.22144889831543,37.0,"{""type"":""Point"",""coordinates"":[110.64080515866164,19.475226810116094]}"
1060,0.0,28.0,722.0,51.36243438720703,490.0,18.97183407494005,109.72226075712882,2067.464599609375,44.0,15.282071113586426,6.0,2.0,0.5563751297686276,10.537330627441406,42.0,"{""type"":""Point"",""coordinates"":[109.72201097578416,18.971082898194584]}"
1061,0.0,25.0,175.0,10.673538208007812,98.0,19.29522757722308,109.87048277900857,2013.8828125,52.0,0.7609332203865051,5.0,3.0,0.6554333798706659,13.987242698669434,37.0,"{""type"":""Point"",""coordinates"":[109.87166246382998,19.29453545314906]}"
1062,0.0,33.0,59.0,9.632911682128906,59.0,19.72192733717985,109.47971563041654,1610.858154296875,42.0,1.388449788093567,4.0,3.0,0.7012124460793532,13.456686019897461,32.0,"{""type"":""Point"",""coordinates"":[109.47958209490727,19.723672960415644]}"
1063,0.0,27.0,118.0,7.987791061401367,61.0,19.60514635024431,109.74022706281124,1736.3560791015625,46.0,0.6800330877304077,4.0,3.0,0.7007653517621459,14.135165214538574,33.0,"{""type"":""Point"",""coordinates"":[109.73861324827034,19.60669287842448]}"
1064,0.0,28.0,16.0,4.491474628448486,16.0,19.735402066441644,110.76430648670748,1652.22998046875,48.0,0.12990064918994904,5.0,3.0,0.7280780610228403,14.894585609436035,39.0,"{""type"":""Point"",""coordinates"":[110.76296239847345,19.735725587242566]}"
1065,0.0,34.0,82.0,6.675953388214111,65.0,19.757859948544635,109.8031091326996,1556.604248046875,39.0,0.7555323243141174,6.0,4.0,0.6757005851973932,14.051665306091309,36.0,"{""type"":""Point"",""coordinates"":[109.8048468896965,19.758391402265072]}"
1066,0.0,28.0,108.0,18.77683448791504,100.0,19.29522757722308,110.3241319974889,2406.837158203125,46.0,1.2286545038223267,3.0,3.0,0.6816107617047539,13.549626350402832,36.0,"{""type"":""Point"",""coordinates"":[110.32493961566175,19.293380191179093]}"
1067,0.0,30.0,116.0,11.038785934448242,111.0,19.645570538029695,110.61159288840719,1770.7396240234375,46.0,1.6837351322174072,3.0,3.0,0.6557809006592553,12.767793655395508,33.0,"{""type"":""Point"",""coordinates"":[110.61102352435147,19.643413292652504]}"
1068,0.0,22.0,40.0,4.930534839630127,40.0,19.097598214716783,108.7071644860738,1277.7833251953125,55.0,0.7606479525566101,2.0,2.0,0.655160953324957,14.069755554199219,43.0,"{""type"":""Point"",""coordinates"":[108.705596922885,19.09843896069465]}"
1069,0.0,25.0,381.0,48.706825256347656,234.0,19.178446590287543,109.798617556279,2172.21240234375,46.0,8.559473037719727,3.0,2.0,0.6077462233439912,11.419590950012207,40.0,"{""type"":""Point"",""coordinates"":[109.79934618635026,19.178872807363742]}"
1070,0.0,23.0,32.0,9.461164474487305,35.0,18.90446042863109,110.3645561852743,1992.500732421875,51.0,0.5302743315696716,4.0,2.0,0.6974833059362786,14.435223579406738,45.0,"{""type"":""Point"",""coordinates"":[110.3626520550478,18.90226687843451]}"
1071,0.0,28.0,27.0,10.70136547088623,13.0,19.77582625422702,110.13099421140322,1681.2734375,43.0,1.5218226909637451,4.0,4.0,0.7580787433162736,13.112259864807129,32.0,"{""type"":""Point"",""coordinates"":[110.12892353388183,19.778043259355314]}"
1072,0.0,26.0,146.0,8.716181755065918,43.0,19.313193882905473,109.72226075712882,1910.049560546875,40.0,0.501423716545105,4.0,3.0,0.7167045934752178,14.422592163085938,36.0,"{""type"":""Point"",""coordinates"":[109.72293843222575,19.311435807290785]}"
1073,0.0,29.0,210.0,14.519886016845703,111.0,19.46141590478519,109.69980287502585,1843.571533203125,44.0,1.845649003982544,4.0,3.0,0.645152716385298,13.078470230102539,35.0,"{""type"":""Point"",""coordinates"":[109.70103989328398,19.462190662720197]}"
1074,0.0,25.0,32.0,13.972081184387207,22.0,19.21437920165232,108.96318434204784,1867.7735595703125,53.0,1.6029213666915894,3.0,2.0,0.717614642431146,13.328803062438965,41.0,"{""type"":""Point"",""coordinates"":[108.96504731733658,19.212465140328003]}"
1075,0.0,26.0,85.0,7.1881537437438965,85.0,19.344634917849653,108.92725173068305,1582.085693359375,53.0,0.8357533812522888,3.0,3.0,0.6256653221389955,13.948944091796875,42.0,"{""type"":""Point"",""coordinates"":[108.92518792664309,19.343086350524793]}"
1076,0.0,31.0,18.0,4.876612663269043,17.0,19.816250442012404,110.3735393381155,1665.0712890625,36.0,0.13475751876831055,7.0,4.0,0.7467978533521852,15.543500900268555,35.0,"{""type"":""Point"",""coordinates"":[110.37499875625403,19.8152132282714]}"
1077,0.0,27.0,316.0,8.552151679992676,230.0,19.01225826272543,109.9603143074205,1967.97802734375,49.0,0.5032140612602234,4.0,2.0,0.6153741817304109,14.30714225769043,43.0,"{""type"":""Point"",""coordinates"":[109.96142269965691,19.013471300927435]}"
1078,0.0,21.0,32.0,6.034767150878906,32.0,18.495726974356707,110.0007384952059,1793.572998046875,56.0,0.21034331619739532,2.0,1.0,0.6886070410596191,15.359901428222656,45.0,"{""type"":""Point"",""coordinates"":[109.99883171979464,18.493860229092853]}"
1079,0.0,24.0,219.0,28.919368743896484,100.0,19.209887625231723,109.82107543838197,2071.10986328125,54.0,4.072091102600098,4.0,2.0,0.6410565770424459,12.279951095581055,37.0,"{""type"":""Point"",""coordinates"":[109.82064803610275,19.20913225717581]}"
1080,0.0,21.0,8.0,3.107167959213257,8.0,19.01225826272543,108.65326556902659,1078.0675048828125,54.0,0.4826904237270355,2.0,2.0,0.6725663050577064,14.543105125427246,45.0,"{""type"":""Point"",""coordinates"":[108.65420473088841,19.01007298925574]}"
1081,0.0,25.0,20.0,5.664889812469482,20.0,19.89260724116256,109.85700804974675,1486.036376953125,49.0,0.5971271991729736,4.0,4.0,0.7331949176004924,14.133926391601562,34.0,"{""type"":""Point"",""coordinates"":[109.85791013494351,19.894433712664185]}"
1082,0.0,25.0,180.0,7.3444037437438965,95.0,19.29971915364368,109.78514282701718,1975.084716796875,54.0,0.2930593490600586,4.0,3.0,0.6572174411110223,14.938287734985352,37.0,"{""type"":""Point"",""coordinates"":[109.78643807148444,19.30182505161373]}"
1083,0.0,31.0,241.0,10.794612884521484,124.0,19.308702306484875,109.61895449945507,1876.7547607421875,42.0,1.0475773811340332,4.0,3.0,0.6436414221983777,13.624747276306152,36.0,"{""type"":""Point"",""coordinates"":[109.61940945096072,19.30771042257185]}"
1084,0.0,27.0,280.0,20.580026626586914,156.0,18.886494122948697,109.87497435542917,1967.574951171875,49.0,2.8241164684295654,4.0,2.0,0.600279144893126,12.606183052062988,45.0,"{""type"":""Point"",""coordinates"":[109.87374472313496,18.88639002785226]}"
1085,0.0,29.0,6.0,4.514750957489014,7.0,19.78031783064762,109.32251045569564,1289.223876953125,42.0,0.5946331024169922,4.0,4.0,0.7410608294093579,14.33566951751709,33.0,"{""type"":""Point"",""coordinates"":[109.32168594579025,19.77933678986525]}"
1086,0.0,24.0,227.0,33.21949768066406,118.0,19.362601223532046,109.45725774831357,1854.603759765625,55.0,7.0634002685546875,3.0,3.0,0.6181158968367734,11.720551490783691,37.0,"{""type"":""Point"",""coordinates"":[109.45633406466605,19.36219769101449]}"
1087,0.0,29.0,117.0,22.392681121826172,93.0,19.007766686304834,110.166926822768,2045.564208984375,41.0,2.6049394607543945,6.0,2.0,0.6201082056464321,12.79211139678955,46.0,"{""type"":""Point"",""coordinates"":[110.16776446806064,19.009346741027063]}"
1088,0.0,26.0,16.0,5.817399978637695,17.0,19.8252335948536,109.52463139462253,1293.1265869140625,46.0,1.002838134765625,4.0,4.0,0.7193870611129414,13.807214736938477,35.0,"{""type"":""Point"",""coordinates"":[109.52286493049473,19.824693562954984]}"
1089,0.0,24.0,108.0,8.96772289276123,87.0,19.286244424381884,109.04852429403917,1655.970947265625,55.0,1.089429259300232,3.0,3.0,0.6300067867645684,13.66992473602295,41.0,"{""type"":""Point"",""coordinates"":[109.04821834121576,19.285851728540194]}"
1090,0.0,31.0,412.0,39.83444595336914,280.0,19.003275109884235,109.19674631591892,1735.5301513671875,39.0,12.695324897766113,7.0,2.0,0.5780440217771421,10.993448257446289,39.0,"{""type"":""Point"",""coordinates"":[109.19884545349014,19.00145743497571]}"
1091,0.0,25.0,65.0,10.2770357131958,34.0,19.483873786888182,110.27921623328291,2007.597412109375,43.0,0.6084182858467102,4.0,3.0,0.7326705800742417,14.278374671936035,37.0,"{""type"":""Point"",""coordinates"":[110.27726150776684,19.481844825413276]}"
1092,0.0,28.0,346.0,37.74582290649414,309.0,19.32666861216726,110.21633416339455,2218.1337890625,47.0,5.514670372009277,5.0,3.0,0.6375100044868397,11.888809204101562,37.0,"{""type"":""Point"",""coordinates"":[110.21663508288215,19.32672419477005]}"
1093,0.0,23.0,189.0,9.45503044128418,116.0,19.41200856415862,109.53810612388435,1836.7322998046875,57.0,0.8603338003158569,4.0,3.0,0.654029681703369,13.855533599853516,34.0,"{""type"":""Point"",""coordinates"":[109.53959093888973,19.410033113354736]}"
1094,0.0,31.0,253.0,44.27743911743164,256.0,18.3160639175328,109.64590395797865,1785.35986328125,44.0,13.015216827392578,4.0,0.0,0.5691575555724986,11.079835891723633,43.0,"{""type"":""Point"",""coordinates"":[109.64749465988068,18.31650616784806]}"
1095,0.0,34.0,118.0,14.234234809875488,111.0,19.474890634046986,110.55769397135998,1924.954345703125,40.0,1.8787055015563965,4.0,3.0,0.6380594377097635,12.829750061035156,39.0,"{""type"":""Point"",""coordinates"":[110.5587106581877,19.47572321501354]}"
1096,0.0,29.0,549.0,9.468579292297363,509.0,18.841578358742723,108.90479384858008,1506.3646240234375,48.0,1.9744397401809692,7.0,2.0,0.5664382800250851,12.762704849243164,44.0,"{""type"":""Point"",""coordinates"":[108.90572660634135,18.842320105153803]}"
1097,0.0,29.0,385.0,32.08684158325195,381.0,18.42835332804774,109.33598518495745,1681.0557861328125,44.0,9.62550163269043,6.0,1.0,0.5715754989979985,11.2972993850708,42.0,"{""type"":""Point"",""coordinates"":[109.33545581906185,18.42630263435181]}"
1098,0.0,30.0,281.0,17.772523880004883,112.0,19.164971861025748,109.63692080513749,1926.685546875,37.0,2.231987237930298,4.0,2.0,0.6264459892461427,12.841111183166504,39.0,"{""type"":""Point"",""coordinates"":[109.63740483275598,19.166428540259595]}"
1099,0.0,26.0,180.0,41.20381546020508,153.0,18.80115417095734,110.07709529435607,2037.2080078125,48.0,7.16160774230957,4.0,1.0,0.5910129583726084,11.736954689025879,46.0,"{""type"":""Point"",""coordinates"":[110.07495372166093,18.801620359621698]}"
1100,0.0,26.0,38.0,23.360902786254883,35.0,19.151497131763954,110.34209830317133,2371.44091796875,45.0,1.753566861152649,3.0,2.0,0.7403209274978182,13.235432624816895,39.0,"{""type"":""Point"",""coordinates"":[110.34209970220432,19.14939295559819]}"
1101,0.0,28.0,196.0,13.960549354553223,79.0,19.29522757722308,109.62793765229628,1883.6600341796875,42.0,1.55046808719635,4.0,3.0,0.6682335365440424,13.261884689331055,36.0,"{""type"":""Point"",""coordinates"":[109.63018290509682,19.293224237335668]}"
1102,0.0,30.0,238.0,18.81124496459961,114.0,18.832595205901526,109.04852429403917,1568.149169921875,44.0,4.579415798187256,7.0,2.0,0.6031637035275017,12.149618148803711,39.0,"{""type"":""Point"",""coordinates"":[109.05060080042989,18.83269914326729]}"
1103,0.0,32.0,391.0,57.235660552978516,371.0,18.985308804201843,110.26124992760055,2109.69921875,37.0,12.8345947265625,4.0,2.0,0.5693374725834389,10.99771785736084,45.0,"{""type"":""Point"",""coordinates"":[110.26038578011548,18.98346760731672]}"
1104,0.0,23.0,30.0,9.466780662536621,30.0,19.641078961609097,109.36742621990163,1618.1951904296875,54.0,1.223273754119873,3.0,3.0,0.7176039392149729,13.600371360778809,36.0,"{""type"":""Point"",""coordinates"":[109.3655574217803,19.642593069347093]}"
1105,0.0,25.0,16.0,5.7077836990356445,17.0,19.699469455076866,110.99337688415795,1269.6038818359375,46.0,2.376229763031006,3.0,3.0,0.6649386869956433,11.578292846679688,46.0,"{""type"":""Point"",""coordinates"":[110.99327935866026,19.69842658676324]}"
1106,0.0,24.0,303.0,19.014558792114258,106.0,18.985308804201843,109.55607242956671,1772.6571044921875,50.0,3.2249038219451904,4.0,2.0,0.599519046140639,12.457481384277344,42.0,"{""type"":""Point"",""coordinates"":[109.55496365161709,18.98386331010323]}"
1107,0.0,25.0,438.0,28.584640502929688,255.0,19.10658136755798,109.69531129860525,1976.4073486328125,51.0,5.081639289855957,4.0,2.0,0.6103850014101455,11.903382301330566,39.0,"{""type"":""Point"",""coordinates"":[109.69437949809023,19.108486993591995]}"
1108,0.0,24.0,251.0,29.726268768310547,219.0,19.066157179772603,110.09506160003843,2120.721435546875,53.0,3.994067430496216,3.0,2.0,0.6058607463171201,12.278266906738281,45.0,"{""type"":""Point"",""coordinates"":[110.09434301239027,19.067564116458826]}"
1109,0.0,26.0,78.0,5.707688331604004,76.0,19.587180044561926,109.385392525584,1701.239990234375,52.0,0.29819080233573914,2.0,3.0,0.675479301434544,14.983796119689941,35.0,"{""type"":""Point"",""coordinates"":[109.38678441288234,19.58791298723653]}"
1110,0.0,27.0,396.0,33.49799728393555,272.0,18.79666259453675,109.04403271761862,1575.1695556640625,45.0,12.308574676513672,6.0,1.0,0.5663107233661326,11.037259101867676,40.0,"{""type"":""Point"",""coordinates"":[109.04374564063004,18.797600009631005]}"
1111,0.0,27.0,52.0,25.8295955657959,37.0,19.142513978922757,110.19387628129158,2220.325927734375,44.0,2.515237331390381,3.0,2.0,0.7076993712619769,12.866186141967773,43.0,"{""type"":""Point"",""coordinates"":[110.19445604697103,19.144726569772573]}"
1112,0.0,28.0,150.0,25.658435821533203,91.0,19.164971861025748,109.97378903668232,2077.681396484375,48.0,3.284466028213501,4.0,2.0,0.6450575489111873,12.539520263671875,40.0,"{""type"":""Point"",""coordinates"":[109.97548957355085,19.16470277472818]}"
1113,0.0,33.0,48.0,6.6019134521484375,49.0,19.93752300536854,110.09955317645904,1551.74951171875,39.0,0.8116167783737183,3.0,4.0,0.6973776533647544,13.724966049194336,35.0,"{""type"":""Point"",""coordinates"":[110.10109367038108,19.939548180198404]}"
1114,0.0,29.0,243.0,24.151771545410156,196.0,18.666406878339416,109.06199902330098,1693.8157958984375,43.0,5.353088855743408,4.0,1.0,0.5741818441839214,11.989425659179688,46.0,"{""type"":""Point"",""coordinates"":[109.0629734318714,18.666084939051547]}"
1115,0.0,28.0,37.0,4.352617263793945,38.0,19.96896404031272,110.28819938612412,1565.65576171875,44.0,0.18308669328689575,2.0,4.0,0.6991149899573119,14.582392692565918,38.0,"{""type"":""Point"",""coordinates"":[110.28923535171134,19.967493476957635]}"
1116,0.0,28.0,46.0,5.626126766204834,46.0,19.919556699686147,110.33311515033012,1611.625244140625,47.0,0.4598827660083771,3.0,4.0,0.683393572121902,14.105788230895996,40.0,"{""type"":""Point"",""coordinates"":[110.33138580955207,19.92098559591496]}"
1117,0.0,27.0,79.0,6.865245342254639,79.0,19.38505910563503,108.88682754289766,1454.0845947265625,53.0,1.0595111846923828,3.0,3.0,0.6287647695876873,13.715264320373535,41.0,"{""type"":""Point"",""coordinates"":[108.88750251456541,19.383635977960477]}"
1118,0.0,32.0,130.0,17.165142059326172,89.0,18.6888647604424,109.67734499292288,1999.1298828125,40.0,1.897669792175293,5.0,1.0,0.6141622585408038,13.101234436035156,48.0,"{""type"":""Point"",""coordinates"":[109.6793117598704,18.68849220011939]}"
1119,0.0,28.0,249.0,23.677255630493164,170.0,18.886494122948697,110.04565425941183,2044.4189453125,48.0,3.1575746536254883,4.0,2.0,0.6054245610328088,12.515213012695312,45.0,"{""type"":""Point"",""coordinates"":[110.04582938905982,18.887608826631112]}"
1120,0.0,24.0,2.0,6.28700590133667,5.0,18.899968852210492,110.49930347789223,1834.777587890625,45.0,0.18188537657260895,2.0,2.0,0.7319054881748855,15.503520965576172,43.0,"{""type"":""Point"",""coordinates"":[110.49972012923824,18.900259869033512]}"
1121,0.0,30.0,408.0,42.137420654296875,411.0,18.289114459009213,109.6414123815581,1780.9361572265625,48.0,13.938663482666016,7.0,0.0,0.5730675833829575,10.89954662322998,40.0,"{""type"":""Point"",""coordinates"":[109.64320197194435,18.28701581685724]}"
1122,0.0,26.0,61.0,10.545138359069824,52.0,18.63047426697463,109.91090696679396,1941.3968505859375,44.0,0.7674263715744019,4.0,1.0,0.6683788467880311,14.048540115356445,46.0,"{""type"":""Point"",""coordinates"":[109.90985733483024,18.631043479370653]}"
1123,0.0,27.0,223.0,22.07468605041504,56.0,19.29971915364368,109.52463139462253,1817.8341064453125,48.0,3.8100509643554688,5.0,3.0,0.6814174820317116,12.344062805175781,36.0,"{""type"":""Point"",""coordinates"":[109.52300296570287,19.300063545679755]}"
1124,0.0,34.0,825.0,28.41092872619629,753.0,18.590050079189254,109.50666508894017,1939.359619140625,40.0,7.832195281982422,7.0,1.0,0.5441229923981896,11.118267059326172,47.0,"{""type"":""Point"",""coordinates"":[109.5088164870824,18.591813066216886]}"
1125,0.0,29.0,188.0,17.369890213012695,59.0,18.814628900219134,109.16530528097474,1742.4102783203125,42.0,2.830721378326416,4.0,1.0,0.6383117171862112,12.664467811584473,45.0,"{""type"":""Point"",""coordinates"":[109.16336530445516,18.81628269460703]}"
1126,0.0,23.0,28.0,8.620682716369629,28.0,19.29522757722308,110.56218554778059,1950.5733642578125,52.0,0.4895491898059845,5.0,3.0,0.7261701841812918,14.361471176147461,40.0,"{""type"":""Point"",""coordinates"":[110.56376354163665,19.29408214395428]}"
1127,0.0,27.0,51.0,33.2257080078125,54.0,18.248690271223836,109.5920050409315,1701.5972900390625,52.0,8.409850120544434,4.0,0.0,0.66806115729355,11.653162002563477,37.0,"{""type"":""Point"",""coordinates"":[109.59295413004233,18.249198179907104]}"
1128,0.0,25.0,144.0,13.601455688476562,90.0,18.998783533463637,108.91826857784184,1553.8275146484375,49.0,2.585846424102783,3.0,2.0,0.6134215056296743,12.78282642364502,41.0,"{""type"":""Point"",""coordinates"":[108.91685390396559,18.99704186759774]}"
1129,0.0,37.0,66.0,17.5638370513916,52.0,19.726418913600448,109.96480588384111,1739.8929443359375,38.0,3.0495071411132812,4.0,3.0,0.7017705465604621,12.665000915527344,34.0,"{""type"":""Point"",""coordinates"":[109.96583287281976,19.725865671293164]}"
1130,0.0,25.0,70.0,6.798366546630859,66.0,19.46141590478519,109.11140636392759,1594.6318359375,53.0,0.6909685134887695,3.0,3.0,0.6800320332966939,14.148163795471191,35.0,"{""type"":""Point"",""coordinates"":[109.10939989370812,19.463372604670138]}"
1131,0.0,24.0,153.0,11.48035717010498,78.0,19.313193882905473,109.92438169605572,2076.328857421875,51.0,0.7554783821105957,3.0,3.0,0.6678876786147079,14.008292198181152,40.0,"{""type"":""Point"",""coordinates"":[109.92646636118202,19.314950004063977]}"
1132,0.0,22.0,181.0,9.018024444580078,111.0,19.429974869841004,109.55607242956671,1858.5689697265625,54.0,0.676209568977356,3.0,3.0,0.6601268982334904,14.101485252380371,33.0,"{""type"":""Point"",""coordinates"":[109.5552628002207,19.427744139368613]}"
1133,0.0,28.0,92.0,5.491786479949951,92.0,19.820742018433002,109.92438169605572,1559.6090087890625,38.0,0.37029632925987244,4.0,4.0,0.653890538583399,14.758822441101074,34.0,"{""type"":""Point"",""coordinates"":[109.92288488638138,19.81961192282261]}"
1134,0.0,22.0,17.0,7.426636695861816,17.0,18.46428593941252,109.94683957815869,1857.252197265625,54.0,0.3795560896396637,2.0,1.0,0.7094033387068862,14.778312683105469,45.0,"{""type"":""Point"",""coordinates"":[109.94463235736261,18.466500729342407]}"
1135,0.0,25.0,113.0,11.568979263305664,52.0,19.582688468141328,109.68632814576404,1784.009765625,51.0,1.328127384185791,4.0,3.0,0.7027306378826891,13.468704223632812,35.0,"{""type"":""Point"",""coordinates"":[109.6847253292242,19.583305858640344]}"
1136,0.0,32.0,435.0,15.868979454040527,258.0,19.178446590287543,109.5920050409315,1867.769775390625,37.0,2.232013702392578,4.0,2.0,0.6181704260429031,12.730513572692871,38.0,"{""type"":""Point"",""coordinates"":[109.59403351458373,19.176605558370245]}"
1137,0.0,26.0,31.0,7.95036506652832,31.0,19.474890634046986,109.06649059972159,1531.3314208984375,51.0,1.0965005159378052,3.0,3.0,0.7161635861950282,13.709226608276367,35.0,"{""type"":""Point"",""coordinates"":[109.06566871703215,19.47506629004741]}"
1138,0.0,29.0,759.0,34.065006256103516,759.0,18.608016384871647,110.13548578782382,2010.4400634765625,46.0,8.726286888122559,5.0,1.0,0.556528055126819,11.077428817749023,45.0,"{""type"":""Point"",""coordinates"":[110.13642900093807,18.606667791181156]}"
1139,0.0,29.0,163.0,30.17720603942871,150.0,19.290736000802482,110.27921623328291,2277.238037109375,44.0,3.2293598651885986,4.0,3.0,0.66348307038211,12.548328399658203,36.0,"{""type"":""Point"",""coordinates"":[110.27946789567775,19.292387950029557]}"
1140,0.0,28.0,57.0,17.343454360961914,57.0,19.40751698773802,108.95869276562723,1693.1910400390625,49.0,3.0582375526428223,4.0,3.0,0.6761373497768182,12.667461395263672,38.0,"{""type"":""Point"",""coordinates"":[108.95761605086622,19.408704880315735]}"
1141,0.0,24.0,35.0,5.702116012573242,33.0,18.46428593941252,109.00810010625383,1564.7908935546875,51.0,0.4385717213153839,3.0,1.0,0.6778839757666772,14.623358726501465,44.0,"{""type"":""Point"",""coordinates"":[109.00695086549719,18.466514950054794]}"
1143,0.0,29.0,137.0,65.476318359375,111.0,18.98980038062244,110.15345209350619,2102.280517578125,41.0,13.338590621948242,5.0,2.0,0.5822235898927869,11.12894344329834,45.0,"{""type"":""Point"",""coordinates"":[110.152451885596,18.991883400768522]}"
1144,0.0,26.0,80.0,9.262537002563477,80.0,19.403025411317422,109.01708325909499,1582.6942138671875,51.0,1.3210647106170654,2.0,3.0,0.646944843356241,13.493972778320312,38.0,"{""type"":""Point"",""coordinates"":[109.0159548961084,19.403933513525157]}"
1145,0.0,22.0,66.0,5.220353126525879,60.0,19.088615061875586,108.82843704942991,1455.33642578125,59.0,0.5462601780891418,2.0,2.0,0.651647698738056,14.3855562210083,41.0,"{""type"":""Point"",""coordinates"":[108.82725447313328,19.08649383081496]}"
1146,0.0,24.0,21.0,13.95865535736084,21.0,19.27276969512009,110.53972766567762,2078.093505859375,50.0,1.0941693782806396,6.0,2.0,0.7403133069855732,13.679475784301758,40.0,"{""type"":""Point"",""coordinates"":[110.54107170712035,19.27238707177675]}"
1147,0.0,31.0,392.0,36.36376953125,266.0,19.263786542278893,109.60547977019331,1883.6600341796875,38.0,8.34618854522705,5.0,2.0,0.6073396843878572,11.437138557434082,37.0,"{""type"":""Point"",""coordinates"":[109.603368279579,19.2641187501588]}"
1148,0.0,30.0,592.0,48.112060546875,533.0,18.60352480845105,109.39886725484581,1834.8614501953125,40.0,17.164833068847656,9.0,1.0,0.5305595451495901,10.533565521240234,46.0,"{""type"":""Point"",""coordinates"":[109.39853511333565,18.604414140315235]}"
1149,0.0,24.0,13.0,3.4052700996398926,16.0,18.57657534992746,108.75208025027973,1267.2271728515625,48.0,0.25013336539268494,3.0,1.0,0.680738452220708,15.107426643371582,44.0,"{""type"":""Point"",""coordinates"":[108.75394809817776,18.575034346659244]}"
1150,0.0,26.0,473.0,47.24491882324219,370.0,18.944884616416466,110.05463741225304,2183.109619140625,47.0,8.810047149658203,4.0,2.0,0.5898534608736291,11.320828437805176,43.0,"{""type"":""Point"",""coordinates"":[110.05471381218942,18.943525628089834]}"
1151,0.0,26.0,314.0,22.03643226623535,217.0,18.60352480845105,109.1877631630777,1741.30517578125,52.0,4.607227802276611,3.0,1.0,0.5743015405550577,12.092035293579102,46.0,"{""type"":""Point"",""coordinates"":[109.18844405857529,18.605350821292824]}"
1152,0.0,28.0,24.0,5.122671127319336,24.0,19.91506512326555,110.39599722021848,1616.1107177734375,42.0,0.2986000180244446,7.0,4.0,0.7085015494169036,14.3371000289917,41.0,"{""type"":""Point"",""coordinates"":[110.39608411522836,19.916413194249685]}"
1153,0.0,31.0,221.0,38.136653900146484,202.0,18.477760668674314,109.58302188809029,1812.69873046875,42.0,9.349943161010742,5.0,1.0,0.5706425347612408,11.440185546875,46.0,"{""type"":""Point"",""coordinates"":[109.58406455697576,18.47600053960435]}"
1154,0.0,31.0,388.0,28.759950637817383,196.0,19.097598214716783,109.56954715882853,1811.3814697265625,38.0,6.323331832885742,5.0,2.0,0.5964760696764299,11.720670700073242,40.0,"{""type"":""Point"",""coordinates"":[109.57153585077563,19.09689860862207]}"
1155,0.0,26.0,105.0,33.96052169799805,99.0,18.57657534992746,108.97216749488905,1772.8782958984375,51.0,7.716683864593506,3.0,1.0,0.566602039534149,11.7080659866333,49.0,"{""type"":""Point"",""coordinates"":[108.97183194108926,18.574468456358357]}"
1156,0.0,27.0,46.0,7.809515476226807,40.0,19.793792559909413,110.28370780970351,1736.745849609375,45.0,0.6989989876747131,6.0,4.0,0.734485906238977,13.875905990600586,32.0,"{""type"":""Point"",""coordinates"":[110.28389998714135,19.793819926876953]}"
1157,0.0,28.0,99.0,10.746033668518066,81.0,18.549625891403878,109.63242922871689,1909.7257080078125,46.0,0.9196715950965881,5.0,1.0,0.6321761203829342,13.844812393188477,46.0,"{""type"":""Point"",""coordinates"":[109.63277429735587,18.55089073285588]}"
1158,0.0,24.0,5.0,7.757134914398193,8.0,18.3205554939534,109.71776918070822,1714.9129638671875,51.0,0.6435312628746033,2.0,0.0,0.7239658058442142,14.257209777832031,42.0,"{""type"":""Point"",""coordinates"":[109.71891759521246,18.31966074235485]}"
1159,0.0,28.0,307.0,41.35162353515625,269.0,19.173955013866944,109.11140636392759,1819.6148681640625,49.0,11.391228675842285,5.0,2.0,0.5866728289627928,11.180534362792969,40.0,"{""type"":""Point"",""coordinates"":[109.1116400970237,19.175621432246615]}"
1160,0.0,29.0,502.0,16.002254486083984,357.0,18.783187865274954,109.31801887927503,1642.08642578125,48.0,3.6492228507995605,5.0,1.0,0.5662042830347331,12.185843467712402,45.0,"{""type"":""Point"",""coordinates"":[109.31816035090438,18.781153699751314]}"
1161,0.0,30.0,102.0,21.86665916442871,74.0,18.54064273856268,109.33598518495745,1752.544921875,43.0,3.956166982650757,4.0,1.0,0.6193566861807552,12.382475852966309,46.0,"{""type"":""Point"",""coordinates"":[109.33705032445837,18.542696152183687]}"
1162,0.0,30.0,321.0,28.8734130859375,160.0,18.890985699369296,109.81658386196136,1929.2305908203125,39.0,5.052343368530273,7.0,2.0,0.5902587980822953,11.994492530822754,45.0,"{""type"":""Point"",""coordinates"":[109.81577484341192,18.8902613096805]}"
1163,0.0,32.0,120.0,12.472686767578125,111.0,18.612507961292245,109.88395750827033,1887.068359375,39.0,1.2884650230407715,5.0,1.0,0.6070758047420963,13.49475383758545,46.0,"{""type"":""Point"",""coordinates"":[109.88372220355969,18.61425606588965]}"
1164,0.0,28.0,379.0,18.39457893371582,355.0,18.819120476639732,110.09955317645904,2037.2080078125,47.0,2.2084901332855225,4.0,1.0,0.591583202259509,12.782760620117188,47.0,"{""type"":""Point"",""coordinates"":[110.1003593274742,18.817142982983498]}"
1165,0.0,30.0,207.0,21.581918716430664,187.0,18.46428593941252,109.5470892767255,1837.821044921875,44.0,3.593468427658081,5.0,1.0,0.6131720603285395,12.413161277770996,41.0,"{""type"":""Point"",""coordinates"":[109.54659796853284,18.4640691391094]}"
1166,0.0,28.0,683.0,21.270740509033203,534.0,18.74276367748957,109.34047676137806,1796.542724609375,49.0,5.08811616897583,7.0,1.0,0.5613236657070302,11.695749282836914,45.0,"{""type"":""Point"",""coordinates"":[109.33891211576777,18.743782268103498]}"
1167,0.0,25.0,14.0,3.4375078678131104,15.0,19.982438769574514,110.81371382733403,1401.7451171875,52.0,0.1825825423002243,2.0,4.0,0.6761769618871045,14.149435997009277,47.0,"{""type"":""Point"",""coordinates"":[110.81284682538501,19.98202881717666]}"
1168,0.0,28.0,122.0,35.25407028198242,114.0,19.304210730064277,110.3196404210683,2207.088134765625,42.0,4.265397071838379,4.0,3.0,0.6579973800578919,12.29476261138916,36.0,"{""type"":""Point"",""coordinates"":[110.32043369678526,19.302163099709748]}"
1169,0.0,24.0,64.0,10.959933280944824,39.0,19.506331668991166,110.18489312845037,1920.052978515625,52.0,0.9125352501869202,3.0,3.0,0.7201293733713704,13.873556137084961,37.0,"{""type"":""Point"",""coordinates"":[110.1868255823708,19.50644362048426]}"
1170,0.0,25.0,41.0,5.638116836547852,40.0,18.84606993516332,108.77004655596215,1305.185546875,48.0,0.9178534746170044,2.0,2.0,0.6518008742385353,13.881277084350586,44.0,"{""type"":""Point"",""coordinates"":[108.77133354288993,18.847751691559306]}"
1171,0.0,28.0,51.0,8.4934720993042,51.0,19.739893642862242,109.47073247757538,1610.858154296875,47.0,1.0484226942062378,3.0,3.0,0.7109472034085871,13.742384910583496,32.0,"{""type"":""Point"",""coordinates"":[109.46966759680595,19.738220162733924]}"
1172,0.0,33.0,118.0,18.688371658325195,69.0,19.4434495991028,109.96480588384111,2047.8665771484375,38.0,2.0226101875305176,4.0,3.0,0.6876348171854415,13.044794082641602,37.0,"{""type"":""Point"",""coordinates"":[109.96282579017358,19.442325043658126]}"
1173,0.0,20.0,57.0,4.403589725494385,54.0,19.0706487561932,108.79250443806512,1320.4761962890625,58.0,0.4936683475971222,2.0,2.0,0.6508565751103712,14.492116928100586,41.0,"{""type"":""Point"",""coordinates"":[108.79427755152062,19.070923065068097]}"
1174,0.0,22.0,159.0,9.6494140625,93.0,19.447941175523397,109.57853031166974,1858.5689697265625,56.0,0.8113114833831787,3.0,3.0,0.6643443623911596,13.933222770690918,34.0,"{""type"":""Point"",""coordinates"":[109.57730821189298,19.44924000906241]}"
1175,0.0,28.0,43.0,4.278476715087891,43.0,19.78031783064762,109.41683356052818,1396.7220458984375,44.0,0.334800124168396,2.0,4.0,0.7090696003418729,14.888686180114746,32.0,"{""type"":""Point"",""coordinates"":[109.41694315643264,19.778785353479826]}"
1176,0.0,29.0,927.0,28.341224670410156,808.0,18.80115417095734,109.57403873524913,1679.999755859375,47.0,13.878331184387207,8.0,1.0,0.5076443251983871,10.416037559509277,47.0,"{""type"":""Point"",""coordinates"":[109.57455968998856,18.80042742159454]}"
1177,0.0,28.0,922.0,26.600112915039062,852.0,18.82361205306033,108.97216749488905,1582.7847900390625,50.0,15.148249626159668,9.0,2.0,0.5177218770679991,10.33066463470459,43.0,"{""type"":""Point"",""coordinates"":[108.97178443802028,18.82432206833206]}"
1178,0.0,21.0,13.0,5.33357048034668,13.0,19.46141590478519,108.88682754289766,1395.7642822265625,53.0,0.5936300754547119,2.0,3.0,0.7122110020815755,14.333340644836426,39.0,"{""type"":""Point"",""coordinates"":[108.88834694728382,19.462491849433594]}"
1179,0.0,30.0,297.0,31.02309226989746,232.0,18.91344358147228,108.98564222415081,1662.537353515625,42.0,8.835721015930176,5.0,2.0,0.5773102066963359,11.446799278259277,42.0,"{""type"":""Point"",""coordinates"":[108.98526771283241,18.91521616329896]}"
1180,0.0,29.0,47.0,7.139289855957031,44.0,19.739893642862242,110.47235401936865,1722.1575927734375,39.0,0.5748113989830017,7.0,3.0,0.7302755375980514,13.997896194458008,32.0,"{""type"":""Point"",""coordinates"":[110.47227499658716,19.73861098555009]}"
1181,0.0,28.0,32.0,4.684143543243408,33.0,19.79828413633001,109.33598518495745,1289.223876953125,41.0,0.630933403968811,3.0,4.0,0.7096989883251007,14.261405944824219,33.0,"{""type"":""Point"",""coordinates"":[109.33713022146051,19.79765163371903]}"
1182,0.0,25.0,159.0,8.155720710754395,118.0,18.8820025465281,110.09506160003843,2042.27783203125,50.0,0.3113715350627899,3.0,2.0,0.6205840986760319,14.890945434570312,45.0,"{""type"":""Point"",""coordinates"":[110.0928868086823,18.881188949005164]}"
1183,0.0,28.0,661.0,20.659170150756836,537.0,18.76522155959256,109.00810010625383,1575.1695556640625,49.0,7.13906192779541,6.0,1.0,0.561125557932026,11.374886512756348,41.0,"{""type"":""Point"",""coordinates"":[109.00614857547583,18.765201982601948]}"
1184,0.0,25.0,44.0,4.030162334442139,40.0,19.847691476956584,110.87210432080184,1377.18505859375,50.0,0.5751658082008362,3.0,4.0,0.6402265349186876,12.932153701782227,48.0,"{""type"":""Point"",""coordinates"":[110.87261764830802,19.84551472801407]}"
1185,0.0,28.0,37.0,17.1868896484375,37.0,19.416500140579217,110.54871081851877,2054.74169921875,43.0,1.8926113843917847,4.0,3.0,0.724824968710974,12.886448860168457,38.0,"{""type"":""Point"",""coordinates"":[110.54673378700677,19.418620167383768]}"
1186,0.0,21.0,24.0,4.88169002532959,24.0,19.60963792666491,109.2775946914897,1501.788818359375,53.0,0.30445486307144165,2.0,3.0,0.7200022555970955,14.994754791259766,36.0,"{""type"":""Point"",""coordinates"":[109.27726296595085,19.609348581010885]}"
1187,0.0,35.0,86.0,7.4167656898498535,85.0,19.659045267291482,110.62955919408955,1716.0584716796875,39.0,0.8096224665641785,4.0,3.0,0.6701835313237491,13.528900146484375,34.0,"{""type"":""Point"",""coordinates"":[110.6287237924371,19.65877123558596]}"
1188,0.0,23.0,155.0,8.472467422485352,100.0,19.46141590478519,109.47522405399599,1787.0440673828125,56.0,0.729988694190979,3.0,3.0,0.6484162724969353,14.041366577148438,35.0,"{""type"":""Point"",""coordinates"":[109.47519511632377,19.462614816761175]}"
1189,0.0,30.0,185.0,21.491207122802734,80.0,19.335651765008457,109.66387026366107,1904.217529296875,40.0,3.087728261947632,9.0,3.0,0.6673049421062897,12.579325675964355,36.0,"{""type"":""Point"",""coordinates"":[109.66581108373828,19.336814699069205]}"
1190,0.0,29.0,123.0,9.51175308227539,84.0,19.6320958087679,109.81209228554076,1719.813720703125,43.0,1.0367755889892578,4.0,3.0,0.6726605150734705,13.710309028625488,33.0,"{""type"":""Point"",""coordinates"":[109.81301256509249,19.631352504758247]}"
1191,0.0,25.0,176.0,19.04605484008789,94.0,19.403025411317422,109.3943756784252,1783.087646484375,54.0,3.20936918258667,4.0,3.0,0.6547004394720646,12.54633617401123,33.0,"{""type"":""Point"",""coordinates"":[109.39533139561114,19.403551861927827]}"
1192,0.0,28.0,149.0,27.23015785217285,132.0,19.084123485454995,110.17590997560922,2148.856201171875,41.0,3.0793681144714355,3.0,2.0,0.6167069767039943,12.604756355285645,45.0,"{""type"":""Point"",""coordinates"":[110.17806007275776,19.083913042158443]}"
1193,0.0,26.0,160.0,9.388361930847168,31.0,18.73827210106898,109.19225473949831,1665.188232421875,51.0,1.175211787223816,2.0,1.0,0.6796531923883977,13.561969757080078,43.0,"{""type"":""Point"",""coordinates"":[109.19137763066651,18.73884829769567]}"
1194,0.0,27.0,614.0,37.099910736083984,561.0,18.810137323798536,108.93174330710366,1506.3646240234375,48.0,20.86765480041504,10.0,1.0,0.5163023910793962,10.304001808166504,43.0,"{""type"":""Point"",""coordinates"":[108.93135718337601,18.812042367581036]}"
1195,0.0,26.0,221.0,24.039928436279297,105.0,19.371584376373235,109.49319035967835,1854.603759765625,53.0,4.278634071350098,4.0,3.0,0.6325873228642345,12.22899341583252,36.0,"{""type"":""Point"",""coordinates"":[109.4924732893774,19.372757090463477]}"
1196,0.0,25.0,71.0,10.161030769348145,63.0,19.196412895969935,108.90030227215948,1700.58447265625,54.0,1.2604522705078125,3.0,2.0,0.6565794211715671,13.546323776245117,42.0,"{""type"":""Point"",""coordinates"":[108.9006529216886,19.194729227992536]}"
1197,0.0,25.0,190.0,33.2575798034668,172.0,19.151497131763954,110.13997736424443,2152.915771484375,52.0,4.482879161834717,4.0,2.0,0.6192514324492397,12.202225685119629,43.0,"{""type"":""Point"",""coordinates"":[110.14041054633051,19.150982691508805]}"
1198,0.0,27.0,195.0,11.619833946228027,174.0,18.643948996236425,109.03504956477741,1677.1585693359375,46.0,1.6413074731826782,4.0,1.0,0.5836219090256856,13.205561637878418,47.0,"{""type"":""Point"",""coordinates"":[109.03345048512331,18.64454828664083]}"
1199,0.0,25.0,95.0,17.290382385253906,65.0,19.55124743319714,109.94683957815869,1827.8643798828125,48.0,2.3338165283203125,4.0,3.0,0.6883497745782464,12.915517807006836,35.0,"{""type"":""Point"",""coordinates"":[109.94638966214816,19.55178215264343]}"
1200,0.0,24.0,47.0,8.714544296264648,47.0,19.49734851614997,108.99013380057141,1566.9088134765625,52.0,1.1699551343917847,3.0,3.0,0.6859097704232028,13.635027885437012,38.0,"{""type"":""Point"",""coordinates"":[108.99219581971425,19.495162030335646]}"
1201,0.0,26.0,53.0,4.430395126342773,54.0,19.322177035746662,108.75657182670034,1269.6248779296875,51.0,0.646279513835907,3.0,3.0,0.6527669305392687,14.225088119506836,40.0,"{""type"":""Point"",""coordinates"":[108.75678743243057,19.321762834346153]}"
1202,0.0,28.0,785.0,21.540294647216797,579.0,18.67988160760121,109.45725774831357,1765.3765869140625,48.0,5.948298454284668,6.0,1.0,0.5457345434733969,11.43830394744873,46.0,"{""type"":""Point"",""coordinates"":[109.45535371741431,18.679313007149972]}"
1203,0.0,40.0,121.0,7.277177333831787,121.0,19.838708324115387,109.91539854321451,1559.6090087890625,34.0,0.9771929979324341,3.0,4.0,0.6405755216999846,13.770734786987305,34.0,"{""type"":""Point"",""coordinates"":[109.9170083308674,19.84010941798272]}"
1204,0.0,23.0,106.0,9.032807350158691,78.0,19.65455369087089,109.5964966173521,1616.5009765625,54.0,1.1493247747421265,4.0,3.0,0.6693833245960116,13.617607116699219,34.0,"{""type"":""Point"",""coordinates"":[109.59648110690789,19.654538947063063]}"
1205,0.0,27.0,204.0,17.80942726135254,27.0,19.259294965858295,109.49768193609896,1895.583984375,44.0,2.2963814735412598,8.0,2.0,0.7131861000802746,12.86366081237793,39.0,"{""type"":""Point"",""coordinates"":[109.4977432952324,19.257606708331306]}"
1206,0.0,25.0,60.0,13.586024284362793,39.0,19.54226428035595,110.22531731623576,1939.3856201171875,48.0,1.2947595119476318,3.0,3.0,0.7155978722372073,13.525983810424805,38.0,"{""type"":""Point"",""coordinates"":[110.22420312493789,19.54248064077021]}"
1207,0.0,25.0,153.0,6.437515735626221,133.0,19.546755856776542,109.47522405399599,1731.3953857421875,54.0,0.4195604920387268,4.0,3.0,0.6426196256442303,14.596475601196289,36.0,"{""type"":""Point"",""coordinates"":[109.47435423523106,19.544801139376712]}"
1208,0.0,21.0,8.0,6.564637184143066,8.0,18.284622882588614,109.45725774831357,1639.994140625,52.0,0.4745074212551117,2.0,0.0,0.7331716768470016,14.560203552246094,39.0,"{""type"":""Point"",""coordinates"":[109.45571381995893,18.28267560394018]}"
1209,0.0,24.0,147.0,8.551063537597656,111.0,19.501840092570568,109.48420720683714,1731.3953857421875,56.0,0.8690510988235474,4.0,3.0,0.6458549096986025,13.871967315673828,35.0,"{""type"":""Point"",""coordinates"":[109.48429070921757,19.500353554036877]}"
1210,0.0,27.0,18.0,7.538275718688965,20.0,19.57370531530013,110.7328654517633,1756.7760009765625,52.0,0.729021430015564,6.0,3.0,0.7552146507658561,13.695898056030273,33.0,"{""type"":""Point"",""coordinates"":[110.73238140751424,19.573521641377006]}"
1211,0.0,25.0,251.0,8.052810668945312,168.0,18.80115417095734,109.92438169605572,1902.079345703125,50.0,0.4689904749393463,4.0,1.0,0.6110697273424286,14.421849250793457,44.0,"{""type"":""Point"",""coordinates"":[109.92589547094758,18.800534048688746]}"
1212,0.0,23.0,10.0,5.0527024269104,11.0,19.820742018433002,109.47522405399599,1282.27294921875,53.0,0.7845005393028259,2.0,4.0,0.7205372355420167,14.056246757507324,36.0,"{""type"":""Point"",""coordinates"":[109.47736585884611,19.81969455734128]}"
1213,0.0,32.0,360.0,33.27884292602539,200.0,19.18293816670814,109.63242922871689,1926.685546875,38.0,6.70655632019043,4.0,2.0,0.6070752791257666,11.681641578674316,39.0,"{""type"":""Point"",""coordinates"":[109.63408592365195,19.1809662784079]}"
1214,0.0,26.0,249.0,25.330188751220703,170.0,18.890985699369296,110.04565425941183,2044.4189453125,50.0,3.454202651977539,4.0,2.0,0.5998803832844806,12.425226211547852,46.0,"{""type"":""Point"",""coordinates"":[110.0439577538022,18.89095370937404]}"
1215,0.0,29.0,374.0,26.73343849182129,328.0,18.71581421896599,109.60098819377271,1907.8875732421875,48.0,5.094522476196289,4.0,1.0,0.566041129988171,11.948394775390625,49.0,"{""type"":""Point"",""coordinates"":[109.602557469993,18.71795888576216]}"
1216,0.0,23.0,108.0,7.837646961212158,68.0,19.659045267291482,109.64590395797865,1664.927490234375,52.0,0.7526414394378662,5.0,3.0,0.6897905128096986,14.03980827331543,33.0,"{""type"":""Point"",""coordinates"":[109.64481283814271,19.65832219592952]}"
1217,0.0,25.0,8.0,5.669552803039551,11.0,18.751746830330767,110.39150564379787,1882.5242919921875,52.0,0.08342364430427551,2.0,1.0,0.7015294408573877,16.279468536376953,49.0,"{""type"":""Point"",""coordinates"":[110.38982356563992,18.7526203529478]}"
1218,0.0,19.0,60.0,8.743779182434082,49.0,19.57370531530013,110.32862357390951,1893.901611328125,58.0,0.5506401658058167,3.0,3.0,0.7001480515778147,14.342562675476074,39.0,"{""type"":""Point"",""coordinates"":[110.32799774211337,19.574934732587035]}"
1219,0.0,31.0,13.0,3.760326623916626,14.0,19.874640935480173,109.33598518495745,1259.0677490234375,39.0,0.40611863136291504,2.0,4.0,0.7212522140852093,14.712970733642578,35.0,"{""type"":""Point"",""coordinates"":[109.33537114080819,19.875565774909642]}"
1220,0.0,23.0,155.0,11.340295791625977,91.0,19.560230586038337,109.77615967417603,1785.910400390625,51.0,1.2365778684616089,4.0,3.0,0.6571989062335957,13.514190673828125,35.0,"{""type"":""Point"",""coordinates"":[109.77801199463747,19.560185683892072]}"
1221,0.0,26.0,29.0,8.62020206451416,28.0,19.18293816670814,110.38701406737727,2367.4697265625,43.0,0.057359881699085236,3.0,2.0,0.7603174431895741,16.66104507446289,38.0,"{""type"":""Point"",""coordinates"":[110.38769447148567,19.184012635303027]}"
1222,0.0,30.0,333.0,16.71550941467285,249.0,18.693356336862998,109.05301587045977,1693.8157958984375,41.0,3.0985333919525146,4.0,1.0,0.5802900389681703,12.476614952087402,45.0,"{""type"":""Point"",""coordinates"":[109.05099581092577,18.691842384946938]}"
1223,0.0,24.0,147.0,6.370607852935791,89.0,19.46590748120579,109.56056400598732,1805.5992431640625,51.0,0.2690325975418091,4.0,3.0,0.6690681297832044,15.04460620880127,34.0,"{""type"":""Point"",""coordinates"":[109.5617330538955,19.46464595702447]}"
1224,0.0,30.0,355.0,30.172563552856445,336.0,18.468777515833118,109.35395149063982,1749.0213623046875,47.0,7.988712310791016,4.0,1.0,0.5672747932032629,11.508355140686035,45.0,"{""type"":""Point"",""coordinates"":[109.3557348439078,18.468267327520575]}"
1225,0.0,26.0,78.0,16.632524490356445,63.0,18.590050079189254,109.798617556279,1891.49658203125,44.0,1.945026159286499,4.0,1.0,0.6522110178326832,13.108123779296875,45.0,"{""type"":""Point"",""coordinates"":[109.796550407305,18.587880387908477]}"
1226,0.0,28.0,570.0,22.225610733032227,569.0,18.392420716682963,109.56505558240792,1881.7723388671875,48.0,4.322227478027344,5.0,1.0,0.5870908016574935,11.960104942321777,42.0,"{""type"":""Point"",""coordinates"":[109.56633745046815,18.39376451454293]}"
1227,0.0,27.0,406.0,70.55339813232422,319.0,18.96285092209886,110.08607844719722,2180.764404296875,46.0,16.59942054748535,4.0,2.0,0.5649873703240242,10.71779727935791,44.0,"{""type"":""Point"",""coordinates"":[110.0850514440485,18.963506938085985]}"
1228,0.0,26.0,62.0,7.1919403076171875,62.0,19.560230586038337,109.00810010625383,1411.19482421875,46.0,1.132476806640625,3.0,3.0,0.6680249844221682,13.658758163452148,36.0,"{""type"":""Point"",""coordinates"":[109.0086516350856,19.56199707240061]}"
1229,0.0,26.0,180.0,19.343124389648438,142.0,19.0751403326138,110.06811214151486,2120.721435546875,50.0,1.9583626985549927,4.0,2.0,0.6138735558724642,13.03841781616211,46.0,"{""type"":""Point"",""coordinates"":[110.06634442660086,19.07404471145765]}"
1230,0.0,24.0,34.0,9.398783683776855,14.0,19.694977878656267,110.0097216480471,1757.3443603515625,47.0,0.8588094711303711,4.0,3.0,0.7587133542473594,13.951861381530762,33.0,"{""type"":""Point"",""coordinates"":[110.00915332177651,19.695138501315146]}"
1231,0.0,25.0,161.0,56.06418991088867,156.0,18.477760668674314,109.65039553439925,1922.37890625,50.0,13.771947860717773,3.0,1.0,0.5736215980331661,11.080774307250977,44.0,"{""type"":""Point"",""coordinates"":[109.64897191247469,18.475737862920624]}"
1232,0.0,30.0,558.0,32.271263122558594,510.0,18.76971313601316,109.65937868724046,1805.6729736328125,41.0,8.878437995910645,6.0,1.0,0.5526147522099222,11.24420166015625,46.0,"{""type"":""Point"",""coordinates"":[109.65848160923532,18.771451038676414]}"
1233,0.0,30.0,331.0,44.949554443359375,307.0,18.985308804201843,110.22082573981515,2248.53173828125,38.0,6.668030738830566,3.0,2.0,0.5988266791461022,11.708074569702148,45.0,"{""type"":""Point"",""coordinates"":[110.22140499608548,18.98321763683531]}"
1234,0.0,25.0,34.0,7.790220260620117,33.0,18.57208377350686,109.98277218952347,1855.76416015625,46.0,0.4294798672199249,3.0,1.0,0.6910209964698493,14.644889831542969,45.0,"{""type"":""Point"",""coordinates"":[109.98489356280074,18.570548796354117]}"
1235,0.0,23.0,39.0,4.893723011016846,37.0,19.659045267291482,109.4437830190518,1620.3160400390625,54.0,0.19152140617370605,4.0,3.0,0.7270393697810138,15.449565887451172,33.0,"{""type"":""Point"",""coordinates"":[109.44202497578193,19.659276577881112]}"
1236,0.0,31.0,386.0,29.297821044921875,181.0,19.115564520399175,109.34496833779866,1666.563232421875,39.0,8.391627311706543,4.0,2.0,0.5816929625306803,11.436033248901367,40.0,"{""type"":""Point"",""coordinates"":[109.34370292861007,19.117726109038014]}"
1237,0.0,28.0,615.0,22.264265060424805,507.0,18.832595205901526,109.78514282701718,1974.5142822265625,47.0,3.8182461261749268,4.0,2.0,0.5816440173261831,12.045687675476074,44.0,"{""type"":""Point"",""coordinates"":[109.78566494826872,18.834319398227148]}"
1238,0.0,20.0,197.0,11.714666366577148,106.0,19.46141590478519,109.65937868724046,1843.571533203125,59.0,1.2359851598739624,3.0,3.0,0.6428987255375399,13.488018989562988,36.0,"{""type"":""Point"",""coordinates"":[109.66111922111003,19.459313456041972]}"
1239,0.0,22.0,143.0,8.974284172058105,115.0,19.49734851614997,109.41683356052818,1755.68603515625,56.0,0.8586769700050354,3.0,3.0,0.646792068255853,13.886467933654785,35.0,"{""type"":""Point"",""coordinates"":[109.41738576157111,19.496766224459027]}"
1240,0.0,26.0,57.0,11.259125709533691,36.0,19.506331668991166,110.24777519833873,1939.3856201171875,47.0,0.9145111441612244,4.0,3.0,0.7257575494801272,13.875531196594238,37.0,"{""type"":""Point"",""coordinates"":[110.24881122441559,19.504341133378922]}"
1241,0.0,31.0,85.0,10.604759216308594,72.0,19.614129503085508,110.55769397135998,1821.322509765625,43.0,1.3135141134262085,3.0,3.0,0.6929385693983676,13.110554695129395,33.0,"{""type"":""Point"",""coordinates"":[110.55984436091407,19.614599866863497]}"
1242,0.0,28.0,19.0,3.6184120178222656,19.0,19.77582625422702,109.3898841020046,1328.4739990234375,42.0,0.22943836450576782,3.0,4.0,0.7341524803013035,15.280536651611328,32.0,"{""type"":""Point"",""coordinates"":[109.38869257026771,19.77563828408895]}"
1243,0.0,33.0,583.0,32.49326705932617,451.0,18.98980038062244,109.19674631591892,1663.866943359375,40.0,12.342479705810547,7.0,2.0,0.5611229637470436,10.886031150817871,40.0,"{""type"":""Point"",""coordinates"":[109.19525271587996,18.991295559783865]}"
1244,0.0,31.0,206.0,38.952510833740234,209.0,18.670898454760014,110.4813371722098,1793.684814453125,45.0,10.43990707397461,15.0,1.0,0.579374039944259,11.315872192382812,45.0,"{""type"":""Point"",""coordinates"":[110.48192225372094,18.66915403495521]}"
1245,0.0,25.0,35.0,4.010744094848633,36.0,19.874640935480173,110.78676436881045,1520.0635986328125,50.0,0.18256863951683044,4.0,4.0,0.6646495205230247,14.101171493530273,46.0,"{""type"":""Point"",""coordinates"":[110.78613724470998,19.87600696962359]}"
1246,0.0,21.0,23.0,5.079409122467041,23.0,19.120056096819773,108.74309709743858,1342.706298828125,54.0,0.6338469386100769,2.0,2.0,0.6838312703826799,14.262017250061035,42.0,"{""type"":""Point"",""coordinates"":[108.74337376896653,19.122191509521226]}"
1247,0.0,38.0,165.0,29.635427474975586,138.0,19.358109647111448,110.26574150402115,2135.1640625,36.0,4.066354751586914,5.0,3.0,0.6578285436536456,12.315984725952148,35.0,"{""type"":""Point"",""coordinates"":[110.26618237377127,19.360288278663234]}"
1248,0.0,26.0,47.0,16.275442123413086,47.0,18.500218550777305,109.97828061310292,1794.5362548828125,46.0,2.195831775665283,3.0,1.0,0.664636508214441,13.005082130432129,45.0,"{""type"":""Point"",""coordinates"":[109.97792557477172,18.4984600219121]}"
1249,0.0,26.0,137.0,9.760042190551758,85.0,19.452432751943995,109.87048277900857,1938.46728515625,50.0,0.7143272757530212,4.0,3.0,0.6671455545451432,14.074264526367188,37.0,"{""type"":""Point"",""coordinates"":[109.87009923285211,19.45050002380168]}"
1250,0.0,30.0,448.0,52.47678756713867,426.0,18.917935157892877,110.19836785771219,2145.433349609375,45.0,11.515474319458008,4.0,2.0,0.5678949394352957,11.066719055175781,46.0,"{""type"":""Point"",""coordinates"":[110.20015893471519,18.92006876810254]}"
1251,0.0,29.0,54.0,32.442909240722656,47.0,18.473269092253716,109.26861153864849,1678.1563720703125,47.0,8.277826309204102,12.0,1.0,0.6539659785603168,11.66744613647461,43.0,"{""type"":""Point"",""coordinates"":[109.27031648978738,18.472770044353105]}"
1252,0.0,27.0,187.0,36.49123764038086,153.0,19.061665603352004,108.90030227215948,1643.859619140625,48.0,11.136312484741211,5.0,2.0,0.5760517678400584,11.283536911010742,42.0,"{""type"":""Point"",""coordinates"":[108.90132452056785,19.060278818655345]}"
1253,0.0,25.0,79.0,10.281208038330078,58.0,19.537772703935353,110.1579436699268,1920.052978515625,50.0,0.7994585037231445,5.0,3.0,0.7088927362920091,13.996941566467285,35.0,"{""type"":""Point"",""coordinates"":[110.15629633717457,19.536326653298843]}"
1254,0.0,33.0,106.0,15.339868545532227,86.0,19.41200856415862,110.34209830317133,2089.788818359375,40.0,1.385994791984558,5.0,3.0,0.6662423175107358,13.430302619934082,39.0,"{""type"":""Point"",""coordinates"":[110.34037553440126,19.41136175575619]}"
1255,0.0,23.0,10.0,9.494403839111328,10.0,18.29809761185041,109.53361454746374,1646.2528076171875,48.0,1.0830503702163696,2.0,0.0,0.7335031458557552,13.7337007522583,38.0,"{""type"":""Point"",""coordinates"":[109.53219955990122,18.299537810596316]}"
1256,0.0,25.0,51.0,11.271079063415527,41.0,19.24132866017591,108.93174330710366,1687.904052734375,54.0,1.5384674072265625,2.0,2.0,0.688690707792819,13.358757019042969,40.0,"{""type"":""Point"",""coordinates"":[108.93029775070481,19.241732895450664]}"
1257,0.0,27.0,278.0,25.46141242980957,177.0,19.259294965858295,109.30454415001327,1730.6763916015625,48.0,5.656705379486084,3.0,2.0,0.6080708082778626,11.910449028015137,38.0,"{""type"":""Point"",""coordinates"":[109.30553294012968,19.260905987486723]}"
1258,0.0,29.0,354.0,38.89616775512695,326.0,18.57208377350686,109.31352730285442,1800.31396484375,48.0,11.082986831665039,4.0,1.0,0.5609239692670642,11.175616264343262,45.0,"{""type"":""Point"",""coordinates"":[109.3123607772911,18.572094390981036]}"
1259,0.0,28.0,750.0,37.69991683959961,535.0,18.926918310734074,109.65039553439925,1920.1669921875,46.0,11.741730690002441,5.0,2.0,0.5521467933400659,10.783278465270996,43.0,"{""type"":""Point"",""coordinates"":[109.64963191434404,18.926316049406953]}"
1260,0.0,24.0,218.0,8.214180946350098,177.0,18.62598269055404,109.31352730285442,1742.01025390625,55.0,0.7774810791015625,3.0,1.0,0.6016876521518069,13.938080787658691,44.0,"{""type"":""Point"",""coordinates"":[109.31206801203112,18.62416755638769]}"
1261,0.0,21.0,12.0,3.0939083099365234,12.0,18.93590146357527,108.6667402982884,1188.3367919921875,52.0,0.24925492703914642,2.0,2.0,0.6663721311815299,15.201725006103516,47.0,"{""type"":""Point"",""coordinates"":[108.66773988435057,18.934210020139815]}"
1262,0.0,31.0,10.0,9.135581970214844,11.0,19.40751698773802,110.6834581111367,1849.9813232421875,35.0,0.8090580701828003,4.0,3.0,0.7472056144976837,13.59877872467041,38.0,"{""type"":""Point"",""coordinates"":[110.68207601570079,19.406420244635903]}"
1263,0.0,29.0,674.0,25.406015396118164,617.0,18.693356336862998,108.99911695341262,1661.1358642578125,48.0,8.9013671875,8.0,1.0,0.539482686758104,11.139378547668457,46.0,"{""type"":""Point"",""coordinates"":[108.99745544059917,18.694873629984397]}"
1264,0.0,27.0,56.0,16.30316162109375,40.0,19.147005555343355,109.00360852983323,1642.14306640625,45.0,2.850238800048828,6.0,2.0,0.6808297594914828,12.738612174987793,41.0,"{""type"":""Point"",""coordinates"":[109.00330804100153,19.14602831406159]}"
1265,0.0,33.0,112.0,12.990966796875,100.0,19.55573900961774,110.56667712420119,1895.59814453125,39.0,1.6135666370391846,4.0,3.0,0.6553264216065484,12.986869812011719,35.0,"{""type"":""Point"",""coordinates"":[110.56594946753705,19.555187238093648]}"
1266,0.0,29.0,27.0,5.987103462219238,26.0,19.71743576075925,110.71040756966033,1715.18212890625,41.0,0.3495074212551117,7.0,3.0,0.7163363137468747,14.397796630859375,40.0,"{""type"":""Point"",""coordinates"":[110.71199173941042,19.718738577171855]}"
1267,0.0,27.0,206.0,31.143781661987305,171.0,18.940393039995868,110.14896051708558,2021.0389404296875,47.0,4.794522762298584,5.0,2.0,0.5972308918256082,12.124425888061523,46.0,"{""type"":""Point"",""coordinates"":[110.15011492798746,18.942524459169697]}"
1268,0.0,27.0,771.0,32.65971755981445,711.0,18.590050079189254,109.5470892767255,1939.359619140625,48.0,9.012809753417969,8.0,1.0,0.5443377943169468,11.032442092895508,47.0,"{""type"":""Point"",""coordinates"":[109.5453350897517,18.591746431349844]}"
1269,0.0,27.0,70.0,14.081724166870117,58.0,19.111072943978577,110.23879204549758,2170.273681640625,47.0,0.9863185286521912,4.0,2.0,0.6828473282673558,13.792227745056152,44.0,"{""type"":""Point"",""coordinates"":[110.23673208376113,19.1122121080776]}"
1270,0.0,28.0,72.0,24.551727294921875,72.0,18.495726974356707,109.81658386196136,1753.0460205078125,50.0,4.846640110015869,5.0,1.0,0.630295935121996,12.196686744689941,44.0,"{""type"":""Point"",""coordinates"":[109.81639173212322,18.49442803783382]}"
1271,0.0,23.0,83.0,7.273037433624268,51.0,19.72192733717985,109.65937868724046,1605.90087890625,52.0,0.7296971678733826,3.0,3.0,0.7052796326033787,14.08586311340332,33.0,"{""type"":""Point"",""coordinates"":[109.66029127192014,19.721751705797384]}"
1272,0.0,29.0,667.0,26.048553466796875,611.0,19.12903924966097,109.13835582245116,1703.1837158203125,49.0,8.665376663208008,7.0,2.0,0.5733206051200894,11.17314624786377,39.0,"{""type"":""Point"",""coordinates"":[109.13871278694292,19.130952935869644]}"
1273,0.0,31.0,378.0,40.4534797668457,201.0,19.24132866017591,109.57853031166974,1914.7080078125,39.0,9.487897872924805,4.0,2.0,0.5923184884827825,11.317076683044434,40.0,"{""type"":""Point"",""coordinates"":[109.57674259430067,19.240887421147086]}"
1274,0.0,36.0,86.0,12.694018363952637,85.0,19.72192733717985,109.56056400598732,1570.922119140625,40.0,2.463714838027954,4.0,3.0,0.6604120392244229,12.866705894470215,33.0,"{""type"":""Point"",""coordinates"":[109.56144885674736,19.722074331479323]}"
1275,0.0,24.0,78.0,18.62476348876953,40.0,19.115564520399175,110.05463741225304,2062.87060546875,49.0,1.8349326848983765,4.0,2.0,0.688174325106348,13.166433334350586,45.0,"{""type"":""Point"",""coordinates"":[110.05569668219243,19.114038694859698]}"
1276,0.0,29.0,1252.0,26.67405128479004,1057.0,19.039207721249014,109.46174932473417,1819.4482421875,39.0,16.060516357421875,10.0,2.0,0.5148766045817132,9.762373924255371,42.0,"{""type"":""Point"",""coordinates"":[109.4621862064506,19.03896861204843]}"
1277,0.0,30.0,1342.0,12.69875717163086,1218.0,18.908952005051688,109.15632212813352,1652.968017578125,39.0,6.053511619567871,12.0,2.0,0.5238958012281396,10.562600135803223,43.0,"{""type"":""Point"",""coordinates"":[109.15811162223845,18.907159706361956]}"
1278,0.0,27.0,50.0,10.458407402038574,50.0,19.447941175523397,109.05750744688038,1591.743408203125,49.0,1.5850071907043457,3.0,3.0,0.7047341269103199,13.329526901245117,33.0,"{""type"":""Point"",""coordinates"":[109.05635173114926,19.447742580790184]}"
1279,0.0,26.0,347.0,9.481953620910645,286.0,18.73378052464838,109.56954715882853,1761.8480224609375,51.0,1.044839859008789,4.0,1.0,0.5814147764560704,13.554630279541016,47.0,"{""type"":""Point"",""coordinates"":[109.5694145515488,18.734502282266092]}"
1280,0.0,25.0,9.0,6.516560077667236,12.0,18.837086782322125,110.40947194948029,1818.0169677734375,52.0,0.2972862124443054,2.0,2.0,0.7045472792093324,15.01394271850586,47.0,"{""type"":""Point"",""coordinates"":[110.40813208217992,18.83817418232228]}"
1281,0.0,27.0,249.0,24.001062393188477,99.0,19.286244424381884,109.56056400598732,1850.6507568359375,48.0,4.189988136291504,4.0,3.0,0.6275090998094518,12.231547355651855,37.0,"{""type"":""Point"",""coordinates"":[109.56164273061796,19.28414553618495]}"
1282,0.0,24.0,36.0,5.782702445983887,39.0,18.531659585721485,108.85987808437409,1450.675048828125,50.0,0.6424281597137451,3.0,1.0,0.6635901384720975,14.241022109985352,44.0,"{""type"":""Point"",""coordinates"":[108.85999860229337,18.530866558728086]}"
1283,0.0,26.0,269.0,18.950225830078125,178.0,18.8775109701075,110.0052300716265,2044.4189453125,49.0,2.15462327003479,4.0,2.0,0.6077168678079446,12.884547233581543,45.0,"{""type"":""Point"",""coordinates"":[110.00463455936358,18.877233563899342]}"
1284,0.0,23.0,240.0,8.325275421142578,201.0,18.608016384871647,109.33149360853685,1742.01025390625,56.0,0.7954465746879578,3.0,1.0,0.600260580606694,13.900788307189941,44.0,"{""type"":""Point"",""coordinates"":[109.33093954242509,18.608133728237192]}"
1285,0.0,25.0,435.0,27.083078384399414,282.0,18.760729983171963,109.37191779632224,1760.7193603515625,51.0,6.5164642333984375,5.0,1.0,0.5636766514569078,11.655266761779785,46.0,"{""type"":""Point"",""coordinates"":[109.37274387049301,18.760343255426722]}"
1286,0.0,31.0,542.0,29.234224319458008,533.0,18.527168009300887,109.21022104518073,1799.472900390625,48.0,8.291542053222656,4.0,1.0,0.5627511135680306,11.326936721801758,44.0,"{""type"":""Point"",""coordinates"":[109.20996986879788,18.525125274218304]}"
1287,0.0,26.0,6.0,9.496674537658691,9.0,18.706831066124792,110.3735393381155,1979.4765625,44.0,0.5460132956504822,2.0,1.0,0.712311606669887,14.40247917175293,48.0,"{""type"":""Point"",""coordinates"":[110.37460558479938,18.706978965680037]}"
1288,0.0,26.0,33.0,15.067692756652832,26.0,19.12903924966097,110.30616569180654,2209.08203125,50.0,1.0635828971862793,4.0,2.0,0.7360058707435366,13.73855209350586,41.0,"{""type"":""Point"",""coordinates"":[110.30710368088377,19.128724337486222]}"
1289,0.0,26.0,49.0,11.972635269165039,28.0,19.537772703935353,110.22531731623576,1939.3856201171875,46.0,1.0198668241500854,3.0,3.0,0.7295363853444017,13.771181106567383,38.0,"{""type"":""Point"",""coordinates"":[110.22323130008564,19.53903114651941]}"
1290,0.0,27.0,207.0,46.12533187866211,207.0,18.63047426697463,110.06362056509425,2075.025390625,46.0,8.274617195129395,4.0,1.0,0.5922833037541237,11.57341194152832,45.0,"{""type"":""Point"",""coordinates"":[110.06161669515302,18.63219167406199]}"
1291,0.0,25.0,259.0,19.085922241210938,62.0,18.980817227781245,109.56056400598732,1772.6571044921875,48.0,3.1785480976104736,4.0,2.0,0.6445559176803342,12.501903533935547,42.0,"{""type"":""Point"",""coordinates"":[109.56068646537338,18.979357195339702]}"
1292,0.0,21.0,33.0,8.927993774414062,33.0,18.45979436299192,109.76268494491421,1802.8907470703125,58.0,0.7489013671875,2.0,1.0,0.686036662447766,14.089401245117188,45.0,"{""type"":""Point"",""coordinates"":[109.76364046956358,18.45769432491981]}"
1293,0.0,25.0,139.0,20.233108520507812,127.0,18.52267643288029,109.26411996222788,1700.729248046875,53.0,3.9097793102264404,4.0,1.0,0.589907336987533,12.371628761291504,45.0,"{""type"":""Point"",""coordinates"":[109.26484243001086,18.523205515810872]}"
1294,0.0,30.0,474.0,28.077293395996094,390.0,19.178446590287543,109.16081370455413,1753.2191162109375,43.0,7.306487560272217,7.0,2.0,0.5956716869115375,11.509659767150879,38.0,"{""type"":""Point"",""coordinates"":[109.15939451553052,19.17753399820382]}"
1295,0.0,22.0,70.0,5.939506530761719,62.0,19.304210730064277,108.90479384858008,1582.085693359375,59.0,0.5197901725769043,2.0,3.0,0.6657970294664006,14.432853698730469,39.0,"{""type"":""Point"",""coordinates"":[108.9056653264569,19.302745062086235]}"
1296,0.0,30.0,2.0,5.030233383178711,3.0,19.99591349883631,110.49930347789223,1534.7177734375,38.0,0.46516039967536926,2.0,4.0,0.7285186763818439,13.639725685119629,40.0,"{""type"":""Point"",""coordinates"":[110.49812319925812,19.994853081233632]}"
1297,0.0,23.0,140.0,10.755746841430664,104.0,19.49734851614997,109.50666508894017,1794.506591796875,52.0,1.109489917755127,5.0,3.0,0.6498398945297198,13.632018089294434,35.0,"{""type"":""Point"",""coordinates"":[109.50881366333027,19.49726037287975]}"
1298,0.0,29.0,317.0,28.991302490234375,150.0,18.873019393686903,109.81658386196136,1929.2305908203125,37.0,4.9250288009643555,7.0,2.0,0.5863494258207661,12.022934913635254,46.0,"{""type"":""Point"",""coordinates"":[109.81741627658108,18.871689268003454]}"
1299,0.0,29.0,352.0,48.983978271484375,352.0,18.5092017036185,109.83005859122318,1929.65087890625,48.0,13.240588188171387,5.0,1.0,0.5622027774526799,10.99372673034668,45.0,"{""type"":""Point"",""coordinates"":[109.82950662459282,18.5085573148874]}"
1300,0.0,24.0,117.0,48.223506927490234,99.0,19.10658136755798,110.14896051708558,2133.150146484375,51.0,7.743757724761963,4.0,2.0,0.607826861999515,11.697208404541016,44.0,"{""type"":""Point"",""coordinates"":[110.14691311170802,19.105384860385875]}"
1301,0.0,28.0,175.0,42.390357971191406,120.0,19.41200856415862,109.89743223753214,1969.310791015625,44.0,8.220504760742188,4.0,3.0,0.624252178498813,11.600564956665039,37.0,"{""type"":""Point"",""coordinates"":[109.8987509899353,19.410989682678547]}"
1302,0.0,25.0,25.0,4.531021595001221,22.0,19.793792559909413,110.7328654517633,1634.4227294921875,53.0,0.1674090027809143,3.0,4.0,0.7137293027107111,14.62732982635498,40.0,"{""type"":""Point"",""coordinates"":[110.733658273495,19.794237287535356]}"
1303,0.0,29.0,40.0,9.594351768493652,40.0,19.77133467780643,110.64752549977192,1661.8443603515625,37.0,1.3777207136154175,6.0,4.0,0.6970491270426992,13.013978958129883,39.0,"{""type"":""Point"",""coordinates"":[110.64935001416009,19.77335335153477]}"
1304,0.0,24.0,122.0,8.14394760131836,104.0,19.479382210467584,109.26861153864849,1649.8956298828125,57.0,0.9493915438652039,2.0,3.0,0.6452223306352773,13.798990249633789,34.0,"{""type"":""Point"",""coordinates"":[109.2683412073579,19.478959748567974]}"
1305,0.0,29.0,18.0,4.695825099945068,18.0,19.74438521928284,110.76430648670748,1652.22998046875,45.0,0.18282771110534668,5.0,4.0,0.7255562866967803,14.549806594848633,39.0,"{""type"":""Point"",""coordinates"":[110.76510260251099,19.742791765416424]}"
1306,0.0,29.0,248.0,23.282365798950195,246.0,18.814628900219134,108.79250443806512,1305.185546875,43.0,10.70097541809082,5.0,1.0,0.5376129616777248,11.284637451171875,46.0,"{""type"":""Point"",""coordinates"":[108.79136935139122,18.816532265385852]}"
1307,0.0,25.0,40.0,5.828861713409424,40.0,19.178446590287543,108.76106340312094,1357.2413330078125,51.0,0.8856614828109741,2.0,2.0,0.6684463548176297,13.917570114135742,41.0,"{""type"":""Point"",""coordinates"":[108.7620120888183,19.17634382781215]}"
1308,0.0,27.0,343.0,21.16732406616211,157.0,19.093106638296184,109.47073247757538,1792.65234375,41.0,3.6984243392944336,4.0,2.0,0.6055254940701094,12.292150497436523,40.0,"{""type"":""Point"",""coordinates"":[109.47202962587671,19.092157756434684]}"
1309,0.0,25.0,132.0,32.660274505615234,55.0,19.38056752921443,109.78963440343779,1946.9384765625,47.0,5.33716344833374,3.0,3.0,0.6840663579933379,12.063401222229004,37.0,"{""type"":""Point"",""coordinates"":[109.78939495443234,19.378380160180367]}"
1310,0.0,25.0,25.0,4.282495498657227,26.0,20.072270297986464,110.59362658272477,1493.6612548828125,45.0,0.31172075867652893,3.0,4.0,0.6825170061626744,13.589493751525879,44.0,"{""type"":""Point"",""coordinates"":[110.59370709802197,20.073287924813524]}"
1311,0.0,30.0,229.0,47.367218017578125,170.0,18.99429195704304,110.02319637730886,2120.103271484375,44.0,8.530130386352539,4.0,2.0,0.5972454400595758,11.528218269348145,44.0,"{""type"":""Point"",""coordinates"":[110.02388749729151,18.99462415622365]}"
1312,0.0,28.0,588.0,26.540966033935547,456.0,18.85056151158392,109.2371705037043,1626.8511962890625,43.0,8.78470516204834,6.0,2.0,0.5501182403500146,11.229537963867188,44.0,"{""type"":""Point"",""coordinates"":[109.23921627303301,18.849743309047412]}"
1313,0.0,23.0,128.0,7.751489162445068,119.0,19.510823245411764,109.32251045569564,1603.7030029296875,58.0,0.9411227703094482,4.0,3.0,0.6302563406878625,13.804051399230957,37.0,"{""type"":""Point"",""coordinates"":[109.3205052652518,19.510449602179193]}"
1314,0.0,24.0,26.0,7.963796615600586,26.0,18.57657534992746,110.04565425941183,1800.277587890625,40.0,0.4840899705886841,3.0,1.0,0.691249650658743,14.529834747314453,46.0,"{""type"":""Point"",""coordinates"":[110.04443084059851,18.57750828873438]}"
1315,0.0,29.0,254.0,27.069026947021484,76.0,19.169463437446346,109.53810612388435,1856.2041015625,39.0,4.825505256652832,5.0,2.0,0.6515886035837293,12.086414337158203,37.0,"{""type"":""Point"",""coordinates"":[109.53738643578848,19.168423841417706]}"
1316,0.0,26.0,67.0,7.279136657714844,60.0,19.730910490021046,110.60260973556598,1750.1636962890625,51.0,0.6511110067367554,6.0,3.0,0.6986984149486175,13.76456069946289,35.0,"{""type"":""Point"",""coordinates"":[110.60244105387319,19.733038551632198]}"
1317,0.0,26.0,48.0,14.346694946289062,38.0,19.034716144828415,110.31065726822715,2036.39697265625,46.0,1.2180511951446533,4.0,2.0,0.7019769643247247,13.59414291381836,43.0,"{""type"":""Point"",""coordinates"":[110.30920456004633,19.032838551641213]}"
1318,0.0,22.0,31.0,8.91923999786377,31.0,19.71743576075925,109.46174932473417,1610.858154296875,54.0,1.085922360420227,2.0,3.0,0.7334760458247339,13.718923568725586,32.0,"{""type"":""Point"",""coordinates"":[109.46074941977581,19.719658363961752]}"
1319,0.0,28.0,368.0,24.336780548095703,260.0,18.976325651360646,109.91989011963511,1983.186767578125,44.0,3.661454439163208,4.0,2.0,0.6062417356926608,12.284321784973145,42.0,"{""type"":""Point"",""coordinates"":[109.92196181137915,18.974422850981785]}"
1320,0.0,30.0,138.0,18.99824333190918,85.0,19.416500140579217,110.10853632930025,2107.8486328125,41.0,1.878363013267517,4.0,3.0,0.6681679240032462,13.106523513793945,38.0,"{""type"":""Point"",""coordinates"":[110.1063339969512,19.41861187300494]}"
1321,0.0,25.0,146.0,29.216703414916992,64.0,19.313193882905473,110.17141839918861,2169.286865234375,48.0,3.3724899291992188,4.0,3.0,0.6888399451402165,12.515506744384766,38.0,"{""type"":""Point"",""coordinates"":[110.17121180786505,19.3129327894714]}"
1322,0.0,26.0,226.0,54.90793991088867,218.0,19.286244424381884,110.30167411538594,2406.837158203125,50.0,7.413427352905273,4.0,3.0,0.651767373175436,11.672322273254395,36.0,"{""type"":""Point"",""coordinates"":[110.30328807809092,19.284689914939587]}"
1323,0.0,30.0,784.0,28.57668685913086,631.0,18.73827210106898,109.35395149063982,1865.0018310546875,47.0,8.600204467773438,9.0,1.0,0.550501086990577,11.0667085647583,45.0,"{""type"":""Point"",""coordinates"":[109.35319237132244,18.73702391776481]}"
1324,0.0,20.0,129.0,9.07218074798584,111.0,19.528789551094157,109.4347998662106,1697.7293701171875,55.0,0.9257146120071411,5.0,3.0,0.6453728951820429,13.8199462890625,35.0,"{""type"":""Point"",""coordinates"":[109.43649122672157,19.528171290473036]}"
1325,0.0,30.0,13.0,6.532550811767578,15.0,19.120056096819773,110.5711687006218,1890.352294921875,41.0,0.2106022983789444,7.0,2.0,0.7226796894913647,15.35049819946289,44.0,"{""type"":""Point"",""coordinates"":[110.5719603714315,19.119155439265285]}"
1326,0.0,27.0,245.0,11.224139213562012,114.0,19.317685459326064,109.48420720683714,1878.135009765625,46.0,1.0847076177597046,4.0,3.0,0.6432925828791268,13.587258338928223,36.0,"{""type"":""Point"",""coordinates"":[109.4857423811708,19.316052590769036]}"
1327,0.0,25.0,36.0,11.887155532836914,35.0,18.751746830330767,110.18938470487097,2146.31787109375,46.0,0.6680275797843933,3.0,1.0,0.6962224048347441,14.201944351196289,47.0,"{""type"":""Point"",""coordinates"":[110.19122243329105,18.752724653276683]}"
1328,0.0,31.0,151.0,11.501832962036133,76.0,19.528789551094157,109.69081972218464,1765.824951171875,43.0,1.4214431047439575,4.0,3.0,0.6723802892542664,13.377318382263184,35.0,"{""type"":""Point"",""coordinates"":[109.68952374218821,19.530059716191314]}"
1329,0.0,27.0,27.0,8.901468276977539,28.0,19.6365873851885,110.71040756966033,1707.3487548828125,52.0,1.2043805122375488,10.0,3.0,0.7308721165979777,13.185783386230469,36.0,"{""type"":""Point"",""coordinates"":[110.71031885661114,19.638720921503147]}"
1330,0.0,32.0,404.0,31.77457046508789,273.0,19.259294965858295,109.5964966173521,1850.6507568359375,37.0,7.135189056396484,4.0,2.0,0.6078305406211908,11.586962699890137,37.0,"{""type"":""Point"",""coordinates"":[109.59492826336921,19.260454481782908]}"
1331,0.0,38.0,96.0,9.293018341064453,70.0,19.57370531530013,110.5262529364158,1882.1240234375,37.0,0.9130920767784119,4.0,3.0,0.6913670076705305,13.569339752197266,35.0,"{""type"":""Point"",""coordinates"":[110.5244991166553,19.574957566410927]}"
1332,0.0,26.0,33.0,4.829984664916992,33.0,19.46590748120579,108.91826857784184,1507.407958984375,47.0,0.3115393817424774,2.0,3.0,0.6964542261008376,14.966529846191406,39.0,"{""type"":""Point"",""coordinates"":[108.9203967804684,19.464009472870117]}"
1333,0.0,24.0,19.0,4.236210823059082,19.0,19.87913251190077,110.94396954353141,1283.242919921875,51.0,1.0347052812576294,2.0,4.0,0.6484940922467862,12.403361320495605,50.0,"{""type"":""Point"",""coordinates"":[110.94486073239173,19.87702698794123]}"
1334,0.0,30.0,57.0,8.122491836547852,57.0,19.591671620982524,109.20572946876013,1618.345703125,45.0,0.966838538646698,2.0,3.0,0.6816932838799329,13.819878578186035,37.0,"{""type"":""Point"",""coordinates"":[109.20518833876,19.59052422853973]}"
1335,0.0,31.0,1210.0,30.39280891418457,969.0,18.917935157892877,109.71327760428761,2024.844482421875,40.0,13.51103401184082,12.0,2.0,0.5282091968596181,10.023791313171387,44.0,"{""type"":""Point"",""coordinates"":[109.7132804640392,18.918459481490647]}"
1336,0.0,21.0,5.0,3.0276856422424316,8.0,18.59903323203045,108.69818133323258,1267.581298828125,54.0,0.12104114890098572,2.0,1.0,0.6942493839521803,15.83831787109375,43.0,"{""type"":""Point"",""coordinates"":[108.6987269987311,18.59999639938242]}"
1337,0.0,30.0,108.0,6.392359256744385,72.0,19.650062114450293,109.83005859122318,1720.4820556640625,45.0,0.4183167517185211,4.0,3.0,0.6891812931392504,14.627198219299316,33.0,"{""type"":""Point"",""coordinates"":[109.831507145668,19.65055759886894]}"
1338,0.0,30.0,198.0,34.41175079345703,196.0,18.706831066124792,108.79250443806512,1388.7230224609375,44.0,16.824363708496094,5.0,1.0,0.5415966788227629,10.847237586975098,43.0,"{""type"":""Point"",""coordinates"":[108.79352212279396,18.706908781570284]}"
1339,0.0,25.0,17.0,3.6576766967773438,18.0,19.874640935480173,110.80473067449287,1427.0794677734375,48.0,0.19175733625888824,2.0,4.0,0.678595157873394,14.093643188476562,46.0,"{""type"":""Point"",""coordinates"":[110.80550132723312,19.873449561856027]}"
1340,0.0,45.0,101.0,8.662732124328613,101.0,19.847691476956584,109.75819336849361,1424.9788818359375,31.0,1.8878742456436157,5.0,4.0,0.6368690138724291,13.12413501739502,33.0,"{""type"":""Point"",""coordinates"":[109.75841733988088,19.847590232922748]}"
1341,0.0,28.0,22.0,5.318047523498535,22.0,19.703961031497464,110.7328654517633,1715.18212890625,43.0,0.19157029688358307,3.0,3.0,0.7275539733667983,15.003643035888672,38.0,"{""type"":""Point"",""coordinates"":[110.73480775815909,19.703580865475104]}"
1342,0.0,28.0,148.0,7.545567035675049,130.0,19.560230586038337,110.55320239493938,1895.59814453125,48.0,0.45953473448753357,5.0,3.0,0.6579044903365993,14.213396072387695,35.0,"{""type"":""Point"",""coordinates"":[110.55453478022324,19.56116656801813]}"
1343,0.0,24.0,136.0,21.2940731048584,83.0,19.470399057626388,110.05463741225304,2142.833740234375,52.0,2.1491189002990723,4.0,3.0,0.6759389130837079,12.972993850708008,37.0,"{""type"":""Point"",""coordinates"":[110.05293881754359,19.469216537477433]}"
1344,0.0,22.0,71.0,10.431449890136719,64.0,19.322177035746662,110.36006460885369,2216.415771484375,49.0,0.3823137879371643,4.0,3.0,0.7034919773330078,14.739455223083496,39.0,"{""type"":""Point"",""coordinates"":[110.36188499123232,19.321431846566085]}"
1345,0.0,26.0,56.0,8.883532524108887,56.0,19.55573900961774,109.20572946876013,1618.345703125,51.0,1.1313915252685547,3.0,3.0,0.6785869959470685,13.663261413574219,38.0,"{""type"":""Point"",""coordinates"":[109.2069845398793,19.55464651818376]}"
1346,0.0,24.0,31.0,4.101544380187988,33.0,19.694977878656267,110.90803693216662,1321.1820068359375,50.0,0.691869854927063,4.0,3.0,0.6768976350618539,12.951568603515625,41.0,"{""type"":""Point"",""coordinates"":[110.90902465021323,19.69559312028686]}"
1347,0.0,34.0,635.0,21.12898826599121,443.0,19.097598214716783,109.3943756784252,1703.3563232421875,37.0,5.617123126983643,5.0,2.0,0.5735559939323172,11.640183448791504,41.0,"{""type"":""Point"",""coordinates"":[109.39577206642349,19.097663214145616]}"
1348,0.0,30.0,372.0,19.86663818359375,323.0,18.71132264254539,109.58751346451089,1761.8480224609375,47.0,3.9806067943573,5.0,1.0,0.5621669036403178,12.197606086730957,49.0,"{""type"":""Point"",""coordinates"":[109.58927379216654,18.711748723571947]}"
1349,0.0,23.0,223.0,17.342313766479492,109.0,19.263786542278893,109.37191779632224,1821.4259033203125,54.0,2.5406291484832764,4.0,2.0,0.6184178064356262,12.750113487243652,40.0,"{""type"":""Point"",""coordinates"":[109.37390634574555,19.263053395336815]}"
1350,0.0,30.0,427.0,31.348100662231445,427.0,18.63496584339523,110.13997736424443,2010.4400634765625,47.0,5.9308881759643555,4.0,1.0,0.5882315622575843,11.7562255859375,44.0,"{""type"":""Point"",""coordinates"":[110.14019361055895,18.63577703790798]}"
1351,0.0,29.0,450.0,45.49136734008789,396.0,19.066157179772603,109.08894848182456,1727.330078125,49.0,17.77129364013672,5.0,2.0,0.559920331085093,10.612076759338379,39.0,"{""type"":""Point"",""coordinates"":[109.09062988999416,19.065406664737583]}"
1352,0.0,23.0,50.0,8.19152545928955,50.0,18.49123539793611,109.83005859122318,1753.0460205078125,56.0,0.7117961645126343,4.0,1.0,0.6692027549721916,14.13028335571289,44.0,"{""type"":""Point"",""coordinates"":[109.82880843614122,18.489483914644264]}"
1353,0.0,30.0,445.0,33.929969787597656,321.0,18.783187865274954,109.06649059972159,1666.856201171875,42.0,11.335755348205566,8.0,1.0,0.5682887724983269,11.085171699523926,41.0,"{""type"":""Point"",""coordinates"":[109.06852181171253,18.783626743734562]}"
1354,0.0,25.0,31.0,8.501996040344238,34.0,18.90446042863109,110.39150564379787,1992.500732421875,51.0,0.4173111319541931,4.0,2.0,0.7035926598788903,14.675378799438477,44.0,"{""type"":""Point"",""coordinates"":[110.3929602024707,18.904425472710773]}"
1355,0.0,24.0,116.0,8.41224479675293,78.0,19.470399057626388,109.385392525584,1727.7811279296875,55.0,0.8234622478485107,3.0,3.0,0.6802813915926486,13.944990158081055,33.0,"{""type"":""Point"",""coordinates"":[109.38444031443969,19.46954815761234]}"
1356,0.0,20.0,53.0,9.102606773376465,42.0,19.569213738879533,110.3241319974889,1893.901611328125,57.0,0.619453489780426,3.0,3.0,0.7081082791774028,14.22908878326416,39.0,"{""type"":""Point"",""coordinates"":[110.3257168887266,19.56727956066902]}"
1357,0.0,23.0,175.0,9.16186809539795,46.0,18.73378052464838,109.21022104518073,1664.8443603515625,54.0,1.0901062488555908,3.0,1.0,0.6630405761781046,13.62769603729248,43.0,"{""type"":""Point"",""coordinates"":[109.21160893423608,18.736019035126507]}"
1358,0.0,30.0,5.0,19.891429901123047,7.0,18.67988160760121,110.41396352590084,1896.2525634765625,43.0,2.6843485832214355,5.0,1.0,0.7129795959334093,12.809226989746094,46.0,"{""type"":""Point"",""coordinates"":[110.41422289176897,18.679819666478394]}"
1359,0.0,28.0,778.0,32.0606803894043,755.0,18.71132264254539,109.85251647332615,1837.78564453125,47.0,10.533707618713379,7.0,1.0,0.5288283257343878,10.866286277770996,48.0,"{""type"":""Point"",""coordinates"":[109.85202760571578,18.711704581049244]}"
1360,0.0,31.0,301.0,26.183732986450195,258.0,18.65742372549822,109.05750744688038,1693.8157958984375,40.0,6.3484086990356445,4.0,1.0,0.5676924699783146,11.778512001037598,46.0,"{""type"":""Point"",""coordinates"":[109.05600216643009,18.658451951463615]}"
1361,0.0,26.0,222.0,18.858989715576172,119.0,19.420991716999815,109.70429445144646,1906.7242431640625,46.0,2.4945483207702637,4.0,3.0,0.6501882720213039,12.769095420837402,34.0,"{""type"":""Point"",""coordinates"":[109.70349743916655,19.419107961449317]}"
1362,0.0,24.0,102.0,5.719424724578857,52.0,19.38505910563503,109.25513680938667,1657.0560302734375,50.0,0.311515748500824,4.0,3.0,0.7038274993678479,14.925638198852539,34.0,"{""type"":""Point"",""coordinates"":[109.25488878878735,19.38649439839299]}"
1363,0.0,24.0,117.0,19.991395950317383,88.0,18.71132264254539,109.74471863923185,2134.625,50.0,1.9079616069793701,4.0,1.0,0.6230455223068856,13.103804588317871,48.0,"{""type"":""Point"",""coordinates"":[109.74513763077165,18.709540537333393]}"
1364,0.0,27.0,67.0,6.985038757324219,70.0,18.65293214907762,108.80597916732694,1459.837890625,47.0,0.9869297742843628,3.0,1.0,0.6266799133648445,13.793390274047852,44.0,"{""type"":""Point"",""coordinates"":[108.80455162552836,18.653316131344344]}"
1365,0.0,29.0,18.0,3.050930976867676,19.0,19.358109647111448,108.78352128522391,1237.3038330078125,45.0,0.21070392429828644,2.0,3.0,0.6791291581622275,15.366294860839844,43.0,"{""type"":""Point"",""coordinates"":[108.7834560419964,19.356173109586248]}"
1366,0.0,24.0,140.0,11.379666328430176,126.0,19.10658136755798,108.91826857784184,1666.4306640625,48.0,1.527092456817627,3.0,2.0,0.6170605033453094,13.312440872192383,40.0,"{""type"":""Point"",""coordinates"":[108.91617955965133,19.106396382714987]}"
1367,0.0,25.0,457.0,25.122966766357422,409.0,18.6888647604424,108.98564222415081,1661.1358642578125,51.0,6.934626579284668,6.0,1.0,0.5563153163896898,11.575651168823242,46.0,"{""type"":""Point"",""coordinates"":[108.98634327095417,18.69057429244307]}"
1368,0.0,29.0,878.0,21.517995834350586,876.0,18.73827210106898,108.81047074374754,1438.14990234375,49.0,13.333146095275879,6.0,1.0,0.5104542784677805,10.51535701751709,44.0,"{""type"":""Point"",""coordinates"":[108.81041331828344,18.738440362058334]}"
1369,0.0,27.0,75.0,17.579734802246094,60.0,19.043699297669612,110.25226677475933,2104.3349609375,43.0,1.5699959993362427,3.0,2.0,0.6732869218670741,13.324250221252441,44.0,"{""type"":""Point"",""coordinates"":[110.25261408972233,19.042504102346467]}"
1370,0.0,28.0,19.0,4.797386646270752,20.0,19.950997734630327,110.45438771368623,1534.7177734375,43.0,0.3817470371723175,2.0,4.0,0.7043936629225941,13.873409271240234,41.0,"{""type"":""Point"",""coordinates"":[110.4564481977005,19.95145415905112]}"
1371,0.0,26.0,20.0,4.416374683380127,22.0,19.659045267291482,110.86312116796063,1413.048583984375,50.0,0.5511682629585266,5.0,3.0,0.700932276915017,13.44327163696289,40.0,"{""type"":""Point"",""coordinates"":[110.86257833807464,19.65799814922611]}"
1372,0.0,23.0,257.0,19.91930389404297,229.0,18.554117467824476,109.29556099717206,1729.4024658203125,55.0,3.7716825008392334,4.0,1.0,0.5848040533012068,12.33172607421875,45.0,"{""type"":""Point"",""coordinates"":[109.29707324344629,18.554369985265495]}"
1373,0.0,27.0,425.0,15.13085651397705,421.0,18.49123539793611,109.20572946876013,1821.7725830078125,50.0,2.297102689743042,4.0,1.0,0.589285025913425,12.709303855895996,44.0,"{""type"":""Point"",""coordinates"":[109.2070260574987,18.491430776429123]}"
1374,0.0,29.0,106.0,12.664102554321289,69.0,18.940393039995868,110.12650263498261,2021.0389404296875,41.0,1.0116868019104004,6.0,2.0,0.6520358479290231,13.745192527770996,46.0,"{""type"":""Point"",""coordinates"":[110.1283602798857,18.939629471760632]}"
1375,0.0,27.0,442.0,30.970651626586914,412.0,18.724797371807185,109.96929746026171,2163.583251953125,47.0,4.449219226837158,4.0,1.0,0.5871679100679493,12.033852577209473,47.0,"{""type"":""Point"",""coordinates"":[109.97087429621699,18.725227054428377]}"
1376,0.0,32.0,419.0,34.264007568359375,256.0,19.142513978922757,109.67285341650228,1976.4073486328125,37.0,6.733973503112793,6.0,2.0,0.6076974031752176,11.634214401245117,39.0,"{""type"":""Point"",""coordinates"":[109.67456373070237,19.140496529886867]}"
1377,0.0,25.0,47.0,10.81396770477295,24.0,19.66353684371208,109.96480588384111,1729.659912109375,47.0,1.2197661399841309,5.0,3.0,0.7490703074367223,13.593321800231934,32.0,"{""type"":""Point"",""coordinates"":[109.9632124347106,19.66480603661256]}"
1378,0.0,28.0,86.0,12.55718994140625,86.0,19.789300983488815,109.99624691878529,1656.40234375,44.0,1.8709388971328735,4.0,4.0,0.6705159822246057,13.142196655273438,32.0,"{""type"":""Point"",""coordinates"":[109.99587442611586,19.790324978576734]}"
1379,0.0,23.0,51.0,8.292818069458008,33.0,19.672519996553277,110.06811214151486,1816.8760986328125,55.0,0.6187000870704651,2.0,3.0,0.7440292593601016,14.269879341125488,32.0,"{""type"":""Point"",""coordinates"":[110.069578273645,19.67388370944049]}"
1380,0.0,26.0,141.0,16.94929313659668,83.0,19.376075952793833,109.93785642531753,2000.3001708984375,48.0,1.8033465147018433,4.0,3.0,0.664206715714855,13.145447731018066,38.0,"{""type"":""Point"",""coordinates"":[109.93586028892821,19.37477393750217]}"
1381,0.0,27.0,581.0,45.912071228027344,576.0,18.48674382151551,109.22369577444249,1821.7725830078125,52.0,17.24640655517578,5.0,1.0,0.5366440032238464,10.537964820861816,44.0,"{""type"":""Point"",""coordinates"":[109.22463933143743,18.485105693952878]}"
1382,0.0,27.0,7.0,5.6767048835754395,10.0,18.80115417095734,110.40498037305969,1818.0169677734375,43.0,0.11471964418888092,2.0,1.0,0.6986414854949365,15.962076187133789,49.0,"{""type"":""Point"",""coordinates"":[110.40332066509114,18.80334529583702]}"
1383,0.0,25.0,1081.0,39.10135269165039,884.0,19.01674983914603,109.53361454746374,1811.0330810546875,47.0,23.139835357666016,10.0,2.0,0.5046712866563037,9.661487579345703,42.0,"{""type"":""Point"",""coordinates"":[109.53448099811317,19.0152279474649]}"
1384,0.0,27.0,99.0,6.4991278648376465,93.0,19.87913251190077,110.26574150402115,1620.554931640625,44.0,0.5970932841300964,4.0,4.0,0.6464366878573046,13.991741180419922,36.0,"{""type"":""Point"",""coordinates"":[110.26449025424725,19.880483408830287]}"
1385,0.0,26.0,311.0,61.61670684814453,306.0,18.473269092253716,109.65039553439925,1922.37890625,50.0,18.20224952697754,3.0,1.0,0.5521894290536316,10.687901496887207,44.0,"{""type"":""Point"",""coordinates"":[109.6515593233578,18.472333384535958]}"
1386,0.0,27.0,86.0,7.405888557434082,76.0,19.277261271540688,108.94072645994487,1673.9830322265625,51.0,0.7120141983032227,2.0,2.0,0.6585704470731629,14.108598709106445,38.0,"{""type"":""Point"",""coordinates"":[108.93887653949065,19.275025608172484]}"
1389,0.0,32.0,148.0,9.969279289245605,132.0,19.49734851614997,110.5217613599952,1935.4969482421875,43.0,0.9144240021705627,7.0,3.0,0.6424092948675381,13.525252342224121,39.0,"{""type"":""Point"",""coordinates"":[110.52289780866033,19.497713801235257]}"
1390,0.0,27.0,43.0,15.960563659667969,30.0,18.612507961292245,109.82107543838197,1898.5504150390625,43.0,1.7939761877059937,4.0,1.0,0.6831069945424662,13.20971393585205,47.0,"{""type"":""Point"",""coordinates"":[109.8226688611072,18.614582561050387]}"
1391,0.0,25.0,36.0,8.697860717773438,36.0,18.729288948227783,110.17590997560922,1980.0189208984375,51.0,0.4628489911556244,4.0,1.0,0.6912464637439103,14.568896293640137,46.0,"{""type"":""Point"",""coordinates"":[110.1775199120426,18.731029848494934]}"
1392,0.0,26.0,84.0,8.645583152770996,75.0,19.389550682055628,109.14284739887177,1701.1917724609375,53.0,0.938811182975769,3.0,3.0,0.6747231591906195,13.833244323730469,35.0,"{""type"":""Point"",""coordinates"":[109.14098952022219,19.388573111101906]}"
1393,0.0,25.0,29.0,6.038593769073486,32.0,18.908952005051688,110.40498037305969,1966.1087646484375,50.0,0.057359881699085236,3.0,2.0,0.7094490973179076,16.66104507446289,43.0,"{""type"":""Point"",""coordinates"":[110.40604306070253,18.91092620433012]}"
1394,0.0,32.0,848.0,46.29575729370117,702.0,19.18293816670814,109.68183656934343,2070.891357421875,41.0,15.392021179199219,5.0,2.0,0.5578114738085814,10.399322509765625,40.0,"{""type"":""Point"",""coordinates"":[109.683160001055,19.1812522721567]}"
1395,0.0,27.0,331.0,30.682586669921875,287.0,18.581066926348058,109.17428843381595,1772.9586181640625,52.0,7.758001804351807,4.0,1.0,0.5662457562132143,11.555066108703613,46.0,"{""type"":""Point"",""coordinates"":[109.17244947240997,18.58074420091924]}"
1396,0.0,29.0,164.0,55.25101852416992,167.0,18.280131306168023,109.62793765229628,1780.9361572265625,48.0,17.785587310791016,5.0,0.0,0.5697906763133711,10.809792518615723,41.0,"{""type"":""Point"",""coordinates"":[109.6296492719982,18.279581703053626]}"
1397,0.0,27.0,369.0,35.721717834472656,360.0,19.27276969512009,110.28370780970351,2277.238037109375,50.0,4.80012321472168,4.0,2.0,0.6456564793950886,12.011837005615234,36.0,"{""type"":""Point"",""coordinates"":[110.28223718441653,19.274685313439157]}"
1398,0.0,28.0,39.0,3.8011531829833984,40.0,19.820742018433002,109.34945991421921,1234.4652099609375,39.0,0.4306330382823944,4.0,4.0,0.6906515860126755,14.639293670654297,35.0,"{""type"":""Point"",""coordinates"":[109.34824684737764,19.821109297365098]}"
1399,0.0,29.0,143.0,17.346691131591797,73.0,19.367092799952644,109.89294066111154,2007.8226318359375,42.0,1.8509143590927124,4.0,3.0,0.6710085169207056,13.118152618408203,39.0,"{""type"":""Point"",""coordinates"":[109.89093770892514,19.365108519279634]}"
1400,0.0,28.0,86.0,17.019485473632812,73.0,18.57208377350686,109.81658386196136,1966.743408203125,42.0,1.8388705253601074,4.0,1.0,0.6409826220863809,13.15949821472168,46.0,"{""type"":""Point"",""coordinates"":[109.81469450587703,18.574256912191636]}"
1401,0.0,25.0,51.0,14.503517150878906,51.0,19.582688468141328,109.0305579883568,1411.19482421875,45.0,3.4798619747161865,3.0,3.0,0.6735054113512092,12.541560173034668,36.0,"{""type"":""Point"",""coordinates"":[109.02923226539941,19.583933952820477]}"
1402,0.0,23.0,12.0,3.676485061645508,12.0,18.93590146357527,108.67572345112961,1188.3367919921875,54.0,0.5122824311256409,2.0,2.0,0.670037663465828,14.481305122375488,46.0,"{""type"":""Point"",""coordinates"":[108.6744576841933,18.933746768671956]}"
1403,0.0,22.0,25.0,3.2877578735351562,25.0,19.74887679570344,110.94396954353141,1337.39501953125,56.0,0.23739443719387054,2.0,4.0,0.6647569934183024,13.861883163452148,46.0,"{""type"":""Point"",""coordinates"":[110.94350259895813,19.74972469239991]}"
1404,0.0,24.0,5.0,4.649318695068359,5.0,18.212757659859058,109.48869878325775,1616.5762939453125,51.0,0.13369931280612946,4.0,0.0,0.7335488147021734,15.828627586364746,40.0,"{""type"":""Point"",""coordinates"":[109.48926427111851,18.21258301651362]}"
1405,0.0,26.0,412.0,35.15837860107422,234.0,19.007766686304834,109.76268494491421,1901.2086181640625,50.0,7.9804368019104,4.0,2.0,0.5898408010924491,11.467747688293457,41.0,"{""type"":""Point"",""coordinates"":[109.76149293514247,19.006075370188775]}"
1406,0.0,25.0,170.0,33.733524322509766,115.0,19.434466446261602,109.83904174406439,1946.878662109375,46.0,5.679823398590088,4.0,3.0,0.6313731534824765,11.97705364227295,37.0,"{""type"":""Point"",""coordinates"":[109.83968678609476,19.43225663348977]}"
1407,0.0,26.0,35.0,8.983020782470703,32.0,18.60352480845105,109.9603143074205,1923.6046142578125,45.0,0.5458130836486816,3.0,1.0,0.6868168619640804,14.404594421386719,47.0,"{""type"":""Point"",""coordinates"":[109.9619931402281,18.60167450515784]}"
1408,0.0,26.0,34.0,7.027571201324463,32.0,19.80277571275061,110.45438771368623,1670.80615234375,44.0,0.6513681411743164,5.0,4.0,0.7307069251559578,13.79426383972168,34.0,"{""type"":""Point"",""coordinates"":[110.45506370302199,19.803276680134818]}"
1409,0.0,24.0,166.0,10.033856391906738,66.0,19.27276969512009,109.30005257359267,1730.6763916015625,55.0,1.182050108909607,4.0,2.0,0.6679797850968158,13.552390098571777,38.0,"{""type"":""Point"",""coordinates"":[109.300551144314,19.274235023752247]}"
1410,0.0,26.0,351.0,80.2987060546875,322.0,18.720305795386587,109.94234800173814,2281.90283203125,46.0,16.925874710083008,4.0,1.0,0.5583205264962913,10.737213134765625,47.0,"{""type"":""Point"",""coordinates"":[109.94043652538666,18.721935659425835]}"
1411,0.0,26.0,70.0,11.419320106506348,35.0,19.474890634046986,110.31065726822715,2056.975830078125,46.0,0.7481141090393066,4.0,3.0,0.7337001015804512,14.068694114685059,37.0,"{""type"":""Point"",""coordinates"":[110.31030262834986,19.474391650159568]}"
1412,0.0,24.0,202.0,12.777021408081055,186.0,18.468777515833118,109.41234198410757,1813.771240234375,51.0,1.512600064277649,4.0,1.0,0.5961277744216695,13.282759666442871,46.0,"{""type"":""Point"",""coordinates"":[109.41140438835383,18.468865183442016]}"
1413,0.0,29.0,20.0,4.461646556854248,21.0,20.004896651677498,110.27023308044176,1444.39306640625,43.0,0.4629114866256714,2.0,4.0,0.71529720130727,13.679207801818848,37.0,"{""type"":""Point"",""coordinates"":[110.27025828624703,20.00304470961551]}"
1414,0.0,30.0,43.0,7.456032752990723,44.0,19.51980639825296,110.73735702818391,1798.4896240234375,43.0,0.5938122868537903,7.0,3.0,0.7217836663073809,13.878664016723633,35.0,"{""type"":""Point"",""coordinates"":[110.73871656836776,19.52061691853125]}"
1415,0.0,27.0,176.0,65.91409301757812,168.0,19.286244424381884,110.3196404210683,2406.837158203125,49.0,9.76117992401123,3.0,3.0,0.6458703204383976,11.42530345916748,36.0,"{""type"":""Point"",""coordinates"":[110.321720470051,19.2881381621183]}"
1416,0.0,26.0,14.0,5.021337509155273,14.0,19.942014581789138,110.38701406737727,1616.1107177734375,47.0,0.3050905466079712,4.0,4.0,0.7180142149124181,14.104621887207031,41.0,"{""type"":""Point"",""coordinates"":[110.3883948130359,19.94396934843441]}"
1418,0.0,35.0,121.0,7.163547039031982,100.0,19.371584376373235,110.28819938612412,2135.1640625,37.0,0.11471964418888092,5.0,3.0,0.6619621350352631,15.913022994995117,38.0,"{""type"":""Point"",""coordinates"":[110.28958843597256,19.372489014066492]}"
1419,0.0,37.0,77.0,5.137181282043457,77.0,19.838708324115387,109.9603143074205,1592.997802734375,34.0,0.3348653316497803,4.0,4.0,0.6781548952943033,14.760046005249023,33.0,"{""type"":""Point"",""coordinates"":[109.96066346383503,19.840249016313482]}"
1420,0.0,22.0,91.0,12.757484436035156,61.0,19.470399057626388,110.19836785771219,2070.307373046875,53.0,0.9196891784667969,6.0,3.0,0.7006538809415518,13.849620819091797,38.0,"{""type"":""Point"",""coordinates"":[110.19976575199465,19.47057786118118]}"
1421,0.0,29.0,26.0,8.360798835754395,27.0,19.55124743319714,110.71939072250149,1756.7760009765625,47.0,0.9146522879600525,9.0,3.0,0.7574130264074365,13.461915016174316,31.0,"{""type"":""Point"",""coordinates"":[110.7184847021279,19.550830726588458]}"
1422,0.0,24.0,143.0,10.431957244873047,49.0,19.308702306484875,109.30903572643388,1761.86865234375,53.0,1.1560611724853516,4.0,3.0,0.6857451332593537,13.589025497436523,39.0,"{""type"":""Point"",""coordinates"":[109.30806926280547,19.306731963816983]}"
1423,0.0,27.0,221.0,23.211713790893555,136.0,19.447941175523397,109.75819336849361,1949.9219970703125,51.0,3.503307342529297,3.0,3.0,0.6487177492431513,12.429533958435059,34.0,"{""type"":""Point"",""coordinates"":[109.75629295112792,19.447312608799944]}"
1424,0.0,25.0,19.0,7.42617654800415,22.0,18.899968852210492,110.43192983158326,1858.0250244140625,48.0,0.38017648458480835,4.0,2.0,0.7141409678582104,14.756300926208496,43.0,"{""type"":""Point"",""coordinates"":[110.43153532009225,18.90065553820789]}"
1425,0.0,27.0,608.0,28.235816955566406,541.0,18.56759219708627,109.45725774831357,1835.668212890625,50.0,7.260390758514404,6.0,1.0,0.5562718335749115,11.405291557312012,46.0,"{""type"":""Point"",""coordinates"":[109.4574753125002,18.568823999013667]}"
1426,0.0,21.0,107.0,7.2313385009765625,51.0,19.6320958087679,109.70878602786706,1736.3560791015625,55.0,0.5039097666740417,3.0,3.0,0.716862151936338,14.44163990020752,32.0,"{""type"":""Point"",""coordinates"":[109.71007985054685,19.633515046040063]}"
1427,0.0,32.0,358.0,27.512897491455078,180.0,19.138022402502166,109.4437830190518,1806.277099609375,36.0,5.812965393066406,5.0,2.0,0.6084390164263462,11.827214241027832,38.0,"{""type"":""Point"",""coordinates"":[109.44392688077454,19.137856735077506]}"
1428,0.0,28.0,851.0,25.49326515197754,647.0,18.841578358742723,109.56954715882853,1679.999755859375,47.0,10.09402847290039,6.0,2.0,0.5252754839324308,10.831952095031738,46.0,"{""type"":""Point"",""coordinates"":[109.57093718382419,18.843621637145844]}"
1429,0.0,24.0,20.0,5.021179676055908,22.0,19.66802842013268,110.92151166142838,1321.1820068359375,50.0,1.1586227416992188,4.0,3.0,0.6884420298030337,12.600373268127441,41.0,"{""type"":""Point"",""coordinates"":[110.92003566090742,19.669788435510387]}"
1430,0.0,29.0,28.0,5.289460182189941,28.0,19.708452607918062,110.72388229892209,1715.18212890625,42.0,0.19157519936561584,3.0,3.0,0.716078832584278,14.998133659362793,39.0,"{""type"":""Point"",""coordinates"":[110.72196964683023,19.707530590225552]}"
1431,0.0,28.0,176.0,74.11779022216797,159.0,18.890985699369296,110.22082573981515,2274.495849609375,49.0,14.188034057617188,4.0,2.0,0.5812438472428627,11.040321350097656,46.0,"{""type"":""Point"",""coordinates"":[110.2201534179858,18.891954612029075]}"
1432,0.0,27.0,207.0,23.584640502929688,195.0,19.205396048811124,110.22082573981515,2244.465087890625,50.0,2.3709521293640137,4.0,2.0,0.6445507583949269,12.829728126525879,40.0,"{""type"":""Point"",""coordinates"":[110.21873632711923,19.204905451468466]}"
1433,0.0,29.0,333.0,14.956034660339355,212.0,18.976325651360646,109.89294066111154,1940.054443359375,41.0,1.6905158758163452,4.0,2.0,0.6126908660062982,13.083195686340332,42.0,"{""type"":""Point"",""coordinates"":[109.89265276924404,18.974935989456814]}"
1434,0.0,27.0,529.0,32.447837829589844,415.0,18.841578358742723,109.74022706281124,1915.739013671875,44.0,7.12598180770874,4.0,2.0,0.5684498454050029,11.490951538085938,45.0,"{""type"":""Point"",""coordinates"":[109.74138863662667,18.839864969587147]}"
1435,0.0,23.0,11.0,6.208488464355469,14.0,18.855053088004517,110.50828663073344,1748.52392578125,54.0,0.3084395229816437,3.0,2.0,0.7164713470394126,14.970109939575195,43.0,"{""type"":""Point"",""coordinates"":[110.50662734340968,18.85552711728757]}"
1436,0.0,31.0,87.0,14.307430267333984,69.0,19.614129503085508,110.53523608925701,1828.426025390625,39.0,2.0515904426574707,4.0,3.0,0.6902380025100644,12.7666597366333,34.0,"{""type"":""Point"",""coordinates"":[110.53686548418825,19.61412672585048]}"
1437,0.0,30.0,473.0,36.02994155883789,417.0,18.855053088004517,108.96318434204784,1604.369140625,46.0,15.023453712463379,7.0,2.0,0.5435014288315347,10.771740913391113,43.0,"{""type"":""Point"",""coordinates"":[108.96526947055764,18.854956536798873]}"
1438,0.0,29.0,603.0,12.68200969696045,386.0,18.890985699369296,109.64590395797865,1799.099609375,45.0,1.877232313156128,5.0,2.0,0.5747750047049732,12.767302513122559,45.0,"{""type"":""Point"",""coordinates"":[109.6477350851312,18.890924008927207]}"
1439,0.0,24.0,69.0,6.420135498046875,67.0,19.362601223532046,108.99013380057141,1627.9415283203125,55.0,0.5501697659492493,2.0,3.0,0.658507543588037,14.376643180847168,40.0,"{""type"":""Point"",""coordinates"":[108.98985109798427,19.3622719363652]}"
1440,0.0,29.0,143.0,18.52920913696289,114.0,18.675390031180612,109.70878602786706,2052.630615234375,43.0,1.9531134366989136,6.0,1.0,0.6047407912242138,13.06436824798584,48.0,"{""type"":""Point"",""coordinates"":[109.70759063120357,18.675978794282255]}"
1441,0.0,31.0,69.0,8.86507797241211,70.0,19.942014581789138,110.25675835117994,1564.2392578125,40.0,1.5591132640838623,3.0,4.0,0.6533926171295636,12.888382911682129,39.0,"{""type"":""Point"",""coordinates"":[110.25766999446945,19.93980233480134]}"
1442,0.0,34.0,85.0,11.173547744750977,83.0,19.596163197403122,109.40335883126642,1726.7203369140625,43.0,1.5141133069992065,4.0,3.0,0.6661068534661989,13.354530334472656,35.0,"{""type"":""Point"",""coordinates"":[109.40194099431382,19.594361427247307]}"
1444,0.0,28.0,692.0,17.415512084960938,639.0,18.76971313601316,108.91377700142124,1431.394775390625,49.0,7.3268022537231445,9.0,1.0,0.535038691511353,11.319825172424316,45.0,"{""type"":""Point"",""coordinates"":[108.91171820509847,18.768080875447566]}"
1445,0.0,25.0,32.0,11.716055870056152,32.0,19.726418913600448,109.43030828978999,1571.9744873046875,48.0,1.8781722784042358,3.0,3.0,0.7325104782058358,13.170234680175781,31.0,"{""type"":""Point"",""coordinates"":[109.4280812814199,19.725409093298623]}"
1446,0.0,26.0,189.0,21.2094669342041,178.0,18.52267643288029,109.06199902330098,1563.819580078125,53.0,5.571672439575195,4.0,1.0,0.5562715183013016,11.984319686889648,49.0,"{""type"":""Point"",""coordinates"":[109.06272478974321,18.521297550972214]}"
1447,0.0,20.0,11.0,2.5723562240600586,11.0,19.066157179772603,108.68021502755016,1119.602783203125,58.0,0.1908886730670929,2.0,2.0,0.6768954775686641,15.469088554382324,44.0,"{""type"":""Point"",""coordinates"":[108.68127129522713,19.067766624303562]}"
1448,0.0,26.0,813.0,19.29631805419922,788.0,18.6888647604424,108.89581069573887,1418.91015625,49.0,9.815360069274902,6.0,1.0,0.5135696885614389,10.90182876586914,46.0,"{""type"":""Point"",""coordinates"":[108.89457371330623,18.690383136488194]}"
1449,0.0,27.0,59.0,6.4817633628845215,57.0,19.820742018433002,110.3151488446477,1669.9520263671875,44.0,0.501072108745575,5.0,4.0,0.6973811619297277,14.198748588562012,35.0,"{""type"":""Point"",""coordinates"":[110.31522584419403,19.820072199596904]}"
1450,0.0,25.0,35.0,5.622330188751221,38.0,18.62149111413344,108.77453813238276,1290.8375244140625,47.0,0.9376296997070312,3.0,1.0,0.6542032039475855,13.863456726074219,44.0,"{""type"":""Point"",""coordinates"":[108.77492914512155,18.6221300549733]}"
1451,0.0,28.0,163.0,51.31083297729492,151.0,19.178446590287543,110.22531731623576,2227.55908203125,48.0,8.136622428894043,4.0,2.0,0.6258256249759044,11.618542671203613,40.0,"{""type"":""Point"",""coordinates"":[110.2245241953887,19.178892488989952]}"
1452,0.0,25.0,502.0,38.9051513671875,495.0,18.500218550777305,109.22369577444249,1799.472900390625,54.0,12.325294494628906,4.0,1.0,0.5531112715532804,10.954463005065918,44.0,"{""type"":""Point"",""coordinates"":[109.22483009706535,18.50050227620099]}"
1453,0.0,25.0,126.0,25.934329986572266,126.0,18.39691229310356,109.09793163466577,1529.7103271484375,49.0,7.392614364624023,4.0,1.0,0.5880643282827944,11.738637924194336,41.0,"{""type"":""Point"",""coordinates"":[109.09927233300452,18.398602812041943]}"
1454,0.0,32.0,95.0,8.394876480102539,93.0,19.52429797467356,110.62506761766895,1858.089599609375,42.0,0.7502682209014893,6.0,3.0,0.6664726733223696,13.596528053283691,35.0,"{""type"":""Point"",""coordinates"":[110.62708687717566,19.5225263688452]}"
1455,0.0,26.0,178.0,7.875729560852051,47.0,19.35361807069085,109.55607242956671,1847.4031982421875,48.0,0.5014894008636475,10.0,3.0,0.7110488292504871,14.402335166931152,36.0,"{""type"":""Point"",""coordinates"":[109.55737546047688,19.35484644304403]}"
1456,0.0,21.0,40.0,14.228734970092773,40.0,18.369962834579972,109.21471262160128,1670.3621826171875,59.0,2.2558813095092773,2.0,1.0,0.6869693539765271,12.982172012329102,40.0,"{""type"":""Point"",""coordinates"":[109.21513480463717,18.36928806136589]}"
1457,0.0,23.0,89.0,7.083151817321777,68.0,19.115564520399175,109.03504956477741,1642.14306640625,56.0,0.6702086925506592,2.0,2.0,0.6521503295954952,14.16731071472168,41.0,"{""type"":""Point"",""coordinates"":[109.0340183741433,19.11716069103541]}"
1458,0.0,33.0,74.0,6.532381534576416,75.0,19.789300983488815,109.19225473949831,1251.5762939453125,39.0,1.492265224456787,8.0,4.0,0.6592820420562566,13.375648498535156,33.0,"{""type"":""Point"",""coordinates"":[109.1924118964043,19.789119943074656]}"
1459,0.0,32.0,663.0,45.155643463134766,611.0,18.79666259453675,109.798617556279,2038.2491455078125,39.0,12.284199714660645,4.0,1.0,0.5566247421159496,10.820024490356445,44.0,"{""type"":""Point"",""coordinates"":[109.79637973700642,18.796736618455913]}"
1460,0.0,25.0,125.0,31.16141128540039,38.0,19.308702306484875,110.12201105856201,2200.675537109375,49.0,3.5853798389434814,4.0,3.0,0.7155604427140454,12.467134475708008,39.0,"{""type"":""Point"",""coordinates"":[110.1227288336068,19.30880331811921]}"
1461,0.0,29.0,53.0,9.089568138122559,24.0,18.65293214907762,109.69531129860525,1999.1298828125,43.0,0.49770766496658325,4.0,1.0,0.7000925395765877,14.486324310302734,47.0,"{""type"":""Point"",""coordinates"":[109.69581409074026,18.651984178891876]}"
1462,0.0,22.0,31.0,12.295304298400879,31.0,19.32666861216726,110.58913500630416,2019.22607421875,53.0,1.039584994316101,5.0,3.0,0.7291592324217913,13.490426063537598,39.0,"{""type"":""Point"",""coordinates"":[110.58966712207658,19.32854154725604]}"
1463,0.0,27.0,115.0,11.453747749328613,89.0,19.55124743319714,109.54259770030495,1732.1571044921875,50.0,1.4795300960540771,4.0,3.0,0.6579470591807944,13.359485626220703,35.0,"{""type"":""Point"",""coordinates"":[109.54259287096045,19.553131198690526]}"
1464,0.0,27.0,26.0,4.573319435119629,26.0,19.60514635024431,109.13835582245116,1410.2410888671875,47.0,0.40382999181747437,3.0,3.0,0.7081249328257555,14.711118698120117,37.0,"{""type"":""Point"",""coordinates"":[109.13624051225597,19.603442888106503]}"
1465,0.0,26.0,26.0,6.444284915924072,27.0,19.501840092570568,110.75532333386627,1663.76416015625,48.0,0.5506364703178406,5.0,3.0,0.7233666223754108,13.969438552856445,37.0,"{""type"":""Point"",""coordinates"":[110.75698783469393,19.500719607282935]}"
1466,0.0,29.0,18.0,7.169782638549805,15.0,19.74887679570344,110.33311515033012,1823.489013671875,41.0,0.4217427670955658,3.0,4.0,0.7768400017163407,14.402565956115723,30.0,"{""type"":""Point"",""coordinates"":[110.33316045131487,19.75020578345021]}"
1467,0.0,28.0,34.0,5.425097942352295,31.0,19.730910490021046,110.45438771368623,1722.1575927734375,41.0,0.18255025148391724,3.0,3.0,0.7439089657452884,15.227792739868164,32.0,"{""type"":""Point"",""coordinates"":[110.45487939714432,19.731724262634657]}"
1468,0.0,23.0,274.0,28.04631233215332,140.0,19.196412895969935,109.37640937274284,1829.2066650390625,50.0,5.328026294708252,4.0,2.0,0.6242666001580052,11.973387718200684,36.0,"{""type"":""Point"",""coordinates"":[109.37474030682856,19.196995450839378]}"
1469,0.0,31.0,163.0,21.671186447143555,144.0,18.63047426697463,109.03504956477741,1677.1585693359375,41.0,4.521988868713379,4.0,1.0,0.5762507902959946,12.210640907287598,47.0,"{""type"":""Point"",""coordinates"":[109.03656214358502,18.631855509292283]}"
1470,0.0,26.0,39.0,12.439918518066406,34.0,19.263786542278893,108.85089493153288,1571.2027587890625,52.0,2.209784984588623,3.0,2.0,0.6843844257157455,13.003422737121582,41.0,"{""type"":""Point"",""coordinates"":[108.85306208004098,19.263874915026815]}"
1471,0.0,30.0,10.0,2.1077020168304443,11.0,19.977947193153916,109.5920050409315,1047.9195556640625,41.0,0.12994441390037537,4.0,4.0,0.7098230898697775,15.585895538330078,36.0,"{""type"":""Point"",""coordinates"":[109.5901289409677,19.978402301582978]}"
1472,0.0,26.0,303.0,10.248356819152832,127.0,18.810137323798536,109.46624090115478,1754.5206298828125,50.0,1.201490044593811,4.0,1.0,0.5831214156846708,13.445732116699219,47.0,"{""type"":""Point"",""coordinates"":[109.46581560341754,18.81100925398421]}"
1473,0.0,25.0,112.0,7.908832550048828,98.0,19.501840092570568,109.24615365654546,1632.4688720703125,49.0,0.8390563726425171,2.0,3.0,0.6473107897311339,13.928669929504395,34.0,"{""type"":""Point"",""coordinates"":[109.2458405685974,19.502684547136433]}"
1475,0.0,30.0,285.0,15.525949478149414,229.0,18.926918310734074,108.94970961278602,1534.4610595703125,44.0,3.6680169105529785,5.0,2.0,0.5774596903231355,12.340767860412598,44.0,"{""type"":""Point"",""coordinates"":[108.95179850761414,18.928204057264477]}"
1476,0.0,28.0,396.0,30.73055648803711,226.0,18.8820025465281,109.45276617189296,1736.8624267578125,48.0,8.389591217041016,5.0,2.0,0.554731407588005,11.428932189941406,47.0,"{""type"":""Point"",""coordinates"":[109.45221686321949,18.88343561041053]}"
1477,0.0,27.0,180.0,8.57493782043457,27.0,18.864036240845707,109.36293464348103,1730.195068359375,47.0,0.8344717621803284,4.0,2.0,0.6893794073905135,13.891801834106445,43.0,"{""type"":""Point"",""coordinates"":[109.36082152873641,18.864126237818947]}"
1478,0.0,19.0,61.0,4.595610618591309,57.0,18.96285092209886,108.78352128522391,1301.294189453125,59.0,0.5843334794044495,2.0,2.0,0.636936831818465,14.321136474609375,43.0,"{""type"":""Point"",""coordinates"":[108.78250204913196,18.960740133669727]}"
1479,0.0,36.0,121.0,12.479055404663086,101.0,19.470399057626388,110.47684559578926,1950.7633056640625,37.0,1.417694330215454,4.0,3.0,0.6365512923856572,13.109001159667969,40.0,"{""type"":""Point"",""coordinates"":[110.47888267334753,19.471228182709968]}"
1480,0.0,22.0,111.0,12.4194974899292,56.0,19.4389580226822,110.02768795372947,2113.11279296875,53.0,0.809207558631897,3.0,3.0,0.7057428572232518,13.965506553649902,38.0,"{""type"":""Point"",""coordinates"":[110.02597811304385,19.440324155156663]}"
1481,0.0,24.0,37.0,5.975161552429199,35.0,19.164971861025748,108.81047074374754,1528.54248046875,56.0,0.6179719567298889,2.0,2.0,0.6853896907660944,14.279253959655762,41.0,"{""type"":""Point"",""coordinates"":[108.81268506415367,19.16607200362901]}"
1482,0.0,35.0,139.0,17.486745834350586,118.0,19.35361807069085,110.27023308044176,2135.1640625,38.0,1.6720995903015137,5.0,3.0,0.6636004860387427,13.222299575805664,36.0,"{""type"":""Point"",""coordinates"":[110.26842112660381,19.355417818182303]}"
1483,0.0,28.0,174.0,14.241268157958984,174.0,18.527168009300887,109.78514282701718,1951.179931640625,46.0,1.486582636833191,5.0,1.0,0.6068177795491765,13.318020820617676,46.0,"{""type"":""Point"",""coordinates"":[109.7869354812928,18.52619051785498]}"
1484,0.0,29.0,299.0,48.61675262451172,194.0,18.949376192837065,109.94683957815869,2027.0306396484375,43.0,10.31881332397461,4.0,2.0,0.5735961610504736,11.287334442138672,46.0,"{""type"":""Point"",""coordinates"":[109.94790103863696,18.951058713878485]}"
1485,0.0,27.0,30.0,6.588197708129883,31.0,19.27276969512009,108.79250443806512,1303.0343017578125,47.0,1.2772423028945923,3.0,2.0,0.6664337698560048,13.557185173034668,43.0,"{""type"":""Point"",""coordinates"":[108.79385881179357,19.271768197312213]}"
1486,0.0,27.0,223.0,8.731017112731934,213.0,18.949376192837065,108.8239454730093,1360.00390625,50.0,2.001271963119507,4.0,2.0,0.5754025530054625,12.988991737365723,44.0,"{""type"":""Point"",""coordinates"":[108.82401249195638,18.950254900377455]}"
1487,0.0,33.0,59.0,9.632911682128906,59.0,19.72192733717985,109.47971563041654,1610.858154296875,42.0,1.388449788093567,4.0,3.0,0.7012124460793532,13.456686019897461,32.0,"{""type"":""Point"",""coordinates"":[109.48125078863373,19.72297921156029]}"
1488,0.0,29.0,19.0,4.97628116607666,19.0,19.807267289171207,109.41234198410757,1265.517333984375,42.0,0.8055278062820435,4.0,4.0,0.7203939249829294,14.024613380432129,34.0,"{""type"":""Point"",""coordinates"":[109.41344821248929,19.806268909194728]}"
1489,0.0,25.0,184.0,41.798248291015625,174.0,18.68437318402181,109.91989011963511,2108.650146484375,51.0,6.737288951873779,4.0,1.0,0.5872027707043066,11.796086311340332,48.0,"{""type"":""Point"",""coordinates"":[109.91836091811112,18.682265346179424]}"
1490,0.0,30.0,502.0,32.74191665649414,310.0,19.084123485454995,109.56954715882853,1811.3814697265625,40.0,8.534398078918457,5.0,2.0,0.5830947291360484,11.330171585083008,40.0,"{""type"":""Point"",""coordinates"":[109.56835212696224,19.08208521193919]}"
1491,0.0,28.0,59.0,7.980717182159424,59.0,19.569213738879533,109.0754737525628,1394.138427734375,47.0,1.4919542074203491,3.0,3.0,0.6694277577365776,13.384756088256836,36.0,"{""type"":""Point"",""coordinates"":[109.07389328651178,19.570964170321723]}"
1492,0.0,29.0,156.0,33.81942367553711,141.0,18.473269092253716,109.60547977019331,1970.134033203125,43.0,5.709681034088135,5.0,1.0,0.6076541277739288,11.980587005615234,43.0,"{""type"":""Point"",""coordinates"":[109.60354208393632,18.474949689353135]}"
1493,0.0,25.0,136.0,10.822235107421875,67.0,18.8775109701075,110.07260371793546,2042.27783203125,50.0,0.711901843547821,4.0,2.0,0.6533852922822093,14.078285217285156,46.0,"{""type"":""Point"",""coordinates"":[110.07041213791223,18.875660934788886]}"
1494,0.0,32.0,12.0,4.70094633102417,13.0,19.88362408832137,109.31352730285442,1259.0677490234375,41.0,0.7677570581436157,2.0,4.0,0.7257675370254201,14.076674461364746,34.0,"{""type"":""Point"",""coordinates"":[109.31482561740849,19.88481360282635]}"
1495,0.0,23.0,16.0,3.029088258743286,16.0,18.8775109701075,108.69818133323258,1249.0335693359375,48.0,0.13412488996982574,2.0,2.0,0.6790594980864625,15.819132804870605,44.0,"{""type"":""Point"",""coordinates"":[108.69745638204425,18.876431183395034]}"
1496,0.0,31.0,86.0,9.730467796325684,76.0,18.84606993516332,108.83292862585051,1380.1129150390625,43.0,2.1841490268707275,4.0,2.0,0.6199825443368933,12.987281799316406,42.0,"{""type"":""Point"",""coordinates"":[108.83504595580665,18.84467840797356]}"
1497,0.0,29.0,32.0,6.421013355255127,32.0,19.69048630223567,110.71040756966033,1708.029541015625,48.0,0.5304081439971924,6.0,3.0,0.7165245377545506,14.00150203704834,38.0,"{""type"":""Point"",""coordinates"":[110.71105543697101,19.68987415827366]}"
1498,0.0,31.0,27.0,4.872319221496582,27.0,19.789300983488815,110.67447495829555,1658.37841796875,43.0,0.2438383251428604,7.0,4.0,0.7166718859719042,14.272314071655273,39.0,"{""type"":""Point"",""coordinates"":[110.67465317017384,19.789663061947092]}"
1499,0.0,27.0,451.0,69.30056762695312,326.0,19.21887077807292,109.76268494491421,2176.3828125,49.0,17.365877151489258,4.0,2.0,0.5869917102181531,10.635897636413574,38.0,"{""type"":""Point"",""coordinates"":[109.76394390517606,19.216950872243547]}"
1500,0.0,29.0,685.0,45.85422134399414,647.0,19.034716144828415,110.07709529435607,2215.62158203125,45.0,9.997886657714844,4.0,2.0,0.5628167224126525,11.010822296142578,46.0,"{""type"":""Point"",""coordinates"":[110.07536135558045,19.033137007146355]}"
1501,0.0,27.0,159.0,7.2221999168396,89.0,19.416500140579217,109.37640937274284,1783.087646484375,41.0,0.42957064509391785,4.0,3.0,0.670796601222724,14.569136619567871,33.0,"{""type"":""Point"",""coordinates"":[109.37862781860947,19.41426777391896]}"
1502,0.0,20.0,102.0,9.777057647705078,87.0,19.290736000802482,109.00360852983323,1655.970947265625,60.0,1.2420978546142578,2.0,3.0,0.6335240491266405,13.542384147644043,40.0,"{""type"":""Point"",""coordinates"":[109.00544366102233,19.290786733159322]}"
1503,0.0,22.0,25.0,5.395803928375244,25.0,19.650062114450293,109.21471262160128,1453.3438720703125,52.0,0.5167343020439148,2.0,3.0,0.7107561473149056,14.465152740478516,37.0,"{""type"":""Point"",""coordinates"":[109.21332685661919,19.650625050862946]}"
1504,0.0,29.0,47.0,4.839632987976074,40.0,19.80277571275061,110.26574150402115,1671.531005859375,39.0,0.11471964418888092,6.0,4.0,0.732501203609877,15.682340621948242,32.0,"{""type"":""Point"",""coordinates"":[110.26360906770302,19.802712350307917]}"
1506,0.0,26.0,181.0,45.96649932861328,183.0,18.6888647604424,110.31065726822715,1954.8929443359375,49.0,9.718377113342285,4.0,1.0,0.5740542263765411,11.426606178283691,47.0,"{""type"":""Point"",""coordinates"":[110.3099685844528,18.690805833801537]}"
1507,0.0,25.0,176.0,5.040191650390625,161.0,19.003275109884235,108.84191177869172,1447.941650390625,56.0,0.5489838123321533,5.0,2.0,0.5977677501067747,14.31311321258545,42.0,"{""type"":""Point"",""coordinates"":[108.83999872157042,19.001585763156264]}"
1508,0.0,29.0,15.0,3.609607696533203,15.0,19.820742018433002,109.4347998662106,1265.517333984375,40.0,0.32572680711746216,4.0,4.0,0.7176847931551098,14.932412147521973,36.0,"{""type"":""Point"",""coordinates"":[109.43443361749601,19.81996300884832]}"
1509,0.0,27.0,778.0,22.273832321166992,725.0,18.778696288854356,108.90928542500069,1431.394775390625,49.0,12.15061092376709,8.0,1.0,0.5204434863235268,10.719693183898926,44.0,"{""type"":""Point"",""coordinates"":[108.91010296108844,18.780828435654996]}"
1510,0.0,21.0,11.0,10.237838745117188,13.0,19.18293816670814,110.5711687006218,1922.86328125,52.0,0.7280105948448181,3.0,2.0,0.7264127536093032,14.0929594039917,43.0,"{""type"":""Point"",""coordinates"":[110.5723132685995,19.181040723328717]}"
1511,0.0,26.0,206.0,24.253507614135742,129.0,18.868527817266305,110.03667110657068,2044.4189453125,48.0,3.0984740257263184,4.0,2.0,0.6080967539699585,12.562353134155273,45.0,"{""type"":""Point"",""coordinates"":[110.03736236834852,18.870540316313296]}"
1512,0.0,28.0,91.0,10.199273109436035,83.0,19.753368372124037,109.97378903668232,1656.40234375,46.0,1.3411296606063843,4.0,4.0,0.6753728260177746,13.472291946411133,32.0,"{""type"":""Point"",""coordinates"":[109.9753094219197,19.755159937888497]}"
1513,0.0,31.0,761.0,28.371061325073242,566.0,18.85056151158392,109.6414123815581,1799.099609375,45.0,9.251518249511719,4.0,2.0,0.5425866092135839,11.015995025634766,45.0,"{""type"":""Point"",""coordinates"":[109.64136249884399,18.85212660351962]}"
1514,0.0,25.0,63.0,7.732869625091553,63.0,19.618621079506106,109.2326789272837,1557.030517578125,51.0,0.9653562903404236,4.0,3.0,0.6768875278313577,13.817867279052734,36.0,"{""type"":""Point"",""coordinates"":[109.23152539250908,19.616681067474477]}"
1515,0.0,28.0,21.0,6.018854141235352,24.0,18.751746830330767,110.3241319974889,1923.364990234375,49.0,0.12115024030208588,2.0,1.0,0.6886327857277935,15.917988777160645,49.0,"{""type"":""Point"",""coordinates"":[110.3246396684102,18.753253996598037]}"
1516,0.0,28.0,983.0,37.9653434753418,813.0,18.980817227781245,109.39886725484581,1756.50439453125,42.0,20.648426055908203,9.0,2.0,0.5174624792592069,9.923609733581543,41.0,"{""type"":""Point"",""coordinates"":[109.39743053939858,18.982608721603498]}"
1517,0.0,31.0,621.0,35.51954650878906,567.0,19.021241415566628,109.13386424603056,1672.6319580078125,40.0,14.145637512207031,6.0,2.0,0.5578972908521505,10.711651802062988,39.0,"{""type"":""Point"",""coordinates"":[109.13487413863837,19.02173191297583]}"
1518,0.0,26.0,244.0,15.044952392578125,242.0,18.778696288854356,108.77902970880336,1348.03369140625,54.0,5.11494255065918,4.0,1.0,0.5598317380814033,12.034523963928223,45.0,"{""type"":""Point"",""coordinates"":[108.77730283406933,18.777597133424475]}"
1519,0.0,25.0,97.0,10.339827537536621,28.0,19.34912649427025,110.1624352463474,2169.286865234375,48.0,0.4591660797595978,4.0,3.0,0.7476973342756236,14.540690422058105,37.0,"{""type"":""Point"",""coordinates"":[110.16401286990765,19.34895961864959]}"
1520,0.0,28.0,76.0,7.716280460357666,75.0,19.60514635024431,109.39886725484581,1618.1951904296875,49.0,0.8817649483680725,3.0,3.0,0.6704411090258781,13.900728225708008,35.0,"{""type"":""Point"",""coordinates"":[109.39913079557383,19.60606864768676]}"
1521,0.0,22.0,214.0,6.926370143890381,212.0,18.414878598785947,109.39886725484581,1695.595458984375,56.0,0.5454509258270264,3.0,1.0,0.6132618834291637,14.295162200927734,41.0,"{""type"":""Point"",""coordinates"":[109.3966396035412,18.415264916390306]}"
1522,0.0,26.0,36.0,7.249201774597168,36.0,19.793792559909413,110.62955919408955,1661.8443603515625,40.0,0.7087077498435974,5.0,4.0,0.7120616615121965,13.661097526550293,37.0,"{""type"":""Point"",""coordinates"":[110.62755916042393,19.794198208626636]}"
1523,0.0,25.0,11.0,7.637548446655273,14.0,18.868527817266305,110.39599722021848,1956.7330322265625,47.0,0.2931329309940338,4.0,2.0,0.720895837549329,15.04014778137207,45.0,"{""type"":""Point"",""coordinates"":[110.39730079533116,18.87045656925973]}"
1524,0.0,20.0,21.0,5.865289211273193,21.0,18.450811210150732,110.06811214151486,1827.2127685546875,53.0,0.11471964418888092,4.0,1.0,0.7142289462813785,15.972529411315918,43.0,"{""type"":""Point"",""coordinates"":[110.06858367303425,18.452904136222703]}"
1525,0.0,27.0,509.0,41.95996856689453,272.0,18.944884616416466,109.69081972218464,1920.1669921875,44.0,10.805370330810547,5.0,2.0,0.5639442163435977,11.084096908569336,44.0,"{""type"":""Point"",""coordinates"":[109.68970565363082,18.94569019796065]}"
1526,0.0,32.0,472.0,23.140806198120117,278.0,19.133530826081568,109.32251045569564,1666.563232421875,39.0,6.108654499053955,6.0,2.0,0.584870996368218,11.691922187805176,40.0,"{""type"":""Point"",""coordinates"":[109.3223338062191,19.131947333569155]}"
1527,0.0,25.0,93.0,6.933754920959473,85.0,19.4434495991028,109.13835582245116,1637.685546875,50.0,0.6180107593536377,3.0,3.0,0.6691977510868059,14.245992660522461,33.0,"{""type"":""Point"",""coordinates"":[109.14012066469009,19.442725663176617]}"
1528,0.0,26.0,762.0,41.61833953857422,755.0,18.495726974356707,109.2281873508631,1821.7725830078125,53.0,17.461822509765625,8.0,1.0,0.5281156583517606,10.356850624084473,44.0,"{""type"":""Point"",""coordinates"":[109.2274061146037,18.49495055584287]}"
1529,0.0,24.0,40.0,9.97252368927002,40.0,19.4389580226822,108.97216749488905,1693.1910400390625,51.0,1.1486555337905884,2.0,3.0,0.7009471416183567,13.657503128051758,38.0,"{""type"":""Point"",""coordinates"":[108.97364793739146,19.44046623346418]}"
1530,0.0,28.0,176.0,52.27045822143555,148.0,18.54064273856268,109.32700203211624,1752.544921875,45.0,16.297496795654297,5.0,1.0,0.5494118181325406,10.894954681396484,46.0,"{""type"":""Point"",""coordinates"":[109.32633066356794,18.539516072861094]}"
1531,0.0,24.0,107.0,27.16850471496582,24.0,19.313193882905473,110.14446894066504,2200.675537109375,50.0,2.8482167720794678,3.0,3.0,0.7386382808755085,12.70879077911377,38.0,"{""type"":""Point"",""coordinates"":[110.14637896534786,19.31516914107279]}"
1533,0.0,26.0,71.0,30.52237892150879,71.0,18.39691229310356,109.01259168267438,1470.1202392578125,50.0,10.721762657165527,3.0,1.0,0.614467232608179,11.393911361694336,40.0,"{""type"":""Point"",""coordinates"":[109.01122277250995,18.397358412426236]}"
1534,0.0,27.0,70.0,5.2162957191467285,49.0,18.873019393686903,108.85538650795348,1487.8720703125,45.0,0.44077426195144653,4.0,2.0,0.6451520015343117,14.597753524780273,46.0,"{""type"":""Point"",""coordinates"":[108.85357110667913,18.87351508501645]}"
1535,0.0,24.0,52.0,15.345860481262207,51.0,18.76522155959256,110.19836785771219,2146.31787109375,53.0,1.2062894105911255,3.0,1.0,0.6709148857246293,13.6014986038208,48.0,"{""type"":""Point"",""coordinates"":[110.19846691368488,18.763851861171794]}"
1536,0.0,26.0,30.0,9.13554859161377,30.0,19.389550682055628,110.60260973556598,1864.0084228515625,42.0,0.7071169018745422,5.0,3.0,0.7267182548969068,13.876628875732422,38.0,"{""type"":""Point"",""coordinates"":[110.60101608625273,19.389800602695512]}"
1537,0.0,24.0,36.0,9.062956809997559,26.0,19.6320958087679,110.47235401936865,1838.9202880859375,53.0,0.8095847964286804,4.0,3.0,0.7504882895585641,13.736703872680664,33.0,"{""type"":""Point"",""coordinates"":[110.47317461784533,19.632020747186786]}"
1538,0.0,22.0,10.0,4.3731865882873535,10.0,18.37445441100057,109.16081370455413,1532.3353271484375,49.0,0.1338011473417282,2.0,1.0,0.7166197394191973,15.824999809265137,41.0,"{""type"":""Point"",""coordinates"":[109.16005841893005,18.374064388955667]}"
1539,0.0,25.0,12.0,36.77082061767578,14.0,18.693356336862998,110.33311515033012,1954.8929443359375,51.0,6.225388526916504,5.0,1.0,0.6914507690806624,11.979870796203613,47.0,"{""type"":""Point"",""coordinates"":[110.33147590653546,18.692029462118064]}"
1540,0.0,35.0,126.0,9.688129425048828,109.0,19.33116018858786,110.28819938612412,2190.947509765625,38.0,0.41951364278793335,4.0,3.0,0.6763759141521559,14.61333179473877,35.0,"{""type"":""Point"",""coordinates"":[110.28791560148835,19.329815451831646]}"
1541,0.0,23.0,7.0,3.2249677181243896,7.0,19.753368372124037,109.37191779632224,1328.4739990234375,47.0,0.08369342237710953,2.0,4.0,0.7434886653054635,16.295915603637695,33.0,"{""type"":""Point"",""coordinates"":[109.37397315679146,19.754903131263752]}"
1542,0.0,27.0,183.0,36.032447814941406,126.0,19.21887077807292,109.15632212813352,1899.2003173828125,45.0,6.99050760269165,4.0,2.0,0.6238804433656628,11.75947380065918,37.0,"{""type"":""Point"",""coordinates"":[109.15412385381067,19.2170031753112]}"
1543,0.0,28.0,93.0,29.02862548828125,84.0,19.025732991987226,110.33760672675072,2036.39697265625,42.0,3.88562273979187,4.0,2.0,0.6515721607859748,12.405964851379395,40.0,"{""type"":""Point"",""coordinates"":[110.33805676070047,19.0279184313511]}"
1544,0.0,26.0,130.0,15.745806694030762,112.0,19.259294965858295,110.19387628129158,2157.780517578125,46.0,1.2250242233276367,4.0,2.0,0.6618576953445428,13.539113998413086,37.0,"{""type"":""Point"",""coordinates"":[110.19356675178977,19.259268586593045]}"
1545,0.0,23.0,141.0,8.241130828857422,83.0,19.54226428035595,109.60997134661392,1735.52392578125,53.0,0.7303535342216492,4.0,3.0,0.6657803560213476,14.04959487915039,35.0,"{""type"":""Point"",""coordinates"":[109.61145214897083,19.543275714637097]}"
1546,0.0,27.0,96.0,46.85117721557617,96.0,18.52267643288029,110.05014583583244,1871.4569091796875,49.0,11.002644538879395,4.0,1.0,0.5885609185334923,11.352437973022461,44.0,"{""type"":""Point"",""coordinates"":[110.05060712620812,18.521450863356996]}"
1547,0.0,35.0,140.0,8.291696548461914,140.0,19.74438521928284,109.56954715882853,1570.922119140625,41.0,1.2122341394424438,4.0,4.0,0.6444804090391302,13.543428421020508,33.0,"{""type"":""Point"",""coordinates"":[109.568211551578,19.74577638960351]}"
1548,0.0,31.0,23.0,4.924695014953613,23.0,19.71294418433866,110.74634018102506,1715.18212890625,40.0,0.13468605279922485,3.0,3.0,0.7221645560519053,15.017473220825195,39.0,"{""type"":""Point"",""coordinates"":[110.74478097570734,19.714034238731674]}"
1549,0.0,29.0,864.0,25.625768661499023,679.0,18.832595205901526,109.52013981820193,1722.84228515625,45.0,9.51785945892334,5.0,2.0,0.5233256268800989,10.877355575561523,47.0,"{""type"":""Point"",""coordinates"":[109.5198557021763,18.834167921264307]}"
1550,0.0,20.0,93.0,7.886373996734619,83.0,19.16048028460515,108.93174330710366,1700.58447265625,62.0,0.7639086246490479,3.0,2.0,0.6347306872381585,14.034029960632324,42.0,"{""type"":""Point"",""coordinates"":[108.93069211947717,19.15865096926752]}"
1551,0.0,27.0,413.0,43.56077575683594,370.0,18.76522155959256,109.71327760428761,2001.7784423828125,46.0,9.598014831542969,4.0,1.0,0.5634592019388642,11.279518127441406,47.0,"{""type"":""Point"",""coordinates"":[109.71505409465641,18.767249499811346]}"
1552,0.0,25.0,21.0,7.932672500610352,21.0,19.874640935480173,110.02768795372947,1605.3712158203125,49.0,0.990839958190918,4.0,4.0,0.7334678993501043,13.546058654785156,35.0,"{""type"":""Point"",""coordinates"":[110.02648586039994,19.87417269244375]}"
1553,0.0,27.0,183.0,52.45515060424805,186.0,18.343013376056383,109.65039553439925,1818.772216796875,52.0,15.7174072265625,3.0,0.0,0.5663109495038543,10.928703308105469,43.0,"{""type"":""Point"",""coordinates"":[109.64820300669895,18.341975926378712]}"
1554,0.0,32.0,401.0,38.651004791259766,223.0,19.173955013866944,109.42132513694878,1882.8865966796875,38.0,9.469257354736328,4.0,2.0,0.6027143675635457,11.30219841003418,37.0,"{""type"":""Point"",""coordinates"":[109.42047742684126,19.174933458746125]}"
1555,0.0,22.0,132.0,10.52825927734375,68.0,19.564722162458935,109.65937868724046,1784.009765625,57.0,1.1318955421447754,3.0,3.0,0.6837550739741192,13.61697006225586,35.0,"{""type"":""Point"",""coordinates"":[109.66155432913833,19.56594889615588]}"
1556,0.0,26.0,188.0,14.319442749023438,169.0,18.500218550777305,109.32700203211624,1752.544921875,52.0,2.137826442718506,4.0,1.0,0.5913260441006486,12.945560455322266,46.0,"{""type"":""Point"",""coordinates"":[109.3268045481234,18.498094737473707]}"
1557,0.0,24.0,25.0,5.0925397872924805,26.0,18.513693280039092,108.8733528136359,1450.675048828125,52.0,0.4745483994483948,2.0,1.0,0.6829851864432261,14.550321578979492,43.0,"{""type"":""Point"",""coordinates"":[108.87200902029106,18.512854005140312]}"
1558,0.0,21.0,82.0,8.629895210266113,74.0,19.376075952793833,109.08445690540395,1600.7041015625,57.0,1.072588324546814,3.0,3.0,0.6694279624413726,13.701199531555176,35.0,"{""type"":""Point"",""coordinates"":[109.08442252832634,19.377549033160008]}"
1559,0.0,34.0,922.0,25.338359832763672,868.0,19.003275109884235,109.10242321108637,1672.6319580078125,40.0,11.617762565612793,9.0,2.0,0.5455989738485757,10.605864524841309,40.0,"{""type"":""Point"",""coordinates"":[109.10175272627282,19.004542013827432]}"
1560,0.0,24.0,115.0,16.312658309936523,62.0,19.18742974312874,110.01870480088826,2068.39599609375,51.0,1.5021017789840698,4.0,2.0,0.6897892798249684,13.344338417053223,39.0,"{""type"":""Point"",""coordinates"":[110.0173361807508,19.188014337967125]}"
1561,0.0,22.0,139.0,9.162880897521973,116.0,19.474890634046986,109.33149360853685,1680.23779296875,56.0,1.0483702421188354,3.0,3.0,0.6463158409424302,13.689314842224121,34.0,"{""type"":""Point"",""coordinates"":[109.33320860405539,19.475658802671894]}"
1563,0.0,36.0,114.0,12.871183395385742,84.0,19.49285693972937,110.42294667874205,2020.968994140625,35.0,1.1479007005691528,4.0,3.0,0.6641183158841151,13.574118614196777,39.0,"{""type"":""Point"",""coordinates"":[110.4243920729624,19.492616939454127]}"
1564,0.0,27.0,18.0,6.218609809875488,19.0,19.928539852527344,110.47235401936865,1627.79248046875,44.0,0.6699092984199524,2.0,4.0,0.7102845117902766,13.312410354614258,41.0,"{""type"":""Point"",""coordinates"":[110.47184639002698,19.929109698405657]}"
1565,0.0,27.0,320.0,21.453805923461914,175.0,18.805645747377937,109.31801887927503,1703.39013671875,48.0,4.595664978027344,5.0,1.0,0.5821191271375787,12.090377807617188,44.0,"{""type"":""Point"",""coordinates"":[109.31602614163768,18.80457477641713]}"
1566,0.0,23.0,18.0,2.8621692657470703,18.0,18.864036240845707,108.69368975681198,1249.0335693359375,49.0,0.08345301449298859,2.0,2.0,0.6813204724017615,16.292469024658203,43.0,"{""type"":""Point"",""coordinates"":[108.69376151285438,18.86552048305216]}"
1567,0.0,26.0,29.0,5.901902675628662,25.0,19.40751698773802,109.09344005824516,1591.743408203125,49.0,0.45886939764022827,3.0,3.0,0.7287124558137688,14.581603050231934,35.0,"{""type"":""Point"",""coordinates"":[109.09400800767409,19.407077376308685]}"
1568,0.0,24.0,10.0,3.8377320766448975,11.0,19.245820236596508,108.73860552101797,1333.604736328125,53.0,0.31147533655166626,2.0,2.0,0.6984771532552733,14.980026245117188,42.0,"{""type"":""Point"",""coordinates"":[108.73777721239925,19.245993614237317]}"
1569,0.0,30.0,79.0,16.202558517456055,45.0,18.65742372549822,109.68632814576404,1999.1298828125,43.0,1.6847444772720337,4.0,1.0,0.6661982038169098,13.251283645629883,48.0,"{""type"":""Point"",""coordinates"":[109.6843576604273,18.65735156196933]}"
1570,0.0,21.0,122.0,6.8453569412231445,92.0,19.596163197403122,109.87048277900857,1812.8343505859375,57.0,0.349499374628067,4.0,3.0,0.6674204348652915,14.798388481140137,34.0,"{""type"":""Point"",""coordinates"":[109.86978217284616,19.59553799321345]}"
1571,0.0,22.0,162.0,9.394338607788086,107.0,19.470399057626388,109.53810612388435,1794.506591796875,55.0,0.8624779582023621,4.0,3.0,0.6397646812929169,13.870171546936035,37.0,"{""type"":""Point"",""coordinates"":[109.53586199127189,19.47107217342335]}"
1572,0.0,23.0,85.0,8.937376022338867,52.0,19.66802842013268,109.61895449945507,1664.927490234375,55.0,1.0276395082473755,3.0,3.0,0.7065831702711889,13.742220878601074,33.0,"{""type"":""Point"",""coordinates"":[109.61867082390079,19.668505659855725]}"
1573,0.0,26.0,355.0,40.77983093261719,349.0,18.666406878339416,110.04565425941183,1989.514404296875,49.0,8.495060920715332,5.0,1.0,0.5748089287974012,11.446043968200684,46.0,"{""type"":""Point"",""coordinates"":[110.04411756481299,18.664528977045148]}"
1574,0.0,31.0,8.0,4.959378719329834,8.0,19.85667462979778,110.40048879663908,1671.0523681640625,32.0,0.13478560745716095,3.0,4.0,0.7414695797293981,15.392786026000977,38.0,"{""type"":""Point"",""coordinates"":[110.40045454577192,19.8563183443598]}"
1575,0.0,22.0,7.0,3.565321683883667,8.0,19.23683708375531,108.7116560624944,1333.604736328125,47.0,0.1671038568019867,4.0,2.0,0.7038941616848798,15.604458808898926,42.0,"{""type"":""Point"",""coordinates"":[108.71342599185463,19.23597127231991]}"
1576,0.0,24.0,172.0,10.24012279510498,87.0,19.29522757722308,109.78065125059658,1975.084716796875,53.0,0.7382107973098755,4.0,3.0,0.6648575246736862,14.019462585449219,37.0,"{""type"":""Point"",""coordinates"":[109.78158957895862,19.2963217553275]}"
1577,0.0,29.0,43.0,3.7303736209869385,44.0,19.96896404031272,110.24777519833873,1390.8336181640625,39.0,0.244114950299263,2.0,4.0,0.6857184972885,14.285951614379883,37.0,"{""type"":""Point"",""coordinates"":[110.24744101082668,19.969336559803576]}"
1578,0.0,30.0,76.0,5.968596458435059,76.0,19.54226428035595,109.08894848182456,1412.498291015625,43.0,0.8234802484512329,3.0,3.0,0.6571649458562022,13.969123840332031,35.0,"{""type"":""Point"",""coordinates"":[109.09036620019248,19.543774729904328]}"
1579,0.0,22.0,172.0,10.50926685333252,102.0,19.434466446261602,109.57403873524913,1858.5689697265625,55.0,0.9598334431648254,3.0,3.0,0.6596507605749614,13.7568941116333,33.0,"{""type"":""Point"",""coordinates"":[109.57442634260819,19.435752885780683]}"
1580,0.0,24.0,15.0,7.303973197937012,15.0,18.554117467824476,109.99624691878529,1855.76416015625,46.0,0.3334863781929016,3.0,1.0,0.7125389117503215,14.908868789672852,45.0,"{""type"":""Point"",""coordinates"":[109.99817162681826,18.5530821642845]}"
1581,0.0,38.0,88.0,5.6372222900390625,88.0,19.83421674769479,109.9513311545793,1592.997802734375,35.0,0.4648658037185669,4.0,4.0,0.6603771072382559,14.53377628326416,34.0,"{""type"":""Point"",""coordinates"":[109.95072837291939,19.833144315712335]}"
1583,0.0,26.0,83.0,12.221087455749512,68.0,19.4434495991028,110.49930347789223,2069.17529296875,46.0,0.9647570848464966,4.0,3.0,0.6873820365595323,13.524669647216797,39.0,"{""type"":""Point"",""coordinates"":[110.49814802383656,19.441702642911157]}"
1584,0.0,28.0,18.0,4.965281963348389,17.0,19.76684310138583,110.76430648670748,1555.98583984375,45.0,0.43171510100364685,3.0,4.0,0.7185705046210469,13.690569877624512,39.0,"{""type"":""Point"",""coordinates"":[110.76313407965304,19.766454764894814]}"
1585,0.0,28.0,91.0,10.16678524017334,84.0,19.66802842013268,110.60260973556598,1716.0584716796875,46.0,1.5021673440933228,4.0,3.0,0.6686648976767549,12.905917167663574,34.0,"{""type"":""Point"",""coordinates"":[110.60433983174947,19.67018281038565]}"
1586,0.0,28.0,40.0,13.30556583404541,37.0,18.95835934567826,110.34209830317133,2047.5325927734375,44.0,1.0577439069747925,4.0,2.0,0.7004520257179456,13.739977836608887,44.0,"{""type"":""Point"",""coordinates"":[110.34370646286803,18.960087797490775]}"
1587,0.0,33.0,116.0,21.017772674560547,106.0,18.639457419815827,109.843533320485,1898.5504150390625,39.0,3.0427792072296143,5.0,1.0,0.5929120516425095,12.637109756469727,48.0,"{""type"":""Point"",""coordinates"":[109.84420653226921,18.639735201305125]}"
1588,0.0,28.0,21.0,8.024198532104492,21.0,19.596163197403122,109.06649059972159,1394.138427734375,45.0,1.4578579664230347,2.0,3.0,0.7133294440438454,13.430082321166992,36.0,"{""type"":""Point"",""coordinates"":[109.0675079071368,19.595095861809483]}"
1589,0.0,28.0,12.0,3.604888677597046,13.0,19.793792559909413,109.27310311506909,1259.0550537109375,42.0,0.3348151445388794,2.0,4.0,0.7315237575177381,14.906618118286133,33.0,"{""type"":""Point"",""coordinates"":[109.27339582662822,19.79244464944581]}"
1590,0.0,38.0,636.0,47.77419662475586,610.0,18.5092017036185,109.56954715882853,1933.6064453125,34.0,16.4251651763916,6.0,1.0,0.5380625125656855,10.541571617126465,45.0,"{""type"":""Point"",""coordinates"":[109.57013181718985,18.511133971027355]}"
1591,0.0,23.0,35.0,8.3336181640625,35.0,18.8775109701075,108.73411394459737,1323.850830078125,53.0,1.7907830476760864,2.0,2.0,0.6516801541422657,13.216167449951172,45.0,"{""type"":""Point"",""coordinates"":[108.73239047760967,18.87624013490463]}"
1592,0.0,29.0,44.0,6.146899223327637,44.0,19.789300983488815,110.55769397135998,1627.6031494140625,43.0,0.5476582646369934,5.0,4.0,0.701207899891059,13.958674430847168,37.0,"{""type"":""Point"",""coordinates"":[110.55691573848834,19.78986878627059]}"
1593,0.0,25.0,107.0,42.01906204223633,99.0,18.73378052464838,110.08607844719722,2268.687744140625,52.0,5.376335620880127,4.0,1.0,0.6151460328096431,12.071359634399414,46.0,"{""type"":""Point"",""coordinates"":[110.08665634793189,18.73218286133298]}"
1594,0.0,34.0,520.0,34.05139923095703,350.0,18.998783533463637,109.31352730285442,1607.671875,36.0,13.713213920593262,5.0,2.0,0.5429974239031629,10.829492568969727,43.0,"{""type"":""Point"",""coordinates"":[109.31389041680512,18.996685573484577]}"
1595,0.0,25.0,146.0,8.145466804504395,52.0,19.29971915364368,109.30903572643388,1730.6763916015625,53.0,0.7644979953765869,4.0,3.0,0.6817760991674798,14.0007905960083,39.0,"{""type"":""Point"",""coordinates"":[109.309815256681,19.298907751668537]}"
1596,0.0,30.0,917.0,27.558887481689453,704.0,18.84606993516332,109.60098819377271,1769.9139404296875,45.0,10.916707992553711,5.0,2.0,0.523520596650449,10.675745010375977,46.0,"{""type"":""Point"",""coordinates"":[109.59905749450141,18.84599466550573]}"
1597,0.0,32.0,149.0,12.801793098449707,102.0,19.470399057626388,109.96929746026171,1973.2366943359375,39.0,1.1783262491226196,4.0,3.0,0.6456183436670895,13.566207885742188,38.0,"{""type"":""Point"",""coordinates"":[109.97072422987185,19.472185628303574]}"
1598,0.0,27.0,19.0,7.733693599700928,19.0,19.308702306484875,110.61159288840719,1853.3997802734375,46.0,0.4995666444301605,5.0,3.0,0.7353441884479412,14.232458114624023,39.0,"{""type"":""Point"",""coordinates"":[110.61197617673798,19.307902315908184]}"
1599,0.0,23.0,32.0,5.1515302658081055,32.0,19.088615061875586,108.72063921533555,1277.7833251953125,52.0,0.8216907382011414,2.0,2.0,0.6643438363423146,13.997214317321777,43.0,"{""type"":""Point"",""coordinates"":[108.71840944193819,19.090088113816133]}"
1600,0.0,23.0,25.0,7.3104681968688965,28.0,18.873019393686903,110.35557303243309,1956.7330322265625,52.0,0.2503647208213806,3.0,2.0,0.6994691842916401,15.189783096313477,46.0,"{""type"":""Point"",""coordinates"":[110.35507368293815,18.870849813790045]}"
1601,0.0,38.0,55.0,9.158541679382324,56.0,19.820742018433002,109.57403873524913,1294.5404052734375,37.0,2.5070042610168457,4.0,4.0,0.6826104588895948,12.86770248413086,32.0,"{""type"":""Point"",""coordinates"":[109.57588764513783,19.8186885101708]}"
1602,0.0,29.0,49.0,5.625655174255371,42.0,19.811758865591806,110.26124992760055,1671.531005859375,42.0,0.3116419315338135,2.0,4.0,0.72653166219647,14.68142318725586,32.0,"{""type"":""Point"",""coordinates"":[110.26118519359274,19.81308216154246]}"
1603,0.0,30.0,101.0,20.94312286376953,68.0,18.594541655609852,109.65488711081986,1885.53125,42.0,2.9963600635528564,5.0,1.0,0.6376099783757498,12.661638259887695,46.0,"{""type"":""Point"",""coordinates"":[109.65674813840161,18.594204904215374]}"
1604,0.0,23.0,35.0,6.6396870613098145,19.0,19.703961031497464,110.06362056509425,1767.74365234375,46.0,0.3116097152233124,3.0,3.0,0.754961502598942,14.965139389038086,33.0,"{""type"":""Point"",""coordinates"":[110.06478127217319,19.703207850024686]}"
1605,0.0,32.0,118.0,27.45966339111328,15.0,18.91344358147228,110.04116268299128,2218.06787109375,40.0,2.984828233718872,5.0,2.0,0.7190012385983233,12.6551513671875,45.0,"{""type"":""Point"",""coordinates"":[110.0421401363494,18.911435926681946]}"
1606,0.0,26.0,45.0,6.920628547668457,28.0,19.618621079506106,110.50828663073344,1828.426025390625,51.0,0.4061039388179779,6.0,3.0,0.7455720729485154,14.419750213623047,34.0,"{""type"":""Point"",""coordinates"":[110.51041619386908,19.620281512733847]}"
1607,0.0,29.0,289.0,14.52026653289795,165.0,18.91344358147228,109.87497435542917,2011.536865234375,43.0,1.434978723526001,4.0,2.0,0.6027694289612566,13.277697563171387,46.0,"{""type"":""Point"",""coordinates"":[109.87559205208468,18.91444327881312]}"
1608,0.0,22.0,106.0,7.867650508880615,42.0,19.569213738879533,109.63692080513749,1742.6309814453125,53.0,0.6183879971504211,3.0,3.0,0.713553822631293,14.237515449523926,35.0,"{""type"":""Point"",""coordinates"":[109.63702778094805,19.570466983575304]}"
1609,0.0,25.0,327.0,39.04996109008789,231.0,18.706831066124792,109.0305579883568,1666.791015625,51.0,13.056745529174805,5.0,1.0,0.5590704517014861,11.025911331176758,43.0,"{""type"":""Point"",""coordinates"":[109.03267050053378,18.708015646724622]}"
1610,0.0,20.0,38.0,4.678951263427734,38.0,19.847691476956584,110.73735702818391,1609.271728515625,55.0,0.18256518244743347,5.0,4.0,0.6816743760521734,14.520707130432129,43.0,"{""type"":""Point"",""coordinates"":[110.73814069454782,19.84926218359762]}"
1611,0.0,28.0,64.0,6.90703821182251,64.0,19.452432751943995,110.59362658272477,1924.954345703125,42.0,0.2433277815580368,4.0,3.0,0.6781701179031262,14.917203903198242,41.0,"{""type"":""Point"",""coordinates"":[110.59470280382453,19.454584403886837]}"
1612,0.0,26.0,161.0,17.07076644897461,84.0,19.33116018858786,109.81658386196136,2011.8125,51.0,1.8678280115127563,4.0,3.0,0.6579410293397362,13.097799301147461,39.0,"{""type"":""Point"",""coordinates"":[109.81878998899393,19.331057597056635]}"
1613,0.0,27.0,447.0,49.01573181152344,422.0,18.71581421896599,109.96929746026171,2163.583251953125,48.0,9.730789184570312,7.0,1.0,0.5720305586686782,11.239795684814453,47.0,"{""type"":""Point"",""coordinates"":[109.97117552662783,18.71666644790044]}"
1614,0.0,24.0,25.0,12.019594192504883,24.0,18.57208377350686,109.96929746026171,1855.76416015625,47.0,1.148569107055664,3.0,1.0,0.6988611623132551,13.666302680969238,45.0,"{""type"":""Point"",""coordinates"":[109.97003844113914,18.57364214441945]}"
1616,0.0,28.0,42.0,5.310680866241455,43.0,19.843199900535986,109.28208626791024,1215.3944091796875,42.0,1.0462230443954468,2.0,4.0,0.6870633986257101,13.749763488769531,34.0,"{""type"":""Point"",""coordinates"":[109.28036749605342,19.841286811977874]}"
1617,0.0,27.0,290.0,18.451671600341797,276.0,18.62598269055404,108.97216749488905,1617.048095703125,48.0,4.1157097816467285,5.0,1.0,0.5582712167001698,12.22183895111084,49.0,"{""type"":""Point"",""coordinates"":[108.9732472961305,18.626405957206988]}"
1618,0.0,22.0,25.0,3.9031505584716797,25.0,20.112694485771847,110.6879496875573,1430.8116455078125,56.0,0.3495340347290039,2.0,4.0,0.6834431412926375,13.432639122009277,43.0,"{""type"":""Point"",""coordinates"":[110.68785465594497,20.111588459406256]}"
1619,0.0,29.0,94.0,13.977864265441895,81.0,19.429974869841004,110.43642140800387,2027.7650146484375,38.0,1.193359136581421,3.0,3.0,0.6680068091452033,13.547897338867188,39.0,"{""type"":""Point"",""coordinates"":[110.43751657826839,19.42874916620877]}"
1621,0.0,23.0,213.0,9.379620552062988,213.0,18.392420716682963,109.41683356052818,1794.7120361328125,56.0,0.9118625521659851,3.0,1.0,0.6179920306894027,13.781881332397461,41.0,"{""type"":""Point"",""coordinates"":[109.41890742147561,18.393409417443003]}"
1622,0.0,29.0,609.0,35.48396301269531,571.0,19.147005555343355,109.09793163466577,1712.580810546875,48.0,13.641020774841309,7.0,2.0,0.5630986259787952,10.759994506835938,39.0,"{""type"":""Point"",""coordinates"":[109.09633546685025,19.145588403453647]}"
1623,0.0,26.0,415.0,10.770441055297852,409.0,18.616999537712843,108.8688612372153,1410.6121826171875,50.0,2.7050766944885254,3.0,1.0,0.5504096023579894,12.553121566772461,47.0,"{""type"":""Point"",""coordinates"":[108.8668849409571,18.616836743365]}"
1624,0.0,21.0,12.0,4.49398946762085,15.0,18.648440572657023,108.7116560624944,1371.27734375,52.0,0.4060506224632263,2.0,1.0,0.6869664758365142,14.62356185913086,44.0,"{""type"":""Point"",""coordinates"":[108.71066643277086,18.647080368941214]}"
1625,0.0,27.0,11.0,4.255597114562988,12.0,19.250311813017106,108.77902970880336,1303.0343017578125,43.0,0.4628738462924957,2.0,2.0,0.6905061216455378,14.583306312561035,43.0,"{""type"":""Point"",""coordinates"":[108.78124273731606,19.24820046437558]}"
1626,0.0,28.0,108.0,5.915272235870361,77.0,19.60963792666491,109.58302188809029,1681.6812744140625,48.0,0.3650660216808319,3.0,3.0,0.6762829401435393,14.763362884521484,34.0,"{""type"":""Point"",""coordinates"":[109.5833504130147,19.6101890005108]}"
1627,0.0,40.0,32.0,9.29482364654541,32.0,19.88362408832137,109.93336484889693,1538.0738525390625,34.0,1.802651286125183,5.0,4.0,0.7148460762313154,12.939005851745605,35.0,"{""type"":""Point"",""coordinates"":[109.93217783235625,19.88538908223473]}"
1628,0.0,27.0,915.0,19.842697143554688,887.0,18.702339489704194,108.90479384858008,1440.05810546875,48.0,11.30976390838623,7.0,1.0,0.5010638185166245,10.641861915588379,47.0,"{""type"":""Point"",""coordinates"":[108.90346457459027,18.702244054017864]}"
1629,0.0,27.0,185.0,11.055987358093262,168.0,19.232345507334713,110.18938470487097,2268.6474609375,45.0,0.45886939764022827,4.0,2.0,0.6549068555957286,14.486698150634766,40.0,"{""type"":""Point"",""coordinates"":[110.18897984402062,19.234087728639267]}"
1630,0.0,25.0,56.0,4.939754009246826,56.0,19.928539852527344,110.30167411538594,1611.625244140625,45.0,0.21601849794387817,8.0,4.0,0.6850124308933454,14.830174446105957,38.0,"{""type"":""Point"",""coordinates"":[110.3021710504984,19.929927159345223]}"
1631,0.0,26.0,403.0,15.765992164611816,212.0,19.0706487561932,109.69081972218464,1923.936279296875,49.0,2.0004003047943115,4.0,2.0,0.6153186863747264,12.864176750183105,40.0,"{""type"":""Point"",""coordinates"":[109.6923259082206,19.06875254779783]}"
1632,0.0,29.0,570.0,39.055908203125,419.0,18.890985699369296,109.30454415001327,1727.4249267578125,41.0,14.01356315612793,7.0,2.0,0.5380420479044395,10.765525817871094,45.0,"{""type"":""Point"",""coordinates"":[109.30284639622869,18.889624647987603]}"
1633,0.0,21.0,39.0,11.1557035446167,28.0,19.71743576075925,110.19387628129158,1813.2833251953125,54.0,1.2164700031280518,2.0,3.0,0.7568804922118141,13.371417999267578,30.0,"{""type"":""Point"",""coordinates"":[110.1949177376367,19.717527166603304]}"
1634,0.0,26.0,20.0,12.239014625549316,12.0,19.178446590287543,110.31065726822715,2371.44091796875,45.0,0.458956778049469,4.0,2.0,0.7733964339405964,14.58662223815918,39.0,"{""type"":""Point"",""coordinates"":[110.31263499635385,19.17946447750164]}"
1635,0.0,29.0,73.0,6.0730133056640625,59.0,19.816250442012404,110.19836785771219,1587.4488525390625,45.0,0.5863968729972839,9.0,4.0,0.7098228475358361,14.03052043914795,31.0,"{""type"":""Point"",""coordinates"":[110.19767393868149,19.817934492452512]}"
1636,0.0,29.0,687.0,23.92633819580078,464.0,19.088615061875586,109.64590395797865,1778.33349609375,40.0,6.008906364440918,5.0,2.0,0.5822742208550206,11.52462387084961,39.0,"{""type"":""Point"",""coordinates"":[109.64665138151184,19.089820135284516]}"
1637,0.0,26.0,195.0,23.107702255249023,118.0,19.27276969512009,109.86599120258796,2013.8828125,53.0,3.1533448696136475,3.0,2.0,0.6418247716637674,12.551854133605957,37.0,"{""type"":""Point"",""coordinates"":[109.86400668444978,19.271649911324303]}"
1638,0.0,26.0,604.0,43.61301803588867,597.0,18.500218550777305,109.2326789272837,1799.472900390625,53.0,16.6069278717041,8.0,1.0,0.5381598115004035,10.558202743530273,44.0,"{""type"":""Point"",""coordinates"":[109.23420807724794,18.498476498285065]}"
1639,0.0,26.0,21.0,5.8673200607299805,13.0,19.735402066441644,110.27921623328291,1810.0203857421875,47.0,0.18281742930412292,2.0,3.0,0.7737398387431703,15.236220359802246,31.0,"{""type"":""Point"",""coordinates"":[110.28029057896072,19.73513998624688]}"
1640,0.0,23.0,44.0,4.705422878265381,36.0,19.677011572973875,110.44091298442447,1773.06396484375,54.0,0.0,19.0,3.0,0.7444521258790638,16.37891960144043,34.0,"{""type"":""Point"",""coordinates"":[110.44071577092373,19.67870044943683]}"
1641,0.0,28.0,204.0,26.95099639892578,150.0,19.007766686304834,108.93623488352426,1570.812255859375,45.0,7.750779628753662,4.0,2.0,0.5846763838498714,11.641611099243164,41.0,"{""type"":""Point"",""coordinates"":[108.93779914179835,19.006819822616784]}"
1642,0.0,29.0,101.0,15.882113456726074,88.0,19.4389580226822,110.45438771368623,2069.17529296875,37.0,1.4034419059753418,5.0,3.0,0.6673371547091931,13.381284713745117,38.0,"{""type"":""Point"",""coordinates"":[110.45524111626003,19.438102438281913]}"
1643,0.0,20.0,8.0,4.195811748504639,9.0,19.196412895969935,108.67572345112961,1216.021484375,55.0,0.5989168882369995,2.0,2.0,0.6927753027382972,14.32734489440918,42.0,"{""type"":""Point"",""coordinates"":[108.67447158398268,19.198204604266472]}"
1644,0.0,23.0,63.0,7.095022201538086,53.0,19.304210730064277,108.94970961278602,1582.085693359375,57.0,0.7921296954154968,2.0,3.0,0.6664110148171015,14.015670776367188,41.0,"{""type"":""Point"",""coordinates"":[108.94795857022233,19.305787278406573]}"
1645,0.0,34.0,131.0,7.337974548339844,112.0,19.582688468141328,110.49930347789223,1871.7803955078125,40.0,0.47474831342697144,4.0,3.0,0.6567514631221533,14.194961547851562,35.0,"{""type"":""Point"",""coordinates"":[110.49877754647349,19.580958350498044]}"
1646,0.0,28.0,10.0,3.6171114444732666,10.0,19.51980639825296,108.96318434204784,1430.927978515625,46.0,0.11471964418888092,3.0,3.0,0.7290936775627758,15.978863716125488,37.0,"{""type"":""Point"",""coordinates"":[108.96502581694061,19.51977441277701]}"
1647,0.0,23.0,100.0,34.446659088134766,72.0,18.5092017036185,109.35844306706042,1837.169189453125,54.0,6.925187587738037,4.0,1.0,0.6167996117132472,11.820502281188965,46.0,"{""type"":""Point"",""coordinates"":[109.35839195049185,18.510570230453656]}"
1648,0.0,31.0,40.0,6.573668003082275,40.0,19.91057354684495,109.87946593184972,1430.90625,39.0,1.050552248954773,5.0,4.0,0.6968653692088491,13.473040580749512,36.0,"{""type"":""Point"",""coordinates"":[109.88028758697422,19.91116146281371]}"
1649,0.0,24.0,138.0,8.041378021240234,84.0,19.025732991987226,108.93174330710366,1570.812255859375,53.0,1.0341471433639526,3.0,2.0,0.626573910554985,13.703597068786621,41.0,"{""type"":""Point"",""coordinates"":[108.9298506243212,19.025724516475552]}"
1650,0.0,26.0,802.0,43.08527755737305,724.0,18.787679441695552,109.60997134661392,1987.329345703125,48.0,13.920354843139648,5.0,1.0,0.5287289003329138,10.553970336914062,47.0,"{""type"":""Point"",""coordinates"":[109.6099831464121,18.787355160814514]}"
1651,0.0,29.0,31.0,6.118558406829834,31.0,19.582688468141328,109.25962838580728,1581.78564453125,42.0,0.5136732459068298,4.0,3.0,0.7129760420165057,14.46761417388916,37.0,"{""type"":""Point"",""coordinates"":[109.25905691899774,19.583247380944446]}"
1652,0.0,23.0,29.0,4.690032005310059,29.0,18.837086782322125,108.72513079175616,1329.783935546875,51.0,0.5498895049095154,2.0,2.0,0.6718459406828836,14.400641441345215,43.0,"{""type"":""Point"",""coordinates"":[108.72440506194135,18.839308855331016]}"
1653,0.0,28.0,40.0,19.79530143737793,42.0,18.414878598785947,109.76268494491421,1787.9580078125,45.0,3.0823912620544434,4.0,1.0,0.6857653885182194,12.66955852508545,41.0,"{""type"":""Point"",""coordinates"":[109.76429855085233,18.41503007292106]}"
1654,0.0,22.0,99.0,10.77531623840332,97.0,19.569213738879533,109.3943756784252,1701.239990234375,56.0,1.3457167148590088,4.0,3.0,0.6441740857430183,13.464048385620117,36.0,"{""type"":""Point"",""coordinates"":[109.39487171316505,19.568435772652073]}"
1655,0.0,23.0,273.0,7.95959997177124,166.0,19.33116018858786,109.40785040768702,1822.4044189453125,56.0,0.5932261347770691,4.0,3.0,0.6311741209390263,14.172077178955078,38.0,"{""type"":""Point"",""coordinates"":[109.4058288692383,19.329085937199157]}"
1656,0.0,26.0,35.0,5.450439453125,36.0,19.80277571275061,109.1832715866571,1240.944580078125,46.0,1.02304208278656,5.0,4.0,0.7035432899331583,13.776259422302246,33.0,"{""type"":""Point"",""coordinates"":[109.18544229393088,19.800563149341148]}"
1657,0.0,25.0,40.0,8.633665084838867,26.0,19.23683708375531,109.00810010625383,1769.2696533203125,51.0,0.7523216605186462,4.0,2.0,0.710623185660326,14.080763816833496,41.0,"{""type"":""Point"",""coordinates"":[109.00751673150971,19.237078846332874]}"
1658,0.0,20.0,110.0,12.844812393188477,70.0,19.55573900961774,109.843533320485,1793.158203125,56.0,1.4904371500015259,3.0,3.0,0.6776110725677533,13.35518741607666,36.0,"{""type"":""Point"",""coordinates"":[109.84234867478847,19.555787739430578]}"
1659,0.0,27.0,16.0,6.122738838195801,18.0,19.582688468141328,110.87210432080184,1445.598876953125,44.0,1.1788196563720703,3.0,3.0,0.7086669279569967,12.712652206420898,39.0,"{""type"":""Point"",""coordinates"":[110.87104856092168,19.580786875435752]}"
1660,0.0,25.0,318.0,54.13135528564453,292.0,18.71581421896599,109.9603143074205,2163.583251953125,48.0,10.055915832519531,5.0,1.0,0.5765724540796295,11.300531387329102,47.0,"{""type"":""Point"",""coordinates"":[109.96035254884508,18.71359598728917]}"
1661,0.0,26.0,52.0,9.259215354919434,35.0,19.60514635024431,110.49930347789223,1838.9202880859375,48.0,0.8391016125679016,4.0,3.0,0.7304952524364163,13.68856143951416,35.0,"{""type"":""Point"",""coordinates"":[110.50109370382474,19.60512287361817]}"
1662,0.0,23.0,11.0,9.095494270324707,13.0,19.138022402502166,110.46337086652744,2090.071533203125,47.0,0.33974793553352356,3.0,2.0,0.7512801152959943,14.873430252075195,40.0,"{""type"":""Point"",""coordinates"":[110.46309672384766,19.137456244247623]}"
1663,0.0,29.0,289.0,25.688566207885742,103.0,19.12454767324037,109.39886725484581,1786.149169921875,42.0,5.165810585021973,4.0,2.0,0.6082739419762415,11.994279861450195,39.0,"{""type"":""Point"",""coordinates"":[109.40001065242664,19.125522214825885]}"
1664,0.0,28.0,16.0,4.277980327606201,17.0,20.08125345082766,110.63854234693076,1457.0281982421875,43.0,0.44262486696243286,3.0,4.0,0.6904890400322168,13.257134437561035,44.0,"{""type"":""Point"",""coordinates"":[110.63976902182603,20.082466592123637]}"
1665,0.0,24.0,147.0,4.547667503356934,18.0,18.74276367748957,109.15632212813352,1665.188232421875,54.0,0.08342130482196808,2.0,1.0,0.6986715945874202,16.21554183959961,43.0,"{""type"":""Point"",""coordinates"":[109.15494768222942,18.743459679097977]}"
1666,0.0,27.0,169.0,7.802639484405518,40.0,18.720305795386587,109.17878001023655,1665.188232421875,48.0,0.7957515120506287,2.0,1.0,0.6703869584396225,13.946292877197266,43.0,"{""type"":""Point"",""coordinates"":[109.17962671991081,18.719011968464763]}"
1667,0.0,23.0,168.0,11.66765308380127,164.0,18.43284490446834,109.29106942075146,1621.1314697265625,55.0,1.8455801010131836,3.0,1.0,0.6027965889627954,13.10538101196289,42.0,"{""type"":""Point"",""coordinates"":[109.29246526097906,18.43203291574142]}"
1668,0.0,27.0,155.0,43.304595947265625,155.0,18.68437318402181,110.09506160003843,2020.4783935546875,50.0,8.160453796386719,4.0,1.0,0.5885903495157416,11.620600700378418,46.0,"{""type"":""Point"",""coordinates"":[110.09609204147401,18.68586386061897]}"
1669,0.0,23.0,65.0,4.453866958618164,65.0,19.483873786888182,109.07996532898335,1531.3314208984375,56.0,0.21558813750743866,3.0,3.0,0.6792391349537227,15.315899848937988,35.0,"{""type"":""Point"",""coordinates"":[109.0813129691395,19.485076178093742]}"
1670,0.0,29.0,41.0,13.551044464111328,38.0,19.335651765008457,110.49930347789223,2144.83251953125,39.0,0.9196903705596924,5.0,3.0,0.7152013053921648,13.841155052185059,42.0,"{""type"":""Point"",""coordinates"":[110.50120076259662,19.335355387960124]}"
1671,0.0,26.0,167.0,19.06867027282715,113.0,19.061665603352004,109.98277218952347,2047.1768798828125,51.0,2.134613037109375,3.0,2.0,0.6223546394720777,12.960403442382812,43.0,"{""type"":""Point"",""coordinates"":[109.98436895717666,19.06244833216975]}"
1672,0.0,31.0,248.0,28.163293838500977,239.0,18.554117467824476,109.81209228554076,1966.743408203125,41.0,4.569448471069336,5.0,1.0,0.5925047935572172,12.145179748535156,46.0,"{""type"":""Point"",""coordinates"":[109.81413378376337,18.55562078727708]}"
1673,0.0,27.0,971.0,59.87322235107422,738.0,18.967342498519457,109.72226075712882,2067.464599609375,41.0,26.541227340698242,12.0,2.0,0.5157575314583958,9.657347679138184,42.0,"{""type"":""Point"",""coordinates"":[109.72435862503585,18.969533902691087]}"
1674,0.0,25.0,677.0,33.87987518310547,576.0,18.814628900219134,109.63692080513749,1769.9139404296875,49.0,11.284530639648438,5.0,1.0,0.527133652886235,10.89440631866455,48.0,"{""type"":""Point"",""coordinates"":[109.63836333689328,18.8161504747764]}"
1675,0.0,29.0,376.0,36.54349899291992,195.0,19.115564520399175,109.48420720683714,1921.056396484375,40.0,7.728607177734375,4.0,2.0,0.6024910836397075,11.526728630065918,39.0,"{""type"":""Point"",""coordinates"":[109.48414556739793,19.113930894922998]}"
1676,0.0,25.0,70.0,26.467430114746094,70.0,18.3160639175328,109.50666508894017,1719.6109619140625,48.0,5.304038047790527,4.0,0.0,0.6505041200246651,12.107219696044922,39.0,"{""type"":""Point"",""coordinates"":[109.50795022629684,18.31593488389538]}"
1677,0.0,26.0,1.0,3.8020524978637695,2.0,20.02286295735989,110.64303392335137,1433.5054931640625,43.0,0.21611134707927704,4.0,4.0,0.703590964681151,14.009637832641602,45.0,"{""type"":""Point"",""coordinates"":[110.64103256664482,20.02154635081244]}"
1678,0.0,25.0,37.0,52.161468505859375,29.0,19.21437920165232,110.31065726822715,2498.895263671875,51.0,5.51948356628418,4.0,2.0,0.7444033730701165,12.08659553527832,38.0,"{""type"":""Point"",""coordinates"":[110.30997423508984,19.214591208362297]}"
1679,0.0,22.0,133.0,7.7503204345703125,95.0,19.025732991987226,108.89581069573887,1543.6663818359375,48.0,0.9196828603744507,2.0,2.0,0.6125912322202526,13.824016571044922,41.0,"{""type"":""Point"",""coordinates"":[108.89769801243281,19.02411926279952]}"
1680,0.0,25.0,38.0,7.846815586090088,38.0,19.762351524965233,109.47522405399599,1412.1412353515625,52.0,1.3770875930786133,3.0,4.0,0.7132598305093496,13.47723388671875,32.0,"{""type"":""Point"",""coordinates"":[109.47659366487304,19.76251193529348]}"
1681,0.0,29.0,27.0,4.291751861572266,28.0,19.807267289171207,109.26861153864849,1215.3944091796875,38.0,0.6495410203933716,3.0,4.0,0.7110470667747774,14.235240936279297,33.0,"{""type"":""Point"",""coordinates"":[109.26868217031597,19.805428986619432]}"
1682,0.0,27.0,221.0,23.205259323120117,92.0,19.151497131763954,109.843533320485,2061.306884765625,50.0,2.9590063095092773,4.0,2.0,0.6310128185751336,12.598745346069336,42.0,"{""type"":""Point"",""coordinates"":[109.84372677791826,19.15303453671692]}"
1683,0.0,24.0,81.0,10.640665054321289,68.0,19.677011572973875,109.56505558240792,1616.5009765625,53.0,1.5456123352050781,4.0,3.0,0.6851463004686285,13.336326599121094,33.0,"{""type"":""Point"",""coordinates"":[109.56359598831212,19.67630566464645]}"
1684,0.0,23.0,36.0,10.012212753295898,34.0,18.54064273856268,108.97665907130965,1661.839111328125,55.0,1.261971116065979,3.0,1.0,0.6574886606165478,13.565726280212402,49.0,"{""type"":""Point"",""coordinates"":[108.97585207609781,18.54209673302299]}"
1685,0.0,20.0,78.0,5.914989948272705,53.0,19.51980639825296,110.3151488446477,1926.4813232421875,57.0,0.057359881699085236,2.0,3.0,0.6977094393494239,16.61228370666504,39.0,"{""type"":""Point"",""coordinates"":[110.31433955288985,19.51832687552496]}"
1686,0.0,27.0,57.0,7.30588960647583,57.0,19.398533834896824,108.92725173068305,1564.0206298828125,47.0,0.8409125804901123,2.0,3.0,0.6654989429395568,13.95944595336914,40.0,"{""type"":""Point"",""coordinates"":[108.92764086818102,19.39951773218242]}"
1687,0.0,29.0,278.0,17.075838088989258,197.0,18.805645747377937,109.87497435542917,1927.9652099609375,43.0,2.15382981300354,5.0,1.0,0.6100209281940371,12.878828048706055,43.0,"{""type"":""Point"",""coordinates"":[109.87490191228693,18.805904300439995]}"
1688,0.0,28.0,195.0,39.26389694213867,174.0,19.133530826081568,109.05301587045977,1712.580810546875,51.0,11.876485824584961,4.0,2.0,0.5855044040370251,11.212300300598145,40.0,"{""type"":""Point"",""coordinates"":[109.0542569584508,19.132557608881324]}"
1689,0.0,27.0,245.0,39.624488830566406,248.0,18.729288948227783,110.34658987959187,1942.366455078125,50.0,8.350886344909668,5.0,1.0,0.5659680805820164,11.539204597473145,49.0,"{""type"":""Point"",""coordinates"":[110.34615836373301,18.72964746042091]}"
1690,0.0,27.0,36.0,6.924846172332764,35.0,19.71294418433866,110.69693284039852,1751.6114501953125,45.0,0.5169147253036499,4.0,3.0,0.7096299606250993,13.998152732849121,39.0,"{""type"":""Point"",""coordinates"":[110.69727375245047,19.7139995145845]}"
1691,0.0,25.0,250.0,14.131590843200684,149.0,19.335651765008457,109.37191779632224,1820.2825927734375,54.0,1.9212472438812256,4.0,3.0,0.6322567265667423,13.012015342712402,37.0,"{""type"":""Point"",""coordinates"":[109.3729619151294,19.33384075443386]}"
1692,0.0,24.0,27.0,6.242125034332275,29.0,18.76522155959256,110.31065726822715,1923.364990234375,51.0,0.12115991860628128,2.0,1.0,0.6826572201658655,15.914437294006348,49.0,"{""type"":""Point"",""coordinates"":[110.3114688654002,18.764831078205116]}"
1693,0.0,24.0,67.0,6.021888732910156,47.0,19.71743576075925,109.6414123815581,1597.5751953125,53.0,0.48431089520454407,3.0,3.0,0.711081727465622,14.505337715148926,33.0,"{""type"":""Point"",""coordinates"":[109.64324025233141,19.718857740401237]}"
1694,0.0,23.0,51.0,14.108963966369629,49.0,18.527168009300887,108.9811506477302,1661.839111328125,56.0,2.278810501098633,4.0,1.0,0.6416601499019928,12.96560287475586,48.0,"{""type"":""Point"",""coordinates"":[108.97912620889232,18.52726211502206]}"
1695,0.0,34.0,565.0,24.515016555786133,563.0,18.419370175206545,109.34047676137806,1681.0557861328125,41.0,7.4724626541137695,8.0,1.0,0.5733890873989844,11.413079261779785,41.0,"{""type"":""Point"",""coordinates"":[109.33945152038609,18.41866049517239]}"
1696,0.0,27.0,338.0,13.51480770111084,311.0,19.27276969512009,109.11140636392759,1776.1038818359375,49.0,1.9465405941009521,7.0,2.0,0.6219499382361666,12.93855094909668,38.0,"{""type"":""Point"",""coordinates"":[109.10992798889978,19.27187368326745]}"
1697,0.0,26.0,184.0,25.821176528930664,187.0,18.594541655609852,108.85538650795348,1529.6898193359375,50.0,7.813239574432373,3.0,1.0,0.5605064190540312,11.646323204040527,46.0,"{""type"":""Point"",""coordinates"":[108.85364653018398,18.593949808216372]}"
1698,0.0,25.0,66.0,7.592098712921143,69.0,18.65293214907762,108.80148759090633,1459.837890625,51.0,1.16132652759552,4.0,1.0,0.6280279820214152,13.631226539611816,44.0,"{""type"":""Point"",""coordinates"":[108.80307334166898,18.653091917448116]}"
1699,0.0,27.0,52.0,4.683837413787842,45.0,19.80277571275061,110.10853632930025,1559.87744140625,42.0,0.21089807152748108,4.0,4.0,0.7180604723266372,15.069585800170898,32.0,"{""type"":""Point"",""coordinates"":[110.10965593642068,19.803524890808195]}"
1700,0.0,28.0,50.0,5.992632865905762,42.0,19.699469455076866,110.48582874863041,1731.509521484375,41.0,0.29319682717323303,3.0,3.0,0.7219881616180479,14.741661071777344,34.0,"{""type"":""Point"",""coordinates"":[110.48699718778347,19.698671949475017]}"
1701,0.0,25.0,5.0,22.087974548339844,5.0,18.473269092253716,110.05463741225304,1827.2127685546875,52.0,3.442955732345581,4.0,1.0,0.7167270259712646,12.578932762145996,44.0,"{""type"":""Point"",""coordinates"":[110.05284116558363,18.47504725857627]}"
1702,0.0,21.0,38.0,7.996172904968262,31.0,19.76684310138583,110.07709529435607,1669.1949462890625,53.0,0.7793909311294556,3.0,4.0,0.742792162829473,13.909205436706543,31.0,"{""type"":""Point"",""coordinates"":[110.07601448374167,19.766699659470355]}"
1703,0.0,22.0,61.0,4.59104585647583,56.0,19.10208979113738,108.82843704942991,1485.2508544921875,60.0,0.33972668647766113,2.0,2.0,0.6633416068385581,14.863489151000977,40.0,"{""type"":""Point"",""coordinates"":[108.82720262551948,19.1024245098531]}"
1704,0.0,24.0,130.0,7.640337944030762,102.0,19.425483293420413,109.2281873508631,1745.3204345703125,56.0,0.6492020487785339,3.0,3.0,0.6611016726234064,14.174196243286133,32.0,"{""type"":""Point"",""coordinates"":[109.22743261395789,19.424379094975677]}"
1705,0.0,29.0,383.0,24.131898880004883,208.0,19.025732991987226,109.77166809775542,1901.2086181640625,46.0,4.274684906005859,4.0,2.0,0.5987868131233997,12.11807918548584,42.0,"{""type"":""Point"",""coordinates"":[109.76966788549318,19.026547532888415]}"
1706,0.0,24.0,128.0,11.338868141174316,96.0,19.474890634046986,110.09057002361783,2142.833740234375,54.0,0.6725860238075256,3.0,3.0,0.6715500270996078,14.14003849029541,36.0,"{""type"":""Point"",""coordinates"":[110.08989679510903,19.473577949301443]}"
1707,0.0,28.0,35.0,6.631272315979004,36.0,19.919556699686147,110.12201105856201,1530.3651123046875,43.0,0.8052998185157776,2.0,4.0,0.7105728722837065,13.742776870727539,35.0,"{""type"":""Point"",""coordinates"":[110.12311938182741,19.917851294620924]}"
1708,0.0,22.0,96.0,7.54072380065918,52.0,19.618621079506106,109.62344607587568,1725.31591796875,55.0,0.5993174910545349,3.0,3.0,0.706555346610803,14.27489948272705,34.0,"{""type"":""Point"",""coordinates"":[109.62478166638579,19.616490173803818]}"
1709,0.0,26.0,299.0,41.113365173339844,268.0,19.4434495991028,110.18040155202976,2209.65380859375,49.0,6.121039390563965,4.0,3.0,0.6369014905336813,11.816651344299316,37.0,"{""type"":""Point"",""coordinates"":[110.17849657588614,19.44489831588762]}"
1710,0.0,25.0,163.0,20.73598289489746,147.0,19.483873786888182,109.29556099717206,1649.8956298828125,54.0,4.525671482086182,4.0,3.0,0.6369888417542215,12.209823608398438,33.0,"{""type"":""Point"",""coordinates"":[109.2955280664238,19.483404788589485]}"
1711,0.0,31.0,233.0,13.908828735351562,56.0,19.24132866017591,109.48869878325775,1928.271240234375,40.0,1.5021090507507324,4.0,2.0,0.6855009288430126,13.269519805908203,38.0,"{""type"":""Point"",""coordinates"":[109.4870246282526,19.24325896807936]}"
1712,0.0,25.0,18.0,3.3482463359832764,20.0,19.66802842013268,110.95295269637256,1269.6038818359375,49.0,0.4415499269962311,4.0,3.0,0.6808572996689605,13.259566307067871,43.0,"{""type"":""Point"",""coordinates"":[110.95257408227488,19.668286412481883]}"
1713,0.0,32.0,67.0,13.189977645874023,68.0,19.49734851614997,110.63405077051016,1907.8828125,39.0,1.7167279720306396,4.0,3.0,0.6896746745293612,12.794809341430664,36.0,"{""type"":""Point"",""coordinates"":[110.63327225434749,19.49950559925341]}"
1714,0.0,24.0,115.0,13.938003540039062,41.0,19.29522757722308,110.06811214151486,2133.71435546875,47.0,0.9722850322723389,4.0,3.0,0.7145460655990666,13.77944278717041,40.0,"{""type"":""Point"",""coordinates"":[110.06920021340858,19.29730858557835]}"
1715,0.0,23.0,126.0,11.42671012878418,107.0,19.479382210467584,109.2371705037043,1721.9825439453125,57.0,1.507482647895813,4.0,3.0,0.6487992000279529,13.33401870727539,34.0,"{""type"":""Point"",""coordinates"":[109.23872552836592,19.481080171285853]}"
1716,0.0,29.0,24.0,22.891416549682617,15.0,19.12903924966097,110.25675835117994,2161.085205078125,41.0,2.2391884326934814,4.0,2.0,0.7411795350940701,12.998908996582031,41.0,"{""type"":""Point"",""coordinates"":[110.25764033008421,19.12851804747905]}"
1717,0.0,30.0,55.0,5.0546064376831055,53.0,19.77582625422702,110.49930347789223,1661.9388427734375,41.0,0.210886150598526,6.0,4.0,0.7033522757981213,14.903010368347168,35.0,"{""type"":""Point"",""coordinates"":[110.50113456118386,19.773877479708226]}"
1718,0.0,28.0,49.0,5.900121212005615,49.0,19.4434495991028,108.91377700142124,1593.3924560546875,43.0,0.4409771263599396,3.0,3.0,0.6831798138393188,14.609701156616211,39.0,"{""type"":""Point"",""coordinates"":[108.9148287101773,19.444600505018425]}"
1719,0.0,29.0,108.0,25.552900314331055,71.0,18.95835934567826,110.13997736424443,2098.096923828125,43.0,3.0269253253936768,4.0,2.0,0.649569714690948,12.647221565246582,45.0,"{""type"":""Point"",""coordinates"":[110.14031737381538,18.95784189634731]}"
1720,0.0,27.0,204.0,11.905542373657227,31.0,18.926918310734074,109.46624090115478,1793.0850830078125,47.0,1.4104763269424438,4.0,2.0,0.6807287739004741,13.351401329040527,44.0,"{""type"":""Point"",""coordinates"":[109.46522228591917,18.928043399449592]}"
1721,0.0,23.0,541.0,35.542301177978516,477.0,18.79217101811615,109.6414123815581,1987.329345703125,52.0,7.530275344848633,5.0,1.0,0.5622942027464239,11.425301551818848,47.0,"{""type"":""Point"",""coordinates"":[109.64150753493557,18.79241438915554]}"
1722,0.0,25.0,134.0,26.49231719970703,126.0,18.513693280039092,109.64590395797865,1909.7257080078125,51.0,4.216663837432861,4.0,1.0,0.5920794345525439,12.298906326293945,47.0,"{""type"":""Point"",""coordinates"":[109.64813319462108,18.5158224071068]}"
1723,0.0,25.0,117.0,16.021953582763672,101.0,19.564722162458935,109.48869878325775,1755.52685546875,53.0,2.461081027984619,4.0,3.0,0.652494113133798,12.848994255065918,33.0,"{""type"":""Point"",""coordinates"":[109.4889489081395,19.56545505285431]}"
1724,0.0,23.0,34.0,8.624588966369629,33.0,19.694977878656267,109.48420720683714,1652.7159423828125,57.0,1.0024722814559937,3.0,3.0,0.7302202799989922,13.797157287597656,33.0,"{""type"":""Point"",""coordinates"":[109.48228764084539,19.69592947315474]}"
1725,0.0,23.0,32.0,3.180065393447876,32.0,18.82810362948093,108.72962236817676,1329.783935546875,50.0,0.08344359695911407,2.0,2.0,0.6653702442180173,16.284475326538086,44.0,"{""type"":""Point"",""coordinates"":[108.72809784313237,18.828608200593003]}"
1726,0.0,27.0,167.0,10.39409065246582,121.0,19.488365363308773,109.52912297104314,1794.506591796875,55.0,1.2221260070800781,4.0,3.0,0.642790296801492,13.518407821655273,36.0,"{""type"":""Point"",""coordinates"":[109.5302087154664,19.490204031883778]}"
1727,0.0,26.0,49.0,33.5472297668457,38.0,18.917935157892877,110.27472465686236,2116.031494140625,50.0,4.4593329429626465,4.0,2.0,0.681227659148449,12.293937683105469,46.0,"{""type"":""Point"",""coordinates"":[110.27689073567377,18.916588613886333]}"
1728,0.0,29.0,287.0,24.131013870239258,176.0,19.003275109884235,109.91989011963511,1918.6240234375,42.0,3.8079018592834473,4.0,2.0,0.6113849574479343,12.301870346069336,41.0,"{""type"":""Point"",""coordinates"":[109.92043870017314,19.004056318880554]}"
1729,0.0,29.0,27.0,5.379004001617432,28.0,19.91506512326555,110.48582874863041,1627.79248046875,45.0,0.4421893060207367,3.0,4.0,0.7056629921026034,13.715028762817383,40.0,"{""type"":""Point"",""coordinates"":[110.48381091999927,19.912906686825167]}"
1730,0.0,31.0,729.0,31.726564407348633,550.0,18.8775109701075,109.48869878325775,1736.8624267578125,46.0,12.36783504486084,6.0,2.0,0.533761320645181,10.750504493713379,45.0,"{""type"":""Point"",""coordinates"":[109.48730862941181,18.87861586530062]}"
1731,0.0,26.0,156.0,8.379840850830078,129.0,19.600654773823713,109.89294066111154,1744.9964599609375,48.0,0.7528175711631775,5.0,3.0,0.6472047097080643,14.009943008422852,35.0,"{""type"":""Point"",""coordinates"":[109.8918675100667,19.599035184591404]}"
1732,0.0,21.0,70.0,9.29274845123291,50.0,19.533281127514755,110.35557303243309,1906.7623291015625,57.0,0.6568179130554199,3.0,3.0,0.6988293618526075,14.160062789916992,39.0,"{""type"":""Point"",""coordinates"":[110.35360432853875,19.53487025587406]}"
1733,0.0,39.0,496.0,40.727291107177734,462.0,18.500218550777305,109.55607242956671,1933.6064453125,34.0,11.199956893920898,6.0,1.0,0.5567277697374627,11.057737350463867,46.0,"{""type"":""Point"",""coordinates"":[109.55476241271198,18.498382640571588]}"
1734,0.0,25.0,151.0,16.994701385498047,48.0,19.33116018858786,109.71327760428761,1910.049560546875,45.0,1.989912509918213,4.0,3.0,0.7053254436627379,13.040702819824219,36.0,"{""type"":""Point"",""coordinates"":[109.71241403323862,19.333144297663615]}"
1735,0.0,30.0,35.0,7.487243175506592,36.0,19.506331668991166,110.70142441681912,1798.4896240234375,46.0,0.63386070728302,9.0,3.0,0.7280975987736558,13.820612907409668,36.0,"{""type"":""Point"",""coordinates"":[110.70255662059454,19.50777057849118]}"
1736,0.0,24.0,32.0,2.983553886413574,33.0,19.88811566474196,110.90354535574602,1283.242919921875,50.0,0.16746176779270172,3.0,4.0,0.639740962957974,14.19459342956543,49.0,"{""type"":""Point"",""coordinates"":[110.9018050233534,19.890237622616148]}"
1737,0.0,29.0,68.0,28.988534927368164,53.0,19.052682450510808,110.23879204549758,2107.4267578125,40.0,3.493623733520508,4.0,2.0,0.6751434051375034,12.527559280395508,44.0,"{""type"":""Point"",""coordinates"":[110.23687760859161,19.053967557965496]}"
1738,0.0,25.0,165.0,19.84330940246582,165.0,19.344634917849653,108.84640335511227,1358.8919677734375,53.0,7.192135334014893,6.0,3.0,0.5784426352225016,11.74215316772461,41.0,"{""type"":""Point"",""coordinates"":[108.8472115263855,19.345175953627678]}"
1739,0.0,28.0,123.0,48.17298889160156,126.0,18.271148153326827,109.64590395797865,1780.9361572265625,48.0,13.59957504272461,6.0,0.0,0.589415452976897,11.117465019226074,40.0,"{""type"":""Point"",""coordinates"":[109.64703456339795,18.26937677600967]}"
1740,0.0,27.0,420.0,32.44192123413086,296.0,18.79217101811615,109.03954114119801,1575.1695556640625,45.0,11.884257316589355,6.0,1.0,0.5616671798398296,11.055547714233398,41.0,"{""type"":""Point"",""coordinates"":[109.03945122664355,18.79129951491177]}"
1741,0.0,32.0,429.0,31.095943450927734,224.0,19.111072943978577,109.36293464348103,1786.149169921875,38.0,7.847108364105225,4.0,2.0,0.587365394248168,11.472043991088867,40.0,"{""type"":""Point"",""coordinates"":[109.36228429211354,19.112565393940088]}"
1742,0.0,29.0,19.0,4.9357428550720215,19.0,19.74887679570344,110.78676436881045,1652.22998046875,48.0,0.2932007610797882,6.0,4.0,0.7247983469037587,14.075983047485352,39.0,"{""type"":""Point"",""coordinates"":[110.78877371940216,19.747000971181453]}"
1743,0.0,25.0,185.0,42.41387176513672,130.0,19.429974869841004,109.83455016764378,1946.878662109375,47.0,8.33441162109375,4.0,3.0,0.6219637223681622,11.580248832702637,37.0,"{""type"":""Point"",""coordinates"":[109.8329961414885,19.430850302654488]}"
1744,0.0,21.0,56.0,5.2090840339660645,53.0,19.066157179772603,108.78801286164452,1320.4761962890625,59.0,0.7889095544815063,3.0,2.0,0.6518621660154413,14.023880004882812,41.0,"{""type"":""Point"",""coordinates"":[108.78785658158093,19.068283119553477]}"
1745,0.0,30.0,533.0,43.8152961730957,456.0,18.814628900219134,109.81209228554076,1965.0504150390625,38.0,11.07119369506836,4.0,1.0,0.5678683705362331,11.03969669342041,43.0,"{""type"":""Point"",""coordinates"":[109.81425392709212,18.815278665539584]}"
1746,0.0,22.0,12.0,3.516280174255371,12.0,18.855053088004517,108.69368975681198,1249.0335693359375,52.0,0.3084395229816437,2.0,2.0,0.6876566292541462,14.988672256469727,43.0,"{""type"":""Point"",""coordinates"":[108.69577266805156,18.85388052647533]}"
1747,0.0,30.0,747.0,63.8604850769043,718.0,18.71581421896599,109.81658386196136,2163.93017578125,41.0,20.098461151123047,7.0,1.0,0.5201909832194452,10.220675468444824,48.0,"{""type"":""Point"",""coordinates"":[109.81751629948027,18.715676841946028]}"
1748,0.0,31.0,108.0,22.312091827392578,111.0,18.37445441100057,109.60997134661392,1811.5426025390625,42.0,3.7659521102905273,4.0,1.0,0.6074432684311432,12.42825698852539,43.0,"{""type"":""Point"",""coordinates"":[109.60982555460717,18.372319338969003]}"
1749,0.0,26.0,6.0,2.665846109390259,7.0,19.281752847961286,108.69818133323258,1190.839599609375,49.0,0.12982065975666046,2.0,3.0,0.6995092439565885,15.857494354248047,41.0,"{""type"":""Point"",""coordinates"":[108.6988648927697,19.280294004194765]}"
1750,0.0,24.0,30.0,5.1728925704956055,30.0,19.6320958087679,109.22369577444249,1557.030517578125,49.0,0.3115883469581604,2.0,3.0,0.7162928757417568,14.96811580657959,36.0,"{""type"":""Point"",""coordinates"":[109.2223039733051,19.633278873880524]}"
1751,0.0,28.0,171.0,41.67892074584961,156.0,19.15598870818455,108.99013380057141,1873.8763427734375,43.0,9.118622779846191,6.0,2.0,0.5958078590423139,11.49781322479248,42.0,"{""type"":""Point"",""coordinates"":[108.99066744186592,19.1552460456719]}"
1752,0.0,23.0,66.0,4.782891750335693,65.0,19.120056096819773,108.79699601448573,1341.7073974609375,57.0,0.6254057288169861,2.0,2.0,0.6434242413151,14.25024127960205,40.0,"{""type"":""Point"",""coordinates"":[108.7991536381212,19.118042724401736]}"
1753,0.0,25.0,170.0,24.723865509033203,95.0,19.322177035746662,109.99624691878529,2144.13134765625,50.0,2.7562050819396973,4.0,3.0,0.6494368646607032,12.702630996704102,39.0,"{""type"":""Point"",""coordinates"":[109.99451368097847,19.323034835000474]}"
1754,0.0,25.0,160.0,25.2481746673584,57.0,18.922426734313476,110.05463741225304,2183.109619140625,48.0,2.647157907485962,3.0,2.0,0.6674277733201175,12.749360084533691,45.0,"{""type"":""Point"",""coordinates"":[110.05458366220051,18.92336441096566]}"
1755,0.0,28.0,39.0,6.194924831390381,33.0,19.789300983488815,110.28370780970351,1736.745849609375,44.0,0.3495121896266937,9.0,4.0,0.7461397333108573,14.574440956115723,32.0,"{""type"":""Point"",""coordinates"":[110.28213979332851,19.788282978426555]}"
1756,0.0,24.0,207.0,21.224992752075195,85.0,18.729288948227783,109.0305579883568,1666.791015625,51.0,4.410470485687256,3.0,1.0,0.6069729759490898,12.207632064819336,43.0,"{""type"":""Point"",""coordinates"":[109.03000530801259,18.730648574691426]}"
1757,0.0,28.0,27.0,6.197057247161865,27.0,19.784809407068217,110.70142441681912,1634.4227294921875,48.0,0.7555356621742249,5.0,4.0,0.7077093770962465,13.117242813110352,40.0,"{""type"":""Point"",""coordinates"":[110.70307578027865,19.78551787679986]}"
1758,0.0,28.0,7.0,3.334664821624756,9.0,19.627604232347302,110.95744427279317,1329.156494140625,43.0,0.2597615122795105,5.0,3.0,0.7030716817519598,13.814688682556152,42.0,"{""type"":""Point"",""coordinates"":[110.95621861230568,19.62678527014874]}"
1759,0.0,26.0,34.0,7.400289058685303,34.0,19.596163197403122,109.08445690540395,1394.138427734375,48.0,1.2585339546203613,4.0,3.0,0.6957503720020374,13.569620132446289,37.0,"{""type"":""Point"",""coordinates"":[109.0849802259344,19.59484161743679]}"
1760,0.0,25.0,97.0,8.233626365661621,90.0,19.587180044561926,109.4437830190518,1726.7203369140625,51.0,0.7555114030838013,5.0,3.0,0.6652999271139577,14.042671203613281,34.0,"{""type"":""Point"",""coordinates"":[109.44546104320327,19.58822415216794]}"
1761,0.0,26.0,181.0,6.3614325523376465,172.0,18.45530278657133,109.30454415001327,1681.1514892578125,52.0,0.4745378792285919,3.0,1.0,0.6013746173130032,14.455670356750488,44.0,"{""type"":""Point"",""coordinates"":[109.30578215982528,18.457453166140425]}"
1762,0.0,26.0,53.0,9.207184791564941,53.0,19.389550682055628,108.83292862585051,1385.3511962890625,52.0,1.9585975408554077,3.0,3.0,0.6433865062603514,13.115988731384277,43.0,"{""type"":""Point"",""coordinates"":[108.83248051724604,19.39165169919562]}"
1763,0.0,29.0,713.0,13.858039855957031,565.0,18.760729983171963,109.33598518495745,1642.08642578125,49.0,3.3156628608703613,6.0,1.0,0.5507759843828433,12.097051620483398,46.0,"{""type"":""Point"",""coordinates"":[109.334496738696,18.761529604212484]}"
1764,0.0,28.0,478.0,13.976168632507324,472.0,18.62598269055404,108.8643696607947,1410.6121826171875,50.0,4.512227535247803,4.0,1.0,0.5420869693721861,11.991868019104004,47.0,"{""type"":""Point"",""coordinates"":[108.86547148546727,18.62615583973165]}"
1765,0.0,26.0,55.0,5.73980188369751,55.0,19.537772703935353,109.19674631591892,1547.03271484375,50.0,0.5017907023429871,3.0,3.0,0.6820554203853921,14.47697639465332,37.0,"{""type"":""Point"",""coordinates"":[109.1973381772746,19.53931558589034]}"
1766,0.0,29.0,41.0,8.913415908813477,41.0,19.77133467780643,110.64303392335137,1661.8443603515625,39.0,1.205920934677124,6.0,4.0,0.7008962478285632,13.146283149719238,38.0,"{""type"":""Point"",""coordinates"":[110.64290702683476,19.771259359029937]}"
1767,0.0,29.0,723.0,14.907642364501953,517.0,18.675390031180612,109.46624090115478,1765.3765869140625,48.0,2.984039545059204,5.0,1.0,0.5576140431666321,12.192972183227539,46.0,"{""type"":""Point"",""coordinates"":[109.46739740880345,18.676531322616917]}"
1768,0.0,26.0,136.0,13.71015739440918,139.0,18.325047070373998,109.65937868724046,1818.772216796875,52.0,1.7526911497116089,4.0,0.0,0.613043704309987,13.177057266235352,43.0,"{""type"":""Point"",""coordinates"":[109.65857270243393,18.324838148757042]}"
1769,0.0,22.0,17.0,2.1156809329986572,17.0,19.039207721249014,108.65775714544719,1078.0675048828125,54.0,0.06067930534482002,2.0,2.0,0.6677175271464688,16.611726760864258,44.0,"{""type"":""Point"",""coordinates"":[108.65778051708526,19.040796161698804]}"
1770,0.0,32.0,111.0,7.213545799255371,68.0,19.38505910563503,110.21633416339455,2117.768798828125,40.0,0.1216140165925026,2.0,3.0,0.6992552719372118,15.860774993896484,37.0,"{""type"":""Point"",""coordinates"":[110.2157675913811,19.38460908350579]}"
1771,0.0,30.0,40.0,6.184573650360107,40.0,19.76684310138583,109.40785040768702,1396.7220458984375,43.0,0.915989875793457,2.0,4.0,0.7107295052485847,13.883893966674805,32.0,"{""type"":""Point"",""coordinates"":[109.40880772038831,19.766344787038364]}"
1773,0.0,23.0,122.0,9.647948265075684,69.0,19.34912649427025,109.27310311506909,1719.6353759765625,46.0,0.9726057052612305,3.0,3.0,0.6754320101123816,13.77482795715332,36.0,"{""type"":""Point"",""coordinates"":[109.2716013774163,19.351165520267774]}"
1774,0.0,31.0,480.0,33.12040328979492,427.0,18.49123539793611,109.48420720683714,1783.3026123046875,40.0,9.124588012695312,7.0,1.0,0.5604373873928263,11.279680252075195,45.0,"{""type"":""Point"",""coordinates"":[109.4861707054929,18.489661221475373]}"
1775,0.0,27.0,245.0,54.993770599365234,140.0,18.926918310734074,109.9603143074205,2163.119140625,49.0,10.329312324523926,4.0,2.0,0.5838869815087128,11.322786331176758,46.0,"{""type"":""Point"",""coordinates"":[109.9584896477448,18.92648976784842]}"
1776,0.0,25.0,305.0,16.138681411743164,256.0,18.57208377350686,109.15183055171292,1772.9586181640625,55.0,2.681198835372925,4.0,1.0,0.5791735450871061,12.64106559753418,47.0,"{""type"":""Point"",""coordinates"":[109.15301139462984,18.57019366185027]}"
1777,0.0,23.0,28.0,7.882872581481934,31.0,18.922426734313476,110.39150564379787,1992.500732421875,50.0,0.28679710626602173,2.0,2.0,0.7060895368899772,15.052186012268066,44.0,"{""type"":""Point"",""coordinates"":[110.39265529329693,18.92309394371503]}"
1778,0.0,21.0,108.0,29.97040367126465,94.0,19.21887077807292,109.00810010625383,1769.2696533203125,52.0,5.852379322052002,3.0,2.0,0.6127951266947697,11.98536491394043,41.0,"{""type"":""Point"",""coordinates"":[109.00645879025888,19.22030337690486]}"
1779,0.0,31.0,60.0,29.609867095947266,58.0,19.04819087409021,110.38252249095666,2057.79345703125,40.0,3.9615402221679688,5.0,2.0,0.6931318677442609,12.40625,38.0,"{""type"":""Point"",""coordinates"":[110.38448937081256,19.047980975404695]}"
1780,0.0,23.0,15.0,3.617654323577881,17.0,19.627604232347302,110.92151166142838,1334.65673828125,50.0,0.3044888973236084,3.0,3.0,0.6879292384993423,14.044211387634277,43.0,"{""type"":""Point"",""coordinates"":[110.92172644151948,19.62652920941489]}"
1781,0.0,29.0,365.0,25.349674224853516,311.0,19.043699297669612,109.07996532898335,1644.3695068359375,48.0,7.158143043518066,7.0,2.0,0.5922089474946259,11.612237930297852,39.0,"{""type"":""Point"",""coordinates"":[109.08064514779689,19.04376484312954]}"
1782,0.0,29.0,16.0,4.5616984367370605,17.0,19.865657782638976,110.62955919408955,1609.4029541015625,42.0,0.18256747722625732,5.0,4.0,0.710844326065992,14.554234504699707,42.0,"{""type"":""Point"",""coordinates"":[110.63167673510686,19.863829547900977]}"
1783,0.0,23.0,110.0,10.548120498657227,103.0,18.57208377350686,109.00810010625383,1636.624755859375,56.0,1.5034135580062866,3.0,1.0,0.5817601824361152,13.346514701843262,48.0,"{""type"":""Point"",""coordinates"":[109.00771275320582,18.57002253568725]}"
1784,0.0,32.0,559.0,27.291791915893555,547.0,18.441828057309536,109.34047676137806,1681.0557861328125,40.0,8.504288673400879,7.0,1.0,0.5654094927917375,11.287086486816406,42.0,"{""type"":""Point"",""coordinates"":[109.33965950504565,18.440808179897374]}"
1785,0.0,30.0,10.0,3.6602461338043213,12.0,19.537772703935353,110.86761274438123,1425.95849609375,39.0,0.13456593453884125,5.0,3.0,0.7146542592424378,15.367725372314453,40.0,"{""type"":""Point"",""coordinates"":[110.86928003704105,19.53878451424222]}"
1786,0.0,28.0,11.0,7.1458587646484375,3.0,19.699469455076866,110.31065726822715,1800.045166015625,42.0,0.4416307806968689,2.0,3.0,0.7883737558387849,14.361759185791016,30.0,"{""type"":""Point"",""coordinates"":[110.3112516892802,19.69882600348544]}"
1787,0.0,30.0,489.0,37.449256896972656,372.0,19.27276969512009,109.68632814576404,1937.529052734375,38.0,8.52364730834961,4.0,2.0,0.5988127075444936,11.341797828674316,38.0,"{""type"":""Point"",""coordinates"":[109.68636053237708,19.27150715498707]}"
1788,0.0,26.0,37.0,7.775076389312744,28.0,19.60963792666491,110.41845510232145,1837.786376953125,46.0,0.5166187286376953,5.0,3.0,0.7454402083682978,14.185193061828613,34.0,"{""type"":""Point"",""coordinates"":[110.41963376245484,19.609324384844932]}"
1789,0.0,24.0,57.0,9.3452730178833,60.0,18.581066926348058,108.79699601448573,1267.2271728515625,55.0,2.565202474594116,3.0,1.0,0.6220972929935742,12.843544006347656,44.0,"{""type"":""Point"",""coordinates"":[108.79702991146416,18.58068347220791]}"
1790,0.0,30.0,311.0,20.331588745117188,114.0,19.039207721249014,109.39886725484581,1686.23828125,39.0,4.189204216003418,4.0,2.0,0.5954615068253,12.18960952758789,41.0,"{""type"":""Point"",""coordinates"":[109.40026462501251,19.037731035487948]}"
1791,0.0,28.0,476.0,51.06533432006836,427.0,18.783187865274954,110.0097216480471,2117.95166015625,46.0,11.356865882873535,5.0,1.0,0.5703606007539269,11.059257507324219,45.0,"{""type"":""Point"",""coordinates"":[110.01154360597161,18.78238916392087]}"
1792,0.0,25.0,24.0,3.7679343223571777,24.0,19.784809407068217,110.9394779671108,1352.3848876953125,49.0,0.4600888192653656,3.0,4.0,0.653605975026147,13.202472686767578,49.0,"{""type"":""Point"",""coordinates"":[110.93844653959928,19.783964519467922]}"
1793,0.0,25.0,169.0,32.59159469604492,159.0,19.29971915364368,110.28819938612412,2277.238037109375,50.0,3.6000845432281494,4.0,3.0,0.6616607999288073,12.435614585876465,36.0,"{""type"":""Point"",""coordinates"":[110.2863058875612,19.298179656120837]}"
1794,0.0,23.0,30.0,3.600954055786133,30.0,19.04819087409021,108.73411394459737,1257.2379150390625,50.0,0.3243730366230011,2.0,2.0,0.6669937984851714,14.92790412902832,43.0,"{""type"":""Point"",""coordinates"":[108.73495901609793,19.04935980131283]}"
1795,0.0,34.0,41.0,47.0254020690918,40.0,19.173955013866944,110.38701406737727,2367.4697265625,36.0,5.546847343444824,4.0,2.0,0.7248953305343802,12.07928466796875,38.0,"{""type"":""Point"",""coordinates"":[110.38834731581026,19.171843718324098]}"
1796,0.0,27.0,159.0,16.74335479736328,56.0,19.394042258476226,109.66836184008167,1921.856201171875,46.0,1.9977067708969116,4.0,3.0,0.7011525832947524,13.031781196594238,35.0,"{""type"":""Point"",""coordinates"":[109.66856311019495,19.39208285313331]}"
1797,0.0,23.0,166.0,11.287108421325684,136.0,18.8775109701075,110.13099421140322,1945.2587890625,49.0,0.8938419818878174,4.0,2.0,0.6127698431875663,13.831927299499512,45.0,"{""type"":""Point"",""coordinates"":[110.13059881472321,18.879595207393063]}"
1798,0.0,25.0,22.0,10.439654350280762,22.0,19.591671620982524,109.04403271761862,1411.19482421875,47.0,2.0960848331451416,3.0,3.0,0.7073931268874473,13.066171646118164,37.0,"{""type"":""Point"",""coordinates"":[109.0438889190367,19.593272794143317]}"
1799,0.0,26.0,612.0,37.873661041259766,369.0,18.980817227781245,109.69980287502585,1923.667236328125,47.0,9.948623657226562,4.0,2.0,0.5689738934910241,11.082039833068848,42.0,"{""type"":""Point"",""coordinates"":[109.70084373468941,18.980535560540137]}"
1800,0.0,29.0,86.0,4.539206027984619,84.0,19.865657782638976,110.27472465686236,1620.554931640625,44.0,0.13479185104370117,5.0,4.0,0.6595569209781946,15.490521430969238,36.0,"{""type"":""Point"",""coordinates"":[110.2760654951871,19.866639046168963]}"
1801,0.0,29.0,737.0,35.450927734375,670.0,18.648440572657023,109.385392525584,1834.8614501953125,49.0,12.718369483947754,7.0,1.0,0.538364398929012,10.71379280090332,45.0,"{""type"":""Point"",""coordinates"":[109.38458985854578,18.647713805190058]}"
1802,0.0,28.0,26.0,4.405445098876953,27.0,19.852183053377182,109.34496833779866,1259.0677490234375,39.0,0.5868833661079407,2.0,4.0,0.7054156082220064,14.337267875671387,35.0,"{""type"":""Point"",""coordinates"":[109.34698456294737,19.854010084221223]}"
1803,0.0,24.0,127.0,10.093042373657227,123.0,18.536151162142083,109.0215748355156,1599.0855712890625,54.0,1.49815833568573,4.0,1.0,0.5792484102794172,13.339611053466797,48.0,"{""type"":""Point"",""coordinates"":[109.01980456433544,18.535879053884702]}"
1804,0.0,28.0,12.0,4.907701015472412,12.0,19.955489311050925,110.38252249095666,1592.2998046875,41.0,0.293217271566391,4.0,4.0,0.7233890956578318,14.147126197814941,40.0,"{""type"":""Point"",""coordinates"":[110.38425172095683,19.956679160880196]}"
1805,0.0,27.0,275.0,29.019634246826172,247.0,18.513693280039092,109.34047676137806,1752.544921875,52.0,7.068696022033691,4.0,1.0,0.5705139781198943,11.687812805175781,46.0,"{""type"":""Point"",""coordinates"":[109.34030736298288,18.513526132683133]}"
1806,0.0,26.0,459.0,31.63741683959961,335.0,18.756238406751365,109.03954114119801,1575.1695556640625,46.0,11.644737243652344,5.0,1.0,0.5548447721159246,11.046774864196777,42.0,"{""type"":""Point"",""coordinates"":[109.03804321747519,18.7568520302888]}"
1807,0.0,32.0,336.0,9.292437553405762,190.0,19.205396048811124,109.6414123815581,1901.8018798828125,39.0,0.7288452386856079,4.0,2.0,0.6315552618912622,13.922643661499023,38.0,"{""type"":""Point"",""coordinates"":[109.64292548241305,19.206216079282157]}"
1808,0.0,25.0,70.0,8.34203052520752,43.0,19.71294418433866,109.86149962616736,1704.4630126953125,51.0,0.8122201561927795,4.0,3.0,0.7213544987849745,13.986467361450195,33.0,"{""type"":""Point"",""coordinates"":[109.86165939694024,19.713459825675198]}"
1809,0.0,21.0,143.0,7.76275634765625,79.0,19.560230586038337,109.78065125059658,1785.910400390625,57.0,0.5597202181816101,4.0,3.0,0.6737392426238801,14.31446647644043,35.0,"{""type"":""Point"",""coordinates"":[109.7818491704681,19.558996937193534]}"
1810,0.0,23.0,17.0,4.480566024780273,19.0,19.72192733717985,110.84964643869881,1531.42919921875,55.0,0.3100205361843109,5.0,3.0,0.7034505144061455,14.023208618164062,42.0,"{""type"":""Point"",""coordinates"":[110.84993461450603,19.721707618736836]}"
1811,0.0,26.0,193.0,46.670692443847656,189.0,18.85056151158392,110.27023308044176,2142.327392578125,47.0,7.567322254180908,4.0,2.0,0.5989271601049302,11.672934532165527,45.0,"{""type"":""Point"",""coordinates"":[110.27125582984172,18.84897893618112]}"
1812,0.0,26.0,19.0,4.113379955291748,20.0,19.735402066441644,110.81371382733403,1531.42919921875,51.0,0.1916045993566513,5.0,3.0,0.7070343729599899,14.501411437988281,41.0,"{""type"":""Point"",""coordinates"":[110.81491795486198,19.73574412830753]}"
1813,0.0,25.0,129.0,6.878741264343262,109.0,19.38056752921443,109.17428843381595,1728.1717529296875,54.0,0.513232409954071,4.0,3.0,0.6480172230576323,14.409843444824219,35.0,"{""type"":""Point"",""coordinates"":[109.17432027063957,19.378678566808205]}"
1814,0.0,27.0,41.0,8.351212501525879,38.0,18.60352480845105,109.97378903668232,1923.6046142578125,42.0,0.438904732465744,3.0,1.0,0.6801841978705028,14.619098663330078,47.0,"{""type"":""Point"",""coordinates"":[109.97242585894422,18.601438105017625]}"
1815,0.0,27.0,243.0,11.535917282104492,122.0,19.034716144828415,109.86149962616736,1880.0546875,47.0,1.1527204513549805,3.0,2.0,0.6203343582612685,13.527754783630371,41.0,"{""type"":""Point"",""coordinates"":[109.86075943690626,19.03627057508372]}"
1816,0.0,26.0,203.0,19.875301361083984,81.0,19.29522757722308,109.60098819377271,1883.6600341796875,42.0,2.702200412750244,4.0,3.0,0.6614210428791857,12.70136833190918,36.0,"{""type"":""Point"",""coordinates"":[109.59927978865669,19.296886770933984]}"
1817,0.0,28.0,33.0,6.589128017425537,33.0,19.789300983488815,110.59362658272477,1627.6031494140625,38.0,0.61226886510849,7.0,4.0,0.7153328104659608,13.83161449432373,37.0,"{""type"":""Point"",""coordinates"":[110.59582899086851,19.788872978605454]}"
1818,0.0,31.0,50.0,6.068342685699463,49.0,19.757859948544635,110.62506761766895,1661.8443603515625,43.0,0.5040544271469116,4.0,4.0,0.692335564328331,14.036191940307617,38.0,"{""type"":""Point"",""coordinates"":[110.62325533413177,19.75640923964425]}"
1819,0.0,30.0,408.0,42.137420654296875,411.0,18.289114459009213,109.6414123815581,1780.9361572265625,48.0,13.938663482666016,7.0,0.0,0.5730675833829575,10.89954662322998,40.0,"{""type"":""Point"",""coordinates"":[109.64062586523335,18.28975332490813]}"
1820,0.0,24.0,98.0,10.679048538208008,55.0,19.394042258476226,110.1624352463474,2102.438232421875,50.0,0.5851423740386963,4.0,3.0,0.70867826631621,14.297629356384277,38.0,"{""type"":""Point"",""coordinates"":[110.16101120479324,19.392776280024524]}"
1821,0.0,27.0,601.0,33.10255813598633,486.0,18.783187865274954,109.55607242956671,1896.8297119140625,49.0,8.493122100830078,4.0,1.0,0.5459836836010531,11.252579689025879,48.0,"{""type"":""Point"",""coordinates"":[109.55516603881708,18.782391073021017]}"
1822,0.0,30.0,20.0,7.7973551750183105,20.0,19.906081970424353,109.86599120258796,1430.90625,44.0,1.5079723596572876,3.0,4.0,0.7263282040383088,13.126716613769531,34.0,"{""type"":""Point"",""coordinates"":[109.86647171853039,19.90430844476716]}"
1823,0.0,29.0,336.0,40.235836029052734,315.0,19.138022402502166,109.05301587045977,1712.580810546875,50.0,13.765740394592285,4.0,2.0,0.5719198887077602,10.964715957641602,40.0,"{""type"":""Point"",""coordinates"":[109.05098000729977,19.137050714273553]}"
1824,0.0,23.0,72.0,13.075797080993652,49.0,19.618621079506106,109.97378903668232,1735.4412841796875,51.0,1.6919889450073242,5.0,3.0,0.7184375864469844,13.251165390014648,32.0,"{""type"":""Point"",""coordinates"":[109.97273581222711,19.617403464467966]}"
1825,0.0,26.0,125.0,12.06592082977295,125.0,18.917935157892877,108.74758867385913,1293.1363525390625,48.0,3.5732951164245605,3.0,2.0,0.5630720510587268,12.470519065856934,46.0,"{""type"":""Point"",""coordinates"":[108.74554736263791,18.917905420576457]}"
1826,0.0,25.0,182.0,17.079198837280273,163.0,18.527168009300887,109.29556099717206,1700.729248046875,53.0,3.052194833755493,4.0,1.0,0.5811824886769693,12.592835426330566,47.0,"{""type"":""Point"",""coordinates"":[109.29510126253611,18.52554100348769]}"
1827,0.0,40.0,55.0,7.661876678466797,55.0,19.865657782638976,109.77166809775542,1360.517578125,34.0,1.634863257408142,4.0,4.0,0.6858358219008515,13.295598983764648,33.0,"{""type"":""Point"",""coordinates"":[109.77253202867769,19.86588487364591]}"
1828,0.0,26.0,469.0,28.813072204589844,236.0,18.967342498519457,109.69081972218464,1923.667236328125,47.0,5.567878246307373,5.0,2.0,0.5869274705165097,11.787599563598633,43.0,"{""type"":""Point"",""coordinates"":[109.69000357101403,18.967569709595583]}"
1829,0.0,23.0,208.0,12.622716903686523,131.0,19.313193882905473,109.85251647332615,2028.7845458984375,52.0,1.0114771127700806,4.0,3.0,0.6458570162200401,13.681427955627441,38.0,"{""type"":""Point"",""coordinates"":[109.8507512418814,19.313818582405464]}"
1830,0.0,26.0,237.0,27.631591796875,85.0,19.286244424381884,109.49768193609896,1895.583984375,49.0,4.828568935394287,4.0,3.0,0.6441955269808616,12.097061157226562,37.0,"{""type"":""Point"",""coordinates"":[109.49625172438625,19.284588074285335]}"
1831,0.0,24.0,88.0,9.905900955200195,61.0,19.501840092570568,110.1579436699268,1920.052978515625,52.0,0.7391260266304016,5.0,3.0,0.6963473293266041,14.070023536682129,37.0,"{""type"":""Point"",""coordinates"":[110.15576503591129,19.503493834539277]}"
1832,0.0,26.0,436.0,27.367185592651367,427.0,19.034716144828415,108.81047074374754,1447.941650390625,52.0,12.298206329345703,7.0,2.0,0.5536723133635184,11.008186340332031,41.0,"{""type"":""Point"",""coordinates"":[108.8124752484859,19.034670323592305]}"
1833,0.0,22.0,173.0,8.454952239990234,100.0,19.474890634046986,109.62793765229628,1877.15625,54.0,0.5475389361381531,5.0,3.0,0.6459146229845795,14.317649841308594,37.0,"{""type"":""Point"",""coordinates"":[109.62798237663603,19.474186442395233]}"
1834,0.0,26.0,131.0,8.002748489379883,104.0,19.618621079506106,109.86599120258796,1744.9964599609375,53.0,0.7306997776031494,4.0,3.0,0.6525900332952042,14.055309295654297,34.0,"{""type"":""Point"",""coordinates"":[109.86678232104141,19.618914894468165]}"
1835,0.0,29.0,11.0,2.99772572517395,11.0,20.000405075256907,109.69980287502585,1030.1868896484375,41.0,0.6338788270950317,2.0,4.0,0.7057432085126676,14.000354766845703,36.0,"{""type"":""Point"",""coordinates"":[109.6998817394627,20.001312465506278]}"
1836,0.0,24.0,154.0,5.409006118774414,133.0,18.56759219708627,109.08894848182456,1651.258544921875,56.0,0.3079339563846588,2.0,1.0,0.5877449848957339,14.905180931091309,47.0,"{""type"":""Point"",""coordinates"":[109.08914644962313,18.565522322478813]}"
1837,0.0,30.0,4.0,4.851894378662109,4.0,19.89260724116256,110.42294667874205,1671.0523681640625,38.0,0.12992893159389496,4.0,4.0,0.7380486668596448,15.408187866210938,40.0,"{""type"":""Point"",""coordinates"":[110.4249974044819,19.891996328026007]}"
1838,0.0,20.0,8.0,3.0853536128997803,9.0,18.46428593941252,108.87784439005651,1382.05810546875,57.0,0.0,2.0,1.0,0.7047500533749081,16.67427635192871,42.0,"{""type"":""Point"",""coordinates"":[108.87671486444496,18.462720294453803]}"
1839,0.0,26.0,29.0,8.558548927307129,29.0,18.729288948227783,110.18489312845037,1980.0189208984375,49.0,0.439208060503006,3.0,1.0,0.6988049303019841,14.625396728515625,46.0,"{""type"":""Point"",""coordinates"":[110.18649695946176,18.730853638969734]}"
1841,0.0,28.0,94.0,5.806849956512451,95.0,19.874640935480173,110.18489312845037,1540.33203125,41.0,0.5509575009346008,3.0,4.0,0.6435425383338749,14.076176643371582,35.0,"{""type"":""Point"",""coordinates"":[110.18531247284726,19.872798537854596]}"
1842,0.0,25.0,93.0,12.830183029174805,71.0,18.778696288854356,110.12201105856201,2039.583984375,52.0,1.0434386730194092,4.0,1.0,0.6457196162770755,13.722149848937988,47.0,"{""type"":""Point"",""coordinates"":[110.1227641292827,18.77721329935977]}"
1843,0.0,27.0,145.0,17.984634399414062,84.0,19.420991716999815,109.81658386196136,1946.878662109375,46.0,2.152061700820923,3.0,3.0,0.66660812168417,12.966039657592773,36.0,"{""type"":""Point"",""coordinates"":[109.8175176706411,19.420279384284648]}"
1844,0.0,32.0,968.0,15.029539108276367,945.0,18.774204712433757,108.8733528136359,1373.8770751953125,46.0,9.268166542053223,9.0,1.0,0.5057434602134809,10.77985954284668,46.0,"{""type"":""Point"",""coordinates"":[108.87143609846282,18.773538327771554]}"
1845,0.0,28.0,188.0,24.930994033813477,173.0,19.178446590287543,109.00360852983323,1710.9918212890625,44.0,5.273600101470947,4.0,2.0,0.5919935986466962,12.040270805358887,43.0,"{""type"":""Point"",""coordinates"":[109.00403871286444,19.177951568701967]}"
1846,0.0,29.0,26.0,4.5894455909729,26.0,19.816250442012404,110.44540456084502,1657.20166015625,40.0,0.08371094614267349,6.0,4.0,0.7397118046932206,15.85317325592041,34.0,"{""type"":""Point"",""coordinates"":[110.44363025521977,19.817839158465837]}"
1847,0.0,27.0,34.0,7.190609931945801,19.0,18.608016384871647,109.8031091326996,1898.5504150390625,43.0,0.28679710626602173,5.0,1.0,0.7111847104310534,15.048700332641602,45.0,"{""type"":""Point"",""coordinates"":[109.80380199554452,18.608888706074612]}"
1848,0.0,28.0,206.0,8.924741744995117,87.0,19.147005555343355,109.84802489690554,1989.1297607421875,49.0,0.5421478152275085,4.0,2.0,0.6421799281534231,14.306425094604492,42.0,"{""type"":""Point"",""coordinates"":[109.84996149481273,19.145374252775905]}"
1849,0.0,31.0,782.0,34.15152359008789,613.0,18.976325651360646,109.35395149063982,1756.50439453125,37.0,13.103635787963867,7.0,2.0,0.534531695747193,10.637567520141602,44.0,"{""type"":""Point"",""coordinates"":[109.35277181415971,18.97408830856911]}"
1850,0.0,31.0,491.0,40.24557113647461,397.0,18.976325651360646,110.0052300716265,2120.103271484375,44.0,7.941190242767334,4.0,2.0,0.5885538059907314,11.41197681427002,43.0,"{""type"":""Point"",""coordinates"":[110.00746507118068,18.978029247896917]}"
1851,0.0,30.0,631.0,28.515201568603516,403.0,19.088615061875586,109.29106942075146,1609.198974609375,40.0,10.789970397949219,5.0,2.0,0.562465771314226,10.982251167297363,39.0,"{""type"":""Point"",""coordinates"":[109.29152141932511,19.087157976404157]}"
1852,0.0,34.0,790.0,42.12732696533203,636.0,19.147005555343355,109.30454415001327,1666.563232421875,38.0,23.909299850463867,9.0,2.0,0.5281810417384639,9.98503303527832,38.0,"{""type"":""Point"",""coordinates"":[109.30366232371264,19.14481060345491]}"
1853,0.0,28.0,8.0,4.677976131439209,10.0,19.641078961609097,110.97091900205498,1329.156494140625,42.0,1.1165926456451416,4.0,3.0,0.6898550667130414,12.354085922241211,44.0,"{""type"":""Point"",""coordinates"":[110.97109759585025,19.639551754939138]}"
1854,0.0,22.0,18.0,4.294928073883057,18.0,19.24132866017591,108.77902970880336,1335.4813232421875,53.0,0.4177594482898712,2.0,2.0,0.6855129158197013,14.681830406188965,43.0,"{""type"":""Point"",""coordinates"":[108.77959112949448,19.24259658281451]}"
1855,0.0,23.0,11.0,7.730423450469971,13.0,19.18742974312874,110.58913500630416,1922.86328125,51.0,0.3490316867828369,2.0,2.0,0.7271649665683203,14.828153610229492,43.0,"{""type"":""Point"",""coordinates"":[110.58731792832818,19.1862710954238]}"
1856,0.0,24.0,16.0,5.308097839355469,19.0,18.513693280039092,108.83292862585051,1385.7965087890625,48.0,0.6153138279914856,2.0,1.0,0.6913626398868336,14.295735359191895,42.0,"{""type"":""Point"",""coordinates"":[108.83176525704809,18.512323803303257]}"
1857,0.0,26.0,323.0,10.743849754333496,274.0,19.447941175523397,109.90192381395275,2004.23388671875,47.0,0.7843250036239624,4.0,3.0,0.6515545109114951,13.85841178894043,35.0,"{""type"":""Point"",""coordinates"":[109.90054741608493,19.44696888965887]}"
1858,0.0,25.0,462.0,53.8643913269043,280.0,18.890985699369296,109.78514282701718,1971.0987548828125,47.0,14.530767440795898,4.0,2.0,0.5485158173688035,10.815174102783203,46.0,"{""type"":""Point"",""coordinates"":[109.7865025713688,18.891890082870727]}"
1859,0.0,24.0,216.0,12.102489471435547,39.0,19.209887625231723,109.45725774831357,1928.271240234375,48.0,1.0897066593170166,4.0,2.0,0.7113033311092704,13.601719856262207,37.0,"{""type"":""Point"",""coordinates"":[109.45755624110485,19.210821313932183]}"
1861,0.0,28.0,551.0,52.8581657409668,405.0,19.18742974312874,109.67285341650228,2070.891357421875,43.0,13.349407196044922,6.0,2.0,0.5849151698127211,10.83192253112793,39.0,"{""type"":""Point"",""coordinates"":[109.67213029009062,19.18804253742214]}"
1862,0.0,31.0,16.0,4.120808124542236,17.0,19.89260724116256,109.30005257359267,1259.0677490234375,39.0,0.5304437279701233,3.0,4.0,0.7225317982205243,14.44416332244873,34.0,"{""type"":""Point"",""coordinates"":[109.3007546162363,19.891869595758116]}"
1863,0.0,27.0,722.0,46.65784454345703,614.0,18.832595205901526,109.76268494491421,1974.5142822265625,45.0,14.758543968200684,5.0,2.0,0.5433459442687627,10.573838233947754,44.0,"{""type"":""Point"",""coordinates"":[109.76046682956716,18.83470660600888]}"
1864,0.0,27.0,208.0,31.60633659362793,206.0,18.45530278657133,109.22369577444249,1821.7725830078125,50.0,6.80592679977417,4.0,1.0,0.5878859706076286,11.770431518554688,44.0,"{""type"":""Point"",""coordinates"":[109.22276318257279,18.455610808334946]}"
1865,0.0,29.0,537.0,8.447093963623047,392.0,18.787679441695552,109.31352730285442,1642.08642578125,46.0,1.1487151384353638,5.0,1.0,0.5763412509647459,13.314533233642578,44.0,"{""type"":""Point"",""coordinates"":[109.31223004137158,18.785642626705833]}"
1866,0.0,24.0,119.0,8.765789031982422,81.0,19.510823245411764,109.89743223753214,1819.9947509765625,52.0,0.6990858912467957,5.0,3.0,0.6619428720720443,14.106918334960938,38.0,"{""type"":""Point"",""coordinates"":[109.89748537457314,19.51126063435063]}"
1867,0.0,23.0,35.0,13.829195976257324,25.0,19.223362354493517,108.95869276562723,1867.7735595703125,55.0,1.5451444387435913,2.0,2.0,0.7135297944238815,13.363785743713379,41.0,"{""type"":""Point"",""coordinates"":[108.95704372661444,19.225603358799678]}"
1868,0.0,29.0,63.0,9.680440902709961,44.0,19.6320958087679,110.06811214151486,1783.698486328125,42.0,0.9189774990081787,4.0,3.0,0.7161166512161878,13.867112159729004,35.0,"{""type"":""Point"",""coordinates"":[110.06868524637099,19.63324101506485]}"
1869,0.0,29.0,44.0,5.821155548095703,44.0,19.757859948544635,109.40785040768702,1396.7220458984375,45.0,0.8097612261772156,2.0,4.0,0.7063811998032576,14.004839897155762,32.0,"{""type"":""Point"",""coordinates"":[109.40986257907996,19.757577518750004]}"
1870,0.0,32.0,577.0,24.506248474121094,409.0,19.115564520399175,109.28208626791024,1693.499755859375,39.0,6.940086364746094,6.0,2.0,0.5776959161331886,11.47761344909668,40.0,"{""type"":""Point"",""coordinates"":[109.28364121139954,19.11661282565604]}"
1871,0.0,30.0,297.0,16.688722610473633,244.0,18.783187865274954,109.85700804974675,2145.30712890625,38.0,1.4639043807983398,4.0,1.0,0.6144241634171759,13.252248764038086,45.0,"{""type"":""Point"",""coordinates"":[109.85568839339906,18.78457778994948]}"
1872,0.0,27.0,43.0,7.316410064697266,43.0,19.816250442012404,110.5217613599952,1665.75634765625,41.0,0.7299982905387878,5.0,4.0,0.7040257624523716,13.672165870666504,37.0,"{""type"":""Point"",""coordinates"":[110.52213834075819,19.816240552201027]}"
1873,0.0,29.0,60.0,13.449220657348633,53.0,19.38505910563503,110.47684559578926,2093.78515625,37.0,0.9747823476791382,4.0,3.0,0.7111343670222182,13.771364212036133,38.0,"{""type"":""Point"",""coordinates"":[110.47464157732469,19.385484930639777]}"
1874,0.0,28.0,28.0,3.9298930168151855,25.0,19.78031783064762,110.71040756966033,1634.4227294921875,50.0,0.0,4.0,4.0,0.7159429090581069,15.694975852966309,39.0,"{""type"":""Point"",""coordinates"":[110.71230628508962,19.77913592268143]}"
1875,0.0,31.0,429.0,29.558597564697266,234.0,19.052682450510808,109.42132513694878,1729.015869140625,39.0,7.875162601470947,5.0,2.0,0.5759628617918123,11.468430519104004,42.0,"{""type"":""Point"",""coordinates"":[109.41992983790922,19.05246045638931]}"
1876,0.0,24.0,39.0,9.405301094055176,30.0,19.645570538029695,110.45887929010684,1838.9202880859375,53.0,0.8822062015533447,5.0,3.0,0.7463440121465068,13.648487091064453,33.0,"{""type"":""Point"",""coordinates"":[110.45947456820441,19.643948348693975]}"
1877,0.0,25.0,9.0,3.287527084350586,9.0,19.4434495991028,108.83292862585051,1331.771484375,49.0,0.1298488974571228,6.0,3.0,0.7130705237933284,15.855557441711426,40.0,"{""type"":""Point"",""coordinates"":[108.83138249016599,19.441567822814186]}"
1878,0.0,26.0,246.0,75.77987670898438,246.0,18.648440572657023,110.1624352463474,2173.704833984375,49.0,16.87519073486328,4.0,1.0,0.5681413451797162,10.812664985656738,45.0,"{""type"":""Point"",""coordinates"":[110.16070861511186,18.648556728901497]}"
1879,0.0,29.0,60.0,8.829123497009277,51.0,19.650062114450293,110.30616569180654,1800.045166015625,44.0,0.8420701622962952,4.0,3.0,0.7276899700110201,13.678808212280273,31.0,"{""type"":""Point"",""coordinates"":[110.30780611013263,19.649606807136376]}"
1880,0.0,25.0,46.0,5.6226806640625,46.0,19.762351524965233,110.84066328585766,1528.947021484375,48.0,0.7336013913154602,5.0,4.0,0.6613186011242502,13.117316246032715,44.0,"{""type"":""Point"",""coordinates"":[110.84032818769599,19.760424849177852]}"
1881,0.0,26.0,192.0,24.452884674072266,89.0,19.425483293420413,109.70878602786706,1906.7242431640625,47.0,3.756239414215088,4.0,3.0,0.6599039717003432,12.378400802612305,34.0,"{""type"":""Point"",""coordinates"":[109.70981983062336,19.42566619104579]}"
1882,0.0,29.0,65.0,5.358160972595215,63.0,19.8252335948536,110.28819938612412,1671.531005859375,42.0,0.25113892555236816,6.0,4.0,0.6964935818886157,14.8848237991333,34.0,"{""type"":""Point"",""coordinates"":[110.2874769354441,19.825724819364623]}"
1883,0.0,32.0,65.0,12.049373626708984,66.0,19.49734851614997,110.63854234693076,1907.8828125,40.0,1.4541946649551392,4.0,3.0,0.692922051500424,12.962711334228516,36.0,"{""type"":""Point"",""coordinates"":[110.64076204003487,19.49833904880824]}"
1884,0.0,24.0,168.0,9.74566650390625,69.0,19.232345507334713,109.8031091326996,2071.10986328125,55.0,0.5502877235412598,4.0,2.0,0.6916058036497567,14.315803527832031,37.0,"{""type"":""Point"",""coordinates"":[109.80440599138565,19.230437888258795]}"
1885,0.0,29.0,94.0,17.852954864501953,74.0,19.546755856776542,110.47235401936865,1918.41796875,44.0,2.6376657485961914,4.0,3.0,0.665348190302606,12.50950813293457,39.0,"{""type"":""Point"",""coordinates"":[110.47017206812448,19.545081464156763]}"
1886,0.0,21.0,6.0,6.126381874084473,8.0,18.67988160760121,110.35557303243309,1905.3472900390625,56.0,0.11471964418888092,2.0,1.0,0.7195496021863428,15.967897415161133,46.0,"{""type"":""Point"",""coordinates"":[110.35467296791101,18.680390945008202]}"
1887,0.0,38.0,84.0,12.966127395629883,84.0,19.85667462979778,109.91989011963511,1538.0738525390625,34.0,2.6904995441436768,4.0,4.0,0.650109618027171,12.737483978271484,35.0,"{""type"":""Point"",""coordinates"":[109.9198832271369,19.857851044115222]}"
1888,0.0,26.0,28.0,3.17584228515625,29.0,19.924048276106745,110.90354535574602,1260.01318359375,46.0,0.3495212197303772,4.0,4.0,0.643246872959901,13.468098640441895,49.0,"{""type"":""Point"",""coordinates"":[110.90337207353565,19.923118107439247]}"
1889,0.0,29.0,66.0,8.138566017150879,62.0,19.77582625422702,109.85700804974675,1617.554443359375,48.0,0.9920173287391663,2.0,4.0,0.6888009199183471,13.788841247558594,34.0,"{""type"":""Point"",""coordinates"":[109.85764850623929,19.774244575948156]}"
1890,0.0,26.0,103.0,21.787147521972656,73.0,19.147005555343355,110.10404475287964,2133.150146484375,44.0,2.151416778564453,4.0,2.0,0.6617073885488055,12.99213981628418,43.0,"{""type"":""Point"",""coordinates"":[110.1035131828554,19.14535465414466]}"
1891,0.0,31.0,36.0,9.578447341918945,38.0,19.057174026931406,110.40947194948029,2092.5068359375,40.0,0.4628645181655884,4.0,2.0,0.7224388816587017,14.568862915039062,40.0,"{""type"":""Point"",""coordinates"":[110.40815948913284,19.056842956291405]}"
1892,0.0,21.0,20.0,6.574029922485352,20.0,19.672519996553277,109.34945991421921,1499.85693359375,57.0,0.7661014199256897,2.0,3.0,0.727502861966025,14.074225425720215,35.0,"{""type"":""Point"",""coordinates"":[109.34806195935991,19.67361587697667]}"
1893,0.0,21.0,21.0,6.783630847930908,17.0,19.250311813017106,108.83292862585051,1448.96337890625,51.0,0.8624758720397949,3.0,2.0,0.6925335320540134,13.95513916015625,43.0,"{""type"":""Point"",""coordinates"":[108.83157128014663,19.249136987637314]}"
1894,0.0,33.0,53.0,7.2685675621032715,54.0,19.86116620621838,109.30903572643388,1259.0677490234375,38.0,1.7271050214767456,3.0,4.0,0.6710380705714074,13.241857528686523,35.0,"{""type"":""Point"",""coordinates"":[109.30977943703755,19.86145888043239]}"
1895,0.0,24.0,488.0,40.506412506103516,431.0,18.639457419815827,109.5470892767255,1771.5760498046875,51.0,12.881464958190918,4.0,1.0,0.5416354553302862,10.920008659362793,46.0,"{""type"":""Point"",""coordinates"":[109.54499889764962,18.638428703699212]}"
1896,0.0,24.0,182.0,12.799458503723145,112.0,19.4434495991028,109.4392914426312,1820.7423095703125,56.0,1.5907325744628906,3.0,3.0,0.6501873408759559,13.24519157409668,34.0,"{""type"":""Point"",""coordinates"":[109.43903574415053,19.44248650626252]}"
1897,0.0,22.0,18.0,4.746275424957275,18.0,19.71294418433866,109.32700203211624,1468.3585205078125,54.0,0.34009450674057007,2.0,3.0,0.7382511205664504,14.887517929077148,33.0,"{""type"":""Point"",""coordinates"":[109.32632094292728,19.71321499750437]}"
1898,0.0,32.0,538.0,39.45158767700195,514.0,18.908952005051688,110.18489312845037,2145.433349609375,44.0,7.845946788787842,5.0,2.0,0.57503517371758,11.386212348937988,46.0,"{""type"":""Point"",""coordinates"":[110.18658926389519,18.90671566988577]}"
1899,0.0,23.0,36.0,11.240012168884277,36.0,18.392420716682963,109.21022104518073,1670.3621826171875,55.0,1.5206012725830078,2.0,1.0,0.6941403791371487,13.379222869873047,40.0,"{""type"":""Point"",""coordinates"":[109.21060434213825,18.390266105850035]}"
1900,0.0,25.0,6.0,3.55700945854187,7.0,19.259294965858295,108.72513079175616,1274.374267578125,48.0,0.2931625247001648,2.0,2.0,0.7040643571362462,15.042914390563965,41.0,"{""type"":""Point"",""coordinates"":[108.72665494153944,19.26040732564966]}"
1901,0.0,29.0,26.0,6.135733604431152,26.0,19.80277571275061,110.58015185346295,1613.804443359375,38.0,0.530427873134613,7.0,4.0,0.722993747227847,13.981535911560059,37.0,"{""type"":""Point"",""coordinates"":[110.57815511369283,19.80474960506331]}"
1902,0.0,26.0,252.0,30.29482650756836,243.0,19.26827811869949,110.26574150402115,2277.238037109375,50.0,3.393869400024414,4.0,2.0,0.6531124646082338,12.44089126586914,37.0,"{""type"":""Point"",""coordinates"":[110.26529933056798,19.26673977115386]}"
1903,0.0,23.0,92.0,6.083991527557373,84.0,19.340143341429055,109.04852429403917,1631.560791015625,56.0,0.4628782272338867,3.0,3.0,0.6394532897277467,14.535654067993164,40.0,"{""type"":""Point"",""coordinates"":[109.04762683004816,19.341336107439787]}"
1904,0.0,27.0,327.0,24.836294174194336,210.0,19.38505910563503,109.60997134661392,1890.1151123046875,47.0,4.2956414222717285,4.0,3.0,0.6280172108792907,12.1532621383667,36.0,"{""type"":""Point"",""coordinates"":[109.6093987209032,19.385825853252665]}"
1905,0.0,24.0,33.0,7.458920478820801,33.0,19.596163197403122,109.09793163466577,1394.138427734375,51.0,1.264400839805603,3.0,3.0,0.6961549553607391,13.56554889678955,37.0,"{""type"":""Point"",""coordinates"":[109.09720851943607,19.59727909015515]}"
1906,0.0,23.0,144.0,7.4522576332092285,118.0,19.46590748120579,109.29106942075146,1649.8956298828125,59.0,0.7991108298301697,4.0,3.0,0.6503150042319261,13.957749366760254,33.0,"{""type"":""Point"",""coordinates"":[109.29100915706802,19.466958948664654]}"
1907,0.0,27.0,155.0,13.863844871520996,87.0,19.429974869841004,109.385392525584,1783.087646484375,42.0,1.7551442384719849,4.0,3.0,0.6729612389968209,13.163829803466797,32.0,"{""type"":""Point"",""coordinates"":[109.38614868249482,19.43114035257088]}"
1908,0.0,22.0,145.0,9.84009075164795,109.0,19.501840092570568,109.50666508894017,1716.6258544921875,54.0,1.089972972869873,4.0,3.0,0.6442347299446065,13.646662712097168,35.0,"{""type"":""Point"",""coordinates"":[109.50666496807398,19.50390233899592]}"
1909,0.0,25.0,138.0,20.91017723083496,123.0,18.52267643288029,109.27310311506909,1700.729248046875,52.0,4.066070556640625,4.0,1.0,0.5849882570820495,12.332924842834473,46.0,"{""type"":""Point"",""coordinates"":[109.27307632874435,18.522425217552225]}"
1910,0.0,27.0,331.0,25.203466415405273,323.0,18.441828057309536,109.41683356052818,1729.929443359375,51.0,5.952173233032227,5.0,1.0,0.5877845703809249,11.822565078735352,42.0,"{""type"":""Point"",""coordinates"":[109.41493137116765,18.442425840602525]}"
1911,0.0,39.0,68.0,18.847667694091797,57.0,19.587180044561926,110.22531731623576,1916.822265625,35.0,2.6161515712738037,4.0,3.0,0.7033533707208428,12.817339897155762,35.0,"{""type"":""Point"",""coordinates"":[110.22428959882897,19.586838480302053]}"
1912,0.0,26.0,10.0,3.794750452041626,11.0,20.07676187440706,110.63405077051016,1457.0281982421875,44.0,0.1720791757106781,3.0,4.0,0.6983014756068602,14.215402603149414,44.0,"{""type"":""Point"",""coordinates"":[110.63488116084878,20.078279754808197]}"
1913,0.0,28.0,482.0,52.13447952270508,410.0,19.27276969512009,109.21471262160128,1881.939208984375,47.0,17.00287437438965,4.0,2.0,0.571613588925143,10.634228706359863,38.0,"{""type"":""Point"",""coordinates"":[109.21572876490856,19.27066354474489]}"
1914,0.0,23.0,172.0,8.320186614990234,124.0,19.46590748120579,109.44827459547236,1755.68603515625,59.0,0.8052831292152405,3.0,3.0,0.649723580920266,13.932487487792969,34.0,"{""type"":""Point"",""coordinates"":[109.44870371344432,19.46537452921604]}"
1915,0.0,28.0,151.0,23.031049728393555,119.0,19.232345507334713,110.12201105856201,2303.249267578125,43.0,1.9679020643234253,4.0,2.0,0.6571988538847973,13.051834106445312,39.0,"{""type"":""Point"",""coordinates"":[110.12125039944686,19.23031331892498]}"
1916,0.0,29.0,488.0,19.67822265625,339.0,18.810137323798536,109.33598518495745,1703.39013671875,47.0,4.532281398773193,6.0,1.0,0.5641516862452088,11.979534149169922,46.0,"{""type"":""Point"",""coordinates"":[109.33707451444283,18.812030540887363]}"
1917,0.0,28.0,169.0,27.861146926879883,150.0,18.90446042863109,108.85089493153288,1477.794677734375,43.0,9.368609428405762,4.0,2.0,0.5635648253359078,11.471556663513184,44.0,"{""type"":""Point"",""coordinates"":[108.8520211275299,18.90326128939834]}"
1918,0.0,25.0,163.0,6.9680256843566895,34.0,18.720305795386587,109.14733897529231,1684.7916259765625,53.0,0.591375470161438,3.0,1.0,0.6800649178658033,14.246940612792969,43.0,"{""type"":""Point"",""coordinates"":[109.14854979423467,18.722463521257865]}"
1919,0.0,28.0,14.0,4.563335418701172,15.0,19.865657782638976,109.57403873524913,1205.861328125,43.0,0.793870210647583,4.0,4.0,0.717140651077097,14.042073249816895,35.0,"{""type"":""Point"",""coordinates"":[109.57453222707669,19.86665771379594]}"
1920,0.0,23.0,57.0,4.6268463134765625,55.0,19.74438521928284,109.65039553439925,1605.90087890625,51.0,0.12990225851535797,2.0,4.0,0.6993239588167031,15.827220916748047,34.0,"{""type"":""Point"",""coordinates"":[109.6516837669754,19.743916981475618]}"
1921,0.0,27.0,112.0,15.949731826782227,93.0,19.54226428035595,110.44091298442447,1901.3060302734375,45.0,2.189732313156128,4.0,3.0,0.6435986249013905,12.681315422058105,39.0,"{""type"":""Point"",""coordinates"":[110.43889646385036,19.54319148827235]}"
1922,0.0,26.0,282.0,15.763288497924805,115.0,18.855053088004517,109.82107543838197,1929.2305908203125,46.0,1.8321655988693237,4.0,2.0,0.6013084000029654,13.03799057006836,45.0,"{""type"":""Point"",""coordinates"":[109.82037905380965,18.853643174563842]}"
1923,0.0,30.0,14.0,8.493447303771973,15.0,19.447941175523397,110.7283738753427,1824.732177734375,42.0,0.7651310563087463,5.0,3.0,0.7463920080907909,13.651084899902344,37.0,"{""type"":""Point"",""coordinates"":[110.72638826363217,19.447830922612447]}"
1924,0.0,24.0,157.0,11.945867538452148,57.0,19.317685459326064,109.33598518495745,1761.86865234375,51.0,1.4498751163482666,4.0,3.0,0.6838190448187887,13.353750228881836,37.0,"{""type"":""Point"",""coordinates"":[109.3352003010797,19.316015593663995]}"
1925,0.0,30.0,756.0,39.82757568359375,543.0,19.030224568407817,109.5964966173521,1854.671630859375,41.0,14.349822998046875,6.0,2.0,0.5504505802897158,10.569601058959961,41.0,"{""type"":""Point"",""coordinates"":[109.59743210706432,19.029869738297318]}"
1926,0.0,21.0,108.0,8.367781639099121,54.0,19.659045267291482,109.71776918070822,1665.161376953125,54.0,0.8457638025283813,4.0,3.0,0.7131609120582189,13.923142433166504,31.0,"{""type"":""Point"",""coordinates"":[109.71825128087563,19.657405342466166]}"
1927,0.0,31.0,139.0,21.420612335205078,69.0,19.358109647111448,109.91989011963511,2000.3001708984375,40.0,2.6698062419891357,5.0,3.0,0.6730489913814439,12.75393295288086,39.0,"{""type"":""Point"",""coordinates"":[109.92199929116164,19.359035843397724]}"
1928,0.0,23.0,26.0,3.1539230346679688,27.0,19.726418913600448,110.95744427279317,1272.9093017578125,54.0,0.32555800676345825,2.0,3.0,0.6627489388468253,13.543753623962402,45.0,"{""type"":""Point"",""coordinates"":[110.95765078043524,19.728391742491368]}"
1929,0.0,24.0,33.0,23.712175369262695,34.0,18.441828057309536,109.78963440343779,1787.9580078125,52.0,4.036499500274658,4.0,1.0,0.687415693035438,12.403275489807129,42.0,"{""type"":""Point"",""coordinates"":[109.79074610791982,18.440604898680995]}"
1930,0.0,24.0,12.0,2.9876041412353516,12.0,18.76971313601316,108.69368975681198,1249.7972412109375,48.0,0.12973323464393616,2.0,1.0,0.6793736105339772,15.85472583770752,45.0,"{""type"":""Point"",""coordinates"":[108.69398290516749,18.768786568359097]}"
1931,0.0,26.0,25.0,5.436507701873779,9.0,19.726418913600448,110.10404475287964,1779.0294189453125,46.0,0.11471964418888092,3.0,3.0,0.7814734105956073,15.970215797424316,30.0,"{""type"":""Point"",""coordinates"":[110.10421480413599,19.728401457508873]}"
1932,0.0,30.0,627.0,34.620304107666016,421.0,18.697847913283596,109.42581671336939,1786.7757568359375,47.0,11.787109375,6.0,1.0,0.5350406352264204,10.895095825195312,47.0,"{""type"":""Point"",""coordinates"":[109.42522802247305,18.699400704813808]}"
1933,0.0,30.0,180.0,25.31640625,178.0,18.76971313601316,108.75657182670034,1348.03369140625,43.0,10.889497756958008,6.0,1.0,0.5487231309331815,11.31097412109375,45.0,"{""type"":""Point"",""coordinates"":[108.75607828086899,18.77083814853428]}"
1934,0.0,25.0,266.0,34.786434173583984,153.0,18.8775109701075,109.05301587045977,1588.802490234375,45.0,11.235034942626953,6.0,2.0,0.5686524649488158,11.222684860229492,42.0,"{""type"":""Point"",""coordinates"":[109.05166316688528,18.87582209598399]}"
1935,0.0,27.0,297.0,20.148324966430664,300.0,18.60352480845105,108.84191177869172,1406.5465087890625,51.0,7.357255458831787,4.0,1.0,0.5490569326811414,11.632369041442871,46.0,"{""type"":""Point"",""coordinates"":[108.84200860527946,18.60147822330058]}"
1937,0.0,28.0,212.0,18.361425399780273,75.0,19.340143341429055,109.5515808531461,1841.37890625,44.0,2.674422025680542,9.0,3.0,0.6645864736472306,12.705889701843262,37.0,"{""type"":""Point"",""coordinates"":[109.55104348859275,19.34168708909203]}"
1938,0.0,23.0,10.0,4.039764881134033,13.0,18.60352480845105,108.72063921533555,1371.27734375,51.0,0.2931132912635803,2.0,1.0,0.6896919512491532,14.950745582580566,44.0,"{""type"":""Point"",""coordinates"":[108.71882956510247,18.605091016299358]}"
1939,0.0,23.0,138.0,5.140977382659912,111.0,19.4434495991028,109.25962838580728,1663.398681640625,56.0,0.21554961800575256,3.0,3.0,0.6527326633280902,15.271842002868652,33.0,"{""type"":""Point"",""coordinates"":[109.25966861934256,19.4415816576694]}"
1940,0.0,27.0,22.0,4.470241069793701,22.0,19.807267289171207,110.71040756966033,1609.271728515625,49.0,0.18289987742900848,3.0,4.0,0.7078927690835184,14.543378829956055,41.0,"{""type"":""Point"",""coordinates"":[110.71195560727263,19.80591396841125]}"
1941,0.0,23.0,45.0,14.810391426086426,48.0,18.68437318402181,108.73411394459737,1367.373291015625,50.0,3.93338942527771,3.0,1.0,0.6377605148859387,12.42223072052002,44.0,"{""type"":""Point"",""coordinates"":[108.7321907161292,18.68614401680667]}"
1942,0.0,27.0,571.0,37.386817932128906,338.0,19.057174026931406,109.6414123815581,1778.33349609375,46.0,12.034675598144531,3.0,2.0,0.5656391273048467,10.922277450561523,40.0,"{""type"":""Point"",""coordinates"":[109.6431573819532,19.05626028348545]}"
1943,0.0,24.0,293.0,21.216529846191406,180.0,19.21887077807292,109.27310311506909,1766.2742919921875,54.0,4.039212226867676,4.0,2.0,0.6194645848609326,12.23861026763916,37.0,"{""type"":""Point"",""coordinates"":[109.27299899103532,19.216994422312116]}"
1944,0.0,33.0,682.0,22.02595329284668,579.0,18.96285092209886,110.0097216480471,2120.103271484375,41.0,3.2595248222351074,5.0,2.0,0.5931128950608306,12.14356517791748,43.0,"{""type"":""Point"",""coordinates"":[110.01131035652033,18.964393734714395]}"
1945,0.0,24.0,35.0,12.852396965026855,35.0,18.343013376056383,109.52463139462253,1719.6109619140625,54.0,1.763452172279358,3.0,0.0,0.693691623729922,13.23155689239502,41.0,"{""type"":""Point"",""coordinates"":[109.524075408549,18.343678263043632]}"
1946,0.0,22.0,53.0,8.827564239501953,43.0,19.614129503085508,110.44540456084502,1837.786376953125,54.0,0.7329268455505371,4.0,3.0,0.7262771661702057,13.823088645935059,34.0,"{""type"":""Point"",""coordinates"":[110.44479071626957,19.6128019982519]}"
1947,0.0,26.0,19.0,5.2739691734313965,20.0,19.304210730064277,108.7071644860738,1291.7176513671875,51.0,0.8818879723548889,3.0,3.0,0.6932380155887822,13.934032440185547,40.0,"{""type"":""Point"",""coordinates"":[108.70889507151063,19.305631514325434]}"
1948,0.0,27.0,169.0,24.0906982421875,115.0,18.949376192837065,108.99462537699202,1662.537353515625,45.0,5.317389011383057,4.0,2.0,0.5946984715103903,12.04403018951416,42.0,"{""type"":""Point"",""coordinates"":[108.99598746796966,18.947297358437453]}"
1949,0.0,29.0,27.0,6.58789587020874,27.0,19.78031783064762,110.64303392335137,1661.8443603515625,37.0,0.5604569315910339,5.0,4.0,0.7097968919298907,13.904261589050293,40.0,"{""type"":""Point"",""coordinates"":[110.64224697168166,19.78108685021295]}"
1950,0.0,23.0,471.0,73.48115539550781,461.0,18.67988160760121,109.88844908469093,2190.125732421875,52.0,18.201744079589844,5.0,1.0,0.5443533252448481,10.570235252380371,47.0,"{""type"":""Point"",""coordinates"":[109.88974517727404,18.678291660476923]}"
1951,0.0,26.0,209.0,14.386626243591309,69.0,18.778696288854356,109.28657784433085,1635.5933837890625,50.0,2.5845983028411865,4.0,1.0,0.6205813313156496,12.742047309875488,45.0,"{""type"":""Point"",""coordinates"":[109.28784620503323,18.779847142180426]}"
1952,0.0,25.0,242.0,49.697265625,215.0,19.290736000802482,109.16081370455413,1905.7882080078125,50.0,12.243319511413574,4.0,3.0,0.5913052619943137,11.150311470031738,40.0,"{""type"":""Point"",""coordinates"":[109.15963987401646,19.291422232383177]}"
1953,0.0,22.0,66.0,3.657606601715088,64.0,19.762351524965233,109.65937868724046,1445.9139404296875,49.0,0.060949619859457016,3.0,4.0,0.6800190463139955,16.57863426208496,34.0,"{""type"":""Point"",""coordinates"":[109.65821350685326,19.763832096245586]}"
1954,0.0,27.0,11.0,3.5424463748931885,12.0,20.054303992304078,110.19387628129158,1307.7183837890625,48.0,0.37670597434043884,2.0,4.0,0.7133887256677247,13.897971153259277,38.0,"{""type"":""Point"",""coordinates"":[110.19373840526904,20.053850628944904]}"
1955,0.0,27.0,382.0,9.256370544433594,261.0,18.71581421896599,108.94970961278602,1440.05810546875,50.0,1.981730341911316,5.0,1.0,0.5667571600695732,12.889008522033691,45.0,"{""type"":""Point"",""coordinates"":[108.95146252838317,18.7171756012013]}"
1956,0.0,22.0,59.0,10.742555618286133,32.0,19.730910490021046,109.85700804974675,1704.4630126953125,53.0,1.2674834728240967,3.0,3.0,0.7229685468358568,13.547872543334961,35.0,"{""type"":""Point"",""coordinates"":[109.85842952535639,19.72921751729702]}"
1957,0.0,27.0,895.0,34.06113052368164,743.0,19.057174026931406,109.20572946876013,1673.5738525390625,48.0,18.140216827392578,7.0,2.0,0.5233546389562458,10.171900749206543,41.0,"{""type"":""Point"",""coordinates"":[109.20546957104813,19.055382725373736]}"
1958,0.0,29.0,572.0,40.83129119873047,385.0,18.886494122948697,109.5470892767255,1659.7001953125,47.0,18.158889770507812,5.0,2.0,0.5216266597424918,10.490632057189941,45.0,"{""type"":""Point"",""coordinates"":[109.54913064840453,18.886226930026385]}"
1959,0.0,24.0,24.0,8.729166984558105,22.0,18.419370175206545,108.99013380057141,1597.001220703125,51.0,1.0820916891098022,3.0,1.0,0.7082896601417592,13.726516723632812,40.0,"{""type"":""Point"",""coordinates"":[108.98806037052184,18.420926323753964]}"
1960,0.0,26.0,21.0,5.1793599128723145,22.0,19.87913251190077,110.6879496875573,1642.517333984375,46.0,0.31031644344329834,5.0,4.0,0.6932382110585329,14.016230583190918,45.0,"{""type"":""Point"",""coordinates"":[110.68740830793067,19.878110227876906]}"
1961,0.0,27.0,107.0,12.670989990234375,97.0,18.922426734313476,108.81496232016809,1360.00390625,48.0,3.3929591178894043,3.0,2.0,0.580843825025547,12.533435821533203,44.0,"{""type"":""Point"",""coordinates"":[108.81614251736488,18.92182740978778]}"
1962,0.0,23.0,81.0,39.6513671875,81.0,18.468777515833118,109.85700804974675,1924.36962890625,56.0,7.710196495056152,3.0,1.0,0.6184084427480815,11.723383903503418,44.0,"{""type"":""Point"",""coordinates"":[109.8550803422207,18.467833508892454]}"
1963,0.0,17.0,8.0,10.993568420410156,8.0,18.46428593941252,110.07709529435607,1827.2127685546875,59.0,0.9918879866600037,3.0,1.0,0.7209852093667473,13.822793960571289,44.0,"{""type"":""Point"",""coordinates"":[110.07660744498538,18.464129466709025]}"
1964,0.0,25.0,82.0,7.795740127563477,61.0,18.868527817266305,108.85089493153288,1487.8720703125,46.0,1.0889147520065308,4.0,2.0,0.6333488152703708,13.686089515686035,45.0,"{""type"":""Point"",""coordinates"":[108.85141297785181,18.866507383893016]}"
1965,0.0,27.0,50.0,7.163802623748779,50.0,19.77133467780643,110.62955919408955,1661.8443603515625,40.0,0.7006726264953613,6.0,4.0,0.6919770220898309,13.68095588684082,38.0,"{""type"":""Point"",""coordinates"":[110.62746870661486,19.77300263738283]}"
1966,0.0,31.0,14.0,4.182881832122803,14.0,19.955489311050925,110.36006460885369,1592.2998046875,38.0,0.08375000953674316,5.0,4.0,0.7180179869505812,15.3974027633667,41.0,"{""type"":""Point"",""coordinates"":[110.35789670757393,19.956967614245958]}"
1967,0.0,28.0,71.0,12.51259994506836,68.0,19.24132866017591,110.35557303243309,2412.95166015625,50.0,0.5303308367729187,4.0,2.0,0.7192403164082106,14.412181854248047,37.0,"{""type"":""Point"",""coordinates"":[110.35705201825535,19.24082434385153]}"
1968,0.0,27.0,80.0,5.842086315155029,68.0,19.838708324115387,110.22531731623576,1617.564208984375,45.0,0.44122087955474854,5.0,4.0,0.6898076422871624,14.309454917907715,33.0,"{""type"":""Point"",""coordinates"":[110.22583683831631,19.839657386126824]}"
1969,0.0,32.0,471.0,33.077064514160156,432.0,18.585558502768656,109.35395149063982,1837.31640625,42.0,8.594249725341797,4.0,1.0,0.5589795670735389,11.347575187683105,46.0,"{""type"":""Point"",""coordinates"":[109.35491900717751,18.58517925328306]}"
1970,0.0,28.0,57.0,11.379461288452148,57.0,18.365471258159374,109.52013981820193,1825.015869140625,48.0,1.2163172960281372,3.0,1.0,0.67162944950502,13.590271949768066,42.0,"{""type"":""Point"",""coordinates"":[109.51824812773947,18.367246946665016]}"
1971,0.0,26.0,99.0,10.250797271728516,58.0,19.66802842013268,109.78065125059658,1674.394775390625,49.0,1.2998415231704712,3.0,3.0,0.6986727273345942,13.49874496459961,33.0,"{""type"":""Point"",""coordinates"":[109.77847919582283,19.66795183896439]}"
1972,0.0,27.0,36.0,4.4928131103515625,36.0,19.964472463892122,110.30167411538594,1591.1605224609375,44.0,0.1720791757106781,2.0,4.0,0.7029693345798935,14.645851135253906,38.0,"{""type"":""Point"",""coordinates"":[110.30031604307854,19.965024805713938]}"
1973,0.0,26.0,172.0,6.580109596252441,35.0,18.760729983171963,109.25513680938667,1635.5933837890625,52.0,0.5943771004676819,4.0,1.0,0.6717364117485267,14.236197471618652,44.0,"{""type"":""Point"",""coordinates"":[109.25297061236044,18.758710594435257]}"
1974,0.0,28.0,56.0,6.90458345413208,40.0,19.672519996553277,110.51277820715399,1771.712646484375,45.0,0.4628946781158447,7.0,3.0,0.7331074306304294,14.280338287353516,33.0,"{""type"":""Point"",""coordinates"":[110.51116714360246,19.673695740355356]}"
1975,0.0,22.0,42.0,10.557884216308594,31.0,19.71294418433866,110.19836785771219,1813.2833251953125,52.0,1.09136962890625,2.0,3.0,0.7538037122750201,13.477762222290039,30.0,"{""type"":""Point"",""coordinates"":[110.19620752333597,19.713900526100378]}"
1976,0.0,23.0,144.0,9.762195587158203,96.0,19.474890634046986,109.43030828978999,1755.68603515625,59.0,1.1084320545196533,3.0,3.0,0.6548274578804153,13.630487442016602,34.0,"{""type"":""Point"",""coordinates"":[109.42849858042756,19.476813299072703]}"
1977,0.0,29.0,102.0,12.322299003601074,102.0,19.501840092570568,110.61608446482774,1858.089599609375,39.0,1.585715889930725,3.0,3.0,0.6442160912218693,12.841293334960938,37.0,"{""type"":""Point"",""coordinates"":[110.61806039582447,19.50367512386347]}"
1978,0.0,31.0,732.0,26.908018112182617,610.0,19.18742974312874,109.24166208012491,1834.100830078125,40.0,7.258406162261963,8.0,2.0,0.5858577589380463,11.290840148925781,38.0,"{""type"":""Point"",""coordinates"":[109.24376657177413,19.186111932279577]}"
1979,0.0,31.0,654.0,38.90172576904297,649.0,18.43284490446834,109.50666508894017,1757.9405517578125,41.0,14.836226463317871,5.0,1.0,0.5401509454901692,10.632279396057129,43.0,"{""type"":""Point"",""coordinates"":[109.50736020991279,18.43227051587103]}"
1980,0.0,25.0,51.0,7.22212028503418,51.0,19.703961031497464,109.36293464348103,1572.07275390625,49.0,0.7844451069831848,2.0,3.0,0.7043021823234711,14.032500267028809,33.0,"{""type"":""Point"",""coordinates"":[109.36291592518809,19.70526775595749]}"
1981,0.0,25.0,23.0,4.037125587463379,24.0,19.87913251190077,110.71489914608088,1550.8470458984375,53.0,0.1348012387752533,4.0,4.0,0.6851803289527182,14.847003936767578,45.0,"{""type"":""Point"",""coordinates"":[110.71679143152265,19.876936772364203]}"
1982,0.0,26.0,300.0,11.164834022521973,288.0,18.62598269055404,108.93623488352426,1490.810302734375,49.0,2.292574405670166,4.0,1.0,0.5552416021377503,12.801300048828125,49.0,"{""type"":""Point"",""coordinates"":[108.9368278442622,18.62766006383626]}"
1983,0.0,28.0,258.0,57.33761978149414,136.0,19.227853930914115,109.70878602786706,2125.276123046875,47.0,11.720376014709473,4.0,2.0,0.6167929455300274,11.184609413146973,37.0,"{""type"":""Point"",""coordinates"":[109.7093906467146,19.228353339146434]}"
1984,0.0,29.0,748.0,24.64621353149414,568.0,18.832595205901526,109.50217351251956,1722.84228515625,46.0,7.879887580871582,5.0,2.0,0.534748175089103,11.191912651062012,47.0,"{""type"":""Point"",""coordinates"":[109.50193484881518,18.8332765329007]}"
1985,0.0,28.0,427.0,65.82142639160156,289.0,19.205396048811124,109.74471863923185,2125.276123046875,48.0,16.912372589111328,5.0,2.0,0.5835076650594571,10.682286262512207,39.0,"{""type"":""Point"",""coordinates"":[109.74684845573525,19.205044400628946]}"
1986,0.0,29.0,79.0,32.19596481323242,68.0,18.926918310734074,110.27921623328291,2116.031494140625,46.0,4.304259777069092,4.0,2.0,0.6467256515490953,12.311697006225586,46.0,"{""type"":""Point"",""coordinates"":[110.27744387646112,18.925596861209375]}"
1987,0.0,32.0,778.0,14.268649101257324,559.0,19.039207721249014,109.25513680938667,1562.2557373046875,40.0,4.11475133895874,7.0,2.0,0.5671789206846112,11.815923690795898,40.0,"{""type"":""Point"",""coordinates"":[109.25411694099,19.04026257342929]}"
1988,0.0,26.0,49.0,4.918801784515381,47.0,19.82972517127419,109.70878602786706,1395.4825439453125,47.0,0.5142197608947754,4.0,4.0,0.696185559852022,14.456036567687988,34.0,"{""type"":""Point"",""coordinates"":[109.70885380485964,19.831779406945593]}"
1989,0.0,22.0,106.0,15.853255271911621,83.0,19.10208979113738,109.03504956477741,1642.14306640625,57.0,2.858400344848633,2.0,2.0,0.6315268707480998,12.705822944641113,40.0,"{""type"":""Point"",""coordinates"":[109.03296446184413,19.102965010991365]}"
1990,0.0,23.0,172.0,7.943454742431641,134.0,19.066157179772603,110.07709529435607,2120.721435546875,52.0,0.1908886730670929,3.0,2.0,0.6205240354192791,15.372053146362305,46.0,"{""type"":""Point"",""coordinates"":[110.07617581135283,19.066669170744923]}"
1991,0.0,30.0,100.0,14.84697151184082,75.0,18.554117467824476,109.61895449945507,1890.155517578125,42.0,1.7127443552017212,4.0,1.0,0.6339627565692632,13.222159385681152,46.0,"{""type"":""Point"",""coordinates"":[109.61678063468148,18.552634291384685]}"
1992,0.0,23.0,10.0,5.097681999206543,11.0,19.847691476956584,109.52912297104314,1293.1265869140625,51.0,0.7534347176551819,4.0,4.0,0.7405331797999077,14.096656799316406,32.0,"{""type"":""Point"",""coordinates"":[109.52832714799557,19.849714833961254]}"
1993,0.0,23.0,41.0,3.6234490871429443,41.0,19.304210730064277,108.80597916732694,1358.8919677734375,51.0,0.18249668180942535,3.0,3.0,0.6703424533568104,15.496665000915527,41.0,"{""type"":""Point"",""coordinates"":[108.8060459145154,19.30607607805109]}"
1994,0.0,32.0,236.0,45.345703125,119.0,19.277261271540688,109.66836184008167,1937.529052734375,38.0,10.125086784362793,4.0,2.0,0.6087210534523323,11.349140167236328,38.0,"{""type"":""Point"",""coordinates"":[109.67031550660406,19.27571912168089]}"
1995,0.0,27.0,414.0,25.896764755249023,260.0,19.084123485454995,109.78514282701718,1876.8001708984375,46.0,4.884615898132324,4.0,2.0,0.6023572316796459,11.961225509643555,40.0,"{""type"":""Point"",""coordinates"":[109.78717256486148,19.083519499812468]}"
1996,0.0,27.0,170.0,10.400151252746582,67.0,19.27276969512009,109.75819336849361,1975.084716796875,53.0,0.8389571905136108,4.0,2.0,0.6824744408320527,13.892781257629395,38.0,"{""type"":""Point"",""coordinates"":[109.7599630080344,19.27264745744471]}"
1997,0.0,30.0,35.0,2.72904109954834,36.0,19.86116620621838,109.64590395797865,1227.21728515625,38.0,0.0837235078215599,3.0,4.0,0.6952496172774816,16.279380798339844,35.0,"{""type"":""Point"",""coordinates"":[109.64576624210837,19.862075421057735]}"
1998,0.0,27.0,17.0,4.234148979187012,17.0,19.753368372124037,110.99337688415795,1286.7421875,43.0,0.9767343401908875,2.0,4.0,0.6556438203868354,12.46556568145752,49.0,"{""type"":""Point"",""coordinates"":[110.99241131225891,19.75392842907869]}"
1999,0.0,22.0,6.0,2.759718418121338,7.0,19.147005555343355,108.68021502755016,1160.739501953125,52.0,0.18215596675872803,2.0,2.0,0.6886122423383516,15.518783569335938,43.0,"{""type"":""Point"",""coordinates"":[108.68111918567807,19.146572758401685]}"
2000,0.0,24.0,23.0,3.426722288131714,25.0,19.703961031497464,110.95744427279317,1272.9093017578125,52.0,0.5039923191070557,3.0,3.0,0.6609514419900892,13.113622665405273,46.0,"{""type"":""Point"",""coordinates"":[110.95551535480134,19.70531079970272]}"
2001,0.0,28.0,277.0,21.867965698242188,268.0,19.24132866017591,110.26574150402115,2405.127685546875,48.0,1.7450734376907349,4.0,2.0,0.656518516472098,13.090119361877441,39.0,"{""type"":""Point"",""coordinates"":[110.26453360159549,19.240289704412007]}"
2002,0.0,31.0,82.0,7.668582916259766,75.0,19.708452607918062,109.58302188809029,1570.922119140625,45.0,0.9877913594245911,4.0,3.0,0.6765310830844258,13.783576011657715,33.0,"{""type"":""Point"",""coordinates"":[109.58219126527455,19.70687316449172]}"
2003,0.0,31.0,264.0,22.118648529052734,159.0,18.922426734313476,109.92438169605572,2027.0306396484375,42.0,2.9014291763305664,4.0,2.0,0.5999596523182645,12.58994197845459,46.0,"{""type"":""Point"",""coordinates"":[109.92568473493307,18.921491730589526]}"
2004,0.0,27.0,267.0,56.22728729248047,202.0,19.254803389437704,110.01421322446765,2184.4326171875,43.0,9.971199035644531,5.0,2.0,0.6163065744671914,11.344114303588867,39.0,"{""type"":""Point"",""coordinates"":[110.01236744111739,19.256929627572426]}"
2005,0.0,32.0,77.0,9.441987037658691,67.0,18.648440572657023,109.85251647332615,1887.068359375,41.0,0.7480895519256592,5.0,1.0,0.643960097316021,14.064556121826172,47.0,"{""type"":""Point"",""coordinates"":[109.85180827312526,18.648498836030186]}"
2006,0.0,25.0,87.0,10.806763648986816,49.0,19.54226428035595,109.91090696679396,1876.1185302734375,48.0,0.944686233997345,4.0,3.0,0.7055818976410756,13.825203895568848,37.0,"{""type"":""Point"",""coordinates"":[109.91191970235278,19.543630589044778]}"
2007,0.0,27.0,151.0,34.759796142578125,46.0,18.90446042863109,109.97828061310292,2163.119140625,44.0,4.470451354980469,4.0,2.0,0.6730966570002143,12.229674339294434,45.0,"{""type"":""Point"",""coordinates"":[109.97757486997475,18.90390290385119]}"
2008,0.0,24.0,30.0,4.171028137207031,31.0,19.928539852527344,110.85413801511942,1352.1119384765625,52.0,0.7410534620285034,2.0,4.0,0.6394724755553798,12.711895942687988,50.0,"{""type"":""Point"",""coordinates"":[110.85627124563109,19.927806424890747]}"
2009,0.0,31.0,455.0,44.711280822753906,299.0,18.980817227781245,109.83455016764378,2049.12109375,37.0,9.553465843200684,4.0,2.0,0.5769766502830291,11.252388954162598,44.0,"{""type"":""Point"",""coordinates"":[109.83461606381195,18.980832869158892]}"
2010,0.0,27.0,388.0,35.83216857910156,379.0,18.675390031180612,109.9603143074205,2036.400634765625,48.0,6.6053690910339355,4.0,1.0,0.5762462985047929,11.67666244506836,47.0,"{""type"":""Point"",""coordinates"":[109.96135568334401,18.673897094018063]}"
2011,0.0,28.0,6.0,5.397288799285889,8.0,19.6320958087679,110.89456220290481,1405.7777099609375,41.0,0.9573751091957092,4.0,3.0,0.7060526179607606,12.91195011138916,42.0,"{""type"":""Point"",""coordinates"":[110.89277963506899,19.632124858370016]}"
2012,0.0,36.0,701.0,45.451148986816406,555.0,19.18742974312874,109.68632814576404,2070.891357421875,37.0,12.98665714263916,5.0,2.0,0.5730124075577608,10.72705364227295,40.0,"{""type"":""Point"",""coordinates"":[109.68506762734684,19.186980264411453]}"
2013,0.0,25.0,15.0,6.565321922302246,16.0,19.924048276106745,110.02319637730886,1566.60986328125,45.0,0.671098530292511,2.0,4.0,0.7321685642184934,13.940281867980957,36.0,"{""type"":""Point"",""coordinates"":[110.02439665382461,19.92362168219959]}"
2014,0.0,28.0,96.0,10.702672958374023,96.0,19.793792559909413,110.02768795372947,1695.315185546875,44.0,1.3316537141799927,3.0,4.0,0.6666370031302985,13.476370811462402,31.0,"{""type"":""Point"",""coordinates"":[110.02733364902608,19.794382463459023]}"
2015,0.0,28.0,12.0,13.382124900817871,12.0,18.43284490446834,109.92438169605572,1912.2802734375,47.0,1.3679858446121216,5.0,1.0,0.7304558779174266,13.498923301696777,42.0,"{""type"":""Point"",""coordinates"":[109.92291728508106,18.433970505103634]}"
2016,0.0,24.0,29.0,6.670607089996338,29.0,19.60514635024431,109.30454415001327,1593.499755859375,54.0,0.6470885276794434,2.0,3.0,0.7185556810547515,14.237863540649414,36.0,"{""type"":""Point"",""coordinates"":[109.30393651284467,19.60552893888091]}"
2017,0.0,27.0,51.0,3.4887421131134033,52.0,19.96896404031272,109.64590395797865,1065.073486328125,48.0,0.8435640931129456,5.0,4.0,0.6614673718578021,13.68403148651123,36.0,"{""type"":""Point"",""coordinates"":[109.64800735735962,19.969540930499754]}"
2018,0.0,25.0,72.0,8.83554458618164,48.0,19.68599472581507,109.91090696679396,1680.4442138671875,52.0,0.9777738451957703,2.0,3.0,0.7166373673432305,13.7997407913208,32.0,"{""type"":""Point"",""coordinates"":[109.9120883526237,19.68721919984369]}"
2019,0.0,24.0,97.0,23.227294921875,97.0,18.338521799635792,109.30454415001327,1593.2103271484375,55.0,5.718634605407715,4.0,0.0,0.6107312798593463,12.015310287475586,39.0,"{""type"":""Point"",""coordinates"":[109.30523874469567,18.336487116382308]}"
2020,0.0,25.0,480.0,26.94573211669922,406.0,19.030224568407817,109.14284739887177,1672.6319580078125,50.0,7.688314914703369,5.0,2.0,0.5837095532370302,11.453429222106934,39.0,"{""type"":""Point"",""coordinates"":[109.14465805414133,19.02822217414944]}"
2021,0.0,25.0,14.0,4.767624855041504,14.0,19.52429797467356,109.00360852983323,1383.4564208984375,52.0,0.5162250995635986,3.0,3.0,0.7246693789644146,14.472487449645996,36.0,"{""type"":""Point"",""coordinates"":[109.0021655700606,19.52411680288982]}"
2022,0.0,27.0,4.0,6.00458288192749,5.0,19.99142192241571,110.14446894066504,1481.5716552734375,40.0,0.6805103421211243,3.0,4.0,0.7362181937527291,13.930113792419434,37.0,"{""type"":""Point"",""coordinates"":[110.14591111823881,19.991727009366258]}"
2024,0.0,29.0,35.0,7.33794641494751,36.0,19.950997734630327,110.09506160003843,1511.8916015625,40.0,1.043585181236267,2.0,4.0,0.7042426894846008,13.483529090881348,36.0,"{""type"":""Point"",""coordinates"":[110.09435718125893,19.95169446625122]}"
2025,0.0,34.0,29.0,10.618884086608887,29.0,19.89260724116256,109.83005859122318,1427.4068603515625,39.0,2.3236353397369385,5.0,4.0,0.7143971267054474,12.918082237243652,34.0,"{""type"":""Point"",""coordinates"":[109.82918496738438,19.893336431742945]}"
2026,0.0,24.0,33.0,18.405242919921875,33.0,19.01674983914603,110.39599722021848,2057.79345703125,47.0,1.7566546201705933,4.0,2.0,0.7253252053976796,13.23658561706543,39.0,"{""type"":""Point"",""coordinates"":[110.39375303503681,19.016630882254088]}"
2027,0.0,25.0,32.0,10.320582389831543,25.0,19.40751698773802,109.09793163466577,1591.743408203125,49.0,1.479365587234497,3.0,3.0,0.725025598043442,13.409055709838867,35.0,"{""type"":""Point"",""coordinates"":[109.09751421431866,19.40962563679522]}"
2028,0.0,25.0,39.0,8.443761825561523,42.0,18.899968852210492,110.34658987959187,1960.3082275390625,49.0,0.4300763010978699,4.0,2.0,0.6833152861524308,14.64058780670166,46.0,"{""type"":""Point"",""coordinates"":[110.34630038024106,18.898259060810762]}"
2029,0.0,32.0,500.0,40.21391296386719,456.0,18.581066926348058,109.39886725484581,1837.31640625,38.0,11.7796049118042,6.0,1.0,0.5536643295830338,11.002710342407227,45.0,"{""type"":""Point"",""coordinates"":[109.39811685664938,18.579413993156855]}"
2030,0.0,25.0,12.0,8.839682579040527,14.0,19.200904472390526,110.56667712420119,1997.8380126953125,45.0,0.421267569065094,2.0,2.0,0.7346397823756392,14.639446258544922,42.0,"{""type"":""Point"",""coordinates"":[110.56679133796814,19.1987153774652]}"
2031,0.0,21.0,137.0,7.144492149353027,119.0,19.510823245411764,109.41683356052818,1697.7293701171875,55.0,0.5476715564727783,3.0,3.0,0.6403149569332908,14.339951515197754,36.0,"{""type"":""Point"",""coordinates"":[109.41738524486293,19.510437881142447]}"
2032,0.0,24.0,70.0,12.011138916015625,62.0,19.35361807069085,110.3690477616949,2131.1611328125,51.0,0.7384682297706604,5.0,3.0,0.6955791525683863,14.081672668457031,40.0,"{""type"":""Point"",""coordinates"":[110.3701115066151,19.355840135630878]}"
2033,0.0,22.0,8.0,4.752188682556152,8.0,19.71294418433866,109.21471262160128,1439.1640625,52.0,0.3700520694255829,11.0,3.0,0.7458798850039857,14.808846473693848,35.0,"{""type"":""Point"",""coordinates"":[109.21569007075574,19.7119179631465]}"
2034,0.0,28.0,180.0,17.472326278686523,127.0,18.868527817266305,108.93623488352426,1557.7889404296875,47.0,4.009086608886719,4.0,2.0,0.5878101930014872,12.320718765258789,43.0,"{""type"":""Point"",""coordinates"":[108.9343084316614,18.866631189267967]}"
2035,0.0,27.0,1173.0,24.843746185302734,1003.0,18.980817227781245,109.40785040768702,1758.0074462890625,40.0,12.658097267150879,8.0,2.0,0.5277312391721849,10.157360076904297,41.0,"{""type"":""Point"",""coordinates"":[109.40835650530468,18.980730597798942]}"
2036,0.0,24.0,91.0,13.35056209564209,58.0,19.54226428035595,109.98726376594408,1900.6961669921875,50.0,1.3498157262802124,4.0,3.0,0.6997309588917315,13.46583366394043,36.0,"{""type"":""Point"",""coordinates"":[109.98901659663352,19.540372304985937]}"
2037,0.0,26.0,35.0,7.1420722007751465,26.0,19.60963792666491,110.39599722021848,1790.65234375,48.0,0.4747535288333893,4.0,3.0,0.7354907884467452,14.271238327026367,36.0,"{""type"":""Point"",""coordinates"":[110.39748708514226,19.610144850001323]}"
2038,0.0,26.0,72.0,20.413524627685547,43.0,19.49285693972937,110.39599722021848,2001.4097900390625,46.0,2.388645648956299,3.0,3.0,0.7100231658728062,12.867215156555176,38.0,"{""type"":""Point"",""coordinates"":[110.39419177626392,19.49116126179855]}"
2039,0.0,24.0,11.0,8.739714622497559,11.0,18.311572341112203,109.54259770030495,1719.6109619140625,48.0,0.8029860258102417,4.0,0.0,0.7347548522432977,14.032379150390625,39.0,"{""type"":""Point"",""coordinates"":[109.54373940016237,18.313187556007218]}"
2040,0.0,29.0,117.0,10.034231185913086,87.0,19.560230586038337,110.01870480088826,1876.195556640625,46.0,0.8766639828681946,4.0,3.0,0.670741093715005,13.881763458251953,35.0,"{""type"":""Point"",""coordinates"":[110.01700995347638,19.56112983087892]}"
2041,0.0,31.0,729.0,24.949207305908203,651.0,18.697847913283596,109.53361454746374,1800.4027099609375,46.0,7.190948963165283,5.0,1.0,0.54678688897929,11.303214073181152,46.0,"{""type"":""Point"",""coordinates"":[109.53154808642472,18.69930770371204]}"
2042,0.0,23.0,244.0,27.137619018554688,101.0,19.039207721249014,109.83005859122318,1957.84619140625,53.0,4.225164890289307,3.0,2.0,0.614021243553321,12.226478576660156,41.0,"{""type"":""Point"",""coordinates"":[109.82818670832215,19.04000453126057]}"
2043,0.0,28.0,565.0,32.3889045715332,466.0,19.12454767324037,109.19225473949831,1758.5733642578125,47.0,9.974363327026367,5.0,2.0,0.5813579467761468,11.119804382324219,38.0,"{""type"":""Point"",""coordinates"":[109.19406616720306,19.12255428517823]}"
2044,0.0,24.0,183.0,11.644928932189941,44.0,19.340143341429055,109.52912297104314,1853.2769775390625,49.0,1.159216046333313,7.0,3.0,0.7053078153516845,13.561125755310059,37.0,"{""type"":""Point"",""coordinates"":[109.5309054847438,19.338012327935363]}"
2045,0.0,28.0,675.0,31.78931427001953,608.0,18.558609044245074,109.45276617189296,1835.668212890625,48.0,9.467363357543945,6.0,1.0,0.5503414945451809,11.075736999511719,45.0,"{""type"":""Point"",""coordinates"":[109.45253254803187,18.559927037434285]}"
2046,0.0,30.0,31.0,3.5098788738250732,32.0,19.91506512326555,109.68183656934343,1150.65625,42.0,0.5392903089523315,2.0,4.0,0.702064754552801,14.418944358825684,33.0,"{""type"":""Point"",""coordinates"":[109.68072323246678,19.91393811115087]}"
2047,0.0,22.0,7.0,2.422290802001953,7.0,18.97183407494005,108.6667402982884,1127.28515625,55.0,0.12130933254957199,2.0,2.0,0.6778217612275808,15.924732208251953,45.0,"{""type"":""Point"",""coordinates"":[108.66458636476267,18.97090396059711]}"
2049,0.0,30.0,23.0,4.431469917297363,24.0,20.07676187440706,110.61608446482774,1457.0281982421875,45.0,0.6133739948272705,3.0,4.0,0.6818234519170816,12.917196273803711,44.0,"{""type"":""Point"",""coordinates"":[110.61472571781547,20.077897457006447]}"
2050,0.0,24.0,187.0,13.830262184143066,104.0,19.29522757722308,109.79412597985839,1975.084716796875,55.0,1.3957327604293823,4.0,3.0,0.6470658344254461,13.372836112976074,37.0,"{""type"":""Point"",""coordinates"":[109.79527375999096,19.295003838830503]}"
2051,0.0,27.0,58.0,7.519388198852539,59.0,19.34912649427025,108.68021502755016,1193.9344482421875,46.0,2.1785459518432617,3.0,3.0,0.6377606640956228,12.913804054260254,40.0,"{""type"":""Point"",""coordinates"":[108.67850051780653,19.350545757635686]}"
2052,0.0,26.0,30.0,8.971785545349121,30.0,18.52267643288029,109.96929746026171,1794.5362548828125,51.0,0.7946891188621521,2.0,1.0,0.6889166850673263,14.031793594360352,45.0,"{""type"":""Point"",""coordinates"":[109.97103005177279,18.52443912332223]}"
2053,0.0,23.0,109.0,12.944762229919434,68.0,19.416500140579217,110.18938470487097,2209.65380859375,53.0,0.7649962902069092,4.0,3.0,0.703669928318853,14.022915840148926,37.0,"{""type"":""Point"",""coordinates"":[110.19112424373279,19.414277281388127]}"
2054,0.0,30.0,165.0,44.981754302978516,111.0,19.38505910563503,110.14446894066504,2191.932373046875,42.0,6.741719722747803,5.0,3.0,0.6379832821769419,11.807467460632324,38.0,"{""type"":""Point"",""coordinates"":[110.14664927622147,19.38713922070886]}"
2055,0.0,24.0,127.0,9.967223167419434,94.0,19.420991716999815,109.24615365654546,1745.3204345703125,57.0,1.1611114740371704,3.0,3.0,0.6661724647342016,13.594560623168945,32.0,"{""type"":""Point"",""coordinates"":[109.24777771979478,19.419781602152984]}"
2056,0.0,26.0,40.0,6.01131010055542,40.0,19.928539852527344,110.33760672675072,1611.625244140625,42.0,0.5393279194831848,3.0,4.0,0.6857044075096262,13.727469444274902,41.0,"{""type"":""Point"",""coordinates"":[110.33682989869504,19.929223006424607]}"
2057,0.0,23.0,11.0,4.529105186462402,10.0,18.441828057309536,108.91826857784184,1418.3575439453125,53.0,0.3647823929786682,2.0,1.0,0.7133618219150267,14.821467399597168,40.0,"{""type"":""Point"",""coordinates"":[108.91970621459743,18.44380560135385]}"
2058,0.0,23.0,192.0,12.221410751342773,95.0,19.21887077807292,109.84802489690554,2071.10986328125,55.0,0.9123567342758179,3.0,2.0,0.6546060852732845,13.794893264770508,38.0,"{""type"":""Point"",""coordinates"":[109.8491046525418,19.22031888552369]}"
2059,0.0,29.0,511.0,33.513431549072266,326.0,19.01225826272543,109.43030828978999,1773.659423828125,40.0,9.372471809387207,6.0,2.0,0.5742661858468128,11.22773265838623,41.0,"{""type"":""Point"",""coordinates"":[109.43070418973994,19.0117492680697]}"
2060,0.0,22.0,30.0,7.822974681854248,30.0,19.10658136755798,108.7116560624944,1342.706298828125,52.0,1.4959509372711182,2.0,2.0,0.6728830606098786,13.399064064025879,42.0,"{""type"":""Point"",""coordinates"":[108.71212028562402,19.106664984210774]}"
2062,0.0,23.0,21.0,11.184168815612793,24.0,18.917935157892877,110.40947194948029,1966.1087646484375,50.0,0.8209140300750732,3.0,2.0,0.7158030334302237,14.004534721374512,43.0,"{""type"":""Point"",""coordinates"":[110.41023367550481,18.91907377729772]}"
2063,0.0,24.0,48.0,17.43928337097168,35.0,19.178446590287543,108.97216749488905,1873.8763427734375,49.0,2.1519925594329834,6.0,2.0,0.6982108150078464,13.024681091308594,42.0,"{""type"":""Point"",""coordinates"":[108.97201500712993,19.179916333323398]}"
2064,0.0,27.0,230.0,14.407480239868164,208.0,18.890985699369296,110.19387628129158,2022.827880859375,50.0,1.4163708686828613,3.0,2.0,0.6064386472659098,13.330290794372559,46.0,"{""type"":""Point"",""coordinates"":[110.19568152616908,18.892181864683447]}"
2065,0.0,24.0,74.0,10.448370933532715,44.0,19.74438521928284,109.69531129860525,1605.90087890625,50.0,1.4745601415634155,5.0,4.0,0.708105205648123,13.387589454650879,34.0,"{""type"":""Point"",""coordinates"":[109.69496648423755,19.746368700186814]}"
2066,0.0,24.0,230.0,11.324295043945312,124.0,19.164971861025748,109.86599120258796,2010.72998046875,52.0,0.8610867857933044,4.0,2.0,0.6351554942269073,13.82807731628418,40.0,"{""type"":""Point"",""coordinates"":[109.86410121561741,19.165283844538834]}"
2067,0.0,28.0,70.0,8.471091270446777,63.0,19.730910490021046,110.62506761766895,1750.1636962890625,46.0,0.9347795248031616,6.0,3.0,0.6853257127389394,13.400102615356445,37.0,"{""type"":""Point"",""coordinates"":[110.62446469837293,19.732014003334328]}"
2068,0.0,30.0,107.0,19.46599769592285,83.0,19.003275109884235,110.2073510105534,2079.07958984375,38.0,1.9640198945999146,3.0,2.0,0.6383605712125011,13.080923080444336,45.0,"{""type"":""Point"",""coordinates"":[110.20835858267347,19.003410545481742]}"
2069,0.0,25.0,58.0,11.873044967651367,38.0,19.659045267291482,110.02768795372947,1757.3443603515625,48.0,1.3884403705596924,4.0,3.0,0.7287076397605383,13.457283020019531,33.0,"{""type"":""Point"",""coordinates"":[110.02569998787149,19.65714628036007]}"
2070,0.0,33.0,283.0,32.59992599487305,166.0,19.313193882905473,109.66387026366107,1904.217529296875,39.0,6.568488597869873,9.0,3.0,0.6235258183002615,11.756470680236816,37.0,"{""type"":""Point"",""coordinates"":[109.661862317353,19.31342435311636]}"
2071,0.0,31.0,533.0,54.509788513183594,473.0,18.563100620665672,109.54259770030495,1939.359619140625,42.0,17.62561798095703,5.0,1.0,0.530685164831405,10.554985046386719,47.0,"{""type"":""Point"",""coordinates"":[109.54447875349464,18.562185325650773]}"
2072,0.0,25.0,100.0,7.430178165435791,67.0,19.564722162458935,110.03667110657068,1876.195556640625,46.0,0.34949731826782227,5.0,3.0,0.7010782083350064,14.811800956726074,34.0,"{""type"":""Point"",""coordinates"":[110.03766924244485,19.56414918255569]}"
2073,0.0,24.0,199.0,7.795996189117432,93.0,18.65742372549822,109.25513680938667,1711.1292724609375,49.0,0.6698805093765259,4.0,1.0,0.6053869456341725,14.099366188049316,45.0,"{""type"":""Point"",""coordinates"":[109.25706162432488,18.657803222001633]}"
2074,0.0,30.0,288.0,54.25189208984375,266.0,18.980817227781245,110.24328362191818,2248.53173828125,39.0,8.906595230102539,4.0,2.0,0.5946272347642193,11.444847106933594,45.0,"{""type"":""Point"",""coordinates"":[110.24290103915328,18.979019331167947]}"
2075,0.0,30.0,402.0,47.55137252807617,273.0,18.837086782322125,109.17878001023655,1742.4102783203125,43.0,17.057273864746094,5.0,2.0,0.5384527420986777,10.691926002502441,45.0,"{""type"":""Point"",""coordinates"":[109.1773458707473,18.837370358591283]}"
2076,0.0,23.0,107.0,9.954573631286621,69.0,19.515314821832362,109.88395750827033,1819.9947509765625,53.0,0.9089560508728027,4.0,3.0,0.6789382775950481,13.851682662963867,37.0,"{""type"":""Point"",""coordinates"":[109.88429994648358,19.514122062223468]}"
2077,0.0,24.0,170.0,12.986334800720215,146.0,19.254803389437704,110.17141839918861,2157.780517578125,52.0,0.8688706755638123,4.0,2.0,0.6608811667671135,13.857741355895996,37.0,"{""type"":""Point"",""coordinates"":[110.17059187292759,19.256024992888445]}"
2078,0.0,20.0,77.0,9.569273948669434,57.0,19.66353684371208,110.0052300716265,1757.3443603515625,54.0,0.8877653479576111,2.0,3.0,0.7022459469820547,13.893348693847656,34.0,"{""type"":""Point"",""coordinates"":[110.00346567722828,19.662240371471498]}"
2079,0.0,27.0,258.0,10.896994590759277,167.0,19.15598870818455,109.91090696679396,2036.1439208984375,43.0,0.7268742322921753,4.0,2.0,0.6309777605172879,13.978972434997559,41.0,"{""type"":""Point"",""coordinates"":[109.91237453355207,19.1561255582726]}"
2080,0.0,23.0,38.0,13.763171195983887,38.0,18.325047070373998,109.385392525584,1656.03173828125,55.0,2.1749792098999023,3.0,0.0,0.7028077287446696,13.0198974609375,37.0,"{""type"":""Point"",""coordinates"":[109.38692275923826,18.32354925854361]}"
2081,0.0,40.0,619.0,29.504188537597656,609.0,18.446319633730134,109.52463139462253,1757.9405517578125,32.0,9.526854515075684,6.0,1.0,0.5626945282251127,11.12004566192627,42.0,"{""type"":""Point"",""coordinates"":[109.52526642086198,18.44496795663902]}"
2082,0.0,30.0,266.0,24.21150779724121,88.0,19.18742974312874,109.51115666536077,1856.2041015625,41.0,4.193881511688232,4.0,2.0,0.6345239134718779,12.219240188598633,38.0,"{""type"":""Point"",""coordinates"":[109.50994563301062,19.18557936600905]}"
2083,0.0,28.0,570.0,11.553540229797363,446.0,18.76522155959256,109.01708325909499,1575.1695556640625,49.0,2.4443631172180176,8.0,1.0,0.5773952008052442,12.531383514404297,42.0,"{""type"":""Point"",""coordinates"":[109.01525439875007,18.76563955951693]}"
2084,0.0,25.0,34.0,8.817404747009277,30.0,19.093106638296184,110.35557303243309,2123.759033203125,47.0,0.29291707277297974,4.0,2.0,0.7339691104926965,15.02758502960205,40.0,"{""type"":""Point"",""coordinates"":[110.35598091344788,19.095215913132947]}"
2085,0.0,32.0,33.0,2.7568986415863037,34.0,19.816250442012404,109.25513680938667,1215.3944091796875,35.0,0.11471964418888092,3.0,4.0,0.7056716547811693,15.965572357177734,33.0,"{""type"":""Point"",""coordinates"":[109.25328800123928,19.81643779972535]}"
2086,0.0,23.0,26.0,5.206851482391357,27.0,19.83421674769479,110.69244126397791,1612.469482421875,54.0,0.4015127122402191,3.0,4.0,0.7060286602413224,13.750995635986328,40.0,"{""type"":""Point"",""coordinates"":[110.69377857928252,19.832380714849545]}"
2087,0.0,24.0,99.0,14.818814277648926,67.0,19.178446590287543,110.09506160003843,2101.611083984375,48.0,1.1594088077545166,4.0,2.0,0.6795609276669341,13.613112449645996,41.0,"{""type"":""Point"",""coordinates"":[110.0962804692948,19.178691206270486]}"
2088,0.0,25.0,354.0,15.319075584411621,163.0,19.034716144828415,109.70878602786706,1865.50439453125,51.0,2.051159143447876,3.0,2.0,0.6139697102066157,12.874777793884277,40.0,"{""type"":""Point"",""coordinates"":[109.71050913463847,19.033304432878086]}"
2089,0.0,26.0,262.0,56.63898468017578,240.0,18.805645747377937,110.13099421140322,2073.30810546875,49.0,12.15503978729248,4.0,1.0,0.5724201272534614,11.144437789916992,46.0,"{""type"":""Point"",""coordinates"":[110.13229214975979,18.805347035420393]}"
2090,0.0,22.0,78.0,6.3021039962768555,74.0,19.34912649427025,108.96318434204784,1757.42431640625,58.0,0.33987367153167725,2.0,3.0,0.6542680127899457,14.85295295715332,41.0,"{""type"":""Point"",""coordinates"":[108.96486806020133,19.349633315031603]}"
2091,0.0,29.0,1435.0,13.829155921936035,1240.0,19.034716144828415,109.51115666536077,1811.0330810546875,39.0,6.889952182769775,9.0,2.0,0.5322623504480544,10.174813270568848,41.0,"{""type"":""Point"",""coordinates"":[109.51337189746165,19.0345284245991]}"
2092,0.0,27.0,33.0,2.995734214782715,33.0,19.838708324115387,110.91252850858717,1327.4354248046875,49.0,0.12195760011672974,2.0,4.0,0.6417760783625435,14.509331703186035,49.0,"{""type"":""Point"",""coordinates"":[110.91448473794223,19.839908045306938]}"
2093,0.0,21.0,39.0,6.84954833984375,39.0,19.681503149394473,109.38090094916339,1589.139404296875,57.0,0.6693578362464905,2.0,3.0,0.7286856012844861,14.19820499420166,31.0,"{""type"":""Point"",""coordinates"":[109.37906964506507,19.681394379299373]}"
2094,0.0,31.0,349.0,15.846076965332031,171.0,19.169463437446346,109.52463139462253,1856.2041015625,36.0,2.1319222450256348,5.0,2.0,0.6326469950371942,12.839694023132324,36.0,"{""type"":""Point"",""coordinates"":[109.52629092657999,19.170801618151003]}"
2095,0.0,25.0,30.0,9.117349624633789,30.0,19.38505910563503,110.61608446482774,1864.0084228515625,47.0,0.728808581829071,7.0,3.0,0.7281502209354077,13.846409797668457,38.0,"{""type"":""Point"",""coordinates"":[110.61711277985006,19.38587827039496]}"
2096,0.0,23.0,118.0,8.163447380065918,80.0,19.0706487561932,109.04403271761862,1636.806396484375,55.0,0.9185059666633606,2.0,2.0,0.6402887531574686,13.834519386291504,40.0,"{""type"":""Point"",""coordinates"":[109.04202812589648,19.071824721985678]}"
2097,0.0,33.0,1107.0,12.150091171264648,978.0,18.895477275789894,109.19225473949831,1622.0689697265625,40.0,3.908883571624756,10.0,2.0,0.5315415587001298,11.455257415771484,45.0,"{""type"":""Point"",""coordinates"":[109.19183382032743,18.89651146130285]}"
2098,0.0,28.0,287.0,17.89286994934082,70.0,19.025732991987226,109.63692080513749,1885.2283935546875,45.0,2.495054006576538,4.0,2.0,0.6472846821289413,12.725480079650879,41.0,"{""type"":""Point"",""coordinates"":[109.6376244427417,19.02389114902508]}"
2099,0.0,29.0,36.0,4.272953510284424,36.0,19.964472463892122,110.29269096254473,1565.65576171875,44.0,0.1720791757106781,2.0,4.0,0.7014438226441505,14.645851135253906,38.0,"{""type"":""Point"",""coordinates"":[110.2918611574849,19.963981492404006]}"
2100,0.0,28.0,657.0,36.26507568359375,590.0,18.643948996236425,109.385392525584,1834.8614501953125,50.0,12.056248664855957,7.0,1.0,0.5447566156357412,10.84482479095459,45.0,"{""type"":""Point"",""coordinates"":[109.38350523234405,18.642824337736155]}"
2101,0.0,26.0,90.0,7.741669178009033,70.0,19.614129503085508,110.06362056509425,1783.698486328125,46.0,0.5384576916694641,4.0,3.0,0.6913759333211191,14.385605812072754,34.0,"{""type"":""Point"",""coordinates"":[110.06224705462995,19.611942955638945]}"
2102,0.0,27.0,239.0,32.29133224487305,213.0,18.967342498519457,110.19387628129158,2102.280517578125,49.0,4.718822479248047,3.0,2.0,0.6031036315316336,12.1188383102417,45.0,"{""type"":""Point"",""coordinates"":[110.19346727401722,18.96753201582922]}"
2103,0.0,20.0,11.0,6.714651107788086,11.0,19.66353684371208,109.32251045569564,1499.85693359375,55.0,0.755520761013031,2.0,3.0,0.7336088489928116,14.093317031860352,36.0,"{""type"":""Point"",""coordinates"":[109.3211621990128,19.66397121743814]}"
2104,0.0,29.0,447.0,44.29396057128906,293.0,18.985308804201843,109.84802489690554,2049.12109375,42.0,9.433650970458984,4.0,2.0,0.5867479437289043,11.271392822265625,42.0,"{""type"":""Point"",""coordinates"":[109.84934679992041,18.985483388497425]}"
2105,0.0,26.0,62.0,6.0815815925598145,63.0,19.88811566474196,110.13099421140322,1548.9822998046875,44.0,0.5949766635894775,2.0,4.0,0.6851413311682665,14.024624824523926,34.0,"{""type"":""Point"",""coordinates"":[110.13086542831373,19.88875339204574]}"
2106,0.0,29.0,507.0,30.394968032836914,331.0,18.76971313601316,109.4347998662106,1849.8798828125,49.0,7.668933391571045,6.0,1.0,0.5663395498711181,11.434528350830078,45.0,"{""type"":""Point"",""coordinates"":[109.43492440312968,18.770841916277032]}"
2107,0.0,26.0,119.0,16.057876586914062,100.0,19.55573900961774,109.49768193609896,1755.52685546875,52.0,2.4947993755340576,4.0,3.0,0.6478349744138918,12.834145545959473,34.0,"{""type"":""Point"",""coordinates"":[109.4977083954545,19.556977915634874]}"
2108,0.0,21.0,58.0,5.507030963897705,24.0,19.726418913600448,109.8031091326996,1714.830322265625,52.0,0.1720791757106781,3.0,3.0,0.7364272744234969,15.54545783996582,35.0,"{""type"":""Point"",""coordinates"":[109.80246983688563,19.724532953450062]}"
2109,0.0,28.0,199.0,26.78831672668457,125.0,19.35361807069085,110.0052300716265,2146.967041015625,45.0,3.1767780780792236,5.0,3.0,0.6459541907735473,12.541862487792969,38.0,"{""type"":""Point"",""coordinates"":[110.00671559566747,19.35406281022198]}"
2110,0.0,23.0,123.0,14.628072738647461,68.0,19.4389580226822,110.03667110657068,2113.11279296875,53.0,1.1569832563400269,4.0,3.0,0.691060023926392,13.600582122802734,38.0,"{""type"":""Point"",""coordinates"":[110.03512188020625,19.44011412666627]}"
2111,0.0,29.0,10.0,3.961885929107666,11.0,19.89260724116256,109.57403873524913,1205.861328125,42.0,0.5768138766288757,2.0,4.0,0.7210201245548541,14.363802909851074,35.0,"{""type"":""Point"",""coordinates"":[109.57256607297916,19.89324745727948]}"
2112,0.0,28.0,79.0,10.509328842163086,79.0,19.789300983488815,109.99175534236468,1656.40234375,46.0,1.4091088771820068,4.0,4.0,0.6803212599178314,13.43002700805664,32.0,"{""type"":""Point"",""coordinates"":[109.99088734287133,19.78796979901151]}"
2113,0.0,23.0,81.0,39.6513671875,81.0,18.468777515833118,109.85700804974675,1924.36962890625,56.0,7.710196495056152,3.0,1.0,0.6184084427480815,11.723383903503418,44.0,"{""type"":""Point"",""coordinates"":[109.85909569318396,18.46777225614903]}"
2114,0.0,26.0,45.0,11.482428550720215,24.0,19.569213738879533,110.14896051708558,1878.47607421875,46.0,1.0483888387680054,6.0,3.0,0.750506406670209,13.745938301086426,34.0,"{""type"":""Point"",""coordinates"":[110.1496220973831,19.568399923761515]}"
2115,0.0,25.0,86.0,65.07896423339844,76.0,18.80115417095734,110.21184258697394,2105.921142578125,50.0,12.881752967834473,5.0,1.0,0.6001461001219953,11.19612979888916,48.0,"{""type"":""Point"",""coordinates"":[110.21103404756175,18.802239382849883]}"
2116,0.0,25.0,84.0,47.119354248046875,54.0,19.10208979113738,110.10404475287964,2133.150146484375,48.0,7.259789943695068,5.0,2.0,0.657600544138375,11.782469749450684,45.0,"{""type"":""Point"",""coordinates"":[110.10282580334568,19.102737393659424]}"
2117,0.0,24.0,23.0,8.887134552001953,26.0,18.908952005051688,110.42294667874205,1966.1087646484375,47.0,0.4628574550151825,3.0,2.0,0.7148518966558334,14.563033103942871,43.0,"{""type"":""Point"",""coordinates"":[110.42084660922713,18.908763474542127]}"
2118,0.0,27.0,239.0,15.227921485900879,123.0,19.138022402502166,109.85700804974675,1949.5140380859375,51.0,1.7786215543746948,3.0,2.0,0.6180585566191843,13.096501350402832,42.0,"{""type"":""Point"",""coordinates"":[109.85493629636069,19.139970904487964]}"
2119,0.0,23.0,63.0,11.063213348388672,49.0,19.681503149394473,110.13099421140322,1813.1473388671875,53.0,1.1201428174972534,2.0,3.0,0.7278712383935824,13.669120788574219,31.0,"{""type"":""Point"",""coordinates"":[110.12949053583588,19.679799030683615]}"
2120,0.0,26.0,149.0,17.917131423950195,128.0,19.29522757722308,110.23879204549758,2246.83203125,43.0,1.3314565420150757,4.0,3.0,0.6654365421464017,13.443990707397461,37.0,"{""type"":""Point"",""coordinates"":[110.23866649781881,19.29589611555938]}"
2121,0.0,30.0,1060.0,23.953886032104492,1006.0,19.0751403326138,109.11140636392759,1722.4847412109375,48.0,11.912880897521973,8.0,2.0,0.543440467615149,10.39822006225586,39.0,"{""type"":""Point"",""coordinates"":[109.11085596917525,19.074924076182427]}"
2122,0.0,26.0,140.0,58.74212646484375,143.0,18.257673424065032,109.66387026366107,1870.3759765625,51.0,16.349712371826172,5.0,0.0,0.5795627077272607,10.914161682128906,41.0,"{""type"":""Point"",""coordinates"":[109.66443120967901,18.257652905711737]}"
2123,0.0,27.0,470.0,24.21751594543457,462.0,18.513693280039092,109.22369577444249,1799.472900390625,52.0,5.497373104095459,5.0,1.0,0.575950305580019,11.799643516540527,44.0,"{""type"":""Point"",""coordinates"":[109.22312063917926,18.51356416386434]}"
2124,0.0,29.0,148.0,16.802791595458984,145.0,18.423861751627143,109.25513680938667,1621.1314697265625,52.0,3.6252870559692383,4.0,1.0,0.5947919726948164,12.441798210144043,43.0,"{""type"":""Point"",""coordinates"":[109.25626676742111,18.422721519056534]}"
2125,0.0,30.0,273.0,24.12946128845215,211.0,19.084123485454995,109.93336484889693,1922.5029296875,44.0,3.8991944789886475,4.0,2.0,0.6033746382103553,12.287617683410645,43.0,"{""type"":""Point"",""coordinates"":[109.93447421610027,19.0836429522833]}"
2126,0.0,30.0,285.0,31.302207946777344,285.0,18.325047070373998,109.36742621990163,1656.03173828125,48.0,9.628003120422363,4.0,0.0,0.5971125748721231,11.367635726928711,37.0,"{""type"":""Point"",""coordinates"":[109.36617093604472,18.325824360345706]}"
2127,0.0,32.0,17.0,5.055111885070801,18.0,19.72192733717985,110.76879806312809,1652.22998046875,39.0,0.29335615038871765,7.0,3.0,0.7223023009236754,14.078460693359375,40.0,"{""type"":""Point"",""coordinates"":[110.76785798137983,19.719834588054336]}"
2128,0.0,29.0,586.0,41.271026611328125,519.0,18.65742372549822,109.38090094916339,1837.9072265625,48.0,13.956355094909668,5.0,1.0,0.5464862534700098,10.756155014038086,44.0,"{""type"":""Point"",""coordinates"":[109.38036806572411,18.658934048277466]}"
2129,0.0,32.0,19.0,3.152646780014038,20.0,19.93752300536854,109.58751346451089,1079.2314453125,40.0,0.5609893202781677,3.0,4.0,0.7080519961052915,14.386443138122559,34.0,"{""type"":""Point"",""coordinates"":[109.58774659741384,19.93836987965479]}"
2130,0.0,28.0,61.0,8.851667404174805,53.0,19.753368372124037,110.5262529364158,1652.796142578125,42.0,1.2200886011123657,5.0,4.0,0.702785591636913,13.141993522644043,34.0,"{""type"":""Point"",""coordinates"":[110.52629896740969,19.751726148906535]}"
2131,0.0,28.0,215.0,28.82425308227539,172.0,18.581066926348058,109.12038951676874,1728.111572265625,50.0,6.997348785400391,5.0,1.0,0.5647808845834175,11.737879753112793,48.0,"{""type"":""Point"",""coordinates"":[109.11998796236519,18.579804662326055]}"
2132,0.0,22.0,64.0,8.250092506408691,39.0,19.726418913600448,109.87497435542917,1704.4630126953125,54.0,0.7615687251091003,2.0,3.0,0.7159444389856291,14.054428100585938,35.0,"{""type"":""Point"",""coordinates"":[109.87375623571504,19.72787858244694]}"
2133,0.0,29.0,326.0,61.47713088989258,329.0,18.98980038062244,110.40947194948029,2151.140869140625,45.0,13.294233322143555,6.0,2.0,0.5975341819356381,11.007935523986816,40.0,"{""type"":""Point"",""coordinates"":[110.41116965907878,18.990376002099882]}"
2134,0.0,26.0,1123.0,22.77655792236328,1022.0,18.810137323798536,109.60997134661392,1769.9139404296875,48.0,9.958580017089844,6.0,1.0,0.5105293315715377,10.486367225646973,47.0,"{""type"":""Point"",""coordinates"":[109.61149151977861,18.81214362352653]}"
2135,0.0,29.0,296.0,14.608912467956543,291.0,18.54513431498328,109.83455016764378,1929.65087890625,43.0,1.6580640077590942,5.0,1.0,0.5930084070875861,13.12833023071289,47.0,"{""type"":""Point"",""coordinates"":[109.83444232839322,18.54621042685567]}"
2136,0.0,30.0,462.0,7.7203803062438965,439.0,18.814628900219134,108.8733528136359,1513.6776123046875,47.0,1.292292594909668,7.0,1.0,0.5876662098161876,13.256622314453125,41.0,"{""type"":""Point"",""coordinates"":[108.87455616402427,18.81346771211067]}"
2137,0.0,26.0,177.0,16.382959365844727,111.0,19.4389580226822,109.51115666536077,1836.7322998046875,53.0,2.3461174964904785,4.0,3.0,0.654006725481574,12.859501838684082,33.0,"{""type"":""Point"",""coordinates"":[109.5121082688124,19.440012232733903]}"
2138,0.0,25.0,90.0,8.94839859008789,93.0,18.648440572657023,108.8239454730093,1406.5465087890625,51.0,1.7497459650039673,4.0,1.0,0.5903915080481483,13.206807136535645,45.0,"{""type"":""Point"",""coordinates"":[108.8238814659975,18.647115891042414]}"
2139,0.0,27.0,22.0,10.877554893493652,24.0,19.66353684371208,110.75083175744567,1628.73486328125,46.0,1.9519416093826294,5.0,3.0,0.7203393822829623,12.68193531036377,37.0,"{""type"":""Point"",""coordinates"":[110.75078894070847,19.66152177729373]}"
2140,0.0,24.0,15.0,8.532353401184082,15.0,18.37894598742117,109.0709821761422,1529.7103271484375,51.0,1.1921205520629883,2.0,1.0,0.7115005547647473,13.634848594665527,40.0,"{""type"":""Point"",""coordinates"":[109.07311981721199,18.38105750149537]}"
2141,0.0,29.0,100.0,6.839621543884277,75.0,19.66353684371208,109.5920050409315,1616.5009765625,47.0,0.67948979139328,3.0,3.0,0.6784381930098662,14.146920204162598,33.0,"{""type"":""Point"",""coordinates"":[109.59293546500822,19.661677706342083]}"
2142,0.0,22.0,36.0,10.043253898620605,27.0,19.677011572973875,110.22082573981515,1809.589599609375,53.0,0.9196988940238953,2.0,3.0,0.7500398752130806,13.84417724609375,32.0,"{""type"":""Point"",""coordinates"":[110.22229809695274,19.67786368022008]}"
2143,0.0,23.0,77.0,9.195557594299316,67.0,19.281752847961286,108.96767591846844,1786.119873046875,56.0,0.8584142327308655,2.0,3.0,0.6708443999203395,13.926974296569824,39.0,"{""type"":""Point"",""coordinates"":[108.968502158974,19.28216460093409]}"
2145,0.0,24.0,67.0,6.659144401550293,62.0,18.48674382151551,109.66387026366107,1922.37890625,51.0,0.19029276072978973,3.0,1.0,0.6617156948778461,15.439520835876465,45.0,"{""type"":""Point"",""coordinates"":[109.6636435855845,18.48752582178287]}"
2146,0.0,33.0,566.0,60.110015869140625,397.0,19.138022402502166,109.66836184008167,1976.4073486328125,38.0,20.178810119628906,6.0,2.0,0.5552382019804555,10.381935119628906,40.0,"{""type"":""Point"",""coordinates"":[109.66764243892372,19.139073908051028]}"
2147,0.0,22.0,128.0,7.381477355957031,88.0,19.501840092570568,109.88395750827033,1819.9947509765625,53.0,0.41955065727233887,4.0,3.0,0.6538666333851337,14.61201286315918,38.0,"{""type"":""Point"",""coordinates"":[109.88417945934712,19.499998159669573]}"
2148,0.0,26.0,28.0,10.187053680419922,28.0,19.26827811869949,110.5711687006218,1950.5733642578125,43.0,0.7286781072616577,5.0,2.0,0.7163427710292061,13.96369457244873,42.0,"{""type"":""Point"",""coordinates"":[110.56987463134483,19.26784052302973]}"
2149,0.0,27.0,327.0,47.65481948852539,164.0,19.12454767324037,109.76268494491421,2038.2513427734375,44.0,9.756985664367676,4.0,2.0,0.6008280592070621,11.325023651123047,40.0,"{""type"":""Point"",""coordinates"":[109.7622750321648,19.123415805003305]}"
2150,0.0,29.0,81.0,40.33260726928711,81.0,18.697847913283596,110.21184258697394,1999.876708984375,46.0,7.166032314300537,5.0,1.0,0.6212986427475213,11.797404289245605,45.0,"{""type"":""Point"",""coordinates"":[110.21188644548974,18.696796132700005]}"
2151,0.0,30.0,280.0,21.599802017211914,213.0,18.536151162142083,109.46174932473417,1929.9554443359375,42.0,3.1781117916107178,5.0,1.0,0.5975970212806598,12.487875938415527,45.0,"{""type"":""Point"",""coordinates"":[109.4618586027435,18.53548351435695]}"
2152,0.0,23.0,37.0,9.297528266906738,28.0,19.6320958087679,110.34658987959187,1817.6885986328125,54.0,0.8876270055770874,4.0,3.0,0.7422044732110452,13.64389419555664,34.0,"{""type"":""Point"",""coordinates"":[110.34741358591216,19.630308241445036]}"
2153,0.0,24.0,51.0,26.680294036865234,54.0,18.401403869524152,109.70878602786706,1846.78564453125,56.0,4.6856184005737305,3.0,1.0,0.6647106110915083,12.243053436279297,42.0,"{""type"":""Point"",""coordinates"":[109.71031888980548,18.403613066412913]}"
2154,0.0,26.0,76.0,5.261701583862305,71.0,18.93590146357527,108.79250443806512,1263.46533203125,48.0,0.9256570935249329,2.0,2.0,0.6082405474054945,13.852141380310059,45.0,"{""type"":""Point"",""coordinates"":[108.79029784081553,18.934384463947737]}"
2155,0.0,24.0,22.0,4.659089088439941,22.0,20.004896651677498,110.30167411538594,1517.1654052734375,48.0,0.3402756154537201,2.0,4.0,0.7143692415307819,13.984156608581543,38.0,"{""type"":""Point"",""coordinates"":[110.30199745993137,20.00411351130978]}"
2156,0.0,28.0,379.0,18.22955322265625,166.0,18.95835934567826,109.6414123815581,1833.120849609375,45.0,2.909255266189575,5.0,2.0,0.5958101404210357,12.506808280944824,43.0,"{""type"":""Point"",""coordinates"":[109.64163284853123,18.959032521352068]}"
2157,0.0,24.0,15.0,6.682666301727295,16.0,19.488365363308773,110.74184860460451,1772.327880859375,51.0,0.42151471972465515,4.0,3.0,0.7380499789608745,14.24643611907959,38.0,"{""type"":""Point"",""coordinates"":[110.74372495077381,19.49047031443472]}"
2158,0.0,26.0,562.0,33.19660186767578,424.0,19.196412895969935,109.72226075712882,2057.06298828125,49.0,6.316928386688232,5.0,2.0,0.5999307501391132,11.585224151611328,40.0,"{""type"":""Point"",""coordinates"":[109.72204522398181,19.19565190151705]}"
2159,0.0,24.0,81.0,5.647853851318359,43.0,19.694977878656267,109.65039553439925,1670.3060302734375,52.0,0.2933369576931,4.0,3.0,0.7248913729250401,14.998414039611816,32.0,"{""type"":""Point"",""coordinates"":[109.64832891374643,19.69331513928645]}"
2160,0.0,28.0,1037.0,15.5955171585083,1004.0,18.720305795386587,108.90479384858008,1440.05810546875,47.0,8.635383605957031,7.0,1.0,0.5055246260391784,10.759613990783691,46.0,"{""type"":""Point"",""coordinates"":[108.90460129610008,18.7217219875251]}"
2161,0.0,24.0,12.0,4.869029521942139,12.0,19.6320958087679,109.30005257359267,1593.499755859375,52.0,0.21573026478290558,2.0,3.0,0.7399593852790478,15.346174240112305,36.0,"{""type"":""Point"",""coordinates"":[109.30069024830699,19.63101727984509]}"
2162,0.0,30.0,264.0,28.693815231323242,267.0,18.194791354176665,109.5920050409315,1525.833251953125,46.0,10.18286418914795,4.0,0.0,0.5762482088871272,11.324687004089355,40.0,"{""type"":""Point"",""coordinates"":[109.5942220960466,18.19523189372928]}"
2163,0.0,28.0,928.0,14.948065757751465,912.0,18.751746830330767,108.85538650795348,1373.8770751953125,47.0,7.987120628356934,7.0,1.0,0.5099122972398845,10.980645179748535,46.0,"{""type"":""Point"",""coordinates"":[108.85314210479488,18.751689222628436]}"
2164,0.0,26.0,714.0,36.543216705322266,558.0,18.74725525391017,109.37191779632224,1865.0018310546875,51.0,11.905014991760254,6.0,1.0,0.5382250421813377,10.804365158081055,46.0,"{""type"":""Point"",""coordinates"":[109.37084852717311,18.748938504271692]}"
2165,0.0,28.0,77.0,10.323573112487793,67.0,19.40751698773802,110.43642140800387,2027.7650146484375,39.0,0.6108308434486389,4.0,3.0,0.6876028942765053,14.247379302978516,39.0,"{""type"":""Point"",""coordinates"":[110.43589654013304,19.406345164041678]}"
2166,0.0,29.0,425.0,66.32052612304688,295.0,19.209887625231723,109.78514282701718,2176.3828125,41.0,15.147942543029785,6.0,2.0,0.5962167453487459,10.799936294555664,38.0,"{""type"":""Point"",""coordinates"":[109.78617644132201,19.21179676564398]}"
2167,0.0,28.0,445.0,50.601234436035156,428.0,19.196412895969935,110.18489312845037,2282.860107421875,47.0,8.812756538391113,4.0,2.0,0.6058756476945784,11.342171669006348,41.0,"{""type"":""Point"",""coordinates"":[110.18474397636317,19.196719900059396]}"
2168,0.0,20.0,29.0,4.435251235961914,30.0,19.173955013866944,108.73411394459737,1364.9761962890625,56.0,0.4029559791088104,2.0,2.0,0.6822154939127094,14.711545944213867,41.0,"{""type"":""Point"",""coordinates"":[108.73307502121403,19.171820246497788]}"
2169,0.0,27.0,76.0,38.51173400878906,73.0,18.868527817266305,110.28819938612412,2142.327392578125,49.0,5.453123569488525,3.0,2.0,0.6335530978500379,12.075762748718262,47.0,"{""type"":""Point"",""coordinates"":[110.28975626476976,18.867363737064917]}"
2170,0.0,26.0,124.0,9.36451530456543,63.0,19.317685459326064,109.2775946914897,1719.6353759765625,46.0,0.9750241637229919,4.0,3.0,0.6694396412080601,13.771116256713867,39.0,"{""type"":""Point"",""coordinates"":[109.27629872851129,19.319093655994635]}"
2171,0.0,25.0,90.0,9.424864768981934,48.0,19.394042258476226,110.18489312845037,2102.438232421875,47.0,0.4015127122402191,4.0,3.0,0.7265708741752346,14.679088592529297,36.0,"{""type"":""Point"",""coordinates"":[110.18611635227937,19.395596246156064]}"
2172,0.0,22.0,58.0,5.82594633102417,54.0,19.093106638296184,108.81496232016809,1455.33642578125,58.0,0.6989075541496277,3.0,2.0,0.6590374498439926,14.143847465515137,41.0,"{""type"":""Point"",""coordinates"":[108.8152479671888,19.09429711400925]}"
2173,0.0,25.0,90.0,9.756447792053223,49.0,19.41200856415862,110.24777519833873,2116.610107421875,45.0,0.41799038648605347,4.0,3.0,0.7173313169617572,14.63886833190918,38.0,"{""type"":""Point"",""coordinates"":[110.24809356242545,19.410827608145016]}"
2174,0.0,32.0,132.0,29.439481735229492,98.0,18.6888647604424,109.68632814576404,1999.1298828125,41.0,4.502955436706543,6.0,1.0,0.5956191069393285,12.234197616577148,48.0,"{""type"":""Point"",""coordinates"":[109.68721004202713,18.68777427276238]}"
2175,0.0,22.0,56.0,8.803956031799316,52.0,19.38505910563503,109.05301587045977,1600.7041015625,54.0,1.0893751382827759,3.0,3.0,0.6953972161848573,13.701115608215332,35.0,"{""type"":""Point"",""coordinates"":[109.05323342869902,19.387276388166484]}"
2176,0.0,26.0,65.0,9.160908699035645,65.0,19.4434495991028,110.58913500630416,2011.989013671875,43.0,0.503695011138916,3.0,3.0,0.6849297522405434,14.18883991241455,40.0,"{""type"":""Point"",""coordinates"":[110.58879803020972,19.444639442793456]}"
2177,0.0,27.0,32.0,20.526351928710938,32.0,18.42835332804774,109.89294066111154,1786.1082763671875,51.0,3.405487060546875,3.0,1.0,0.6911107375812624,12.574324607849121,42.0,"{""type"":""Point"",""coordinates"":[109.8948293726329,18.4301195046674]}"
2178,0.0,32.0,871.0,29.777833938598633,770.0,18.819120476639732,109.68183656934343,1782.0906982421875,43.0,11.814099311828613,5.0,1.0,0.519958431543604,10.648262023925781,47.0,"{""type"":""Point"",""coordinates"":[109.68167537296554,18.8178244369209]}"
2179,0.0,26.0,355.0,51.1984977722168,330.0,19.277261271540688,109.07996532898335,1761.7506103515625,52.0,18.34310531616211,5.0,2.0,0.5607846782559806,10.648634910583496,40.0,"{""type"":""Point"",""coordinates"":[109.08180969416763,19.278951767430584]}"
2180,0.0,23.0,33.0,6.303346633911133,17.0,19.708452607918062,110.06362056509425,1767.74365234375,46.0,0.2510414123535156,3.0,3.0,0.7619759196865388,15.182440757751465,32.0,"{""type"":""Point"",""coordinates"":[110.06283848437364,19.70620995770373]}"
2181,0.0,24.0,24.0,5.413002967834473,24.0,19.6320958087679,109.36293464348103,1618.1951904296875,51.0,0.2982463538646698,3.0,3.0,0.7278258337896996,15.015357971191406,36.0,"{""type"":""Point"",""coordinates"":[109.36321403080942,19.632935410449363]}"
2182,0.0,30.0,79.0,13.342275619506836,63.0,19.55573900961774,110.26124992760055,1893.507568359375,42.0,1.4095962047576904,2.0,3.0,0.6839562676745286,13.429680824279785,38.0,"{""type"":""Point"",""coordinates"":[110.26251786393247,19.555283225080498]}"
2183,0.0,24.0,112.0,7.618483543395996,78.0,19.41200856415862,109.2371705037043,1745.3204345703125,57.0,0.656779944896698,4.0,3.0,0.6873841145434021,14.173625946044922,32.0,"{""type"":""Point"",""coordinates"":[109.23891072397298,19.409956992779627]}"
2184,0.0,28.0,41.0,5.78157377243042,40.0,19.82972517127419,110.33311515033012,1669.9520263671875,44.0,0.3500835597515106,7.0,4.0,0.7193910523222025,14.571271896362305,35.0,"{""type"":""Point"",""coordinates"":[110.33273153930759,19.831257319919047]}"
2185,0.0,26.0,59.0,11.701128005981445,53.0,19.21887077807292,108.8733528136359,1629.544189453125,51.0,1.7928730249404907,3.0,2.0,0.6623892097184876,13.200923919677734,42.0,"{""type"":""Point"",""coordinates"":[108.87418896128264,19.218035880506715]}"
2186,0.0,21.0,22.0,3.9080100059509277,23.0,19.919556699686147,110.83617170943705,1412.6700439453125,57.0,0.37657061219215393,2.0,4.0,0.6535517527509642,13.407381057739258,50.0,"{""type"":""Point"",""coordinates"":[110.83520465539627,19.917595829166928]}"
2187,0.0,30.0,534.0,35.96006393432617,379.0,19.178446590287543,109.65488711081986,2070.891357421875,41.0,6.9150285720825195,4.0,2.0,0.6041255596704401,11.517208099365234,39.0,"{""type"":""Point"",""coordinates"":[109.65536110005576,19.178701936079644]}"
2188,0.0,25.0,210.0,19.62221908569336,99.0,19.025732991987226,109.91090696679396,1918.6240234375,49.0,2.624601125717163,3.0,2.0,0.6204320988618116,12.726018905639648,41.0,"{""type"":""Point"",""coordinates"":[109.90869745200489,19.024570557774425]}"
2189,0.0,20.0,12.0,3.5565431118011475,12.0,18.864036240845707,108.6622487218678,1249.0335693359375,58.0,0.33958736062049866,2.0,2.0,0.6742374403405406,14.892464637756348,46.0,"{""type"":""Point"",""coordinates"":[108.66144294811993,18.862871210292028]}"
2190,0.0,22.0,144.0,7.930647850036621,96.0,19.488365363308773,109.5515808531461,1805.5992431640625,54.0,0.5505911707878113,3.0,3.0,0.6508040256657518,14.330290794372559,36.0,"{""type"":""Point"",""coordinates"":[109.55237072420955,19.486462324833656]}"
2191,0.0,34.0,52.0,7.859485149383545,53.0,19.928539852527344,110.09955317645904,1551.74951171875,38.0,1.1943058967590332,3.0,4.0,0.6959063679828441,13.33549976348877,34.0,"{""type"":""Point"",""coordinates"":[110.0983957751929,19.92648766105873]}"
2192,0.0,24.0,3.0,5.725607872009277,6.0,18.783187865274954,110.43642140800387,1801.55712890625,44.0,0.11471964418888092,3.0,1.0,0.7119355664509461,15.963826179504395,47.0,"{""type"":""Point"",""coordinates"":[110.43604498037008,18.78176777384261]}"
2193,0.0,27.0,23.0,5.986400127410889,24.0,19.847691476956584,109.27310311506909,1215.3944091796875,45.0,1.3111129999160767,2.0,4.0,0.7085431400850204,13.535059928894043,34.0,"{""type"":""Point"",""coordinates"":[109.27201244462117,19.845974330663825]}"
2194,0.0,32.0,665.0,36.46135330200195,511.0,19.138022402502166,109.29106942075146,1693.499755859375,39.0,15.016297340393066,5.0,2.0,0.5489251251343436,10.609582901000977,40.0,"{""type"":""Point"",""coordinates"":[109.29226044207527,19.136795996186294]}"
2195,0.0,25.0,338.0,16.150691986083984,317.0,18.666406878339416,108.9811506477302,1661.1358642578125,52.0,3.160357713699341,4.0,1.0,0.5690480902568378,12.453289985656738,47.0,"{""type"":""Point"",""coordinates"":[108.9798292004273,18.667236756298898]}"
2196,0.0,28.0,14.0,6.051826477050781,14.0,19.91057354684495,109.82107543838197,1366.45361328125,40.0,0.9786794781684875,3.0,4.0,0.7310814713922692,13.58012580871582,34.0,"{""type"":""Point"",""coordinates"":[109.82272296866732,19.91032540018129]}"
2197,0.0,27.0,196.0,16.47771644592285,180.0,19.088615061875586,108.91826857784184,1643.859619140625,47.0,3.1094729900360107,4.0,2.0,0.6123556113995848,12.565250396728516,39.0,"{""type"":""Point"",""coordinates"":[108.91660257725371,19.08861575254201]}"
2198,0.0,28.0,16.0,5.347141265869141,16.0,19.681503149394473,111.00685161341977,1357.96533203125,41.0,1.4795185327529907,3.0,3.0,0.6649095569089606,12.05244255065918,48.0,"{""type"":""Point"",""coordinates"":[111.00483267137814,19.680460504679335]}"
2199,0.0,25.0,330.0,21.239070892333984,139.0,19.052682450510808,109.69531129860525,1923.936279296875,48.0,3.0888540744781494,4.0,2.0,0.6114766347500679,12.48186206817627,41.0,"{""type"":""Point"",""coordinates"":[109.6960624955389,19.053463751536874]}"
2200,0.0,26.0,178.0,57.01868438720703,154.0,19.15598870818455,110.12650263498261,2152.915771484375,50.0,10.543817520141602,4.0,2.0,0.6041910908817941,11.345269203186035,42.0,"{""type"":""Point"",""coordinates"":[110.12710144772029,19.154907784029078]}"
2201,0.0,21.0,55.0,5.540318012237549,55.0,19.820742018433002,110.05463741225304,1588.25830078125,53.0,0.3764720857143402,2.0,4.0,0.6975465633475089,14.487778663635254,34.0,"{""type"":""Point"",""coordinates"":[110.05426816020453,19.821825953593155]}"
2202,0.0,27.0,25.0,7.0284271240234375,27.0,18.751746830330767,110.30616569180654,1923.364990234375,53.0,0.3113349676132202,2.0,1.0,0.6843585973908941,14.971829414367676,49.0,"{""type"":""Point"",""coordinates"":[110.30574480929481,18.75393037039267]}"
2203,0.0,25.0,142.0,7.713873863220215,96.0,19.528789551094157,109.58751346451089,1698.8143310546875,52.0,0.7144662141799927,2.0,3.0,0.6476830704534994,14.070969581604004,35.0,"{""type"":""Point"",""coordinates"":[109.58805545331252,19.527843809438377]}"
2204,0.0,24.0,5.0,9.29554557800293,8.0,18.3205554939534,109.68632814576404,1818.772216796875,51.0,0.7673488259315491,4.0,0.0,0.7267663149958624,14.081221580505371,43.0,"{""type"":""Point"",""coordinates"":[109.68657807234602,18.321050055854077]}"
2205,0.0,28.0,9.0,8.126550674438477,9.0,19.304210730064277,110.62057604124834,1853.3997802734375,46.0,0.5931429862976074,6.0,3.0,0.7474949701920922,14.068283081054688,39.0,"{""type"":""Point"",""coordinates"":[110.62105264064888,19.305717382964747]}"
2206,0.0,27.0,48.0,5.593449115753174,46.0,19.74887679570344,110.44540456084502,1804.0504150390625,41.0,0.11471964418888092,6.0,4.0,0.7337855064572388,15.681568145751953,32.0,"{""type"":""Point"",""coordinates"":[110.44642832525518,19.746640227901796]}"
2207,0.0,22.0,115.0,18.34419822692871,63.0,19.447941175523397,110.01421322446765,2113.11279296875,53.0,1.6866017580032349,3.0,3.0,0.6942351602321112,13.22842788696289,38.0,"{""type"":""Point"",""coordinates"":[110.01240388641698,19.448358094133127]}"
2208,0.0,27.0,98.0,21.281095504760742,89.0,18.495726974356707,109.26861153864849,1678.1563720703125,50.0,4.336452960968018,4.0,1.0,0.6019806376911032,12.292795181274414,45.0,"{""type"":""Point"",""coordinates"":[109.27025390777708,18.494469347759647]}"
2209,0.0,29.0,307.0,29.060972213745117,279.0,18.536151162142083,109.30903572643388,1752.544921875,45.0,6.931042671203613,4.0,1.0,0.5644249238905242,11.685771942138672,47.0,"{""type"":""Point"",""coordinates"":[109.31009346647267,18.53822911412064]}"
2210,0.0,31.0,260.0,12.824188232421875,122.0,19.196412895969935,109.3898841020046,1829.2066650390625,39.0,1.534285306930542,4.0,2.0,0.6378807539988484,13.23038101196289,36.0,"{""type"":""Point"",""coordinates"":[109.38870487968832,19.195192191977423]}"
2211,0.0,29.0,318.0,34.43082046508789,264.0,18.949376192837065,108.94970961278602,1534.4610595703125,45.0,13.620694160461426,6.0,2.0,0.5473877996242852,10.988354682922363,44.0,"{""type"":""Point"",""coordinates"":[108.95052793327321,18.949015730772686]}"
2212,0.0,26.0,19.0,17.292455673217773,21.0,19.04819087409021,110.5262529364158,1832.4488525390625,41.0,2.198904037475586,5.0,2.0,0.7255086323344195,13.00074577331543,39.0,"{""type"":""Point"",""coordinates"":[110.5252898656142,19.0465473457534]}"
2213,0.0,23.0,49.0,8.448115348815918,49.0,18.720305795386587,110.1579436699268,1980.0189208984375,52.0,0.4015127122402191,4.0,1.0,0.6806509410830297,14.703458786010742,45.0,"{""type"":""Point"",""coordinates"":[110.15937407565856,18.719534565123357]}"
2214,0.0,25.0,339.0,63.83688735961914,305.0,18.71132264254539,109.72675233354943,2134.625,50.0,14.237517356872559,3.0,1.0,0.5550809546080795,10.927517890930176,48.0,"{""type"":""Point"",""coordinates"":[109.72685629103611,18.710809343579747]}"
2215,0.0,24.0,175.0,28.77535629272461,120.0,19.40751698773802,109.99175534236468,2047.8665771484375,49.0,3.8791663646698,5.0,3.0,0.639142509230208,12.356942176818848,38.0,"{""type"":""Point"",""coordinates"":[109.98995495315137,19.409282442491662]}"
2216,0.0,35.0,283.0,64.67698669433594,283.0,18.608016384871647,110.08158687077662,2075.025390625,39.0,16.342567443847656,6.0,1.0,0.5650299711885363,10.82172966003418,45.0,"{""type"":""Point"",""coordinates"":[110.08153803898374,18.60687561145231]}"
2217,0.0,28.0,29.0,9.541203498840332,32.0,18.84606993516332,110.32862357390951,1884.81591796875,42.0,0.6999265551567078,4.0,2.0,0.6894734881767334,14.159364700317383,46.0,"{""type"":""Point"",""coordinates"":[110.32939700657766,18.84785020040018]}"
2218,0.0,25.0,19.0,7.350697994232178,18.0,18.419370175206545,108.98564222415081,1597.001220703125,52.0,0.7949393391609192,3.0,1.0,0.7140580910149874,14.037846565246582,40.0,"{""type"":""Point"",""coordinates"":[108.9872833030229,18.41841407587428]}"
2219,0.0,30.0,273.0,19.154376983642578,149.0,18.82361205306033,109.0709821761422,1570.149169921875,42.0,4.690134048461914,6.0,2.0,0.5867029647082652,12.102234840393066,42.0,"{""type"":""Point"",""coordinates"":[109.06957237122039,18.821521350055225]}"
2220,0.0,27.0,221.0,30.824241638183594,168.0,19.120056096819773,109.99175534236468,2136.840087890625,45.0,3.989530086517334,4.0,2.0,0.6092155272297253,12.29919719696045,45.0,"{""type"":""Point"",""coordinates"":[109.9907844294113,19.118828330062865]}"
2221,0.0,29.0,4.0,5.675960063934326,6.0,19.600654773823713,110.84964643869881,1479.2733154296875,37.0,0.7613815069198608,5.0,3.0,0.7229867014265339,13.309234619140625,40.0,"{""type"":""Point"",""coordinates"":[110.85049360020844,19.599931293195382]}"
2222,0.0,28.0,555.0,42.436866760253906,426.0,18.85056151158392,109.1832715866571,1622.0689697265625,42.0,19.05199432373047,8.0,2.0,0.5200133621189101,10.453375816345215,45.0,"{""type"":""Point"",""coordinates"":[109.182948064213,18.850942878008386]}"
2223,0.0,31.0,585.0,39.800682067871094,431.0,19.133530826081568,109.28657784433085,1693.499755859375,40.0,15.992398262023926,6.0,2.0,0.5514519393323634,10.6144380569458,40.0,"{""type"":""Point"",""coordinates"":[109.28780089036732,19.133577753521852]}"
2224,0.0,30.0,1118.0,19.805269241333008,993.0,18.899968852210492,109.16530528097474,1622.0689697265625,42.0,10.354337692260742,12.0,2.0,0.5147281751878173,10.454485893249512,45.0,"{""type"":""Point"",""coordinates"":[109.16542143903429,18.900228706244107]}"
2225,0.0,26.0,153.0,7.327338218688965,24.0,18.74725525391017,109.16530528097474,1665.188232421875,49.0,0.6770355105400085,2.0,1.0,0.6895511388295579,14.11793041229248,43.0,"{""type"":""Point"",""coordinates"":[109.16596666020146,18.74670957566766]}"
2226,0.0,30.0,69.0,6.212395191192627,62.0,19.6365873851885,110.58015185346295,1821.322509765625,41.0,0.2692655920982361,3.0,3.0,0.7174806961953937,14.645724296569824,31.0,"{""type"":""Point"",""coordinates"":[110.58146786294166,19.63630103075685]}"
2227,0.0,26.0,353.0,39.26781463623047,236.0,19.26827811869949,109.39886725484581,1821.4259033203125,51.0,10.569265365600586,4.0,2.0,0.5945858768124371,11.22494125366211,38.0,"{""type"":""Point"",""coordinates"":[109.39792030370378,19.26767896052474]}"
2228,0.0,24.0,38.0,3.5350515842437744,39.0,19.89260724116256,110.8855790500636,1361.5533447265625,51.0,0.30499523878097534,2.0,4.0,0.6363350196258838,13.580894470214844,49.0,"{""type"":""Point"",""coordinates"":[110.88750825812913,19.89213508973064]}"
2229,0.0,22.0,11.0,6.696660995483398,14.0,18.91344358147228,110.44989613726563,1966.1087646484375,51.0,0.12975747883319855,3.0,2.0,0.7346796561376119,15.835976600646973,42.0,"{""type"":""Point"",""coordinates"":[110.45007573541427,18.915187089017465]}"
2230,0.0,21.0,56.0,11.378576278686523,45.0,19.66802842013268,110.19836785771219,1788.95703125,53.0,1.198599100112915,4.0,3.0,0.7235833417481475,13.567073822021484,33.0,"{""type"":""Point"",""coordinates"":[110.19627246893327,19.669525312883458]}"
2231,0.0,24.0,66.0,11.133508682250977,50.0,19.600654773823713,110.45887929010684,1838.9202880859375,49.0,1.2059177160263062,6.0,3.0,0.7131236413120685,13.314908981323242,35.0,"{""type"":""Point"",""coordinates"":[110.45769302356638,19.60163476488834]}"
2232,0.0,30.0,86.0,9.028194427490234,79.0,19.618621079506106,110.59362658272477,1821.322509765625,40.0,0.8994038105010986,2.0,3.0,0.6857311649591566,13.423720359802246,33.0,"{""type"":""Point"",""coordinates"":[110.59371609799038,19.620858236041226]}"
2233,0.0,25.0,52.0,22.330154418945312,55.0,18.40589544594475,109.69081972218464,1890.600830078125,51.0,3.213688373565674,4.0,1.0,0.6715842444907596,12.620726585388184,42.0,"{""type"":""Point"",""coordinates"":[109.6921324571033,18.405439241350347]}"
2234,0.0,26.0,172.0,20.155458450317383,87.0,19.097598214716783,109.91989011963511,1922.5029296875,49.0,2.7342991828918457,4.0,2.0,0.6233686028636938,12.709357261657715,44.0,"{""type"":""Point"",""coordinates"":[109.91838232783138,19.09749807630805]}"
2235,0.0,38.0,563.0,44.78952407836914,527.0,18.495726974356707,109.54259770030495,1837.821044921875,32.0,15.656241416931152,6.0,1.0,0.5392178444714828,10.655478477478027,45.0,"{""type"":""Point"",""coordinates"":[109.54238550825556,18.497458500163805]}"
2236,0.0,30.0,330.0,24.684595108032227,163.0,18.8775109701075,109.81658386196136,1929.2305908203125,38.0,3.9089906215667725,6.0,2.0,0.5882719985670702,12.24579906463623,46.0,"{""type"":""Point"",""coordinates"":[109.81797986791383,18.876225951096558]}"
2237,0.0,29.0,87.0,10.070805549621582,87.0,19.479382210467584,110.59362658272477,1924.954345703125,41.0,0.842968225479126,4.0,3.0,0.6623444895327787,13.65645694732666,38.0,"{""type"":""Point"",""coordinates"":[110.59444501232016,19.47782623568264]}"
2238,0.0,27.0,23.0,6.912563800811768,24.0,19.99142192241571,110.28819938612412,1565.65576171875,45.0,1.1172510385513306,2.0,4.0,0.7171037319474376,12.793747901916504,37.0,"{""type"":""Point"",""coordinates"":[110.28729446675085,19.993016781660263]}"
2240,0.0,26.0,596.0,32.15719223022461,500.0,19.115564520399175,109.1832715866571,1758.5733642578125,51.0,10.174140930175781,6.0,2.0,0.5708544305723322,11.073095321655273,40.0,"{""type"":""Point"",""coordinates"":[109.18332428625689,19.117117898309633]}"
2241,0.0,28.0,892.0,35.558509826660156,838.0,19.039207721249014,109.10242321108637,1672.6319580078125,48.0,19.96380043029785,8.0,2.0,0.5238314394452956,10.072168350219727,40.0,"{""type"":""Point"",""coordinates"":[109.10185516623896,19.03744490120782]}"
2242,0.0,24.0,96.0,15.98967456817627,58.0,19.15598870818455,110.05014583583244,2101.611083984375,46.0,1.307620882987976,4.0,2.0,0.6846755213187247,13.494589805603027,42.0,"{""type"":""Point"",""coordinates"":[110.04845205124744,19.154413341975854]}"
2243,0.0,28.0,22.0,9.673534393310547,20.0,19.735402066441644,110.38252249095666,1790.3109130859375,39.0,0.9607059359550476,4.0,3.0,0.763398637301732,13.576191902160645,31.0,"{""type"":""Point"",""coordinates"":[110.38381283557179,19.737082687096603]}"
2244,0.0,23.0,36.0,5.952260971069336,37.0,19.322177035746662,108.7116560624944,1291.7176513671875,56.0,1.117946982383728,4.0,3.0,0.6733068916330532,13.686942100524902,40.0,"{""type"":""Point"",""coordinates"":[108.71229972073043,19.320433912909984]}"
2245,0.0,28.0,8.0,4.677976131439209,10.0,19.641078961609097,110.97091900205498,1329.156494140625,42.0,1.1165926456451416,4.0,3.0,0.6898550667130414,12.354085922241211,44.0,"{""type"":""Point"",""coordinates"":[110.97065819312705,19.640518215914508]}"
2246,0.0,27.0,241.0,27.48880386352539,241.0,18.365471258159374,109.25513680938667,1549.8916015625,53.0,9.165966033935547,4.0,1.0,0.5819316811017892,11.447259902954102,40.0,"{""type"":""Point"",""coordinates"":[109.25470204036735,18.36332824654341]}"
2247,0.0,26.0,113.0,26.614322662353516,111.0,18.35199652889758,109.29106942075146,1549.8916015625,54.0,7.986300468444824,4.0,0.0,0.5929399990278691,11.66841983795166,40.0,"{""type"":""Point"",""coordinates"":[109.29023311602089,18.351382701006226]}"
2248,0.0,24.0,35.0,5.397456169128418,35.0,19.600654773823713,109.09793163466577,1315.5086669921875,51.0,0.82407146692276,4.0,3.0,0.6912416671355193,13.992574691772461,37.0,"{""type"":""Point"",""coordinates"":[109.09894875165693,19.60095970141431]}"
2249,0.0,27.0,596.0,20.29344367980957,509.0,18.65293214907762,109.41683356052818,1786.7757568359375,47.0,4.268518447875977,8.0,1.0,0.5646283099714711,11.950413703918457,46.0,"{""type"":""Point"",""coordinates"":[109.41825635688157,18.651854318354374]}"
2250,0.0,24.0,187.0,38.05500793457031,128.0,19.10208979113738,109.9513311545793,2136.840087890625,52.0,5.544411659240723,4.0,2.0,0.6103126864743011,11.990534782409668,44.0,"{""type"":""Point"",""coordinates"":[109.95175711427058,19.10432106857302]}"
2251,0.0,26.0,859.0,41.5978889465332,772.0,18.82810362948093,109.76268494491421,1974.5142822265625,46.0,14.030184745788574,5.0,2.0,0.537812005679029,10.483915328979492,44.0,"{""type"":""Point"",""coordinates"":[109.76054716371331,18.82856302724665]}"
2252,0.0,29.0,432.0,43.50318145751953,317.0,19.232345507334713,109.35395149063982,1965.4891357421875,50.0,11.232515335083008,5.0,2.0,0.6012084631309564,11.104458808898926,37.0,"{""type"":""Point"",""coordinates"":[109.35579946281467,19.232107761335975]}"
2253,0.0,27.0,299.0,51.43114471435547,273.0,19.030224568407817,110.13997736424443,2248.167724609375,48.0,8.475191116333008,4.0,2.0,0.5911733258047432,11.487723350524902,46.0,"{""type"":""Point"",""coordinates"":[110.14001782781561,19.031058529940495]}"
2254,0.0,25.0,3.0,5.861315727233887,6.0,18.908952005051688,110.49930347789223,1885.420654296875,42.0,0.0606318935751915,3.0,2.0,0.7349934961006845,16.601497650146484,43.0,"{""type"":""Point"",""coordinates"":[110.50031774555397,18.909758739966893]}"
2255,0.0,23.0,161.0,9.045284271240234,147.0,19.488365363308773,109.30454415001327,1680.23779296875,53.0,1.0116699934005737,4.0,3.0,0.6413708632175233,13.711223602294922,35.0,"{""type"":""Point"",""coordinates"":[109.30373546611554,19.4889491928038]}"
2256,0.0,32.0,737.0,27.429569244384766,731.0,18.437336480888938,109.50666508894017,1757.9405517578125,39.0,8.708703994750977,5.0,1.0,0.5527065422172437,11.10138988494873,43.0,"{""type"":""Point"",""coordinates"":[109.50829158301146,18.43783209733544]}"
2257,0.0,26.0,162.0,13.272282600402832,138.0,18.8820025465281,110.1624352463474,2022.827880859375,52.0,1.197121024131775,4.0,2.0,0.616614987181602,13.542236328125,45.0,"{""type"":""Point"",""coordinates"":[110.1637711517195,18.881103777597726]}"
2258,0.0,32.0,0.0,3.9293384552001953,1.0,19.93752300536854,110.59362658272477,1610.8157958984375,39.0,0.0,8.0,4.0,0.7606586535387826,15.736835479736328,44.0,"{""type"":""Point"",""coordinates"":[110.59498282387315,19.938494966286786]}"
2259,0.0,23.0,41.0,5.861974716186523,41.0,19.703961031497464,109.34945991421921,1468.3585205078125,52.0,0.6314765810966492,2.0,3.0,0.7058639723871116,14.25529956817627,34.0,"{""type"":""Point"",""coordinates"":[109.34900678144707,19.701978515410442]}"
2260,0.0,29.0,27.0,2.7581870555877686,27.0,19.91057354684495,109.69980287502585,1150.65625,40.0,0.2109460085630417,2.0,4.0,0.7088449929420112,15.359943389892578,33.0,"{""type"":""Point"",""coordinates"":[109.69825747066285,19.90878383163407]}"
2261,0.0,28.0,23.0,5.454193592071533,24.0,19.88811566474196,110.51277820715399,1690.9013671875,40.0,0.28679710626602173,6.0,4.0,0.7168391586095679,14.153717041015625,40.0,"{""type"":""Point"",""coordinates"":[110.51458999407116,19.88794018832713]}"
2262,0.0,24.0,56.0,6.64652681350708,54.0,19.173955013866944,108.80597916732694,1528.54248046875,55.0,0.7787653803825378,2.0,2.0,0.6625595269566988,14.036823272705078,41.0,"{""type"":""Point"",""coordinates"":[108.80521967170361,19.172919600998537]}"
2263,0.0,23.0,50.0,6.225142002105713,43.0,19.376075952793833,109.0709821761422,1600.7041015625,56.0,0.5378100275993347,4.0,3.0,0.703998841630955,14.410592079162598,36.0,"{""type"":""Point"",""coordinates"":[109.07206675159411,19.37828971950869]}"
2264,0.0,32.0,205.0,39.124656677246094,150.0,19.416500140579217,109.91539854321451,2004.23388671875,38.0,7.092029094696045,5.0,3.0,0.6243644453510984,11.730788230895996,38.0,"{""type"":""Point"",""coordinates"":[109.91655655693907,19.416385972220166]}"
2265,0.0,34.0,61.0,8.210592269897461,47.0,19.757859948544635,109.83005859122318,1556.604248046875,41.0,1.1726523637771606,4.0,4.0,0.6985888876636402,13.624479293823242,35.0,"{""type"":""Point"",""coordinates"":[109.83181929637983,19.759381077747168]}"
2266,0.0,29.0,199.0,26.38818359375,179.0,18.473269092253716,109.40335883126642,1813.771240234375,49.0,5.297922611236572,4.0,1.0,0.583941781840783,12.028585433959961,46.0,"{""type"":""Point"",""coordinates"":[109.40127194100906,18.47468501593871]}"
2267,0.0,30.0,8.0,6.322987079620361,9.0,19.977947193153916,110.48582874863041,1534.7177734375,41.0,1.02068030834198,3.0,4.0,0.725007891953215,12.844949722290039,39.0,"{""type"":""Point"",""coordinates"":[110.48678958445907,19.977472115718648]}"
2268,0.0,31.0,107.0,9.375361442565918,105.0,19.51980639825296,109.21022104518073,1632.4688720703125,45.0,1.2788063287734985,3.0,3.0,0.644726252591679,13.510214805603027,34.0,"{""type"":""Point"",""coordinates"":[109.20962693379407,19.519458861631257]}"
2269,0.0,33.0,461.0,19.451684951782227,416.0,18.949376192837065,108.90928542500069,1534.4610595703125,42.0,6.0891642570495605,7.0,2.0,0.561226447711381,11.703699111938477,44.0,"{""type"":""Point"",""coordinates"":[108.91127250195052,18.949177103071687]}"
2270,0.0,23.0,140.0,6.721414566040039,107.0,19.591671620982524,109.86149962616736,1812.8343505859375,53.0,0.3253185749053955,4.0,3.0,0.6530632389020988,14.858983039855957,35.0,"{""type"":""Point"",""coordinates"":[109.8594283390955,19.590246090054]}"
2271,0.0,23.0,136.0,14.398017883300781,84.0,19.456924328364593,109.86599120258796,1938.46728515625,55.0,1.5248104333877563,3.0,3.0,0.6645457990825212,13.316414833068848,37.0,"{""type"":""Point"",""coordinates"":[109.86568834347398,19.45552696362848]}"
2272,0.0,28.0,278.0,19.225481033325195,100.0,19.169463437446346,109.57403873524913,1867.769775390625,41.0,2.7719273567199707,4.0,2.0,0.625782774394239,12.62622356414795,38.0,"{""type"":""Point"",""coordinates"":[109.57354928007395,19.169073782495676]}"
2273,0.0,26.0,161.0,19.513992309570312,145.0,18.531659585721485,109.27310311506909,1700.729248046875,54.0,3.866419792175293,4.0,1.0,0.5843717322820757,12.369081497192383,46.0,"{""type"":""Point"",""coordinates"":[109.27238131282607,18.531369836516745]}"
2274,0.0,25.0,59.0,5.026849269866943,59.0,19.33116018858786,108.85089493153288,1481.8665771484375,51.0,0.41788068413734436,3.0,3.0,0.6648181880691225,14.657610893249512,39.0,"{""type"":""Point"",""coordinates"":[108.84983405687277,19.331381493870246]}"
2275,0.0,25.0,45.0,18.4199275970459,43.0,18.99429195704304,110.3735393381155,2064.3056640625,48.0,1.7960638999938965,3.0,2.0,0.7085895837359456,13.207379341125488,40.0,"{""type"":""Point"",""coordinates"":[110.37277075694824,18.992056062233775]}"
2276,0.0,29.0,1218.0,50.317047119140625,988.0,18.895477275789894,109.71776918070822,2059.53466796875,41.0,32.9857292175293,11.0,2.0,0.4766027284665475,9.015220642089844,44.0,"{""type"":""Point"",""coordinates"":[109.71779367344439,18.89382299990851]}"
2277,0.0,36.0,622.0,26.902624130249023,403.0,19.079631909034397,109.34047676137806,1627.8504638671875,36.0,9.99661922454834,5.0,2.0,0.5620454466328313,11.068318367004395,40.0,"{""type"":""Point"",""coordinates"":[109.34081150461111,19.078646031946693]}"
2278,0.0,37.0,160.0,7.015098571777344,160.0,19.76684310138583,109.56505558240792,1414.591064453125,38.0,1.2664716243743896,4.0,4.0,0.6293011037312624,13.487160682678223,34.0,"{""type"":""Point"",""coordinates"":[109.5645621438894,19.76633574840893]}"
2279,0.0,19.0,72.0,8.518704414367676,59.0,19.6365873851885,110.17590997560922,1831.189697265625,55.0,0.5653412938117981,2.0,3.0,0.7103647314869673,14.347654342651367,33.0,"{""type"":""Point"",""coordinates"":[110.17394926821612,19.635574177332252]}"
2280,0.0,31.0,323.0,33.96071243286133,118.0,19.120056096819773,109.35395149063982,1786.149169921875,38.0,8.308382034301758,4.0,2.0,0.5921330428821739,11.491233825683594,40.0,"{""type"":""Point"",""coordinates"":[109.35467690330296,19.120312108061203]}"
2281,0.0,25.0,242.0,17.607505798339844,240.0,18.774204712433757,108.77902970880336,1348.03369140625,55.0,6.515331268310547,4.0,1.0,0.5559279885964048,11.792195320129395,45.0,"{""type"":""Point"",""coordinates"":[108.77933548187339,18.77197591889783]}"
2282,0.0,27.0,426.0,31.851346969604492,309.0,19.277261271540688,109.41683356052818,1867.65478515625,49.0,7.269840240478516,4.0,2.0,0.5982837214015027,11.551612854003906,39.0,"{""type"":""Point"",""coordinates"":[109.41665766683172,19.278674947459873]}"
2283,0.0,39.0,108.0,6.389950752258301,107.0,19.80277571275061,109.78963440343779,1424.9788818359375,37.0,1.0547288656234741,8.0,4.0,0.6323324598846056,13.702302932739258,35.0,"{""type"":""Point"",""coordinates"":[109.78825648785946,19.801360069875162]}"
2284,0.0,22.0,76.0,4.630760669708252,61.0,19.71294418433866,109.62344607587568,1597.5751953125,52.0,0.13468605279922485,2.0,3.0,0.6954022863671253,15.779784202575684,33.0,"{""type"":""Point"",""coordinates"":[109.622559889092,19.714059813048625]}"
2285,0.0,25.0,16.0,11.901158332824707,15.0,19.227853930914115,110.42743825516266,2279.2939453125,44.0,0.49933329224586487,4.0,2.0,0.7645973072821756,14.485414505004883,39.0,"{""type"":""Point"",""coordinates"":[110.42898152365242,19.22876058117517]}"
2286,0.0,28.0,15.0,11.150505065917969,17.0,19.043699297669612,110.46337086652744,1919.6075439453125,42.0,0.9176799058914185,4.0,2.0,0.743812253544231,13.87736701965332,38.0,"{""type"":""Point"",""coordinates"":[110.46318288528393,19.045870999142977]}"
2287,0.0,23.0,92.0,7.331182956695557,80.0,19.147005555343355,108.92276015426245,1666.4306640625,55.0,0.6714838743209839,4.0,2.0,0.6459987059562656,14.163604736328125,40.0,"{""type"":""Point"",""coordinates"":[108.92123493168324,19.147932691403874]}"
2288,0.0,27.0,277.0,14.865891456604004,172.0,18.814628900219134,109.9558227309999,1956.7984619140625,50.0,1.6880306005477905,4.0,1.0,0.6038740756936215,13.123373031616211,45.0,"{""type"":""Point"",""coordinates"":[109.95652723989767,18.81407414113123]}"
2289,0.0,28.0,379.0,71.43717193603516,336.0,18.71132264254539,109.65039553439925,2155.95458984375,47.0,17.659440994262695,5.0,1.0,0.5452718035462834,10.671908378601074,48.0,"{""type"":""Point"",""coordinates"":[109.64847916937919,18.712657448182064]}"
2290,0.0,25.0,199.0,15.072603225708008,102.0,19.46590748120579,109.70429445144646,1928.3099365234375,52.0,1.7240556478500366,4.0,3.0,0.6512399003288744,13.15377426147461,35.0,"{""type"":""Point"",""coordinates"":[109.70499412755385,19.467158797753093]}"
2291,0.0,28.0,334.0,45.53854751586914,333.0,18.45979436299192,109.65039553439925,1922.37890625,48.0,11.457443237304688,4.0,1.0,0.5761816281625465,11.155719757080078,43.0,"{""type"":""Point"",""coordinates"":[109.65050424208074,18.458158995552687]}"
2292,0.0,28.0,99.0,18.6756649017334,69.0,19.483873786888182,110.42294667874205,2020.968994140625,38.0,1.970645785331726,4.0,3.0,0.6828339989438232,13.042916297912598,38.0,"{""type"":""Point"",""coordinates"":[110.42377707732113,19.486116717162375]}"
2293,0.0,32.0,37.0,7.105476379394531,38.0,19.933031428947942,110.10404475287964,1530.3651123046875,39.0,0.9828643798828125,3.0,4.0,0.7128685688635028,13.541956901550293,34.0,"{""type"":""Point"",""coordinates"":[110.10386343978283,19.93388989574078]}"
2294,0.0,26.0,175.0,11.262235641479492,129.0,19.488365363308773,109.52463139462253,1794.506591796875,51.0,1.2945727109909058,5.0,3.0,0.6426654083940488,13.455740928649902,36.0,"{""type"":""Point"",""coordinates"":[109.52368958502085,19.48812940586487]}"
2295,0.0,24.0,74.0,4.301954746246338,74.0,19.501840092570568,109.12038951676874,1497.8438720703125,56.0,0.23737041652202606,4.0,3.0,0.6717816075367784,15.2142972946167,34.0,"{""type"":""Point"",""coordinates"":[109.12062296476479,19.503942104438153]}"
2296,0.0,29.0,274.0,11.697868347167969,118.0,18.85056151158392,109.3943756784252,1730.195068359375,47.0,1.634203314781189,4.0,2.0,0.5909083080308362,13.157830238342285,45.0,"{""type"":""Point"",""coordinates"":[109.39414924125387,18.851433336464787]}"
2297,0.0,31.0,88.0,19.324363708496094,59.0,18.666406878339416,109.70429445144646,2052.630615234375,42.0,2.1070492267608643,5.0,1.0,0.6523938784797194,13.022051811218262,48.0,"{""type"":""Point"",""coordinates"":[109.70579686144006,18.66708342740722]}"
2298,0.0,30.0,153.0,12.640788078308105,128.0,19.488365363308773,110.46786244294805,1950.7633056640625,45.0,1.4286184310913086,5.0,3.0,0.6352538107368813,13.0747652053833,40.0,"{""type"":""Point"",""coordinates"":[110.46934962403384,19.489846479562413]}"
2299,0.0,27.0,48.0,20.770524978637695,39.0,18.495726974356707,109.28208626791024,1678.1563720703125,50.0,4.089776992797852,12.0,1.0,0.6628266306551162,12.381355285644531,46.0,"{""type"":""Point"",""coordinates"":[109.28184947639876,18.494817986290183]}"
2300,0.0,26.0,145.0,27.825101852416992,148.0,18.392420716682963,109.68183656934343,1837.5081787109375,50.0,5.13988733291626,3.0,1.0,0.6058482887686125,12.093217849731445,42.0,"{""type"":""Point"",""coordinates"":[109.68298650039142,18.391187574276593]}"
2301,0.0,25.0,254.0,9.428789138793945,252.0,18.48674382151551,109.12937266960995,1610.546142578125,57.0,1.4588758945465088,3.0,1.0,0.5849535509454198,13.284815788269043,45.0,"{""type"":""Point"",""coordinates"":[109.1289724628435,18.48513581384287]}"
2302,0.0,22.0,40.0,4.730820178985596,40.0,19.78031783064762,110.89456220290481,1448.2777099609375,55.0,0.7514033317565918,2.0,4.0,0.6479747311237382,12.6744384765625,47.0,"{""type"":""Point"",""coordinates"":[110.89357544166602,19.778715120478992]}"
2303,0.0,31.0,12.0,3.4810264110565186,14.0,19.659045267291482,110.98439373131674,1269.6038818359375,39.0,0.5476085543632507,4.0,3.0,0.678714068087142,13.057769775390625,45.0,"{""type"":""Point"",""coordinates"":[110.98257835661298,19.66015030050644]}"
2304,0.0,25.0,26.0,6.341777324676514,26.0,19.286244424381884,108.81496232016809,1448.96337890625,52.0,0.838962972164154,2.0,3.0,0.6949737288231232,13.979890823364258,40.0,"{""type"":""Point"",""coordinates"":[108.81605016392095,19.28773947904947]}"
2305,0.0,22.0,89.0,10.763930320739746,64.0,19.51980639825296,110.14446894066504,1965.41162109375,53.0,0.779127299785614,4.0,3.0,0.703610891093868,14.016709327697754,35.0,"{""type"":""Point"",""coordinates"":[110.14528319401238,19.520466826398067]}"
2306,0.0,25.0,33.0,6.303533554077148,33.0,19.079631909034397,108.71614763891495,1277.7833251953125,50.0,1.2455264329910278,2.0,2.0,0.6618684883586123,13.580594062805176,43.0,"{""type"":""Point"",""coordinates"":[108.71644614176985,19.08029733542142]}"
2307,0.0,27.0,295.0,45.98108673095703,198.0,19.263786542278893,109.798617556279,1975.084716796875,50.0,10.492668151855469,4.0,2.0,0.6063485270762784,11.273002624511719,38.0,"{""type"":""Point"",""coordinates"":[109.79843183941091,19.263302144832675]}"
2308,0.0,32.0,681.0,23.965944290161133,542.0,18.855053088004517,109.24615365654546,1626.8511962890625,39.0,8.274373054504395,6.0,2.0,0.5462098058081114,11.207011222839355,44.0,"{""type"":""Point"",""coordinates"":[109.24642344822583,18.85415249217812]}"
2309,0.0,23.0,56.0,5.639952182769775,56.0,19.83421674769479,110.05912898867365,1588.25830078125,52.0,0.42683228850364685,4.0,4.0,0.6977087182234846,14.361449241638184,34.0,"{""type"":""Point"",""coordinates"":[110.05745672071984,19.83432043904992]}"
2310,0.0,29.0,627.0,25.516902923583984,430.0,18.864036240845707,109.57403873524913,1743.0345458984375,47.0,7.304889678955078,5.0,2.0,0.5535788924461028,11.382367134094238,45.0,"{""type"":""Point"",""coordinates"":[109.57463584842101,18.86334263479899]}"
2311,0.0,25.0,29.0,4.927986145019531,29.0,19.88362408832137,110.94846111995196,1283.242919921875,50.0,1.6741206645965576,2.0,4.0,0.635033165920774,11.899024963378906,50.0,"{""type"":""Point"",""coordinates"":[110.9484819967676,19.883279638717152]}"
2312,0.0,23.0,75.0,13.193574905395508,49.0,19.506331668991166,110.3735393381155,1906.7623291015625,47.0,1.264570951461792,5.0,3.0,0.703190281626114,13.501768112182617,38.0,"{""type"":""Point"",""coordinates"":[110.37435674980382,19.505789578895612]}"
2313,0.0,25.0,90.0,14.48553466796875,64.0,19.506331668991166,110.43192983158326,1901.3060302734375,50.0,1.7273168563842773,5.0,3.0,0.6793867564823448,13.05741024017334,39.0,"{""type"":""Point"",""coordinates"":[110.43348141044899,19.506044743184535]}"
2314,0.0,25.0,24.0,4.879032135009766,8.0,19.74887679570344,110.10404475287964,1779.0294189453125,45.0,0.0,2.0,4.0,0.7778682067762923,16.51620101928711,31.0,"{""type"":""Point"",""coordinates"":[110.10562064084392,19.749917307016894]}"
2315,0.0,26.0,44.0,5.337064266204834,44.0,19.173955013866944,108.75657182670034,1357.2413330078125,52.0,0.7675663232803345,2.0,2.0,0.6641558779313677,14.058361053466797,41.0,"{""type"":""Point"",""coordinates"":[108.75757218573429,19.172062124254264]}"
2316,0.0,26.0,175.0,30.59189224243164,96.0,19.29522757722308,110.0052300716265,2184.4326171875,50.0,3.7403817176818848,4.0,3.0,0.6512152221022943,12.393482208251953,38.0,"{""type"":""Point"",""coordinates"":[110.00316102990601,19.29606894941522]}"
2317,0.0,26.0,250.0,31.436429977416992,145.0,18.886494122948697,109.92887327247632,2047.8345947265625,48.0,4.7540483474731445,5.0,2.0,0.6006482384581077,12.104069709777832,45.0,"{""type"":""Point"",""coordinates"":[109.92726499679164,18.88804496048728]}"
2318,0.0,28.0,98.0,13.963763236999512,72.0,19.546755856776542,110.50828663073344,1909.635009765625,48.0,1.7877328395843506,7.0,3.0,0.6719664292276798,12.895626068115234,39.0,"{""type"":""Point"",""coordinates"":[110.5090781600199,19.547479697686658]}"
2319,0.0,27.0,763.0,15.213946342468262,742.0,18.67988160760121,108.88682754289766,1418.91015625,49.0,6.185329437255859,8.0,1.0,0.5280078229106913,11.421430587768555,46.0,"{""type"":""Point"",""coordinates"":[108.88798418125765,18.679079432463766]}"
2320,0.0,25.0,43.0,5.779805660247803,43.0,19.340143341429055,108.80597916732694,1358.8919677734375,53.0,0.8935997486114502,2.0,3.0,0.6650210331838498,13.906891822814941,41.0,"{""type"":""Point"",""coordinates"":[108.80486432952591,19.33891287176211]}"
2321,0.0,28.0,417.0,30.93964385986328,371.0,18.760729983171963,110.01421322446765,2117.95166015625,46.0,4.69927453994751,6.0,1.0,0.5956541889147569,11.997844696044922,45.0,"{""type"":""Point"",""coordinates"":[110.01365450448965,18.76252463401168]}"
2322,0.0,28.0,331.0,20.713184356689453,194.0,19.151497131763954,109.2775946914897,1777.8148193359375,43.0,3.7523324489593506,5.0,2.0,0.6193922270549066,12.28611946105957,37.0,"{""type"":""Point"",""coordinates"":[109.27661304435745,19.15255134012032]}"
2323,0.0,26.0,89.0,5.356071949005127,89.0,19.838708324115387,110.09506160003843,1588.25830078125,47.0,0.36512434482574463,3.0,4.0,0.6629241679595785,14.49161148071289,33.0,"{""type"":""Point"",""coordinates"":[110.09332939519572,19.83868519306568]}"
2324,0.0,24.0,237.0,17.152198791503906,131.0,18.62149111413344,109.15183055171292,1741.30517578125,55.0,2.952901601791382,3.0,1.0,0.5842247676719864,12.59030818939209,46.0,"{""type"":""Point"",""coordinates"":[109.15014163481207,18.619434471359995]}"
2325,0.0,24.0,44.0,23.821815490722656,39.0,18.79217101811615,110.2073510105534,1984.38037109375,53.0,3.107215642929077,4.0,1.0,0.6689094560070596,12.65918254852295,48.0,"{""type"":""Point"",""coordinates"":[110.20591202997879,18.79138651643401]}"
2326,0.0,24.0,44.0,4.073630332946777,44.0,19.003275109884235,108.76106340312094,1296.5657958984375,54.0,0.46286195516586304,2.0,2.0,0.6525547031501151,14.564194679260254,43.0,"{""type"":""Point"",""coordinates"":[108.75918433731763,19.00177057391527]}"
2327,0.0,29.0,919.0,28.23680305480957,729.0,18.873019393686903,109.55607242956671,1743.0345458984375,48.0,12.247488021850586,6.0,2.0,0.523486573794872,10.555129051208496,45.0,"{""type"":""Point"",""coordinates"":[109.55603210676166,18.870944507220543]}"
2328,0.0,28.0,60.0,6.88933801651001,58.0,19.74887679570344,110.58913500630416,1749.2520751953125,40.0,0.4875441789627075,5.0,4.0,0.7054906598938963,14.060338973999023,34.0,"{""type"":""Point"",""coordinates"":[110.58812341585175,19.748611726226137]}"
2329,0.0,24.0,131.0,7.129048824310303,92.0,19.04819087409021,108.90479384858008,1570.812255859375,48.0,0.7514142394065857,3.0,2.0,0.6145735217336915,14.027351379394531,42.0,"{""type"":""Point"",""coordinates"":[108.90688332593517,19.047283683892186]}"
2330,0.0,26.0,19.0,8.43050479888916,16.0,19.26827811869949,110.38701406737727,2300.58349609375,51.0,0.12981832027435303,5.0,2.0,0.7803728932537006,15.850038528442383,36.0,"{""type"":""Point"",""coordinates"":[110.38706271157817,19.268172379796308]}"
2331,0.0,27.0,361.0,40.64131546020508,253.0,18.643948996236425,109.2281873508631,1805.4715576171875,53.0,12.155503273010254,4.0,1.0,0.5533298005666422,11.075645446777344,46.0,"{""type"":""Point"",""coordinates"":[109.2285927258367,18.642363225784667]}"
2332,0.0,37.0,76.0,14.628758430480957,73.0,19.77133467780643,110.01421322446765,1695.315185546875,37.0,2.443911075592041,5.0,4.0,0.6868453861223831,12.880770683288574,32.0,"{""type"":""Point"",""coordinates"":[110.01349405263419,19.770240177142234]}"
2333,0.0,21.0,29.0,5.930273056030273,29.0,19.15598870818455,108.75208025027973,1357.2413330078125,54.0,0.8603338003158569,2.0,2.0,0.6813875908261148,13.952994346618652,41.0,"{""type"":""Point"",""coordinates"":[108.75226987064516,19.15431128960318]}"
2334,0.0,29.0,13.0,3.165853977203369,13.0,19.057174026931406,108.7071644860738,1277.7833251953125,44.0,0.18246637284755707,2.0,2.0,0.6842029357480901,15.513063430786133,44.0,"{""type"":""Point"",""coordinates"":[108.70887297113501,19.05870499340241]}"
2335,0.0,31.0,729.0,29.60529327392578,605.0,18.940393039995868,109.12937266960995,1654.0726318359375,41.0,12.013225555419922,5.0,2.0,0.5470348477573813,10.780492782592773,41.0,"{""type"":""Point"",""coordinates"":[109.13138633528085,18.941716895904932]}"
2336,0.0,30.0,334.0,11.008835792541504,327.0,18.60352480845105,108.90479384858008,1490.810302734375,43.0,2.305838108062744,5.0,1.0,0.5538854938652245,12.771830558776855,49.0,"{""type"":""Point"",""coordinates"":[108.90408926587779,18.60161486986512]}"
2337,0.0,22.0,83.0,10.492826461791992,72.0,19.371584376373235,109.13835582245116,1701.1917724609375,58.0,1.3160841464996338,3.0,3.0,0.6678872953451076,13.495955467224121,37.0,"{""type"":""Point"",""coordinates"":[109.13961658077785,19.372145776718273]}"
2338,0.0,31.0,31.0,9.415298461914062,32.0,19.479382210467584,110.66100022903373,1844.740966796875,38.0,0.9176799058914185,4.0,3.0,0.7263665859624653,13.454139709472656,37.0,"{""type"":""Point"",""coordinates"":[110.66304406747045,19.47983496059558]}"
2339,0.0,26.0,189.0,20.747093200683594,148.0,18.751746830330767,109.74022706281124,2001.7784423828125,45.0,2.478549003601074,4.0,1.0,0.5910461079434235,12.796876907348633,49.0,"{""type"":""Point"",""coordinates"":[109.74070692933282,18.751495729240126]}"
2340,0.0,28.0,1083.0,49.001976013183594,887.0,18.890985699369296,109.70878602786706,2059.53466796875,48.0,24.918441772460938,7.0,2.0,0.5021845667986863,9.574999809265137,44.0,"{""type"":""Point"",""coordinates"":[109.70944182293469,18.88965789944938]}"
2341,0.0,29.0,215.0,12.648516654968262,198.0,19.227853930914115,110.19836785771219,2268.6474609375,40.0,0.656722903251648,4.0,2.0,0.6522125810712033,14.10884952545166,40.0,"{""type"":""Point"",""coordinates"":[110.20032886392032,19.228699452014027]}"
2342,0.0,26.0,5.0,3.809091329574585,7.0,19.6365873851885,110.96193584921377,1329.156494140625,45.0,0.5162250995635986,2.0,3.0,0.693567578030432,13.132294654846191,44.0,"{""type"":""Point"",""coordinates"":[110.96337880976722,19.638062369500688]}"
2343,0.0,28.0,270.0,23.113101959228516,268.0,18.45530278657133,109.21920419802188,1821.7725830078125,50.0,4.3541789054870605,3.0,1.0,0.5912591536831096,12.178895950317383,44.0,"{""type"":""Point"",""coordinates"":[109.2199322885426,18.453541328919986]}"
2344,0.0,26.0,276.0,37.849281311035156,276.0,18.643948996236425,110.06811214151486,2075.025390625,49.0,6.324744701385498,3.0,1.0,0.5939369257720701,11.799360275268555,45.0,"{""type"":""Point"",""coordinates"":[110.06795476866435,18.643689005823504]}"
2345,0.0,26.0,55.0,9.69094467163086,42.0,18.57208377350686,109.68632814576404,1885.53125,44.0,0.7118180394172668,4.0,1.0,0.6811834058502326,14.127310752868652,45.0,"{""type"":""Point"",""coordinates"":[109.68720859740769,18.572510197007762]}"
2346,0.0,25.0,236.0,23.168575286865234,215.0,18.940393039995868,108.8688612372153,1477.794677734375,55.0,7.781221866607666,4.0,2.0,0.5643912918121927,11.616754531860352,44.0,"{""type"":""Point"",""coordinates"":[108.86763085923346,18.93958996630737]}"
2347,0.0,27.0,35.0,6.830718994140625,35.0,19.434466446261602,108.94970961278602,1593.3924560546875,47.0,0.6691411733627319,3.0,3.0,0.7032738438632974,14.200860977172852,38.0,"{""type"":""Point"",""coordinates"":[108.94869978631198,19.436034757434022]}"
2348,0.0,25.0,31.0,3.3392250537872314,32.0,19.91057354684495,110.9304948142696,1260.01318359375,48.0,0.5304468870162964,4.0,4.0,0.6348008726746994,12.837021827697754,50.0,"{""type"":""Point"",""coordinates"":[110.93254920602614,19.90980240671448]}"
2349,0.0,29.0,60.0,8.829123497009277,51.0,19.650062114450293,110.30616569180654,1800.045166015625,44.0,0.8420701622962952,4.0,3.0,0.7276899700110201,13.678808212280273,31.0,"{""type"":""Point"",""coordinates"":[110.30441533101299,19.648695446720172]}"
2350,0.0,29.0,28.0,14.608449935913086,30.0,19.052682450510808,110.45887929010684,1961.82275390625,43.0,1.4593032598495483,3.0,2.0,0.7194358151418161,13.405712127685547,40.0,"{""type"":""Point"",""coordinates"":[110.45827208191471,19.053276450726123]}"
2351,0.0,28.0,140.0,25.146699905395508,70.0,19.51980639825296,109.6414123815581,1735.52392578125,48.0,5.21775484085083,4.0,3.0,0.665449732533046,12.081206321716309,35.0,"{""type"":""Point"",""coordinates"":[109.64132616812314,19.519997064331715]}"
2352,0.0,26.0,23.0,4.542315483093262,20.0,19.784809407068217,110.7283738753427,1634.4227294921875,53.0,0.1916586458683014,3.0,4.0,0.7160125962842048,14.495087623596191,40.0,"{""type"":""Point"",""coordinates"":[110.72966517222522,19.785950773204213]}"
2353,0.0,23.0,22.0,4.305668830871582,25.0,18.661915301918818,108.72513079175616,1367.373291015625,51.0,0.36775410175323486,2.0,1.0,0.6751335034104753,14.807015419006348,44.0,"{""type"":""Point"",""coordinates"":[108.72619855823253,18.66381104946118]}"
2354,0.0,23.0,34.0,5.2722392082214355,34.0,19.87913251190077,110.76879806312809,1520.0635986328125,45.0,0.6882857084274292,4.0,4.0,0.65651556602472,12.77640438079834,48.0,"{""type"":""Point"",""coordinates"":[110.76824149423632,19.878455605142896]}"
2355,0.0,24.0,130.0,6.635990142822266,115.0,18.585558502768656,109.03954114119801,1636.624755859375,53.0,0.5701544284820557,2.0,1.0,0.5829585796658807,14.304041862487793,48.0,"{""type"":""Point"",""coordinates"":[109.03990436173227,18.5833654941899]}"
2356,0.0,27.0,5.0,8.012134552001953,5.0,19.227853930914115,110.49481190147162,2231.53369140625,40.0,0.08354968577623367,3.0,2.0,0.7745893903717409,16.27971076965332,39.0,"{""type"":""Point"",""coordinates"":[110.4930610778239,19.229283146843677]}"
2357,0.0,27.0,5.0,13.939301490783691,5.0,18.42835332804774,109.91989011963511,1912.2802734375,48.0,1.4512580633163452,3.0,1.0,0.7368548453451703,13.443822860717773,42.0,"{""type"":""Point"",""coordinates"":[109.92002222925136,18.429262229629032]}"
2358,0.0,24.0,46.0,5.993710041046143,35.0,19.60514635024431,109.47971563041654,1731.0343017578125,52.0,0.28679710626602173,4.0,3.0,0.7351842667989934,15.041690826416016,33.0,"{""type"":""Point"",""coordinates"":[109.47837042504054,19.606986250150964]}"
2359,0.0,26.0,135.0,11.693907737731934,111.0,19.26827811869949,110.18489312845037,2157.780517578125,48.0,0.6781418919563293,4.0,2.0,0.6637998019768113,14.12749195098877,37.0,"{""type"":""Point"",""coordinates"":[110.18323885335433,19.26690941346427]}"
2360,0.0,27.0,1297.0,33.45869827270508,1102.0,19.052682450510808,109.54259770030495,1849.5784912109375,41.0,26.21791648864746,12.0,2.0,0.49774138782115607,9.131245613098145,40.0,"{""type"":""Point"",""coordinates"":[109.54195402973544,19.051717529174947]}"
2361,0.0,23.0,67.0,5.952677249908447,60.0,19.164971861025748,108.8733528136359,1628.90966796875,50.0,0.3819807469844818,2.0,2.0,0.6625432563017797,14.742703437805176,41.0,"{""type"":""Point"",""coordinates"":[108.87459855744048,19.163124680730334]}"
2362,0.0,22.0,118.0,26.509458541870117,47.0,19.286244424381884,110.166926822768,2157.780517578125,53.0,2.8816137313842773,4.0,3.0,0.7061161684544168,12.690403938293457,39.0,"{""type"":""Point"",""coordinates"":[110.16898868601754,19.284189797176438]}"
2363,0.0,29.0,5.0,4.252389907836914,6.0,19.986930345995113,110.85862959154002,1373.9603271484375,42.0,0.700853168964386,3.0,4.0,0.6798529370239856,12.78386116027832,48.0,"{""type"":""Point"",""coordinates"":[110.8564579414367,19.988923144316306]}"
2364,0.0,33.0,520.0,33.954254150390625,515.0,18.437336480888938,109.45276617189296,1858.9521484375,38.0,8.812427520751953,7.0,1.0,0.5721123319748593,11.283114433288574,43.0,"{""type"":""Point"",""coordinates"":[109.45485353891408,18.43568550623996]}"
2365,0.0,26.0,70.0,5.826882362365723,70.0,19.91506512326555,110.28370780970351,1564.2392578125,48.0,0.5392903089523315,4.0,4.0,0.6617093100329071,14.097580909729004,38.0,"{""type"":""Point"",""coordinates"":[110.28429559804995,19.916909532733317]}"
2366,0.0,26.0,62.0,5.31443977355957,62.0,19.901590394003755,110.30167411538594,1611.625244140625,45.0,0.3050125539302826,4.0,4.0,0.6791538734250709,14.6738920211792,37.0,"{""type"":""Point"",""coordinates"":[110.30076659951692,19.903735786059258]}"
2367,0.0,25.0,25.0,4.685944080352783,26.0,19.371584376373235,108.77453813238276,1237.3038330078125,49.0,0.7648041844367981,2.0,3.0,0.6691877965665346,14.073029518127441,43.0,"{""type"":""Point"",""coordinates"":[108.77572980839766,19.37149802556231]}"
2368,0.0,27.0,1.0,5.551391124725342,1.0,19.928539852527344,109.97828061310292,1562.7376708984375,39.0,0.40450116991996765,2.0,4.0,0.7873810225886636,14.457066535949707,36.0,"{""type"":""Point"",""coordinates"":[109.97906769451711,19.929884988369743]}"
2369,0.0,24.0,28.0,5.73807954788208,27.0,18.48674382151551,108.95420118920663,1528.96240234375,52.0,0.5113502144813538,3.0,1.0,0.6781389712486612,14.473888397216797,45.0,"{""type"":""Point"",""coordinates"":[108.95574122626067,18.48833685737023]}"
2370,0.0,27.0,282.0,22.00997543334961,95.0,18.91344358147228,109.5470892767255,1802.4896240234375,47.0,3.9557137489318848,4.0,2.0,0.5968534038887485,12.267078399658203,44.0,"{""type"":""Point"",""coordinates"":[109.54889416876946,18.914661531330843]}"
2371,0.0,25.0,12.0,4.715418338775635,12.0,20.02735453378049,110.33760672675072,1517.1654052734375,45.0,0.35041582584381104,4.0,4.0,0.7186526740173846,13.968915939331055,40.0,"{""type"":""Point"",""coordinates"":[110.33883021433626,20.028120284662776]}"
2372,0.0,22.0,30.0,4.945455074310303,30.0,19.838708324115387,110.7283738753427,1609.271728515625,53.0,0.28679710626602173,3.0,4.0,0.6937034691460477,14.081360816955566,42.0,"{""type"":""Point"",""coordinates"":[110.72761179189872,19.837969961660473]}"
2373,0.0,36.0,111.0,12.655794143676758,111.0,19.730910490021046,109.5515808531461,1570.922119140625,41.0,2.5053539276123047,4.0,3.0,0.6465522893367988,12.834805488586426,32.0,"{""type"":""Point"",""coordinates"":[109.5520369834095,19.73206474996401]}"
2374,0.0,22.0,37.0,7.2217020988464355,28.0,19.6320958087679,110.3151488446477,1817.6885986328125,55.0,0.4411228895187378,2.0,3.0,0.7378423213546538,14.3763427734375,35.0,"{""type"":""Point"",""coordinates"":[110.3139320462896,19.631905437450403]}"
2375,0.0,26.0,228.0,26.40662384033203,120.0,18.841578358742723,109.91539854321451,1902.079345703125,46.0,4.305914878845215,4.0,2.0,0.5944925236544017,12.21803092956543,45.0,"{""type"":""Point"",""coordinates"":[109.91417932874309,18.840407013552113]}"
2376,0.0,27.0,52.0,5.4703168869018555,55.0,18.549625891403878,108.8688612372153,1450.675048828125,46.0,0.5767616033554077,3.0,1.0,0.6361673762211316,14.33948802947998,46.0,"{""type"":""Point"",""coordinates"":[108.87007772667201,18.549740237866533]}"
2377,0.0,25.0,83.0,17.129899978637695,46.0,18.59903323203045,109.63242922871689,1890.155517578125,46.0,2.0468692779541016,5.0,1.0,0.6666427853942847,13.054055213928223,46.0,"{""type"":""Point"",""coordinates"":[109.63099472622439,18.598604920160604]}"
2378,0.0,42.0,73.0,3.2086446285247803,74.0,19.82972517127419,109.60098819377271,1319.8355712890625,32.0,0.21091002225875854,5.0,4.0,0.670793092411653,15.333085060119629,32.0,"{""type"":""Point"",""coordinates"":[109.60087122598429,19.8293014213718]}"
2379,0.0,26.0,657.0,34.07483673095703,545.0,19.04819087409021,109.19225473949831,1735.5301513671875,50.0,12.26798152923584,7.0,2.0,0.5608112023748743,10.826881408691406,40.0,"{""type"":""Point"",""coordinates"":[109.190499413164,19.050206184356867]}"
2380,0.0,23.0,31.0,7.5250139236450195,31.0,19.591671620982524,109.16530528097474,1565.0616455078125,55.0,0.8945243954658508,3.0,3.0,0.709950039291535,13.91285514831543,37.0,"{""type"":""Point"",""coordinates"":[109.1650901640428,19.59213779321431]}"
2381,0.0,25.0,231.0,22.486671447753906,157.0,18.648440572657023,109.26411996222788,1726.2908935546875,56.0,4.82405948638916,4.0,1.0,0.5830479279856655,12.10195255279541,45.0,"{""type"":""Point"",""coordinates"":[109.26443480857662,18.647275454247414]}"
2382,0.0,31.0,16.0,6.167171001434326,17.0,19.60963792666491,110.70142441681912,1707.3487548828125,47.0,0.4938907325267792,6.0,3.0,0.756505638853087,14.087085723876953,33.0,"{""type"":""Point"",""coordinates"":[110.69976554258733,19.60757496311143]}"
2383,0.0,23.0,64.0,8.090293884277344,64.0,19.838708324115387,110.06811214151486,1588.25830078125,52.0,1.0795302391052246,3.0,4.0,0.6854291411238008,13.42721939086914,34.0,"{""type"":""Point"",""coordinates"":[110.06993160506813,19.836469569472946]}"
2385,0.0,29.0,23.0,5.563713073730469,24.0,19.955489311050925,110.54421924209822,1565.738037109375,44.0,0.6496749520301819,4.0,4.0,0.7067112124229913,13.2742919921875,40.0,"{""type"":""Point"",""coordinates"":[110.54233872936683,19.956315354723426]}"
2386,0.0,32.0,161.0,15.934501647949219,86.0,19.528789551094157,109.68632814576404,1765.824951171875,41.0,2.452556848526001,4.0,3.0,0.6571208970570332,12.825187683105469,35.0,"{""type"":""Point"",""coordinates"":[109.68565664047446,19.528947436304257]}"
2387,0.0,27.0,93.0,10.236291885375977,71.0,18.60352480845105,109.73573548639064,1901.7222900390625,44.0,0.8029860258102417,4.0,1.0,0.6472686526423157,13.984134674072266,45.0,"{""type"":""Point"",""coordinates"":[109.73634327688623,18.603080165849217]}"
2388,0.0,23.0,103.0,8.79634952545166,57.0,19.60963792666491,109.62344607587568,1725.31591796875,53.0,0.8543459177017212,3.0,3.0,0.6952145201665579,13.916081428527832,35.0,"{""type"":""Point"",""coordinates"":[109.62224291159382,19.608073404939038]}"
2389,0.0,26.0,132.0,9.53994083404541,105.0,19.429974869841004,109.21920419802188,1745.3204345703125,55.0,1.0946968793869019,3.0,3.0,0.6550116501499211,13.650394439697266,33.0,"{""type"":""Point"",""coordinates"":[109.22071745908069,19.432079439748485]}"
2390,0.0,29.0,167.0,29.597177505493164,113.0,18.998783533463637,109.06199902330098,1673.870849609375,40.0,7.172798156738281,9.0,2.0,0.6023092039364631,11.743612289428711,40.0,"{""type"":""Point"",""coordinates"":[109.05995918452801,18.997909981395477]}"
2391,0.0,27.0,463.0,27.539831161499023,420.0,18.774204712433757,109.94234800173814,2088.184326171875,45.0,4.0365519523620605,4.0,1.0,0.5963320230423231,12.115386962890625,44.0,"{""type"":""Point"",""coordinates"":[109.9405535557022,18.772226973968905]}"
2392,0.0,29.0,61.0,7.9954938888549805,61.0,19.71743576075925,109.52013981820193,1589.56103515625,46.0,0.9887915253639221,5.0,3.0,0.6951991122399295,13.795060157775879,33.0,"{""type"":""Point"",""coordinates"":[109.51817356850535,19.718784009902024]}"
2393,0.0,24.0,44.0,7.953721046447754,27.0,19.57819689172073,110.20285943413279,1916.822265625,47.0,0.37623289227485657,4.0,3.0,0.7461197259293783,14.77142333984375,35.0,"{""type"":""Point"",""coordinates"":[110.20159470113408,19.580377242062575]}"
2394,0.0,20.0,86.0,11.796812057495117,72.0,19.281752847961286,108.99911695341262,1786.119873046875,59.0,1.3412387371063232,2.0,3.0,0.6585186283832457,13.47521686553955,40.0,"{""type"":""Point"",""coordinates"":[109.0004378342098,19.280285045431604]}"
2395,0.0,26.0,48.0,9.816203117370605,40.0,19.77133467780643,110.25675835117994,1736.745849609375,49.0,1.1937806606292725,5.0,4.0,0.7319540950073031,13.339035987854004,32.0,"{""type"":""Point"",""coordinates"":[110.25554069559519,19.771768934533362]}"
2396,0.0,29.0,132.0,29.3821964263916,89.0,18.608016384871647,109.5964966173521,1926.8843994140625,44.0,4.85407018661499,5.0,1.0,0.6040089938098054,12.15877914428711,47.0,"{""type"":""Point"",""coordinates"":[109.59490042735436,18.60651949617877]}"
2397,0.0,24.0,140.0,14.606891632080078,99.0,19.452432751943995,110.09955317645904,2142.833740234375,51.0,1.1048753261566162,4.0,3.0,0.657534196467298,13.636186599731445,38.0,"{""type"":""Point"",""coordinates"":[110.10105452190074,19.45044057367918]}"
2398,0.0,31.0,833.0,22.340974807739258,655.0,19.133530826081568,109.65488711081986,1976.4073486328125,38.0,4.411726951599121,6.0,2.0,0.5816364641202322,11.68785285949707,41.0,"{""type"":""Point"",""coordinates"":[109.65534710121227,19.13207171035719]}"
2399,0.0,27.0,482.0,35.62092590332031,315.0,18.899968852210492,109.40785040768702,1749.24609375,46.0,10.791016578674316,6.0,2.0,0.5439117367205808,11.106947898864746,47.0,"{""type"":""Point"",""coordinates"":[109.40646508378322,18.901249761582385]}"
2400,0.0,22.0,24.0,4.043369293212891,25.0,18.513693280039092,108.87784439005651,1450.675048828125,54.0,0.18240144848823547,2.0,1.0,0.6851125254428281,15.507074356079102,43.0,"{""type"":""Point"",""coordinates"":[108.87818360361864,18.51176144310179]}"
2401,0.0,27.0,28.0,6.746786594390869,28.0,19.88811566474196,110.45438771368623,1674.458251953125,44.0,0.6020596623420715,3.0,4.0,0.7122276184127563,13.831717491149902,39.0,"{""type"":""Point"",""coordinates"":[110.45570197409104,19.89014454245776]}"
2402,0.0,28.0,119.0,30.79486083984375,105.0,19.147005555343355,108.95869276562723,1810.0108642578125,46.0,6.189486503601074,5.0,2.0,0.6084302397614442,11.922233581542969,41.0,"{""type"":""Point"",""coordinates"":[108.95982825232673,19.14592141375811]}"
2403,0.0,26.0,72.0,11.69920825958252,31.0,19.429974869841004,110.26124992760055,2123.66650390625,44.0,0.6787949800491333,4.0,3.0,0.7378023128344623,14.164750099182129,38.0,"{""type"":""Point"",""coordinates"":[110.26061458960875,19.43145467243537]}"
2404,0.0,29.0,160.0,8.664305686950684,23.0,18.814628900219134,109.25064523296606,1669.2198486328125,43.0,0.9663879871368408,5.0,1.0,0.6828007932783712,13.75765323638916,45.0,"{""type"":""Point"",""coordinates"":[109.24989950646733,18.816520921579944]}"
2405,0.0,26.0,35.0,3.971712112426758,36.0,19.88811566474196,110.8855790500636,1361.5533447265625,50.0,0.6126465797424316,3.0,4.0,0.6397376102740373,12.890474319458008,49.0,"{""type"":""Point"",""coordinates"":[110.88357875863647,19.887690297205214]}"
2407,0.0,24.0,59.0,10.587244987487793,50.0,18.554117467824476,109.68183656934343,1885.53125,44.0,0.8296263217926025,4.0,1.0,0.6671130965049209,13.971779823303223,46.0,"{""type"":""Point"",""coordinates"":[109.68370371415116,18.553471801399763]}"
2408,0.0,24.0,76.0,10.431320190429688,76.0,19.398533834896824,108.96767591846844,1627.9415283203125,54.0,1.4784908294677734,2.0,3.0,0.6493363643004569,13.383733749389648,39.0,"{""type"":""Point"",""coordinates"":[108.96691795064001,19.397792449178212]}"
2409,0.0,33.0,435.0,44.48446273803711,389.0,18.59903323203045,109.385392525584,1837.31640625,41.0,13.895073890686035,5.0,1.0,0.5463190990464528,10.882511138916016,46.0,"{""type"":""Point"",""coordinates"":[109.38563961121278,18.600071428650764]}"
2410,0.0,27.0,141.0,9.449254035949707,94.0,19.317685459326064,109.22369577444249,1796.73046875,43.0,0.8405442833900452,4.0,3.0,0.6434624301367914,13.909056663513184,38.0,"{""type"":""Point"",""coordinates"":[109.22454046645002,19.31903737772038]}"
2411,0.0,25.0,73.0,4.9718146324157715,72.0,19.74438521928284,109.61895449945507,1597.5751953125,53.0,0.2598031759262085,3.0,4.0,0.6837212691743749,15.124589920043945,33.0,"{""type"":""Point"",""coordinates"":[109.61840372508134,19.74602559146436]}"
2412,0.0,25.0,236.0,14.949088096618652,131.0,19.389550682055628,109.47522405399599,1854.603759765625,54.0,1.9870675802230835,4.0,3.0,0.648228661000148,12.987581253051758,34.0,"{""type"":""Point"",""coordinates"":[109.47695888494174,19.38861634480582]}"
2413,0.0,24.0,29.0,9.576745986938477,26.0,19.416500140579217,109.0754737525628,1591.743408203125,49.0,1.2708842754364014,3.0,3.0,0.7247797377974967,13.56275749206543,35.0,"{""type"":""Point"",""coordinates"":[109.07614001817426,19.414995648440872]}"
2414,0.0,22.0,133.0,23.575109481811523,84.0,19.4434495991028,109.99175534236468,2047.8665771484375,52.0,2.7615482807159424,4.0,3.0,0.6626872999663588,12.723810195922852,38.0,"{""type"":""Point"",""coordinates"":[109.99056562285675,19.44133872980104]}"
2415,0.0,24.0,72.0,7.597585678100586,62.0,19.762351524965233,109.69531129860525,1445.9139404296875,50.0,1.1615194082260132,3.0,4.0,0.6738334466395693,13.627494812011719,35.0,"{""type"":""Point"",""coordinates"":[109.6968760976993,19.760641206893176]}"
2416,0.0,33.0,532.0,33.84995651245117,359.0,19.003275109884235,109.34047676137806,1568.6026611328125,38.0,14.797015190124512,4.0,2.0,0.5364729747868091,10.740407943725586,43.0,"{""type"":""Point"",""coordinates"":[109.3412739958017,19.00458477223934]}"
2417,0.0,33.0,137.0,67.55999755859375,136.0,19.169463437446346,110.38252249095666,2367.4697265625,40.0,10.597926139831543,5.0,2.0,0.6360084364761128,11.365747451782227,38.0,"{""type"":""Point"",""coordinates"":[110.38410926396165,19.171115720572875]}"
2418,0.0,34.0,789.0,13.61270523071289,642.0,18.917935157892877,109.2326789272837,1625.385986328125,39.0,3.455805540084839,5.0,2.0,0.5440214811655981,11.979596138000488,46.0,"{""type"":""Point"",""coordinates"":[109.23057764768002,18.918344531762354]}"
2419,0.0,23.0,15.0,9.377050399780273,15.0,19.726418913600448,109.38090094916339,1572.07275390625,49.0,1.243546485900879,4.0,3.0,0.7508378734169444,13.592602729797363,32.0,"{""type"":""Point"",""coordinates"":[109.38280407520196,19.72800367717156]}"
2420,0.0,32.0,68.0,9.364112854003906,67.0,19.852183053377182,110.31065726822715,1634.347900390625,40.0,1.3884694576263428,5.0,4.0,0.6806850844253005,13.172330856323242,35.0,"{""type"":""Point"",""coordinates"":[110.31155653920256,19.85297914268282]}"
2421,0.0,26.0,465.0,40.75856018066406,456.0,18.482252245094912,109.61895449945507,1970.134033203125,50.0,9.576205253601074,4.0,1.0,0.5678614208958538,11.242227554321289,45.0,"{""type"":""Point"",""coordinates"":[109.61844776325934,18.480729982715328]}"
2422,0.0,20.0,107.0,7.481725692749023,99.0,19.32666861216726,109.01259168267438,1631.560791015625,59.0,0.7523889541625977,3.0,3.0,0.6163908039065071,14.040752410888672,41.0,"{""type"":""Point"",""coordinates"":[109.01161727048631,19.32448343161169]}"
2423,0.0,30.0,825.0,25.064531326293945,615.0,19.10208979113738,109.62793765229628,1934.4278564453125,39.0,5.744217395782471,6.0,2.0,0.5800880789495984,11.43121337890625,40.0,"{""type"":""Point"",""coordinates"":[109.62965625256642,19.100610056218326]}"
2424,0.0,29.0,7.0,5.471852779388428,8.0,19.919556699686147,110.55320239493938,1610.8157958984375,43.0,0.49402227997779846,3.0,4.0,0.723478780550281,13.572154998779297,41.0,"{""type"":""Point"",""coordinates"":[110.55184474447441,19.9202073436986]}"
2425,0.0,23.0,109.0,25.39395523071289,107.0,18.495726974356707,109.03954114119801,1564.7908935546875,55.0,6.811439037322998,4.0,1.0,0.5750564870519933,11.831761360168457,45.0,"{""type"":""Point"",""coordinates"":[109.03978550375146,18.49576308438255]}"
2426,0.0,30.0,199.0,53.65476608276367,179.0,18.98980038062244,110.25675835117994,2109.69921875,38.0,9.858713150024414,4.0,2.0,0.5893329352244359,11.40046215057373,45.0,"{""type"":""Point"",""coordinates"":[110.25608496118184,18.987641275238452]}"
2427,0.0,33.0,412.0,19.881498336791992,393.0,19.0751403326138,110.15345209350619,2148.856201171875,37.0,2.160825729370117,4.0,2.0,0.6051141912120275,12.780272483825684,45.0,"{""type"":""Point"",""coordinates"":[110.15478700037632,19.073619884721815]}"
2428,0.0,32.0,458.0,27.981840133666992,412.0,18.702339489704194,109.5920050409315,1761.8480224609375,45.0,7.542943954467773,5.0,1.0,0.5462589894503717,11.48989200592041,49.0,"{""type"":""Point"",""coordinates"":[109.59193034094885,18.701750250120007]}"
2429,0.0,26.0,302.0,69.91154479980469,301.0,18.52267643288029,109.753701792073,1951.179931640625,53.0,22.073476791381836,4.0,1.0,0.534972791686693,10.484492301940918,46.0,"{""type"":""Point"",""coordinates"":[109.75523692041901,18.52310368338804]}"
2430,0.0,26.0,409.0,58.46450424194336,309.0,19.403025411317422,109.48420720683714,1887.271728515625,50.0,19.034469604492188,4.0,3.0,0.5833593047666087,10.56945514678955,35.0,"{""type"":""Point"",""coordinates"":[109.4859433657585,19.403426243998823]}"
2431,0.0,20.0,141.0,7.422962188720703,127.0,19.510823245411764,109.39886725484581,1695.0518798828125,53.0,0.5740659832954407,3.0,3.0,0.6397757151861463,14.290399551391602,36.0,"{""type"":""Point"",""coordinates"":[109.39729524795067,19.513003593310028]}"
2432,0.0,24.0,197.0,8.201153755187988,116.0,19.263786542278893,109.89294066111154,2013.8828125,55.0,0.38218969106674194,3.0,2.0,0.6474117951399594,14.661866188049316,38.0,"{""type"":""Point"",""coordinates"":[109.89482829084498,19.263156304968092]}"
2433,0.0,25.0,212.0,10.960719108581543,107.0,19.371584376373235,109.45725774831357,1854.603759765625,55.0,1.155224084854126,3.0,3.0,0.6474651961050718,13.545919418334961,35.0,"{""type"":""Point"",""coordinates"":[109.45639379028663,19.370297777169352]}"
2434,0.0,27.0,110.0,19.2071475982666,92.0,18.594541655609852,109.7492102156524,1878.4212646484375,45.0,2.5889124870300293,4.0,1.0,0.6150443848590729,12.802563667297363,45.0,"{""type"":""Point"",""coordinates"":[109.74924278546966,18.594307825642687]}"
2435,0.0,23.0,21.0,6.573439121246338,21.0,19.277261271540688,110.60710131198658,1816.2572021484375,50.0,0.2930437922477722,4.0,2.0,0.7218438908501342,14.76438045501709,41.0,"{""type"":""Point"",""coordinates"":[110.60543451408427,19.27631922743275]}"
2436,0.0,28.0,0.0,2.7377490997314453,3.0,18.549625891403878,108.72962236817676,1263.4798583984375,46.0,0.06050310656428337,3.0,1.0,0.7141483875661601,16.534879684448242,40.0,"{""type"":""Point"",""coordinates"":[108.72833743848778,18.551079893655164]}"
2437,0.0,29.0,438.0,46.570411682128906,400.0,19.12454767324037,110.04116268299128,2182.0107421875,41.0,8.37819766998291,4.0,2.0,0.5842734128046098,11.398847579956055,45.0,"{""type"":""Point"",""coordinates"":[110.04085615099213,19.122676076871542]}"
2438,0.0,27.0,97.0,27.348459243774414,68.0,18.67988160760121,109.74471863923185,2052.630615234375,47.0,3.564570903778076,3.0,1.0,0.6349748903060196,12.490033149719238,48.0,"{""type"":""Point"",""coordinates"":[109.74548267964691,18.678891017301815]}"
2439,0.0,28.0,68.0,7.2567338943481445,69.0,19.950997734630327,110.27921623328291,1565.65576171875,44.0,1.3320128917694092,2.0,4.0,0.6592747510818208,12.551624298095703,38.0,"{""type"":""Point"",""coordinates"":[110.27923025773687,19.949320205987686]}"
2440,0.0,26.0,275.0,23.246503829956055,249.0,18.661915301918818,109.00360852983323,1633.803466796875,52.0,5.897069454193115,4.0,1.0,0.5673600816004636,11.870585441589355,46.0,"{""type"":""Point"",""coordinates"":[109.00346161077172,18.660658037788615]}"
2441,0.0,26.0,19.0,7.035254955291748,19.0,19.281752847961286,110.62506761766895,1816.2572021484375,47.0,0.4060850143432617,5.0,3.0,0.7334374596401914,14.439644813537598,39.0,"{""type"":""Point"",""coordinates"":[110.62388816789706,19.280477184866914]}"
2442,0.0,30.0,27.0,7.2382025718688965,27.0,19.928539852527344,109.81209228554076,1366.45361328125,41.0,1.4828643798828125,3.0,4.0,0.7098815729823283,13.138204574584961,35.0,"{""type"":""Point"",""coordinates"":[109.81314701950225,19.927945990358044]}"
2443,0.0,30.0,62.0,11.537036895751953,33.0,18.661915301918818,109.75819336849361,1990.1002197265625,43.0,0.9152852296829224,4.0,1.0,0.6785157701534399,13.871729850769043,49.0,"{""type"":""Point"",""coordinates"":[109.7564783091089,18.66317949239776]}"
2444,0.0,23.0,15.0,9.03029727935791,18.0,18.84606993516332,110.40048879663908,1818.0169677734375,52.0,0.7127894759178162,2.0,2.0,0.6914812554580998,14.14924430847168,48.0,"{""type"":""Point"",""coordinates"":[110.40127744294558,18.843829253732224]}"
2445,0.0,26.0,46.0,15.7948579788208,31.0,19.093106638296184,110.22082573981515,2107.4267578125,43.0,1.2633463144302368,4.0,2.0,0.7049402158650756,13.558793067932129,45.0,"{""type"":""Point"",""coordinates"":[110.21996200612409,19.09288064025737]}"
2446,0.0,26.0,57.0,7.749950408935547,56.0,18.5092017036185,108.96767591846844,1661.839111328125,55.0,0.8413385152816772,2.0,1.0,0.6414373921461833,13.958939552307129,47.0,"{""type"":""Point"",""coordinates"":[108.96961986656528,18.509885385708873]}"
2447,0.0,28.0,92.0,9.54786205291748,91.0,19.510823245411764,110.61159288840719,1858.089599609375,41.0,0.914480984210968,3.0,3.0,0.65710728682873,13.401421546936035,37.0,"{""type"":""Point"",""coordinates"":[110.6136078875527,19.509876373932062]}"
2448,0.0,37.0,105.0,10.38516616821289,88.0,19.371584376373235,110.3151488446477,2158.67431640625,36.0,0.5646542310714722,5.0,3.0,0.6670186141802428,14.329031944274902,40.0,"{""type"":""Point"",""coordinates"":[110.31548406452762,19.36941649775321]}"
2449,0.0,25.0,38.0,3.3818511962890625,38.0,19.74438521928284,110.98888530773735,1272.9093017578125,45.0,0.41844746470451355,2.0,4.0,0.6361726351584021,13.264631271362305,48.0,"{""type"":""Point"",""coordinates"":[110.98943057157143,19.74386189276245]}"
2450,0.0,27.0,73.0,5.472581386566162,74.0,19.897098817583156,110.18489312845037,1540.33203125,41.0,0.44214245676994324,3.0,4.0,0.6685151289040587,14.312899589538574,35.0,"{""type"":""Point"",""coordinates"":[110.1831463332769,19.898672529882298]}"
2451,0.0,34.0,642.0,31.14963150024414,435.0,19.025732991987226,109.2326789272837,1721.322021484375,36.0,10.679967880249023,8.0,2.0,0.5617274486475564,10.982880592346191,41.0,"{""type"":""Point"",""coordinates"":[109.23450614346628,19.027227839007953]}"
2452,0.0,29.0,146.0,16.973482131958008,22.0,18.814628900219134,109.07996532898335,1570.149169921875,39.0,3.5029685497283936,7.0,1.0,0.689810239212729,12.477456092834473,41.0,"{""type"":""Point"",""coordinates"":[109.08163079487916,18.813085904695225]}"
2453,0.0,31.0,114.0,11.09376335144043,108.0,19.645570538029695,110.60260973556598,1770.7396240234375,43.0,1.6705089807510376,4.0,3.0,0.6655544269470519,12.777623176574707,31.0,"{""type"":""Point"",""coordinates"":[110.6044071695575,19.64431226143265]}"
2454,0.0,24.0,24.0,10.441850662231445,24.0,19.18742974312874,110.45438771368623,2168.571533203125,44.0,0.4289803206920624,2.0,2.0,0.7462852851771383,14.632575988769531,39.0,"{""type"":""Point"",""coordinates"":[110.45223961738466,19.18782053780459]}"
2455,0.0,29.0,184.0,8.25733757019043,97.0,19.488365363308773,109.69081972218464,1843.571533203125,45.0,0.6019211411476135,4.0,3.0,0.6545535985500333,14.215960502624512,35.0,"{""type"":""Point"",""coordinates"":[109.69169323755919,19.48766808923419]}"
2456,0.0,29.0,41.0,8.951990127563477,42.0,19.959980887471524,110.14446894066504,1481.5716552734375,42.0,1.6781587600708008,3.0,4.0,0.6897048233086187,13.003717422485352,37.0,"{""type"":""Point"",""coordinates"":[110.14254522155296,19.95952495582718]}"
2457,0.0,27.0,68.0,13.347192764282227,44.0,19.623112655926704,109.9558227309999,1735.4412841796875,47.0,1.8148473501205444,5.0,3.0,0.7238763914321852,13.183403015136719,32.0,"{""type"":""Point"",""coordinates"":[109.9579398680936,19.621351899036323]}"
2458,0.0,25.0,172.0,14.58082389831543,144.0,18.985308804201843,108.88233596647706,1485.3885498046875,48.0,3.2799642086029053,4.0,2.0,0.5907221588889082,12.527066230773926,42.0,"{""type"":""Point"",""coordinates"":[108.88333051479634,18.985837974739024]}"
2459,0.0,30.0,44.0,13.998343467712402,39.0,19.34912649427025,110.45887929010684,2144.83251953125,41.0,1.013993501663208,4.0,3.0,0.7128320213373305,13.760379791259766,42.0,"{""type"":""Point"",""coordinates"":[110.45720967621615,19.347488041956247]}"
2460,0.0,27.0,72.0,15.748976707458496,49.0,19.65455369087089,109.96929746026171,1729.659912109375,46.0,2.372422456741333,7.0,3.0,0.7172880673955748,12.912878036499023,32.0,"{""type"":""Point"",""coordinates"":[109.96924780441833,19.655509274232394]}"
2461,0.0,25.0,80.0,13.001537322998047,48.0,19.16048028460515,110.07709529435607,2101.611083984375,46.0,0.8929483294487,4.0,2.0,0.6984622003068104,13.885733604431152,42.0,"{""type"":""Point"",""coordinates"":[110.07823010031701,19.162540040917424]}"
2462,0.0,24.0,13.0,8.592321395874023,13.0,19.694977878656267,109.31352730285442,1499.85693359375,52.0,1.299964427947998,2.0,3.0,0.7339460490199615,13.549368858337402,35.0,"{""type"":""Point"",""coordinates"":[109.31453347759779,19.694233818917425]}"
2463,0.0,29.0,655.0,25.715255737304688,588.0,18.60352480845105,109.46174932473417,1833.6900634765625,43.0,6.20154333114624,5.0,1.0,0.5556823076971104,11.522432327270508,46.0,"{""type"":""Point"",""coordinates"":[109.46112619101065,18.603774287394078]}"
2464,0.0,28.0,204.0,37.09355926513672,182.0,19.322177035746662,109.13835582245116,1768.3946533203125,50.0,9.792985916137695,4.0,3.0,0.598465337350064,11.404060363769531,39.0,"{""type"":""Point"",""coordinates"":[109.13863328248446,19.321930329706706]}"
2465,0.0,27.0,22.0,4.1148271560668945,16.0,19.789300983488815,110.76879806312809,1555.98583984375,52.0,0.1828792244195938,6.0,4.0,0.7091269905563014,14.54349136352539,42.0,"{""type"":""Point"",""coordinates"":[110.7689210326064,19.790209341657118]}"
2466,0.0,28.0,448.0,30.990325927734375,303.0,18.706831066124792,109.31352730285442,1796.542724609375,49.0,8.089340209960938,5.0,1.0,0.5692224637656049,11.426780700683594,44.0,"{""type"":""Point"",""coordinates"":[109.31565629068429,18.708320412088803]}"
2467,0.0,25.0,18.0,4.12893533706665,18.0,19.528789551094157,108.96318434204784,1430.927978515625,51.0,0.2508927583694458,3.0,3.0,0.723705437336978,15.19172191619873,36.0,"{""type"":""Point"",""coordinates"":[108.96270030224277,19.526801847052248]}"
2468,0.0,21.0,43.0,6.7666826248168945,43.0,19.677011572973875,109.36293464348103,1589.139404296875,57.0,0.6509189605712891,3.0,3.0,0.7070211488495123,14.22380256652832,35.0,"{""type"":""Point"",""coordinates"":[109.36440999149418,19.67515269593503]}"
2469,0.0,40.0,111.0,8.039251327514648,111.0,19.753368372124037,109.60547977019331,1437.4508056640625,33.0,1.5108009576797485,5.0,4.0,0.6336467594288117,13.341001510620117,34.0,"{""type"":""Point"",""coordinates"":[109.60580798390981,19.753187261779367]}"
2470,0.0,24.0,108.0,28.911563873291016,100.0,18.54513431498328,109.67734499292288,2034.41845703125,54.0,4.066058158874512,4.0,1.0,0.605660154233564,12.35134506225586,46.0,"{""type"":""Point"",""coordinates"":[109.67511458565099,18.546121274794206]}"
2471,0.0,28.0,11.0,8.509799003601074,11.0,19.470399057626388,108.94072645994487,1507.407958984375,47.0,1.2932381629943848,2.0,3.0,0.7190150109725527,13.555707931518555,39.0,"{""type"":""Point"",""coordinates"":[108.94044730233752,19.469940705186957]}"
2472,0.0,31.0,26.0,4.922026634216309,27.0,20.085745027248258,110.61608446482774,1457.0281982421875,46.0,0.9770967364311218,3.0,4.0,0.6772978400976437,12.442310333251953,44.0,"{""type"":""Point"",""coordinates"":[110.61702656773762,20.085574633569053]}"
2473,0.0,24.0,29.0,13.547218322753906,27.0,19.254803389437704,110.39150564379787,2300.58349609375,51.0,0.7065954804420471,3.0,2.0,0.7590462725412664,14.149880409240723,37.0,"{""type"":""Point"",""coordinates"":[110.39133251532147,19.254662155264658]}"
2474,0.0,25.0,7.0,9.022418975830078,7.0,19.23683708375531,110.55320239493938,1997.8380126953125,48.0,0.46931949257850647,3.0,2.0,0.752196576965045,14.534405708312988,40.0,"{""type"":""Point"",""coordinates"":[110.55470887438595,19.235371962122677]}"
2475,0.0,28.0,89.0,9.762208938598633,57.0,19.569213738879533,110.05014583583244,1903.7869873046875,45.0,0.7456365823745728,3.0,3.0,0.7115936757869796,14.060650825500488,34.0,"{""type"":""Point"",""coordinates"":[110.05033054857772,19.5671884227592]}"
2476,0.0,29.0,284.0,53.86262130737305,284.0,18.473269092253716,109.87946593184972,1924.36962890625,50.0,15.24973201751709,5.0,1.0,0.5644737564950449,10.893895149230957,44.0,"{""type"":""Point"",""coordinates"":[109.87907668173972,18.47541260693963]}"
2477,0.0,24.0,142.0,19.34561538696289,68.0,19.286244424381884,110.04116268299128,2184.4326171875,53.0,1.7584506273269653,4.0,3.0,0.6873117557938825,13.17005443572998,39.0,"{""type"":""Point"",""coordinates"":[110.03901800388812,19.28472422754146]}"
2478,0.0,33.0,80.0,7.721107482910156,67.0,19.60963792666491,110.56218554778059,1821.322509765625,42.0,0.676306962966919,5.0,3.0,0.6980539665261974,13.71448040008545,34.0,"{""type"":""Point"",""coordinates"":[110.56061910341884,19.611142433637717]}"
2479,0.0,26.0,6.0,4.027554035186768,7.0,20.031846110201087,110.72388229892209,1424.808837890625,43.0,0.3495285212993622,4.0,4.0,0.6968104011693736,13.517862319946289,45.0,"{""type"":""Point"",""coordinates"":[110.72330566351134,20.03015382988808]}"
2480,0.0,23.0,143.0,32.243804931640625,127.0,19.18742974312874,109.0215748355156,1710.9918212890625,56.0,7.994070529937744,4.0,2.0,0.5953179856423298,11.648962020874023,41.0,"{""type"":""Point"",""coordinates"":[109.02175942285254,19.18803494780166]}"
2481,0.0,28.0,464.0,48.376922607421875,266.0,18.73378052464838,109.47073247757538,1886.76171875,48.0,14.826825141906738,4.0,1.0,0.53923035844856,10.792542457580566,47.0,"{""type"":""Point"",""coordinates"":[109.47006486719025,18.735678959751365]}"
2482,0.0,27.0,167.0,36.13425064086914,90.0,19.38505910563503,109.81209228554076,1993.51513671875,47.0,6.183136940002441,4.0,3.0,0.6437719955505657,11.893433570861816,37.0,"{""type"":""Point"",""coordinates"":[109.81162291464487,19.385238641344444]}"
2483,0.0,27.0,46.0,7.057289123535156,46.0,19.789300983488815,110.56667712420119,1627.6031494140625,41.0,0.7404189705848694,6.0,4.0,0.6989247003638933,13.655269622802734,37.0,"{""type"":""Point"",""coordinates"":[110.56591012257223,19.790357971598393]}"
2484,0.0,23.0,4.0,5.929426670074463,7.0,18.74725525391017,110.41396352590084,1795.4141845703125,51.0,0.18172019720077515,2.0,1.0,0.7049876213002689,15.503264427185059,48.0,"{""type"":""Point"",""coordinates"":[110.41224093462354,18.74576014012663]}"
2485,0.0,29.0,77.0,10.19452953338623,67.0,19.398533834896824,110.43642140800387,2108.8564453125,39.0,0.5036442875862122,4.0,3.0,0.6973463205237368,14.44034194946289,38.0,"{""type"":""Point"",""coordinates"":[110.43423105403316,19.398355100182016]}"
2486,0.0,20.0,13.0,3.941365957260132,13.0,19.65455369087089,109.19225473949831,1399.0528564453125,53.0,0.19151651859283447,2.0,3.0,0.718160695770005,15.464654922485352,38.0,"{""type"":""Point"",""coordinates"":[109.19197459148732,19.65236048965835]}"
2487,0.0,26.0,6.0,4.351644039154053,7.0,19.942014581789138,110.79125594523106,1492.11962890625,44.0,0.3502718508243561,2.0,4.0,0.6816322710877435,13.515737533569336,49.0,"{""type"":""Point"",""coordinates"":[110.79251443340895,19.94295029229621]}"
2488,0.0,28.0,570.0,19.80674171447754,446.0,18.76971313601316,109.01708325909499,1575.1695556640625,49.0,6.155030250549316,7.0,1.0,0.570102718280852,11.60464859008789,41.0,"{""type"":""Point"",""coordinates"":[109.01494117049019,18.771848742569638]}"
2489,0.0,27.0,199.0,65.61326599121094,177.0,18.95835934567826,110.21633416339455,2248.53173828125,51.0,12.252079963684082,4.0,2.0,0.5893358560086566,11.177653312683105,45.0,"{""type"":""Point"",""coordinates"":[110.2154335952594,18.958323990636295]}"
2490,0.0,28.0,55.0,5.347399711608887,53.0,19.807267289171207,110.31065726822715,1669.9520263671875,42.0,0.23740015923976898,6.0,4.0,0.7126052721577752,14.948884010314941,33.0,"{""type"":""Point"",""coordinates"":[110.31047974241777,19.808913339174833]}"
2491,0.0,31.0,324.0,28.279788970947266,270.0,18.940393039995868,109.05750744688038,1570.7598876953125,40.0,9.106035232543945,7.0,2.0,0.5758463730697224,11.397435188293457,41.0,"{""type"":""Point"",""coordinates"":[109.05831772895714,18.939728792507683]}"
2492,0.0,23.0,104.0,5.350712299346924,96.0,19.32666861216726,108.9811506477302,1757.42431640625,59.0,0.1824994683265686,4.0,3.0,0.6258556657479892,15.459134101867676,42.0,"{""type"":""Point"",""coordinates"":[108.97895845012413,19.324713235593887]}"
2493,0.0,25.0,30.0,7.00356912612915,33.0,18.84606993516332,110.35557303243309,1900.9625244140625,48.0,0.25949084758758545,3.0,2.0,0.6902080283545198,15.151081085205078,46.0,"{""type"":""Point"",""coordinates"":[110.35360957398186,18.844854784857514]}"
2494,0.0,26.0,129.0,16.019556045532227,50.0,19.308702306484875,110.02768795372947,2138.688232421875,51.0,1.3765344619750977,4.0,3.0,0.7069726203211485,13.42308235168457,39.0,"{""type"":""Point"",""coordinates"":[110.02745190142356,19.307314582929468]}"
2495,0.0,23.0,111.0,7.3966851234436035,82.0,19.061665603352004,108.95869276562723,1765.810791015625,50.0,0.4854887127876282,2.0,2.0,0.6432569865359805,14.476448059082031,41.0,"{""type"":""Point"",""coordinates"":[108.95729958705778,19.061260756391736]}"
2496,0.0,33.0,520.0,40.866851806640625,384.0,19.21437920165232,109.66387026366107,1959.96630859375,38.0,10.306991577148438,5.0,2.0,0.5938620966510143,11.123514175415039,38.0,"{""type"":""Point"",""coordinates"":[109.66319905466017,19.212820490613087]}"
2497,0.0,25.0,134.0,15.218957901000977,59.0,19.33116018858786,109.87946593184972,2028.7845458984375,50.0,1.4349851608276367,3.0,3.0,0.6847282021660975,13.37839412689209,40.0,"{""type"":""Point"",""coordinates"":[109.88165050754034,19.33307411666641]}"
2498,0.0,27.0,41.0,4.500799655914307,39.0,19.79828413633001,110.47235401936865,1661.9388427734375,44.0,0.057359881699085236,5.0,4.0,0.7150889891228713,16.217727661132812,36.0,"{""type"":""Point"",""coordinates"":[110.47355840567437,19.79853639809633]}"
2499,0.0,24.0,405.0,15.927886009216309,359.0,18.68437318402181,109.57853031166974,1804.6744384765625,53.0,2.47896671295166,4.0,1.0,0.5710602083099707,12.647980690002441,48.0,"{""type"":""Point"",""coordinates"":[109.57899619314209,18.6825532662708]}"
2500,0.0,30.0,598.0,26.10103988647461,392.0,18.6888647604424,109.42581671336939,1786.7757568359375,47.0,7.025843620300293,6.0,1.0,0.5549245848890221,11.447175979614258,46.0,"{""type"":""Point"",""coordinates"":[109.42413319867086,18.68786771951339]}"
2501,0.0,23.0,92.0,6.241580486297607,55.0,19.708452607918062,109.72675233354943,1609.505859375,53.0,0.5007378458976746,2.0,3.0,0.7050004141980679,14.457032203674316,32.0,"{""type"":""Point"",""coordinates"":[109.72506570213034,19.709601927688514]}"
2502,0.0,22.0,88.0,12.432761192321777,84.0,19.32666861216726,108.90479384858008,1582.085693359375,58.0,2.1757640838623047,2.0,3.0,0.6258208147298046,12.989931106567383,41.0,"{""type"":""Point"",""coordinates"":[108.90421971219243,19.32454872169078]}"
2503,0.0,28.0,256.0,38.908226013183594,241.0,19.209887625231723,110.21184258697394,2244.465087890625,45.0,5.214137077331543,4.0,2.0,0.6311006156823518,12.007223129272461,40.0,"{""type"":""Point"",""coordinates"":[110.21110502734587,19.21153906459004]}"
2504,0.0,28.0,140.0,20.227190017700195,37.0,19.398533834896824,109.68183656934343,1921.856201171875,44.0,2.68746018409729,4.0,3.0,0.7209592534907828,12.746712684631348,35.0,"{""type"":""Point"",""coordinates"":[109.6818929598309,19.398711372966748]}"
2505,0.0,27.0,356.0,23.854658126831055,150.0,18.720305795386587,109.48869878325775,1886.76171875,48.0,4.150824069976807,5.0,1.0,0.5828920988007805,12.167119979858398,46.0,"{""type"":""Point"",""coordinates"":[109.48792764356162,18.720940190223526]}"
2506,0.0,23.0,30.0,6.114354133605957,30.0,19.681503149394473,109.34496833779866,1499.85693359375,55.0,0.6693578362464905,2.0,3.0,0.7205599346476597,14.203444480895996,34.0,"{""type"":""Point"",""coordinates"":[109.34710199284446,19.68289711312422]}"
2507,0.0,32.0,147.0,12.207279205322266,145.0,19.54226428035595,109.26411996222788,1570.3763427734375,45.0,2.3220059871673584,4.0,3.0,0.622626533335045,12.888711929321289,37.0,"{""type"":""Point"",""coordinates"":[109.26610011374777,19.542882686387273]}"
2508,0.0,29.0,238.0,10.821248054504395,60.0,19.191921319549337,109.4392914426312,1882.8865966796875,42.0,0.9954878091812134,4.0,2.0,0.6843278176069583,13.677743911743164,37.0,"{""type"":""Point"",""coordinates"":[109.43707240365342,19.190200646554636]}"
2509,0.0,30.0,56.0,10.778373718261719,49.0,19.376075952793833,110.45438771368623,2093.78515625,41.0,0.6318928599357605,4.0,3.0,0.7128214426134432,14.22618579864502,39.0,"{""type"":""Point"",""coordinates"":[110.45501446299247,19.374980508652143]}"
2510,0.0,27.0,291.0,37.91622543334961,289.0,18.590050079189254,108.88233596647706,1529.6898193359375,50.0,16.039148330688477,3.0,1.0,0.5264583621589304,10.83604621887207,47.0,"{""type"":""Point"",""coordinates"":[108.88276663515751,18.59186540167861]}"
2511,0.0,28.0,4.0,3.9874157905578613,5.0,20.013879804518695,110.49930347789223,1456.1356201171875,42.0,0.22943836450576782,2.0,4.0,0.7176915675795539,14.343548774719238,41.0,"{""type"":""Point"",""coordinates"":[110.49811453571328,20.01497142464285]}"
2512,0.0,22.0,28.0,9.977662086486816,27.0,19.120056096819773,110.39150564379787,2190.66259765625,52.0,0.36873725056648254,3.0,2.0,0.7450613335592029,14.800871849060059,39.0,"{""type"":""Point"",""coordinates"":[110.39050727759447,19.12142146230068]}"
2513,0.0,23.0,74.0,6.45281457901001,72.0,18.832595205901526,108.77453813238276,1305.185546875,59.0,1.3330540657043457,3.0,2.0,0.6137427917541236,13.488516807556152,44.0,"{""type"":""Point"",""coordinates"":[108.77639206198081,18.833888105028414]}"
2514,0.0,29.0,450.0,17.27840805053711,430.0,18.79666259453675,110.1579436699268,2146.31787109375,48.0,1.8018461465835571,4.0,1.0,0.5951877596930712,12.933327674865723,47.0,"{""type"":""Point"",""coordinates"":[110.15779125682418,18.795603258886743]}"
2515,0.0,28.0,252.0,44.58164596557617,198.0,19.111072943978577,109.97828061310292,2136.840087890625,48.0,7.696949005126953,4.0,2.0,0.5950906253644509,11.617167472839355,45.0,"{""type"":""Point"",""coordinates"":[109.97823857484903,19.109334006953862]}"
2516,0.0,20.0,28.0,4.1485137939453125,28.0,18.37894598742117,109.04403271761862,1470.1202392578125,56.0,0.1720791757106781,2.0,1.0,0.6960680509727245,15.56301212310791,40.0,"{""type"":""Point"",""coordinates"":[109.04503477472875,18.376775055286224]}"
2517,0.0,32.0,560.0,32.3530158996582,373.0,19.15598870818455,109.60547977019331,1926.685546875,38.0,7.3834967613220215,5.0,2.0,0.5984490664527339,11.42939567565918,38.0,"{""type"":""Point"",""coordinates"":[109.60435132272987,19.157271164673297]}"
2518,0.0,27.0,101.0,18.91179084777832,71.0,19.55124743319714,109.9513311545793,1817.73583984375,46.0,2.7838571071624756,4.0,3.0,0.6792159964707288,12.735323905944824,35.0,"{""type"":""Point"",""coordinates"":[109.95261377264602,19.551791653155714]}"
2519,0.0,22.0,96.0,7.6404619216918945,51.0,19.510823245411764,109.86149962616736,1819.9947509765625,53.0,0.46288663148880005,4.0,3.0,0.6967884985924115,14.533224105834961,38.0,"{""type"":""Point"",""coordinates"":[109.86094236343328,19.512894914369987]}"
2520,0.0,23.0,41.0,8.41492748260498,27.0,19.694977878656267,110.14446894066504,1813.1473388671875,54.0,0.6338675618171692,2.0,3.0,0.7599073396021625,14.251520156860352,30.0,"{""type"":""Point"",""coordinates"":[110.14468389402204,19.69387136767735]}"
2521,0.0,35.0,416.0,35.04823684692383,412.0,18.423861751627143,109.34496833779866,1681.0557861328125,39.0,12.142916679382324,7.0,1.0,0.5679731758811479,11.036370277404785,41.0,"{""type"":""Point"",""coordinates"":[109.34282871660265,18.425271505567295]}"
2522,0.0,24.0,293.0,34.248653411865234,168.0,19.24132866017591,109.41234198410757,1868.5733642578125,50.0,7.138699531555176,4.0,2.0,0.6152302614252729,11.665595054626465,37.0,"{""type"":""Point"",""coordinates"":[109.41148914673691,19.241158484333404]}"
2523,0.0,26.0,64.0,6.30043363571167,64.0,18.495726974356707,109.89743223753214,1924.36962890625,47.0,0.12968769669532776,3.0,1.0,0.6600308950979508,15.824736595153809,45.0,"{""type"":""Point"",""coordinates"":[109.89704118333084,18.49683058687388]}"
2524,0.0,25.0,190.0,10.524864196777344,181.0,18.513693280039092,109.25513680938667,1700.729248046875,54.0,1.3910061120986938,4.0,1.0,0.5951357697698634,13.374310493469238,45.0,"{""type"":""Point"",""coordinates"":[109.25308604273805,18.514338419161465]}"
2525,0.0,30.0,385.0,39.28824996948242,240.0,19.200904472390526,109.65937868724046,1959.96630859375,41.0,8.482501983642578,4.0,2.0,0.6063104031455712,11.425836563110352,38.0,"{""type"":""Point"",""coordinates"":[109.65977803751902,19.201797609414072]}"
2526,0.0,25.0,172.0,10.030532836914062,84.0,19.371584376373235,109.7492102156524,1900.783203125,50.0,0.8066672682762146,4.0,3.0,0.6634818887416263,13.930769920349121,37.0,"{""type"":""Point"",""coordinates"":[109.74830293490834,19.369935810294006]}"
2527,0.0,26.0,129.0,11.32581901550293,104.0,19.286244424381884,110.20285943413279,2246.83203125,48.0,0.5192724466323853,4.0,3.0,0.6656967947146908,14.39814281463623,38.0,"{""type"":""Point"",""coordinates"":[110.20259976525003,19.28761336986887]}"
2528,0.0,28.0,68.0,9.274521827697754,43.0,18.585558502768656,109.66387026366107,1885.53125,43.0,0.6681110858917236,5.0,1.0,0.6757665789050998,14.182994842529297,46.0,"{""type"":""Point"",""coordinates"":[109.66413747783987,18.58410914271904]}"
2529,0.0,31.0,86.0,9.031769752502441,62.0,19.66802842013268,109.91090696679396,1680.4442138671875,42.0,1.0370069742202759,4.0,3.0,0.7059536796926172,13.732544898986816,31.0,"{""type"":""Point"",""coordinates"":[109.90928267376202,19.668681779463437]}"
2530,0.0,32.0,838.0,33.75556945800781,647.0,18.702339489704194,109.48420720683714,1886.76171875,46.0,12.351791381835938,6.0,1.0,0.5358746936169864,10.639180183410645,45.0,"{""type"":""Point"",""coordinates"":[109.48371359478259,18.70395055231172]}"
2531,0.0,25.0,1.0,6.8411149978637695,4.0,18.8820025465281,110.45438771368623,1834.777587890625,46.0,0.2927737236022949,3.0,2.0,0.7289776902819842,15.028074264526367,44.0,"{""type"":""Point"",""coordinates"":[110.45619220703766,18.88137558597054]}"
2532,0.0,27.0,243.0,29.440507888793945,170.0,19.40751698773802,109.50666508894017,1836.7322998046875,52.0,6.20696496963501,4.0,3.0,0.6330535727203693,11.84041976928711,34.0,"{""type"":""Point"",""coordinates"":[109.50669479138504,19.40550378363961]}"
2533,0.0,23.0,18.0,6.924077033996582,18.0,18.57208377350686,110.07260371793546,1994.8236083984375,44.0,0.11471964418888092,3.0,1.0,0.7182288993056314,15.974261283874512,45.0,"{""type"":""Point"",""coordinates"":[110.07377430239599,18.571742112624943]}"
2534,0.0,24.0,14.0,3.375023603439331,14.0,19.757859948544635,110.98439373131674,1286.7421875,51.0,0.4061118960380554,3.0,4.0,0.6659473850973826,13.349996566772461,48.0,"{""type"":""Point"",""coordinates"":[110.98527628562243,19.757507264742674]}"
2535,0.0,24.0,30.0,5.679614067077637,29.0,18.49123539793611,108.95420118920663,1528.96240234375,52.0,0.49726104736328125,3.0,1.0,0.6713966282591184,14.5006685256958,46.0,"{""type"":""Point"",""coordinates"":[108.95259317907572,18.490832071046885]}"
2536,0.0,28.0,356.0,20.792844772338867,200.0,19.084123485454995,109.77615967417603,1876.8001708984375,46.0,3.365532636642456,4.0,2.0,0.6108225052590428,12.37744140625,40.0,"{""type"":""Point"",""coordinates"":[109.77426719708025,19.083747062845095]}"
2537,0.0,28.0,1357.0,19.13738441467285,1190.0,18.940393039995868,109.37640937274284,1772.7618408203125,44.0,12.489361763000488,11.0,2.0,0.49896869046527903,9.788804054260254,46.0,"{""type"":""Point"",""coordinates"":[109.37424799011701,18.94104034586311]}"
2538,0.0,27.0,64.0,5.3245134353637695,53.0,19.82972517127419,110.14896051708558,1559.87744140625,41.0,0.3703167736530304,2.0,4.0,0.706413362387237,14.497246742248535,32.0,"{""type"":""Point"",""coordinates"":[110.14933438183363,19.829526142001793]}"
2539,0.0,31.0,98.0,10.848237991333008,87.0,19.627604232347302,109.50666508894017,1652.2562255859375,46.0,1.6077919006347656,4.0,3.0,0.6649932683696771,13.286639213562012,33.0,"{""type"":""Point"",""coordinates"":[109.50677533163389,19.627071525864977]}"
2540,0.0,23.0,60.0,5.333785533905029,57.0,19.133530826081568,108.81496232016809,1485.2508544921875,57.0,0.5197827816009521,2.0,2.0,0.6661270323579453,14.43879508972168,39.0,"{""type"":""Point"",""coordinates"":[108.81524221194549,19.133428652225316]}"
2541,0.0,30.0,26.0,3.663447618484497,27.0,20.009388228098096,110.23430046907697,1318.081298828125,44.0,0.43218994140625,2.0,4.0,0.7007163778391963,13.739334106445312,37.0,"{""type"":""Point"",""coordinates"":[110.23380987048692,20.011411230462354]}"
2542,0.0,27.0,640.0,30.99945831298828,460.0,18.864036240845707,109.51115666536077,1659.7001953125,50.0,12.005538940429688,4.0,2.0,0.5251778109120943,10.864572525024414,47.0,"{""type"":""Point"",""coordinates"":[109.50950572145979,18.864832972533158]}"
2543,0.0,26.0,637.0,30.6789608001709,584.0,18.774204712433757,109.65039553439925,1805.6729736328125,47.0,8.567940711975098,5.0,1.0,0.543673527470275,11.211901664733887,47.0,"{""type"":""Point"",""coordinates"":[109.65196788622141,18.774122731943844]}"
2544,0.0,27.0,5.0,3.9863102436065674,6.0,19.973455616733318,110.80473067449287,1401.7451171875,44.0,0.4196552336215973,4.0,4.0,0.6830622337894989,13.337213516235352,48.0,"{""type"":""Point"",""coordinates"":[110.8060792242947,19.971480525583207]}"
2545,0.0,24.0,5.0,2.996007204055786,6.0,19.18293816670814,108.69818133323258,1216.021484375,53.0,0.2153036892414093,2.0,2.0,0.7019520820185264,15.352168083190918,41.0,"{""type"":""Point"",""coordinates"":[108.70022758709433,19.180982972338676]}"
2546,0.0,28.0,104.0,9.466049194335938,91.0,19.434466446261602,110.42294667874205,2027.7650146484375,41.0,0.4999319911003113,5.0,3.0,0.6693635756773225,14.431159973144531,37.0,"{""type"":""Point"",""coordinates"":[110.42442075268448,19.43655941523998]}"
2547,0.0,27.0,655.0,29.37046241760254,565.0,19.138022402502166,109.16979685739534,1758.5733642578125,49.0,9.146702766418457,7.0,2.0,0.5799982442636715,11.129207611083984,38.0,"{""type"":""Point"",""coordinates"":[109.16995556452667,19.13721260497655]}"
2548,0.0,29.0,280.0,28.65872573852539,175.0,18.91344358147228,109.97378903668232,2163.119140625,42.0,3.5573770999908447,4.0,2.0,0.6087439919630581,12.374879837036133,45.0,"{""type"":""Point"",""coordinates"":[109.97584564650032,18.913041731556575]}"
2549,0.0,24.0,32.0,5.576309680938721,18.0,19.735402066441644,110.01421322446765,1747.43212890625,49.0,0.16737648844718933,2.0,3.0,0.7593001463801727,15.588397979736328,32.0,"{""type"":""Point"",""coordinates"":[110.01580036287025,19.733316457818606]}"
2550,0.0,24.0,4.0,4.8180131912231445,4.0,18.369962834579972,109.15183055171292,1532.3353271484375,47.0,0.24846921861171722,3.0,1.0,0.7240155357984634,15.20946979522705,41.0,"{""type"":""Point"",""coordinates"":[109.15285137492387,18.370156662280017]}"
2551,0.0,27.0,634.0,26.662614822387695,578.0,19.164971861025748,109.13386424603056,1819.6148681640625,49.0,6.8149895668029785,5.0,2.0,0.5810512238681483,11.446252822875977,40.0,"{""type"":""Point"",""coordinates"":[109.1347784132121,19.166770616871265]}"
2552,0.0,23.0,227.0,29.23455238342285,126.0,19.304210730064277,109.37191779632224,1820.2825927734375,55.0,5.92899751663208,4.0,3.0,0.6159801415370904,11.897128105163574,38.0,"{""type"":""Point"",""coordinates"":[109.37406077513954,19.303468793399304]}"
2553,0.0,31.0,56.0,6.8486008644104,50.0,19.362601223532046,110.44989613726563,2108.8564453125,38.0,0.057359881699085236,5.0,3.0,0.7112288340262573,16.625600814819336,40.0,"{""type"":""Point"",""coordinates"":[110.44782151313183,19.361138501796006]}"
2554,0.0,26.0,373.0,68.81407928466797,326.0,19.003275109884235,110.07709529435607,2215.62158203125,46.0,14.541275978088379,4.0,2.0,0.5657555448880853,10.881135940551758,46.0,"{""type"":""Point"",""coordinates"":[110.07919967618714,19.00129576137674]}"
2555,0.0,27.0,398.0,53.591957092285156,378.0,18.899968852210492,110.21184258697394,2274.495849609375,47.0,9.2904052734375,4.0,2.0,0.5841943505200575,11.323830604553223,46.0,"{""type"":""Point"",""coordinates"":[110.21308538243278,18.90187491715931]}"
2556,0.0,24.0,211.0,21.210147857666016,87.0,18.73827210106898,109.0260664119362,1666.791015625,50.0,4.371967792510986,4.0,1.0,0.6053429482278297,12.213842391967773,43.0,"{""type"":""Point"",""coordinates"":[109.02534559371041,18.7366363167131]}"
2557,0.0,23.0,100.0,11.57346248626709,62.0,19.52429797467356,109.87048277900857,1819.9947509765625,53.0,1.2156460285186768,4.0,3.0,0.6860311421443805,13.565128326416016,37.0,"{""type"":""Point"",""coordinates"":[109.87148014589802,19.524035110212452]}"
2558,0.0,26.0,100.0,30.53854751586914,100.0,18.343013376056383,109.51115666536077,1719.6109619140625,53.0,7.262907981872559,4.0,0.0,0.6051330820211253,11.7723970413208,40.0,"{""type"":""Point"",""coordinates"":[109.50980583731699,18.344305534502134]}"
2559,0.0,22.0,104.0,6.789734840393066,82.0,19.120056096819773,109.05301587045977,1712.580810546875,58.0,0.5011124014854431,2.0,2.0,0.6449440299025966,14.449028968811035,40.0,"{""type"":""Point"",""coordinates"":[109.05323853652911,19.11888543051969]}"
2560,0.0,29.0,51.0,7.1693949699401855,51.0,19.847691476956584,110.33311515033012,1669.9520263671875,42.0,0.6805126667022705,6.0,4.0,0.7091309708133084,13.898846626281738,34.0,"{""type"":""Point"",""coordinates"":[110.33360709454736,19.848083784545768]}"
2561,0.0,25.0,26.0,4.730759620666504,29.0,18.65293214907762,108.75208025027973,1370.73193359375,51.0,0.5197625160217285,3.0,1.0,0.6709204164444382,14.45872974395752,44.0,"{""type"":""Point"",""coordinates"":[108.7521850393963,18.650857846520676]}"
2562,0.0,23.0,247.0,26.05841636657715,223.0,18.949376192837065,108.8733528136359,1477.794677734375,57.0,9.30587100982666,5.0,2.0,0.5644907127014949,11.42786693572998,43.0,"{""type"":""Point"",""coordinates"":[108.87428390083068,18.947548147214096]}"
2563,0.0,29.0,111.0,7.782796382904053,57.0,19.178446590287543,109.99175534236468,2077.681396484375,41.0,0.21062707901000977,4.0,2.0,0.6968048238901812,15.311534881591797,40.0,"{""type"":""Point"",""coordinates"":[109.99077112402593,19.180431749180887]}"
2564,0.0,29.0,434.0,35.510894775390625,247.0,18.79217101811615,109.50666508894017,1771.3740234375,48.0,10.601861000061035,4.0,1.0,0.5428061940105419,11.162148475646973,48.0,"{""type"":""Point"",""coordinates"":[109.50579564919062,18.792313604747072]}"
2565,0.0,21.0,8.0,6.742511749267578,10.0,18.40589544594475,109.75819336849361,1787.9580078125,51.0,0.30765363574028015,2.0,1.0,0.7315665953011082,14.99351978302002,41.0,"{""type"":""Point"",""coordinates"":[109.75614463472219,18.407834858414347]}"
2566,0.0,29.0,170.0,29.297760009765625,46.0,18.783187865274954,109.11589794034813,1620.36083984375,41.0,7.812171459197998,4.0,1.0,0.6491606178045561,11.655350685119629,41.0,"{""type"":""Point"",""coordinates"":[109.11628617307453,18.78341305716066]}"
2567,0.0,21.0,148.0,7.958685398101807,122.0,19.515314821832362,109.47971563041654,1731.3953857421875,56.0,0.6727234721183777,4.0,3.0,0.6464095805615566,14.127442359924316,35.0,"{""type"":""Point"",""coordinates"":[109.478387997659,19.514807393437835]}"
2568,0.0,26.0,223.0,13.184880256652832,46.0,19.277261271540688,109.52912297104314,1817.8341064453125,46.0,1.5805813074111938,4.0,2.0,0.6948237836995754,13.22513484954834,37.0,"{""type"":""Point"",""coordinates"":[109.5308444223213,19.276030292782846]}"
2569,0.0,22.0,28.0,13.686595916748047,28.0,18.325047070373998,109.28657784433085,1540.6993408203125,56.0,2.6021387577056885,4.0,0.0,0.698230993730038,12.846193313598633,39.0,"{""type"":""Point"",""coordinates"":[109.28685274495494,18.325704986443547]}"
2570,0.0,29.0,283.0,35.74851608276367,228.0,19.420991716999815,109.88395750827033,1969.310791015625,42.0,6.646057605743408,5.0,3.0,0.6236897416297855,11.74462604522705,37.0,"{""type"":""Point"",""coordinates"":[109.88341214154129,19.422271671360715]}"
2571,0.0,36.0,690.0,45.944156646728516,585.0,18.967342498519457,109.97378903668232,2065.14892578125,37.0,13.19546127319336,4.0,2.0,0.5630821890668507,10.720946311950684,42.0,"{""type"":""Point"",""coordinates"":[109.97155585511015,18.96696506070074]}"
2572,0.0,27.0,53.0,9.2979097366333,34.0,19.564722162458935,110.45887929010684,1871.7803955078125,47.0,0.7981175780296326,5.0,3.0,0.7166285903574353,13.737868309020996,39.0,"{""type"":""Point"",""coordinates"":[110.46070284557365,19.56662251275692]}"
2573,0.0,29.0,303.0,11.227945327758789,175.0,19.15598870818455,109.27310311506909,1777.8148193359375,43.0,1.343584418296814,4.0,2.0,0.6284352386456428,13.333916664123535,37.0,"{""type"":""Point"",""coordinates"":[109.27462896552065,19.15439893417194]}"
2574,0.0,31.0,332.0,38.26055145263672,291.0,18.581066926348058,109.385392525584,1837.31640625,40.0,9.539170265197754,5.0,1.0,0.569259975721825,11.344517707824707,45.0,"{""type"":""Point"",""coordinates"":[109.3863832619224,18.57993793713061]}"
2575,0.0,27.0,1040.0,26.81367301940918,846.0,19.066157179772603,109.21920419802188,1673.5738525390625,42.0,13.729190826416016,8.0,2.0,0.5320911753788327,10.279966354370117,40.0,"{""type"":""Point"",""coordinates"":[109.22101416427338,19.067593284249114]}"
2576,0.0,24.0,81.0,11.71236801147461,77.0,18.563100620665672,108.9811506477302,1772.8782958984375,53.0,1.3744299411773682,2.0,1.0,0.6168355892119948,13.453758239746094,48.0,"{""type"":""Point"",""coordinates"":[108.98162512518681,18.565177340948452]}"
2577,0.0,25.0,44.0,8.86821460723877,35.0,19.650062114450293,110.29718253896533,1762.8253173828125,48.0,0.862929105758667,3.0,3.0,0.7433569466468261,13.700075149536133,31.0,"{""type"":""Point"",""coordinates"":[110.2982888847062,19.65220881710702]}"
2578,0.0,25.0,31.0,5.703713893890381,30.0,18.48674382151551,108.95869276562723,1528.96240234375,51.0,0.5113502144813538,2.0,1.0,0.6738873488524569,14.472146987915039,45.0,"{""type"":""Point"",""coordinates"":[108.95782091102366,18.484998095377097]}"
2579,0.0,29.0,65.0,6.594407558441162,63.0,19.820742018433002,110.29269096254473,1671.531005859375,43.0,0.5509002208709717,6.0,4.0,0.6954787091520211,14.099251747131348,34.0,"{""type"":""Point"",""coordinates"":[110.29085733529705,19.819027695459734]}"
2580,0.0,23.0,54.0,8.701519012451172,54.0,19.726418913600448,109.52013981820193,1589.56103515625,56.0,1.149704098701477,3.0,3.0,0.7013732979208094,13.6483793258667,33.0,"{""type"":""Point"",""coordinates"":[109.52043085140433,19.724637248976283]}"
2581,0.0,27.0,708.0,34.540679931640625,584.0,18.79217101811615,109.0260664119362,1575.1695556640625,49.0,18.03140640258789,8.0,1.0,0.5341707928195386,10.375713348388672,40.0,"{""type"":""Point"",""coordinates"":[109.02553870748139,18.79096276070945]}"
2582,0.0,24.0,128.0,10.456697463989258,95.0,19.46590748120579,109.37191779632224,1727.7811279296875,56.0,1.2889039516448975,3.0,3.0,0.6546037560648599,13.48949909210205,34.0,"{""type"":""Point"",""coordinates"":[109.37146573531653,19.464191834530837]}"
2583,0.0,30.0,51.0,8.132862091064453,51.0,19.371584376373235,108.80148759090633,1385.3511962890625,44.0,1.5778745412826538,3.0,3.0,0.6513554248785388,13.333452224731445,42.0,"{""type"":""Point"",""coordinates"":[108.80339732913681,19.370411633118117]}"
2585,0.0,24.0,16.0,13.175719261169434,16.0,19.191921319549337,110.43642140800387,2211.063232421875,48.0,0.7514815330505371,3.0,2.0,0.7620723088564543,14.07660961151123,38.0,"{""type"":""Point"",""coordinates"":[110.43692641820859,19.192141220518227]}"
2586,0.0,22.0,11.0,2.5029168128967285,11.0,19.088615061875586,108.65326556902659,1119.602783203125,55.0,0.16702447831630707,2.0,2.0,0.6769698324478818,15.602639198303223,44.0,"{""type"":""Point"",""coordinates"":[108.65539708390924,19.087335551767094]}"
2587,0.0,27.0,4.0,3.525397539138794,5.0,20.04532083946288,110.70142441681912,1424.808837890625,44.0,0.1299566924571991,2.0,4.0,0.6938838972734912,14.511661529541016,46.0,"{""type"":""Point"",""coordinates"":[110.70339608036335,20.044012376709052]}"
2588,0.0,23.0,22.0,4.475826263427734,19.0,19.8252335948536,110.85413801511942,1377.18505859375,54.0,0.8435750007629395,3.0,4.0,0.6686005622290684,12.60077953338623,47.0,"{""type"":""Point"",""coordinates"":[110.85221644620076,19.824147996763166]}"
2589,0.0,24.0,31.0,11.21117115020752,31.0,18.40589544594475,109.0260664119362,1602.195068359375,48.0,1.6218050718307495,3.0,1.0,0.6918495498689803,13.317666053771973,41.0,"{""type"":""Point"",""coordinates"":[109.02461592922086,18.404465233336456]}"
2590,0.0,20.0,24.0,9.767271041870117,26.0,18.419370175206545,109.79412597985839,1787.9580078125,54.0,0.8579846620559692,2.0,1.0,0.71521459691444,13.958626747131348,40.0,"{""type"":""Point"",""coordinates"":[109.79496511924611,18.41823122550764]}"
2591,0.0,30.0,330.0,30.054485321044922,201.0,18.82361205306033,109.22369577444249,1795.33447265625,43.0,6.916673183441162,5.0,2.0,0.5750908268713507,11.671822547912598,45.0,"{""type"":""Point"",""coordinates"":[109.22430727786592,18.822144758597087]}"
2592,0.0,25.0,323.0,40.269229888916016,254.0,18.864036240845707,110.05463741225304,2042.27783203125,49.0,7.398202896118164,4.0,2.0,0.5865666978427044,11.608725547790527,45.0,"{""type"":""Point"",""coordinates"":[110.05426379899788,18.864934592128343]}"
2593,0.0,28.0,33.0,9.23147964477539,33.0,19.672519996553277,110.6834581111367,1757.2255859375,46.0,1.0964926481246948,6.0,3.0,0.7163662042235075,13.274285316467285,38.0,"{""type"":""Point"",""coordinates"":[110.68163436066052,19.67402617580703]}"
2594,0.0,28.0,141.0,31.38382911682129,109.0,19.12454767324037,110.07260371793546,2062.87060546875,47.0,4.524666786193848,4.0,2.0,0.612586547184216,12.223796844482422,44.0,"{""type"":""Point"",""coordinates"":[110.07375941731215,19.12372142372878]}"
2595,0.0,36.0,76.0,4.207427024841309,76.0,19.82972517127419,109.74471863923185,1395.4825439453125,38.0,0.38341155648231506,3.0,4.0,0.6620369968220827,14.733609199523926,34.0,"{""type"":""Point"",""coordinates"":[109.74267209715255,19.829137631966738]}"
2596,0.0,26.0,198.0,41.68756866455078,191.0,18.59903323203045,108.99013380057141,1772.8782958984375,51.0,11.35413932800293,4.0,1.0,0.549792434172168,11.256606101989746,49.0,"{""type"":""Point"",""coordinates"":[108.98813430693357,18.597217750943866]}"
2597,0.0,27.0,1290.0,22.478666305541992,1121.0,18.95835934567826,109.40335883126642,1758.0074462890625,42.0,14.084921836853027,12.0,2.0,0.511585640005769,9.820838928222656,43.0,"{""type"":""Point"",""coordinates"":[109.40344865976063,18.958345462611735]}"
2598,0.0,23.0,22.0,9.573976516723633,25.0,18.873019393686903,110.39150564379787,1956.7330322265625,49.0,0.5767737627029419,4.0,2.0,0.7068639378453937,14.35696029663086,45.0,"{""type"":""Point"",""coordinates"":[110.39139907173795,18.871385743808876]}"
2599,0.0,27.0,17.0,4.769446849822998,18.0,20.05879556872467,110.61159288840719,1457.0281982421875,45.0,0.7107001543045044,4.0,4.0,0.6892858122036305,12.783575057983398,44.0,"{""type"":""Point"",""coordinates"":[110.61245463637349,20.060487575633175]}"
2600,0.0,24.0,33.0,7.301741600036621,33.0,19.55573900961774,109.25513680938667,1581.78564453125,48.0,0.7528092265129089,2.0,3.0,0.712739937251307,14.084196090698242,36.0,"{""type"":""Point"",""coordinates"":[109.25626030099671,19.5560058349487]}"
2601,0.0,36.0,893.0,22.559085845947266,742.0,18.91344358147228,109.26861153864849,1541.253173828125,38.0,11.983392715454102,5.0,2.0,0.5138089336279985,10.608327865600586,45.0,"{""type"":""Point"",""coordinates"":[109.26750411408295,18.91143076171734]}"
2602,0.0,32.0,76.0,11.384325981140137,73.0,19.77133467780643,110.02319637730886,1695.315185546875,40.0,1.527776837348938,4.0,4.0,0.6935321342238824,13.350926399230957,31.0,"{""type"":""Point"",""coordinates"":[110.02370525356265,19.773227946461464]}"
2603,0.0,29.0,66.0,6.3575215339660645,65.0,19.68599472581507,110.65650865261313,1757.2255859375,48.0,0.4411483407020569,5.0,3.0,0.6847341069517732,14.154808044433594,37.0,"{""type"":""Point"",""coordinates"":[110.65630768767925,19.68591061637523]}"
2604,0.0,27.0,127.0,21.472158432006836,57.0,19.394042258476226,109.83904174406439,1993.51513671875,44.0,2.6088316440582275,4.0,3.0,0.690547041150382,12.784481048583984,38.0,"{""type"":""Point"",""coordinates"":[109.83903300635453,19.39261640507114]}"
2605,0.0,28.0,224.0,44.47935485839844,201.0,19.304210730064277,109.15183055171292,1811.0743408203125,44.0,11.665749549865723,6.0,3.0,0.5906369575918978,11.211915969848633,40.0,"{""type"":""Point"",""coordinates"":[109.1515882838554,19.304611242211205]}"
2606,0.0,22.0,8.0,2.728506326675415,8.0,18.832595205901526,108.6622487218678,1247.133056640625,54.0,0.057359881699085236,2.0,2.0,0.6752479005298943,16.673158645629883,47.0,"{""type"":""Point"",""coordinates"":[108.66204417448647,18.834439546831018]}"
2607,0.0,24.0,140.0,10.21743106842041,105.0,18.85954466442511,110.10853632930025,1945.2587890625,51.0,0.751024067401886,3.0,2.0,0.6097799390905861,14.022303581237793,46.0,"{""type"":""Point"",""coordinates"":[110.10851134461275,18.861576309038682]}"
2608,0.0,26.0,950.0,31.132835388183594,777.0,18.985308804201843,109.42581671336939,1758.0074462890625,43.0,13.261055946350098,7.0,2.0,0.5334251235151068,10.435006141662598,42.0,"{""type"":""Point"",""coordinates"":[109.42691315764151,18.983797512516208]}"
2610,0.0,28.0,188.0,5.996647834777832,59.0,18.729288948227783,109.13386424603056,1684.7916259765625,42.0,0.3395094573497772,4.0,1.0,0.6523224240787129,14.786055564880371,43.0,"{""type"":""Point"",""coordinates"":[109.13578105745692,18.731381853391596]}"
2611,0.0,30.0,35.0,6.459878444671631,33.0,19.793792559909413,110.42743825516266,1730.27587890625,40.0,0.4317674934864044,7.0,4.0,0.735354914272543,14.267314910888672,34.0,"{""type"":""Point"",""coordinates"":[110.4294308887256,19.79312551941592]}"
2612,0.0,28.0,1159.0,25.149295806884766,1074.0,19.084123485454995,109.16081370455413,1659.8680419921875,46.0,16.669736862182617,11.0,2.0,0.5147864849941881,9.893625259399414,41.0,"{""type"":""Point"",""coordinates"":[109.16276133546984,19.08590156127209]}"
2613,0.0,30.0,218.0,44.70566940307617,187.0,18.97183407494005,110.1579436699268,2102.280517578125,40.0,7.612868309020996,4.0,2.0,0.5952361353938259,11.650696754455566,45.0,"{""type"":""Point"",""coordinates"":[110.15823830973433,18.970040852418045]}"
2614,0.0,29.0,360.0,26.631084442138672,348.0,19.227853930914115,110.23430046907697,2244.465087890625,43.0,2.9793219566345215,4.0,2.0,0.6284827344133913,12.496711730957031,41.0,"{""type"":""Point"",""coordinates"":[110.23384056950775,19.228074615668074]}"
2615,0.0,24.0,20.0,7.573012828826904,20.0,19.12903924966097,110.40947194948029,2184.841064453125,50.0,0.0835232064127922,3.0,2.0,0.7542121751889097,16.29047393798828,39.0,"{""type"":""Point"",""coordinates"":[110.40999095404092,19.126954492008263]}"
2616,0.0,26.0,229.0,17.92587661743164,210.0,18.5092017036185,109.32251045569564,1752.544921875,54.0,3.2047324180603027,4.0,1.0,0.5853594140688158,12.513577461242676,46.0,"{""type"":""Point"",""coordinates"":[109.32455152091946,18.508454862027506]}"
2617,0.0,29.0,378.0,27.581464767456055,250.0,18.940393039995868,109.87048277900857,2011.536865234375,42.0,4.331021785736084,4.0,2.0,0.5872223897688162,12.108582496643066,46.0,"{""type"":""Point"",""coordinates"":[109.87017166904934,18.938705474601523]}"
2618,0.0,30.0,23.0,4.890574932098389,23.0,19.96896404031272,109.94234800173814,1424.2783203125,39.0,0.5025103092193604,2.0,4.0,0.7114550550148232,14.223554611206055,37.0,"{""type"":""Point"",""coordinates"":[109.9426619549375,19.970294679345297]}"
2619,0.0,22.0,48.0,3.517914056777954,45.0,19.079631909034397,108.79699601448573,1320.4761962890625,57.0,0.23733027279376984,3.0,2.0,0.6629826218069277,15.229842185974121,41.0,"{""type"":""Point"",""coordinates"":[108.79657757244772,19.078961888866164]}"
2620,0.0,29.0,14.0,3.3575053215026855,14.0,19.77133467780643,109.34945991421921,1289.223876953125,41.0,0.21088416874408722,4.0,4.0,0.7339939184284315,15.367744445800781,33.0,"{""type"":""Point"",""coordinates"":[109.34778152606853,19.77318029553195]}"
2621,0.0,21.0,45.0,6.90087890625,29.0,19.564722162458935,110.38252249095666,1850.5380859375,54.0,0.3097274601459503,3.0,3.0,0.7260682572801759,14.735158920288086,38.0,"{""type"":""Point"",""coordinates"":[110.38368210321978,19.563403911131285]}"
2622,0.0,26.0,116.0,45.31897735595703,119.0,18.26665657690623,109.60547977019331,1780.9361572265625,54.0,12.679667472839355,4.0,0.0,0.5957161167804075,11.194308280944824,39.0,"{""type"":""Point"",""coordinates"":[109.60747487627418,18.265727679270384]}"
2623,0.0,25.0,230.0,27.15019416809082,82.0,18.82810362948093,109.32700203211624,1703.39013671875,51.0,6.342323303222656,5.0,2.0,0.5976516378483717,11.827251434326172,45.0,"{""type"":""Point"",""coordinates"":[109.32904558483241,18.83032812683174]}"
2624,0.0,25.0,44.0,7.42913818359375,35.0,19.591671620982524,110.3196404210683,1893.901611328125,49.0,0.34968870878219604,3.0,3.0,0.7219240247558916,14.80639934539795,38.0,"{""type"":""Point"",""coordinates"":[110.31813298370676,19.590562890445305]}"
2625,0.0,27.0,307.0,13.222328186035156,229.0,19.01674983914603,109.96480588384111,1967.97802734375,50.0,1.3584672212600708,4.0,2.0,0.6127801838282363,13.3201322555542,43.0,"{""type"":""Point"",""coordinates"":[109.96652859302574,19.014749656186012]}"
2626,0.0,27.0,252.0,32.3859748840332,62.0,18.953867769257663,109.53810612388435,1855.1180419921875,47.0,6.671887397766113,4.0,2.0,0.6384971024333763,11.761595726013184,42.0,"{""type"":""Point"",""coordinates"":[109.53759082777715,18.95208036372912]}"
2627,0.0,27.0,81.0,20.3397159576416,81.0,18.697847913283596,110.23879204549758,1999.876708984375,46.0,2.3751060962677,4.0,1.0,0.6323857692913791,12.906373977661133,46.0,"{""type"":""Point"",""coordinates"":[110.24049004949242,18.70007302285935]}"
2628,0.0,24.0,54.0,13.089787483215332,48.0,19.21887077807292,108.88233596647706,1629.544189453125,53.0,2.1073317527770996,4.0,2.0,0.6679091158337191,13.042144775390625,42.0,"{""type"":""Point"",""coordinates"":[108.88419523095027,19.217318465723295]}"
2629,0.0,24.0,11.0,4.662388324737549,11.0,19.46590748120579,109.01708325909499,1460.152099609375,47.0,0.30954471230506897,2.0,3.0,0.7327151640911299,14.98567008972168,36.0,"{""type"":""Point"",""coordinates"":[109.01834185665206,19.466450782275054]}"
2630,0.0,26.0,523.0,43.541629791259766,353.0,18.93590146357527,109.4437830190518,1868.5152587890625,50.0,13.18563461303711,4.0,2.0,0.5529222212026671,10.867765426635742,44.0,"{""type"":""Point"",""coordinates"":[109.4417484547272,18.934204302551347]}"
2631,0.0,25.0,340.0,42.678401947021484,300.0,19.164971861025748,109.11140636392759,1819.6148681640625,50.0,11.677342414855957,4.0,2.0,0.5828937563678598,11.131942749023438,40.0,"{""type"":""Point"",""coordinates"":[109.11058776946177,19.166275855616625]}"
2632,0.0,26.0,473.0,44.17634963989258,445.0,19.26827811869949,109.12937266960995,1776.1038818359375,52.0,15.44268798828125,5.0,2.0,0.5719976268653217,10.742876052856445,38.0,"{""type"":""Point"",""coordinates"":[109.13054514293373,19.268482414835564]}"
2633,0.0,24.0,7.0,3.8279671669006348,8.0,19.977947193153916,110.64752549977192,1483.770263671875,48.0,0.12994441390037537,2.0,4.0,0.6939377655315094,14.505141258239746,46.0,"{""type"":""Point"",""coordinates"":[110.64812220969334,19.977970948171535]}"
2634,0.0,28.0,66.0,9.005199432373047,66.0,19.560230586038337,109.19225473949831,1565.0616455078125,49.0,1.3230582475662231,3.0,3.0,0.6586247292527165,13.500802040100098,39.0,"{""type"":""Point"",""coordinates"":[109.19279639620476,19.558909870207735]}"
2635,0.0,26.0,907.0,14.537806510925293,854.0,18.79666259453675,108.92725173068305,1431.394775390625,49.0,6.305461883544922,9.0,1.0,0.5338172930831057,11.244684219360352,43.0,"{""type"":""Point"",""coordinates"":[108.92559037980236,18.797873404749193]}"
2636,0.0,28.0,136.0,18.98723030090332,89.0,19.474890634046986,109.98726376594408,1973.2366943359375,40.0,2.1797633171081543,4.0,3.0,0.6547958094437115,12.958822250366211,38.0,"{""type"":""Point"",""coordinates"":[109.98505172797476,19.476236739863005]}"
2637,0.0,28.0,719.0,54.15385055541992,704.0,18.71581421896599,109.92438169605572,2281.90283203125,46.0,12.55454158782959,5.0,1.0,0.5485041555521832,10.744766235351562,48.0,"{""type"":""Point"",""coordinates"":[109.92305554406337,18.717840286345012]}"
2638,0.0,27.0,471.0,34.530181884765625,384.0,18.675390031180612,109.31352730285442,1819.1854248046875,50.0,9.429780006408691,5.0,1.0,0.5606596010320083,11.253249168395996,45.0,"{""type"":""Point"",""coordinates"":[109.31449683111639,18.67344412562168]}"
2639,0.0,29.0,444.0,26.296770095825195,435.0,18.531659585721485,109.20572946876013,1799.472900390625,49.0,6.232214450836182,5.0,1.0,0.5752787643552559,11.693380355834961,44.0,"{""type"":""Point"",""coordinates"":[109.20561944742849,18.53260609162752]}"
2640,0.0,27.0,250.0,62.29707717895508,238.0,19.205396048811124,110.23430046907697,2244.465087890625,46.0,11.070740699768066,4.0,2.0,0.6118127147412883,11.248504638671875,40.0,"{""type"":""Point"",""coordinates"":[110.23493304596576,19.205394855915873]}"
2641,0.0,30.0,405.0,34.58433532714844,227.0,19.12903924966097,109.52912297104314,1843.533447265625,38.0,8.124028205871582,5.0,2.0,0.5916709044769666,11.454888343811035,40.0,"{""type"":""Point"",""coordinates"":[109.52891338577277,19.13023428456724]}"
2642,0.0,28.0,324.0,45.13966751098633,327.0,18.3160639175328,109.65488711081986,1818.772216796875,49.0,13.34860897064209,5.0,0.0,0.5665632764146254,11.005105018615723,43.0,"{""type"":""Point"",""coordinates"":[109.65458545348075,18.31703421013922]}"
2643,0.0,26.0,334.0,27.581789016723633,224.0,19.173955013866944,109.19225473949831,1753.2191162109375,47.0,6.233504295349121,5.0,2.0,0.6011471901344778,11.773920059204102,39.0,"{""type"":""Point"",""coordinates"":[109.19444853277703,19.175977687575646]}"
2644,0.0,27.0,333.0,26.97275161743164,297.0,18.93590146357527,108.89581069573887,1477.794677734375,53.0,10.860307693481445,4.0,2.0,0.5499555834412131,11.21132755279541,44.0,"{""type"":""Point"",""coordinates"":[108.89565491792983,18.936951550700666]}"
2645,0.0,22.0,77.0,6.66110372543335,69.0,19.313193882905473,108.90479384858008,1582.085693359375,58.0,0.679680347442627,2.0,3.0,0.6481431184978769,14.160466194152832,41.0,"{""type"":""Point"",""coordinates"":[108.90343179086717,19.315284324977892]}"
2646,0.0,25.0,16.0,3.094921112060547,16.0,18.967342498519457,108.7116560624944,1279.768310546875,48.0,0.1341838240623474,2.0,2.0,0.6809419303625074,15.818694114685059,44.0,"{""type"":""Point"",""coordinates"":[108.71053384485938,18.9661242867683]}"
2647,0.0,30.0,966.0,14.386796951293945,941.0,18.724797371807185,108.87784439005651,1336.01025390625,46.0,8.886631965637207,8.0,1.0,0.5038736129645203,10.825156211853027,46.0,"{""type"":""Point"",""coordinates"":[108.87780215633506,18.72530374626041]}"
2648,0.0,26.0,245.0,27.62407112121582,144.0,19.250311813017106,109.29556099717206,1811.13720703125,51.0,5.637760639190674,4.0,2.0,0.619825931823536,11.935966491699219,37.0,"{""type"":""Point"",""coordinates"":[109.29562510574404,19.24812647154994]}"
2649,0.0,23.0,17.0,11.549564361572266,17.0,18.554117467824476,110.06811214151486,1994.8236083984375,47.0,0.8051117062568665,2.0,1.0,0.7203728846761969,14.026283264160156,44.0,"{""type"":""Point"",""coordinates"":[110.06602929378322,18.555057538201225]}"
2650,0.0,31.0,338.0,28.71588897705078,146.0,19.084123485454995,109.40335883126642,1729.015869140625,38.0,6.996281623840332,4.0,2.0,0.5876411937561478,11.654623985290527,41.0,"{""type"":""Point"",""coordinates"":[109.40445363162944,19.084182946709976]}"
2651,0.0,27.0,87.0,13.518485069274902,60.0,19.488365363308773,110.17590997560922,2070.307373046875,48.0,1.0897296667099,4.0,3.0,0.7088303485230975,13.682342529296875,36.0,"{""type"":""Point"",""coordinates"":[110.17500935986476,19.48887807145455]}"
2652,0.0,21.0,146.0,8.424294471740723,118.0,19.506331668991166,109.4347998662106,1697.7293701171875,57.0,0.8414064645767212,3.0,3.0,0.6387497295586003,13.904922485351562,36.0,"{""type"":""Point"",""coordinates"":[109.43565445802449,19.504680155129876]}"
2653,0.0,26.0,252.0,63.65485763549805,252.0,18.581066926348058,110.13099421140322,2283.851806640625,50.0,11.16250991821289,4.0,1.0,0.5913699895003451,11.238706588745117,45.0,"{""type"":""Point"",""coordinates"":[110.1320975516408,18.57888797232858]}"
2654,0.0,24.0,94.0,9.966583251953125,61.0,19.55124743319714,110.0052300716265,1876.195556640625,51.0,0.8094721436500549,3.0,3.0,0.6960454890810563,13.975485801696777,36.0,"{""type"":""Point"",""coordinates"":[110.00659768908473,19.551890871794132]}"
2655,0.0,24.0,62.0,10.540702819824219,46.0,19.659045267291482,110.08607844719722,1816.8760986328125,51.0,1.0123716592788696,3.0,3.0,0.7281749848138406,13.770895957946777,32.0,"{""type"":""Point"",""coordinates"":[110.08681694216656,19.660700990165836]}"
2656,0.0,30.0,818.0,17.355749130249023,795.0,18.778696288854356,108.8733528136359,1373.8770751953125,48.0,9.790364265441895,10.0,1.0,0.5139371488968391,10.899090766906738,46.0,"{""type"":""Point"",""coordinates"":[108.87383210427363,18.779938668587832]}"
2657,0.0,30.0,302.0,37.673866271972656,248.0,18.944884616416466,109.04852429403917,1564.971435546875,40.0,14.31783390045166,7.0,2.0,0.5618908763198918,10.947500228881836,41.0,"{""type"":""Point"",""coordinates"":[109.04804708497825,18.94608799851153]}"
2658,0.0,25.0,35.0,23.097169876098633,36.0,18.45979436299192,109.70878602786706,1826.4510498046875,47.0,3.5599422454833984,3.0,1.0,0.6791298480387232,12.52811336517334,44.0,"{""type"":""Point"",""coordinates"":[109.70708305316872,18.459992913383036]}"
2659,0.0,30.0,590.0,46.51564407348633,544.0,18.76522155959256,109.81209228554076,2040.5281982421875,39.0,11.604808807373047,4.0,1.0,0.5582024397767774,10.943483352661133,45.0,"{""type"":""Point"",""coordinates"":[109.81339601517777,18.766797681598806]}"
2660,0.0,21.0,30.0,9.002575874328613,28.0,18.329538646794596,109.26861153864849,1540.6993408203125,59.0,1.3345465660095215,3.0,0.0,0.7015375467550938,13.513280868530273,39.0,"{""type"":""Point"",""coordinates"":[109.26903699567214,18.330169629837563]}"
2661,0.0,23.0,29.0,16.366519927978516,29.0,19.18742974312874,110.42743825516266,2211.063232421875,50.0,1.167595624923706,4.0,2.0,0.7458296268139103,13.62821102142334,38.0,"{""type"":""Point"",""coordinates"":[110.42680083967026,19.188197546981783]}"
2662,0.0,44.0,90.0,5.702664852142334,84.0,19.811758865591806,109.73124390997003,1395.4825439453125,33.0,0.958355188369751,5.0,4.0,0.647569058435201,13.809032440185547,35.0,"{""type"":""Point"",""coordinates"":[109.73062219210354,19.809590038004718]}"
2663,0.0,25.0,140.0,12.17086410522461,113.0,19.232345507334713,109.09793163466577,1743.2301025390625,43.0,1.4588207006454468,4.0,2.0,0.6314235898942102,13.358198165893555,38.0,"{""type"":""Point"",""coordinates"":[109.0964322671568,19.230284860506366]}"
2664,0.0,31.0,32.0,6.126060962677002,32.0,19.928539852527344,109.89294066111154,1430.90625,41.0,0.9222845435142517,3.0,4.0,0.705182782475394,13.60940933227539,36.0,"{""type"":""Point"",""coordinates"":[109.89474889632586,19.926744102057537]}"
2665,0.0,28.0,317.0,17.36983871459961,172.0,18.80115417095734,109.31801887927503,1703.39013671875,49.0,3.368366241455078,6.0,1.0,0.5825385247091273,12.40415096282959,45.0,"{""type"":""Point"",""coordinates"":[109.31875469213867,18.800973616536265]}"
2666,0.0,30.0,334.0,22.06781578063965,213.0,18.976325651360646,109.88395750827033,1940.054443359375,40.0,3.266533136367798,4.0,2.0,0.6071573414782727,12.423001289367676,42.0,"{""type"":""Point"",""coordinates"":[109.8851401108653,18.97488754951389]}"
2667,0.0,27.0,381.0,30.427431106567383,236.0,18.706831066124792,109.30903572643388,1796.542724609375,49.0,7.32392692565918,4.0,1.0,0.5701880785290113,11.577493667602539,45.0,"{""type"":""Point"",""coordinates"":[109.31028910791589,18.70839046825113]}"
2668,0.0,23.0,133.0,7.241988658905029,78.0,19.483873786888182,109.56505558240792,1805.5992431640625,53.0,0.4297458827495575,3.0,3.0,0.667490012301426,14.584918022155762,37.0,"{""type"":""Point"",""coordinates"":[109.56718626398843,19.484338250927426]}"
2669,0.0,23.0,44.0,7.089716911315918,35.0,19.60514635024431,110.34209830317133,1817.6885986328125,52.0,0.40382999181747437,4.0,3.0,0.7267908931305235,14.470588684082031,36.0,"{""type"":""Point"",""coordinates"":[110.34352247053103,19.604545744040383]}"
2670,0.0,21.0,11.0,3.9779162406921387,14.0,18.495726974356707,108.80148759090633,1269.595947265625,54.0,0.4406075179576874,2.0,1.0,0.6952253815321817,14.542510986328125,41.0,"{""type"":""Point"",""coordinates"":[108.8003016748393,18.49594388023452]}"
2671,0.0,25.0,85.0,15.061948776245117,71.0,19.587180044561926,109.47971563041654,1755.52685546875,51.0,2.1545770168304443,5.0,3.0,0.6884025193363178,13.001526832580566,33.0,"{""type"":""Point"",""coordinates"":[109.48125269267209,19.58802138657456]}"
2672,0.0,25.0,13.0,9.63004207611084,11.0,19.259294965858295,110.42743825516266,2254.91259765625,43.0,0.2506730258464813,3.0,2.0,0.776988738597537,15.176318168640137,37.0,"{""type"":""Point"",""coordinates"":[110.4266615171605,19.258238957912305]}"
2673,0.0,27.0,64.0,6.78963041305542,65.0,19.91057354684495,110.18040155202976,1531.1956787109375,43.0,0.8373146653175354,2.0,4.0,0.6764975577289047,13.681347846984863,35.0,"{""type"":""Point"",""coordinates"":[110.1807815735172,19.909262088415822]}"
2674,0.0,32.0,65.0,7.7862420082092285,66.0,19.852183053377182,109.28657784433085,1208.1312255859375,40.0,2.187077045440674,4.0,4.0,0.6577541751122902,12.998467445373535,34.0,"{""type"":""Point"",""coordinates"":[109.28603273683242,19.85387520278416]}"
2675,0.0,22.0,109.0,11.994545936584473,57.0,19.537772703935353,109.81658386196136,1840.75537109375,53.0,1.2263453006744385,5.0,3.0,0.6973778544072518,13.55090045928955,36.0,"{""type"":""Point"",""coordinates"":[109.81826382288385,19.538600609550237]}"
2676,0.0,31.0,296.0,33.4622917175293,179.0,19.26827811869949,109.65039553439925,1937.529052734375,40.0,6.405519962310791,4.0,2.0,0.6168422231848456,11.772921562194824,38.0,"{""type"":""Point"",""coordinates"":[109.65194035254001,19.269254533195465]}"
2677,0.0,26.0,11.0,2.8936657905578613,11.0,18.873019393686903,108.6667402982884,1249.0335693359375,48.0,0.1212376281619072,2.0,2.0,0.6805411654792222,15.923027992248535,45.0,"{""type"":""Point"",""coordinates"":[108.66861846010217,18.874358284626727]}"
2678,0.0,20.0,122.0,7.402289867401123,61.0,19.57370531530013,109.66387026366107,1784.009765625,56.0,0.46288976073265076,3.0,3.0,0.698941106374001,14.5173921585083,34.0,"{""type"":""Point"",""coordinates"":[109.66359889336559,19.572360402718438]}"
2679,0.0,26.0,32.0,3.949784994125366,33.0,19.919556699686147,110.85413801511942,1352.1119384765625,49.0,0.6100770831108093,3.0,4.0,0.6382401009162335,12.901728630065918,50.0,"{""type"":""Point"",""coordinates"":[110.85398620162006,19.918112408323918]}"
2680,0.0,28.0,120.0,8.768954277038574,82.0,19.641078961609097,109.81209228554076,1719.813720703125,45.0,0.8798345327377319,4.0,3.0,0.6756204976482816,13.87631607055664,33.0,"{""type"":""Point"",""coordinates"":[109.81365795860737,19.64094250479298]}"
2681,0.0,24.0,361.0,20.531099319458008,242.0,19.27276969512009,109.42132513694878,1867.65478515625,51.0,3.2653822898864746,3.0,2.0,0.6139584882389921,12.404129981994629,39.0,"{""type"":""Point"",""coordinates"":[109.42188955423919,19.272541602360388]}"
2682,0.0,39.0,73.0,7.906059741973877,73.0,19.85667462979778,109.9603143074205,1561.5439453125,35.0,1.2804884910583496,5.0,4.0,0.674250777000613,13.249388694763184,34.0,"{""type"":""Point"",""coordinates"":[109.95819767299676,19.85753194773402]}"
2683,0.0,22.0,76.0,7.116137504577637,72.0,19.344634917849653,108.9811506477302,1757.42431640625,58.0,0.49967074394226074,3.0,3.0,0.6567789754364183,14.468757629394531,41.0,"{""type"":""Point"",""coordinates"":[108.98224148556358,19.346049992508323]}"
2684,0.0,21.0,103.0,8.077804565429688,47.0,19.623112655926704,109.69531129860525,1718.70361328125,53.0,0.6793784499168396,4.0,3.0,0.7161387900580874,14.14526653289795,33.0,"{""type"":""Point"",""coordinates"":[109.6953114513565,19.621716769253627]}"
2685,0.0,27.0,20.0,11.29144287109375,11.0,19.169463437446346,110.29269096254473,2247.291015625,46.0,0.5011916756629944,4.0,2.0,0.7625058070917375,14.49858570098877,40.0,"{""type"":""Point"",""coordinates"":[110.29348865272604,19.168278924726213]}"
2686,0.0,29.0,1266.0,32.841644287109375,1036.0,18.890985699369296,109.69980287502585,1841.7474365234375,45.0,25.47857666015625,6.0,2.0,0.47891200262202116,9.230046272277832,44.0,"{""type"":""Point"",""coordinates"":[109.69953437332005,18.890477707449453]}"
2687,0.0,32.0,15.0,6.178175449371338,16.0,19.955489311050925,110.13548578782382,1481.5716552734375,38.0,0.8015101552009583,2.0,4.0,0.7222388774023814,13.762680053710938,37.0,"{""type"":""Point"",""coordinates"":[110.13358308321435,19.953800736436627]}"
2688,0.0,22.0,127.0,11.690743446350098,97.0,19.618621079506106,109.85251647332615,1744.9964599609375,55.0,1.4289934635162354,4.0,3.0,0.6536265438299294,13.386897087097168,34.0,"{""type"":""Point"",""coordinates"":[109.8508185660247,19.616986225546647]}"
2689,0.0,26.0,603.0,37.77138137817383,536.0,18.554117467824476,109.44827459547236,1877.519287109375,49.0,10.809866905212402,5.0,1.0,0.5519844246827761,11.005035400390625,45.0,"{""type"":""Point"",""coordinates"":[109.44973144884008,18.555209972900748]}"
2690,0.0,26.0,503.0,23.800552368164062,488.0,18.661915301918818,108.91826857784184,1501.0916748046875,50.0,8.962636947631836,6.0,1.0,0.5344385320339188,11.279643058776855,47.0,"{""type"":""Point"",""coordinates"":[108.91674505292825,18.66009590483068]}"
2691,0.0,22.0,134.0,8.831851959228516,83.0,19.35361807069085,109.25513680938667,1657.0560302734375,49.0,0.9387556314468384,3.0,3.0,0.6599821700446172,13.802868843078613,35.0,"{""type"":""Point"",""coordinates"":[109.25548957277452,19.355189384510123]}"
2692,0.0,23.0,143.0,10.465150833129883,107.0,19.537772703935353,109.56505558240792,1698.8143310546875,55.0,1.3134660720825195,2.0,3.0,0.6410864908047601,13.461335182189941,35.0,"{""type"":""Point"",""coordinates"":[109.56328775543143,19.53691693749084]}"
2693,0.0,28.0,250.0,27.897212982177734,94.0,18.855053088004517,109.3943756784252,1730.195068359375,47.0,6.515237808227539,4.0,2.0,0.5834046651890086,11.786897659301758,45.0,"{""type"":""Point"",""coordinates"":[109.39602133304442,18.855484691632594]}"
2694,0.0,24.0,57.0,6.166176795959473,52.0,19.223362354493517,108.84640335511227,1512.93310546875,52.0,0.6493276953697205,2.0,2.0,0.6597383794218474,14.218025207519531,42.0,"{""type"":""Point"",""coordinates"":[108.84441959870178,19.22203002645761]}"
2695,0.0,21.0,144.0,12.021299362182617,86.0,19.49285693972937,109.79412597985839,1968.5472412109375,56.0,1.0049314498901367,4.0,3.0,0.6751279794055716,13.728536605834961,35.0,"{""type"":""Point"",""coordinates"":[109.79368562862695,19.494407658974758]}"
2696,0.0,26.0,803.0,8.253206253051758,780.0,18.74725525391017,108.8688612372153,1336.01025390625,48.0,2.4694104194641113,6.0,1.0,0.529661871617525,12.30162239074707,46.0,"{""type"":""Point"",""coordinates"":[108.86775356488705,18.748304916075107]}"
2697,0.0,25.0,96.0,10.505711555480957,94.0,19.582688468141328,109.40335883126642,1726.7203369140625,50.0,1.217443823814392,4.0,3.0,0.6540865444643281,13.566068649291992,35.0,"{""type"":""Point"",""coordinates"":[109.40177510200714,19.582987020508128]}"
2698,0.0,23.0,107.0,10.429153442382812,52.0,19.57819689172073,109.62793765229628,1742.6309814453125,53.0,1.1579771041870117,4.0,3.0,0.7012201822560699,13.6094970703125,35.0,"{""type"":""Point"",""coordinates"":[109.62624826689877,19.577728182590402]}"
2699,0.0,28.0,357.0,47.28306198120117,340.0,19.205396048811124,110.19387628129158,2268.6474609375,47.0,7.531826972961426,4.0,2.0,0.6143305728979952,11.566540718078613,41.0,"{""type"":""Point"",""coordinates"":[110.19432295715086,19.204618980630634]}"
2700,0.0,26.0,89.0,10.657814025878906,89.0,19.394042258476226,110.5711687006218,1981.284912109375,46.0,0.8448944091796875,4.0,3.0,0.6633408003953521,13.652579307556152,38.0,"{""type"":""Point"",""coordinates"":[110.56971506289544,19.39254748243345]}"
2701,0.0,34.0,49.0,4.961471080780029,49.0,19.793792559909413,109.42581671336939,1396.7220458984375,37.0,0.5657542943954468,3.0,4.0,0.6976068257584526,14.36052131652832,33.0,"{""type"":""Point"",""coordinates"":[109.42374493069093,19.793372962512077]}"
2702,0.0,36.0,746.0,19.392122268676758,597.0,18.895477275789894,109.2775946914897,1646.5347900390625,37.0,6.140511512756348,5.0,2.0,0.5445125112567332,11.445802688598633,45.0,"{""type"":""Point"",""coordinates"":[109.27645122677113,18.894925909397124]}"
2703,0.0,23.0,160.0,27.044910430908203,136.0,19.245820236596508,110.166926822768,2268.6474609375,54.0,2.7091920375823975,4.0,2.0,0.6517850638788433,12.72616195678711,39.0,"{""type"":""Point"",""coordinates"":[110.16590489754819,19.24646916498769]}"
2704,0.0,31.0,652.0,20.847606658935547,428.0,19.034716144828415,109.36742621990163,1686.23828125,36.0,5.406395435333252,7.0,2.0,0.573514264360043,11.663320541381836,41.0,"{""type"":""Point"",""coordinates"":[109.36643396701795,19.033408693585148]}"
2705,0.0,28.0,392.0,56.88481140136719,384.0,18.837086782322125,110.23879204549758,2105.921142578125,47.0,13.096375465393066,4.0,2.0,0.5684741272922246,10.976085662841797,45.0,"{""type"":""Point"",""coordinates"":[110.24081117152025,18.83486474796586]}"
2706,0.0,36.0,104.0,9.213281631469727,103.0,19.71743576075925,109.57853031166974,1570.922119140625,40.0,1.4622150659561157,4.0,3.0,0.6458805977891681,13.377960205078125,33.0,"{""type"":""Point"",""coordinates"":[109.5774791205074,19.715807498370005]}"
2707,0.0,27.0,14.0,10.218615531921387,13.0,19.227853930914115,110.40947194948029,2279.2939453125,44.0,0.3246820569038391,4.0,2.0,0.7721925666666596,14.936200141906738,38.0,"{""type"":""Point"",""coordinates"":[110.41106131100197,19.225866219904162]}"
2708,0.0,26.0,274.0,15.044581413269043,269.0,18.706831066124792,108.83292862585051,1438.14990234375,51.0,4.158535480499268,3.0,1.0,0.5696079023192772,12.222335815429688,44.0,"{""type"":""Point"",""coordinates"":[108.83482753394665,18.70604574393329]}"
2709,0.0,28.0,136.0,38.17952346801758,136.0,18.71132264254539,110.10853632930025,2042.5203857421875,47.0,6.31827449798584,4.0,1.0,0.6012557481334364,11.891010284423828,45.0,"{""type"":""Point"",""coordinates"":[110.1078017143823,18.70986949425287]}"
2710,0.0,25.0,254.0,33.85879135131836,181.0,19.420991716999815,109.47073247757538,1887.271728515625,56.0,7.322727680206299,4.0,3.0,0.6317574705639303,11.66624927520752,34.0,"{""type"":""Point"",""coordinates"":[109.47180425894629,19.4218145293847]}"
2711,0.0,27.0,266.0,55.4995002746582,249.0,19.178446590287543,110.18040155202976,2282.860107421875,50.0,9.199231147766113,4.0,2.0,0.6193267128876168,11.42689037322998,40.0,"{""type"":""Point"",""coordinates"":[110.18219467051983,19.178603225819636]}"
2712,0.0,31.0,886.0,25.852516174316406,689.0,19.034716144828415,109.4392914426312,1773.659423828125,37.0,8.65807819366455,5.0,2.0,0.5449547701639429,10.948552131652832,43.0,"{""type"":""Point"",""coordinates"":[109.44073635093244,19.03420067327186]}"
2713,0.0,32.0,571.0,36.02894592285156,422.0,18.895477275789894,109.28657784433085,1646.5347900390625,40.0,14.762155532836914,6.0,2.0,0.5310706391297837,10.7103853225708,45.0,"{""type"":""Point"",""coordinates"":[109.2868841533792,18.893539997409842]}"
2714,0.0,28.0,772.0,42.417694091796875,550.0,18.998783533463637,109.70878602786706,2067.464599609375,47.0,11.8945951461792,4.0,2.0,0.5621590878220205,10.74776840209961,42.0,"{""type"":""Point"",""coordinates"":[109.70922983065739,18.997387735050538]}"
2715,0.0,24.0,131.0,7.694324970245361,115.0,18.585558502768656,109.04403271761862,1636.624755859375,55.0,0.838668704032898,2.0,1.0,0.5819986675430755,13.917478561401367,48.0,"{""type"":""Point"",""coordinates"":[109.0420333185862,18.587673599068204]}"
2716,0.0,22.0,12.0,8.19283390045166,14.0,18.40589544594475,109.76268494491421,1787.9580078125,54.0,0.6072167754173279,2.0,1.0,0.7258132813501135,14.311284065246582,41.0,"{""type"":""Point"",""coordinates"":[109.76442694609204,18.406745592268265]}"
2717,0.0,24.0,160.0,27.063854217529297,86.0,19.34912649427025,109.91539854321451,2076.328857421875,51.0,3.431126117706299,3.0,3.0,0.6484971537622519,12.489473342895508,40.0,"{""type"":""Point"",""coordinates"":[109.91552549775648,19.348043749145113]}"
2718,0.0,27.0,32.0,4.516667366027832,32.0,19.510823245411764,109.05301587045977,1412.498291015625,49.0,0.4015127122402191,3.0,3.0,0.7101344302142075,14.713391304016113,35.0,"{""type"":""Point"",""coordinates"":[109.05304603211037,19.51057488780167]}"
2719,0.0,23.0,32.0,3.9604008197784424,31.0,19.138022402502166,108.76555497954155,1341.7073974609375,55.0,0.33974793553352356,2.0,2.0,0.6797444436947361,14.880431175231934,41.0,"{""type"":""Point"",""coordinates"":[108.76752233506825,19.137006701163788]}"
2720,0.0,29.0,847.0,34.35685348510742,667.0,18.832595205901526,109.51115666536077,1722.84228515625,48.0,16.486255645751953,5.0,2.0,0.5052288537935082,10.328076362609863,47.0,"{""type"":""Point"",""coordinates"":[109.51135861653465,18.830606792282374]}"
2721,0.0,26.0,44.0,29.000404357910156,37.0,19.18293816670814,110.3196404210683,2371.44091796875,44.0,2.4655747413635254,4.0,2.0,0.7310133646551815,12.890848159790039,40.0,"{""type"":""Point"",""coordinates"":[110.3186069702961,19.18473521504348]}"
2722,0.0,31.0,106.0,8.340178489685059,104.0,19.66802842013268,110.62057604124834,1716.0584716796875,42.0,1.0158346891403198,7.0,3.0,0.6537901501785377,13.282933235168457,34.0,"{""type"":""Point"",""coordinates"":[110.6196218203575,19.665832449343732]}"
2723,0.0,26.0,234.0,17.507272720336914,213.0,18.84606993516332,110.1624352463474,2012.982177734375,52.0,2.0213189125061035,4.0,2.0,0.6041421737645004,12.971796035766602,46.0,"{""type"":""Point"",""coordinates"":[110.16131405705923,18.84765812542094]}"
2724,0.0,27.0,255.0,38.70988464355469,231.0,18.82361205306033,110.1130279057208,2073.30810546875,49.0,6.626026630401611,4.0,2.0,0.586043910822907,11.766552925109863,47.0,"{""type"":""Point"",""coordinates"":[110.11254656095063,18.822312148354865]}"
2725,0.0,23.0,5.0,6.653676986694336,8.0,18.244198694803238,109.60997134661392,1742.045654296875,56.0,0.41928768157958984,3.0,0.0,0.7449580801566944,14.685647964477539,38.0,"{""type"":""Point"",""coordinates"":[109.61157282265557,18.243632547137416]}"
2727,0.0,30.0,195.0,25.912322998046875,66.0,18.751746830330767,109.12038951676874,1620.36083984375,42.0,6.672529220581055,4.0,1.0,0.6200725478776214,11.79879379272461,43.0,"{""type"":""Point"",""coordinates"":[109.11890967412937,18.751408776177964]}"
2728,0.0,30.0,5.0,2.865509033203125,6.0,19.91057354684495,109.54259770030495,1141.013671875,41.0,0.28679710626602173,3.0,4.0,0.72458184826418,15.065439224243164,35.0,"{""type"":""Point"",""coordinates"":[109.54423327300094,19.910023215468254]}"
2730,0.0,24.0,103.0,19.706443786621094,21.0,19.340143341429055,110.13548578782382,2200.675537109375,48.0,1.6640794277191162,5.0,3.0,0.7527264852893688,13.24918270111084,37.0,"{""type"":""Point"",""coordinates"":[110.13602566071017,19.34089039038489]}"
2731,0.0,24.0,9.0,4.171690940856934,10.0,19.245820236596508,108.73411394459737,1333.604736328125,52.0,0.40608304738998413,2.0,2.0,0.6993421803894309,14.71535587310791,42.0,"{""type"":""Point"",""coordinates"":[108.73534574402929,19.245540072326715]}"
2732,0.0,26.0,564.0,35.89247131347656,541.0,19.29522757722308,109.08445690540395,1761.7506103515625,51.0,11.88658618927002,6.0,3.0,0.5724119909003442,10.940936088562012,39.0,"{""type"":""Point"",""coordinates"":[109.08576878774284,19.294085494041187]}"
2734,0.0,26.0,20.0,8.031352043151855,12.0,19.672519996553277,110.3241319974889,1800.045166015625,47.0,0.6329671740531921,2.0,3.0,0.7771489883910875,13.995009422302246,30.0,"{""type"":""Point"",""coordinates"":[110.32574535548754,19.673563751546347]}"
2735,0.0,22.0,125.0,9.603659629821777,89.0,19.533281127514755,109.5515808531461,1698.8143310546875,56.0,1.101383090019226,3.0,3.0,0.6514312244985739,13.648614883422852,36.0,"{""type"":""Point"",""coordinates"":[109.55019788441297,19.53339531922821]}"
2736,0.0,29.0,166.0,43.39751434326172,142.0,19.007766686304834,110.21184258697394,2079.07958984375,37.0,7.0006279945373535,4.0,2.0,0.594371819475046,11.768789291381836,46.0,"{""type"":""Point"",""coordinates"":[110.21363515302357,19.00719869461238]}"
2737,0.0,25.0,32.0,4.94394588470459,32.0,19.919556699686147,110.36006460885369,1616.1107177734375,42.0,0.1918068826198578,2.0,4.0,0.6957185331406512,14.9718656539917,41.0,"{""type"":""Point"",""coordinates"":[110.3594976392266,19.920223283732653]}"
2738,0.0,25.0,149.0,9.024534225463867,131.0,18.594541655609852,109.05750744688038,1651.258544921875,54.0,1.1390856504440308,2.0,1.0,0.5851979495861729,13.600086212158203,47.0,"{""type"":""Point"",""coordinates"":[109.0579735691214,18.593578013953174]}"
2739,0.0,28.0,25.0,4.127382278442383,25.0,19.80277571275061,110.72388229892209,1609.271728515625,46.0,0.06096508726477623,5.0,4.0,0.7062329965014066,15.637470245361328,41.0,"{""type"":""Point"",""coordinates"":[110.72535246109463,19.803483471682874]}"
2740,0.0,28.0,48.0,15.444753646850586,33.0,19.088615061875586,110.21184258697394,2107.4267578125,42.0,1.2471699714660645,4.0,2.0,0.7027122793845747,13.570510864257812,45.0,"{""type"":""Point"",""coordinates"":[110.21022139010122,19.08873258152744]}"
2741,0.0,22.0,41.0,6.540811061859131,41.0,19.645570538029695,109.22369577444249,1557.030517578125,53.0,0.6313395500183105,2.0,3.0,0.6978537057412866,14.255516052246094,37.0,"{""type"":""Point"",""coordinates"":[109.22314808456582,19.64342044235473]}"
2742,0.0,22.0,34.0,3.459044933319092,34.0,19.83421674769479,110.9304948142696,1327.4354248046875,54.0,0.3401693105697632,2.0,4.0,0.639961486582302,13.481201171875,49.0,"{""type"":""Point"",""coordinates"":[110.92856083600387,19.83314607238918]}"
2743,0.0,25.0,71.0,7.605175971984863,69.0,19.546755856776542,109.34047676137806,1603.7030029296875,52.0,0.8520861864089966,3.0,3.0,0.667730920445012,13.937950134277344,37.0,"{""type"":""Point"",""coordinates"":[109.34146462709413,19.5486171848548]}"
2744,0.0,28.0,194.0,28.510562896728516,140.0,18.944884616416466,109.04403271761862,1564.971435546875,44.0,8.451864242553711,6.0,2.0,0.58433696913431,11.560293197631836,41.0,"{""type"":""Point"",""coordinates"":[109.04400480977526,18.94622398901797]}"
2745,0.0,30.0,456.0,36.675628662109375,265.0,19.120056096819773,109.58751346451089,1791.108154296875,39.0,10.23510456085205,5.0,2.0,0.5796093685361541,11.181309700012207,40.0,"{""type"":""Point"",""coordinates"":[109.58705567730681,19.118957214662725]}"
2746,0.0,23.0,65.0,8.364124298095703,65.0,19.515314821832362,109.11140636392759,1497.8438720703125,54.0,1.2644319534301758,4.0,3.0,0.6788985044545827,13.546733856201172,34.0,"{""type"":""Point"",""coordinates"":[109.1119312998955,19.513792082489424]}"
2747,0.0,27.0,31.0,3.478055477142334,32.0,19.843199900535986,109.35844306706042,1278.1407470703125,42.0,0.25115400552749634,3.0,4.0,0.7025045439149498,15.183155059814453,35.0,"{""type"":""Point"",""coordinates"":[109.3575209738264,19.84368533951189]}"
2748,0.0,23.0,100.0,15.050122261047363,45.0,19.447941175523397,109.84802489690554,1946.878662109375,55.0,1.6057684421539307,3.0,3.0,0.7147202187645967,13.286689758300781,36.0,"{""type"":""Point"",""coordinates"":[109.84694863834603,19.446186817013157]}"
2749,0.0,22.0,100.0,8.284252166748047,84.0,19.088615061875586,108.88233596647706,1560.9464111328125,59.0,1.1536333560943604,3.0,2.0,0.6368504833502023,13.617502212524414,39.0,"{""type"":""Point"",""coordinates"":[108.88245089267946,19.090720526851126]}"
2750,0.0,28.0,477.0,25.847457885742188,332.0,19.169463437446346,109.35844306706042,1829.2066650390625,42.0,5.367156028747559,5.0,2.0,0.603979605579067,11.818284034729004,38.0,"{""type"":""Point"",""coordinates"":[109.35922673402587,19.168564065652973]}"
2751,0.0,26.0,172.0,8.695991516113281,70.0,18.65742372549822,109.12488109318934,1694.7369384765625,50.0,0.9411555528640747,2.0,1.0,0.6292459983128333,13.776549339294434,45.0,"{""type"":""Point"",""coordinates"":[109.1252154989104,18.658229841543218]}"
2752,0.0,22.0,32.0,10.09087085723877,32.0,19.317685459326064,110.5217613599952,2069.560302734375,56.0,0.5645158886909485,5.0,3.0,0.723867443662754,14.334726333618164,41.0,"{""type"":""Point"",""coordinates"":[110.5235308340022,19.318765876233158]}"
2753,0.0,22.0,26.0,10.560718536376953,26.0,18.387929140262365,109.09344005824516,1529.7103271484375,51.0,1.6638511419296265,3.0,1.0,0.6977245461227961,13.294958114624023,40.0,"{""type"":""Point"",""coordinates"":[109.09322923405684,18.386599349765998]}"
2754,0.0,25.0,94.0,31.415283203125,90.0,18.73378052464838,110.12201105856201,2042.5203857421875,52.0,4.536412715911865,4.0,1.0,0.6164178299544056,12.249950408935547,46.0,"{""type"":""Point"",""coordinates"":[110.12245233813557,18.733110090087585]}"
2755,0.0,22.0,73.0,6.95704984664917,59.0,19.659045267291482,109.5470892767255,1604.6986083984375,55.0,0.6699825525283813,3.0,3.0,0.6927070351662864,14.177224159240723,34.0,"{""type"":""Point"",""coordinates"":[109.54536544890153,19.660916207277968]}"
2756,0.0,27.0,921.0,40.088680267333984,763.0,18.706831066124792,109.36293464348103,1865.0018310546875,49.0,18.092432022094727,7.0,1.0,0.5101225516320895,10.143915176391602,46.0,"{""type"":""Point"",""coordinates"":[109.36296512069946,18.70726704072595]}"
2757,0.0,30.0,499.0,39.978416442871094,485.0,18.85056151158392,110.22082573981515,2274.495849609375,46.0,6.416457653045654,4.0,2.0,0.5925256254684599,11.621048927307129,45.0,"{""type"":""Point"",""coordinates"":[110.22270552118896,18.851076403597077]}"
2758,0.0,30.0,274.0,22.63165283203125,213.0,18.783187865274954,109.86599120258796,2145.30712890625,39.0,2.460059881210327,4.0,1.0,0.6165080665478944,12.748456954956055,44.0,"{""type"":""Point"",""coordinates"":[109.86475030164385,18.781257024835533]}"
2759,0.0,23.0,233.0,17.825754165649414,160.0,19.474890634046986,109.64590395797865,1877.15625,57.0,2.543590784072876,3.0,3.0,0.6381629589736293,12.742385864257812,36.0,"{""type"":""Point"",""coordinates"":[109.64547421542058,19.477038316610273]}"
2760,0.0,27.0,580.0,30.673755645751953,456.0,18.76522155959256,109.0260664119362,1575.1695556640625,49.0,12.911542892456055,7.0,1.0,0.5459433519568447,10.842026710510254,42.0,"{""type"":""Point"",""coordinates"":[109.02724179509049,18.766165020651492]}"
2761,0.0,27.0,251.0,8.704517364501953,198.0,19.452432751943995,110.06811214151486,2142.833740234375,51.0,0.3344385027885437,4.0,3.0,0.6527851853396596,14.759989738464355,38.0,"{""type"":""Point"",""coordinates"":[110.06594758346482,19.452958706898784]}"
2762,0.0,29.0,603.0,12.68200969696045,386.0,18.890985699369296,109.64590395797865,1799.099609375,45.0,1.877232313156128,5.0,2.0,0.5747750047049732,12.767302513122559,45.0,"{""type"":""Point"",""coordinates"":[109.64799774451225,18.892646634154172]}"
2763,0.0,28.0,89.0,7.749340057373047,48.0,19.398533834896824,110.18489312845037,2102.438232421875,43.0,0.1824357807636261,4.0,3.0,0.7275458721813163,15.468544006347656,36.0,"{""type"":""Point"",""coordinates"":[110.18430649199115,19.397022021997152]}"
2764,0.0,27.0,229.0,25.8171329498291,232.0,18.37894598742117,109.66836184008167,1837.5081787109375,50.0,4.860080718994141,4.0,1.0,0.6025409395935348,12.095791816711426,42.0,"{""type"":""Point"",""coordinates"":[109.6673186461721,18.37829005681244]}"
2765,0.0,31.0,859.0,24.60433578491211,603.0,18.917935157892877,109.69531129860525,1920.1669921875,38.0,5.947726249694824,8.0,2.0,0.560412490452124,11.35878849029541,44.0,"{""type"":""Point"",""coordinates"":[109.69497546368031,18.918099946613488]}"
2766,0.0,30.0,761.0,22.65958023071289,571.0,18.85056151158392,109.5515808531461,1743.0345458984375,48.0,6.951025485992432,5.0,2.0,0.542371543243035,11.30571460723877,46.0,"{""type"":""Point"",""coordinates"":[109.55265808183461,18.849543640329202]}"
2767,0.0,22.0,5.0,3.589958906173706,5.0,19.753368372124037,109.34496833779866,1289.223876953125,48.0,0.2437833696603775,2.0,4.0,0.7429351035333503,15.227936744689941,33.0,"{""type"":""Point"",""coordinates"":[109.34683186770488,19.75344714759456]}"
2768,0.0,24.0,85.0,7.049715995788574,61.0,19.600654773823713,109.98277218952347,1735.4412841796875,50.0,0.4747518002986908,8.0,3.0,0.7064242146858687,14.514533042907715,33.0,"{""type"":""Point"",""coordinates"":[109.98149776126957,19.60104434777244]}"
2769,0.0,26.0,94.0,10.605969429016113,64.0,19.560230586038337,110.0097216480471,1876.195556640625,50.0,0.956986129283905,4.0,3.0,0.6973910231239855,13.808053016662598,35.0,"{""type"":""Point"",""coordinates"":[110.00999738230858,19.559026060149105]}"
2770,0.0,27.0,665.0,36.67351531982422,541.0,18.79666259453675,109.0305579883568,1575.1695556640625,49.0,19.076492309570312,7.0,1.0,0.5419188363080498,10.35559368133545,38.0,"{""type"":""Point"",""coordinates"":[109.02866937745434,18.79886997097245]}"
2771,0.0,27.0,62.0,10.949017524719238,41.0,19.564722162458935,110.12201105856201,1878.47607421875,47.0,0.9919729828834534,4.0,3.0,0.7249000432296976,13.791254997253418,35.0,"{""type"":""Point"",""coordinates"":[110.12073637358414,19.564881781718263]}"
2772,0.0,25.0,5.0,17.022619247436523,5.0,18.446319633730134,110.05463741225304,1790.0965576171875,49.0,2.3628201484680176,4.0,1.0,0.7271174284844228,12.95604419708252,42.0,"{""type"":""Point"",""coordinates"":[110.0562812291615,18.445939821260914]}"
2773,0.0,24.0,51.0,22.413570404052734,51.0,18.34750495247698,109.52463139462253,1719.6109619140625,54.0,4.240357875823975,4.0,0.0,0.6674264102372915,12.343307495117188,41.0,"{""type"":""Point"",""coordinates"":[109.52590292920091,18.347832273263275]}"
2774,0.0,29.0,142.0,10.651063919067383,126.0,18.612507961292245,109.0260664119362,1677.1585693359375,43.0,1.3974868059158325,4.0,1.0,0.5832663781262736,13.399928092956543,48.0,"{""type"":""Point"",""coordinates"":[109.0265391968796,18.610543124843296]}"
2775,0.0,30.0,130.0,31.64948844909668,78.0,19.434466446261602,109.94234800173814,2004.23388671875,40.0,4.796421527862549,5.0,3.0,0.665212278814024,12.172017097473145,37.0,"{""type"":""Point"",""coordinates"":[109.94412540742121,19.435375557858357]}"
2776,0.0,29.0,367.0,26.202838897705078,261.0,18.670898454760014,109.2775946914897,1711.1292724609375,49.0,6.825413703918457,5.0,1.0,0.568690281662866,11.658868789672852,45.0,"{""type"":""Point"",""coordinates"":[109.27761764237128,18.670640471515565]}"
2777,0.0,25.0,15.0,6.261133193969727,18.0,18.756238406751365,110.33760672675072,1923.364990234375,50.0,0.1297309696674347,4.0,1.0,0.701520721991983,15.853017807006836,48.0,"{""type"":""Point"",""coordinates"":[110.33723898921357,18.75635781948383]}"
2778,0.0,27.0,222.0,49.4227294921875,219.0,19.21887077807292,110.32862357390951,2498.895263671875,48.0,5.601641654968262,5.0,2.0,0.6552412211968945,11.957582473754883,38.0,"{""type"":""Point"",""coordinates"":[110.32849526638466,19.21878066742429]}"
2779,0.0,30.0,216.0,17.814281463623047,199.0,19.21437920165232,110.19836785771219,2268.6474609375,41.0,1.377711534500122,4.0,2.0,0.6492226864302035,13.367132186889648,40.0,"{""type"":""Point"",""coordinates"":[110.1987809895392,19.21549852587083]}"
2780,0.0,28.0,76.0,35.245361328125,68.0,19.245820236596508,110.31065726822715,2498.895263671875,43.0,2.996988296508789,3.0,2.0,0.7079094109745604,12.676456451416016,38.0,"{""type"":""Point"",""coordinates"":[110.31122004001158,19.24568906245612]}"
2781,0.0,24.0,19.0,7.393282413482666,22.0,18.383437563841767,109.71776918070822,1829.7132568359375,52.0,0.4231041669845581,2.0,1.0,0.7152576092467692,14.668540000915527,42.0,"{""type"":""Point"",""coordinates"":[109.71885063032846,18.383298845566415]}"
2782,0.0,32.0,648.0,25.755847930908203,402.0,19.034716144828415,109.33149360853685,1568.6026611328125,37.0,10.008674621582031,5.0,2.0,0.5525638653165442,11.043810844421387,41.0,"{""type"":""Point"",""coordinates"":[109.32970459939558,19.033147011235467]}"
2783,0.0,29.0,32.0,5.897335052490234,32.0,19.569213738879533,109.25962838580728,1581.78564453125,42.0,0.46288952231407166,3.0,3.0,0.7156814589918917,14.571136474609375,36.0,"{""type"":""Point"",""coordinates"":[109.2586959501881,19.569771881255424]}"
2784,0.0,28.0,323.0,45.353294372558594,179.0,19.191921319549337,109.81209228554076,2061.306884765625,47.0,9.098276138305664,4.0,2.0,0.6135249348661405,11.399002075195312,38.0,"{""type"":""Point"",""coordinates"":[109.81012667969337,19.19214712498652]}"
2785,0.0,26.0,35.0,5.9377312660217285,35.0,19.986930345995113,110.30167411538594,1591.1605224609375,48.0,0.690986156463623,2.0,4.0,0.7025398292873939,13.25709056854248,38.0,"{""type"":""Point"",""coordinates"":[110.30255693969228,19.985036437071305]}"
2786,0.0,25.0,156.0,17.856904983520508,109.0,19.57370531530013,109.81658386196136,1793.158203125,47.0,2.62845778465271,5.0,3.0,0.6478848777844115,12.758968353271484,34.0,"{""type"":""Point"",""coordinates"":[109.81696903455124,19.57407359766461]}"
2787,0.0,23.0,38.0,6.189258575439453,40.0,19.564722162458935,110.7732896395487,1661.63134765625,53.0,0.4839538335800171,3.0,3.0,0.7201229549710793,14.087767601013184,34.0,"{""type"":""Point"",""coordinates"":[110.77467576320466,19.564288165910835]}"
2788,0.0,22.0,40.0,7.170680999755859,43.0,18.67988160760121,108.78352128522391,1370.73193359375,50.0,1.1823850870132446,3.0,1.0,0.652322353345132,13.628554344177246,44.0,"{""type"":""Point"",""coordinates"":[108.78195834072008,18.678912915680304]}"
2789,0.0,29.0,389.0,17.0025634765625,288.0,18.73827210106898,109.53361454746374,1850.9256591796875,48.0,2.6708483695983887,5.0,1.0,0.5793754600767929,12.585134506225586,47.0,"{""type"":""Point"",""coordinates"":[109.53287679869402,18.740238339476914]}"
2790,0.0,27.0,26.0,11.743889808654785,26.0,19.245820236596508,110.5217613599952,2140.2607421875,51.0,0.7516763210296631,16.0,2.0,0.7470318367973398,14.07046127319336,40.0,"{""type"":""Point"",""coordinates"":[110.52321476002939,19.244057138169175]}"
2791,0.0,23.0,60.0,9.24909496307373,36.0,19.71743576075925,109.90641539037335,1735.831298828125,54.0,0.9299637675285339,2.0,3.0,0.729712098147401,13.857000350952148,33.0,"{""type"":""Point"",""coordinates"":[109.90782811428564,19.71869687612049]}"
2792,0.0,26.0,200.0,8.667922019958496,83.0,19.362601223532046,109.61895449945507,1890.1151123046875,49.0,0.5958146452903748,4.0,3.0,0.6719183970564865,14.215901374816895,35.0,"{""type"":""Point"",""coordinates"":[109.61901659100677,19.364277756072486]}"
2793,0.0,31.0,603.0,53.205787658691406,593.0,18.6888647604424,110.0052300716265,1989.514404296875,46.0,17.54964828491211,5.0,1.0,0.529937513476247,10.500449180603027,47.0,"{""type"":""Point"",""coordinates"":[110.00356102411861,18.690133976909852]}"
2794,0.0,26.0,84.0,6.958518981933594,80.0,18.949376192837065,108.78352128522391,1263.46533203125,51.0,1.6090915203094482,4.0,2.0,0.5971636386510775,13.294260025024414,45.0,"{""type"":""Point"",""coordinates"":[108.78290611268945,18.95108179354403]}"
2795,0.0,22.0,31.0,3.2346866130828857,31.0,19.87913251190077,109.69081972218464,1262.478515625,47.0,0.1674567312002182,2.0,4.0,0.711057741050581,15.588500022888184,33.0,"{""type"":""Point"",""coordinates"":[109.69201752401449,19.877827616167533]}"
2796,0.0,26.0,332.0,32.068260192871094,329.0,18.82361205306033,108.79250443806512,1305.185546875,47.0,18.91122055053711,6.0,2.0,0.5153883324080313,10.6322021484375,45.0,"{""type"":""Point"",""coordinates"":[108.79331790395219,18.82320399085629]}"
2797,0.0,27.0,38.0,5.084179878234863,36.0,19.79828413633001,110.45438771368623,1661.9388427734375,43.0,0.1916734129190445,6.0,4.0,0.7233314143695024,15.013984680175781,35.0,"{""type"":""Point"",""coordinates"":[110.45569677099171,19.796362306843946]}"
2798,0.0,24.0,17.0,3.252971887588501,17.0,19.12454767324037,108.68470660397077,1160.739501953125,52.0,0.40285736322402954,2.0,2.0,0.6761675653085031,14.718730926513672,43.0,"{""type"":""Point"",""coordinates"":[108.68302812865629,19.126557464392626]}"
2799,0.0,25.0,46.0,3.935264825820923,46.0,19.003275109884235,108.75657182670034,1296.5657958984375,49.0,0.38931289315223694,2.0,2.0,0.6504213746564994,14.736075401306152,43.0,"{""type"":""Point"",""coordinates"":[108.75793772752148,19.005351429769252]}"
2800,0.0,28.0,197.0,26.23249053955078,183.0,19.196412895969935,108.99911695341262,1873.8763427734375,45.0,4.491174221038818,5.0,2.0,0.6127649623843126,12.195878028869629,41.0,"{""type"":""Point"",""coordinates"":[109.00098445928104,19.19465902937061]}"
2801,0.0,32.0,355.0,14.077905654907227,218.0,18.95835934567826,109.843533320485,2049.12109375,40.0,1.3426408767700195,4.0,2.0,0.6102305489408918,13.298072814941406,44.0,"{""type"":""Point"",""coordinates"":[109.84268859727935,18.956251955134878]}"
2802,0.0,23.0,8.0,7.021599292755127,11.0,18.360979681738776,109.73124390997003,1829.7132568359375,55.0,0.36712369322776794,2.0,1.0,0.7328241079698555,14.816791534423828,41.0,"{""type"":""Point"",""coordinates"":[109.72968261139931,18.362181679804465]}"
2803,0.0,29.0,1009.0,14.000423431396484,937.0,18.82361205306033,108.9811506477302,1582.7847900390625,48.0,5.023007869720459,11.0,2.0,0.5505224059547253,11.3449125289917,41.0,"{""type"":""Point"",""coordinates"":[108.98040365238818,18.82545303760361]}"
2804,0.0,27.0,43.0,12.122834205627441,45.0,19.066157179772603,110.43642140800387,2092.5068359375,45.0,0.8088086843490601,4.0,2.0,0.7128094026162688,13.987103462219238,40.0,"{""type"":""Point"",""coordinates"":[110.43462696754185,19.067826082602455]}"
2805,0.0,24.0,201.0,11.553479194641113,173.0,18.967342498519457,108.88682754289766,1485.3885498046875,47.0,2.2300827503204346,3.0,2.0,0.5914563379716067,12.894923210144043,42.0,"{""type"":""Point"",""coordinates"":[108.88847639430362,18.967779266563277]}"
2806,0.0,30.0,48.0,4.766963481903076,49.0,19.973455616733318,110.19387628129158,1466.8748779296875,43.0,0.44128552079200745,2.0,4.0,0.6882754570521095,14.234468460083008,36.0,"{""type"":""Point"",""coordinates"":[110.19553949593858,19.972303498166347]}"
2807,0.0,23.0,286.0,16.840213775634766,161.0,19.250311813017106,109.42132513694878,1867.65478515625,52.0,2.2603745460510254,4.0,2.0,0.6270750001193588,12.825055122375488,38.0,"{""type"":""Point"",""coordinates"":[109.42030049585269,19.251279723483513]}"
2808,0.0,30.0,439.0,34.482540130615234,317.0,19.245820236596508,109.65937868724046,1959.96630859375,38.0,6.905355930328369,4.0,2.0,0.6168280812838334,11.59372615814209,36.0,"{""type"":""Point"",""coordinates"":[109.66071628928673,19.244761936182066]}"
2809,0.0,25.0,26.0,6.0879034996032715,17.0,19.659045267291482,110.23879204549758,1809.589599609375,46.0,0.19152140617370605,2.0,3.0,0.7600007616890836,15.419341087341309,33.0,"{""type"":""Point"",""coordinates"":[110.24097031940317,19.66080997294191]}"
2810,0.0,33.0,341.0,18.812030792236328,322.0,18.46428593941252,109.35395149063982,1749.0213623046875,41.0,3.625345468521118,4.0,1.0,0.5814372994007219,12.313580513000488,45.0,"{""type"":""Point"",""coordinates"":[109.35465205503543,18.465334878271577]}"
2811,0.0,24.0,8.0,6.57175874710083,11.0,18.908952005051688,110.44989613726563,1966.1087646484375,51.0,0.13414548337459564,3.0,2.0,0.7337706517726043,15.804473876953125,43.0,"{""type"":""Point"",""coordinates"":[110.44770426055577,18.90954590664191]}"
2812,0.0,23.0,47.0,39.000308990478516,47.0,18.482252245094912,110.02319637730886,1793.572998046875,57.0,9.113739967346191,4.0,1.0,0.6476310029715645,11.573864936828613,44.0,"{""type"":""Point"",""coordinates"":[110.02382139709722,18.48401579201469]}"
2813,0.0,28.0,75.0,8.691914558410645,71.0,19.470399057626388,109.10242321108637,1594.6318359375,46.0,1.1269774436950684,4.0,3.0,0.6734112224710312,13.655905723571777,35.0,"{""type"":""Point"",""coordinates"":[109.10345625043081,19.469717361493025]}"
2814,0.0,26.0,31.0,3.2360832691192627,31.0,19.82972517127419,110.91702008500778,1327.4354248046875,47.0,0.2159218192100525,2.0,4.0,0.6438363360808033,13.942769050598145,49.0,"{""type"":""Point"",""coordinates"":[110.9165948590435,19.83042835654737]}"
2815,0.0,26.0,157.0,6.246174335479736,28.0,18.76522155959256,109.22369577444249,1685.226806640625,52.0,0.4407261908054352,3.0,1.0,0.6876612025922676,14.544753074645996,43.0,"{""type"":""Point"",""coordinates"":[109.2231304784341,18.766221132137098]}"
2816,0.0,33.0,11.0,6.3016791343688965,12.0,19.964472463892122,110.1130279057208,1481.5716552734375,39.0,0.8689460158348083,4.0,4.0,0.7282177633763297,13.684895515441895,37.0,"{""type"":""Point"",""coordinates"":[110.11092117592402,19.966277971575057]}"
2817,0.0,30.0,201.0,23.612167358398438,69.0,19.205396048811124,109.8031091326996,2071.10986328125,42.0,2.899803400039673,6.0,2.0,0.6777230855437977,12.631969451904297,38.0,"{""type"":""Point"",""coordinates"":[109.80469651309433,19.206895739453838]}"
2818,0.0,31.0,526.0,46.25379943847656,513.0,18.45979436299192,109.43030828978999,1813.771240234375,41.0,16.054861068725586,7.0,1.0,0.5350038945443493,10.659649848937988,46.0,"{""type"":""Point"",""coordinates"":[109.43077735916847,18.46092867593925]}"
2819,0.0,32.0,86.0,9.960478782653809,65.0,19.582688468141328,110.1175194821414,1878.47607421875,44.0,0.8941254615783691,4.0,3.0,0.7105465024461856,13.880821228027344,32.0,"{""type"":""Point"",""coordinates"":[110.11557821825461,19.58483796916845]}"
2820,0.0,30.0,67.0,5.918022155761719,65.0,19.82972517127419,110.28370780970351,1671.531005859375,40.0,0.38156041502952576,6.0,4.0,0.6937014609690332,14.464984893798828,34.0,"{""type"":""Point"",""coordinates"":[110.28409532769233,19.831269748684758]}"
2822,0.0,25.0,224.0,18.87328338623047,153.0,18.819120476639732,110.0052300716265,2032.0836181640625,53.0,2.196397542953491,4.0,1.0,0.6052027061632885,12.895218849182129,46.0,"{""type"":""Point"",""coordinates"":[110.00646773639207,18.819721135298774]}"
2823,0.0,33.0,638.0,27.682153701782227,485.0,18.944884616416466,109.2371705037043,1625.385986328125,36.0,10.157522201538086,6.0,2.0,0.5344092160774452,11.037755966186523,46.0,"{""type"":""Point"",""coordinates"":[109.23714237297314,18.945446207511807]}"
2824,0.0,29.0,387.0,35.69874572753906,206.0,19.115564520399175,109.45276617189296,1921.056396484375,41.0,7.5521697998046875,4.0,2.0,0.6024354414510681,11.542072296142578,39.0,"{""type"":""Point"",""coordinates"":[109.45228984268599,19.11373173857309]}"
2825,0.0,29.0,32.0,6.752869129180908,33.0,19.959980887471524,110.06362056509425,1511.8916015625,41.0,0.8805197477340698,2.0,4.0,0.7038494114910394,13.65575885772705,37.0,"{""type"":""Point"",""coordinates"":[110.06185745250932,19.959683237254286]}"
2826,0.0,24.0,145.0,24.887807846069336,76.0,19.335651765008457,110.19836785771219,2169.286865234375,52.0,2.6727614402770996,4.0,3.0,0.6782580415499618,12.749098777770996,38.0,"{""type"":""Point"",""coordinates"":[110.1965074556513,19.33573486225437]}"
2827,0.0,27.0,370.0,17.346773147583008,360.0,18.985308804201843,108.82843704942991,1374.4921875,51.0,6.443125247955322,5.0,2.0,0.5639702946658944,11.714858055114746,42.0,"{""type"":""Point"",""coordinates"":[108.83053388596655,18.98306525294164]}"
2828,0.0,26.0,107.0,6.554379463195801,93.0,18.57657534992746,109.0305579883568,1636.624755859375,49.0,0.5457610487937927,3.0,1.0,0.5840863286857598,14.361851692199707,50.0,"{""type"":""Point"",""coordinates"":[109.02976644941427,18.57545638708951]}"
2829,0.0,29.0,48.0,5.827505588531494,49.0,19.8252335948536,110.5711687006218,1613.804443359375,44.0,0.5010855197906494,5.0,4.0,0.6902951863837828,14.018113136291504,38.0,"{""type"":""Point"",""coordinates"":[110.57154683009031,19.827309250627376]}"
2830,0.0,31.0,145.0,18.17243766784668,143.0,19.039207721249014,110.3690477616949,2057.79345703125,40.0,1.8921884298324585,4.0,2.0,0.64368426376525,13.094839096069336,39.0,"{""type"":""Point"",""coordinates"":[110.37055743125536,19.03758495396071]}"
2831,0.0,29.0,172.0,38.1588249206543,172.0,18.35199652889758,109.38090094916339,1782.7510986328125,40.0,9.047491073608398,5.0,0.0,0.6081160299858975,11.505144119262695,38.0,"{""type"":""Point"",""coordinates"":[109.38228373816442,18.350848978791483]}"
2832,0.0,27.0,800.0,28.327571868896484,728.0,18.805645747377937,108.97665907130965,1582.7847900390625,49.0,13.943807601928711,9.0,1.0,0.5367316827058171,10.554322242736816,41.0,"{""type"":""Point"",""coordinates"":[108.97791048668245,18.80607366992259]}"
2833,0.0,26.0,877.0,33.50490188598633,776.0,18.814628900219134,109.62793765229628,1769.9139404296875,49.0,14.238621711730957,7.0,1.0,0.5135031753344795,10.448189735412598,47.0,"{""type"":""Point"",""coordinates"":[109.62678891480634,18.816305004821743]}"
2834,0.0,28.0,434.0,49.15464401245117,407.0,18.76971313601316,110.06811214151486,2065.406005859375,44.0,10.880291938781738,4.0,1.0,0.5616813266202543,11.135607719421387,47.0,"{""type"":""Point"",""coordinates"":[110.0676931946217,18.768781075087862]}"
2835,0.0,29.0,48.0,11.861773490905762,49.0,19.528789551094157,110.71040756966033,1798.4896240234375,46.0,1.7245357036590576,7.0,3.0,0.712148505492672,12.807707786560059,35.0,"{""type"":""Point"",""coordinates"":[110.70864594839725,19.528569350307805]}"
2836,0.0,24.0,57.0,5.691990375518799,57.0,19.49285693972937,109.09344005824516,1531.3314208984375,54.0,0.5197983980178833,3.0,3.0,0.6920400204420346,14.440536499023438,34.0,"{""type"":""Point"",""coordinates"":[109.0949904147824,19.491541468137697]}"
2837,0.0,25.0,90.0,19.8031005859375,52.0,19.120056096819773,110.05463741225304,2062.87060546875,49.0,2.074028491973877,4.0,2.0,0.6732480379409741,13.036659240722656,45.0,"{""type"":""Point"",""coordinates"":[110.05608546107717,19.11817980752814]}"
2838,0.0,23.0,136.0,7.940389156341553,78.0,19.488365363308773,109.57853031166974,1805.5992431640625,52.0,0.5505911707878113,3.0,3.0,0.6668512436580967,14.335253715515137,37.0,"{""type"":""Point"",""coordinates"":[109.57842143536827,19.489061868346177]}"
2839,0.0,25.0,125.0,12.178247451782227,66.0,19.24132866017591,110.04565425941183,2173.1982421875,45.0,0.6780336499214172,4.0,2.0,0.6941503201095858,14.133816719055176,39.0,"{""type"":""Point"",""coordinates"":[110.04365981701096,19.242808789071432]}"
2840,0.0,26.0,4.0,3.1128058433532715,6.0,19.627604232347302,110.94846111995196,1334.65673828125,47.0,0.11471964418888092,3.0,3.0,0.7058556721209369,14.800209045410156,42.0,"{""type"":""Point"",""coordinates"":[110.94901272165829,19.628634645683718]}"
2841,0.0,25.0,280.0,7.774760723114014,98.0,19.097598214716783,109.70878602786706,1886.314697265625,47.0,0.4194636642932892,4.0,2.0,0.6329350003460138,14.51395034790039,39.0,"{""type"":""Point"",""coordinates"":[109.71092326269412,19.095739645021457]}"
2842,0.0,23.0,48.0,6.509919166564941,27.0,19.528789551094157,110.26124992760055,1956.4144287109375,51.0,0.12172184139490128,4.0,3.0,0.7359327036786327,15.897561073303223,38.0,"{""type"":""Point"",""coordinates"":[110.26104528490008,19.526930291042373]}"
2843,0.0,24.0,624.0,37.78178787231445,537.0,18.82361205306033,109.74471863923185,1915.739013671875,47.0,9.7708158493042,5.0,2.0,0.555610611992341,11.089853286743164,45.0,"{""type"":""Point"",""coordinates"":[109.74487034414773,18.82433385716137]}"
2844,0.0,22.0,34.0,3.6976122856140137,35.0,19.906081970424353,110.90354535574602,1260.01318359375,52.0,0.6909834146499634,2.0,4.0,0.6337692891153515,12.772492408752441,49.0,"{""type"":""Point"",""coordinates"":[110.90545745663988,19.904275841756697]}"
2845,0.0,24.0,142.0,9.750212669372559,128.0,18.60352480845105,109.0215748355156,1677.1585693359375,54.0,1.2156869173049927,2.0,1.0,0.5779895300397283,13.539341926574707,49.0,"{""type"":""Point"",""coordinates"":[109.0222176978341,18.605629570590235]}"
2846,0.0,29.0,745.0,24.335063934326172,541.0,18.908952005051688,109.60547977019331,1772.548828125,47.0,7.103183269500732,5.0,2.0,0.5533219293767841,11.299858093261719,44.0,"{""type"":""Point"",""coordinates"":[109.60374492316963,18.911169208036743]}"
2847,0.0,30.0,28.0,7.288034915924072,28.0,19.924048276106745,109.88395750827033,1430.90625,42.0,1.3017369508743286,5.0,4.0,0.7101604859967573,13.26777172088623,36.0,"{""type"":""Point"",""coordinates"":[109.88299524504804,19.924079190719315]}"
2848,0.0,30.0,428.0,30.641857147216797,268.0,18.85056151158392,109.41683356052818,1749.24609375,46.0,8.520835876464844,7.0,2.0,0.5502532111043315,11.389300346374512,48.0,"{""type"":""Point"",""coordinates"":[109.41520642495857,18.850710046526682]}"
2849,0.0,28.0,334.0,40.3343620300293,130.0,18.96285092209886,109.5964966173521,1772.6571044921875,47.0,11.75265884399414,4.0,2.0,0.5673671014342389,11.129570960998535,43.0,"{""type"":""Point"",""coordinates"":[109.59477935122212,18.963795435725565]}"
2850,0.0,28.0,683.0,21.270740509033203,534.0,18.74276367748957,109.34047676137806,1796.542724609375,49.0,5.08811616897583,7.0,1.0,0.5613236657070302,11.695749282836914,45.0,"{""type"":""Point"",""coordinates"":[109.34119581445934,18.742296027027546]}"
2851,0.0,27.0,37.0,5.53251838684082,37.0,19.83421674769479,110.5262529364158,1665.75634765625,43.0,0.29849833250045776,5.0,4.0,0.7080802073914766,14.54636001586914,38.0,"{""type"":""Point"",""coordinates"":[110.52681746090035,19.834861898642373]}"
2852,0.0,26.0,117.0,10.860722541809082,36.0,19.38505910563503,110.09057002361783,2215.8115234375,44.0,0.4628804326057434,3.0,3.0,0.7395801111232979,14.520474433898926,37.0,"{""type"":""Point"",""coordinates"":[110.09114797060887,19.38641503322561]}"
2853,0.0,24.0,129.0,7.642877101898193,79.0,19.358109647111448,109.25064523296606,1657.0560302734375,48.0,0.709234356880188,4.0,3.0,0.6663069331000021,14.0863618850708,35.0,"{""type"":""Point"",""coordinates"":[109.25028947932775,19.357115097347982]}"
2854,0.0,26.0,190.0,10.768741607666016,175.0,19.025732991987226,108.84191177869172,1447.941650390625,54.0,2.3966991901397705,4.0,2.0,0.5947719849878244,12.829858779907227,41.0,"{""type"":""Point"",""coordinates"":[108.84161518648509,19.024533973760715]}"
2855,0.0,31.0,759.0,50.4337272644043,728.0,18.73378052464838,110.04116268299128,2133.95751953125,44.0,14.847326278686523,5.0,1.0,0.5409569749040618,10.53098201751709,46.0,"{""type"":""Point"",""coordinates"":[110.03992065889177,18.73302475218878]}"
2856,0.0,25.0,150.0,6.929746150970459,83.0,19.564722162458935,109.73124390997003,1795.5010986328125,51.0,0.4015127122402191,3.0,3.0,0.6648452798662539,14.642319679260254,36.0,"{""type"":""Point"",""coordinates"":[109.73180353269366,19.56555489616398]}"
2857,0.0,24.0,61.0,9.716058731079102,43.0,19.40751698773802,109.17878001023655,1751.7978515625,49.0,0.9561653137207031,3.0,3.0,0.7234304597557496,13.828619003295898,33.0,"{""type"":""Point"",""coordinates"":[109.17876685678556,19.40870513206486]}"
2858,0.0,24.0,266.0,20.29572296142578,153.0,19.209887625231723,109.2371705037043,1856.87939453125,51.0,3.115727186203003,4.0,2.0,0.6247645476264962,12.517206192016602,38.0,"{""type"":""Point"",""coordinates"":[109.2376509516747,19.211970787663027]}"
2859,0.0,29.0,205.0,15.983518600463867,27.0,19.18293816670814,109.49319035967835,1817.5972900390625,40.0,2.1732993125915527,4.0,2.0,0.7149459644747616,12.918158531188965,37.0,"{""type"":""Point"",""coordinates"":[109.49472920789846,19.18396431812757]}"
2860,0.0,26.0,16.0,6.122523784637451,18.0,19.587180044561926,110.87659589722244,1445.598876953125,46.0,1.1788393259048462,3.0,3.0,0.70422248261459,12.712635040283203,40.0,"{""type"":""Point"",""coordinates"":[110.87693769212635,19.587892846644127]}"
2861,0.0,29.0,701.0,27.036468505859375,629.0,18.720305795386587,108.93174330710366,1440.05810546875,48.0,15.910557746887207,5.0,1.0,0.5042780583418466,10.515149116516113,46.0,"{""type"":""Point"",""coordinates"":[108.93258618275102,18.721986940122786]}"
2862,0.0,25.0,35.0,5.506613731384277,35.0,19.227853930914115,108.78352128522391,1335.4813232421875,50.0,0.8223305940628052,2.0,2.0,0.6687508840866929,13.99468994140625,42.0,"{""type"":""Point"",""coordinates"":[108.7847561128871,19.225925265119006]}"
2863,0.0,29.0,39.0,6.101034164428711,39.0,19.54226428035595,108.99911695341262,1430.927978515625,44.0,0.8053373694419861,3.0,3.0,0.6972685645403851,14.0132417678833,36.0,"{""type"":""Point"",""coordinates"":[108.99813093663973,19.54295500909615]}"
2864,0.0,28.0,853.0,22.775371551513672,666.0,19.003275109884235,109.47522405399599,1819.4482421875,42.0,6.00226354598999,6.0,2.0,0.5666892803730413,11.356290817260742,41.0,"{""type"":""Point"",""coordinates"":[109.47585069429084,19.00129204518691]}"
2865,0.0,24.0,26.0,8.099748611450195,27.0,19.15598870818455,108.7071644860738,1364.9761962890625,54.0,1.610597014427185,2.0,2.0,0.6774934056373512,13.327505111694336,42.0,"{""type"":""Point"",""coordinates"":[108.70588715315213,19.157138803504377]}"
2866,0.0,23.0,258.0,15.2894926071167,217.0,18.62149111413344,109.34496833779866,1742.01025390625,53.0,2.3601598739624023,4.0,1.0,0.5900346721083224,12.800728797912598,45.0,"{""type"":""Point"",""coordinates"":[109.34475677699666,18.620619520613005]}"
2867,0.0,21.0,9.0,14.550597190856934,9.0,18.441828057309536,110.04565425941183,1781.7921142578125,53.0,1.7982794046401978,2.0,1.0,0.722375230831889,13.22701644897461,42.0,"{""type"":""Point"",""coordinates"":[110.0458985198991,18.440671255039053]}"
2868,0.0,26.0,128.0,35.8241081237793,104.0,19.15598870818455,110.12201105856201,2152.915771484375,52.0,4.9950761795043945,4.0,2.0,0.6256880140119839,12.132469177246094,42.0,"{""type"":""Point"",""coordinates"":[110.12262803401512,19.157153345889604]}"
2869,0.0,26.0,0.0,5.591172695159912,3.0,18.338521799635792,109.72675233354943,1714.9129638671875,46.0,0.21027980744838715,2.0,0.0,0.7358255295138885,15.378637313842773,41.0,"{""type"":""Point"",""coordinates"":[109.72893487767229,18.337035431007667]}"
2870,0.0,27.0,67.0,7.889289379119873,60.0,19.753368372124037,110.54421924209822,1652.796142578125,43.0,0.9393811821937561,7.0,4.0,0.6970258915182028,13.39797306060791,34.0,"{""type"":""Point"",""coordinates"":[110.54443063157692,19.75136003814392]}"
2871,0.0,38.0,84.0,4.601033687591553,84.0,19.852183053377182,109.94683957815869,1538.0738525390625,34.0,0.29344937205314636,3.0,4.0,0.6615908737402085,14.841583251953125,34.0,"{""type"":""Point"",""coordinates"":[109.94861704799523,19.853429286476533]}"
2872,0.0,27.0,512.0,41.78322982788086,320.0,19.079631909034397,109.56505558240792,1811.3814697265625,45.0,12.942221641540527,5.0,2.0,0.5695847481549445,10.895970344543457,40.0,"{""type"":""Point"",""coordinates"":[109.56670306512451,19.079380034140478]}"
2873,0.0,24.0,7.0,22.541244506835938,7.0,18.51818485645969,110.04565425941183,1777.14453125,50.0,3.6853668689727783,3.0,1.0,0.7098507004509655,12.509571075439453,44.0,"{""type"":""Point"",""coordinates"":[110.04530356699834,18.516653518078666]}"
2874,0.0,25.0,79.0,17.279146194458008,66.0,18.76522155959256,110.13548578782382,2039.583984375,52.0,1.765180230140686,5.0,1.0,0.6456649294521145,13.20461654663086,48.0,"{""type"":""Point"",""coordinates"":[110.13460246113003,18.763694114324775]}"
2875,0.0,31.0,755.0,25.119792938232422,668.0,18.724797371807185,108.93623488352426,1440.05810546875,48.0,15.587646484375,4.0,1.0,0.5058716694137569,10.483977317810059,45.0,"{""type"":""Point"",""coordinates"":[108.93632379573373,18.724258432380974]}"
2876,0.0,23.0,68.0,9.376694679260254,44.0,19.703961031497464,109.90192381395275,1735.831298828125,55.0,0.9723029732704163,3.0,3.0,0.7209372260202941,13.807730674743652,33.0,"{""type"":""Point"",""coordinates"":[109.90301838035647,19.704460795884554]}"
2877,0.0,32.0,209.0,19.945140838623047,126.0,19.416500140579217,109.76717652133482,1949.9219970703125,41.0,2.702834129333496,5.0,3.0,0.6447534643861976,12.697253227233887,36.0,"{""type"":""Point"",""coordinates"":[109.76719360077844,19.416187556586788]}"
2879,0.0,22.0,57.0,5.449598789215088,57.0,19.83421674769479,110.06362056509425,1588.25830078125,53.0,0.3703269958496094,3.0,4.0,0.6959769579549391,14.502680778503418,34.0,"{""type"":""Point"",""coordinates"":[110.06474131732698,19.83224196876754]}"
2880,0.0,25.0,29.0,4.959447383880615,29.0,19.924048276106745,109.72226075712882,1200.8963623046875,43.0,0.9208130240440369,2.0,4.0,0.7029141865666999,13.844176292419434,34.0,"{""type"":""Point"",""coordinates"":[109.72232971504178,19.922202908039562]}"
2881,0.0,27.0,23.0,3.331339120864868,24.0,20.013879804518695,110.24777519833873,1318.081298828125,46.0,0.23742063343524933,2.0,4.0,0.7003451656602585,14.34266185760498,38.0,"{""type"":""Point"",""coordinates"":[110.24914177923918,20.01535151648531]}"
2882,0.0,21.0,111.0,9.485391616821289,75.0,19.596163197403122,109.58751346451089,1710.1636962890625,56.0,1.0199733972549438,3.0,3.0,0.6776677382552374,13.733990669250488,34.0,"{""type"":""Point"",""coordinates"":[109.5884512013895,19.595994344556864]}"
2883,0.0,24.0,106.0,16.34719467163086,84.0,19.416500140579217,109.1877631630777,1751.7978515625,48.0,2.37334942817688,3.0,3.0,0.6701243204725705,12.892041206359863,33.0,"{""type"":""Point"",""coordinates"":[109.18616831655845,19.415961521689905]}"
2884,0.0,26.0,89.0,27.101104736328125,40.0,19.447941175523397,109.92438169605572,2004.23388671875,45.0,3.613612174987793,4.0,3.0,0.7220447819813038,12.481155395507812,35.0,"{""type"":""Point"",""coordinates"":[109.92470972542343,19.449705918830944]}"
2885,0.0,33.0,110.0,9.965938568115234,83.0,19.6365873851885,109.86599120258796,1744.9964599609375,44.0,1.1919739246368408,4.0,3.0,0.6756444502020269,13.578727722167969,33.0,"{""type"":""Point"",""coordinates"":[109.86564484150391,19.636398948911964]}"
2886,0.0,25.0,89.0,19.868282318115234,76.0,18.594541655609852,109.81209228554076,1966.743408203125,45.0,2.3058853149414062,4.0,1.0,0.6445668036073159,12.931185722351074,44.0,"{""type"":""Point"",""coordinates"":[109.81218049705045,18.59332676975396]}"
2887,0.0,29.0,603.0,28.522872924804688,390.0,18.895477275789894,109.63692080513749,1799.099609375,46.0,7.785133361816406,5.0,2.0,0.5566674030809171,11.339062690734863,45.0,"{""type"":""Point"",""coordinates"":[109.63759563919483,18.89470966213942]}"
2888,0.0,33.0,676.0,48.81256103515625,531.0,19.16048028460515,109.30903572643388,1818.580078125,40.0,20.77292823791504,9.0,2.0,0.5508603486934404,10.252955436706543,38.0,"{""type"":""Point"",""coordinates"":[109.31071309601543,19.16070342799685]}"
2889,0.0,27.0,179.0,70.70660400390625,157.0,18.93590146357527,110.22980889265637,2348.760986328125,49.0,11.757826805114746,3.0,2.0,0.5916607546392006,11.232855796813965,46.0,"{""type"":""Point"",""coordinates"":[110.23150897007606,18.93484090277955]}"
2890,0.0,30.0,346.0,15.053423881530762,229.0,18.702339489704194,109.10691478750698,1684.7916259765625,42.0,2.692336082458496,4.0,1.0,0.5891917169247631,12.608170509338379,43.0,"{""type"":""Point"",""coordinates"":[109.10645688835329,18.70064606903681]}"
2891,0.0,26.0,945.0,32.48511505126953,804.0,18.841578358742723,109.70429445144646,1915.739013671875,47.0,11.149179458618164,6.0,2.0,0.5343102086950622,10.620035171508789,45.0,"{""type"":""Point"",""coordinates"":[109.70570128067348,18.840515006973522]}"
2892,0.0,24.0,55.0,21.284866333007812,43.0,19.191921319549337,108.97216749488905,1873.8763427734375,49.0,2.948587417602539,4.0,2.0,0.6845868707176918,12.705219268798828,42.0,"{""type"":""Point"",""coordinates"":[108.97226694917818,19.193963715291513]}"
2893,0.0,35.0,47.0,22.426328659057617,47.0,19.052682450510808,110.39599722021848,2123.759033203125,36.0,2.4198739528656006,5.0,2.0,0.7111869874811168,12.907822608947754,39.0,"{""type"":""Point"",""coordinates"":[110.39449427836075,19.054254920366034]}"
2894,0.0,27.0,724.0,41.981292724609375,656.0,18.594541655609852,109.52463139462253,1939.359619140625,48.0,13.411982536315918,8.0,1.0,0.5298609683774917,10.671531677246094,48.0,"{""type"":""Point"",""coordinates"":[109.52563368788218,18.593943581648382]}"
2895,0.0,25.0,85.0,10.119804382324219,81.0,19.35361807069085,108.99462537699202,1627.9415283203125,57.0,1.5138792991638184,2.0,3.0,0.6343182109713879,13.354684829711914,41.0,"{""type"":""Point"",""coordinates"":[108.99646403444903,19.35194395318264]}"
2896,0.0,26.0,372.0,15.374613761901855,326.0,18.616999537712843,109.36293464348103,1834.8614501953125,49.0,2.1823666095733643,4.0,1.0,0.5847048224363111,12.79975700378418,46.0,"{""type"":""Point"",""coordinates"":[109.36186016135592,18.6165381686719]}"
2897,0.0,31.0,77.0,11.308834075927734,57.0,18.67988160760121,109.80760070912021,2085.467529296875,41.0,0.7355539202690125,5.0,1.0,0.6580452817337527,14.081457138061523,49.0,"{""type"":""Point"",""coordinates"":[109.80782714777415,18.680866774269806]}"
2899,0.0,26.0,82.0,6.9453277587890625,80.0,19.55124743319714,109.33598518495745,1572.2099609375,54.0,0.8094721436500549,2.0,3.0,0.6523967829113617,13.982697486877441,37.0,"{""type"":""Point"",""coordinates"":[109.33664243854851,19.549009451278234]}"
2900,0.0,28.0,49.0,10.124090194702148,49.0,19.447941175523397,108.90928542500069,1593.3924560546875,42.0,1.4186197519302368,2.0,3.0,0.6746420365478623,13.441069602966309,40.0,"{""type"":""Point"",""coordinates"":[108.90919455665306,19.448282403651618]}"
2901,0.0,23.0,151.0,7.128726959228516,125.0,19.506331668991166,109.4437830190518,1697.7293701171875,57.0,0.6111997961997986,4.0,3.0,0.6400381436784798,14.221488952636719,36.0,"{""type"":""Point"",""coordinates"":[109.44568318280507,19.506463415725523]}"
2902,0.0,33.0,32.0,7.861739635467529,33.0,19.870149359059575,109.27310311506909,1208.1312255859375,41.0,2.2584099769592285,4.0,4.0,0.6918205268582507,12.985713005065918,35.0,"{""type"":""Point"",""coordinates"":[109.27223148137163,19.871210426208776]}"
2903,0.0,41.0,77.0,5.150296688079834,77.0,19.874640935480173,109.92438169605572,1538.0738525390625,30.0,0.47480547428131104,4.0,4.0,0.6655271953085629,14.238466262817383,35.0,"{""type"":""Point"",""coordinates"":[109.92501450293074,19.876581875272905]}"
2904,0.0,22.0,113.0,10.694815635681152,95.0,19.49285693972937,109.385392525584,1727.7811279296875,54.0,1.236173391342163,3.0,3.0,0.655606965900095,13.540477752685547,34.0,"{""type"":""Point"",""coordinates"":[109.38676237521251,19.49452145382272]}"
2905,0.0,27.0,10.0,3.8428573608398438,11.0,20.013879804518695,110.45438771368623,1456.1356201171875,43.0,0.16753262281417847,2.0,4.0,0.7108395083407812,14.649131774902344,41.0,"{""type"":""Point"",""coordinates"":[110.45527211004713,20.0135835925422]}"
2906,0.0,22.0,107.0,9.19865894317627,60.0,19.60514635024431,109.63692080513749,1725.31591796875,53.0,0.9150692820549011,4.0,3.0,0.6921356775685696,13.844978332519531,35.0,"{""type"":""Point"",""coordinates"":[109.63504064175787,19.607095785656448]}"
2907,0.0,25.0,55.0,7.993307113647461,55.0,19.398533834896824,108.8688612372153,1454.0845947265625,54.0,1.3412703275680542,3.0,3.0,0.6604109800953802,13.493629455566406,40.0,"{""type"":""Point"",""coordinates"":[108.86859036416213,19.397075208127262]}"
2908,0.0,33.0,97.0,9.547065734863281,92.0,19.659045267291482,110.61608446482774,1716.0584716796875,44.0,1.4615297317504883,4.0,3.0,0.6596436935998785,12.927657127380371,34.0,"{""type"":""Point"",""coordinates"":[110.61527234967257,19.65809266767263]}"
2909,0.0,28.0,321.0,44.335609436035156,300.0,19.138022402502166,109.05750744688038,1712.580810546875,51.0,15.825336456298828,4.0,2.0,0.5668493324774457,10.829436302185059,40.0,"{""type"":""Point"",""coordinates"":[109.05562654815029,19.13984245150686]}"
2910,0.0,32.0,12.0,6.946356296539307,13.0,19.87913251190077,110.65201707619252,1642.517333984375,36.0,0.9395813941955566,9.0,4.0,0.7181436564382301,12.921812057495117,42.0,"{""type"":""Point"",""coordinates"":[110.65240543427237,19.87767322501734]}"
2911,0.0,29.0,2.0,3.539266586303711,3.0,20.000405075256907,110.49481190147162,1456.1356201171875,40.0,0.06104126572608948,3.0,4.0,0.725737815777035,15.670578956604004,40.0,"{""type"":""Point"",""coordinates"":[110.49671690988986,20.001574578811045]}"
2912,0.0,27.0,166.0,5.272418022155762,39.0,18.756238406751365,109.11589794034813,1620.36083984375,43.0,0.2594606280326843,4.0,1.0,0.6722840542008551,15.068925857543945,43.0,"{""type"":""Point"",""coordinates"":[109.11593552407501,18.75669115080815]}"
2913,0.0,26.0,18.0,5.271556377410889,20.0,19.57819689172073,110.79574752165166,1661.63134765625,44.0,0.22943836450576782,6.0,3.0,0.7377454453981184,14.852015495300293,36.0,"{""type"":""Point"",""coordinates"":[110.79652868465921,19.576772589642772]}"
2914,0.0,26.0,147.0,15.335676193237305,79.0,19.4434495991028,109.40335883126642,1820.7423095703125,42.0,1.916440725326538,4.0,3.0,0.679498531693278,13.080848693847656,33.0,"{""type"":""Point"",""coordinates"":[109.40278141695211,19.442835818271256]}"
2915,0.0,27.0,425.0,16.216596603393555,428.0,18.608016384871647,108.8643696607947,1410.6121826171875,51.0,5.533298015594482,3.0,1.0,0.5415987988842169,11.827588081359863,47.0,"{""type"":""Point"",""coordinates"":[108.86231778160547,18.605880008555403]}"
2916,0.0,28.0,159.0,46.29762649536133,102.0,19.376075952793833,110.13548578782382,2191.932373046875,46.0,7.054555892944336,5.0,3.0,0.63728880194872,11.76544189453125,38.0,"{""type"":""Point"",""coordinates"":[110.13616756626504,19.374581522843958]}"
2917,0.0,24.0,36.0,5.727846622467041,39.0,18.558609044245074,108.78352128522391,1267.2271728515625,54.0,1.104060173034668,2.0,1.0,0.6503978133433097,13.699444770812988,44.0,"{""type"":""Point"",""coordinates"":[108.78299662092529,18.55742734979843]}"
2918,0.0,28.0,450.0,17.435503005981445,404.0,18.82810362948093,110.05463741225304,2037.2080078125,44.0,2.0149807929992676,4.0,2.0,0.5923358593932584,12.821446418762207,46.0,"{""type"":""Point"",""coordinates"":[110.0564477717484,18.82836805680463]}"
2919,0.0,24.0,54.0,8.761480331420898,54.0,19.74438521928284,109.52013981820193,1589.56103515625,53.0,1.1441545486450195,4.0,4.0,0.7065588607264784,13.653219223022461,32.0,"{""type"":""Point"",""coordinates"":[109.52143023803089,19.746380486926938]}"
2920,0.0,34.0,489.0,35.52540588378906,365.0,18.98980038062244,109.1832715866571,1663.866943359375,37.0,13.065093040466309,6.0,2.0,0.5637266519931702,10.90456771850586,40.0,"{""type"":""Point"",""coordinates"":[109.18242397692141,18.990874940580003]}"
2921,0.0,30.0,109.0,9.940461158752441,93.0,19.4434495991028,110.42743825516266,2027.7650146484375,37.0,0.5767958760261536,5.0,3.0,0.6665374992581057,14.265592575073242,37.0,"{""type"":""Point"",""coordinates"":[110.42903686649456,19.442383751193493]}"
2922,0.0,25.0,58.0,9.331378936767578,57.0,19.40751698773802,109.04403271761862,1582.6942138671875,51.0,1.3001850843429565,2.0,3.0,0.682783568894091,13.522981643676758,36.0,"{""type"":""Point"",""coordinates"":[109.045120479358,19.407591630745483]}"
2923,0.0,30.0,57.0,4.462845802307129,56.0,19.82972517127419,109.68632814576404,1351.4901123046875,43.0,0.4877917766571045,3.0,4.0,0.6824019851311087,14.5040922164917,34.0,"{""type"":""Point"",""coordinates"":[109.6880294393548,19.829067175480514]}"
2924,0.0,23.0,76.0,4.968716621398926,74.0,19.735402066441644,109.62793765229628,1597.5751953125,53.0,0.22943836450576782,2.0,3.0,0.680648784307906,15.247093200683594,33.0,"{""type"":""Point"",""coordinates"":[109.62844283770836,19.73739811495037]}"
2925,0.0,27.0,375.0,31.824623107910156,205.0,18.778696288854356,109.43030828978999,1849.8798828125,47.0,7.056727409362793,4.0,1.0,0.5742001341881218,11.61941909790039,45.0,"{""type"":""Point"",""coordinates"":[109.4301668566736,18.77778370080657]}"
2926,0.0,29.0,681.0,21.341629028320312,532.0,18.751746830330767,109.34496833779866,1642.08642578125,49.0,6.921718120574951,6.0,1.0,0.5421844337844596,11.387615203857422,46.0,"{""type"":""Point"",""coordinates"":[109.34524030685228,18.7529762068884]}"
2927,0.0,26.0,43.0,18.578353881835938,43.0,18.71132264254539,110.14446894066504,2042.5203857421875,49.0,1.9319171905517578,4.0,1.0,0.6855161490029018,13.135583877563477,45.0,"{""type"":""Point"",""coordinates"":[110.14564664215759,18.7115440798339]}"
2928,0.0,24.0,110.0,32.34577178955078,72.0,19.10658136755798,110.04116268299128,2182.0107421875,51.0,3.8679239749908447,4.0,2.0,0.6499289467207334,12.400243759155273,45.0,"{""type"":""Point"",""coordinates"":[110.0390826317717,19.105510439819454]}"
2929,0.0,23.0,26.0,3.326326370239258,26.0,18.908952005051688,108.7071644860738,1293.1363525390625,52.0,0.19072480499744415,2.0,2.0,0.6654032455746685,15.461294174194336,45.0,"{""type"":""Point"",""coordinates"":[108.7072124694451,18.90872355013275]}"
2930,0.0,28.0,106.0,10.832340240478516,76.0,19.560230586038337,110.02768795372947,1876.195556640625,46.0,0.9973743557929993,5.0,3.0,0.6839076611423159,13.759443283081055,35.0,"{""type"":""Point"",""coordinates"":[110.02954216653431,19.56239459141703]}"
2931,0.0,26.0,710.0,54.98338317871094,514.0,18.895477275789894,109.7492102156524,2059.53466796875,47.0,17.031780242919922,5.0,2.0,0.537427369394169,10.434551239013672,45.0,"{""type"":""Point"",""coordinates"":[109.7478433254398,18.89332997888295]}"
2933,0.0,23.0,35.0,2.9295895099639893,35.0,19.80277571275061,110.95744427279317,1293.999267578125,53.0,0.12193004041910172,3.0,4.0,0.6381219477407455,14.504852294921875,49.0,"{""type"":""Point"",""coordinates"":[110.95777879666089,19.80133448512486]}"
2934,0.0,27.0,362.0,54.26896286010742,285.0,19.27276969512009,109.92887327247632,2151.8623046875,47.0,10.888397216796875,5.0,2.0,0.6154912461916525,11.188032150268555,37.0,"{""type"":""Point"",""coordinates"":[109.92850573052992,19.273241554192595]}"
2935,0.0,24.0,91.0,6.6884074211120605,55.0,19.677011572973875,109.81658386196136,1720.4820556640625,56.0,0.4842160642147064,4.0,3.0,0.7133355064784002,14.49118709564209,32.0,"{""type"":""Point"",""coordinates"":[109.81687289622137,19.6787140042034]}"
2936,0.0,26.0,195.0,14.61127758026123,89.0,19.115564520399175,109.88395750827033,1949.5140380859375,49.0,1.5568598508834839,4.0,2.0,0.6344221608960476,13.258411407470703,42.0,"{""type"":""Point"",""coordinates"":[109.88405956066276,19.11745457591432]}"
2937,0.0,27.0,288.0,26.461639404296875,139.0,19.290736000802482,109.49319035967835,1895.583984375,48.0,4.669079303741455,4.0,3.0,0.6250345020315515,12.09656047821045,37.0,"{""type"":""Point"",""coordinates"":[109.49494714752802,19.29182223778959]}"
2939,0.0,30.0,151.0,32.584014892578125,151.0,18.495726974356707,109.9558227309999,1784.982177734375,43.0,7.211364269256592,4.0,1.0,0.5879151330163173,11.748237609863281,44.0,"{""type"":""Point"",""coordinates"":[109.95570967525722,18.49499867502285]}"
2940,0.0,21.0,157.0,16.192445755004883,75.0,19.515314821832362,109.70429445144646,1765.158935546875,53.0,2.307051420211792,4.0,3.0,0.6698508676783443,12.888930320739746,35.0,"{""type"":""Point"",""coordinates"":[109.70543967408135,19.514808021261707]}"
2941,0.0,28.0,54.0,6.0859575271606445,40.0,19.80277571275061,110.1579436699268,1587.4488525390625,39.0,0.5196375846862793,5.0,4.0,0.7204169075333005,14.166254043579102,33.0,"{""type"":""Point"",""coordinates"":[110.15878918539784,19.80235220693782]}"
2942,0.0,29.0,3.0,3.836423397064209,3.0,20.05879556872467,110.40498037305969,1464.3433837890625,42.0,0.1720791757106781,2.0,4.0,0.7206573527136341,14.632702827453613,41.0,"{""type"":""Point"",""coordinates"":[110.40598674406431,20.05997737689743]}"
2943,0.0,25.0,160.0,10.009537696838379,57.0,19.27276969512009,109.73124390997003,1928.86181640625,52.0,0.7788679599761963,5.0,2.0,0.6923254754171948,13.973410606384277,38.0,"{""type"":""Point"",""coordinates"":[109.73201403602746,19.271437241744472]}"
2944,0.0,24.0,20.0,3.972660779953003,21.0,19.94650615820973,110.84964643869881,1412.6700439453125,51.0,0.4045388698577881,2.0,4.0,0.6558140075053678,13.340302467346191,50.0,"{""type"":""Point"",""coordinates"":[110.85052372885227,19.94724321704495]}"
2945,0.0,22.0,18.0,2.8262224197387695,18.0,19.10658136755798,108.67123187470901,1160.739501953125,56.0,0.2373328059911728,2.0,2.0,0.6710538171631215,15.247283935546875,44.0,"{""type"":""Point"",""coordinates"":[108.67273147937662,19.10455115514626]}"
2946,0.0,29.0,410.0,13.020882606506348,360.0,18.68437318402181,109.56505558240792,1804.6744384765625,47.0,1.8240482807159424,4.0,1.0,0.5774590940163011,12.951332092285156,47.0,"{""type"":""Point"",""coordinates"":[109.5654876361101,18.684770538615982]}"
2947,0.0,32.0,52.0,8.908333778381348,38.0,19.57819689172073,110.40947194948029,1897.1531982421875,41.0,0.7121008038520813,4.0,3.0,0.7178147613763483,13.852693557739258,38.0,"{""type"":""Point"",""coordinates"":[110.4088979234535,19.576716877004802]}"
2948,0.0,27.0,135.0,26.93416976928711,97.0,19.04819087409021,108.97216749488905,1704.9866943359375,46.0,5.861627578735352,3.0,2.0,0.6000344818075303,11.967215538024902,42.0,"{""type"":""Point"",""coordinates"":[108.97407777682022,19.04598521009226]}"
2949,0.0,22.0,77.0,7.007580280303955,70.0,19.38505910563503,109.08445690540395,1600.7041015625,57.0,0.7142412662506104,2.0,3.0,0.674685630025869,14.110862731933594,35.0,"{""type"":""Point"",""coordinates"":[109.08509474107119,19.386224332596786]}"
2950,0.0,27.0,182.0,46.54115676879883,135.0,19.120056096819773,110.03217953015007,2182.0107421875,45.0,7.1020917892456055,4.0,2.0,0.6076777057274675,11.74411392211914,44.0,"{""type"":""Point"",""coordinates"":[110.03162419132236,19.117951199181547]}"
2951,0.0,29.0,132.0,14.46580982208252,103.0,19.479382210467584,110.42743825516266,2020.968994140625,40.0,1.322995662689209,4.0,3.0,0.6444427324521068,13.420609474182129,39.0,"{""type"":""Point"",""coordinates"":[110.42880712436784,19.478648603483645]}"
2952,0.0,26.0,353.0,42.094669342041016,240.0,19.313193882905473,109.41683356052818,1822.4044189453125,51.0,11.847065925598145,4.0,3.0,0.5908630190327024,11.10784912109375,38.0,"{""type"":""Point"",""coordinates"":[109.41874821123004,19.31446854509526]}"
2953,0.0,27.0,144.0,30.936670303344727,144.0,18.729288948227783,110.14896051708558,2042.5203857421875,50.0,4.614574432373047,4.0,1.0,0.6065781102521145,12.202173233032227,45.0,"{""type"":""Point"",""coordinates"":[110.147520424904,18.72871728048341]}"
2954,0.0,25.0,239.0,12.815204620361328,118.0,19.021241415566628,109.87946593184972,1880.0546875,48.0,1.3584778308868408,5.0,2.0,0.6212704245169329,13.366109848022461,41.0,"{""type"":""Point"",""coordinates"":[109.87928574696636,19.021138001230344]}"
2955,0.0,25.0,558.0,28.866798400878906,429.0,18.73827210106898,108.95869276562723,1642.3602294921875,50.0,9.731667518615723,6.0,1.0,0.5411835197418485,11.150809288024902,46.0,"{""type"":""Point"",""coordinates"":[108.9571103112463,18.736150765787755]}"
2956,0.0,27.0,25.0,16.58616065979004,16.0,19.15598870818455,110.26574150402115,2247.291015625,42.0,1.1259121894836426,4.0,2.0,0.7539224858520728,13.686230659484863,40.0,"{""type"":""Point"",""coordinates"":[110.26786025582962,19.157418009399926]}"
2957,0.0,23.0,95.0,19.895139694213867,65.0,19.501840092570568,110.43642140800387,1901.3060302734375,52.0,2.8942959308624268,4.0,3.0,0.6686982539498797,12.537144660949707,40.0,"{""type"":""Point"",""coordinates"":[110.43686722488748,19.499978756081894]}"
2958,0.0,30.0,51.0,7.1155195236206055,51.0,19.86116620621838,110.33760672675072,1634.347900390625,40.0,0.7340545058250427,6.0,4.0,0.7023685126782966,13.823101997375488,35.0,"{""type"":""Point"",""coordinates"":[110.33826391287174,19.863343181114924]}"
2959,0.0,20.0,15.0,4.99234676361084,15.0,20.063287145145267,110.70142441681912,1441.2520751953125,62.0,1.0052634477615356,1.0,4.0,0.6887696948466199,12.439029693603516,44.0,"{""type"":""Point"",""coordinates"":[110.70069169175656,20.062733191326128]}"
2960,0.0,22.0,36.0,9.538203239440918,33.0,19.69048630223567,109.49319035967835,1652.7159423828125,56.0,1.1630336046218872,3.0,3.0,0.7294973498952301,13.647394180297852,33.0,"{""type"":""Point"",""coordinates"":[109.49392660740448,19.68902119045411]}"
2961,0.0,29.0,113.0,10.789718627929688,58.0,19.38056752921443,109.91090696679396,2000.3001708984375,41.0,0.7521661520004272,4.0,3.0,0.6976771901753522,14.037394523620605,38.0,"{""type"":""Point"",""coordinates"":[109.90941431946538,19.38016530315345]}"
2962,0.0,28.0,294.0,19.754150390625,249.0,18.594541655609852,109.12038951676874,1728.111572265625,50.0,3.980917453765869,5.0,1.0,0.5738123426896794,12.252510070800781,47.0,"{""type"":""Point"",""coordinates"":[109.1218677540015,18.595922218751497]}"
2963,0.0,25.0,98.0,5.9874653816223145,51.0,19.66353684371208,109.67285341650228,1670.3060302734375,50.0,0.3650796711444855,4.0,3.0,0.7147004895123248,14.769390106201172,32.0,"{""type"":""Point"",""coordinates"":[109.67111013557343,19.662694432342544]}"
2964,0.0,27.0,120.0,7.944337844848633,92.0,19.474890634046986,109.36742621990163,1727.7811279296875,50.0,0.7289096117019653,3.0,3.0,0.6603719207747999,14.064525604248047,34.0,"{""type"":""Point"",""coordinates"":[109.36586614967335,19.477012617962398]}"
2965,0.0,23.0,35.0,6.316892623901367,33.0,18.450811210150732,109.00810010625383,1564.7908935546875,55.0,0.6046597957611084,2.0,1.0,0.6810409684386253,14.30219841003418,43.0,"{""type"":""Point"",""coordinates"":[109.00667736767704,18.45290343612775]}"
2966,0.0,24.0,15.0,6.184171676635742,16.0,19.74438521928284,110.81820540375463,1531.42919921875,53.0,0.9900535345077515,4.0,4.0,0.704108891056469,12.864996910095215,42.0,"{""type"":""Point"",""coordinates"":[110.81700151289368,19.743692413451047]}"
2967,0.0,24.0,93.0,10.174094200134277,79.0,19.600654773823713,109.51115666536077,1652.2562255859375,55.0,1.3779762983322144,3.0,3.0,0.6697228696956151,13.443973541259766,34.0,"{""type"":""Point"",""coordinates"":[109.51032327819118,19.599346476668234]}"
2968,0.0,28.0,162.0,29.31203842163086,161.0,18.62149111413344,110.02319637730886,1921.3636474609375,44.0,4.86097526550293,5.0,1.0,0.594037113687443,12.13865852355957,46.0,"{""type"":""Point"",""coordinates"":[110.02415097514789,18.619656251320947]}"
2969,0.0,27.0,771.0,9.246016502380371,715.0,18.760729983171963,108.91377700142124,1431.394775390625,49.0,2.4592747688293457,8.0,1.0,0.5388109925508338,12.338903427124023,46.0,"{""type"":""Point"",""coordinates"":[108.91593839007923,18.76033261645116]}"
2970,0.0,24.0,178.0,17.800188064575195,54.0,18.73827210106898,109.0305579883568,1666.791015625,51.0,3.2978572845458984,4.0,1.0,0.6474565456689871,12.51780891418457,43.0,"{""type"":""Point"",""coordinates"":[109.02855128654812,18.736268631791656]}"
2971,0.0,30.0,129.0,84.14933013916016,126.0,19.259294965858295,110.34209830317133,2406.837158203125,45.0,14.293975830078125,4.0,2.0,0.6342679328927439,11.061952590942383,36.0,"{""type"":""Point"",""coordinates"":[110.3407471414273,19.25988698581698]}"
2972,0.0,32.0,96.0,9.270377159118652,89.0,19.51980639825296,109.26861153864849,1570.3763427734375,46.0,1.4647622108459473,3.0,3.0,0.6400254594242797,13.381061553955078,37.0,"{""type"":""Point"",""coordinates"":[109.2696430228414,19.52191355149417]}"
2973,0.0,29.0,70.0,6.721024513244629,68.0,19.569213738879533,109.34496833779866,1572.2099609375,46.0,0.7146303653717041,3.0,3.0,0.6719400645175562,14.11448860168457,36.0,"{""type"":""Point"",""coordinates"":[109.34485888800462,19.570958464149776]}"
2974,0.0,28.0,175.0,20.421079635620117,147.0,18.554117467824476,109.26411996222788,1729.4024658203125,53.0,4.12544584274292,4.0,1.0,0.5844363425331907,12.295186996459961,46.0,"{""type"":""Point"",""coordinates"":[109.26275823993316,18.55559947326455]}"
2975,0.0,30.0,631.0,28.515201568603516,403.0,19.088615061875586,109.29106942075146,1609.198974609375,40.0,10.789970397949219,5.0,2.0,0.562465771314226,10.982251167297363,39.0,"{""type"":""Point"",""coordinates"":[109.28964485005368,19.088889991031717]}"
2976,0.0,27.0,123.0,19.44330406188965,95.0,18.500218550777305,109.37640937274284,1837.169189453125,49.0,2.9335274696350098,5.0,1.0,0.6037550734361246,12.669453620910645,46.0,"{""type"":""Point"",""coordinates"":[109.37509558919733,18.50102870620972]}"
2977,0.0,23.0,142.0,11.149994850158691,48.0,19.358109647111448,109.34047676137806,1729.7266845703125,45.0,1.2549992799758911,4.0,3.0,0.7023078249735106,13.507506370544434,35.0,"{""type"":""Point"",""coordinates"":[109.33949729156255,19.357982295151302]}"
2978,0.0,25.0,82.0,18.94556427001953,69.0,19.21437920165232,108.98564222415081,1867.7735595703125,47.0,2.5053529739379883,4.0,2.0,0.6597132964118758,12.852323532104492,41.0,"{""type"":""Point"",""coordinates"":[108.98579915356072,19.213141920200805]}"
2979,0.0,26.0,365.0,20.937028884887695,312.0,18.837086782322125,108.93174330710366,1506.3646240234375,51.0,6.556751728057861,5.0,2.0,0.5668963721959625,11.700836181640625,43.0,"{""type"":""Point"",""coordinates"":[108.92962095375204,18.838400416883132]}"
2980,0.0,25.0,409.0,84.43121337890625,371.0,19.043699297669612,110.08607844719722,2215.62158203125,47.0,20.792020797729492,3.0,2.0,0.5394437282586046,10.473607063293457,47.0,"{""type"":""Point"",""coordinates"":[110.08645606653275,19.044751055801026]}"
2981,0.0,27.0,180.0,24.139320373535156,158.0,18.886494122948697,110.18040155202976,2022.827880859375,51.0,3.303757429122925,5.0,2.0,0.608628147951491,12.51474666595459,45.0,"{""type"":""Point"",""coordinates"":[110.17957706041182,18.885844933864885]}"
2982,0.0,26.0,9.0,4.500278949737549,10.0,19.977947193153916,110.83168013301645,1401.7451171875,46.0,0.715709388256073,3.0,4.0,0.672340477372741,12.794488906860352,49.0,"{""type"":""Point"",""coordinates"":[110.82974442663652,19.97967001636679]}"
2983,0.0,25.0,73.0,8.00582218170166,48.0,19.506331668991166,110.17141839918861,1920.052978515625,50.0,0.41955164074897766,4.0,3.0,0.7121882710899006,14.645316123962402,37.0,"{""type"":""Point"",""coordinates"":[110.17129785431341,19.50574289050533]}"
2984,0.0,28.0,456.0,49.013492584228516,413.0,18.76522155959256,109.7492102156524,2001.7784423828125,45.0,12.216282844543457,4.0,1.0,0.5531283051908306,10.999763488769531,47.0,"{""type"":""Point"",""coordinates"":[109.74768305878996,18.763669032249513]}"
2985,0.0,26.0,219.0,35.73773193359375,165.0,19.147005555343355,109.98277218952347,2136.840087890625,47.0,5.042269706726074,4.0,2.0,0.6189810735235748,12.065351486206055,42.0,"{""type"":""Point"",""coordinates"":[109.98166916558178,19.149121158257433]}"
2986,0.0,39.0,781.0,16.023616790771484,699.0,18.554117467824476,109.49319035967835,1835.668212890625,32.0,3.1807479858398438,6.0,1.0,0.558379835032508,12.07099437713623,46.0,"{""type"":""Point"",""coordinates"":[109.49499826141542,18.552789632916287]}"
2987,0.0,23.0,53.0,11.20654582977295,32.0,19.533281127514755,110.24777519833873,1939.3856201171875,46.0,0.8390700817108154,4.0,3.0,0.7262024216791452,13.963996887207031,38.0,"{""type"":""Point"",""coordinates"":[110.24699965213452,19.534527427705406]}"
2988,0.0,28.0,75.0,5.742727756500244,73.0,19.83421674769479,110.28819938612412,1671.531005859375,43.0,0.33486029505729675,5.0,4.0,0.6792878229974667,14.589249610900879,35.0,"{""type"":""Point"",""coordinates"":[110.28908803374307,19.83229795503966]}"
2989,0.0,28.0,271.0,36.519107818603516,274.0,18.392420716682963,109.6414123815581,1811.5426025390625,48.0,9.065682411193848,3.0,1.0,0.5848423749875733,11.438394546508789,42.0,"{""type"":""Point"",""coordinates"":[109.64121429723504,18.39213840651748]}"
2990,0.0,24.0,45.0,14.544306755065918,43.0,18.54513431498328,108.97665907130965,1661.839111328125,54.0,2.3782405853271484,3.0,1.0,0.6431697522217515,12.926369667053223,49.0,"{""type"":""Point"",""coordinates"":[108.97822709968752,18.546282401040227]}"
2991,0.0,28.0,206.0,19.808494567871094,73.0,18.675390031180612,109.1877631630777,1719.247802734375,46.0,3.7172491550445557,4.0,1.0,0.6174843960300567,12.379850387573242,45.0,"{""type"":""Point"",""coordinates"":[109.18878201758535,18.676293916114577]}"
2992,0.0,23.0,107.0,15.87840461730957,70.0,19.537772703935353,109.94683957815869,1876.1185302734375,52.0,1.896812915802002,4.0,3.0,0.6864249240206667,13.115767478942871,35.0,"{""type"":""Point"",""coordinates"":[109.948143919632,19.537988236710266]}"
2993,0.0,23.0,125.0,8.903770446777344,84.0,19.46141590478519,109.38090094916339,1727.7811279296875,56.0,0.9185511469841003,3.0,3.0,0.6682707097690066,13.830177307128906,34.0,"{""type"":""Point"",""coordinates"":[109.37924160199468,19.460257516001906]}"
2994,0.0,28.0,186.0,20.40749740600586,141.0,18.65742372549822,109.0754737525628,1693.8157958984375,43.0,3.916762590408325,5.0,1.0,0.5872640928745704,12.340267181396484,45.0,"{""type"":""Point"",""coordinates"":[109.07764609413844,18.65689829316575]}"
2995,0.0,25.0,51.0,37.57328414916992,48.0,19.173955013866944,110.33311515033012,2371.44091796875,52.0,3.902684211730957,4.0,2.0,0.717349984920681,12.426570892333984,39.0,"{""type"":""Point"",""coordinates"":[110.33528225606695,19.174370006721308]}"
2996,0.0,23.0,75.0,11.527524948120117,68.0,19.362601223532046,109.05750744688038,1600.7041015625,58.0,1.9009463787078857,3.0,3.0,0.6649485927594256,13.132855415344238,37.0,"{""type"":""Point"",""coordinates"":[109.05942714333673,19.363010290419638]}"
2997,0.0,24.0,34.0,7.733572483062744,25.0,19.641078961609097,110.3241319974889,1817.6885986328125,51.0,0.5478866100311279,4.0,3.0,0.7557982915787179,14.12872314453125,32.0,"{""type"":""Point"",""coordinates"":[110.32492239484779,19.63887529584955]}"
2998,0.0,26.0,286.0,25.64439582824707,109.0,19.286244424381884,109.55607242956671,1850.6507568359375,47.0,4.614490509033203,4.0,3.0,0.6227006982549029,12.10973834991455,37.0,"{""type"":""Point"",""coordinates"":[109.55804511717334,19.28646575036505]}"
2999,0.0,26.0,632.0,31.51058006286621,493.0,19.205396048811124,109.77615967417603,2176.3828125,48.0,5.0763630867004395,4.0,2.0,0.6145611270784398,11.74467945098877,38.0,"{""type"":""Point"",""coordinates"":[109.7752580866332,19.2062803683147]}"
3000,0.0,25.0,27.0,6.140466690063477,27.0,19.89260724116256,109.75819336849361,1360.517578125,43.0,0.8910946846008301,3.0,4.0,0.7156646996170722,13.919018745422363,34.0,"{""type"":""Point"",""coordinates"":[109.7573520800911,19.894292515094502]}"
3001,0.0,22.0,15.0,5.271033763885498,15.0,19.142513978922757,108.72962236817676,1342.706298828125,53.0,0.700160562992096,2.0,2.0,0.6974521102752743,14.167122840881348,41.0,"{""type"":""Point"",""coordinates"":[108.72818435021584,19.141903185934073]}"
3002,0.0,25.0,722.0,51.99174499511719,518.0,19.025732991987226,109.56505558240792,1854.671630859375,48.0,21.364171981811523,9.0,2.0,0.5303045954750696,10.178500175476074,42.0,"{""type"":""Point"",""coordinates"":[109.5635284614616,19.027045863190864]}"
3003,0.0,26.0,202.0,30.844377517700195,176.0,18.783187865274954,110.08158687077662,2065.406005859375,50.0,4.486439228057861,4.0,1.0,0.5958585530851184,12.193716049194336,47.0,"{""type"":""Point"",""coordinates"":[110.08293216535337,18.785242692899974]}"
3004,0.0,32.0,150.0,20.929386138916016,135.0,18.495726974356707,109.30454415001327,1681.1514892578125,41.0,4.300902366638184,4.0,1.0,0.5824549133141043,12.26911449432373,46.0,"{""type"":""Point"",""coordinates"":[109.30399949012231,18.494430498004906]}"
3005,0.0,25.0,90.0,20.086519241333008,75.0,18.554117467824476,109.6414123815581,1890.155517578125,46.0,2.643141508102417,4.0,1.0,0.6311184195690811,12.79391098022461,46.0,"{""type"":""Point"",""coordinates"":[109.64283000192542,18.552073965823862]}"
3006,0.0,35.0,450.0,52.32566452026367,424.0,18.52267643288029,109.57853031166974,1933.6064453125,37.0,15.784544944763184,5.0,1.0,0.5449291483137874,10.73768138885498,46.0,"{""type"":""Point"",""coordinates"":[109.57825801849073,18.520607452703043]}"
3007,0.0,30.0,17.0,7.325353145599365,11.0,19.72192733717985,110.34209830317133,1823.489013671875,40.0,0.45963147282600403,3.0,3.0,0.7812180510200647,14.317288398742676,30.0,"{""type"":""Point"",""coordinates"":[110.34002529945926,19.721229951282194]}"
3008,0.0,28.0,92.0,15.064474105834961,92.0,18.360979681738776,109.38090094916339,1782.7510986328125,44.0,2.0403084754943848,4.0,1.0,0.6303028808305184,13.051860809326172,41.0,"{""type"":""Point"",""coordinates"":[109.38108912112138,18.360026773959557]}"
3009,0.0,27.0,23.0,3.331339120864868,24.0,20.013879804518695,110.24777519833873,1318.081298828125,46.0,0.23742063343524933,2.0,4.0,0.7003451656602585,14.34266185760498,38.0,"{""type"":""Point"",""coordinates"":[110.24815022555816,20.01442662863177]}"
3010,0.0,30.0,103.0,24.01001739501953,103.0,18.392420716682963,109.48869878325775,1787.812255859375,43.0,4.333067417144775,5.0,1.0,0.6096946581144415,12.29055118560791,42.0,"{""type"":""Point"",""coordinates"":[109.48661953267641,18.39243306133658]}"
3011,0.0,29.0,14.0,5.839241027832031,15.0,19.933031428947942,110.5217613599952,1660.5987548828125,43.0,0.5024495720863342,5.0,4.0,0.7286098464194686,13.605718612670898,39.0,"{""type"":""Point"",""coordinates"":[110.5217362056212,19.93467905905816]}"
3012,0.0,26.0,54.0,5.5839738845825195,54.0,19.38056752921443,108.97665907130965,1627.9415283203125,52.0,0.3650085926055908,2.0,3.0,0.6745209157605707,14.795839309692383,40.0,"{""type"":""Point"",""coordinates"":[108.97751438672206,19.38139826154696]}"
3013,0.0,25.0,181.0,53.44061279296875,125.0,19.425483293420413,110.06362056509425,2238.54931640625,52.0,8.520718574523926,4.0,3.0,0.6373045847557316,11.560368537902832,37.0,"{""type"":""Point"",""coordinates"":[110.06285677773549,19.424041904668954]}"
3014,0.0,28.0,272.0,25.690513610839844,263.0,19.039207721249014,108.8239454730093,1447.941650390625,51.0,10.148199081420898,5.0,2.0,0.5679955425387073,11.322778701782227,41.0,"{""type"":""Point"",""coordinates"":[108.82373439880689,19.040252068375196]}"
3015,0.0,21.0,34.0,3.2849364280700684,34.0,19.874640935480173,109.68632814576404,1262.478515625,49.0,0.18256863951683044,2.0,4.0,0.7074907425417503,15.500353813171387,33.0,"{""type"":""Point"",""coordinates"":[109.68689713101116,19.87536741395875]}"
3016,0.0,22.0,62.0,9.54321575164795,62.0,18.65293214907762,110.1130279057208,2057.094482421875,52.0,0.45886939764022827,3.0,1.0,0.6734804995814205,14.562264442443848,44.0,"{""type"":""Point"",""coordinates"":[110.11265824371925,18.653687975866657]}"
3017,0.0,28.0,7.0,4.1755218505859375,8.0,20.004896651677498,110.46786244294805,1456.1356201171875,43.0,0.3117002546787262,2.0,4.0,0.7183725764117767,14.032708168029785,40.0,"{""type"":""Point"",""coordinates"":[110.46945531906287,20.006701885606148]}"
3018,0.0,26.0,12.0,4.965745449066162,13.0,19.959980887471524,110.72388229892209,1478.4434814453125,46.0,0.7304605841636658,6.0,4.0,0.6889721254857808,12.767396926879883,46.0,"{""type"":""Point"",""coordinates"":[110.72192869440084,19.961583066592574]}"
3019,0.0,26.0,43.0,14.592512130737305,43.0,18.343013376056383,109.52013981820193,1719.6109619140625,53.0,2.240985870361328,3.0,0.0,0.6782986757839065,12.98705005645752,42.0,"{""type"":""Point"",""coordinates"":[109.52030376820697,18.34401331149687]}"
3020,0.0,30.0,23.0,7.038301944732666,22.0,19.762351524965233,110.66998338187494,1658.37841796875,38.0,0.7085825800895691,5.0,4.0,0.7193640274721407,13.673463821411133,39.0,"{""type"":""Point"",""coordinates"":[110.66973172690659,19.76384350272455]}"
3021,0.0,33.0,125.0,8.317193984985352,119.0,19.659045267291482,110.60710131198658,1716.0584716796875,43.0,1.0914068222045898,5.0,3.0,0.6509543390437088,13.192740440368652,34.0,"{""type"":""Point"",""coordinates"":[110.60606988571595,19.66032501438098]}"
3022,0.0,26.0,21.0,10.167611122131348,21.0,19.18293816670814,110.44989613726563,2211.063232421875,48.0,0.4029739499092102,3.0,2.0,0.7532926478123885,14.696885108947754,39.0,"{""type"":""Point"",""coordinates"":[110.44971265869798,19.185006275342403]}"
3023,0.0,21.0,80.0,8.69448471069336,78.0,19.38505910563503,109.03954114119801,1546.9036865234375,58.0,1.2355296611785889,2.0,3.0,0.6561840967952642,13.560933113098145,36.0,"{""type"":""Point"",""coordinates"":[109.03822548940775,19.38401160369427]}"
3024,0.0,30.0,274.0,26.59590721130371,271.0,18.414878598785947,109.28208626791024,1621.1314697265625,45.0,7.5047173500061035,4.0,1.0,0.5841479962573257,11.627984046936035,41.0,"{""type"":""Point"",""coordinates"":[109.28076903950439,18.41382602497688]}"
3025,0.0,25.0,95.0,10.38904094696045,87.0,19.447941175523397,109.13835582245116,1637.685546875,51.0,1.4279015064239502,3.0,3.0,0.6640845004824727,13.407163619995117,33.0,"{""type"":""Point"",""coordinates"":[109.13757508859624,19.44938146565587]}"
3026,0.0,28.0,43.0,20.367462158203125,34.0,18.590050079189254,109.88395750827033,1951.382568359375,44.0,2.5136284828186035,4.0,1.0,0.6880564544250704,12.872106552124023,45.0,"{""type"":""Point"",""coordinates"":[109.88347426241565,18.58948122363554]}"
3027,0.0,26.0,220.0,13.540225982666016,64.0,18.832595205901526,109.39886725484581,1709.54736328125,49.0,2.0474250316619873,4.0,2.0,0.6315373764680801,12.968132972717285,45.0,"{""type"":""Point"",""coordinates"":[109.39765055371036,18.833204750730072]}"
3028,0.0,23.0,207.0,7.306114673614502,167.0,18.62149111413344,109.2775946914897,1726.2908935546875,55.0,0.5862138867378235,2.0,1.0,0.5968852016328683,14.22762680053711,45.0,"{""type"":""Point"",""coordinates"":[109.278309219757,18.62017297848523]}"
3029,0.0,25.0,251.0,15.365983963012695,139.0,19.250311813017106,109.34945991421921,1730.6763916015625,53.0,2.5235414505004883,4.0,2.0,0.620457852015234,12.738389015197754,38.0,"{""type"":""Point"",""coordinates"":[109.34851489312204,19.251899187970185]}"
3030,0.0,23.0,34.0,10.6727876663208,24.0,19.23683708375531,108.95869276562723,1867.7735595703125,54.0,0.9492989182472229,2.0,2.0,0.7168752815495133,13.851668357849121,41.0,"{""type"":""Point"",""coordinates"":[108.9586293740797,19.23866643182508]}"
3031,0.0,28.0,420.0,44.367218017578125,240.0,18.80115417095734,109.49768193609896,1754.5206298828125,49.0,15.527657508850098,4.0,1.0,0.528499526365241,10.777715682983398,48.0,"{""type"":""Point"",""coordinates"":[109.49595183531054,18.800959988884266]}"
3032,0.0,28.0,91.0,27.410005569458008,91.0,18.495726974356707,109.80760070912021,1753.0460205078125,49.0,5.737111568450928,5.0,1.0,0.6051781165982729,12.015681266784668,44.0,"{""type"":""Point"",""coordinates"":[109.8061126602693,18.497118231803334]}"
3033,0.0,27.0,70.0,9.474861145019531,49.0,19.54226428035595,110.1624352463474,1920.052978515625,49.0,0.6912535429000854,6.0,3.0,0.7206353935410392,14.147750854492188,35.0,"{""type"":""Point"",""coordinates"":[110.16185096395316,19.54444713390133]}"
3034,0.0,28.0,36.0,7.181216716766357,36.0,19.784809407068217,110.60260973556598,1661.8443603515625,39.0,0.7101191282272339,7.0,4.0,0.7135547659282493,13.680573463439941,37.0,"{""type"":""Point"",""coordinates"":[110.6032553202427,19.7852633678663]}"
3035,0.0,25.0,147.0,19.691926956176758,73.0,19.35361807069085,110.01421322446765,2146.967041015625,50.0,1.884848952293396,4.0,3.0,0.6876346948480128,13.097482681274414,37.0,"{""type"":""Point"",""coordinates"":[110.01507195972461,19.35561218748472]}"
3036,0.0,27.0,16.0,3.5542490482330322,17.0,19.739893642862242,110.9304948142696,1337.39501953125,46.0,0.38142308592796326,2.0,3.0,0.6693421468650774,13.40821361541748,47.0,"{""type"":""Point"",""coordinates"":[110.9324723983893,19.740877933793854]}"
3037,0.0,26.0,480.0,40.885013580322266,418.0,19.191921319549337,109.15183055171292,1753.2191162109375,44.0,13.040335655212402,7.0,2.0,0.573853061999767,10.9136323928833,39.0,"{""type"":""Point"",""coordinates"":[109.15297945919417,19.191830655486154]}"
3038,0.0,20.0,11.0,1.877372145652771,11.0,19.088615061875586,108.64428241618543,964.8928833007812,57.0,0.12978732585906982,2.0,2.0,0.663206348613707,15.854883193969727,45.0,"{""type"":""Point"",""coordinates"":[108.6441731410316,19.087934932418317]}"
3039,0.0,27.0,184.0,8.200421333312988,31.0,18.868527817266305,109.34496833779866,1727.4249267578125,46.0,0.751045286655426,4.0,2.0,0.6803618282761449,13.994600296020508,44.0,"{""type"":""Point"",""coordinates"":[109.34307869496587,18.869788654796324]}"
3040,0.0,25.0,76.0,5.595991611480713,70.0,19.18742974312874,108.85987808437409,1628.90966796875,55.0,0.38202813267707825,2.0,2.0,0.6376224027870185,14.737223625183105,44.0,"{""type"":""Point"",""coordinates"":[108.85765279074883,19.186314361038033]}"
3041,0.0,24.0,107.0,9.708381652832031,52.0,19.600654773823713,109.65039553439925,1718.70361328125,49.0,1.0331021547317505,4.0,3.0,0.7046561341691396,13.7236328125,34.0,"{""type"":""Point"",""coordinates"":[109.64913920398226,19.599863053934648]}"
3042,0.0,24.0,151.0,21.16009521484375,117.0,19.259294965858295,110.1624352463474,2157.780517578125,53.0,2.1200437545776367,4.0,2.0,0.6571482988723139,12.977302551269531,37.0,"{""type"":""Point"",""coordinates"":[110.16208495276555,19.257181734180975]}"
3043,0.0,21.0,17.0,4.199612140655518,17.0,20.05879556872467,110.70591599323973,1441.2520751953125,60.0,0.5147342085838318,2.0,4.0,0.6841076585378354,13.103934288024902,45.0,"{""type"":""Point"",""coordinates"":[110.70754067235565,20.05667384412557]}"
3045,0.0,29.0,108.0,6.157989501953125,51.0,19.600654773823713,109.68183656934343,1718.70361328125,44.0,0.3494996726512909,5.0,3.0,0.7133675854215801,14.806940078735352,33.0,"{""type"":""Point"",""coordinates"":[109.68097436215693,19.599449834506256]}"
3046,0.0,29.0,479.0,56.81431579589844,430.0,18.76971313601316,110.0052300716265,2117.95166015625,45.0,13.7625150680542,5.0,1.0,0.5629579889886132,10.858499526977539,45.0,"{""type"":""Point"",""coordinates"":[110.0032753220694,18.77023039894917]}"
3047,0.0,25.0,275.0,30.012771606445312,161.0,19.24132866017591,109.34945991421921,1909.064208984375,52.0,5.58613395690918,4.0,2.0,0.6236156119519276,11.925117492675781,37.0,"{""type"":""Point"",""coordinates"":[109.34743867567559,19.24030982601867]}"
3048,0.0,30.0,493.0,45.78330993652344,410.0,18.819120476639732,109.82107543838197,1965.0504150390625,38.0,11.536357879638672,4.0,1.0,0.568751617215148,11.029738426208496,43.0,"{""type"":""Point"",""coordinates"":[109.82276364336083,18.817443128174244]}"
3049,0.0,22.0,70.0,9.232902526855469,61.0,19.699469455076866,109.56505558240792,1616.5009765625,54.0,1.1574299335479736,4.0,3.0,0.6948744015555781,13.63221263885498,33.0,"{""type"":""Point"",""coordinates"":[109.56282455038651,19.698531269492946]}"
3050,0.0,31.0,133.0,34.01765441894531,123.0,18.63047426697463,109.83904174406439,1898.5504150390625,40.0,6.36161470413208,6.0,1.0,0.5815198921803003,11.88597297668457,48.0,"{""type"":""Point"",""coordinates"":[109.83924423161815,18.6306785575338]}"
3051,0.0,34.0,868.0,16.710960388183594,698.0,18.980817227781245,109.26861153864849,1534.5120849609375,39.0,6.552555561065674,6.0,2.0,0.5392747179929326,11.2510404586792,43.0,"{""type"":""Point"",""coordinates"":[109.26643590793798,18.97913948731424]}"
3052,0.0,33.0,115.0,8.730420112609863,72.0,19.38505910563503,110.22980889265637,2117.768798828125,40.0,0.3494855761528015,4.0,3.0,0.6951456663405121,14.802713394165039,37.0,"{""type"":""Point"",""coordinates"":[110.22853581207212,19.383042345812417]}"
3053,0.0,23.0,259.0,12.0973482131958,152.0,19.313193882905473,109.40335883126642,1822.4044189453125,54.0,1.3958733081817627,4.0,3.0,0.6291369739585313,13.325636863708496,38.0,"{""type"":""Point"",""coordinates"":[109.40220494603818,19.311527182387827]}"
3054,0.0,38.0,82.0,14.024872779846191,72.0,19.739893642862242,109.97828061310292,1739.8929443359375,37.0,2.1691722869873047,4.0,3.0,0.685965217204554,12.996567726135254,33.0,"{""type"":""Point"",""coordinates"":[109.97869531709321,19.738235722933346]}"
3055,0.0,39.0,75.0,8.413187980651855,75.0,19.847691476956584,109.94683957815869,1559.6090087890625,32.0,1.3007967472076416,3.0,4.0,0.6701413374401239,13.371798515319824,34.0,"{""type"":""Point"",""coordinates"":[109.9447821220009,19.84667483903428]}"
3056,0.0,29.0,187.0,10.186907768249512,10.0,19.24132866017591,109.52013981820193,1887.1871337890625,40.0,0.8389436602592468,6.0,2.0,0.7408615128523734,13.881993293762207,38.0,"{""type"":""Point"",""coordinates"":[109.52081153195222,19.243081614720428]}"
3057,0.0,28.0,287.0,29.830402374267578,166.0,19.115564520399175,109.85700804974675,1949.5140380859375,47.0,5.271183013916016,4.0,2.0,0.6084121748603913,11.975340843200684,41.0,"{""type"":""Point"",""coordinates"":[109.85578786822181,19.114578675759855]}"
3058,0.0,29.0,26.0,3.7292566299438477,26.0,19.91057354684495,109.77615967417603,1262.8468017578125,42.0,0.38979122042655945,3.0,4.0,0.7170265332449479,14.705704689025879,33.0,"{""type"":""Point"",""coordinates"":[109.77463454322756,19.90979206979134]}"
3059,0.0,25.0,318.0,55.09709167480469,155.0,19.12903924966097,109.74471863923185,2060.595947265625,47.0,11.837069511413574,4.0,2.0,0.5915286183509321,11.133428573608398,41.0,"{""type"":""Point"",""coordinates"":[109.74323173294448,19.12910429907449]}"
3060,0.0,28.0,68.0,7.2567338943481445,69.0,19.950997734630327,110.27921623328291,1565.65576171875,44.0,1.3320128917694092,2.0,4.0,0.6592747510818208,12.551624298095703,38.0,"{""type"":""Point"",""coordinates"":[110.27973505167024,19.95111651070778]}"
3061,0.0,26.0,40.0,8.305129051208496,37.0,19.735402066441644,110.46337086652744,1722.1575927734375,44.0,0.808157205581665,4.0,3.0,0.7354279540497572,13.735401153564453,32.0,"{""type"":""Point"",""coordinates"":[110.46190736648094,19.736963920492098]}"
3062,0.0,24.0,33.0,3.070392608642578,33.0,19.83421674769479,110.9394779671108,1327.4354248046875,52.0,0.1347699910402298,2.0,4.0,0.6417278520940678,14.409435272216797,49.0,"{""type"":""Point"",""coordinates"":[110.94113243499318,19.832124528838722]}"
3063,0.0,24.0,99.0,19.21042251586914,62.0,19.537772703935353,109.9513311545793,1900.6961669921875,51.0,2.499778985977173,4.0,3.0,0.6950955252735924,12.844322204589844,35.0,"{""type"":""Point"",""coordinates"":[109.94969976556384,19.536610648127976]}"
3064,0.0,34.0,123.0,24.842554092407227,98.0,19.488365363308773,110.22082573981515,2049.6015625,36.0,3.1726009845733643,6.0,3.0,0.6569299036059904,12.590959548950195,36.0,"{""type"":""Point"",""coordinates"":[110.22054790003541,19.49058033405874]}"
3065,0.0,25.0,324.0,29.645261764526367,257.0,18.65742372549822,109.33598518495745,1819.1854248046875,50.0,6.331267833709717,4.0,1.0,0.582173563676473,11.765259742736816,44.0,"{""type"":""Point"",""coordinates"":[109.33749377750391,18.658972914678646]}"
3066,0.0,26.0,61.0,21.752248764038086,59.0,18.437336480888938,109.00810010625383,1602.195068359375,49.0,4.86128568649292,2.0,1.0,0.6433602225370413,12.200181007385254,42.0,"{""type"":""Point"",""coordinates"":[109.00610498994914,18.435682119176644]}"
3067,0.0,26.0,433.0,18.368581771850586,420.0,18.643948996236425,108.88682754289766,1410.6121826171875,50.0,6.6157546043396,5.0,1.0,0.5349910567555111,11.641529083251953,48.0,"{""type"":""Point"",""coordinates"":[108.88655707497524,18.643549841137997]}"
3068,0.0,28.0,78.0,9.141942024230957,71.0,19.447941175523397,109.11589794034813,1637.685546875,47.0,1.1486557722091675,3.0,3.0,0.6883227343645052,13.63505744934082,32.0,"{""type"":""Point"",""coordinates"":[109.11761607596033,19.44734517537055]}"
3069,0.0,23.0,5.0,3.71209716796875,8.0,18.59903323203045,108.7116560624944,1285.798095703125,53.0,0.3441552519798279,2.0,1.0,0.6946708852992947,14.793344497680664,43.0,"{""type"":""Point"",""coordinates"":[108.71078924776202,18.598551607296606]}"
3070,0.0,21.0,29.0,8.345223426818848,31.0,18.423861751627143,109.78963440343779,1787.9580078125,55.0,0.6285743117332458,4.0,1.0,0.7117143366897025,14.266895294189453,40.0,"{""type"":""Point"",""coordinates"":[109.78812932962141,18.424194407577218]}"
3071,0.0,23.0,10.0,3.0319762229919434,10.0,18.837086782322125,108.67123187470901,1247.133056640625,53.0,0.16689154505729675,2.0,2.0,0.6814532240982396,15.604009628295898,45.0,"{""type"":""Point"",""coordinates"":[108.67101070827974,18.836876534511827]}"
3072,0.0,27.0,272.0,29.667009353637695,175.0,19.205396048811124,109.86149962616736,2101.876953125,49.0,4.193912982940674,4.0,2.0,0.634772786797011,12.215187072753906,38.0,"{""type"":""Point"",""coordinates"":[109.86068007421717,19.206954916673467]}"
3073,0.0,24.0,56.0,7.29112434387207,55.0,19.708452607918062,110.64752549977192,1750.1636962890625,48.0,0.5768064260482788,7.0,3.0,0.6969656388703587,13.89587688446045,37.0,"{""type"":""Point"",""coordinates"":[110.6471755564867,19.70726577055812]}"
3074,0.0,28.0,506.0,27.386926651000977,483.0,19.290736000802482,109.11589794034813,1776.1038818359375,43.0,6.651402473449707,7.0,3.0,0.5968799320816559,11.579172134399414,38.0,"{""type"":""Point"",""coordinates"":[109.11672218953431,19.29163843133522]}"
3075,0.0,22.0,28.0,9.480851173400879,27.0,18.74725525391017,110.20285943413279,2003.4588623046875,51.0,0.5029252171516418,3.0,1.0,0.6977290597018356,14.49050235748291,47.0,"{""type"":""Point"",""coordinates"":[110.20165966260353,18.745255915480016]}"
3076,0.0,26.0,425.0,36.381378173828125,423.0,18.71132264254539,108.79699601448573,1388.7230224609375,50.0,21.58991241455078,3.0,1.0,0.5138983699819895,10.42029857635498,43.0,"{""type"":""Point"",""coordinates"":[108.79750970185428,18.713171712864053]}"
3077,0.0,29.0,168.0,38.49945831298828,162.0,18.54064273856268,109.75819336849361,1951.179931640625,49.0,7.749318599700928,4.0,1.0,0.5944820436828075,11.66479206085205,44.0,"{""type"":""Point"",""coordinates"":[109.75962741214497,18.54267703765169]}"
3078,0.0,24.0,16.0,7.475143909454346,16.0,19.111072943978577,110.40048879663908,2184.841064453125,48.0,0.060705628246068954,4.0,2.0,0.7597223623708719,16.61186981201172,39.0,"{""type"":""Point"",""coordinates"":[110.39992316145215,19.112884971199644]}"
3079,0.0,26.0,69.0,10.953696250915527,69.0,19.793792559909413,109.99175534236468,1656.40234375,48.0,1.4816120862960815,4.0,4.0,0.691771886304251,13.385791778564453,32.0,"{""type"":""Point"",""coordinates"":[109.99053807400425,19.792095981162195]}"
3080,0.0,27.0,23.0,6.30550479888916,24.0,19.8252335948536,110.60710131198658,1617.6812744140625,43.0,0.7149368524551392,6.0,4.0,0.7244064203302075,13.243099212646484,37.0,"{""type"":""Point"",""coordinates"":[110.60627748417973,19.82590361828182]}"
3081,0.0,30.0,357.0,35.436988830566406,198.0,18.926918310734074,109.82107543838197,1981.3450927734375,40.0,6.734994888305664,4.0,2.0,0.5923069214894106,11.679524421691895,43.0,"{""type"":""Point"",""coordinates"":[109.81941388431483,18.927965981291493]}"
3082,0.0,27.0,163.0,5.9648847579956055,133.0,19.434466446261602,109.29106942075146,1663.398681640625,48.0,0.38953661918640137,3.0,3.0,0.6550212098165216,14.664454460144043,32.0,"{""type"":""Point"",""coordinates"":[109.28960437775048,19.435499872714644]}"
3083,0.0,28.0,177.0,17.59174346923828,79.0,19.308702306484875,109.74022706281124,1910.049560546875,42.0,2.179471492767334,4.0,3.0,0.6686753379462411,12.933258056640625,36.0,"{""type"":""Point"",""coordinates"":[109.74032144656472,19.30863638743273]}"
3084,0.0,26.0,560.0,46.278282165527344,387.0,18.944884616416466,109.45725774831357,1793.0850830078125,49.0,16.924488067626953,5.0,2.0,0.5413273947858073,10.575746536254883,43.0,"{""type"":""Point"",""coordinates"":[109.45650421611718,18.94700203379531]}"
3085,0.0,29.0,570.0,39.055908203125,419.0,18.890985699369296,109.30454415001327,1727.4249267578125,41.0,14.01356315612793,7.0,2.0,0.5380420479044395,10.765525817871094,45.0,"{""type"":""Point"",""coordinates"":[109.30626940610361,18.892798007841726]}"
3086,0.0,29.0,680.0,22.35702896118164,613.0,18.616999537712843,109.44827459547236,1792.9368896484375,41.0,5.214075565338135,6.0,1.0,0.5511042309715604,11.673965454101562,47.0,"{""type"":""Point"",""coordinates"":[109.44920552440345,18.616741592404782]}"
3087,0.0,24.0,7.0,3.5696966648101807,7.0,19.753368372124037,109.37640937274284,1328.4739990234375,46.0,0.1916242390871048,2.0,4.0,0.7431455630585497,15.467536926269531,33.0,"{""type"":""Point"",""coordinates"":[109.37808148089533,19.755502969741123]}"
3088,0.0,36.0,188.0,22.0779972076416,139.0,19.600654773823713,109.8031091326996,1719.813720703125,37.0,4.608232021331787,6.0,3.0,0.6362965192215121,12.175809860229492,34.0,"{""type"":""Point"",""coordinates"":[109.80368114990425,19.602600751031336]}"
3089,0.0,24.0,45.0,10.05100154876709,31.0,19.614129503085508,110.17590997560922,1831.189697265625,49.0,0.8696326017379761,3.0,3.0,0.7383469584303058,13.932912826538086,34.0,"{""type"":""Point"",""coordinates"":[110.17554958940033,19.61544858357494]}"
3090,0.0,29.0,20.0,4.751820087432861,19.0,19.762351524965233,110.7283738753427,1634.4227294921875,47.0,0.2510863244533539,3.0,4.0,0.7171156010287759,14.229538917541504,40.0,"{""type"":""Point"",""coordinates"":[110.7285823215974,19.762362234121696]}"
3091,0.0,28.0,148.0,40.95061492919922,105.0,18.594541655609852,109.5920050409315,1971.434326171875,45.0,7.704956531524658,6.0,1.0,0.5846798691218729,11.683150291442871,47.0,"{""type"":""Point"",""coordinates"":[109.58989828412302,18.593656965938447]}"
3092,0.0,29.0,188.0,35.26478958129883,191.0,18.199282930597263,109.58302188809029,1525.833251953125,45.0,13.154693603515625,3.0,0.0,0.5714007604692513,11.111245155334473,40.0,"{""type"":""Point"",""coordinates"":[109.5825728879664,18.19765834420227]}"
3093,0.0,26.0,148.0,31.293176651000977,138.0,18.697847913283596,109.94234800173814,2108.650146484375,49.0,4.179128646850586,4.0,1.0,0.6025203429884625,12.299189567565918,47.0,"{""type"":""Point"",""coordinates"":[109.94077945220936,18.698251685955228]}"
3094,0.0,24.0,62.0,39.598052978515625,65.0,18.338521799635792,109.66836184008167,1818.772216796875,54.0,8.89834976196289,4.0,0.0,0.6331040277435165,11.58934497833252,43.0,"{""type"":""Point"",""coordinates"":[109.66778968138557,18.340472091949167]}"
3095,0.0,29.0,614.0,37.86069107055664,571.0,18.675390031180612,109.60098819377271,2096.710205078125,48.0,8.23001480102539,4.0,1.0,0.5615562481894582,11.273140907287598,47.0,"{""type"":""Point"",""coordinates"":[109.60170286978835,18.67346580687077]}"
3096,0.0,28.0,3.0,3.324338912963867,4.0,20.004896651677498,110.62057604124834,1433.5054931640625,39.0,0.0,3.0,4.0,0.7011443117611272,15.332833290100098,45.0,"{""type"":""Point"",""coordinates"":[110.62057267916664,20.006176444728887]}"
3097,0.0,29.0,79.0,9.033493995666504,48.0,19.72192733717985,109.72675233354943,1609.505859375,42.0,1.149389386177063,4.0,3.0,0.7083956642141954,13.633820533752441,33.0,"{""type"":""Point"",""coordinates"":[109.72612581415018,19.723040858696912]}"
3098,0.0,28.0,182.0,18.703617095947266,182.0,18.401403869524152,109.47073247757538,1858.9521484375,47.0,2.7268621921539307,4.0,1.0,0.6136138686951251,12.70573616027832,42.0,"{""type"":""Point"",""coordinates"":[109.46961045017048,18.403541190014852]}"
3099,0.0,29.0,146.0,26.525909423828125,130.0,19.115564520399175,108.97665907130965,1810.0108642578125,46.0,5.052391052246094,6.0,2.0,0.6157050572221829,12.109855651855469,40.0,"{""type"":""Point"",""coordinates"":[108.9760490463373,19.116758875002954]}"
3100,0.0,24.0,18.0,6.543391704559326,15.0,19.259294965858295,108.81496232016809,1448.96337890625,51.0,0.8585196733474731,2.0,2.0,0.6987077979566035,13.961468696594238,42.0,"{""type"":""Point"",""coordinates"":[108.81528832274097,19.257276424815252]}"
3101,0.0,28.0,13.0,4.693344593048096,11.0,19.79828413633001,110.3735393381155,1741.9630126953125,39.0,0.0,5.0,4.0,0.7663004297834675,16.402523040771484,33.0,"{""type"":""Point"",""coordinates"":[110.37497145398747,19.79658409124011]}"
3102,0.0,36.0,93.0,12.048138618469238,90.0,19.77133467780643,110.0097216480471,1695.315185546875,38.0,1.7833017110824585,5.0,4.0,0.6691117196231882,13.185993194580078,32.0,"{""type"":""Point"",""coordinates"":[110.00781807765165,19.773510635668462]}"
3103,0.0,26.0,103.0,9.596535682678223,73.0,19.46141590478519,110.15345209350619,2070.307373046875,48.0,0.4866737425327301,4.0,3.0,0.6868699323107585,14.478873252868652,38.0,"{""type"":""Point"",""coordinates"":[110.15235750075388,19.46316225819129]}"
3104,0.0,28.0,4.0,6.0486860275268555,5.0,19.83421674769479,109.53361454746374,1293.1265869140625,45.0,1.111034631729126,5.0,4.0,0.7383277717171475,13.71162223815918,34.0,"{""type"":""Point"",""coordinates"":[109.53138528432362,19.833138452313605]}"
3105,0.0,25.0,205.0,22.456233978271484,128.0,19.420991716999815,109.8031091326996,1946.878662109375,46.0,3.036078929901123,4.0,3.0,0.6471353778741983,12.583381652832031,35.0,"{""type"":""Point"",""coordinates"":[109.80519460966741,19.420760954994584]}"
3106,0.0,26.0,44.0,15.871443748474121,32.0,18.500218550777305,109.29106942075146,1700.729248046875,49.0,2.5203826427459717,12.0,1.0,0.6772084399036982,12.868834495544434,46.0,"{""type"":""Point"",""coordinates"":[109.29131936212875,18.499688819087023]}"
3107,0.0,24.0,326.0,14.201815605163574,135.0,19.043699297669612,109.69980287502585,1833.1630859375,49.0,1.8020079135894775,4.0,2.0,0.6108614990885426,13.024209022521973,41.0,"{""type"":""Point"",""coordinates"":[109.70035244941694,19.04477463469003]}"
3108,0.0,26.0,352.0,17.035192489624023,299.0,18.724797371807185,109.58302188809029,1761.8480224609375,48.0,2.8606247901916504,4.0,1.0,0.5704997727538227,12.543168067932129,48.0,"{""type"":""Point"",""coordinates"":[109.58467807236356,18.724006283761742]}"
3109,0.0,26.0,199.0,19.221681594848633,50.0,18.868527817266305,109.31801887927503,1727.4249267578125,47.0,3.3955764770507812,3.0,2.0,0.6441607306351844,12.47511100769043,45.0,"{""type"":""Point"",""coordinates"":[109.31993246034196,18.868827787758878]}"
3110,0.0,26.0,261.0,62.7317008972168,158.0,18.93590146357527,110.06362056509425,2183.109619140625,48.0,12.236430168151855,2.0,2.0,0.5895566880275518,11.138229370117188,43.0,"{""type"":""Point"",""coordinates"":[110.06395180272293,18.935114725938345]}"
3111,0.0,27.0,52.0,9.657559394836426,25.0,19.57819689172073,109.9558227309999,1817.73583984375,43.0,0.8239654302597046,5.0,3.0,0.7409882742363983,13.98275375366211,35.0,"{""type"":""Point"",""coordinates"":[109.95392058357862,19.579100454881]}"
3112,0.0,23.0,13.0,3.417898178100586,13.0,18.76522155959256,108.69818133323258,1249.7972412109375,49.0,0.2681019604206085,2.0,1.0,0.6777634989489808,15.128257751464844,45.0,"{""type"":""Point"",""coordinates"":[108.70009668506216,18.76563164183281]}"
3113,0.0,25.0,70.0,10.860442161560059,55.0,18.590050079189254,109.70429445144646,1878.4212646484375,44.0,0.9076861143112183,4.0,1.0,0.6557417423455205,13.875324249267578,47.0,"{""type"":""Point"",""coordinates"":[109.70400661010022,18.58849182711995]}"
3114,0.0,25.0,29.0,4.557812213897705,32.0,18.62149111413344,108.77004655596215,1290.8375244140625,47.0,0.58518385887146,2.0,1.0,0.6616062964320845,14.338428497314453,44.0,"{""type"":""Point"",""coordinates"":[108.77216141824637,18.61981762086653]}"
3115,0.0,27.0,6.0,5.432044506072998,6.0,18.23521554196204,109.50666508894017,1609.947509765625,50.0,0.3494137227535248,4.0,0.0,0.731260221188765,14.86738109588623,40.0,"{""type"":""Point"",""coordinates"":[109.50799709275904,18.235647842062832]}"
3116,0.0,26.0,267.0,18.652502059936523,265.0,18.774204712433757,108.79699601448573,1348.03369140625,51.0,7.0452656745910645,6.0,1.0,0.5498811141922465,11.696568489074707,46.0,"{""type"":""Point"",""coordinates"":[108.79679213440721,18.77635300263406]}"
3117,0.0,32.0,188.0,46.16962432861328,191.0,18.226232389120852,109.70878602786706,1803.4677734375,46.0,13.560050964355469,4.0,0.0,0.5858552561884388,11.079767227172852,40.0,"{""type"":""Point"",""coordinates"":[109.7081014735069,18.228383511368282]}"
3118,0.0,27.0,3.0,3.6877541542053223,4.0,20.036337686621685,110.17590997560922,1327.9114990234375,40.0,0.3261163532733917,2.0,4.0,0.7285549978775081,14.053327560424805,37.0,"{""type"":""Point"",""coordinates"":[110.17422658612777,20.036412396816587]}"
3120,0.0,30.0,616.0,74.23262786865234,575.0,18.71581421896599,109.68183656934343,2155.95458984375,43.0,23.203712463378906,5.0,1.0,0.5207758490216118,10.184905052185059,47.0,"{""type"":""Point"",""coordinates"":[109.68349778171277,18.714789546508698]}"
3121,0.0,28.0,328.0,33.78569030761719,159.0,18.899968852210492,109.41234198410757,1749.24609375,44.0,8.801904678344727,6.0,2.0,0.5587371275822154,11.429159164428711,47.0,"{""type"":""Point"",""coordinates"":[109.41078083873165,18.901871926188694]}"
3122,0.0,37.0,458.0,37.43718719482422,422.0,18.495726974356707,109.5470892767255,1837.821044921875,36.0,10.79857063293457,6.0,1.0,0.5593274266459187,11.12495231628418,45.0,"{""type"":""Point"",""coordinates"":[109.5474446861945,18.497456675283853]}"
3123,0.0,23.0,56.0,16.120874404907227,42.0,19.232345507334713,109.00810010625383,1769.2696533203125,55.0,2.335327625274658,4.0,2.0,0.6862852728484702,12.93813419342041,41.0,"{""type"":""Point"",""coordinates"":[109.00630193119076,19.234589248605275]}"
3124,0.0,34.0,356.0,37.347434997558594,346.0,18.441828057309536,109.54259770030495,1757.9405517578125,41.0,11.341740608215332,4.0,1.0,0.5712234689883979,11.150506019592285,42.0,"{""type"":""Point"",""coordinates"":[109.54220026263366,18.443212051229832]}"
3125,0.0,29.0,912.0,27.888965606689453,732.0,18.74725525391017,109.42132513694878,1853.0379638671875,47.0,9.556516647338867,8.0,1.0,0.5344677160094953,10.817656517028809,46.0,"{""type"":""Point"",""coordinates"":[109.42210628690161,18.746345287608822]}"
3126,0.0,26.0,443.0,19.618165969848633,398.0,18.67988160760121,109.0260664119362,1633.803466796875,50.0,4.82061243057251,5.0,1.0,0.5656391123089594,11.952566146850586,45.0,"{""type"":""Point"",""coordinates"":[109.02639838134466,18.680246150070523]}"
3127,0.0,30.0,79.0,39.24843978881836,71.0,19.030224568407817,110.33760672675072,2036.39697265625,39.0,6.223948955535889,5.0,2.0,0.6595768280897825,11.940836906433105,40.0,"{""type"":""Point"",""coordinates"":[110.33913416160905,19.028182559536347]}"
3128,0.0,29.0,503.0,24.36046600341797,306.0,18.944884616416466,109.57403873524913,1763.2296142578125,47.0,5.912786483764648,5.0,2.0,0.5750629889182397,11.700234413146973,43.0,"{""type"":""Point"",""coordinates"":[109.57285397899157,18.945827605459503]}"
3129,0.0,29.0,609.0,30.090911865234375,438.0,19.147005555343355,109.35844306706042,1786.149169921875,40.0,8.273682594299316,5.0,2.0,0.580609539227916,11.272159576416016,39.0,"{""type"":""Point"",""coordinates"":[109.36035199047727,19.146470042469208]}"
3130,0.0,30.0,595.0,18.614681243896484,595.0,18.616999537712843,110.09506160003843,2075.025390625,45.0,2.416839122772217,5.0,1.0,0.594094998547901,12.521344184875488,44.0,"{""type"":""Point"",""coordinates"":[110.0969892583996,18.616399390514484]}"
3131,0.0,30.0,502.0,32.74191665649414,310.0,19.084123485454995,109.56954715882853,1811.3814697265625,40.0,8.534398078918457,5.0,2.0,0.5830947291360484,11.330171585083008,40.0,"{""type"":""Point"",""coordinates"":[109.56901981865548,19.084133989230608]}"
3132,0.0,24.0,186.0,11.770073890686035,101.0,19.250311813017106,109.87048277900857,2013.8828125,52.0,0.9175066947937012,3.0,2.0,0.6459759438810638,13.793102264404297,38.0,"{""type"":""Point"",""coordinates"":[109.8724865273103,19.252218193426952]}"
3133,0.0,28.0,272.0,22.099103927612305,95.0,19.227853930914115,109.50217351251956,1887.1871337890625,42.0,3.385193109512329,4.0,2.0,0.6307544829204327,12.430033683776855,38.0,"{""type"":""Point"",""coordinates"":[109.50104648837359,19.228974629480184]}"
3134,0.0,29.0,730.0,31.20863151550293,530.0,19.04819087409021,109.58302188809029,1854.671630859375,40.0,8.792572021484375,6.0,2.0,0.5721368901331453,11.098527908325195,40.0,"{""type"":""Point"",""coordinates"":[109.58380144356157,19.049260937115672]}"
3135,0.0,25.0,205.0,17.704030990600586,28.0,19.286244424381884,109.52463139462253,1817.8341064453125,47.0,2.5428307056427,8.0,3.0,0.7199621219859084,12.760950088500977,36.0,"{""type"":""Point"",""coordinates"":[109.5242922956196,19.286926393197106]}"
3136,0.0,34.0,305.0,39.52656173706055,298.0,18.554117467824476,109.84802489690554,1966.743408203125,36.0,8.217636108398438,5.0,1.0,0.5730087877652306,11.514886856079102,47.0,"{""type"":""Point"",""coordinates"":[109.84991790264519,18.55348130439364]}"
3137,0.0,24.0,3.0,8.020454406738281,5.0,19.115564520399175,110.49481190147162,2090.071533203125,42.0,0.18247348070144653,3.0,2.0,0.7657345054007355,15.499710083007812,39.0,"{""type"":""Point"",""coordinates"":[110.49342340858952,19.11742293100046]}"
3138,0.0,26.0,49.0,7.744265556335449,49.0,18.52267643288029,109.89743223753214,1854.4718017578125,46.0,0.438711017370224,3.0,1.0,0.672224937941417,14.614853858947754,45.0,"{""type"":""Point"",""coordinates"":[109.89629070389957,18.52178097322992]}"
3139,0.0,23.0,34.0,4.872732639312744,34.0,19.87913251190077,110.76430648670748,1520.0635986328125,49.0,0.5198156237602234,2.0,4.0,0.6555388391275163,13.096375465393066,48.0,"{""type"":""Point"",""coordinates"":[110.76408321957811,19.877300425734155]}"
3140,0.0,44.0,83.0,6.791010856628418,83.0,19.86116620621838,109.92438169605572,1538.0738525390625,29.0,0.9632287621498108,3.0,4.0,0.6561788309369105,13.659191131591797,35.0,"{""type"":""Point"",""coordinates"":[109.92364881269604,19.859472551042337]}"
3141,0.0,23.0,35.0,7.860456466674805,35.0,18.338521799635792,109.34496833779866,1593.2103271484375,55.0,0.9176799058914185,3.0,0.0,0.7068645397236298,13.884966850280762,37.0,"{""type"":""Point"",""coordinates"":[109.34297599285557,18.33649586788959]}"
3142,0.0,23.0,109.0,7.798032283782959,107.0,19.564722162458935,109.3898841020046,1701.239990234375,56.0,0.7284147143363953,3.0,3.0,0.6416685487124572,14.071922302246094,36.0,"{""type"":""Point"",""coordinates"":[109.38991926378061,19.56329448838403]}"
3143,0.0,24.0,84.0,13.984630584716797,74.0,19.65455369087089,109.49768193609896,1652.7159423828125,54.0,2.3004236221313477,4.0,3.0,0.673478662097599,12.936561584472656,34.0,"{""type"":""Point"",""coordinates"":[109.49714811315425,19.654967370196974]}"
3144,0.0,27.0,45.0,6.041892051696777,31.0,19.789300983488815,110.15345209350619,1730.3988037109375,42.0,0.2984420657157898,5.0,4.0,0.7403524897654155,14.727791786193848,33.0,"{""type"":""Point"",""coordinates"":[110.15461523717032,19.78751250139521]}"
3145,0.0,29.0,2.0,3.8918728828430176,3.0,19.99142192241571,110.49032032505102,1534.7177734375,39.0,0.057359881699085236,2.0,4.0,0.7342230047035595,15.732784271240234,39.0,"{""type"":""Point"",""coordinates"":[110.49033407607007,19.99073374800653]}"
3146,0.0,27.0,127.0,63.11101531982422,96.0,19.4434495991028,110.1624352463474,2209.65380859375,46.0,10.938445091247559,5.0,3.0,0.6359207641503064,11.339537620544434,37.0,"{""type"":""Point"",""coordinates"":[110.16044637590007,19.444784670367493]}"
3147,0.0,26.0,115.0,45.4487419128418,118.0,18.271148153326827,109.62793765229628,1780.9361572265625,52.0,12.387124061584473,4.0,0.0,0.5875824484234227,11.219022750854492,41.0,"{""type"":""Point"",""coordinates"":[109.62716486822626,18.272540118873255]}"
3148,0.0,26.0,147.0,11.646236419677734,133.0,19.111072943978577,108.93174330710366,1666.4306640625,49.0,1.6729011535644531,4.0,2.0,0.6213943304954549,13.21684741973877,39.0,"{""type"":""Point"",""coordinates"":[108.93008670833223,19.11222831418606]}"
3149,0.0,35.0,66.0,4.001226425170898,66.0,19.838708324115387,109.82556701480257,1474.1832275390625,40.0,0.2109140157699585,5.0,4.0,0.6716877896459219,15.337226867675781,36.0,"{""type"":""Point"",""coordinates"":[109.82482364866306,19.83894043963097]}"
3150,0.0,29.0,1218.0,50.317047119140625,988.0,18.895477275789894,109.71776918070822,2059.53466796875,41.0,32.9857292175293,11.0,2.0,0.4766027284665475,9.015220642089844,44.0,"{""type"":""Point"",""coordinates"":[109.71808943620825,18.89568064326683]}"
3151,0.0,24.0,92.0,5.465789318084717,92.0,18.931409887154672,108.74309709743858,1293.1363525390625,52.0,0.9264909029006958,3.0,2.0,0.5819999917422214,13.841649055480957,46.0,"{""type"":""Point"",""coordinates"":[108.74219277581642,18.9312211441085]}"
3152,0.0,27.0,128.0,29.05274200439453,128.0,18.34750495247698,109.53361454746374,1719.6109619140625,43.0,6.266795635223389,4.0,0.0,0.6017499578995618,11.904195785522461,41.0,"{""type"":""Point"",""coordinates"":[109.53169796061128,18.346055786668114]}"
3153,0.0,30.0,195.0,25.912322998046875,66.0,18.751746830330767,109.12038951676874,1620.36083984375,42.0,6.672529220581055,4.0,1.0,0.6200725478776214,11.79879379272461,43.0,"{""type"":""Point"",""coordinates"":[109.12107380660754,18.75188782167909]}"
3154,0.0,34.0,49.0,11.993560791015625,50.0,19.425483293420413,110.63854234693076,1911.24169921875,39.0,1.4654276371002197,4.0,3.0,0.6985461567876174,12.96969223022461,39.0,"{""type"":""Point"",""coordinates"":[110.63697960110784,19.427412211068845]}"
3155,0.0,24.0,134.0,16.169076919555664,80.0,19.205396048811124,110.02319637730886,2173.1982421875,49.0,1.2456706762313843,4.0,2.0,0.6846396740254741,13.519926071166992,37.0,"{""type"":""Point"",""coordinates"":[110.02108826245265,19.20687388331888]}"
3156,0.0,23.0,117.0,13.65884017944336,59.0,19.376075952793833,109.94234800173814,2000.3001708984375,50.0,1.177668571472168,3.0,3.0,0.6938902189574172,13.586532592773438,38.0,"{""type"":""Point"",""coordinates"":[109.94384626492571,19.37753651657182]}"
3157,0.0,28.0,737.0,44.31525802612305,705.0,19.034716144828415,110.1175194821414,2248.167724609375,45.0,9.287165641784668,9.0,2.0,0.5629719809981087,11.0360107421875,47.0,"{""type"":""Point"",""coordinates"":[110.11926481642448,19.03482786790817]}"
3158,0.0,22.0,56.0,7.98626708984375,27.0,19.735402066441644,109.83904174406439,1714.830322265625,56.0,0.7121466994285583,4.0,3.0,0.7320736971160918,14.126259803771973,35.0,"{""type"":""Point"",""coordinates"":[109.83704139491952,19.737498720073305]}"
3159,0.0,23.0,18.0,3.5127182006835938,20.0,19.71294418433866,110.9349863906902,1337.39501953125,53.0,0.3495071232318878,3.0,3.0,0.6756030203165185,13.49107551574707,45.0,"{""type"":""Point"",""coordinates"":[110.93328141244307,19.710894632645097]}"
3160,0.0,31.0,265.0,30.99341583251953,136.0,18.729288948227783,109.08894848182456,1680.666748046875,40.0,8.363337516784668,4.0,1.0,0.5763924090144632,11.524333000183105,43.0,"{""type"":""Point"",""coordinates"":[109.08963253905556,18.730448571001737]}"
3161,0.0,24.0,42.0,7.361511707305908,33.0,19.600654773823713,110.3151488446477,1817.6885986328125,52.0,0.4411081075668335,3.0,3.0,0.723798943405775,14.575361251831055,37.0,"{""type"":""Point"",""coordinates"":[110.31492838003402,19.602506914978864]}"
3163,0.0,28.0,420.0,37.09317398071289,304.0,19.196412895969935,109.2371705037043,1834.100830078125,49.0,10.082746505737305,7.0,2.0,0.5951392305411791,11.22402572631836,38.0,"{""type"":""Point"",""coordinates"":[109.23716427715955,19.19780526826543]}"
3165,0.0,26.0,136.0,6.133621692657471,118.0,18.616999537712843,109.04403271761862,1677.1585693359375,42.0,0.3494369685649872,4.0,1.0,0.5916728464479326,14.78994083404541,47.0,"{""type"":""Point"",""coordinates"":[109.04497638202938,18.618820212979333]}"
3166,0.0,27.0,314.0,24.619468688964844,317.0,18.343013376056383,109.65488711081986,1818.772216796875,49.0,4.795296669006348,4.0,0.0,0.5921191525763718,12.051846504211426,43.0,"{""type"":""Point"",""coordinates"":[109.65430874588077,18.344942749053917]}"
3167,0.0,26.0,4.0,5.648953437805176,4.0,19.677011572973875,109.31801887927503,1499.85693359375,44.0,0.5020208954811096,3.0,3.0,0.738977769127609,14.50612735748291,37.0,"{""type"":""Point"",""coordinates"":[109.31626410211334,19.67807357471524]}"
3168,0.0,33.0,342.0,31.500049591064453,179.0,19.151497131763954,109.65488711081986,2070.891357421875,39.0,5.049088001251221,4.0,2.0,0.6126868974765673,11.980356216430664,41.0,"{""type"":""Point"",""coordinates"":[109.6565350966571,19.15298472739869]}"
3169,0.0,26.0,216.0,8.045348167419434,176.0,18.49123539793611,109.40785040768702,1813.771240234375,48.0,0.5861948132514954,4.0,1.0,0.6030469247086232,14.221817016601562,45.0,"{""type"":""Point"",""coordinates"":[109.40754028234308,18.491078730503705]}"
3170,0.0,21.0,38.0,9.333931922912598,38.0,18.45979436299192,109.77166809775542,1802.8907470703125,59.0,0.8412582874298096,2.0,1.0,0.6842986590700899,13.970181465148926,44.0,"{""type"":""Point"",""coordinates"":[109.77157490527077,18.461916644569126]}"
3171,0.0,24.0,21.0,3.1096322536468506,22.0,19.277261271540688,108.72962236817676,1274.374267578125,53.0,0.1671256273984909,2.0,2.0,0.6868823839225902,15.596273422241211,41.0,"{""type"":""Point"",""coordinates"":[108.72769436689647,19.27939458976211]}"
3172,0.0,27.0,738.0,31.506744384765625,525.0,19.025732991987226,109.60997134661392,1885.2283935546875,46.0,8.732117652893066,5.0,2.0,0.5684271200065408,11.097678184509277,41.0,"{""type"":""Point"",""coordinates"":[109.61093454951636,19.02483041312547]}"
3173,0.0,25.0,103.0,6.220685005187988,101.0,19.55124743319714,109.35844306706042,1701.239990234375,51.0,0.3811372220516205,3.0,3.0,0.6388024714897084,14.72331714630127,37.0,"{""type"":""Point"",""coordinates"":[109.36058176007934,19.54979528084607]}"
3174,0.0,29.0,480.0,21.50870704650879,328.0,19.16048028460515,109.34945991421921,1818.580078125,40.0,4.025054931640625,5.0,2.0,0.6074164493912597,12.104971885681152,38.0,"{""type"":""Point"",""coordinates"":[109.34859646953814,19.161590375442866]}"
3175,0.0,26.0,105.0,20.70248794555664,97.0,19.335651765008457,110.33311515033012,2207.088134765625,49.0,1.8797845840454102,4.0,3.0,0.662615292681024,13.126007080078125,38.0,"{""type"":""Point"",""coordinates"":[110.33362430622836,19.33390650689713]}"
3176,0.0,27.0,196.0,23.346887588500977,153.0,18.760729983171963,109.73573548639064,2001.7784423828125,45.0,3.051543951034546,4.0,1.0,0.5975103630871711,12.584092140197754,47.0,"{""type"":""Point"",""coordinates"":[109.73732923512688,18.760625815774787]}"
3177,0.0,30.0,625.0,13.63071346282959,419.0,18.697847913283596,109.47073247757538,1765.3765869140625,48.0,2.445078134536743,5.0,1.0,0.5697224013901704,12.483442306518555,45.0,"{""type"":""Point"",""coordinates"":[109.47029779497063,18.697555103974345]}"
3178,0.0,29.0,208.0,18.537282943725586,102.0,19.133530826081568,109.87497435542917,1949.5140380859375,42.0,2.3015661239624023,4.0,2.0,0.6186862428433785,12.858816146850586,42.0,"{""type"":""Point"",""coordinates"":[109.8757015638903,19.132478718245384]}"
3179,0.0,27.0,326.0,24.459653854370117,144.0,18.944884616416466,109.78963440343779,2152.52197265625,44.0,2.806580066680908,3.0,2.0,0.6206298836061964,12.580674171447754,42.0,"{""type"":""Point"",""coordinates"":[109.78785478864714,18.945478469724797]}"
3180,0.0,28.0,24.0,7.143813610076904,25.0,19.8252335948536,109.52912297104314,1293.1265869140625,45.0,1.5021892786026,4.0,4.0,0.7084766209555498,13.3983793258667,35.0,"{""type"":""Point"",""coordinates"":[109.53010935780672,19.823985425342673]}"
3181,0.0,28.0,26.0,4.081432342529297,25.0,19.807267289171207,110.7328654517633,1609.271728515625,50.0,0.08370843529701233,4.0,4.0,0.7009401375888314,15.318910598754883,42.0,"{""type"":""Point"",""coordinates"":[110.73154066702904,19.808555339086997]}"
3183,0.0,28.0,1120.0,40.91786193847656,888.0,18.96285092209886,109.72675233354943,2067.464599609375,39.0,17.302867889404297,10.0,2.0,0.5321015857913017,9.917765617370605,42.0,"{""type"":""Point"",""coordinates"":[109.72769438951131,18.962047161983556]}"
3184,0.0,22.0,146.0,8.353699684143066,119.0,19.447941175523397,109.2281873508631,1745.3204345703125,57.0,0.7651310563087463,4.0,3.0,0.6559655453130468,13.99996280670166,33.0,"{""type"":""Point"",""coordinates"":[109.22846747922046,19.447359105080075]}"
3185,0.0,26.0,38.0,6.084650993347168,38.0,19.515314821832362,109.04403271761862,1383.4564208984375,50.0,0.912540853023529,3.0,3.0,0.6996944454093065,13.888834953308105,35.0,"{""type"":""Point"",""coordinates"":[109.04579294555691,19.514777683927964]}"
3186,0.0,28.0,41.0,9.078384399414062,41.0,19.919556699686147,109.91539854321451,1511.868408203125,43.0,1.5979909896850586,2.0,4.0,0.6965596621535559,13.052694320678711,36.0,"{""type"":""Point"",""coordinates"":[109.91675431976407,19.91734514348946]}"
3187,0.0,27.0,114.0,12.346735000610352,102.0,19.308702306484875,110.29269096254473,2190.947509765625,44.0,0.700293779373169,5.0,3.0,0.6721288655781579,14.108248710632324,36.0,"{""type"":""Point"",""coordinates"":[110.29259049861739,19.310623887921263]}"
3188,0.0,28.0,42.0,5.267800331115723,43.0,19.959980887471524,110.27921623328291,1565.65576171875,42.0,0.4848850965499878,3.0,4.0,0.693042977942384,13.601126670837402,38.0,"{""type"":""Point"",""coordinates"":[110.2792823784593,19.959702788737488]}"
3189,0.0,27.0,1146.0,19.234270095825195,1029.0,18.832595205901526,109.68632814576404,1782.0906982421875,45.0,7.094552993774414,5.0,2.0,0.5214237816362771,10.793235778808594,46.0,"{""type"":""Point"",""coordinates"":[109.68554414426812,18.83140204626973]}"
3190,0.0,27.0,64.0,6.913768291473389,57.0,19.623112655926704,110.59811815914537,1821.322509765625,45.0,0.4061042070388794,2.0,3.0,0.7265548635467728,14.239431381225586,30.0,"{""type"":""Point"",""coordinates"":[110.59889403605212,19.621191145261722]}"
3191,0.0,28.0,237.0,15.27219009399414,123.0,19.41200856415862,109.62793765229628,1942.4288330078125,48.0,1.7775863409042358,4.0,3.0,0.6584781164370757,13.098405838012695,33.0,"{""type"":""Point"",""coordinates"":[109.62633063473992,19.412015778306138]}"
3192,0.0,25.0,637.0,23.37568473815918,582.0,18.783187865274954,108.92725173068305,1431.394775390625,50.0,11.05774974822998,5.0,1.0,0.5293785345853563,10.951766014099121,44.0,"{""type"":""Point"",""coordinates"":[108.9268137870884,18.782287829719476]}"
3193,0.0,25.0,14.0,32.707977294921875,14.0,18.666406878339416,110.24777519833873,1999.876708984375,49.0,4.788670539855957,4.0,1.0,0.7067025394814321,12.242717742919922,45.0,"{""type"":""Point"",""coordinates"":[110.24957285125365,18.664217208912596]}"
3194,0.0,29.0,37.0,5.237855434417725,38.0,19.973455616733318,110.28819938612412,1565.65576171875,42.0,0.49159252643585205,2.0,4.0,0.6981565276041732,13.594681739807129,38.0,"{""type"":""Point"",""coordinates"":[110.28642065449479,19.97553700826299]}"
3195,0.0,29.0,60.0,7.331996440887451,60.0,19.587180044561926,109.21022104518073,1618.345703125,47.0,0.7843900322914124,2.0,3.0,0.6788009212040438,14.027264595031738,37.0,"{""type"":""Point"",""coordinates"":[109.20986654297836,19.585659939208142]}"
3196,0.0,29.0,566.0,58.523372650146484,511.0,18.774204712433757,109.87946593184972,2145.30712890625,45.0,15.042869567871094,6.0,1.0,0.5564758075071974,10.69489574432373,45.0,"{""type"":""Point"",""coordinates"":[109.87967718627716,18.775901103152574]}"
3197,0.0,25.0,149.0,7.255594730377197,96.0,19.317685459326064,109.25064523296606,1719.6353759765625,46.0,0.530343770980835,4.0,3.0,0.6327963897533162,14.364645004272461,39.0,"{""type"":""Point"",""coordinates"":[109.25040901043103,19.317717133247687]}"
3198,0.0,23.0,58.0,6.8080878257751465,58.0,18.473269092253716,109.77615967417603,1802.8907470703125,56.0,0.37519028782844543,4.0,1.0,0.6595909899367357,14.76596736907959,45.0,"{""type"":""Point"",""coordinates"":[109.7757498463907,18.47219443627012]}"
3199,0.0,26.0,190.0,9.966020584106445,83.0,18.612507961292245,109.15632212813352,1741.30517578125,49.0,1.1132159233093262,5.0,1.0,0.613635734817915,13.597155570983887,46.0,"{""type"":""Point"",""coordinates"":[109.15831451830103,18.610738335523177]}"
3200,0.0,30.0,86.0,8.26960277557373,87.0,19.528789551094157,110.64752549977192,1858.089599609375,42.0,0.6762630343437195,4.0,3.0,0.6724239816954694,13.708906173706055,35.0,"{""type"":""Point"",""coordinates"":[110.64833940534793,19.527747015400525]}"
3201,0.0,25.0,83.0,6.1449174880981445,65.0,19.681503149394473,109.58302188809029,1616.5009765625,53.0,0.5039664506912231,3.0,3.0,0.6911864563479679,14.456011772155762,33.0,"{""type"":""Point"",""coordinates"":[109.58225991820603,19.6813211859927]}"
3202,0.0,28.0,43.0,20.367462158203125,34.0,18.590050079189254,109.88395750827033,1951.382568359375,44.0,2.5136284828186035,4.0,1.0,0.6880564544250704,12.872106552124023,45.0,"{""type"":""Point"",""coordinates"":[109.8845248942975,18.590397027420902]}"
3203,0.0,23.0,200.0,15.953868865966797,63.0,18.670898454760014,109.20123789233952,1744.523681640625,56.0,2.5515847206115723,4.0,1.0,0.634260883848457,12.760735511779785,45.0,"{""type"":""Point"",""coordinates"":[109.20325201493374,18.672830726046584]}"
3204,0.0,26.0,96.0,7.11785364151001,73.0,19.600654773823713,110.07260371793546,1783.698486328125,47.0,0.43005135655403137,4.0,3.0,0.6925229697133292,14.606803894042969,33.0,"{""type"":""Point"",""coordinates"":[110.07104510644356,19.600112644908307]}"
3205,0.0,22.0,36.0,9.762931823730469,38.0,18.441828057309536,109.76268494491421,1787.9580078125,52.0,0.8811160326004028,3.0,1.0,0.692936224422627,13.925050735473633,42.0,"{""type"":""Point"",""coordinates"":[109.7608248193373,18.442078194251977]}"
3206,0.0,29.0,453.0,44.158226013183594,329.0,18.95835934567826,109.16979685739534,1663.866943359375,42.0,17.533309936523438,5.0,2.0,0.5567015381920046,10.624144554138184,39.0,"{""type"":""Point"",""coordinates"":[109.16833936219275,18.956378163404658]}"
3207,0.0,24.0,38.0,7.205349922180176,29.0,19.596163197403122,110.3645561852743,1850.5380859375,54.0,0.42619726061820984,4.0,3.0,0.7357747456440085,14.376838684082031,36.0,"{""type"":""Point"",""coordinates"":[110.3662841508437,19.595821382514973]}"
3208,0.0,27.0,127.0,28.383312225341797,103.0,19.039207721249014,110.1624352463474,2045.564208984375,48.0,3.90018630027771,5.0,2.0,0.6108874558722478,12.381505012512207,45.0,"{""type"":""Point"",""coordinates"":[110.16324859858327,19.04071633710578]}"
3209,0.0,26.0,167.0,9.843509674072266,140.0,18.554117467824476,109.10691478750698,1728.111572265625,53.0,1.1720988750457764,3.0,1.0,0.5937525310080995,13.560215950012207,46.0,"{""type"":""Point"",""coordinates"":[109.10837281387093,18.55233191330337]}"
3211,0.0,24.0,252.0,24.599071502685547,250.0,18.74276367748957,108.77453813238276,1388.7230224609375,51.0,9.659685134887695,7.0,1.0,0.5640604332496965,11.386533737182617,42.0,"{""type"":""Point"",""coordinates"":[108.77265421165605,18.741932739898324]}"
3212,0.0,25.0,106.0,7.060179233551025,90.0,19.60963792666491,109.53361454746374,1652.2562255859375,53.0,0.6568419337272644,4.0,3.0,0.6554670343830622,14.177183151245117,35.0,"{""type"":""Point"",""coordinates"":[109.5339068346725,19.61086890126689]}"
3213,0.0,32.0,54.0,4.4953203201293945,53.0,19.816250442012404,109.66836184008167,1351.4901123046875,43.0,0.5304301977157593,4.0,4.0,0.6865487476801202,14.422057151794434,34.0,"{""type"":""Point"",""coordinates"":[109.6671853067418,19.81447638466791]}"
3214,0.0,28.0,292.0,31.068744659423828,184.0,18.917935157892877,109.89743223753214,2011.536865234375,42.0,4.926731586456299,4.0,2.0,0.590285191483908,12.0398588180542,46.0,"{""type"":""Point"",""coordinates"":[109.89817560569962,18.917680007933598]}"
3215,0.0,32.0,0.0,3.4852170944213867,2.0,19.618621079506106,110.80473067449287,1479.2733154296875,43.0,0.057359881699085236,3.0,3.0,0.7373106236983034,16.229412078857422,38.0,"{""type"":""Point"",""coordinates"":[110.80503551880824,19.616524063004597]}"
3216,0.0,31.0,562.0,25.234357833862305,409.0,18.895477275789894,109.31352730285442,1727.4249267578125,40.0,6.734492301940918,8.0,2.0,0.5603210843254798,11.520658493041992,45.0,"{""type"":""Point"",""coordinates"":[109.31368282829774,18.89652475055869]}"
3217,0.0,26.0,195.0,29.141618728637695,152.0,18.57208377350686,109.11140636392759,1728.111572265625,52.0,6.911053657531738,4.0,1.0,0.5698617044704757,11.76333999633789,47.0,"{""type"":""Point"",""coordinates"":[109.10966149962722,18.571942204600774]}"
3218,0.0,29.0,800.0,25.5300350189209,607.0,18.670898454760014,109.42581671336939,1786.7757568359375,49.0,8.216565132141113,5.0,1.0,0.5477904341975364,11.096336364746094,44.0,"{""type"":""Point"",""coordinates"":[109.42641170297436,18.668887685101748]}"
3219,0.0,30.0,719.0,42.59088897705078,631.0,18.702339489704194,109.50666508894017,1850.9256591796875,47.0,16.673749923706055,5.0,1.0,0.5276326194968824,10.44839859008789,45.0,"{""type"":""Point"",""coordinates"":[109.50887016653715,18.701809246674944]}"
3220,0.0,32.0,83.0,14.352327346801758,64.0,19.546755856776542,110.39599722021848,1906.7623291015625,41.0,1.753862977027893,4.0,3.0,0.6838234181137837,13.047091484069824,38.0,"{""type"":""Point"",""coordinates"":[110.39770245236288,19.547899741492987]}"
3221,0.0,30.0,129.0,25.70868492126465,117.0,19.164971861025748,110.23430046907697,2227.55908203125,42.0,2.6290292739868164,4.0,2.0,0.6472127524367353,12.775527000427246,40.0,"{""type"":""Point"",""coordinates"":[110.23654126022254,19.164508681827975]}"
3222,0.0,27.0,351.0,41.601844787597656,285.0,19.4389580226822,109.47971563041654,1887.271728515625,50.0,10.565520286560059,5.0,3.0,0.6167829826019247,11.22673225402832,34.0,"{""type"":""Point"",""coordinates"":[109.48075011578484,19.437073410289617]}"
3223,0.0,31.0,484.0,45.297550201416016,477.0,18.706831066124792,110.07260371793546,2268.687744140625,44.0,7.8770599365234375,4.0,1.0,0.5883045801142556,11.425724983215332,45.0,"{""type"":""Point"",""coordinates"":[110.07074974601286,18.707980649502424]}"
3224,0.0,30.0,206.0,57.37986755371094,195.0,18.477760668674314,109.60997134661392,1970.134033203125,44.0,14.203398704528809,5.0,1.0,0.569471022319465,11.019973754882812,45.0,"{""type"":""Point"",""coordinates"":[109.61103909493413,18.47804791945286]}"
3225,0.0,27.0,245.0,15.326244354248047,109.0,19.232345507334713,109.41683356052818,1868.5733642578125,47.0,1.9514007568359375,3.0,2.0,0.63446560950493,12.999753952026367,37.0,"{""type"":""Point"",""coordinates"":[109.41486914776391,19.232027202540113]}"
3226,0.0,26.0,404.0,35.00056838989258,229.0,19.025732991987226,109.21022104518073,1721.322021484375,47.0,10.246965408325195,4.0,2.0,0.5825581108195608,11.219466209411621,39.0,"{""type"":""Point"",""coordinates"":[109.20972483716689,19.02505158993376]}"
3227,0.0,24.0,102.0,7.258056640625,86.0,19.564722162458935,109.48420720683714,1755.52685546875,53.0,0.5162250995635986,4.0,3.0,0.6712807965738775,14.420527458190918,34.0,"{""type"":""Point"",""coordinates"":[109.48226827373728,19.565212823682533]}"
3228,0.0,26.0,115.0,10.017047882080078,77.0,19.65455369087089,109.8031091326996,1720.4820556640625,53.0,1.2105218172073364,4.0,3.0,0.6804320907089654,13.560232162475586,33.0,"{""type"":""Point"",""coordinates"":[109.80407344585252,19.655531722080326]}"
3229,0.0,28.0,10.0,3.3234896659851074,13.0,18.513693280039092,108.81496232016809,1385.7965087890625,40.0,0.057359881699085236,3.0,1.0,0.7054035502528134,16.67201042175293,41.0,"{""type"":""Point"",""coordinates"":[108.81558712095955,18.513307281938545]}"
3230,0.0,22.0,18.0,2.8262224197387695,18.0,19.10658136755798,108.67123187470901,1160.739501953125,56.0,0.2373328059911728,2.0,2.0,0.6710538171631215,15.247283935546875,44.0,"{""type"":""Point"",""coordinates"":[108.66983730122072,19.10776371266461]}"
3231,0.0,26.0,448.0,37.104286193847656,255.0,19.030224568407817,109.21471262160128,1721.322021484375,50.0,12.075702667236328,5.0,2.0,0.5711554623244256,11.01784610748291,40.0,"{""type"":""Point"",""coordinates"":[109.2146521917714,19.031646338035323]}"
3232,0.0,27.0,90.0,9.18325424194336,70.0,19.614129503085508,110.05463741225304,1783.698486328125,42.0,0.7936368584632874,5.0,3.0,0.6911662497991735,13.99765396118164,34.0,"{""type"":""Point"",""coordinates"":[110.05268512184502,19.615568033050636]}"
3233,0.0,39.0,57.0,6.318787097930908,57.0,19.85667462979778,109.73573548639064,1324.2884521484375,34.0,1.2460882663726807,5.0,4.0,0.683252922363914,13.566082954406738,33.0,"{""type"":""Point"",""coordinates"":[109.73350016254886,19.858099735688587]}"
3234,0.0,25.0,34.0,5.828962326049805,34.0,19.83421674769479,109.99624691878529,1592.997802734375,51.0,0.4878055453300476,3.0,4.0,0.7317593383943088,14.261560440063477,32.0,"{""type"":""Point"",""coordinates"":[109.99543576674999,19.832919943622315]}"
3235,0.0,29.0,145.0,10.392280578613281,125.0,18.608016384871647,109.06649059972159,1652.80029296875,42.0,1.3882883787155151,4.0,1.0,0.5861022589948359,13.404668807983398,47.0,"{""type"":""Point"",""coordinates"":[109.06453770914432,18.6066580780782]}"
3236,0.0,30.0,44.0,7.263208866119385,44.0,19.600654773823713,109.34047676137806,1593.499755859375,44.0,0.7982211709022522,4.0,3.0,0.7063841580441288,14.019195556640625,35.0,"{""type"":""Point"",""coordinates"":[109.33892768351835,19.60046385398535]}"
3237,0.0,25.0,19.0,4.71737813949585,20.0,19.986930345995113,110.78676436881045,1453.577392578125,48.0,0.6803908348083496,2.0,4.0,0.6675542717436237,12.822628021240234,48.0,"{""type"":""Point"",""coordinates"":[110.78708166972457,19.986504864398764]}"
3238,0.0,29.0,31.0,5.272163391113281,31.0,19.955489311050925,109.93336484889693,1424.2783203125,41.0,0.62335205078125,2.0,4.0,0.701689166818347,14.001961708068848,37.0,"{""type"":""Point"",""coordinates"":[109.9328934747806,19.95512976222074]}"
3239,0.0,25.0,129.0,13.083226203918457,65.0,19.250311813017106,110.09955317645904,2133.71435546875,47.0,0.8758600354194641,4.0,2.0,0.6918876827320337,13.875314712524414,39.0,"{""type"":""Point"",""coordinates"":[110.10068337049867,19.25126852798253]}"
3240,0.0,26.0,32.0,3.4639346599578857,32.0,18.998783533463637,108.72962236817676,1279.768310546875,48.0,0.26840758323669434,2.0,2.0,0.6617630785411007,15.116132736206055,44.0,"{""type"":""Point"",""coordinates"":[108.72879310911384,18.998560678639027]}"
3241,0.0,25.0,3.0,3.4989638328552246,6.0,18.54513431498328,108.71614763891495,1263.4798583984375,51.0,0.32352638244628906,2.0,1.0,0.7090705293274395,14.856410026550293,40.0,"{""type"":""Point"",""coordinates"":[108.71478597920327,18.54603272276879]}"
3242,0.0,28.0,83.0,8.274988174438477,76.0,19.681503149394473,110.60710131198658,1716.0584716796875,46.0,0.9655730724334717,5.0,3.0,0.6760892335941292,13.355541229248047,35.0,"{""type"":""Point"",""coordinates"":[110.60617877340674,19.682420637691518]}"
3243,0.0,22.0,97.0,8.794283866882324,67.0,19.537772703935353,110.06811214151486,1946.6964111328125,54.0,0.5017907023429871,4.0,3.0,0.6953065011980856,14.45191478729248,36.0,"{""type"":""Point"",""coordinates"":[110.06754868616802,19.53866614694124]}"
3244,0.0,21.0,19.0,5.1675848960876465,18.0,19.681503149394473,109.4347998662106,1620.3160400390625,55.0,0.22943836450576782,3.0,3.0,0.752934272106801,15.280536651611328,32.0,"{""type"":""Point"",""coordinates"":[109.43507440634735,19.683099198643966]}"
3245,0.0,28.0,255.0,24.955469131469727,78.0,19.21887077807292,109.56954715882853,1914.7080078125,36.0,3.7534983158111572,4.0,2.0,0.6464029837377484,12.337909698486328,39.0,"{""type"":""Point"",""coordinates"":[109.56749748889217,19.221068038879416]}"
3246,0.0,22.0,100.0,7.9511566162109375,96.0,19.344634917849653,109.01259168267438,1631.560791015625,57.0,0.8794459104537964,2.0,3.0,0.6189974562550594,13.888938903808594,41.0,"{""type"":""Point"",""coordinates"":[109.01173266053696,19.346169082714805]}"
3247,0.0,25.0,197.0,10.947640419006348,193.0,18.42835332804774,109.31352730285442,1681.0557861328125,53.0,1.528460144996643,4.0,1.0,0.606389251157185,13.275545120239258,42.0,"{""type"":""Point"",""coordinates"":[109.31481747852719,18.426703317172635]}"
3248,0.0,24.0,50.0,7.63763427734375,50.0,18.504710127197903,109.84802489690554,1929.65087890625,51.0,0.33938121795654297,5.0,1.0,0.6818876608697412,14.870990753173828,44.0,"{""type"":""Point"",""coordinates"":[109.84690814173379,18.50543280313498]}"
3249,0.0,28.0,231.0,41.3261604309082,154.0,18.890985699369296,110.06362056509425,2042.27783203125,47.0,7.568498611450195,4.0,2.0,0.5871459092447345,11.648100852966309,46.0,"{""type"":""Point"",""coordinates"":[110.06558636389713,18.889396494205837]}"
3250,0.0,29.0,56.0,4.690908432006836,57.0,19.973455616733318,109.65488711081986,1097.9674072265625,41.0,1.3477989435195923,4.0,4.0,0.6553807535960288,13.211446762084961,36.0,"{""type"":""Point"",""coordinates"":[109.65566721894355,19.973831778354086]}"
3251,0.0,33.0,81.0,35.64358139038086,84.0,18.356488105318178,109.60098819377271,1811.5426025390625,38.0,7.718963623046875,4.0,0.0,0.6186090823689236,11.722233772277832,42.0,"{""type"":""Point"",""coordinates"":[109.60225464080871,18.356606341131076]}"
3252,0.0,26.0,10.0,3.5540976524353027,11.0,19.959980887471524,110.82269698017524,1401.7451171875,48.0,0.21604938805103302,2.0,4.0,0.6718708880131365,13.990078926086426,49.0,"{""type"":""Point"",""coordinates"":[110.822225859288,19.960523900656952]}"
3253,0.0,31.0,28.0,6.498702526092529,29.0,19.99142192241571,110.1624352463474,1466.8748779296875,44.0,1.0395559072494507,2.0,4.0,0.7054257611416992,13.39445686340332,37.0,"{""type"":""Point"",""coordinates"":[110.16184954519596,19.989538696913744]}"
3254,0.0,35.0,149.0,12.272968292236328,124.0,19.528789551094157,110.45438771368623,1918.41796875,37.0,1.4410330057144165,4.0,3.0,0.6372588850616674,13.069467544555664,39.0,"{""type"":""Point"",""coordinates"":[110.456453112855,19.529089278986895]}"
3255,0.0,29.0,541.0,29.113731384277344,498.0,18.760729983171963,109.67285341650228,1805.6729736328125,44.0,7.4166741371154785,5.0,1.0,0.5572343606162315,11.440675735473633,46.0,"{""type"":""Point"",""coordinates"":[109.67284449312629,18.759200320036634]}"
3256,0.0,19.0,120.0,13.587711334228516,53.0,19.55573900961774,109.753701792073,1785.910400390625,55.0,1.6159969568252563,3.0,3.0,0.699404618588063,13.268156051635742,35.0,"{""type"":""Point"",""coordinates"":[109.75299261773633,19.5556398076835]}"
3257,0.0,27.0,74.0,9.232339859008789,44.0,19.560230586038337,109.91539854321451,1827.8643798828125,46.0,0.7613216638565063,4.0,3.0,0.7230972285032589,14.048810005187988,34.0,"{""type"":""Point"",""coordinates"":[109.91377441849706,19.559157031787688]}"
3258,0.0,25.0,3.0,4.0363264083862305,4.0,20.018371380939293,110.43192983158326,1459.57275390625,41.0,0.191916361451149,2.0,4.0,0.7236027983016543,14.52359676361084,40.0,"{""type"":""Point"",""coordinates"":[110.43166024562436,20.016218864947533]}"
3259,0.0,24.0,20.0,3.7650506496429443,20.0,18.93590146357527,108.70267290965319,1293.1363525390625,49.0,0.3241816759109497,2.0,2.0,0.6675688207347096,14.934284210205078,46.0,"{""type"":""Point"",""coordinates"":[108.70460286876205,18.93767538620165]}"
3260,0.0,24.0,29.0,7.873612880706787,29.0,19.703961031497464,109.33149360853685,1468.3585205078125,51.0,1.1793540716171265,2.0,3.0,0.7225826761876709,13.637526512145996,33.0,"{""type"":""Point"",""coordinates"":[109.33277179398743,19.70349572847009]}"
3261,0.0,31.0,151.0,10.7347412109375,122.0,18.661915301918818,109.73124390997003,2052.630615234375,43.0,0.7296386957168579,6.0,1.0,0.6089999933480585,14.044347763061523,48.0,"{""type"":""Point"",""coordinates"":[109.73018910594834,18.662384060717773]}"
3262,0.0,26.0,104.0,29.732757568359375,104.0,18.423861751627143,109.14733897529231,1610.043212890625,47.0,7.857094764709473,4.0,1.0,0.5923902133848364,11.69041633605957,41.0,"{""type"":""Point"",""coordinates"":[109.14826914366846,18.42516617202996]}"
3263,0.0,20.0,199.0,12.665430068969727,197.0,18.513693280039092,109.11140636392759,1695.278564453125,60.0,1.8703908920288086,3.0,1.0,0.5918436626944854,13.072253227233887,45.0,"{""type"":""Point"",""coordinates"":[109.11275155931438,18.512766715812585]}"
3264,0.0,31.0,317.0,18.928388595581055,139.0,19.169463437446346,109.52013981820193,1856.2041015625,38.0,2.8661551475524902,4.0,2.0,0.6313836841029139,12.565926551818848,36.0,"{""type"":""Point"",""coordinates"":[109.52077886487106,19.16739317191265]}"
3265,0.0,26.0,62.0,11.324851036071777,60.0,18.549625891403878,109.89294066111154,1854.4718017578125,45.0,1.060341715812683,4.0,1.0,0.6487215222121185,13.724590301513672,47.0,"{""type"":""Point"",""coordinates"":[109.89207182137787,18.54998392090472]}"
3266,0.0,28.0,21.0,9.40374755859375,21.0,19.60963792666491,110.6879496875573,1746.6864013671875,49.0,1.2113572359085083,6.0,3.0,0.7516900404153489,13.185348510742188,33.0,"{""type"":""Point"",""coordinates"":[110.68710088675284,19.610110096506734]}"
3267,0.0,26.0,138.0,53.992252349853516,49.0,18.926918310734074,110.08607844719722,2183.109619140625,45.0,8.631254196166992,3.0,2.0,0.6654004559224217,11.574288368225098,43.0,"{""type"":""Point"",""coordinates"":[110.08536627728125,18.92549333011073]}"
3268,0.0,29.0,35.0,7.627041816711426,28.0,18.90446042863109,110.28819938612412,2116.031494140625,46.0,0.1824478805065155,5.0,2.0,0.7102639606042634,15.500432968139648,46.0,"{""type"":""Point"",""coordinates"":[110.29022875890756,18.90252504439829]}"
3269,0.0,32.0,85.0,10.605063438415527,74.0,19.591671620982524,110.58015185346295,1895.59814453125,41.0,1.1709191799163818,7.0,3.0,0.6941718010117506,13.16079330444336,34.0,"{""type"":""Point"",""coordinates"":[110.57886204581521,19.59319555558079]}"
3270,0.0,25.0,126.0,10.886672973632812,97.0,19.0706487561932,109.0260664119362,1636.806396484375,54.0,1.627806544303894,3.0,2.0,0.6192902571868404,13.257187843322754,40.0,"{""type"":""Point"",""coordinates"":[109.02704548670211,19.07117158677533]}"
3271,0.0,25.0,154.0,8.034592628479004,136.0,18.54513431498328,109.0709821761422,1563.819580078125,55.0,1.1167073249816895,2.0,1.0,0.5842115275290214,13.616808891296387,46.0,"{""type"":""Point"",""coordinates"":[109.06939060742867,18.546170106728468]}"
3272,0.0,26.0,2.0,2.924309492111206,5.0,18.5092017036185,108.7071644860738,1263.4798583984375,49.0,0.12097746878862381,2.0,1.0,0.7153156349421216,15.840720176696777,39.0,"{""type"":""Point"",""coordinates"":[108.70760334305086,18.51021274429349]}"
3273,0.0,27.0,5.0,3.88840389251709,6.0,20.031846110201087,110.60710131198658,1433.5054931640625,40.0,0.25131329894065857,2.0,4.0,0.6973120175780108,13.849957466125488,45.0,"{""type"":""Point"",""coordinates"":[110.60572131961956,20.03164206342534]}"
3274,0.0,35.0,136.0,14.723716735839844,126.0,19.470399057626388,110.53972766567762,1935.4969482421875,38.0,1.9730377197265625,5.0,3.0,0.6335537070061628,12.76590633392334,40.0,"{""type"":""Point"",""coordinates"":[110.53949210300122,19.468553445654702]}"
3275,0.0,43.0,36.0,9.677177429199219,22.0,19.730910490021046,109.97378903668232,1739.8929443359375,34.0,1.2198697328567505,5.0,3.0,0.748411131178809,13.599668502807617,33.0,"{""type"":""Point"",""coordinates"":[109.97224094568607,19.73153682239381]}"
3276,0.0,30.0,288.0,22.015628814697266,119.0,19.15598870818455,109.63692080513749,1926.685546875,38.0,3.1960182189941406,4.0,2.0,0.6226906546136894,12.47679615020752,39.0,"{""type"":""Point"",""coordinates"":[109.6375584874725,19.15398038587203]}"
3277,0.0,32.0,416.0,34.714412689208984,351.0,18.549625891403878,109.52463139462253,1801.074951171875,42.0,9.494808197021484,6.0,1.0,0.5501426357203048,11.288289070129395,48.0,"{""type"":""Point"",""coordinates"":[109.5265771398764,18.550713462690336]}"
3278,0.0,25.0,38.0,5.825061321258545,38.0,19.86116620621838,109.83455016764378,1427.4068603515625,51.0,0.7295568585395813,3.0,4.0,0.7073613800668134,14.112661361694336,34.0,"{""type"":""Point"",""coordinates"":[109.83509313438951,19.860559652401946]}"
3279,0.0,22.0,123.0,8.930976867675781,97.0,19.587180044561926,109.56954715882853,1710.1636962890625,55.0,0.9176799058914185,4.0,3.0,0.6491546292117606,13.832354545593262,35.0,"{""type"":""Point"",""coordinates"":[109.57092033671071,19.585221246506805]}"
3280,0.0,23.0,12.0,6.670523643493652,15.0,18.97183407494005,110.50828663073344,1741.1063232421875,49.0,0.36841607093811035,3.0,2.0,0.7279231959777549,14.79183292388916,40.0,"{""type"":""Point"",""coordinates"":[110.50851384730242,18.971239617421364]}"
3281,0.0,25.0,47.0,5.1396331787109375,43.0,19.227853930914115,108.81496232016809,1512.93310546875,50.0,0.38942861557006836,2.0,2.0,0.6623366214727249,14.735191345214844,44.0,"{""type"":""Point"",""coordinates"":[108.81308833572935,19.227713530431014]}"
3282,0.0,25.0,47.0,10.62526798248291,24.0,19.650062114450293,109.96480588384111,1729.659912109375,46.0,1.1697921752929688,5.0,3.0,0.7536800775278995,13.635167121887207,31.0,"{""type"":""Point"",""coordinates"":[109.9664960574213,19.651717705958177]}"
3283,0.0,23.0,100.0,10.185399055480957,47.0,19.66353684371208,109.71776918070822,1665.161376953125,54.0,1.299168348312378,3.0,3.0,0.7147238997421939,13.498658180236816,32.0,"{""type"":""Point"",""coordinates"":[109.7177066630416,19.66324059109413]}"
3284,0.0,30.0,7.0,3.72739577293396,9.0,19.641078961609097,110.81820540375463,1479.2733154296875,44.0,0.13463661074638367,8.0,3.0,0.7281153821545482,14.935236930847168,39.0,"{""type"":""Point"",""coordinates"":[110.81685056068457,19.642071927679176]}"
3285,0.0,27.0,100.0,8.417013168334961,59.0,19.41200856415862,110.23430046907697,2116.610107421875,43.0,0.2499380260705948,4.0,3.0,0.7063155181840093,15.147089958190918,38.0,"{""type"":""Point"",""coordinates"":[110.2332977391719,19.41124189087568]}"
3286,0.0,23.0,80.0,11.766514778137207,76.0,19.434466446261602,109.10691478750698,1637.685546875,52.0,1.704789638519287,2.0,3.0,0.6755021282308924,13.238850593566895,33.0,"{""type"":""Point"",""coordinates"":[109.10597319978456,19.43429804746953]}"
3287,0.0,25.0,302.0,12.881928443908691,200.0,19.173955013866944,109.88844908469093,2010.72998046875,51.0,1.1593774557113647,4.0,2.0,0.6340728331686211,13.482110977172852,39.0,"{""type"":""Point"",""coordinates"":[109.88751280027532,19.17297826227284]}"
3288,0.0,23.0,152.0,9.749566078186035,80.0,19.33116018858786,109.30005257359267,1761.86865234375,54.0,1.0048729181289673,3.0,3.0,0.6594182283928137,13.723607063293457,37.0,"{""type"":""Point"",""coordinates"":[109.29866249166447,19.33018438809051]}"
3289,0.0,24.0,157.0,45.7170524597168,157.0,18.369962834579972,109.55607242956671,1881.7723388671875,50.0,10.292759895324707,3.0,1.0,0.591140770653754,11.383161544799805,42.0,"{""type"":""Point"",""coordinates"":[109.55570726084001,18.370190302449302]}"
3290,0.0,30.0,146.0,9.809992790222168,134.0,19.52429797467356,110.55320239493938,1916.2930908203125,43.0,0.8691670894622803,5.0,3.0,0.6489018808313273,13.577692985534668,37.0,"{""type"":""Point"",""coordinates"":[110.55157740728734,19.52405418789202]}"
3291,0.0,23.0,20.0,9.267162322998047,13.0,19.147005555343355,110.3196404210683,2209.08203125,48.0,0.25058260560035706,3.0,2.0,0.7582529030214814,15.191804885864258,40.0,"{""type"":""Point"",""coordinates"":[110.3208836722108,19.148190767140694]}"
3292,0.0,30.0,23.0,17.74639892578125,21.0,19.29971915364368,110.46337086652744,2117.071533203125,37.0,1.559291958808899,5.0,3.0,0.7487538798612994,13.342361450195312,38.0,"{""type"":""Point"",""coordinates"":[110.46114168703687,19.299785065421318]}"
3293,0.0,30.0,64.0,11.811702728271484,30.0,18.666406878339416,109.68632814576404,1999.1298828125,42.0,0.9338601231575012,5.0,1.0,0.6873613185236642,13.850451469421387,48.0,"{""type"":""Point"",""coordinates"":[109.68610305176904,18.66450534435456]}"
3294,0.0,28.0,401.0,52.75959014892578,348.0,19.0751403326138,110.0007384952059,2187.55029296875,46.0,10.274290084838867,4.0,2.0,0.5852866850326697,11.218968391418457,44.0,"{""type"":""Point"",""coordinates"":[110.00029487886549,19.074667734890305]}"
3295,0.0,24.0,136.0,11.791229248046875,61.0,19.34912649427025,110.02768795372947,2138.688232421875,51.0,0.7092159986495972,4.0,3.0,0.7013500718494883,14.08206558227539,38.0,"{""type"":""Point"",""coordinates"":[110.02675654009423,19.34998999747241]}"
3296,0.0,24.0,109.0,6.518008232116699,73.0,19.474890634046986,109.385392525584,1727.7811279296875,54.0,0.4180760979652405,3.0,3.0,0.6876909409732969,14.627164840698242,33.0,"{""type"":""Point"",""coordinates"":[109.3862686972598,19.474718482906432]}"
3297,0.0,35.0,167.0,22.54901695251465,119.0,19.46141590478519,109.9513311545793,1973.2366943359375,37.0,3.1623198986053467,4.0,3.0,0.6418868776527064,12.566829681396484,37.0,"{""type"":""Point"",""coordinates"":[109.95350379794631,19.46241310908101]}"
3298,0.0,24.0,116.0,9.445898056030273,83.0,19.618621079506106,109.5964966173521,1681.6812744140625,52.0,1.096488118171692,4.0,3.0,0.6628281785848409,13.658587455749512,35.0,"{""type"":""Point"",""coordinates"":[109.5943715568421,19.61913242119622]}"
3299,0.0,24.0,124.0,11.084049224853516,66.0,19.569213738879533,109.62344607587568,1742.6309814453125,54.0,1.3500375747680664,3.0,3.0,0.6832547473312182,13.445602416992188,35.0,"{""type"":""Point"",""coordinates"":[109.62179824492429,19.57129984366523]}"
3300,0.0,31.0,425.0,29.435840606689453,294.0,19.227853930914115,109.6414123815581,1901.8018798828125,41.0,5.9941511154174805,4.0,2.0,0.6085843672120073,11.74704647064209,38.0,"{""type"":""Point"",""coordinates"":[109.63950308109884,19.22645589413379]}"
3301,0.0,26.0,59.0,6.605280876159668,59.0,19.38056752921443,108.98564222415081,1627.9415283203125,51.0,0.5851167440414429,2.0,3.0,0.6723307286455074,14.320978164672852,39.0,"{""type"":""Point"",""coordinates"":[108.98533152234275,19.378423544477837]}"
3302,0.0,31.0,347.0,29.414976119995117,294.0,18.96285092209886,108.91377700142124,1553.8275146484375,43.0,10.506328582763672,7.0,2.0,0.5652271876711583,11.235329627990723,42.0,"{""type"":""Point"",""coordinates"":[108.91298407082637,18.962084785966418]}"
3303,0.0,30.0,321.0,24.72308349609375,192.0,18.810137323798536,109.20123789233952,1795.33447265625,40.0,4.868442058563232,5.0,1.0,0.5818884994284237,12.031756401062012,45.0,"{""type"":""Point"",""coordinates"":[109.20218719946521,18.808632193310824]}"
3304,0.0,30.0,38.0,6.454876899719238,36.0,19.77582625422702,110.42743825516266,1730.27587890625,41.0,0.42176657915115356,7.0,4.0,0.7318622008279425,14.387289047241211,34.0,"{""type"":""Point"",""coordinates"":[110.425400513284,19.7776388495403]}"
3305,0.0,26.0,84.0,10.565558433532715,75.0,19.429974869841004,109.15632212813352,1751.7978515625,48.0,1.1682333946228027,3.0,3.0,0.6857427484675553,13.614561080932617,33.0,"{""type"":""Point"",""coordinates"":[109.1553216273391,19.431239863345585]}"
3306,0.0,23.0,8.0,4.604931831359863,8.0,18.360979681738776,109.17428843381595,1532.3353271484375,51.0,0.21028883755207062,2.0,1.0,0.7187250610105662,15.374017715454102,41.0,"{""type"":""Point"",""coordinates"":[109.1745631516146,18.36264828833716]}"
3307,0.0,33.0,596.0,18.31287956237793,394.0,19.12454767324037,109.31352730285442,1666.563232421875,39.0,4.563845634460449,6.0,2.0,0.5821038919422102,11.883249282836914,40.0,"{""type"":""Point"",""coordinates"":[109.31376555988653,19.125994526369762]}"
3308,0.0,30.0,500.0,29.663293838500977,465.0,18.82810362948093,108.90030227215948,1506.3646240234375,46.0,13.368572235107422,9.0,2.0,0.5472119667518887,10.872021675109863,42.0,"{""type"":""Point"",""coordinates"":[108.89812517946396,18.828096494641358]}"
3309,0.0,28.0,551.0,30.541202545166016,497.0,18.666406878339416,109.55607242956671,1804.6744384765625,48.0,8.329109191894531,4.0,1.0,0.5532445516948588,11.314886093139648,46.0,"{""type"":""Point"",""coordinates"":[109.554681608512,18.665748002788803]}"
3310,0.0,29.0,343.0,44.03974914550781,165.0,19.151497131763954,109.52013981820193,1856.2041015625,41.0,11.490696907043457,4.0,2.0,0.5940143908152027,11.14637565612793,38.0,"{""type"":""Point"",""coordinates"":[109.52130129855033,19.152900158608094]}"
3311,0.0,27.0,108.0,11.482654571533203,104.0,19.52429797467356,109.34496833779866,1603.7030029296875,48.0,1.8246302604675293,3.0,3.0,0.6277395198879803,13.153984069824219,37.0,"{""type"":""Point"",""coordinates"":[109.34308287966365,19.523966134435522]}"
3312,0.0,25.0,15.0,3.3282244205474854,18.0,18.581066926348058,108.76555497954155,1267.2271728515625,51.0,0.2501368224620819,3.0,1.0,0.678409885911728,15.196467399597168,44.0,"{""type"":""Point"",""coordinates"":[108.76600683184968,18.582222562068743]}"
3314,0.0,24.0,94.0,6.663334846496582,50.0,19.623112655926704,109.63242922871689,1725.31591796875,52.0,0.430110365152359,3.0,3.0,0.7095137964204956,14.607873916625977,34.0,"{""type"":""Point"",""coordinates"":[109.63162260263566,19.624848791039653]}"
3315,0.0,32.0,51.0,8.841787338256836,46.0,19.340143341429055,110.43642140800387,2188.79833984375,37.0,0.2596603035926819,4.0,3.0,0.7192334265053962,15.118566513061523,40.0,"{""type"":""Point"",""coordinates"":[110.43618890240488,19.339759606627876]}"
3316,0.0,22.0,107.0,5.471210956573486,57.0,19.672519996553277,109.73573548639064,1665.161376953125,54.0,0.2503204643726349,3.0,3.0,0.7023735904362012,15.141314506530762,33.0,"{""type"":""Point"",""coordinates"":[109.73463140880324,19.672543612608305]}"
3317,0.0,26.0,117.0,6.537816524505615,110.0,19.55124743319714,109.41234198410757,1726.7203369140625,51.0,0.42992186546325684,3.0,3.0,0.6437646493422655,14.594343185424805,36.0,"{""type"":""Point"",""coordinates"":[109.41207234252016,19.549802571516242]}"
3318,0.0,29.0,5.0,3.9519600868225098,6.0,19.99591349883631,110.45438771368623,1534.7177734375,40.0,0.08376140892505646,2.0,4.0,0.7261815000519491,15.34974193572998,40.0,"{""type"":""Point"",""coordinates"":[110.4554119814481,19.99531716336435]}"
3319,0.0,22.0,135.0,8.494422912597656,105.0,19.600654773823713,109.86149962616736,1744.9964599609375,55.0,0.7657894492149353,4.0,3.0,0.6477027731104226,14.005928039550781,35.0,"{""type"":""Point"",""coordinates"":[109.86019525325025,19.599932659639844]}"
3320,0.0,26.0,18.0,8.35434627532959,18.0,19.0751403326138,110.39150564379787,2123.759033203125,47.0,0.24276845157146454,4.0,2.0,0.7485168238575967,15.224639892578125,40.0,"{""type"":""Point"",""coordinates"":[110.39278304074558,19.07523883303804]}"
3321,0.0,33.0,88.0,5.641244888305664,86.0,19.452432751943995,109.0754737525628,1531.3314208984375,42.0,0.5504704117774963,3.0,3.0,0.6533953169414534,14.36474323272705,35.0,"{""type"":""Point"",""coordinates"":[109.07341159878231,19.452036620750555]}"
3322,0.0,26.0,48.0,14.346694946289062,38.0,19.034716144828415,110.31065726822715,2036.39697265625,46.0,1.2180511951446533,4.0,2.0,0.7019769643247247,13.59414291381836,43.0,"{""type"":""Point"",""coordinates"":[110.31114152433555,19.03622113746978]}"
3323,0.0,26.0,17.0,11.938249588012695,17.0,19.232345507334713,110.50828663073344,2140.2607421875,49.0,0.7312175035476685,5.0,2.0,0.7538910130152998,14.103361129760742,39.0,"{""type"":""Point"",""coordinates"":[110.51023658436617,19.232520119071584]}"
3324,0.0,26.0,63.0,6.372885227203369,49.0,19.645570538029695,110.48582874863041,1838.9202880859375,45.0,0.23738433420658112,4.0,3.0,0.7252767016866797,14.94271469116211,33.0,"{""type"":""Point"",""coordinates"":[110.48476579440312,19.64629099139869]}"
3325,0.0,21.0,98.0,7.614175319671631,80.0,19.281752847961286,109.03504956477741,1655.970947265625,59.0,0.7609136700630188,4.0,3.0,0.6402545271907513,14.034940719604492,41.0,"{""type"":""Point"",""coordinates"":[109.03352374893223,19.280012218323275]}"
3326,0.0,28.0,537.0,29.12542152404785,530.0,18.643948996236425,108.85538650795348,1410.6121826171875,49.0,16.201854705810547,5.0,1.0,0.506955954993796,10.641022682189941,47.0,"{""type"":""Point"",""coordinates"":[108.85398811806834,18.642990946278168]}"
3327,0.0,23.0,28.0,6.803767681121826,28.0,18.338521799635792,109.35844306706042,1656.03173828125,52.0,0.5350990891456604,4.0,0.0,0.7208724850829993,14.428488731384277,37.0,"{""type"":""Point"",""coordinates"":[109.35706918291656,18.33750004900877]}"
3328,0.0,29.0,707.0,39.955440521240234,601.0,18.675390031180612,109.38090094916339,1837.9072265625,49.0,15.111846923828125,6.0,1.0,0.5327527000589818,10.563532829284668,45.0,"{""type"":""Point"",""coordinates"":[109.38307612479164,18.675935630003867]}"
3329,0.0,28.0,751.0,43.20541763305664,697.0,19.084123485454995,109.11589794034813,1722.4847412109375,48.0,21.38942527770996,7.0,2.0,0.5296523649272371,10.148642539978027,40.0,"{""type"":""Point"",""coordinates"":[109.11780250116692,19.084215070734384]}"
3330,0.0,26.0,91.0,28.334308624267578,91.0,18.495726974356707,109.77166809775542,1802.8907470703125,53.0,5.629261016845703,4.0,1.0,0.6120195558184984,12.034784317016602,43.0,"{""type"":""Point"",""coordinates"":[109.77126964252489,18.493724141744124]}"
3331,0.0,26.0,148.0,9.076233863830566,78.0,18.899968852210492,108.98564222415081,1604.369140625,46.0,1.172387719154358,4.0,2.0,0.634864145149725,13.57188606262207,41.0,"{""type"":""Point"",""coordinates"":[108.98594317647849,18.89785054765036]}"
3332,0.0,27.0,338.0,66.07058715820312,282.0,19.434466446261602,110.06362056509425,2238.54931640625,49.0,13.498806953430176,4.0,3.0,0.6125149906071318,10.983642578125,37.0,"{""type"":""Point"",""coordinates"":[110.06538114201285,19.435413304033794]}"
3333,0.0,27.0,23.0,14.265209197998047,23.0,18.554117467824476,109.9513311545793,1855.76416015625,45.0,1.6102054119110107,4.0,1.0,0.6991976025671015,13.329485893249512,45.0,"{""type"":""Point"",""coordinates"":[109.95200110918469,18.552516702801572]}"
3334,0.0,29.0,289.0,31.380834579467773,161.0,18.886494122948697,109.85700804974675,1967.574951171875,47.0,5.690423011779785,4.0,2.0,0.5858016647039187,11.896976470947266,46.0,"{""type"":""Point"",""coordinates"":[109.85649091499234,18.888247554616235]}"
3335,0.0,24.0,122.0,9.961227416992188,67.0,19.38056752921443,109.91989011963511,2000.3001708984375,49.0,0.6080313920974731,4.0,3.0,0.6876616321894707,14.244638442993164,38.0,"{""type"":""Point"",""coordinates"":[109.92050114240722,19.3821392134945]}"
3336,0.0,29.0,484.0,40.55824279785156,383.0,19.250311813017106,109.26861153864849,1811.13720703125,48.0,12.932044982910156,4.0,2.0,0.5797435625094464,10.919114112854004,38.0,"{""type"":""Point"",""coordinates"":[109.26864915436931,19.249084749816948]}"
3337,0.0,27.0,366.0,29.20872688293457,250.0,19.205396048811124,109.26861153864849,1766.2742919921875,51.0,7.3005499839782715,5.0,2.0,0.6014259794560625,11.591607093811035,38.0,"{""type"":""Point"",""coordinates"":[109.26850491891672,19.207215881933276]}"
3338,0.0,25.0,142.0,7.713873863220215,96.0,19.528789551094157,109.58751346451089,1698.8143310546875,52.0,0.7144662141799927,2.0,3.0,0.6476830704534994,14.070969581604004,35.0,"{""type"":""Point"",""coordinates"":[109.58813239446998,19.52767650201683]}"
3339,0.0,27.0,1175.0,24.89285659790039,1042.0,19.093106638296184,109.21022104518073,1673.5738525390625,47.0,16.274930953979492,8.0,2.0,0.5178989123621831,9.89161491394043,40.0,"{""type"":""Point"",""coordinates"":[109.2096291227634,19.091416241125195]}"
3340,0.0,29.0,749.0,25.9985294342041,526.0,18.805645747377937,109.55607242956671,1679.999755859375,48.0,9.65022087097168,5.0,1.0,0.5273701360415716,10.985062599182129,47.0,"{""type"":""Point"",""coordinates"":[109.55769664798002,18.807624523380408]}"
3341,0.0,23.0,18.0,5.488373756408691,9.0,19.677011572973875,110.28370780970351,1762.8253173828125,48.0,0.12989021837711334,2.0,3.0,0.7845599702386278,15.580288887023926,29.0,"{""type"":""Point"",""coordinates"":[110.28394508886818,19.675277561846585]}"
3342,0.0,29.0,249.0,25.93570899963379,245.0,18.832595205901526,108.8194538965887,1380.1129150390625,43.0,10.86950397491455,5.0,2.0,0.5500595151934223,11.26797103881836,44.0,"{""type"":""Point"",""coordinates"":[108.81824579451425,18.833263544017953]}"
3344,0.0,32.0,382.0,23.264842987060547,371.0,18.608016384871647,108.97665907130965,1617.048095703125,37.0,6.231771469116211,5.0,1.0,0.5462977662336623,11.739763259887695,49.0,"{""type"":""Point"",""coordinates"":[108.97596271504744,18.606578476535383]}"
3345,0.0,26.0,26.0,4.927978992462158,26.0,18.841578358742723,108.72962236817676,1329.783935546875,46.0,0.6314336061477661,3.0,2.0,0.6758509794340882,14.2640962600708,43.0,"{""type"":""Point"",""coordinates"":[108.72982367600942,18.843274283668677]}"
3346,0.0,24.0,111.0,7.388575077056885,84.0,19.57370531530013,110.01870480088826,1876.195556640625,49.0,0.34965917468070984,4.0,3.0,0.6807784118323483,14.804656982421875,34.0,"{""type"":""Point"",""coordinates"":[110.01901813536077,19.57458452827769]}"
3347,0.0,29.0,514.0,46.72594451904297,476.0,19.039207721249014,110.06362056509425,2215.62158203125,45.0,8.868278503417969,4.0,2.0,0.5759677171406823,11.281553268432617,46.0,"{""type"":""Point"",""coordinates"":[110.06194057098496,19.040726067485643]}"
3348,0.0,27.0,80.0,22.32224464416504,83.0,18.338521799635792,109.56056400598732,1692.497314453125,46.0,4.345151901245117,4.0,0.0,0.6281685864628339,12.301607131958008,41.0,"{""type"":""Point"",""coordinates"":[109.56251411152321,18.34038889263073]}"
3349,0.0,25.0,32.0,6.76564359664917,35.0,18.85056151158392,110.36006460885369,1956.7330322265625,49.0,0.1720791757106781,2.0,2.0,0.6863884923437247,15.560688972473145,47.0,"{""type"":""Point"",""coordinates"":[110.36000195344918,18.850889446178847]}"
3350,0.0,24.0,255.0,39.35513687133789,254.0,18.63496584339523,110.05014583583244,2075.025390625,49.0,6.409499645233154,3.0,1.0,0.5946893152364849,11.800065994262695,45.0,"{""type"":""Point"",""coordinates"":[110.04842056457747,18.636202091868107]}"
3351,0.0,28.0,159.0,20.39337921142578,85.0,19.389550682055628,109.82556701480257,1993.51513671875,44.0,2.473719835281372,3.0,3.0,0.6617376638779714,12.817841529846191,37.0,"{""type"":""Point"",""coordinates"":[109.82615541715008,19.38793589929014]}"
3352,0.0,25.0,198.0,16.329544067382812,69.0,18.79666259453675,109.21022104518073,1685.226806640625,51.0,2.8685379028320312,3.0,1.0,0.6268949925735564,12.644761085510254,44.0,"{""type"":""Point"",""coordinates"":[109.20837332495923,18.79482857218392]}"
3353,0.0,22.0,15.0,4.5071516036987305,15.0,19.71294418433866,109.42132513694878,1571.9744873046875,52.0,0.13468605279922485,2.0,3.0,0.7576148921471332,15.815533638000488,31.0,"{""type"":""Point"",""coordinates"":[109.42312209182069,19.71380425037839]}"
3354,0.0,20.0,4.0,7.923490047454834,7.0,18.91344358147228,110.4813371722098,1885.420654296875,49.0,0.36829036474227905,2.0,2.0,0.7318620044250648,14.796850204467773,43.0,"{""type"":""Point"",""coordinates"":[110.47971770690565,18.91457754708508]}"
3355,0.0,27.0,122.0,16.66191291809082,66.0,19.41200856415862,110.09955317645904,2238.54931640625,43.0,1.1917413473129272,4.0,3.0,0.7005491788833106,13.571587562561035,38.0,"{""type"":""Point"",""coordinates"":[110.09987504294517,19.413763394291426]}"
3356,0.0,23.0,14.0,4.6514892578125,12.0,18.729288948227783,108.70267290965319,1349.4239501953125,49.0,0.4845257103443146,2.0,1.0,0.6930430600799329,14.535862922668457,43.0,"{""type"":""Point"",""coordinates"":[108.70274644141635,18.728600823428206]}"
3357,0.0,31.0,684.0,40.99594497680664,514.0,18.98980038062244,109.3898841020046,1756.50439453125,37.0,16.20178985595703,8.0,2.0,0.5410399621793722,10.512070655822754,42.0,"{""type"":""Point"",""coordinates"":[109.39006689851448,18.991366310829196]}"
3358,0.0,27.0,296.0,34.660160064697266,270.0,18.76522155959256,110.07260371793546,2065.406005859375,49.0,5.736109256744385,4.0,1.0,0.5861225274079948,11.884130477905273,47.0,"{""type"":""Point"",""coordinates"":[110.07110854757727,18.764062311129692]}"
3359,0.0,25.0,59.0,8.694050788879395,41.0,19.659045267291482,110.05463741225304,1816.8760986328125,49.0,0.6695185303688049,4.0,3.0,0.7359133842786271,14.186220169067383,32.0,"{""type"":""Point"",""coordinates"":[110.05315698635107,19.65738691058801]}"
3360,0.0,29.0,157.0,26.08343505859375,134.0,18.527168009300887,109.5964966173521,1933.6064453125,44.0,4.0357818603515625,5.0,1.0,0.5978564657442255,12.328585624694824,46.0,"{""type"":""Point"",""coordinates"":[109.59849027818127,18.529230888726882]}"
3361,0.0,24.0,32.0,6.295468807220459,23.0,19.614129503085508,110.3690477616949,1790.65234375,51.0,0.2931901216506958,3.0,3.0,0.7389050050413268,14.75551986694336,36.0,"{""type"":""Point"",""coordinates"":[110.37055513419608,19.614068122675473]}"
3362,0.0,25.0,68.0,7.587448596954346,71.0,18.65742372549822,108.79250443806512,1370.73193359375,51.0,1.4183125495910645,2.0,1.0,0.6180669546718198,13.43006706237793,44.0,"{""type"":""Point"",""coordinates"":[108.7918097394212,18.65548264601131]}"
3363,0.0,28.0,246.0,27.141571044921875,228.0,19.205396048811124,110.166926822768,2268.6474609375,44.0,2.8064918518066406,4.0,2.0,0.6373258064874648,12.635289192199707,41.0,"{""type"":""Point"",""coordinates"":[110.16522758042018,19.203776804166683]}"
3364,0.0,26.0,138.0,36.22584533691406,103.0,18.944884616416466,110.14896051708558,2021.0389404296875,48.0,5.833299160003662,5.0,2.0,0.5977341956992226,11.970236778259277,46.0,"{""type"":""Point"",""coordinates"":[110.14738452115614,18.942753291070343]}"
3365,0.0,24.0,44.0,4.62172794342041,47.0,18.616999537712843,108.77902970880336,1290.8375244140625,49.0,0.6079595685005188,2.0,1.0,0.6394988195327019,14.291500091552734,45.0,"{""type"":""Point"",""coordinates"":[108.7768437881285,18.615686482892713]}"
3366,0.0,32.0,111.0,39.73765182495117,103.0,19.317685459326064,110.3241319974889,2207.088134765625,39.0,5.320509433746338,5.0,3.0,0.6513711204084905,12.079423904418945,37.0,"{""type"":""Point"",""coordinates"":[110.32588133719055,19.318452406839036]}"
3367,0.0,24.0,37.0,8.396517753601074,38.0,18.96285092209886,110.3645561852743,2064.3056640625,51.0,0.3086314797401428,4.0,2.0,0.7123909155866648,14.973578453063965,42.0,"{""type"":""Point"",""coordinates"":[110.36559060712825,18.964518707300684]}"
3368,0.0,28.0,411.0,51.71517562866211,389.0,18.976325651360646,110.23879204549758,2248.53173828125,44.0,9.043302536010742,4.0,2.0,0.5872608081166064,11.341606140136719,45.0,"{""type"":""Point"",""coordinates"":[110.23812364138544,18.9760945876676]}"
3369,0.0,29.0,1.0,4.467172145843506,2.0,19.91057354684495,110.61159288840719,1556.882568359375,41.0,0.22943836450576782,5.0,4.0,0.7162113060517267,14.347957611083984,44.0,"{""type"":""Point"",""coordinates"":[110.60989215693306,19.91254387701329]}"
3370,0.0,26.0,277.0,40.29096221923828,257.0,19.164971861025748,109.04852429403917,1710.9918212890625,54.0,13.0685453414917,4.0,2.0,0.5727285559779001,11.05946159362793,41.0,"{""type"":""Point"",""coordinates"":[109.04963150949897,19.16435223833894]}"
3372,0.0,24.0,207.0,14.7052640914917,99.0,19.27276969512009,109.36293464348103,1821.4259033203125,53.0,1.9465405941009521,4.0,2.0,0.6225694679417444,13.027153015136719,40.0,"{""type"":""Point"",""coordinates"":[109.36186596379547,19.27097309386061]}"
3373,0.0,31.0,187.0,32.019866943359375,181.0,18.423861751627143,109.54259770030495,1757.9405517578125,41.0,7.462297439575195,5.0,1.0,0.5887146410401297,11.690913200378418,43.0,"{""type"":""Point"",""coordinates"":[109.54258995779297,18.423441793018778]}"
3374,0.0,24.0,72.0,10.165160179138184,48.0,19.6365873851885,109.94234800173814,1751.3046875,54.0,1.1168873310089111,4.0,3.0,0.7218539925277352,13.666688919067383,32.0,"{""type"":""Point"",""coordinates"":[109.94122311908825,19.635427193263688]}"
3375,0.0,26.0,280.0,34.147865295410156,271.0,19.26827811869949,110.27023308044176,2277.238037109375,51.0,4.212949752807617,4.0,2.0,0.6485054183129859,12.205222129821777,37.0,"{""type"":""Point"",""coordinates"":[110.27202815849847,19.26663462659835]}"
3376,0.0,29.0,129.0,11.769020080566406,119.0,19.506331668991166,110.54871081851877,1909.635009765625,46.0,1.3093702793121338,4.0,3.0,0.6383883782363993,13.181943893432617,39.0,"{""type"":""Point"",""coordinates"":[110.54723221211549,19.508328114828455]}"
3377,0.0,25.0,28.0,8.749935150146484,16.0,19.0706487561932,110.25675835117994,2095.56103515625,47.0,0.31142503023147583,3.0,2.0,0.7296052021351094,14.96980094909668,44.0,"{""type"":""Point"",""coordinates"":[110.25736633928234,19.0712894165914]}"
3378,0.0,29.0,186.0,37.12370300292969,189.0,18.3160639175328,109.65039553439925,1818.772216796875,49.0,9.02892017364502,6.0,0.0,0.5882697571301327,11.498332977294922,43.0,"{""type"":""Point"",""coordinates"":[109.65098492289654,18.31745939921792]}"
3379,0.0,24.0,43.0,9.393960952758789,40.0,18.585558502768656,109.96480588384111,1855.76416015625,48.0,0.7040705680847168,5.0,1.0,0.678690311566943,14.145301818847656,46.0,"{""type"":""Point"",""coordinates"":[109.96589577507218,18.587232515316643]}"
3380,0.0,22.0,168.0,19.74224281311035,154.0,19.49285693972937,109.29556099717206,1649.8956298828125,56.0,4.031056880950928,4.0,3.0,0.6292334121918637,12.322839736938477,35.0,"{""type"":""Point"",""coordinates"":[109.29521434279849,19.4932554171851]}"
3381,0.0,30.0,595.0,26.744461059570312,541.0,19.025732991987226,109.12937266960995,1672.6319580078125,43.0,8.539405822753906,8.0,2.0,0.5767762786004842,11.252263069152832,39.0,"{""type"":""Point"",""coordinates"":[109.12731454691539,19.027618509868404]}"
3382,0.0,24.0,156.0,21.573976516723633,81.0,19.32666861216726,110.03667110657068,2138.688232421875,51.0,2.1996819972991943,4.0,3.0,0.6675947301905238,12.937263488769531,39.0,"{""type"":""Point"",""coordinates"":[110.03483149266206,19.3271305677722]}"
3383,0.0,27.0,347.0,22.80908203125,344.0,18.500218550777305,109.17428843381595,1724.076171875,52.0,5.225357532501221,4.0,1.0,0.5746882232447321,11.942303657531738,45.0,"{""type"":""Point"",""coordinates"":[109.17240350788718,18.50184328794149]}"
3384,0.0,35.0,612.0,34.45066833496094,545.0,18.57208377350686,109.47073247757538,1835.668212890625,37.0,10.439359664916992,8.0,1.0,0.5482760171001266,11.032859802246094,46.0,"{""type"":""Point"",""coordinates"":[109.46864728306652,18.573570432179643]}"
3385,0.0,27.0,166.0,10.968488693237305,63.0,19.27276969512009,109.72675233354943,1928.86181640625,53.0,1.0203652381896973,5.0,2.0,0.684479048586074,13.699516296386719,38.0,"{""type"":""Point"",""coordinates"":[109.72837610471136,19.272006916797938]}"
3386,0.0,28.0,95.0,14.316786766052246,86.0,19.003275109884235,110.34658987959187,2036.39697265625,42.0,1.22917640209198,4.0,2.0,0.654610461789902,13.55707836151123,41.0,"{""type"":""Point"",""coordinates"":[110.3451986285809,19.002467319365856]}"
3387,0.0,33.0,153.0,30.392221450805664,118.0,19.52429797467356,110.04565425941183,1908.0859375,39.0,5.432849407196045,4.0,3.0,0.6358246877573257,12.032478332519531,36.0,"{""type"":""Point"",""coordinates"":[110.04729513280012,19.52329497224148]}"
3388,0.0,25.0,213.0,31.885557174682617,59.0,19.12903924966097,109.78514282701718,2038.2513427734375,46.0,4.667930603027344,4.0,2.0,0.6650460572576472,12.146768569946289,41.0,"{""type"":""Point"",""coordinates"":[109.78327165228147,19.130576242548127]}"
3389,0.0,28.0,273.0,21.43157958984375,120.0,18.819120476639732,109.37191779632224,1709.54736328125,49.0,4.570267677307129,4.0,1.0,0.5847273410199333,12.1282377243042,44.0,"{""type"":""Point"",""coordinates"":[109.37159342863515,18.82099167002131]}"
3390,0.0,23.0,14.0,8.038252830505371,14.0,18.549625891403878,109.99175534236468,1794.5362548828125,47.0,0.5302162170410156,3.0,1.0,0.7092833292045934,14.445744514465332,45.0,"{""type"":""Point"",""coordinates"":[109.99043143414828,18.54787312304425]}"
3391,0.0,27.0,168.0,10.981472969055176,39.0,18.76971313601316,109.17878001023655,1638.13232421875,46.0,1.585591435432434,3.0,1.0,0.6724182329999802,13.257308006286621,42.0,"{""type"":""Point"",""coordinates"":[109.17718579307973,18.77174632667916]}"
3392,0.0,29.0,45.0,4.899528503417969,45.0,19.928539852527344,109.74471863923185,1200.8963623046875,42.0,1.0371159315109253,5.0,4.0,0.6905415687956373,13.56418514251709,33.0,"{""type"":""Point"",""coordinates"":[109.74529070992995,19.929390454334275]}"
3393,0.0,29.0,55.0,6.399168014526367,55.0,19.874640935480173,110.33311515033012,1634.347900390625,43.0,0.5659683346748352,9.0,4.0,0.6960291491269373,14.075392723083496,36.0,"{""type"":""Point"",""coordinates"":[110.33175862228349,19.875567898863714]}"
3394,0.0,24.0,105.0,7.926207542419434,78.0,19.38505910563503,109.21920419802188,1731.5784912109375,47.0,0.6307343244552612,5.0,3.0,0.6788157296275439,14.218353271484375,34.0,"{""type"":""Point"",""coordinates"":[109.21968481697279,19.385380809727526]}"
3395,0.0,22.0,178.0,22.8199405670166,123.0,19.403025411317422,109.98726376594408,2047.8665771484375,50.0,2.6232056617736816,4.0,3.0,0.6426411462128936,12.747091293334961,38.0,"{""type"":""Point"",""coordinates"":[109.98794691225692,19.402790793712207]}"
3396,0.0,27.0,287.0,19.473289489746094,186.0,19.18293816670814,109.89294066111154,2010.72998046875,47.0,2.3802342414855957,5.0,2.0,0.631260292140399,12.772647857666016,39.0,"{""type"":""Point"",""coordinates"":[109.8938522526997,19.18438986929163]}"
3397,0.0,23.0,86.0,11.675283432006836,52.0,19.178446590287543,110.07709529435607,2101.611083984375,50.0,0.7063019871711731,4.0,2.0,0.6988474081362139,14.116654396057129,41.0,"{""type"":""Point"",""coordinates"":[110.07533752616065,19.180656769516713]}"
3398,0.0,24.0,74.0,15.439656257629395,47.0,19.57370531530013,109.91989011963511,1827.8643798828125,48.0,1.897204041481018,4.0,3.0,0.7155798437041982,13.135422706604004,34.0,"{""type"":""Point"",""coordinates"":[109.91860045449023,19.574917857497148]}"
3399,0.0,28.0,65.0,10.88452434539795,40.0,19.515314821832362,110.40048879663908,1901.3060302734375,46.0,0.9667932391166687,6.0,3.0,0.7154598789261627,13.776519775390625,38.0,"{""type"":""Point"",""coordinates"":[110.39881415994056,19.513353595613292]}"
3400,0.0,25.0,137.0,8.856334686279297,98.0,19.232345507334713,110.09506160003843,2153.77001953125,51.0,0.30374887585639954,4.0,2.0,0.658317120424818,14.929447174072266,39.0,"{""type"":""Point"",""coordinates"":[110.09489206609236,19.230418256342745]}"
3401,0.0,29.0,101.0,4.860065937042236,101.0,19.54226428035595,109.12937266960995,1497.8438720703125,45.0,0.3650490343570709,2.0,3.0,0.6259719565220415,14.767658233642578,37.0,"{""type"":""Point"",""coordinates"":[109.13089457958448,19.543668605571778]}"
3402,0.0,30.0,47.0,25.528650283813477,44.0,19.308702306484875,110.41845510232145,2188.79833984375,44.0,2.7329647541046143,5.0,3.0,0.7259615197347669,12.76644229888916,37.0,"{""type"":""Point"",""coordinates"":[110.4174158631648,19.309334102723366]}"
3403,0.0,29.0,643.0,50.697959899902344,483.0,19.151497131763954,109.67734499292288,2070.891357421875,42.0,13.673358917236328,5.0,2.0,0.5737311369441986,10.727336883544922,40.0,"{""type"":""Point"",""coordinates"":[109.67762524094314,19.15180298091939]}"
3404,0.0,24.0,102.0,12.91361141204834,102.0,19.38056752921443,108.87784439005651,1454.0845947265625,55.0,2.9554848670959473,4.0,3.0,0.5987269261374468,12.674792289733887,41.0,"{""type"":""Point"",""coordinates"":[108.87820615218371,19.379556862255114]}"
3405,0.0,31.0,29.0,10.2575044631958,30.0,19.560230586038337,110.6834581111367,1814.3538818359375,46.0,1.3096429109573364,8.0,3.0,0.7419778459392194,13.100179672241211,34.0,"{""type"":""Point"",""coordinates"":[110.68214742110965,19.56033369732819]}"
3406,0.0,25.0,26.0,4.7560529708862305,23.0,19.793792559909413,110.74184860460451,1634.4227294921875,52.0,0.22943836450576782,4.0,4.0,0.7086495935704976,14.310611724853516,41.0,"{""type"":""Point"",""coordinates"":[110.74106962016062,19.794120009880874]}"
3407,0.0,25.0,238.0,25.257125854492188,161.0,19.308702306484875,109.83904174406439,2011.8125,52.0,3.586941957473755,4.0,3.0,0.6382351370957874,12.394715309143066,37.0,"{""type"":""Point"",""coordinates"":[109.83949822148509,19.308270611973207]}"
3408,0.0,27.0,85.0,16.484403610229492,88.0,18.325047070373998,109.5964966173521,1692.497314453125,45.0,2.6959800720214844,4.0,0.0,0.6187848277931192,12.777092933654785,43.0,"{""type"":""Point"",""coordinates"":[109.59547924074697,18.32301999565043]}"
3409,0.0,23.0,34.0,5.618453025817871,34.0,19.874640935480173,110.74184860460451,1550.8470458984375,50.0,0.6426156759262085,3.0,4.0,0.6621553069548681,13.268411636352539,47.0,"{""type"":""Point"",""coordinates"":[110.74028043937066,19.876371452247533]}"
3410,0.0,27.0,139.0,21.506559371948242,117.0,19.200904472390526,109.08445690540395,1743.2301025390625,46.0,3.8796894550323486,4.0,2.0,0.6189888214390515,12.379378318786621,39.0,"{""type"":""Point"",""coordinates"":[109.08628624861952,19.201599435008262]}"
3411,0.0,29.0,438.0,33.15083312988281,438.0,18.45979436299192,109.12937266960995,1610.546142578125,48.0,12.581768035888672,5.0,1.0,0.542341510805163,10.983137130737305,45.0,"{""type"":""Point"",""coordinates"":[109.12827522517736,18.458964638449867]}"
3412,0.0,26.0,50.0,4.548969745635986,50.0,19.694977878656267,109.34945991421921,1499.85693359375,48.0,0.2597855031490326,3.0,3.0,0.699203038119619,15.138263702392578,34.0,"{""type"":""Point"",""coordinates"":[109.35004827087214,19.696210552664482]}"
3413,0.0,24.0,91.0,40.6083984375,91.0,18.5092017036185,109.7492102156524,1954.9853515625,56.0,7.884061813354492,3.0,1.0,0.5990390489135653,11.694804191589355,46.0,"{""type"":""Point"",""coordinates"":[109.75135084506688,18.507870078716074]}"
3414,0.0,27.0,83.0,23.330392837524414,68.0,19.04819087409021,110.25675835117994,2104.3349609375,42.0,2.476846694946289,3.0,2.0,0.6603871442422651,12.86318302154541,44.0,"{""type"":""Point"",""coordinates"":[110.25792850904793,19.04988497115106]}"
3415,0.0,28.0,13.0,4.179126262664795,13.0,19.986930345995113,110.35108145601248,1592.2998046875,44.0,0.0837588757276535,3.0,4.0,0.7221546020775769,15.398702621459961,40.0,"{""type"":""Point"",""coordinates"":[110.34983341014417,19.986555020225477]}"
3416,0.0,23.0,147.0,8.769001960754395,101.0,19.49734851614997,109.5470892767255,1794.506591796875,54.0,0.7481147646903992,4.0,3.0,0.6500008380600639,14.021833419799805,35.0,"{""type"":""Point"",""coordinates"":[109.54823331729769,19.497120616111854]}"
3417,0.0,30.0,587.0,24.16532325744629,499.0,18.68437318402181,109.49768193609896,1765.3765869140625,47.0,6.324267864227295,5.0,1.0,0.55570436525293,11.562821388244629,46.0,"{""type"":""Point"",""coordinates"":[109.49680842946005,18.6828873992443]}"
3418,0.0,29.0,698.0,28.303329467773438,670.0,18.805645747377937,108.88682754289766,1513.6776123046875,46.0,14.370427131652832,8.0,1.0,0.5280844818622162,10.62470531463623,43.0,"{""type"":""Point"",""coordinates"":[108.88879018018709,18.80749442749608]}"
3419,0.0,26.0,28.0,10.307602882385254,25.0,18.57657534992746,109.9513311545793,1855.76416015625,47.0,0.8889679908752441,3.0,1.0,0.6985862986423896,13.920827865600586,45.0,"{""type"":""Point"",""coordinates"":[109.94983099595315,18.57779571490033]}"
3420,0.0,25.0,142.0,15.968857765197754,65.0,19.358109647111448,109.82107543838197,1993.51513671875,51.0,1.6684551239013672,4.0,3.0,0.6842770996346171,13.222620964050293,38.0,"{""type"":""Point"",""coordinates"":[109.81942007509907,19.358509817903816]}"
3421,0.0,26.0,4.0,3.055565118789673,6.0,19.614129503085508,110.9394779671108,1334.65673828125,44.0,0.057359881699085236,5.0,3.0,0.7030470583851549,15.729843139648438,43.0,"{""type"":""Point"",""coordinates"":[110.93987267603097,19.61261179652751]}"
3423,0.0,23.0,32.0,6.1189093589782715,32.0,19.60963792666491,109.12038951676874,1410.2410888671875,50.0,0.7970728278160095,2.0,3.0,0.703477165082991,14.027636528015137,36.0,"{""type"":""Point"",""coordinates"":[109.12191443714505,19.61031219180461]}"
3424,0.0,25.0,9.0,12.356703758239746,9.0,18.639457419815827,110.21184258697394,2018.6168212890625,46.0,0.9146278500556946,3.0,1.0,0.7270708410909263,13.903327941894531,45.0,"{""type"":""Point"",""coordinates"":[110.21104547869987,18.64154993698063]}"
3425,0.0,27.0,403.0,48.56381607055664,381.0,18.814628900219134,110.12650263498261,2073.30810546875,48.0,10.516946792602539,4.0,1.0,0.560666689935532,11.193622589111328,48.0,"{""type"":""Point"",""coordinates"":[110.1276156380603,18.812713306095077]}"
3426,0.0,23.0,37.0,3.9081413745880127,40.0,18.639457419815827,108.78352128522391,1290.8375244140625,51.0,0.3753422498703003,3.0,1.0,0.6536268198168418,14.777883529663086,44.0,"{""type"":""Point"",""coordinates"":[108.7831848385116,18.639596299876658]}"
3427,0.0,28.0,33.0,9.018463134765625,14.0,19.699469455076866,110.01870480088826,1757.3443603515625,40.0,0.7972396016120911,4.0,3.0,0.759011622861377,14.026845932006836,33.0,"{""type"":""Point"",""coordinates"":[110.01955905800364,19.698152252148713]}"
3428,0.0,25.0,73.0,14.009458541870117,35.0,19.537772703935353,110.0007384952059,1908.0859375,49.0,1.4579927921295166,2.0,3.0,0.7249587747286984,13.399489402770996,36.0,"{""type"":""Point"",""coordinates"":[110.00254808958148,19.538477320040982]}"
3429,0.0,26.0,2.0,3.488571882247925,3.0,20.000405075256907,110.63405077051016,1433.5054931640625,41.0,0.057359881699085236,3.0,4.0,0.7021390256955028,15.333905220031738,45.0,"{""type"":""Point"",""coordinates"":[110.63566753422805,19.99950595774301]}"
3430,0.0,22.0,126.0,15.466293334960938,115.0,19.34912649427025,109.11140636392759,1768.3946533203125,57.0,2.249793767929077,3.0,3.0,0.6304150795125323,12.933337211608887,38.0,"{""type"":""Point"",""coordinates"":[109.11248701465273,19.350452208763674]}"
3431,0.0,29.0,384.0,28.5218563079834,201.0,19.061665603352004,109.71327760428761,1886.314697265625,46.0,5.755878925323486,4.0,2.0,0.6020617813030348,11.818323135375977,40.0,"{""type"":""Point"",""coordinates"":[109.71500103839035,19.06047384170945]}"
3432,0.0,26.0,145.0,23.528715133666992,67.0,19.308702306484875,110.02319637730886,2138.688232421875,51.0,2.6209089756011963,4.0,3.0,0.6823548451937259,12.768717765808105,39.0,"{""type"":""Point"",""coordinates"":[110.02267790391679,19.310876937147405]}"
3433,0.0,29.0,446.0,44.40291213989258,449.0,18.289114459009213,109.63692080513749,1780.9361572265625,48.0,15.343579292297363,7.0,0.0,0.566749533173704,10.770525932312012,40.0,"{""type"":""Point"",""coordinates"":[109.63662572983161,18.287633346905864]}"
3434,0.0,34.0,161.0,14.729918479919434,140.0,19.34912649427025,110.26574150402115,2190.947509765625,38.0,1.1179393529891968,5.0,3.0,0.6676668113096339,13.611315727233887,36.0,"{""type"":""Point"",""coordinates"":[110.265791502682,19.350102326126404]}"
3435,0.0,23.0,237.0,7.433320045471191,196.0,18.62149111413344,109.33149360853685,1742.01025390625,56.0,0.6052640080451965,3.0,1.0,0.6011135645422441,14.17603588104248,44.0,"{""type"":""Point"",""coordinates"":[109.33198383098392,18.622046501402234]}"
3436,0.0,31.0,18.0,4.535543441772461,18.0,19.726418913600448,110.75981491028688,1652.22998046875,41.0,0.1298990398645401,5.0,3.0,0.7212781485546294,14.891594886779785,40.0,"{""type"":""Point"",""coordinates"":[110.75867434484967,19.72655724667727]}"
3437,0.0,27.0,375.0,20.053939819335938,177.0,19.025732991987226,109.71327760428761,1865.50439453125,49.0,3.300621509552002,4.0,2.0,0.6092768705368213,12.383256912231445,40.0,"{""type"":""Point"",""coordinates"":[109.71524342004273,19.026638518009932]}"
3439,0.0,20.0,12.0,4.815075397491455,15.0,18.63047426697463,108.7116560624944,1371.27734375,54.0,0.5003406405448914,2.0,1.0,0.6911067529690375,14.414742469787598,43.0,"{""type"":""Point"",""coordinates"":[108.7130761635388,18.632177543419814]}"
3440,0.0,34.0,90.0,9.09449577331543,89.0,19.582688468141328,109.35844306706042,1701.239990234375,43.0,1.0964851379394531,3.0,3.0,0.6538666915626783,13.674357414245605,36.0,"{""type"":""Point"",""coordinates"":[109.35770000999726,19.583922309320222]}"
3441,0.0,20.0,120.0,8.745086669921875,113.0,18.57657534992746,109.01708325909499,1636.624755859375,58.0,1.0181708335876465,3.0,1.0,0.5782972585153497,13.730260848999023,49.0,"{""type"":""Point"",""coordinates"":[109.01788575897034,18.5769317116964]}"
3442,0.0,28.0,345.0,31.396595001220703,348.0,18.39691229310356,109.63242922871689,1811.5426025390625,46.0,7.259122371673584,6.0,1.0,0.588095674271218,11.612397193908691,42.0,"{""type"":""Point"",""coordinates"":[109.63057780400348,18.39596859431828]}"
3443,0.0,25.0,142.0,9.920541763305664,39.0,19.344634917849653,109.70429445144646,1910.049560546875,48.0,0.7456365823745728,4.0,3.0,0.7160808766284528,14.0282621383667,37.0,"{""type"":""Point"",""coordinates"":[109.7034059113306,19.345429024510896]}"
3444,0.0,32.0,576.0,39.09233474731445,422.0,19.12903924966097,109.28208626791024,1693.499755859375,39.0,15.508094787597656,8.0,2.0,0.5548421984071579,10.6544771194458,40.0,"{""type"":""Point"",""coordinates"":[109.28426543669642,19.129273647515046]}"
3445,0.0,34.0,82.0,6.860506057739258,81.0,19.784809407068217,109.85251647332615,1617.554443359375,41.0,0.7101191282272339,4.0,4.0,0.6647192497237514,14.113662719726562,35.0,"{""type"":""Point"",""coordinates"":[109.85208674203808,19.785830148709113]}"
3446,0.0,25.0,69.0,5.838489055633545,70.0,19.344634917849653,108.75657182670034,1269.6248779296875,54.0,1.1777825355529785,4.0,3.0,0.6286725318968619,13.615370750427246,41.0,"{""type"":""Point"",""coordinates"":[108.75839893237506,19.344621465932704]}"
3447,0.0,31.0,18.0,4.1804423332214355,18.0,19.924048276106745,109.86599120258796,1430.90625,39.0,0.28679710626602173,4.0,4.0,0.7243447408389723,14.788196563720703,36.0,"{""type"":""Point"",""coordinates"":[109.86674121812418,19.925943984534328]}"
3448,0.0,26.0,19.0,5.999660968780518,20.0,19.8252335948536,109.53361454746374,1293.1265869140625,47.0,1.0764216184616089,5.0,4.0,0.7163870935717904,13.734661102294922,35.0,"{""type"":""Point"",""coordinates"":[109.53236003419367,19.825947431705107]}"
3449,0.0,24.0,42.0,10.649252891540527,42.0,18.729288948227783,110.25675835117994,1961.2457275390625,52.0,0.7894096374511719,4.0,1.0,0.6773661736325908,14.03146743774414,47.0,"{""type"":""Point"",""coordinates"":[110.25657827632958,18.729540964144558]}"
3450,0.0,32.0,426.0,46.67379379272461,248.0,19.133530826081568,109.48420720683714,1921.056396484375,37.0,12.37301254272461,4.0,2.0,0.5901302632991711,11.009500503540039,38.0,"{""type"":""Point"",""coordinates"":[109.48494650467491,19.131683834651117]}"
3451,0.0,21.0,139.0,10.32347583770752,65.0,19.376075952793833,110.02768795372947,2146.967041015625,53.0,0.4628799855709076,4.0,3.0,0.70705476780228,14.506928443908691,36.0,"{""type"":""Point"",""coordinates"":[110.02558337359041,19.376810200374273]}"
3452,0.0,24.0,179.0,14.461570739746094,94.0,19.254803389437704,109.85700804974675,2013.8828125,55.0,1.4178305864334106,4.0,2.0,0.651981971995707,13.36221981048584,38.0,"{""type"":""Point"",""coordinates"":[109.85756648563935,19.254572468425636]}"
3453,0.0,27.0,38.0,9.8619384765625,21.0,19.582688468141328,110.17590997560922,1899.6651611328125,44.0,0.7327845692634583,5.0,3.0,0.7559784479382838,14.108245849609375,34.0,"{""type"":""Point"",""coordinates"":[110.17654032079534,19.584537683809447]}"
3454,0.0,33.0,646.0,39.00227737426758,454.0,19.0706487561932,109.48420720683714,1792.65234375,38.0,14.018108367919922,6.0,2.0,0.5499703575575882,10.69873046875,42.0,"{""type"":""Point"",""coordinates"":[109.4831315981266,19.069591934401828]}"
3455,0.0,32.0,52.0,11.971745491027832,25.0,19.560230586038337,109.94683957815869,1827.8643798828125,39.0,1.2993521690368652,5.0,3.0,0.744369877875732,13.527158737182617,34.0,"{""type"":""Point"",""coordinates"":[109.94839619306839,19.559796429213034]}"
3456,0.0,26.0,120.0,15.884796142578125,86.0,18.895477275789894,108.89131911931827,1487.8720703125,46.0,3.6514487266540527,4.0,2.0,0.5995449901307336,12.451894760131836,44.0,"{""type"":""Point"",""coordinates"":[108.88938465214912,18.895002508412208]}"
3458,0.0,28.0,31.0,6.382683753967285,34.0,18.95835934567826,110.45887929010684,1869.484619140625,42.0,0.19077613949775696,3.0,2.0,0.714066413421593,15.438762664794922,40.0,"{""type"":""Point"",""coordinates"":[110.46008196099004,18.95755817584978]}"
3459,0.0,28.0,929.0,35.84159851074219,761.0,19.088615061875586,109.2281873508631,1673.5738525390625,42.0,19.997207641601562,8.0,2.0,0.5259046799257501,10.026375770568848,39.0,"{""type"":""Point"",""coordinates"":[109.22987194870724,19.08792250780498]}"
3460,0.0,28.0,554.0,8.462760925292969,542.0,18.648440572657023,108.8733528136359,1410.6121826171875,50.0,2.000711441040039,3.0,1.0,0.539636902081062,12.745311737060547,48.0,"{""type"":""Point"",""coordinates"":[108.8721955736056,18.648263068853954]}"
3461,0.0,24.0,110.0,8.53275203704834,57.0,19.394042258476226,109.26861153864849,1657.0560302734375,50.0,0.9192636609077454,3.0,3.0,0.6949115799997656,13.838579177856445,34.0,"{""type"":""Point"",""coordinates"":[109.2668962327373,19.396109597070822]}"
3462,0.0,25.0,33.0,4.139405727386475,34.0,19.91057354684495,110.75981491028688,1492.11962890625,49.0,0.2934914231300354,4.0,4.0,0.6516344486014138,13.631149291992188,49.0,"{""type"":""Point"",""coordinates"":[110.75876395215415,19.909178078643247]}"
3463,0.0,24.0,31.0,23.00888442993164,33.0,18.706831066124792,110.34658987959187,1942.366455078125,51.0,3.0433168411254883,4.0,1.0,0.6785680154549631,12.687583923339844,47.0,"{""type"":""Point"",""coordinates"":[110.34498635561279,18.70501555021082]}"
3464,0.0,28.0,140.0,8.263031005859375,117.0,19.322177035746662,109.16530528097474,1811.0743408203125,44.0,0.6185436844825745,5.0,3.0,0.634850970911566,14.216391563415527,39.0,"{""type"":""Point"",""coordinates"":[109.16714662717231,19.32132153737131]}"
3465,0.0,26.0,458.0,35.52943420410156,277.0,19.111072943978577,109.69531129860525,1976.4073486328125,50.0,7.481051445007324,4.0,2.0,0.6016826717783955,11.4982271194458,39.0,"{""type"":""Point"",""coordinates"":[109.69665200876693,19.10969666398479]}"
3466,0.0,22.0,10.0,19.307050704956055,13.0,18.783187865274954,110.50379505431283,1757.6527099609375,50.0,2.9314136505126953,2.0,1.0,0.6947463478709621,12.718117713928223,46.0,"{""type"":""Point"",""coordinates"":[110.50329179530885,18.785186099385452]}"
3467,0.0,27.0,618.0,23.533432006835938,428.0,18.80115417095734,109.52912297104314,1722.84228515625,49.0,6.4035210609436035,5.0,1.0,0.5422210552457857,11.523294448852539,48.0,"{""type"":""Point"",""coordinates"":[109.53113337936449,18.80048074907091]}"
3468,0.0,23.0,19.0,12.246316909790039,10.0,19.169463437446346,110.29718253896533,2247.291015625,50.0,0.5859235525131226,4.0,2.0,0.7632572378751834,14.342952728271484,40.0,"{""type"":""Point"",""coordinates"":[110.29878265455477,19.16903248487473]}"
3469,0.0,28.0,21.0,6.901686191558838,22.0,19.618621079506106,110.70142441681912,1707.3487548828125,49.0,0.6425786018371582,8.0,3.0,0.7471481222016851,13.819462776184082,34.0,"{""type"":""Point"",""coordinates"":[110.70061649925051,19.617070500456663]}"
3470,0.0,25.0,217.0,18.74864387512207,59.0,19.286244424381884,109.50217351251956,1817.8341064453125,50.0,2.879824161529541,4.0,3.0,0.6763053109355319,12.628525733947754,37.0,"{""type"":""Point"",""coordinates"":[109.50130988375165,19.287655247884924]}"
3471,0.0,23.0,150.0,9.231317520141602,114.0,19.488365363308773,109.48869878325775,1787.0440673828125,58.0,0.9143860340118408,3.0,3.0,0.6481009790494594,13.81923770904541,35.0,"{""type"":""Point"",""coordinates"":[109.4886682525834,19.48802377508516]}"
3472,0.0,30.0,755.0,33.299949645996094,560.0,19.079631909034397,109.60098819377271,1778.33349609375,40.0,11.789680480957031,5.0,2.0,0.5572757034722533,10.774083137512207,40.0,"{""type"":""Point"",""coordinates"":[109.60155457744592,19.077395305202455]}"
3473,0.0,28.0,139.0,11.982565879821777,50.0,19.33116018858786,110.08158687077662,2172.49267578125,45.0,0.7068904638290405,4.0,3.0,0.7154370248242679,14.083492279052734,38.0,"{""type"":""Point"",""coordinates"":[110.07972125923021,19.33184507470884]}"
3474,0.0,28.0,38.0,7.240213871002197,38.0,19.8252335948536,110.5307445128364,1665.75634765625,38.0,0.7102041840553284,6.0,4.0,0.7106965075069707,13.678605079650879,37.0,"{""type"":""Point"",""coordinates"":[110.53255483842683,19.823788739218248]}"
3475,0.0,28.0,20.0,5.503113746643066,22.0,19.68599472581507,110.7777812159693,1628.73486328125,46.0,0.4696688652038574,6.0,3.0,0.7193911663056924,13.667548179626465,39.0,"{""type"":""Point"",""coordinates"":[110.7759423787053,19.686264704922397]}"
3477,0.0,25.0,14.0,3.9821360111236572,14.0,19.142513978922757,108.7116560624944,1342.706298828125,52.0,0.34895971417427063,2.0,2.0,0.6953340895524209,14.864089012145996,42.0,"{""type"":""Point"",""coordinates"":[108.71036111122031,19.142812681468044]}"
3478,0.0,23.0,57.0,5.482313632965088,52.0,19.18742974312874,108.83292862585051,1528.54248046875,56.0,0.47467267513275146,2.0,2.0,0.6657295809746393,14.531356811523438,41.0,"{""type"":""Point"",""coordinates"":[108.83072230876579,19.18553961254217]}"
3479,0.0,28.0,1009.0,21.761531829833984,881.0,18.837086782322125,109.67285341650228,1782.0906982421875,46.0,7.495394706726074,5.0,2.0,0.5283292246629404,10.941492080688477,46.0,"{""type"":""Point"",""coordinates"":[109.67110625977242,18.837159623153823]}"
3480,0.0,31.0,1226.0,24.840192794799805,1034.0,19.066157179772603,109.53810612388435,1849.5784912109375,39.0,12.759651184082031,9.0,2.0,0.5350473905068606,10.053099632263184,40.0,"{""type"":""Point"",""coordinates"":[109.53772095931397,19.068182794064825]}"
3481,0.0,28.0,63.0,10.545412063598633,51.0,19.115564520399175,110.24777519833873,2170.273681640625,46.0,0.5126630067825317,4.0,2.0,0.6930125716575029,14.450814247131348,44.0,"{""type"":""Point"",""coordinates"":[110.24732684043096,19.114072964535904]}"
3482,0.0,37.0,721.0,18.214860916137695,552.0,18.980817227781245,109.30454415001327,1607.671875,35.0,5.7681427001953125,5.0,2.0,0.55817115053255,11.533360481262207,42.0,"{""type"":""Point"",""coordinates"":[109.3024115594073,18.98169640272408]}"
3483,0.0,26.0,76.0,7.459796905517578,70.0,19.533281127514755,109.24166208012491,1632.4688720703125,50.0,0.7621866464614868,2.0,3.0,0.663155932855014,14.04648208618164,38.0,"{""type"":""Point"",""coordinates"":[109.24161724193895,19.53317553314194]}"
3484,0.0,29.0,690.0,53.60944366455078,688.0,18.423861751627143,109.47073247757538,1858.9521484375,42.0,21.936986923217773,5.0,1.0,0.5278073272560785,10.179940223693848,42.0,"{""type"":""Point"",""coordinates"":[109.47100662769954,18.424402596793268]}"
3485,0.0,28.0,27.0,10.637897491455078,25.0,19.084123485454995,110.3735393381155,2123.759033203125,47.0,0.5858065485954285,4.0,2.0,0.7388290270505381,14.33852481842041,40.0,"{""type"":""Point"",""coordinates"":[110.37482587178053,19.085819427976784]}"
3486,0.0,27.0,458.0,26.577239990234375,266.0,18.702339489704194,109.41683356052818,1853.0379638671875,48.0,5.556317329406738,4.0,1.0,0.565253528306857,11.79822826385498,47.0,"{""type"":""Point"",""coordinates"":[109.4188903153403,18.701857648522918]}"
3487,0.0,19.0,12.0,4.380266189575195,12.0,19.735402066441644,109.385392525584,1572.07275390625,54.0,0.08368842303752899,2.0,3.0,0.7568491540908041,16.293106079101562,32.0,"{""type"":""Point"",""coordinates"":[109.38583759884082,19.737105292662022]}"
3488,0.0,23.0,139.0,8.610437393188477,112.0,19.4389580226822,109.24166208012491,1745.3204345703125,57.0,0.8428981900215149,3.0,3.0,0.6554078326896526,13.907500267028809,33.0,"{""type"":""Point"",""coordinates"":[109.23977145069635,19.43983800180358]}"
3489,0.0,30.0,146.0,17.48417091369629,50.0,18.890985699369296,109.00810010625383,1501.2564697265625,41.0,4.288067817687988,12.0,2.0,0.6560981950357768,12.274608612060547,41.0,"{""type"":""Point"",""coordinates"":[109.0060764920905,18.890834342053214]}"
3490,0.0,25.0,195.0,26.372102737426758,118.0,19.286244424381884,109.91539854321451,2151.8623046875,53.0,3.157376766204834,3.0,3.0,0.645162204860621,12.550573348999023,38.0,"{""type"":""Point"",""coordinates"":[109.91518103339249,19.288316084489395]}"
3491,0.0,29.0,995.0,29.71100616455078,941.0,19.04819087409021,109.11589794034813,1672.6319580078125,48.0,17.24241828918457,7.0,2.0,0.5247515812030638,10.101960182189941,40.0,"{""type"":""Point"",""coordinates"":[109.11369712464703,19.04977342425766]}"
3492,0.0,24.0,26.0,8.547419548034668,25.0,18.760729983171963,110.21184258697394,1984.38037109375,51.0,0.41712287068367004,3.0,1.0,0.6948718968816798,14.678730964660645,48.0,"{""type"":""Point"",""coordinates"":[110.21328320041235,18.759951808780748]}"
3493,0.0,27.0,28.0,7.087436199188232,28.0,18.51818485645969,109.97378903668232,1794.5362548828125,48.0,0.42730340361595154,3.0,1.0,0.6933289743283358,14.653456687927246,45.0,"{""type"":""Point"",""coordinates"":[109.97402202521464,18.519749653635852]}"
3494,0.0,28.0,37.0,7.231686115264893,35.0,19.793792559909413,110.45887929010684,1661.9388427734375,44.0,0.7616696953773499,6.0,4.0,0.7270640764979123,13.635110855102539,34.0,"{""type"":""Point"",""coordinates"":[110.45726900993817,19.795991135697967]}"
3495,0.0,29.0,816.0,35.12986373901367,737.0,18.63047426697463,109.49768193609896,1833.6900634765625,42.0,12.644889831542969,7.0,1.0,0.5292238839200948,10.638751983642578,46.0,"{""type"":""Point"",""coordinates"":[109.49992482102128,18.62919712486909]}"
3496,0.0,29.0,896.0,13.956239700317383,860.0,18.760729983171963,108.89581069573887,1373.8770751953125,46.0,6.814056873321533,10.0,1.0,0.5172266871138966,11.179364204406738,46.0,"{""type"":""Point"",""coordinates"":[108.89405238080279,18.75964745904558]}"
3497,0.0,26.0,88.0,8.842906951904297,91.0,18.57657534992746,108.85538650795348,1529.6898193359375,51.0,1.357450008392334,3.0,1.0,0.6005899593338508,13.461997032165527,45.0,"{""type"":""Point"",""coordinates"":[108.85366481749244,18.57507264436248]}"
3498,0.0,28.0,317.0,31.082550048828125,212.0,18.886494122948697,109.93785642531753,2047.8345947265625,48.0,5.03208065032959,5.0,2.0,0.5914601319032293,12.001322746276855,46.0,"{""type"":""Point"",""coordinates"":[109.9377596814764,18.88494440000833]}"
3499,0.0,21.0,9.0,7.403434753417969,12.0,18.899968852210492,110.45887929010684,1834.777587890625,51.0,0.3682614266872406,2.0,2.0,0.7229873285581527,14.7940092086792,43.0,"{""type"":""Point"",""coordinates"":[110.45773553756999,18.901458899005885]}"
3500,0.0,29.0,22.0,6.537169456481934,23.0,19.600654773823713,110.70591599323973,1707.3487548828125,50.0,0.5863627195358276,6.0,3.0,0.7536024984891785,13.91013240814209,32.0,"{""type"":""Point"",""coordinates"":[110.70566350505351,19.602244578474505]}"
3501,0.0,25.0,25.0,4.790025234222412,25.0,19.820742018433002,110.71939072250149,1609.271728515625,54.0,0.31020620465278625,4.0,4.0,0.7002851471363518,14.010525703430176,42.0,"{""type"":""Point"",""coordinates"":[110.72115248798231,19.820987360084033]}"
3502,0.0,30.0,291.0,9.988675117492676,185.0,18.84606993516332,109.0215748355156,1568.149169921875,44.0,1.6676539182662964,8.0,2.0,0.5964496124585992,13.125988006591797,42.0,"{""type"":""Point"",""coordinates"":[109.02285247604624,18.847269587892917]}"
3503,0.0,29.0,24.0,3.8828113079071045,18.0,19.789300983488815,110.75083175744567,1555.98583984375,47.0,0.0837034285068512,2.0,4.0,0.7130036750783049,15.322010040283203,40.0,"{""type"":""Point"",""coordinates"":[110.75127347276117,19.78859458628856]}"
3504,0.0,28.0,180.0,18.635704040527344,158.0,18.864036240845707,110.14896051708558,1945.2587890625,46.0,2.3574447631835938,4.0,2.0,0.6066587903261508,12.852773666381836,45.0,"{""type"":""Point"",""coordinates"":[110.14799666831962,18.862371153811377]}"
3505,0.0,27.0,224.0,22.125032424926758,184.0,18.90446042863109,108.90030227215948,1534.4610595703125,44.0,5.941525459289551,5.0,2.0,0.5741450581525616,11.896967887878418,44.0,"{""type"":""Point"",""coordinates"":[108.8993334313879,18.90259873267937]}"
3506,0.0,23.0,85.0,9.385095596313477,85.0,18.37445441100057,109.24166208012491,1670.3621826171875,55.0,1.1164436340332031,4.0,1.0,0.63956284863451,13.659317970275879,40.0,"{""type"":""Point"",""coordinates"":[109.243436042441,18.372756341625912]}"
3508,0.0,24.0,156.0,7.626138687133789,90.0,19.4434495991028,109.45725774831357,1887.271728515625,57.0,0.4592496454715729,4.0,3.0,0.6716943012769718,14.504207611083984,34.0,"{""type"":""Point"",""coordinates"":[109.45943129773744,19.441619346680426]}"
3509,0.0,29.0,187.0,23.07659912109375,143.0,18.558609044245074,109.57403873524913,1971.434326171875,43.0,3.1667659282684326,5.0,1.0,0.592264688962785,12.552722930908203,48.0,"{""type"":""Point"",""coordinates"":[109.57327912803562,18.55979080210216]}"
3510,0.0,27.0,67.0,18.403675079345703,62.0,18.998783533463637,110.35557303243309,2064.3056640625,42.0,1.7761248350143433,4.0,2.0,0.6824695882936831,13.205578804016113,41.0,"{""type"":""Point"",""coordinates"":[110.35757772157464,18.996735572296764]}"
3511,0.0,25.0,492.0,30.948593139648438,478.0,18.639457419815827,108.94072645994487,1490.810302734375,50.0,13.879279136657715,5.0,1.0,0.5111249521769001,10.839449882507324,49.0,"{""type"":""Point"",""coordinates"":[108.9399309877904,18.63797288392986]}"
3512,0.0,25.0,45.0,18.4199275970459,43.0,18.99429195704304,110.3735393381155,2064.3056640625,48.0,1.7960638999938965,3.0,2.0,0.7085895837359456,13.207379341125488,40.0,"{""type"":""Point"",""coordinates"":[110.37313269504594,18.992232923603936]}"
3513,0.0,34.0,7.0,6.900331497192383,7.0,19.254803389437704,110.62506761766895,1816.2572021484375,37.0,0.4177775979042053,4.0,2.0,0.7334385720699262,14.420287132263184,42.0,"{""type"":""Point"",""coordinates"":[110.62424926420323,19.25501604472795]}"
3514,0.0,33.0,17.0,7.425997734069824,17.0,19.933031428947942,109.83455016764378,1366.45361328125,38.0,1.5901297330856323,5.0,4.0,0.7183404202363891,13.075907707214355,36.0,"{""type"":""Point"",""coordinates"":[109.83519633788484,19.934036471743163]}"
3515,0.0,25.0,41.0,6.910738945007324,40.0,19.569213738879533,109.30005257359267,1572.2099609375,54.0,0.7676714658737183,2.0,3.0,0.7039274339443566,14.059978485107422,36.0,"{""type"":""Point"",""coordinates"":[109.29890957837381,19.56760887388685]}"
3516,0.0,25.0,183.0,7.72477912902832,46.0,18.702339489704194,109.22369577444249,1664.8443603515625,55.0,0.8294336795806885,3.0,1.0,0.6590652936443442,13.89594841003418,44.0,"{""type"":""Point"",""coordinates"":[109.22531659691161,18.703600934321862]}"
3517,0.0,30.0,92.0,15.95503044128418,51.0,18.648440572657023,109.65039553439925,1911.2752685546875,41.0,1.8464035987854004,5.0,1.0,0.6625914224727759,13.151799201965332,46.0,"{""type"":""Point"",""coordinates"":[109.65086246171812,18.647619007372327]}"
3518,0.0,21.0,55.0,7.839324474334717,44.0,19.65455369087089,110.21184258697394,1809.589599609375,55.0,0.5162250995635986,4.0,3.0,0.7285011774720945,14.410171508789062,33.0,"{""type"":""Point"",""coordinates"":[110.21048467224563,19.655589332769686]}"
3519,0.0,23.0,41.0,8.468037605285645,44.0,18.57657534992746,108.79250443806512,1267.2271728515625,56.0,2.163146734237671,3.0,1.0,0.6420503966663885,13.023606300354004,44.0,"{""type"":""Point"",""coordinates"":[108.79461550042801,18.574678354084597]}"
3520,0.0,28.0,200.0,27.40946388244629,166.0,18.6888647604424,109.70878602786706,2052.630615234375,45.0,3.736948251724243,6.0,1.0,0.5948443520749191,12.378422737121582,48.0,"{""type"":""Point"",""coordinates"":[109.70821067436547,18.688816897988332]}"
3521,0.0,21.0,197.0,21.746540069580078,124.0,19.420991716999815,109.57853031166974,1858.5689697265625,56.0,3.3405768871307373,3.0,3.0,0.6497320000580096,12.492765426635742,33.0,"{""type"":""Point"",""coordinates"":[109.57748090081965,19.419317684951558]}"
3522,0.0,25.0,500.0,78.36243438720703,463.0,18.760729983171963,109.92887327247632,2088.184326171875,48.0,23.865808486938477,5.0,1.0,0.5300893299591273,10.250566482543945,45.0,"{""type"":""Point"",""coordinates"":[109.929150461721,18.759989139151163]}"
3523,0.0,31.0,126.0,40.138431549072266,113.0,18.57657534992746,109.798617556279,1891.49658203125,41.0,8.413890838623047,5.0,1.0,0.5832371992195512,11.60758113861084,46.0,"{""type"":""Point"",""coordinates"":[109.79980901701478,18.576432012536024]}"
3524,0.0,33.0,118.0,7.342995643615723,114.0,19.60963792666491,109.4392914426312,1655.2608642578125,44.0,0.7792226672172546,4.0,3.0,0.6478800720943358,13.998994827270508,34.0,"{""type"":""Point"",""coordinates"":[109.43826416296892,19.610402182714537]}"
3525,0.0,31.0,47.0,10.824006080627441,42.0,19.344634917849653,110.44091298442447,2188.79833984375,39.0,0.5193130970001221,3.0,3.0,0.7221024326434505,14.42780876159668,40.0,"{""type"":""Point"",""coordinates"":[110.43930721248226,19.342504412609387]}"
3526,0.0,29.0,56.0,7.448306083679199,47.0,19.793792559909413,110.23879204549758,1767.1629638671875,43.0,0.5867995619773865,8.0,4.0,0.7298072265501719,14.04314136505127,32.0,"{""type"":""Point"",""coordinates"":[110.24069939932123,19.79167960979813]}"
3527,0.0,27.0,93.0,7.5286688804626465,92.0,19.847691476956584,110.1579436699268,1587.4488525390625,43.0,0.9257465600967407,5.0,4.0,0.658908381581555,13.557978630065918,33.0,"{""type"":""Point"",""coordinates"":[110.15664846572488,19.84899331842818]}"
3528,0.0,21.0,5.0,3.764476776123047,5.0,18.85954466442511,108.64877399260598,1154.085205078125,56.0,0.6249545216560364,2.0,2.0,0.6758354861642849,14.196730613708496,46.0,"{""type"":""Point"",""coordinates"":[108.65097394843968,18.85815303458752]}"
3529,0.0,24.0,40.0,5.515120506286621,40.0,18.527168009300887,109.9513311545793,1794.5362548828125,53.0,0.1338983178138733,2.0,1.0,0.6840324644795456,15.806901931762695,44.0,"{""type"":""Point"",""coordinates"":[109.95119667229352,18.529015595718672]}"
3530,0.0,28.0,459.0,66.19864654541016,421.0,19.043699297669612,110.07260371793546,2215.62158203125,46.0,15.164899826049805,3.0,2.0,0.5587475588229,10.772808074951172,46.0,"{""type"":""Point"",""coordinates"":[110.07292580130024,19.04298502440804]}"
3531,0.0,28.0,44.0,29.488758087158203,44.0,18.45979436299192,109.88395750827033,1924.36962890625,46.0,4.711870193481445,5.0,1.0,0.6773910638331376,12.241547584533691,43.0,"{""type"":""Point"",""coordinates"":[109.88337517271715,18.458290434490834]}"
3532,0.0,24.0,2.0,5.252443313598633,4.0,19.650062114450293,110.87659589722244,1413.048583984375,45.0,0.812170684337616,2.0,3.0,0.714546477997748,13.082351684570312,41.0,"{""type"":""Point"",""coordinates"":[110.87461348385831,19.649943561064795]}"
3533,0.0,27.0,25.0,7.368462562561035,26.0,19.38505910563503,108.77902970880336,1237.3038330078125,46.0,1.7870928049087524,3.0,3.0,0.6668082527210779,13.224039077758789,43.0,"{""type"":""Point"",""coordinates"":[108.78121238397607,19.387296725430573]}"
3534,0.0,36.0,27.0,9.842716217041016,27.0,19.77133467780643,109.48420720683714,1412.1412353515625,42.0,2.233189582824707,4.0,4.0,0.7198999956354802,12.999856948852539,33.0,"{""type"":""Point"",""coordinates"":[109.48407819675309,19.771641007994152]}"
3535,0.0,23.0,35.0,8.3336181640625,35.0,18.8775109701075,108.73411394459737,1323.850830078125,53.0,1.7907830476760864,2.0,2.0,0.6516801541422657,13.216167449951172,45.0,"{""type"":""Point"",""coordinates"":[108.73358085999234,18.87554728563002]}"
3536,0.0,27.0,433.0,43.408241271972656,368.0,18.998783533463637,109.99624691878529,2065.14892578125,48.0,9.011917114257812,4.0,2.0,0.5809507723747109,11.328598976135254,44.0,"{""type"":""Point"",""coordinates"":[109.99747395362799,19.00079358640339]}"
3537,0.0,21.0,29.0,4.9499897956848145,29.0,19.084123485454995,108.70267290965319,1277.7833251953125,57.0,0.767542839050293,2.0,2.0,0.6680408402277396,14.06713581085205,43.0,"{""type"":""Point"",""coordinates"":[108.70186987407683,19.08604124836817]}"
3538,0.0,27.0,364.0,19.876359939575195,211.0,18.783187865274954,109.37191779632224,1760.7193603515625,50.0,3.8671584129333496,4.0,1.0,0.5754616155904082,12.232391357421875,46.0,"{""type"":""Point"",""coordinates"":[109.37052431650825,18.78397798368647]}"
3539,0.0,24.0,21.0,8.6281099319458,21.0,19.097598214716783,110.40048879663908,2092.5068359375,51.0,0.31143271923065186,4.0,2.0,0.7472832327672931,14.973828315734863,39.0,"{""type"":""Point"",""coordinates"":[110.40025877620532,19.095587853484727]}"
3540,0.0,29.0,319.0,13.543167114257812,271.0,18.666406878339416,109.0754737525628,1693.8157958984375,41.0,2.141129493713379,4.0,1.0,0.5842231613567295,12.856538772583008,45.0,"{""type"":""Point"",""coordinates"":[109.07542000694679,18.66590693955265]}"
3541,0.0,26.0,47.0,24.853017807006836,29.0,18.608016384871647,109.78963440343779,1884.4619140625,44.0,3.6496589183807373,4.0,1.0,0.6854323861831424,12.496145248413086,45.0,"{""type"":""Point"",""coordinates"":[109.7905968192327,18.605858421956427]}"
3542,0.0,27.0,29.0,5.423447608947754,13.0,19.726418913600448,110.06811214151486,1767.74365234375,46.0,0.13469535112380981,4.0,3.0,0.7678908258005716,15.807372093200684,32.0,"{""type"":""Point"",""coordinates"":[110.06726830512747,19.724679692169236]}"
3543,0.0,23.0,162.0,9.355466842651367,66.0,19.322177035746662,109.33598518495745,1761.86865234375,53.0,0.9136875867843628,4.0,3.0,0.6754099671347492,13.812482833862305,37.0,"{""type"":""Point"",""coordinates"":[109.33431035667043,19.321629702273622]}"
3544,0.0,22.0,49.0,5.113236904144287,47.0,19.138022402502166,108.80597916732694,1485.2508544921875,57.0,0.4402107894420624,2.0,2.0,0.6781626406928726,14.611440658569336,39.0,"{""type"":""Point"",""coordinates"":[108.80673264783276,19.137353006748434]}"
3545,0.0,28.0,669.0,35.503074645996094,651.0,19.304210730064277,109.09793163466577,1701.610595703125,48.0,14.455825805664062,6.0,3.0,0.5604053389153276,10.645665168762207,38.0,"{""type"":""Point"",""coordinates"":[109.09831636675304,19.306258170722426]}"
3546,0.0,28.0,578.0,47.05036163330078,448.0,19.209887625231723,109.77615967417603,2176.3828125,41.0,9.454345703125,8.0,2.0,0.606594306647977,11.163375854492188,38.0,"{""type"":""Point"",""coordinates"":[109.77689362976251,19.21101637201328]}"
3547,0.0,26.0,49.0,28.26575469970703,49.0,18.40589544594475,109.01259168267438,1602.195068359375,47.0,7.140837669372559,4.0,1.0,0.6540620310990638,11.819931983947754,41.0,"{""type"":""Point"",""coordinates"":[109.01099219641628,18.40390415631309]}"
3548,0.0,32.0,52.0,26.50895118713379,51.0,18.608016384871647,110.01870480088826,1921.3636474609375,41.0,4.118986129760742,5.0,1.0,0.6577266625456808,12.37186336517334,46.0,"{""type"":""Point"",""coordinates"":[110.01684723145932,18.6073860065964]}"
3549,0.0,36.0,119.0,7.814408302307129,98.0,19.52429797467356,110.19836785771219,1920.052978515625,38.0,0.4594467878341675,5.0,3.0,0.6544779800070059,14.526697158813477,37.0,"{""type"":""Point"",""coordinates"":[110.19713887122181,19.522119479446015]}"
3550,0.0,27.0,34.0,8.447922706604004,34.0,19.870149359059575,109.83005859122318,1427.4068603515625,49.0,1.5232999324798584,2.0,4.0,0.7087692797964752,13.378613471984863,34.0,"{""type"":""Point"",""coordinates"":[109.82941968181738,19.86962801688388]}"
3551,0.0,21.0,22.0,4.2018585205078125,19.0,19.820742018433002,110.84964643869881,1460.5621337890625,56.0,0.38974255323410034,3.0,4.0,0.6749287468874339,13.372998237609863,47.0,"{""type"":""Point"",""coordinates"":[110.85024886743257,19.8201062429081]}"
3552,0.0,23.0,107.0,10.878179550170898,107.0,19.38505910563503,108.8733528136359,1454.0845947265625,56.0,2.236725330352783,3.0,3.0,0.5999045760325292,12.950786590576172,41.0,"{""type"":""Point"",""coordinates"":[108.8730770501303,19.38464690748659]}"
3553,0.0,30.0,126.0,13.570915222167969,110.0,19.452432751943995,110.4813371722098,1950.7633056640625,39.0,1.5046443939208984,5.0,3.0,0.6365260643411275,13.055168151855469,40.0,"{""type"":""Point"",""coordinates"":[110.48301985229331,19.454404588451634]}"
3554,0.0,27.0,35.0,8.58847713470459,35.0,18.594541655609852,110.04565425941183,1800.277587890625,42.0,0.6471959948539734,3.0,1.0,0.6801525463108566,14.234209060668945,46.0,"{""type"":""Point"",""coordinates"":[110.04341366804469,18.59610589575269]}"
3555,0.0,30.0,27.0,9.176246643066406,27.0,19.847691476956584,110.3690477616949,1665.0712890625,38.0,1.1702946424484253,8.0,4.0,0.732359571404338,13.356590270996094,35.0,"{""type"":""Point"",""coordinates"":[110.36695794040058,19.84899681509502]}"
3556,0.0,26.0,11.0,3.0742077827453613,13.0,19.69048630223567,110.96642742563438,1269.6038818359375,50.0,0.2983188033103943,3.0,3.0,0.6754076567443903,13.665188789367676,46.0,"{""type"":""Point"",""coordinates"":[110.96445436962017,19.690925554382762]}"
3557,0.0,23.0,63.0,8.273033142089844,32.0,19.483873786888182,110.31065726822715,2056.975830078125,52.0,0.2931798994541168,3.0,3.0,0.7385472620440237,15.009664535522461,37.0,"{""type"":""Point"",""coordinates"":[110.30977618709616,19.483599451019924]}"
3558,0.0,31.0,187.0,25.05734634399414,168.0,18.482252245094912,109.58751346451089,1812.69873046875,41.0,4.630153179168701,5.0,1.0,0.5873016159423975,12.171683311462402,46.0,"{""type"":""Point"",""coordinates"":[109.589719138335,18.48144042650542]}"
3559,0.0,24.0,40.0,7.528203964233398,32.0,19.681503149394473,110.41396352590084,1773.06396484375,52.0,0.5866393446922302,4.0,3.0,0.7448454847599222,14.055778503417969,32.0,"{""type"":""Point"",""coordinates"":[110.41385429423357,19.68245960643153]}"
3560,0.0,27.0,437.0,45.34351348876953,416.0,19.147005555343355,109.05301587045977,1712.580810546875,50.0,17.370641708374023,5.0,2.0,0.5519455873655443,10.646309852600098,41.0,"{""type"":""Point"",""coordinates"":[109.05267626629181,19.14550154525166]}"
3561,0.0,27.0,57.0,10.93769359588623,41.0,19.641078961609097,110.50379505431283,1828.426025390625,42.0,1.1726154088974,3.0,3.0,0.7298238080025433,13.349949836730957,33.0,"{""type"":""Point"",""coordinates"":[110.50584907360587,19.639823674627714]}"
3562,0.0,23.0,36.0,5.31182336807251,35.0,19.57370531530013,109.29106942075146,1581.78564453125,53.0,0.3252868056297302,2.0,3.0,0.7118303448472929,14.921600341796875,36.0,"{""type"":""Point"",""coordinates"":[109.29183355050662,19.571986408755986]}"
3563,0.0,23.0,37.0,8.427136421203613,23.0,19.694977878656267,110.15345209350619,1788.95703125,51.0,0.6494404077529907,3.0,3.0,0.7638050411564773,14.201793670654297,30.0,"{""type"":""Point"",""coordinates"":[110.15529606942458,19.695224345453553]}"
3564,0.0,28.0,7.0,3.7810604572296143,8.0,19.986930345995113,110.74184860460451,1478.4434814453125,40.0,0.12207194417715073,2.0,4.0,0.6891943730864608,14.56763744354248,47.0,"{""type"":""Point"",""coordinates"":[110.74363152116338,19.987874935733217]}"
3565,0.0,27.0,118.0,7.987791061401367,61.0,19.60514635024431,109.74022706281124,1736.3560791015625,46.0,0.6800330877304077,4.0,3.0,0.7007653517621459,14.135165214538574,33.0,"{""type"":""Point"",""coordinates"":[109.73919521330464,19.60297534960918]}"
3566,0.0,26.0,180.0,34.81886291503906,99.0,19.290736000802482,110.01870480088826,2184.4326171875,52.0,4.7038702964782715,4.0,3.0,0.6442549367610259,12.160280227661133,38.0,"{""type"":""Point"",""coordinates"":[110.01812934023428,19.291584751033607]}"
3567,0.0,29.0,25.0,12.96457576751709,27.0,19.052682450510808,110.44540456084502,2092.5068359375,42.0,0.9355576038360596,3.0,2.0,0.7326797589532491,13.85218334197998,40.0,"{""type"":""Point"",""coordinates"":[110.44574811257762,19.05161534923902]}"
3568,0.0,22.0,22.0,4.557131767272949,22.0,18.841578358742723,108.69818133323258,1247.133056640625,52.0,0.668171226978302,2.0,2.0,0.6746913878649646,14.209854125976562,43.0,"{""type"":""Point"",""coordinates"":[108.69687896342306,18.841984921291886]}"
3569,0.0,25.0,15.0,10.262904167175293,15.0,19.12903924966097,110.41845510232145,2184.841064453125,50.0,0.4401884973049164,3.0,2.0,0.7541535196206416,14.631258964538574,40.0,"{""type"":""Point"",""coordinates"":[110.42048860317179,19.128498326944197]}"
3570,0.0,27.0,165.0,50.452857971191406,160.0,18.482252245094912,109.63242922871689,1970.134033203125,48.0,11.044768333435059,4.0,1.0,0.58059956858164,11.305960655212402,45.0,"{""type"":""Point"",""coordinates"":[109.63261801104451,18.483694144986277]}"
3571,0.0,24.0,69.0,7.602924346923828,69.0,19.83421674769479,110.07260371793546,1588.25830078125,49.0,0.9348722696304321,3.0,4.0,0.6800304281202894,13.567200660705566,34.0,"{""type"":""Point"",""coordinates"":[110.07086796847997,19.83428567927751]}"
3572,0.0,23.0,6.0,6.034963130950928,9.0,18.751746830330767,110.40498037305969,1801.55712890625,49.0,0.18242958188056946,2.0,1.0,0.7029959321195046,15.498201370239258,48.0,"{""type"":""Point"",""coordinates"":[110.40710278413903,18.752934956458905]}"
3573,0.0,28.0,38.0,6.309637069702148,38.0,19.793792559909413,110.55769397135998,1627.6031494140625,40.0,0.5476599931716919,5.0,4.0,0.7082087686542536,13.964096069335938,37.0,"{""type"":""Point"",""coordinates"":[110.55831112513793,19.79498693638682]}"
3574,0.0,27.0,69.0,14.582977294921875,64.0,18.980817227781245,110.32862357390951,2047.5325927734375,43.0,1.2285630702972412,4.0,2.0,0.676845146387763,13.57314682006836,42.0,"{""type"":""Point"",""coordinates"":[110.32745634779486,18.98118479328478]}"
3575,0.0,30.0,31.0,6.685267925262451,31.0,19.645570538029695,110.6879496875573,1746.6864013671875,45.0,0.5167214870452881,5.0,3.0,0.7370957167444893,14.028542518615723,34.0,"{""type"":""Point"",""coordinates"":[110.6869137924306,19.644416487294166]}"
3576,0.0,25.0,178.0,23.905393600463867,178.0,19.371584376373235,108.85089493153288,1454.0845947265625,53.0,8.060906410217285,4.0,3.0,0.5745425273480458,11.61853313446045,42.0,"{""type"":""Point"",""coordinates"":[108.85190087859596,19.37291407513028]}"
3577,0.0,24.0,82.0,6.536177635192871,68.0,19.735402066441644,109.93336484889693,1735.831298828125,52.0,0.3896965980529785,3.0,3.0,0.6910316776655958,14.713762283325195,34.0,"{""type"":""Point"",""coordinates"":[109.93558211868655,19.734030907107314]}"
3578,0.0,32.0,115.0,7.8819403648376465,112.0,19.614129503085508,109.4392914426312,1655.2608642578125,43.0,0.8689083456993103,4.0,3.0,0.6477240457330158,13.891873359680176,34.0,"{""type"":""Point"",""coordinates"":[109.43887534449725,19.613647425172246]}"
3579,0.0,26.0,83.0,7.778436660766602,81.0,19.614129503085508,109.41683356052818,1655.2608642578125,50.0,0.7932732105255127,4.0,3.0,0.6710202197347421,14.002315521240234,34.0,"{""type"":""Point"",""coordinates"":[109.41597467019106,19.613021158958393]}"
3580,0.0,26.0,68.0,57.67619323730469,65.0,19.223362354493517,110.3645561852743,2412.95166015625,51.0,7.3765082359313965,3.0,2.0,0.6950775977794413,11.77589225769043,37.0,"{""type"":""Point"",""coordinates"":[110.36618992946498,19.221794382551295]}"
3581,0.0,29.0,196.0,18.016944885253906,79.0,18.71581421896599,109.0709821761422,1680.666748046875,43.0,3.3591818809509277,4.0,1.0,0.6147801564297389,12.487841606140137,44.0,"{""type"":""Point"",""coordinates"":[109.07134902018528,18.717883023821013]}"
3582,0.0,25.0,18.0,4.430082321166992,20.0,19.65455369087089,110.92600323784899,1321.1820068359375,47.0,0.7938355803489685,4.0,3.0,0.6873753283613389,12.981884002685547,42.0,"{""type"":""Point"",""coordinates"":[110.9243594930854,19.65367208427454]}"
3583,0.0,26.0,661.0,44.85017776489258,553.0,18.832595205901526,109.73124390997003,1915.739013671875,46.0,14.047431945800781,5.0,2.0,0.5411963605812398,10.682899475097656,45.0,"{""type"":""Point"",""coordinates"":[109.73154873083092,18.833219533674022]}"
3584,0.0,24.0,5.0,3.5893893241882324,5.0,19.510823245411764,108.94521803636547,1326.8631591796875,51.0,0.22943836450576782,4.0,3.0,0.7245533207449247,15.288582801818848,38.0,"{""type"":""Point"",""coordinates"":[108.94402096584487,19.51118570239078]}"
3585,0.0,25.0,46.0,22.17449378967285,46.0,18.356488105318178,109.4347998662106,1794.7120361328125,49.0,3.584364414215088,4.0,0.0,0.6795993381362041,12.51483154296875,41.0,"{""type"":""Point"",""coordinates"":[109.43282666175799,18.3571270583393]}"
3586,0.0,22.0,133.0,7.146453380584717,117.0,19.546755856776542,109.45725774831357,1731.3953857421875,58.0,0.5507879257202148,4.0,3.0,0.643372633493054,14.336750984191895,36.0,"{""type"":""Point"",""coordinates"":[109.45889498439686,19.547203935337773]}"
3587,0.0,27.0,678.0,27.794870376586914,474.0,18.85954466442511,109.58751346451089,1743.0345458984375,48.0,8.616652488708496,6.0,2.0,0.547426349499889,11.168682098388672,45.0,"{""type"":""Point"",""coordinates"":[109.58642574400443,18.859825639739945]}"
3588,0.0,21.0,40.0,9.812198638916016,26.0,19.60963792666491,110.18938470487097,1831.189697265625,53.0,0.8053854703903198,3.0,3.0,0.7399784136791774,14.012598037719727,35.0,"{""type"":""Point"",""coordinates"":[110.1913678776722,19.607658419851596]}"
3589,0.0,25.0,65.0,9.4105863571167,57.0,18.616999537712843,109.91090696679396,1941.3968505859375,47.0,0.5940420627593994,4.0,1.0,0.6632566098805865,14.302288055419922,46.0,"{""type"":""Point"",""coordinates"":[109.91246637515563,18.615775519131855]}"
3590,0.0,23.0,36.0,10.475726127624512,28.0,19.672519996553277,110.35108145601248,1807.9161376953125,53.0,1.1486601829528809,2.0,3.0,0.748164018004097,13.38680648803711,32.0,"{""type"":""Point"",""coordinates"":[110.34937048422324,19.672990104034547]}"
3591,0.0,28.0,517.0,13.963510513305664,366.0,18.819120476639732,109.35395149063982,1709.54736328125,48.0,2.533665180206299,6.0,1.0,0.5689464236346887,12.539319038391113,46.0,"{""type"":""Point"",""coordinates"":[109.35177689126076,18.819991103425334]}"
3592,0.0,25.0,30.0,9.081330299377441,33.0,18.908952005051688,110.40048879663908,1966.1087646484375,50.0,0.5302751064300537,3.0,2.0,0.7064324022136106,14.436384201049805,43.0,"{""type"":""Point"",""coordinates"":[110.40069370134186,18.910692636295035]}"
3593,0.0,27.0,98.0,26.930992126464844,98.0,18.26216500048563,109.53810612388435,1646.2528076171875,49.0,6.537399768829346,4.0,0.0,0.6099879793785422,11.879871368408203,39.0,"{""type"":""Point"",""coordinates"":[109.53605775133244,18.26309288247707]}"
3594,0.0,26.0,360.0,19.726560592651367,352.0,18.51818485645969,109.19225473949831,1724.076171875,53.0,4.116344928741455,4.0,1.0,0.5817535052679678,12.17262077331543,44.0,"{""type"":""Point"",""coordinates"":[109.19049968553178,18.519114363370946]}"
3595,0.0,27.0,8.0,4.568136692047119,8.0,19.955489311050925,110.40048879663908,1567.2125244140625,41.0,0.2109660655260086,3.0,4.0,0.7260696647231956,14.481941223144531,40.0,"{""type"":""Point"",""coordinates"":[110.40195071424743,19.95524671937539]}"
3596,0.0,28.0,405.0,49.37421798706055,372.0,18.74276367748957,109.96929746026171,2163.583251953125,47.0,9.632070541381836,7.0,1.0,0.5792316819792798,11.281866073608398,46.0,"{""type"":""Point"",""coordinates"":[109.9683595787261,18.74131185210041]}"
3597,0.0,27.0,27.0,8.74347972869873,26.0,19.57819689172073,110.66998338187494,1814.3538818359375,47.0,0.8390897512435913,5.0,3.0,0.7591551679173897,13.547262191772461,31.0,"{""type"":""Point"",""coordinates"":[110.66823431704228,19.57632323303264]}"
3598,0.0,30.0,356.0,34.03057861328125,233.0,18.922426734313476,109.88395750827033,2011.536865234375,40.0,6.025716304779053,4.0,2.0,0.5829628463468948,11.792445182800293,46.0,"{""type"":""Point"",""coordinates"":[109.88357389942654,18.921680439679275]}"
3599,0.0,27.0,2.0,3.6114859580993652,3.0,20.031846110201087,110.42743825516266,1459.57275390625,40.0,0.057359881699085236,3.0,4.0,0.7214985813091211,15.732784271240234,41.0,"{""type"":""Point"",""coordinates"":[110.42592079561175,20.032620230843598]}"
3600,0.0,32.0,160.0,8.120223999023438,33.0,18.73378052464838,109.0754737525628,1680.666748046875,39.0,0.8387297987937927,4.0,1.0,0.6809805438668723,13.899353981018066,43.0,"{""type"":""Point"",""coordinates"":[109.07355311452723,18.7353252490537]}"
3601,0.0,25.0,86.0,5.947004318237305,80.0,19.52429797467356,109.36293464348103,1695.0518798828125,53.0,0.34949466586112976,3.0,3.0,0.6618310423948554,14.820247650146484,37.0,"{""type"":""Point"",""coordinates"":[109.36284219076057,19.522877877373368]}"
3602,0.0,29.0,196.0,41.478065490722656,187.0,18.57657534992746,109.86149962616736,1951.382568359375,42.0,8.243524551391602,4.0,1.0,0.5908839851587903,11.58432388305664,44.0,"{""type"":""Point"",""coordinates"":[109.86116648978452,18.577391213880077]}"
3604,0.0,27.0,21.0,4.252959251403809,22.0,19.811758865591806,109.21920419802188,1289.7923583984375,43.0,0.48773664236068726,3.0,4.0,0.7230847057552736,14.525221824645996,33.0,"{""type"":""Point"",""coordinates"":[109.21728695540966,19.811597350961968]}"
3605,0.0,35.0,58.0,6.630212783813477,57.0,19.596163197403122,109.34496833779866,1572.2099609375,39.0,0.7290470004081726,3.0,3.0,0.6893320557810436,14.10162353515625,35.0,"{""type"":""Point"",""coordinates"":[109.3453086426195,19.594718420858094]}"
3606,0.0,22.0,12.0,6.263559818267822,12.0,18.46428593941252,109.98277218952347,1784.982177734375,54.0,0.25936371088027954,2.0,1.0,0.7113616543709339,15.161969184875488,45.0,"{""type"":""Point"",""coordinates"":[109.9848380477587,18.464185391361102]}"
3607,0.0,33.0,722.0,32.2967643737793,668.0,18.98980038062244,109.09793163466577,1673.870849609375,39.0,13.631205558776855,7.0,2.0,0.5544663154515034,10.656643867492676,39.0,"{""type"":""Point"",""coordinates"":[109.09935136028493,18.991084081255405]}"
3608,0.0,23.0,76.0,10.560797691345215,35.0,19.677011572973875,109.77615967417603,1674.394775390625,53.0,1.3360986709594727,3.0,3.0,0.7254896234570751,13.485042572021484,33.0,"{""type"":""Point"",""coordinates"":[109.7776089438449,19.677931086630203]}"
3609,0.0,24.0,8.0,4.1298370361328125,9.0,19.955489311050925,110.70142441681912,1478.4434814453125,45.0,0.25074291229248047,4.0,4.0,0.6935522475628841,13.845600128173828,46.0,"{""type"":""Point"",""coordinates"":[110.69985403856471,19.9543444140762]}"
3610,0.0,24.0,170.0,20.285253524780273,150.0,18.85056151158392,110.17590997560922,2022.827880859375,49.0,2.3026835918426514,4.0,2.0,0.6073884931454816,12.882643699645996,46.0,"{""type"":""Point"",""coordinates"":[110.17489373596804,18.851044164935995]}"
3611,0.0,25.0,24.0,10.25421142578125,15.0,19.66353684371208,110.22980889265637,1809.589599609375,48.0,0.9668814539909363,4.0,3.0,0.7654320513053428,13.801376342773438,32.0,"{""type"":""Point"",""coordinates"":[110.2280982401677,19.661789997444576]}"
3612,0.0,21.0,30.0,5.681879043579102,32.0,19.730910490021046,110.84964643869881,1531.42919921875,55.0,0.7292008996009827,4.0,3.0,0.686160888499704,13.148140907287598,42.0,"{""type"":""Point"",""coordinates"":[110.84934320175846,19.73258994389678]}"
3613,0.0,22.0,99.0,13.879308700561523,61.0,19.546755856776542,109.87048277900857,1819.9947509765625,53.0,1.6373803615570068,4.0,3.0,0.6856502518955743,13.267788887023926,37.0,"{""type"":""Point"",""coordinates"":[109.87182525766255,19.5461795139761]}"
3614,0.0,24.0,38.0,6.094531059265137,39.0,19.317685459326064,108.73860552101797,1291.7176513671875,55.0,1.181658148765564,2.0,3.0,0.6692908038976113,13.63033676147461,40.0,"{""type"":""Point"",""coordinates"":[108.73777842500802,19.319429260403908]}"
3615,0.0,29.0,254.0,56.02098083496094,254.0,18.52267643288029,109.82107543838197,1929.65087890625,46.0,15.022544860839844,5.0,1.0,0.5622884873174198,10.929856300354004,45.0,"{""type"":""Point"",""coordinates"":[109.82281414706513,18.522101147336027]}"
3616,0.0,20.0,13.0,1.9758059978485107,13.0,19.084123485454995,108.64428241618543,964.8928833007812,57.0,0.18246965110301971,2.0,2.0,0.6607087156115543,15.513045310974121,45.0,"{""type"":""Point"",""coordinates"":[108.64488582929955,19.085780401940085]}"
3617,0.0,29.0,64.0,11.938380241394043,26.0,19.52429797467356,109.96480588384111,1900.6961669921875,44.0,1.1358296871185303,4.0,3.0,0.7377953600333538,13.654617309570312,36.0,"{""type"":""Point"",""coordinates"":[109.96449985190587,19.525332584821182]}"
3618,0.0,27.0,714.0,43.537376403808594,559.0,18.6888647604424,109.34047676137806,1819.1854248046875,50.0,17.645286560058594,5.0,1.0,0.5189283552338424,10.393060684204102,46.0,"{""type"":""Point"",""coordinates"":[109.34192940157462,18.6867732504197]}"
3619,0.0,30.0,10.0,8.149822235107422,10.0,19.317685459326064,110.62955919408955,1853.3997802734375,41.0,0.5863186717033386,6.0,3.0,0.7463338091757483,14.079105377197266,39.0,"{""type"":""Point"",""coordinates"":[110.63098259414559,19.31799523824186]}"
3620,0.0,29.0,68.0,28.988534927368164,53.0,19.052682450510808,110.23879204549758,2107.4267578125,40.0,3.493623733520508,4.0,2.0,0.6751434051375034,12.527559280395508,44.0,"{""type"":""Point"",""coordinates"":[110.23854615138475,19.05309006731442]}"
3621,0.0,27.0,34.0,8.506448745727539,25.0,19.618621079506106,110.35557303243309,1790.65234375,48.0,0.7849566340446472,3.0,3.0,0.7348537588901913,13.76913070678711,36.0,"{""type"":""Point"",""coordinates"":[110.35766125277115,19.620860379889486]}"
3622,0.0,26.0,36.0,11.063017845153809,32.0,19.263786542278893,108.84191177869172,1448.96337890625,52.0,2.300388813018799,2.0,2.0,0.6741432657180526,12.964947700500488,42.0,"{""type"":""Point"",""coordinates"":[108.8407826750011,19.263778691728593]}"
3623,0.0,28.0,63.0,10.909246444702148,42.0,19.57819689172073,110.13997736424443,1878.47607421875,48.0,1.0218969583511353,4.0,3.0,0.7281065998510543,13.760937690734863,34.0,"{""type"":""Point"",""coordinates"":[110.13847321579715,19.57837634564289]}"
3624,0.0,25.0,230.0,32.830020904541016,171.0,19.084123485454995,109.94683957815869,1922.5029296875,47.0,5.868077278137207,4.0,2.0,0.5992340623401582,11.905560493469238,43.0,"{""type"":""Point"",""coordinates"":[109.94633123575136,19.085822347735416]}"
3625,0.0,23.0,145.0,46.996246337890625,116.0,19.488365363308773,110.1624352463474,2070.307373046875,53.0,8.22442626953125,4.0,3.0,0.6313051748708185,11.618926048278809,37.0,"{""type"":""Point"",""coordinates"":[110.16195571391658,19.49026060051086]}"
3626,0.0,24.0,228.0,14.023425102233887,107.0,19.043699297669612,109.87048277900857,1880.0546875,51.0,1.6068017482757568,4.0,2.0,0.6203270571178652,13.205397605895996,41.0,"{""type"":""Point"",""coordinates"":[109.87014071241795,19.044506161219065]}"
3627,0.0,23.0,1317.0,21.125999450683594,1227.0,19.079631909034397,109.17428843381595,1659.8680419921875,49.0,16.35703468322754,13.0,2.0,0.5081810492719767,9.603804588317871,41.0,"{""type"":""Point"",""coordinates"":[109.17497018094096,19.078068602951532]}"
3628,0.0,29.0,25.0,7.102376461029053,22.0,19.753368372124037,110.3241319974889,1734.70654296875,46.0,0.5867417454719543,4.0,4.0,0.7634980417322628,14.067059516906738,30.0,"{""type"":""Point"",""coordinates"":[110.3237220379955,19.754325994117718]}"
3629,0.0,28.0,268.0,11.287288665771484,146.0,18.805645747377937,109.90192381395275,1902.079345703125,43.0,1.0442664623260498,4.0,1.0,0.6123255816665912,13.609883308410645,43.0,"{""type"":""Point"",""coordinates"":[109.90300648563965,18.806814324580063]}"
3630,0.0,28.0,29.0,5.601179599761963,27.0,19.793792559909413,110.40947194948029,1730.27587890625,42.0,0.21588681638240814,6.0,4.0,0.7423750712387708,15.063878059387207,34.0,"{""type"":""Point"",""coordinates"":[110.41044513998895,19.793005315620167]}"
3631,0.0,28.0,255.0,33.30702590942383,152.0,18.864036240845707,109.99175534236468,2037.5562744140625,49.0,5.578201770782471,4.0,2.0,0.5920693110895439,11.939997673034668,46.0,"{""type"":""Point"",""coordinates"":[109.99049573542298,18.864198938194583]}"
3632,0.0,30.0,25.0,4.311182498931885,26.0,19.80277571275061,109.2326789272837,1289.7923583984375,38.0,0.5141597390174866,3.0,4.0,0.7183151669809124,14.470147132873535,33.0,"{""type"":""Point"",""coordinates"":[109.23384455012736,19.80224899849405]}"
3633,0.0,25.0,171.0,10.736949920654297,113.0,19.46590748120579,109.53361454746374,1794.506591796875,53.0,1.1871607303619385,4.0,3.0,0.646997970734416,13.544917106628418,35.0,"{""type"":""Point"",""coordinates"":[109.53558407942307,19.464890478666543]}"
3634,0.0,37.0,91.0,5.259458541870117,66.0,19.757859948544635,109.76268494491421,1503.7249755859375,37.0,0.5140599012374878,5.0,4.0,0.6798289246499611,14.431375503540039,34.0,"{""type"":""Point"",""coordinates"":[109.76482601518758,19.759158362284793]}"
3635,0.0,33.0,649.0,33.134727478027344,536.0,18.922426734313476,109.09344005824516,1570.7598876953125,41.0,16.405061721801758,7.0,2.0,0.5366834794508691,10.531148910522461,41.0,"{""type"":""Point"",""coordinates"":[109.09414563267907,18.923393694005046]}"
3636,0.0,26.0,48.0,11.478310585021973,40.0,19.71743576075925,110.47235401936865,1722.1575927734375,48.0,1.6338915824890137,5.0,3.0,0.7251530878289267,13.025070190429688,33.0,"{""type"":""Point"",""coordinates"":[110.47260795568499,19.715703207824284]}"
3637,0.0,26.0,215.0,15.011435508728027,75.0,18.79217101811615,109.28208626791024,1635.5933837890625,51.0,2.805332660675049,4.0,1.0,0.6173048689539861,12.656078338623047,44.0,"{""type"":""Point"",""coordinates"":[109.28378355614174,18.7939487170373]}"
3638,0.0,22.0,38.0,7.055782794952393,29.0,19.60514635024431,110.3151488446477,1817.6885986328125,54.0,0.36980941891670227,4.0,3.0,0.7294750280563402,14.754096031188965,37.0,"{""type"":""Point"",""coordinates"":[110.31396235916529,19.605442369126283]}"
3639,0.0,25.0,215.0,23.454124450683594,104.0,19.030224568407817,109.92438169605572,1918.6240234375,50.0,3.5284218788146973,4.0,2.0,0.6122254511288708,12.426283836364746,42.0,"{""type"":""Point"",""coordinates"":[109.92345155878024,19.032040871742]}"
3640,0.0,26.0,671.0,58.92919921875,518.0,19.151497131763954,109.77615967417603,2172.21240234375,48.0,15.806099891662598,5.0,2.0,0.5622730370975378,10.550230026245117,42.0,"{""type"":""Point"",""coordinates"":[109.7773337927125,19.15351330843339]}"
3641,0.0,30.0,32.0,11.028165817260742,23.0,19.757859948544635,110.23879204549758,1767.1629638671875,41.0,1.393938660621643,4.0,4.0,0.7477595068190622,13.196264266967773,33.0,"{""type"":""Point"",""coordinates"":[110.23992561910218,19.758578523982447]}"
3642,0.0,26.0,32.0,6.6375861167907715,14.0,19.71294418433866,110.03217953015007,1747.43212890625,42.0,0.3495071232318878,4.0,3.0,0.7600960834582278,14.852110862731934,33.0,"{""type"":""Point"",""coordinates"":[110.03171956880261,19.713440697616086]}"
3643,0.0,27.0,82.0,8.551047325134277,52.0,19.57370531530013,110.05014583583244,1903.7869873046875,46.0,0.530387818813324,4.0,3.0,0.7191226963742807,14.405508995056152,34.0,"{""type"":""Point"",""coordinates"":[110.04982093825465,19.571799244397372]}"
3644,0.0,24.0,157.0,13.619650840759277,71.0,19.389550682055628,109.38090094916339,1765.5191650390625,56.0,1.9213387966156006,4.0,3.0,0.6847305490010358,13.072044372558594,33.0,"{""type"":""Point"",""coordinates"":[109.37970123526343,19.387839768836987]}"
3645,0.0,21.0,43.0,18.248424530029297,43.0,18.3205554939534,109.17428843381595,1568.0506591796875,58.0,3.8986546993255615,3.0,0.0,0.6773709988170356,12.432299613952637,39.0,"{""type"":""Point"",""coordinates"":[109.17629070273246,18.322337693314587]}"
3646,0.0,22.0,37.0,7.989749908447266,28.0,19.60514635024431,110.40498037305969,1837.786376953125,53.0,0.5506730079650879,4.0,3.0,0.7356787887753623,14.121354103088379,36.0,"{""type"":""Point"",""coordinates"":[110.40527742950334,19.60495271403874]}"
3647,0.0,25.0,73.0,9.546869277954102,71.0,19.55124743319714,109.31801887927503,1572.2099609375,51.0,1.388424277305603,3.0,3.0,0.6616854474335224,13.448400497436523,37.0,"{""type"":""Point"",""coordinates"":[109.3173184150805,19.55272318370823]}"
3648,0.0,31.0,373.0,31.732040405273438,217.0,18.805645747377937,109.3898841020046,1709.54736328125,46.0,9.493691444396973,5.0,1.0,0.5648496476959841,11.320087432861328,44.0,"{""type"":""Point"",""coordinates"":[109.3893307496385,18.805950156680687]}"
3649,0.0,25.0,62.0,7.975522041320801,62.0,19.52429797467356,109.1877631630777,1547.03271484375,51.0,1.0483800172805786,2.0,3.0,0.6845917066037919,13.73593807220459,34.0,"{""type"":""Point"",""coordinates"":[109.18638413276196,19.525760361502673]}"
3650,0.0,27.0,153.0,23.430580139160156,118.0,18.917935157892877,110.12650263498261,2021.0389404296875,49.0,3.0522639751434326,4.0,2.0,0.6146665637346516,12.611115455627441,44.0,"{""type"":""Point"",""coordinates"":[110.12729892720319,18.919299526051912]}"
3651,0.0,30.0,504.0,38.20949172973633,459.0,18.62598269055404,109.58751346451089,1926.8843994140625,46.0,9.825380325317383,4.0,1.0,0.5627354963450784,11.185270309448242,45.0,"{""type"":""Point"",""coordinates"":[109.58861440429013,18.62522646745187]}"
3652,0.0,23.0,10.0,4.317338943481445,9.0,18.477760668674314,108.89581069573887,1382.05810546875,49.0,0.333407998085022,2.0,1.0,0.7035295923954455,14.911977767944336,42.0,"{""type"":""Point"",""coordinates"":[108.89606527119375,18.47877073386557]}"
3653,0.0,27.0,6.0,6.335487365722656,7.0,19.88811566474196,110.58913500630416,1642.60595703125,42.0,0.6699091792106628,3.0,4.0,0.7215433260137236,13.269050598144531,42.0,"{""type"":""Point"",""coordinates"":[110.59008440519415,19.887910164994697]}"
3654,0.0,28.0,160.0,36.80872344970703,55.0,18.91344358147228,109.96480588384111,2163.119140625,45.0,5.04041862487793,3.0,2.0,0.659937717954253,12.103485107421875,45.0,"{""type"":""Point"",""coordinates"":[109.96400049853493,18.91376356664383]}"
3655,0.0,21.0,138.0,10.865281105041504,56.0,19.358109647111448,109.77166809775542,1946.9384765625,55.0,0.8357899188995361,4.0,3.0,0.6948390075261706,13.916589736938477,38.0,"{""type"":""Point"",""coordinates"":[109.7733708361736,19.356521955662355]}"
3656,0.0,21.0,66.0,9.615796089172363,60.0,19.10208979113738,108.83292862585051,1485.2508544921875,60.0,1.714570164680481,2.0,2.0,0.654077234047009,13.24146556854248,40.0,"{""type"":""Point"",""coordinates"":[108.8315402532654,19.103891107867547]}"
3657,0.0,27.0,389.0,31.165599822998047,379.0,18.531659585721485,109.15183055171292,1724.076171875,52.0,8.994441986083984,4.0,1.0,0.5609322453156654,11.363386154174805,45.0,"{""type"":""Point"",""coordinates"":[109.15154717446198,18.53166261873353]}"
3658,0.0,31.0,579.0,17.999235153198242,512.0,18.59903323203045,109.44827459547236,1877.519287109375,41.0,3.000957727432251,6.0,1.0,0.5734372702784362,12.31828498840332,46.0,"{""type"":""Point"",""coordinates"":[109.44953330535355,18.597274922891994]}"
3659,0.0,29.0,749.0,18.366153717041016,705.0,18.706831066124792,108.91826857784184,1440.05810546875,47.0,8.32834529876709,7.0,1.0,0.5190003804957755,11.134819984436035,47.0,"{""type"":""Point"",""coordinates"":[108.91933139501319,18.70527398438684]}"
3660,0.0,26.0,527.0,53.780216217041016,372.0,19.147005555343355,109.753701792073,2038.2513427734375,48.0,14.268940925598145,4.0,2.0,0.5670916619630157,10.782444953918457,42.0,"{""type"":""Point"",""coordinates"":[109.75421562845119,19.148680941393476]}"
3661,0.0,33.0,386.0,18.658906936645508,209.0,19.205396048811124,109.50666508894017,1887.1871337890625,38.0,2.8484714031219482,4.0,2.0,0.6202516174626154,12.522847175598145,38.0,"{""type"":""Point"",""coordinates"":[109.50770475370727,19.203258484062662]}"
3662,0.0,21.0,8.0,6.402961254119873,8.0,18.473269092253716,110.06811214151486,1827.2127685546875,46.0,0.18239670991897583,2.0,1.0,0.7232633473764505,15.516316413879395,44.0,"{""type"":""Point"",""coordinates"":[110.06729640777688,18.471865336528285]}"
3663,0.0,28.0,173.0,26.082326889038086,98.0,19.367092799952644,109.83005859122318,1993.51513671875,44.0,3.670532703399658,5.0,3.0,0.6392467549018829,12.413653373718262,38.0,"{""type"":""Point"",""coordinates"":[109.83084124688702,19.366473278067247]}"
3664,0.0,22.0,258.0,21.954111099243164,143.0,19.29522757722308,109.40335883126642,1867.65478515625,55.0,3.471283435821533,3.0,3.0,0.6194918902073591,12.414275169372559,39.0,"{""type"":""Point"",""coordinates"":[109.40231015059217,19.29434255012186]}"
3665,0.0,28.0,353.0,15.780665397644043,333.0,18.549625891403878,109.14284739887177,1695.278564453125,50.0,3.0103580951690674,4.0,1.0,0.575126777795237,12.491345405578613,46.0,"{""type"":""Point"",""coordinates"":[109.14453710822251,18.547623299822696]}"
3666,0.0,24.0,16.0,5.15531063079834,16.0,20.000405075256907,110.35557303243309,1469.840576171875,47.0,0.6210750937461853,3.0,4.0,0.709533235873448,13.390932083129883,40.0,"{""type"":""Point"",""coordinates"":[110.35364266324467,20.002120406359644]}"
3667,0.0,29.0,16.0,3.749542474746704,14.0,19.77133467780643,110.79125594523106,1555.98583984375,49.0,0.057359881699085236,4.0,4.0,0.7106292003598939,15.71201229095459,42.0,"{""type"":""Point"",""coordinates"":[110.79133091346058,19.772171783459342]}"
3668,0.0,29.0,111.0,21.311508178710938,94.0,19.079631909034397,110.20285943413279,2107.4267578125,39.0,2.1743240356445312,4.0,2.0,0.6318970643257664,12.976675033569336,44.0,"{""type"":""Point"",""coordinates"":[110.20310776058989,19.080548041946404]}"
3669,0.0,25.0,330.0,21.239070892333984,139.0,19.052682450510808,109.69531129860525,1923.936279296875,48.0,3.0888540744781494,4.0,2.0,0.6114766347500679,12.48186206817627,41.0,"{""type"":""Point"",""coordinates"":[109.69602902158275,19.051495409199095]}"
3670,0.0,28.0,375.0,66.36844635009766,298.0,19.26827811869949,109.91539854321451,2151.8623046875,47.0,15.674262046813965,4.0,2.0,0.5949978679438579,10.801063537597656,38.0,"{""type"":""Point"",""coordinates"":[109.91622154651274,19.26901890669466]}"
3671,0.0,22.0,127.0,6.5191240310668945,111.0,18.594541655609852,109.03954114119801,1636.624755859375,54.0,0.5162250995635986,2.0,1.0,0.5877473383721639,14.40526008605957,47.0,"{""type"":""Point"",""coordinates"":[109.03998641985622,18.595439983949642]}"
3672,0.0,23.0,408.0,16.64436912536621,393.0,18.65293214907762,108.90928542500069,1501.0916748046875,53.0,4.4778666496276855,4.0,1.0,0.5470405728524828,12.053031921386719,48.0,"{""type"":""Point"",""coordinates"":[108.9088422190725,18.652641511579105]}"
3673,0.0,17.0,4.0,4.186036586761475,3.0,18.437336480888938,108.90928542500069,1418.3575439453125,60.0,0.23727139830589294,2.0,1.0,0.7219627778763624,15.255584716796875,40.0,"{""type"":""Point"",""coordinates"":[108.90778820906002,18.43627119708311]}"
3674,0.0,21.0,57.0,9.442978858947754,49.0,19.191921319549337,108.90479384858008,1700.58447265625,58.0,1.0470130443572998,3.0,2.0,0.6736857518159769,13.74019718170166,42.0,"{""type"":""Point"",""coordinates"":[108.90587154296936,19.1928113803589]}"
3675,0.0,29.0,721.0,38.166748046875,651.0,18.841578358742723,108.97665907130965,1582.7847900390625,49.0,22.370079040527344,9.0,2.0,0.5186161351547278,10.128671646118164,41.0,"{""type"":""Point"",""coordinates"":[108.97796570406302,18.842543211473643]}"
3676,0.0,24.0,1.0,6.166268348693848,4.0,18.76971313601316,110.44091298442447,1801.55712890625,42.0,0.18243172764778137,3.0,1.0,0.6962383527704724,15.501104354858398,51.0,"{""type"":""Point"",""coordinates"":[110.44182249329155,18.771624223440533]}"
3677,0.0,29.0,180.0,39.59084701538086,178.0,18.531659585721485,109.8031091326996,1929.65087890625,44.0,7.966153621673584,5.0,1.0,0.5834862740464081,11.629240989685059,46.0,"{""type"":""Point"",""coordinates"":[109.8009581232098,18.53325594468757]}"
3678,0.0,28.0,85.0,5.575101852416992,85.0,19.537772703935353,109.16530528097474,1547.03271484375,49.0,0.49027013778686523,3.0,3.0,0.6513797254448873,14.482367515563965,36.0,"{""type"":""Point"",""coordinates"":[109.16715005604439,19.535552676166514]}"
3679,0.0,25.0,329.0,59.06452941894531,329.0,18.62598269055404,110.07709529435607,2075.025390625,51.0,13.650561332702637,4.0,1.0,0.568603124313094,10.978378295898438,45.0,"{""type"":""Point"",""coordinates"":[110.07510733732198,18.62652106690428]}"
3680,0.0,28.0,276.0,25.479644775390625,120.0,18.80115417095734,109.39886725484581,1709.54736328125,49.0,6.04815149307251,4.0,1.0,0.5755490452972333,11.844426155090332,45.0,"{""type"":""Point"",""coordinates"":[109.39699961448729,18.80256124334765]}"
3681,0.0,31.0,14.0,8.263702392578125,16.0,19.021241415566628,110.47684559578926,1919.6075439453125,39.0,0.46342983841896057,4.0,2.0,0.742303765523416,14.561210632324219,39.0,"{""type"":""Point"",""coordinates"":[110.47891992945425,19.021256009724897]}"
3682,0.0,38.0,48.0,10.769125938415527,49.0,19.838708324115387,109.56056400598732,1294.5404052734375,34.0,3.1158931255340576,5.0,4.0,0.6852552948647449,12.654043197631836,33.0,"{""type"":""Point"",""coordinates"":[109.55986573200127,19.839023553240445]}"
3683,0.0,26.0,39.0,8.824050903320312,40.0,19.87913251190077,110.06811214151486,1584.5396728515625,49.0,1.3269479274749756,5.0,4.0,0.7096725443178342,13.2401762008667,35.0,"{""type"":""Point"",""coordinates"":[110.06741309040407,19.87759164353171]}"
3684,0.0,24.0,167.0,6.99789571762085,67.0,19.344634917849653,109.35844306706042,1820.2825927734375,55.0,0.40608853101730347,4.0,3.0,0.6793732482622328,14.620319366455078,37.0,"{""type"":""Point"",""coordinates"":[109.35972525277872,19.346381325202728]}"
3685,0.0,23.0,22.0,10.925657272338867,22.0,19.479382210467584,109.03504956477741,1460.152099609375,51.0,2.0466833114624023,3.0,3.0,0.714873601509971,13.090043067932129,36.0,"{""type"":""Point"",""coordinates"":[109.03681441279086,19.478560600889736]}"
3686,0.0,22.0,8.0,8.545207023620605,11.0,18.302589188271007,109.69531129860525,1818.772216796875,53.0,0.6149343848228455,2.0,0.0,0.7267538333910876,14.300950050354004,42.0,"{""type"":""Point"",""coordinates"":[109.69404214898172,18.304224386069986]}"
3687,0.0,24.0,142.0,39.53178787231445,112.0,19.46141590478519,110.19387628129158,2070.307373046875,50.0,6.163478851318359,5.0,3.0,0.6300897404463492,11.91229248046875,39.0,"{""type"":""Point"",""coordinates"":[110.19274541042019,19.463401566026192]}"
3688,0.0,27.0,12.0,4.060206413269043,14.0,19.677011572973875,110.86312116796063,1413.048583984375,47.0,0.3763298988342285,7.0,3.0,0.712307322619783,13.8368558883667,40.0,"{""type"":""Point"",""coordinates"":[110.86246680416346,19.677852672573543]}"
3689,0.0,30.0,180.0,16.086400985717773,106.0,19.389550682055628,109.82107543838197,1993.51513671875,45.0,1.7720965147018433,4.0,3.0,0.6472049510135822,13.138433456420898,37.0,"{""type"":""Point"",""coordinates"":[109.82292796842256,19.38766280070775]}"
3690,0.0,24.0,35.0,4.894371032714844,35.0,19.91057354684495,109.72226075712882,1200.8963623046875,46.0,0.8888615965843201,2.0,4.0,0.7004149476334082,13.916879653930664,33.0,"{""type"":""Point"",""coordinates"":[109.72237008849525,19.911588506303097]}"
3691,0.0,24.0,101.0,10.378055572509766,63.0,19.501840092570568,109.90192381395275,1876.1185302734375,53.0,0.9089394211769104,4.0,3.0,0.6849012323769601,13.855340957641602,38.0,"{""type"":""Point"",""coordinates"":[109.90328615858384,19.500524838436885]}"
3692,0.0,29.0,125.0,13.556093215942383,87.0,19.49734851614997,109.94234800173814,1959.7740478515625,42.0,1.2941409349441528,4.0,3.0,0.6558152125641189,13.487287521362305,39.0,"{""type"":""Point"",""coordinates"":[109.94117388195865,19.49523628963141]}"
3693,0.0,30.0,108.0,7.71871280670166,105.0,19.55124743319714,109.37191779632224,1701.239990234375,47.0,0.7523806691169739,3.0,3.0,0.6372442839152854,14.040155410766602,37.0,"{""type"":""Point"",""coordinates"":[109.37053993676163,19.552929596747855]}"
3694,0.0,22.0,197.0,9.811115264892578,149.0,18.648440572657023,109.10691478750698,1699.068603515625,53.0,1.1255661249160767,3.0,1.0,0.5902299952422637,13.58162784576416,46.0,"{""type"":""Point"",""coordinates"":[109.10663984036725,18.650269264349866]}"
3695,0.0,28.0,480.0,15.659143447875977,466.0,18.71132264254539,108.85089493153288,1336.01025390625,50.0,6.423510551452637,6.0,1.0,0.5381911687110477,11.634990692138672,46.0,"{""type"":""Point"",""coordinates"":[108.8502522198183,18.710700055399986]}"
3696,0.0,27.0,35.0,8.463142395019531,32.0,18.608016384871647,109.9513311545793,1923.6046142578125,43.0,0.4627284109592438,4.0,1.0,0.6878782785035776,14.56973934173584,47.0,"{""type"":""Point"",""coordinates"":[109.95236598500469,18.609676512721673]}"
3697,0.0,23.0,49.0,12.352486610412598,39.0,19.0706487561932,110.29718253896533,2095.56103515625,50.0,0.8029860258102417,4.0,2.0,0.7103686822476811,14.010311126708984,42.0,"{""type"":""Point"",""coordinates"":[110.29513207211039,19.069659543529756]}"
3698,0.0,25.0,21.0,6.980227947235107,10.0,19.726418913600448,110.18040155202976,1813.2833251953125,45.0,0.3656105697154999,4.0,3.0,0.773612966800857,14.575894355773926,32.0,"{""type"":""Point"",""coordinates"":[110.18171607608319,19.7251434669592]}"
3699,0.0,30.0,396.0,27.2274227142334,362.0,18.832595205901526,108.89581069573887,1513.6776123046875,46.0,10.488612174987793,7.0,2.0,0.5558095339273946,11.201558113098145,43.0,"{""type"":""Point"",""coordinates"":[108.89587645023994,18.831877447117876]}"
3700,0.0,26.0,43.0,11.372909545898438,44.0,19.367092799952644,108.70267290965319,1238.314208984375,49.0,3.585662841796875,5.0,3.0,0.6374657533283263,12.516225814819336,44.0,"{""type"":""Point"",""coordinates"":[108.70269623776615,19.366683572174153]}"
3701,0.0,24.0,75.0,5.962072372436523,44.0,19.72192733717985,109.74471863923185,1609.505859375,49.0,0.4195990562438965,3.0,3.0,0.7103863266967693,14.644011497497559,34.0,"{""type"":""Point"",""coordinates"":[109.74484966758762,19.72275093191469]}"
3702,0.0,24.0,24.0,7.019197940826416,24.0,18.34750495247698,109.4347998662106,1647.265869140625,50.0,0.5934222340583801,4.0,0.0,0.7203864087289362,14.32734489440918,38.0,"{""type"":""Point"",""coordinates"":[109.43262444441196,18.34882283804473]}"
3703,0.0,31.0,61.0,8.115872383117676,61.0,19.371584376373235,108.91377700142124,1564.0206298828125,41.0,1.0586732625961304,3.0,3.0,0.6608306485996063,13.726757049560547,40.0,"{""type"":""Point"",""coordinates"":[108.91229364538783,19.370830400063536]}"
3704,0.0,29.0,180.0,39.59084701538086,178.0,18.531659585721485,109.8031091326996,1929.65087890625,44.0,7.966153621673584,5.0,1.0,0.5834862740464081,11.629240989685059,46.0,"{""type"":""Point"",""coordinates"":[109.80511986938635,18.531964370914427]}"
3705,0.0,31.0,353.0,32.054954528808594,231.0,19.191921319549337,109.25513680938667,1777.8148193359375,39.0,7.8787455558776855,7.0,2.0,0.602362172152447,11.523825645446777,38.0,"{""type"":""Point"",""coordinates"":[109.25708258958072,19.193332520165555]}"
3706,0.0,25.0,27.0,3.7940425872802734,27.0,19.816250442012404,110.97541057847559,1293.999267578125,48.0,0.6569076776504517,3.0,4.0,0.6415471862527663,12.83940601348877,50.0,"{""type"":""Point"",""coordinates"":[110.97686293443273,19.816402140087774]}"
3707,0.0,25.0,94.0,13.8458833694458,39.0,19.38505910563503,109.89743223753214,2007.8226318359375,47.0,1.198058009147644,4.0,3.0,0.7186453788123757,13.583332061767578,38.0,"{""type"":""Point"",""coordinates"":[109.89716954942652,19.383455010068662]}"
3708,0.0,24.0,44.0,7.931051731109619,45.0,19.74438521928284,110.83168013301645,1531.42919921875,51.0,1.8180243968963623,5.0,4.0,0.668404718083713,12.212630271911621,42.0,"{""type"":""Point"",""coordinates"":[110.83066367564555,19.745243018268102]}"
3709,0.0,34.0,161.0,7.161965370178223,161.0,19.753368372124037,109.56505558240792,1414.591064453125,42.0,1.2988183498382568,5.0,4.0,0.6387564993742301,13.4613037109375,32.0,"{""type"":""Point"",""coordinates"":[109.56329361628543,19.753158690988556]}"
3710,0.0,25.0,172.0,14.875822067260742,137.0,18.8820025465281,110.1175194821414,1945.2587890625,48.0,1.5564063787460327,4.0,2.0,0.6099660191437373,13.273366928100586,45.0,"{""type"":""Point"",""coordinates"":[110.11769194386417,18.88246794854462]}"
3711,0.0,27.0,223.0,42.66168975830078,226.0,18.369962834579972,109.60547977019331,1811.5426025390625,48.0,11.109288215637207,4.0,1.0,0.5776906766773791,11.262757301330566,43.0,"{""type"":""Point"",""coordinates"":[109.60684935426231,18.371790700073415]}"
3712,0.0,28.0,80.0,16.44088363647461,80.0,19.447941175523397,110.5756602770424,2011.989013671875,42.0,1.8880878686904907,4.0,3.0,0.6630418744635264,12.855338096618652,40.0,"{""type"":""Point"",""coordinates"":[110.57707492403645,19.445800021666994]}"
3713,0.0,23.0,33.0,5.632274627685547,33.0,18.360979681738776,109.20123789233952,1670.3621826171875,50.0,0.2593298852443695,2.0,1.0,0.7020193119559508,15.149957656860352,40.0,"{""type"":""Point"",""coordinates"":[109.20124282778744,18.35964041184036]}"
3714,0.0,42.0,105.0,7.318171501159668,105.0,19.789300983488815,109.60098819377271,1437.4508056640625,33.0,1.3316529989242554,6.0,4.0,0.6398048953479062,13.470921516418457,33.0,"{""type"":""Point"",""coordinates"":[109.60308967794222,19.78959784142346]}"
3715,0.0,25.0,4.0,3.5921432971954346,7.0,18.527168009300887,108.69818133323258,1243.1881103515625,54.0,0.4234585464000702,2.0,1.0,0.7152665441999421,14.586601257324219,38.0,"{""type"":""Point"",""coordinates"":[108.69953907355686,18.525703589216413]}"
3716,0.0,24.0,91.0,15.637499809265137,82.0,19.645570538029695,109.47971563041654,1731.0343017578125,52.0,2.36299991607666,5.0,3.0,0.6825444050836561,12.905488014221191,31.0,"{""type"":""Point"",""coordinates"":[109.47936654251406,19.644119840336028]}"
3717,0.0,32.0,56.0,27.769664764404297,53.0,18.62598269055404,109.99624691878529,1923.6046142578125,41.0,4.418291091918945,4.0,1.0,0.6536359342146032,12.299101829528809,46.0,"{""type"":""Point"",""coordinates"":[109.99815857278874,18.6274076168113]}"
3718,0.0,29.0,288.0,62.980037689208984,288.0,18.643948996236425,110.18489312845037,2173.704833984375,46.0,13.195319175720215,4.0,1.0,0.5774792629657443,11.041975975036621,45.0,"{""type"":""Point"",""coordinates"":[110.18316942422247,18.643905799996393]}"
3719,0.0,25.0,6.0,3.949598789215088,7.0,20.018371380939293,110.67447495829555,1417.64208984375,49.0,0.370748370885849,3.0,4.0,0.6911477559160035,13.458922386169434,46.0,"{""type"":""Point"",""coordinates"":[110.6739811702773,20.019028927625175]}"
3720,0.0,29.0,450.0,17.27840805053711,430.0,18.79666259453675,110.1579436699268,2146.31787109375,48.0,1.8018461465835571,4.0,1.0,0.5951877596930712,12.933327674865723,47.0,"{""type"":""Point"",""coordinates"":[110.15976019343552,18.797890709370545]}"
3721,0.0,25.0,116.0,14.967622756958008,59.0,19.38505910563503,110.12201105856201,2191.932373046875,49.0,1.0638482570648193,4.0,3.0,0.7109564751546783,13.688814163208008,37.0,"{""type"":""Point"",""coordinates"":[110.12013865924833,19.38323909361934]}"
3722,0.0,33.0,96.0,10.40969467163086,79.0,19.376075952793833,110.32862357390951,2158.67431640625,39.0,0.5303537845611572,4.0,3.0,0.6813571151435851,14.397154808044434,39.0,"{""type"":""Point"",""coordinates"":[110.32909403498309,19.37651477786542]}"
3723,0.0,28.0,305.0,72.25946044921875,288.0,19.191921319549337,110.18489312845037,2282.860107421875,42.0,13.725523948669434,5.0,2.0,0.5983151352758532,10.989413261413574,41.0,"{""type"":""Point"",""coordinates"":[110.18568266830437,19.193605431890393]}"
3724,0.0,26.0,159.0,6.754906177520752,30.0,18.73827210106898,109.16530528097474,1665.188232421875,52.0,0.5839211344718933,2.0,1.0,0.6828712210292658,14.262141227722168,43.0,"{""type"":""Point"",""coordinates"":[109.16451113293712,18.73778852242102]}"
3725,0.0,28.0,129.0,11.207892417907715,113.0,19.088615061875586,108.94521803636547,1643.859619140625,46.0,1.6363122463226318,4.0,2.0,0.621299919845112,13.250126838684082,39.0,"{""type"":""Point"",""coordinates"":[108.94670855018127,19.090480877899953]}"
3726,0.0,24.0,244.0,36.409210205078125,152.0,19.46141590478519,109.72675233354943,1928.3099365234375,55.0,7.402572154998779,4.0,3.0,0.6252551809789817,11.661937713623047,36.0,"{""type"":""Point"",""coordinates"":[109.72465322417527,19.460442638367784]}"
3727,0.0,24.0,107.0,14.30428695678711,96.0,19.0751403326138,108.84640335511227,1455.33642578125,58.0,3.620656728744507,3.0,2.0,0.6002478209743506,12.4683198928833,41.0,"{""type"":""Point"",""coordinates"":[108.84672474491448,19.07542264932628]}"
3728,0.0,28.0,4.0,3.828568935394287,5.0,20.040829263042284,110.17590997560922,1327.9114990234375,42.0,0.42200300097465515,2.0,4.0,0.7271141090955259,13.79417610168457,37.0,"{""type"":""Point"",""coordinates"":[110.17461688368408,20.041229457237993]}"
3729,0.0,29.0,48.0,12.464054107666016,49.0,19.533281127514755,110.69693284039852,1856.044677734375,44.0,1.6635493040084839,7.0,3.0,0.7201624790414314,12.843733787536621,34.0,"{""type"":""Point"",""coordinates"":[110.69555503494855,19.53356676645626]}"
3730,0.0,23.0,195.0,6.172886371612549,55.0,18.724797371807185,109.2775946914897,1684.046630859375,56.0,0.417076051235199,3.0,1.0,0.6508729113625606,14.575797080993652,44.0,"{""type"":""Point"",""coordinates"":[109.27667660924143,18.722788355404404]}"
3731,0.0,25.0,9.0,3.287527084350586,9.0,19.4434495991028,108.83292862585051,1331.771484375,49.0,0.1298488974571228,6.0,3.0,0.7130705237933284,15.855557441711426,40.0,"{""type"":""Point"",""coordinates"":[108.83202891219766,19.4421756506885]}"
3732,0.0,21.0,50.0,20.453594207763672,50.0,18.35199652889758,109.33598518495745,1660.297119140625,55.0,3.854356527328491,3.0,0.0,0.6789191328061593,12.439657211303711,38.0,"{""type"":""Point"",""coordinates"":[109.33375887055652,18.353653331741786]}"
3733,0.0,25.0,147.0,5.452178001403809,67.0,19.317685459326064,109.29556099717206,1719.6353759765625,54.0,0.22943836450576782,4.0,3.0,0.6707302489107887,15.20380687713623,38.0,"{""type"":""Point"",""coordinates"":[109.29519527391733,19.316884382876975]}"
3734,0.0,27.0,472.0,69.80086517333984,431.0,18.729288948227783,109.71776918070822,2134.625,48.0,18.73270034790039,4.0,1.0,0.5307428292140078,10.53860855102539,49.0,"{""type"":""Point"",""coordinates"":[109.71971224189078,18.727549370433735]}"
3735,0.0,23.0,36.0,8.996835708618164,22.0,19.699469455076866,110.14446894066504,1813.1473388671875,50.0,0.6989864110946655,2.0,3.0,0.7654814368784788,14.156638145446777,30.0,"{""type"":""Point"",""coordinates"":[110.14658890479191,19.699239527458275]}"
3736,0.0,28.0,322.0,38.63435745239258,217.0,18.864036240845707,109.98277218952347,2037.5562744140625,47.0,7.219909191131592,4.0,2.0,0.582696059689289,11.634086608886719,46.0,"{""type"":""Point"",""coordinates"":[109.98153954161302,18.866097321944203]}"
3737,0.0,27.0,7.0,6.885307788848877,9.0,19.627604232347302,110.76430648670748,1619.260986328125,42.0,0.7080488801002502,4.0,3.0,0.7405649371364637,13.734786987304688,37.0,"{""type"":""Point"",""coordinates"":[110.76472655614101,19.627156109440733]}"
3738,0.0,22.0,80.0,6.662714958190918,47.0,19.672519996553277,109.83455016764378,1720.4820556640625,54.0,0.4195881187915802,3.0,3.0,0.7223279514595142,14.641051292419434,32.0,"{""type"":""Point"",""coordinates"":[109.83324691260748,19.673854406331074]}"
3739,0.0,26.0,117.0,9.755735397338867,68.0,19.403025411317422,109.25962838580728,1663.398681640625,48.0,1.205450177192688,3.0,3.0,0.6816703700281744,13.563209533691406,34.0,"{""type"":""Point"",""coordinates"":[109.26136210829748,19.40523703446023]}"
3740,0.0,31.0,317.0,38.30046081542969,186.0,19.263786542278893,109.58751346451089,1850.6507568359375,36.0,8.956182479858398,4.0,2.0,0.6028099871787402,11.419196128845215,38.0,"{""type"":""Point"",""coordinates"":[109.58722894118668,19.264747283908804]}"
3741,0.0,30.0,222.0,27.65126609802246,98.0,18.82361205306033,109.13835582245116,1705.9873046875,43.0,6.557860374450684,5.0,2.0,0.5798844651449562,11.79879093170166,45.0,"{""type"":""Point"",""coordinates"":[109.13700108181727,18.823642420520574]}"
3742,0.0,24.0,13.0,4.699167728424072,14.0,19.99591349883631,110.7777812159693,1453.577392578125,49.0,0.6497116684913635,2.0,4.0,0.6791155510600472,12.882314682006836,47.0,"{""type"":""Point"",""coordinates"":[110.77994538117863,19.99399121462301]}"
3743,0.0,27.0,915.0,27.95353889465332,824.0,18.80115417095734,108.98564222415081,1582.7847900390625,49.0,15.812528610229492,10.0,1.0,0.5302870957772495,10.293984413146973,40.0,"{""type"":""Point"",""coordinates"":[108.98531680238604,18.80012740685937]}"
3744,0.0,26.0,147.0,20.070039749145508,130.0,19.290736000802482,110.27023308044176,2277.238037109375,44.0,1.5715460777282715,4.0,3.0,0.6663656845152023,13.279380798339844,37.0,"{""type"":""Point"",""coordinates"":[110.27176954696124,19.289732828583528]}"
3745,0.0,24.0,179.0,11.852136611938477,161.0,19.021241415566628,108.85089493153288,1543.6663818359375,56.0,2.2757978439331055,4.0,2.0,0.6014177050406675,12.888694763183594,41.0,"{""type"":""Point"",""coordinates"":[108.85052373740412,19.019714542649865]}"
3746,0.0,23.0,184.0,67.82733917236328,175.0,18.65293214907762,109.91539854321451,2108.650146484375,51.0,14.191365242004395,3.0,1.0,0.5667171047097779,11.034987449645996,47.0,"{""type"":""Point"",""coordinates"":[109.91475166628439,18.653427403404393]}"
3747,0.0,28.0,199.0,29.252653121948242,190.0,19.21437920165232,110.24328362191818,2244.465087890625,45.0,3.2241740226745605,4.0,2.0,0.6416783065835361,12.527022361755371,40.0,"{""type"":""Point"",""coordinates"":[110.2441186656851,19.214398311598085]}"
3748,0.0,26.0,57.0,13.037541389465332,57.0,19.35361807069085,110.56667712420119,1981.284912109375,47.0,1.2925728559494019,7.0,3.0,0.7014596796311753,13.252521514892578,38.0,"{""type"":""Point"",""coordinates"":[110.56800581572062,19.354208849362944]}"
3749,0.0,26.0,25.0,5.571827411651611,11.0,19.757859948544635,110.15345209350619,1730.3988037109375,47.0,0.21585188806056976,4.0,4.0,0.7722658131716247,15.067081451416016,31.0,"{""type"":""Point"",""coordinates"":[110.1553750457982,19.75991648627213]}"
3750,0.0,22.0,16.0,5.902713298797607,16.0,18.41038702236535,109.14733897529231,1610.043212890625,59.0,0.4623996317386627,2.0,1.0,0.7132282360607483,14.58145523071289,41.0,"{""type"":""Point"",""coordinates"":[109.14519507711152,18.411761972214972]}"
3751,0.0,29.0,685.0,22.73453712463379,683.0,18.73378052464838,108.80148759090633,1438.14990234375,49.0,11.760775566101074,5.0,1.0,0.5341280601659965,10.844464302062988,42.0,"{""type"":""Point"",""coordinates"":[108.80012388678765,18.735974704205002]}"
3752,0.0,25.0,62.0,5.208754539489746,54.0,19.29971915364368,108.91377700142124,1673.9830322265625,57.0,0.2596462368965149,2.0,3.0,0.6816571384509653,15.13172435760498,39.0,"{""type"":""Point"",""coordinates"":[108.91400730931177,19.301133768277065]}"
3753,0.0,30.0,784.0,37.5263786315918,571.0,18.8820025465281,109.63242922871689,1799.099609375,44.0,15.144225120544434,6.0,2.0,0.5260639281054905,10.484749794006348,45.0,"{""type"":""Point"",""coordinates"":[109.6329264043967,18.879811185730308]}"
3754,0.0,37.0,81.0,17.479223251342773,70.0,19.60514635024431,110.23879204549758,1821.1513671875,36.0,2.6579246520996094,5.0,3.0,0.6831425393927355,12.77377986907959,35.0,"{""type"":""Point"",""coordinates"":[110.23977610129734,19.605702188555217]}"
3755,0.0,27.0,98.0,26.930992126464844,98.0,18.26216500048563,109.53810612388435,1646.2528076171875,49.0,6.537399768829346,4.0,0.0,0.6099879793785422,11.879871368408203,39.0,"{""type"":""Point"",""coordinates"":[109.53725164379534,18.26072319730718]}"
3756,0.0,27.0,451.0,19.31488800048828,281.0,18.85954466442511,109.46174932473417,1736.8624267578125,48.0,3.9379515647888184,5.0,2.0,0.5648648634268074,12.149463653564453,47.0,"{""type"":""Point"",""coordinates"":[109.46389166966736,18.861008159416222]}"
3757,0.0,32.0,413.0,37.268428802490234,221.0,19.079631909034397,109.4347998662106,1729.015869140625,37.0,11.479222297668457,5.0,2.0,0.5663383074745441,11.096445083618164,42.0,"{""type"":""Point"",""coordinates"":[109.43460542673526,19.07922088538171]}"
3758,0.0,29.0,444.0,20.276039123535156,388.0,18.940393039995868,108.94521803636547,1534.4610595703125,44.0,6.100181579589844,5.0,2.0,0.5605839556650993,11.714959144592285,44.0,"{""type"":""Point"",""coordinates"":[108.94596666265413,18.940945021531114]}"
3759,0.0,22.0,161.0,14.875551223754883,159.0,18.482252245094912,109.05750744688038,1580.032470703125,57.0,2.9421544075012207,4.0,1.0,0.5846786605879137,12.642908096313477,45.0,"{""type"":""Point"",""coordinates"":[109.05884559823194,18.48216242073455]}"
3760,0.0,27.0,519.0,26.82935905456543,395.0,18.778696288854356,109.0305579883568,1575.1695556640625,49.0,9.72626781463623,8.0,1.0,0.5547242650811735,11.183516502380371,43.0,"{""type"":""Point"",""coordinates"":[109.03022698481077,18.77928045515508]}"
3761,0.0,27.0,23.0,22.457239151000977,20.0,19.16048028460515,110.34658987959187,2371.44091796875,42.0,1.6224123239517212,4.0,2.0,0.7636233579251803,13.321928977966309,38.0,"{""type"":""Point"",""coordinates"":[110.347948780313,19.158327522595727]}"
3762,0.0,30.0,570.0,16.8178653717041,462.0,18.819120476639732,109.843533320485,1965.0504150390625,40.0,2.2417683601379395,5.0,1.0,0.5896811954491425,12.618000030517578,44.0,"{""type"":""Point"",""coordinates"":[109.84499362027869,18.819973455003247]}"
3763,0.0,26.0,7.0,7.571047782897949,9.0,19.6365873851885,110.75083175744567,1619.260986328125,46.0,0.9150152206420898,4.0,3.0,0.7399015224570368,13.478324890136719,37.0,"{""type"":""Point"",""coordinates"":[110.75081695993337,19.636532644556127]}"
3764,0.0,29.0,282.0,42.68536376953125,273.0,19.259294965858295,110.27921623328291,2277.238037109375,50.0,6.374490261077881,4.0,2.0,0.6411476019685992,11.78738784790039,37.0,"{""type"":""Point"",""coordinates"":[110.27932901453701,19.26116525527126]}"
3765,0.0,25.0,18.0,7.593647480010986,21.0,18.864036240845707,110.36006460885369,1956.7330322265625,48.0,0.29313257336616516,2.0,2.0,0.7067697916837763,15.03611946105957,46.0,"{""type"":""Point"",""coordinates"":[110.35968356957864,18.863848376799172]}"
3766,0.0,22.0,26.0,3.79731822013855,26.0,20.10371133293065,110.6834581111367,1430.8116455078125,53.0,0.2513744831085205,2.0,4.0,0.6825361893085975,13.759895324707031,43.0,"{""type"":""Point"",""coordinates"":[110.68431836884204,20.10259059696102]}"
3767,0.0,29.0,81.0,11.638802528381348,58.0,19.69048630223567,109.93336484889693,1680.4442138671875,45.0,1.6231611967086792,3.0,3.0,0.6990505016271036,13.287346839904785,33.0,"{""type"":""Point"",""coordinates"":[109.9353084607907,19.691077184427385]}"
3768,0.0,29.0,55.0,20.041505813598633,48.0,19.641078961609097,109.45725774831357,1731.0343017578125,47.0,3.5860724449157715,3.0,3.0,0.7081754347914271,12.509064674377441,33.0,"{""type"":""Point"",""coordinates"":[109.45538507661314,19.64031661834407]}"
3769,0.0,31.0,126.0,28.085079193115234,126.0,18.49123539793611,109.94683957815869,1857.252197265625,41.0,5.027159690856934,4.0,1.0,0.6003123173118403,12.127264022827148,44.0,"{""type"":""Point"",""coordinates"":[109.94735782215275,18.492963332560567]}"
3770,0.0,27.0,193.0,23.912948608398438,139.0,19.01674983914603,109.08445690540395,1644.3695068359375,48.0,5.646324634552002,3.0,2.0,0.5994709812010781,11.968362808227539,40.0,"{""type"":""Point"",""coordinates"":[109.08313725241878,19.017183498126236]}"
3771,0.0,26.0,797.0,43.05466079711914,710.0,18.819120476639732,109.72675233354943,1915.739013671875,46.0,15.199041366577148,5.0,1.0,0.5303568224625185,10.46744155883789,45.0,"{""type"":""Point"",""coordinates"":[109.72626794991773,18.81932365110203]}"
3772,0.0,28.0,111.0,33.324832916259766,113.0,18.414878598785947,109.68183656934343,1890.600830078125,50.0,6.464242458343506,3.0,1.0,0.6067322066121963,11.883331298828125,42.0,"{""type"":""Point"",""coordinates"":[109.68393268157638,18.416820370428987]}"
3773,0.0,26.0,252.0,35.481666564941406,140.0,19.200904472390526,109.84802489690554,2071.10986328125,50.0,5.712644577026367,4.0,2.0,0.6246216134364556,11.918028831481934,39.0,"{""type"":""Point"",""coordinates"":[109.84899920241178,19.201784164026037]}"
3774,0.0,27.0,12.0,8.797694206237793,12.0,19.281752847961286,110.49032032505102,2117.071533203125,41.0,0.28679710626602173,5.0,3.0,0.7601190111043792,15.042276382446289,39.0,"{""type"":""Point"",""coordinates"":[110.49194216932032,19.281396646660596]}"
3775,0.0,22.0,22.0,6.703103065490723,22.0,18.500218550777305,110.01421322446765,1777.14453125,54.0,0.34942978620529175,2.0,1.0,0.6988293914147574,14.858128547668457,45.0,"{""type"":""Point"",""coordinates"":[110.01237699488355,18.501680148550644]}"
3776,0.0,26.0,274.0,13.68403434753418,272.0,18.49123539793611,109.13386424603056,1610.546142578125,53.0,2.6552939414978027,4.0,1.0,0.5805599951470036,12.671985626220703,45.0,"{""type"":""Point"",""coordinates"":[109.1332642261103,18.492581451034546]}"
3778,0.0,26.0,108.0,50.05324172973633,104.0,18.819120476639732,110.26574150402115,2094.75830078125,51.0,8.963397026062012,4.0,1.0,0.5925944871995684,11.55434513092041,46.0,"{""type"":""Point"",""coordinates"":[110.26768848851628,18.81917691458899]}"
3779,0.0,26.0,39.0,13.08033275604248,27.0,19.120056096819773,110.22980889265637,2170.273681640625,46.0,0.8121114373207092,4.0,2.0,0.719858025344689,14.004864692687988,44.0,"{""type"":""Point"",""coordinates"":[110.22907610180462,19.11848325646277]}"
3780,0.0,24.0,42.0,7.63427209854126,39.0,19.793792559909413,110.07260371793546,1669.1949462890625,53.0,0.8109146356582642,3.0,4.0,0.7292145021230729,13.730457305908203,32.0,"{""type"":""Point"",""coordinates"":[110.07314754481321,19.792233044138346]}"
3781,0.0,28.0,123.0,30.213640213012695,91.0,19.133530826081568,110.09057002361783,2062.87060546875,47.0,4.2288126945495605,4.0,2.0,0.6246882041743593,12.302794456481934,44.0,"{""type"":""Point"",""coordinates"":[110.0912160911203,19.132610302363602]}"
3782,0.0,27.0,431.0,25.833576202392578,286.0,18.73827210106898,109.32700203211624,1796.542724609375,50.0,5.83842658996582,5.0,1.0,0.5725311583751084,11.769025802612305,45.0,"{""type"":""Point"",""coordinates"":[109.3258138190434,18.737603627318556]}"
3783,0.0,28.0,42.0,5.577683925628662,42.0,19.88811566474196,110.3645561852743,1668.3770751953125,42.0,0.3103334307670593,7.0,4.0,0.6993755639530755,14.528511047363281,39.0,"{""type"":""Point"",""coordinates"":[110.36473969109723,19.888422302077554]}"
3784,0.0,30.0,89.0,11.313078880310059,59.0,19.569213738879533,110.06811214151486,1903.7869873046875,43.0,1.0363718271255493,4.0,3.0,0.7090496919739203,13.731355667114258,34.0,"{""type"":""Point"",""coordinates"":[110.06752454660123,19.567071215845612]}"
3785,0.0,26.0,163.0,17.405672073364258,65.0,19.34912649427025,109.72675233354943,1910.049560546875,44.0,2.095989942550659,4.0,3.0,0.6808981233976864,12.981200218200684,37.0,"{""type"":""Point"",""coordinates"":[109.7288581124605,19.34841952759876]}"
3786,0.0,30.0,283.0,21.519365310668945,159.0,19.173955013866944,109.25962838580728,1777.8148193359375,41.0,3.957991600036621,4.0,2.0,0.6209274974347392,12.265820503234863,37.0,"{""type"":""Point"",""coordinates"":[109.26104967442666,19.17284317947433]}"
3787,0.0,28.0,596.0,25.598398208618164,472.0,19.15598870818455,109.21022104518073,1834.100830078125,49.0,6.143453598022461,7.0,2.0,0.5921116316500581,11.584303855895996,39.0,"{""type"":""Point"",""coordinates"":[109.21070483728391,19.154716993530467]}"
3788,0.0,21.0,71.0,10.854092597961426,61.0,19.18293816670814,108.92276015426245,1700.58447265625,59.0,1.3794525861740112,2.0,2.0,0.6576130608782513,13.456076622009277,42.0,"{""type"":""Point"",""coordinates"":[108.92363304943676,19.18301774844899]}"
3789,0.0,30.0,6.0,3.939998149871826,7.0,20.036337686621685,110.63405077051016,1433.5054931640625,41.0,0.3441552519798279,2.0,4.0,0.6958984732593155,13.533354759216309,45.0,"{""type"":""Point"",""coordinates"":[110.63458159279669,20.036732659991145]}"
3790,0.0,23.0,25.0,10.264413833618164,25.0,19.29971915364368,110.51277820715399,2078.093505859375,51.0,0.5474735498428345,6.0,3.0,0.7377927576275608,14.369601249694824,40.0,"{""type"":""Point"",""coordinates"":[110.51072950273269,19.30058015532112]}"
3791,0.0,31.0,103.0,13.857224464416504,88.0,19.4434495991028,110.4813371722098,2069.17529296875,37.0,1.1981688737869263,4.0,3.0,0.6629853350622654,13.41409969329834,39.0,"{""type"":""Point"",""coordinates"":[110.48317402941423,19.442391676003332]}"
3792,0.0,29.0,81.0,7.012640476226807,81.0,19.528789551094157,109.21022104518073,1632.4688720703125,48.0,0.7004725337028503,3.0,3.0,0.6649508912135259,14.12794017791748,35.0,"{""type"":""Point"",""coordinates"":[109.20814005367963,19.529310419937552]}"
3793,0.0,25.0,288.0,29.338380813598633,262.0,18.661915301918818,109.01259168267438,1633.803466796875,50.0,8.310858726501465,4.0,1.0,0.559243887361105,11.515129089355469,46.0,"{""type"":""Point"",""coordinates"":[109.01314553613074,18.660906024312254]}"
3794,0.0,31.0,907.0,20.29892349243164,778.0,18.890985699369296,109.17878001023655,1622.0689697265625,41.0,7.907912254333496,7.0,2.0,0.529980019054038,11.01590633392334,45.0,"{""type"":""Point"",""coordinates"":[109.17960992777726,18.892130644031752]}"
3795,0.0,31.0,77.0,7.009707927703857,66.0,19.582688468141328,110.30167411538594,1893.901611328125,40.0,0.298185259103775,5.0,3.0,0.6826999560343534,14.945453643798828,39.0,"{""type"":""Point"",""coordinates"":[110.30236791187981,19.583784725586405]}"
3797,0.0,27.0,288.0,8.675934791564941,143.0,18.810137323798536,109.32251045569564,1703.39013671875,49.0,0.9626465439796448,5.0,1.0,0.5959043790483624,13.677714347839355,44.0,"{""type"":""Point"",""coordinates"":[109.32028687341608,18.812202210978743]}"
3798,0.0,30.0,559.0,61.053871154785156,469.0,19.245820236596508,109.94234800173814,2110.279296875,43.0,16.8443660736084,6.0,2.0,0.5808463382152725,10.581616401672363,38.0,"{""type"":""Point"",""coordinates"":[109.94459367885612,19.246957961854644]}"
3799,0.0,32.0,389.0,24.059892654418945,382.0,18.590050079189254,108.95869276562723,1772.8782958984375,39.0,5.148866653442383,5.0,1.0,0.5579819740456766,11.92678165435791,49.0,"{""type"":""Point"",""coordinates"":[108.95765876963867,18.590601039509995]}"
3800,0.0,28.0,209.0,10.993087768554688,125.0,19.232345507334713,109.1877631630777,1899.2003173828125,47.0,1.0257433652877808,4.0,2.0,0.6381231758075095,13.66677188873291,38.0,"{""type"":""Point"",""coordinates"":[109.188716795872,19.23104726505677]}"
3801,0.0,26.0,272.0,20.546646118164062,181.0,19.12903924966097,109.91090696679396,1994.632080078125,48.0,2.6190683841705322,4.0,2.0,0.6162902091497169,12.687093734741211,42.0,"{""type"":""Point"",""coordinates"":[109.90985175742144,19.12679685280319]}"
3802,0.0,27.0,173.0,43.2783088684082,148.0,19.142513978922757,110.10853632930025,2133.150146484375,48.0,6.902994155883789,4.0,2.0,0.6064338525996957,11.778549194335938,44.0,"{""type"":""Point"",""coordinates"":[110.10888949691976,19.141566886116642]}"
3803,0.0,24.0,46.0,11.023250579833984,42.0,19.398533834896824,109.08894848182456,1600.7041015625,50.0,1.617708444595337,2.0,3.0,0.7045871671577952,13.311442375183105,35.0,"{""type"":""Point"",""coordinates"":[109.08847664680408,19.397302532898703]}"
3804,0.0,25.0,190.0,13.408161163330078,93.0,19.232345507334713,109.82107543838197,2071.10986328125,54.0,1.1418508291244507,3.0,2.0,0.6561213897670394,13.571751594543457,38.0,"{""type"":""Point"",""coordinates"":[109.82065669231291,19.23199579730025]}"
3805,0.0,21.0,14.0,4.5363616943359375,15.0,19.18293816670814,108.72513079175616,1364.9761962890625,54.0,0.4306012988090515,2.0,2.0,0.6997173574635808,14.65385627746582,41.0,"{""type"":""Point"",""coordinates"":[108.72705758937887,19.183310484676895]}"
3806,0.0,24.0,114.0,7.458615303039551,91.0,19.335651765008457,109.1832715866571,1811.0743408203125,47.0,0.42936134338378906,3.0,3.0,0.6545091925930963,14.597480773925781,37.0,"{""type"":""Point"",""coordinates"":[109.181488672652,19.3365624157924]}"
3807,0.0,29.0,45.0,7.0212554931640625,46.0,19.367092799952644,108.78352128522391,1237.3038330078125,44.0,1.6892465353012085,3.0,3.0,0.6392257710761396,13.268732070922852,44.0,"{""type"":""Point"",""coordinates"":[108.78154114802393,19.36628292592443]}"
3808,0.0,31.0,431.0,30.65328025817871,376.0,18.922426734313476,108.94072645994487,1534.4610595703125,41.0,12.19155502319336,5.0,2.0,0.5440399426900709,11.02095890045166,44.0,"{""type"":""Point"",""coordinates"":[108.93855120790151,18.920889079321814]}"
3809,0.0,30.0,823.0,29.93718719482422,595.0,19.0706487561932,109.24166208012491,1673.5738525390625,41.0,12.909424781799316,7.0,2.0,0.5505199394639708,10.609837532043457,39.0,"{""type"":""Point"",""coordinates"":[109.24061594466798,19.0721226633024]}"
3810,0.0,25.0,8.0,4.399362564086914,9.0,19.94650615820973,110.79574752165166,1492.11962890625,43.0,0.3441552519798279,2.0,4.0,0.670402201745781,13.528929710388184,51.0,"{""type"":""Point"",""coordinates"":[110.79417886951296,19.945105365540282]}"
3811,0.0,27.0,155.0,33.840030670166016,147.0,19.254803389437704,110.28819938612412,2277.238037109375,52.0,4.047500133514404,4.0,2.0,0.6655872814289201,12.326929092407227,35.0,"{""type"":""Point"",""coordinates"":[110.2882095214222,19.256225198937905]}"
3812,0.0,29.0,370.0,32.725318908691406,358.0,19.223362354493517,110.22531731623576,2244.465087890625,44.0,4.231060028076172,4.0,2.0,0.6278649088568229,12.137825965881348,40.0,"{""type"":""Point"",""coordinates"":[110.22503593126142,19.2220941270777]}"
3813,0.0,23.0,101.0,6.158843994140625,74.0,19.371584376373235,109.22369577444249,1731.5784912109375,50.0,0.2931711971759796,4.0,3.0,0.6839925836370482,14.9869384765625,34.0,"{""type"":""Point"",""coordinates"":[109.22467133484466,19.37318607112456]}"
3814,0.0,29.0,875.0,41.678409576416016,725.0,19.15598870818455,109.76268494491421,2172.21240234375,45.0,11.10781192779541,6.0,2.0,0.5747442938180227,10.70703125,40.0,"{""type"":""Point"",""coordinates"":[109.76118827537285,19.156481007008253]}"
3815,0.0,28.0,12.0,5.271986961364746,12.0,19.964472463892122,110.37803091453611,1592.2998046875,38.0,0.38982054591178894,4.0,4.0,0.7186251721508552,13.862346649169922,41.0,"{""type"":""Point"",""coordinates"":[110.37790976900456,19.965409187592773]}"
3816,0.0,28.0,483.0,46.978424072265625,440.0,18.76522155959256,109.97828061310292,2031.5560302734375,44.0,11.013837814331055,7.0,1.0,0.5678321088143604,11.085219383239746,45.0,"{""type"":""Point"",""coordinates"":[109.97659905815703,18.764816815169432]}"
3817,0.0,23.0,99.0,12.705205917358398,102.0,18.62598269055404,108.83292862585051,1406.5465087890625,53.0,3.01814341545105,4.0,1.0,0.5692025942121117,12.65559196472168,47.0,"{""type"":""Point"",""coordinates"":[108.8307753427727,18.627094146178788]}"
3818,0.0,22.0,126.0,8.189477920532227,96.0,19.429974869841004,109.2326789272837,1745.3204345703125,56.0,0.7143113613128662,3.0,3.0,0.6655102357926044,14.081074714660645,32.0,"{""type"":""Point"",""coordinates"":[109.23461932178085,19.429665458789483]}"
3819,0.0,29.0,390.0,40.62561798095703,371.0,19.164971861025748,110.13548578782382,2152.915771484375,45.0,6.9685773849487305,5.0,2.0,0.6087605142152657,11.621162414550781,41.0,"{""type"":""Point"",""coordinates"":[110.13603583959173,19.1660161436077]}"
3820,0.0,28.0,269.0,12.665702819824219,164.0,18.814628900219134,109.9603143074205,1956.7984619140625,49.0,1.2747348546981812,4.0,1.0,0.60587731715092,13.409730911254883,45.0,"{""type"":""Point"",""coordinates"":[109.96021588618203,18.814428069844798]}"
3821,0.0,35.0,130.0,12.369062423706055,119.0,19.60514635024431,110.26124992760055,1840.935791015625,36.0,1.4408077001571655,8.0,3.0,0.6499243731412104,13.336555480957031,36.0,"{""type"":""Point"",""coordinates"":[110.26121525046287,19.60300114953921]}"
3822,0.0,27.0,216.0,39.601295471191406,214.0,18.41038702236535,109.5515808531461,1867.60498046875,48.0,8.969443321228027,4.0,1.0,0.5875470705552716,11.485709190368652,43.0,"{""type"":""Point"",""coordinates"":[109.54990076198906,18.40818138525526]}"
3823,0.0,25.0,159.0,7.069005966186523,62.0,19.281752847961286,109.77166809775542,1975.084716796875,53.0,0.23734934628009796,3.0,3.0,0.6946384183867161,15.162403106689453,37.0,"{""type"":""Point"",""coordinates"":[109.77318563856082,19.280450079469528]}"
3824,0.0,29.0,920.0,33.99052047729492,803.0,18.82810362948093,109.67734499292288,1782.0906982421875,47.0,15.823752403259277,6.0,2.0,0.511282393223854,10.287245750427246,46.0,"{""type"":""Point"",""coordinates"":[109.6751662608364,18.827933151067224]}"
3825,0.0,30.0,8.0,3.0898985862731934,9.0,19.86116620621838,109.4392914426312,1258.55126953125,39.0,0.16744665801525116,3.0,4.0,0.7285635653810623,15.601836204528809,35.0,"{""type"":""Point"",""coordinates"":[109.43744022503864,19.85977280488412]}"
3826,0.0,27.0,115.0,7.4614949226379395,61.0,19.025732991987226,108.96767591846844,1704.9866943359375,46.0,0.6228060722351074,4.0,2.0,0.6637168583883748,14.224913597106934,41.0,"{""type"":""Point"",""coordinates"":[108.96905682064258,19.025811350567785]}"
3827,0.0,25.0,17.0,5.964547634124756,8.0,19.681503149394473,110.25675835117994,1762.8253173828125,47.0,0.24367380142211914,2.0,3.0,0.7809016018005436,14.960914611816406,30.0,"{""type"":""Point"",""coordinates"":[110.25805281813413,19.679972158543038]}"
3828,0.0,23.0,171.0,7.121959686279297,154.0,18.54064273856268,109.06649059972159,1563.819580078125,57.0,0.8584384322166443,2.0,1.0,0.5795582085353941,13.869190216064453,47.0,"{""type"":""Point"",""coordinates"":[109.06791549107535,18.542682593687488]}"
3829,0.0,26.0,132.0,39.43428421020508,127.0,18.527168009300887,109.71776918070822,1954.9853515625,52.0,7.634794235229492,4.0,1.0,0.583680871595978,11.7023344039917,47.0,"{""type"":""Point"",""coordinates"":[109.71912762920604,18.528833624117638]}"
3830,0.0,32.0,114.0,14.773774147033691,91.0,19.618621079506106,110.0007384952059,1803.9166259765625,41.0,2.0084946155548096,4.0,3.0,0.6670611887369441,13.054247856140137,33.0,"{""type"":""Point"",""coordinates"":[109.99852735453975,19.616633737327508]}"
3831,0.0,24.0,39.0,4.958647727966309,39.0,19.41200856415862,109.03954114119801,1582.6942138671875,51.0,0.243267223238945,2.0,3.0,0.7075378003069396,15.210402488708496,36.0,"{""type"":""Point"",""coordinates"":[109.03973159360748,19.41312211239195]}"
3832,0.0,23.0,58.0,17.8330020904541,53.0,18.787679441695552,110.19836785771219,2146.31787109375,55.0,1.5776690244674683,4.0,1.0,0.6720377934216728,13.329458236694336,47.0,"{""type"":""Point"",""coordinates"":[110.19801254352159,18.787948045314526]}"
3833,0.0,27.0,12.0,5.190319061279297,15.0,18.706831066124792,110.40947194948029,1795.4141845703125,49.0,0.08341195434331894,3.0,1.0,0.7011970729154879,16.277267456054688,47.0,"{""type"":""Point"",""coordinates"":[110.408591965368,18.70631964806652]}"
3834,0.0,25.0,299.0,22.1403865814209,145.0,19.043699297669612,109.80760070912021,1957.84619140625,50.0,3.1579952239990234,4.0,2.0,0.6106679607930035,12.481246948242188,42.0,"{""type"":""Point"",""coordinates"":[109.80606311436813,19.044326937392682]}"
3835,0.0,24.0,171.0,10.820813179016113,88.0,19.313193882905473,109.78963440343779,1975.3306884765625,55.0,0.8624774813652039,3.0,3.0,0.6582022640841559,13.864495277404785,38.0,"{""type"":""Point"",""coordinates"":[109.79157295130729,19.312944151316458]}"
3836,0.0,27.0,198.0,23.355918884277344,114.0,18.68437318402181,109.08445690540395,1693.8157958984375,43.0,4.796042442321777,4.0,1.0,0.5874007898920115,12.129268646240234,44.0,"{""type"":""Point"",""coordinates"":[109.08283633547119,18.684956764389657]}"
3837,0.0,27.0,292.0,40.83103942871094,238.0,19.052682450510808,109.06649059972159,1727.330078125,50.0,12.731851577758789,5.0,2.0,0.5831521129936503,11.076245307922363,39.0,"{""type"":""Point"",""coordinates"":[109.06547743708234,19.05451273686425]}"
3838,0.0,26.0,61.0,31.214862823486328,54.0,18.477760668674314,109.26411996222788,1678.1563720703125,49.0,7.5308518409729,11.0,1.0,0.6382437534419201,11.7590970993042,45.0,"{""type"":""Point"",""coordinates"":[109.26211007645676,18.477190374998248]}"
3839,0.0,29.0,542.0,22.50537872314453,486.0,19.138022402502166,109.13835582245116,1703.1837158203125,47.0,5.9008097648620605,7.0,2.0,0.5886501181264718,11.670554161071777,39.0,"{""type"":""Point"",""coordinates"":[109.13781076396212,19.139300232183405]}"
3840,0.0,25.0,175.0,32.93174362182617,149.0,18.949376192837065,110.19836785771219,2145.433349609375,53.0,4.477820873260498,4.0,2.0,0.6064670559792178,12.212916374206543,46.0,"{""type"":""Point"",""coordinates"":[110.1984236659236,18.948024997762314]}"
3841,0.0,30.0,10.0,7.625397205352783,11.0,19.340143341429055,110.67447495829555,1821.134765625,41.0,0.558993399143219,3.0,3.0,0.7500817000390921,14.001420974731445,37.0,"{""type"":""Point"",""coordinates"":[110.67307124060791,19.34121054647928]}"
3842,0.0,26.0,17.0,9.260188102722168,20.0,18.926918310734074,110.40947194948029,1966.1087646484375,47.0,0.5473369359970093,3.0,2.0,0.7215974414533688,14.412235260009766,43.0,"{""type"":""Point"",""coordinates"":[110.41111738652467,18.928147898419386]}"
3843,0.0,26.0,58.0,8.184977531433105,58.0,19.483873786888182,109.04852429403917,1460.152099609375,51.0,1.3578035831451416,2.0,3.0,0.6786650606559922,13.479604721069336,35.0,"{""type"":""Point"",""coordinates"":[109.0503775972273,19.485591360134777]}"
3844,0.0,26.0,372.0,38.30183029174805,305.0,18.65742372549822,109.34047676137806,1819.1854248046875,50.0,10.195581436157227,4.0,1.0,0.567745403540478,11.248063087463379,44.0,"{""type"":""Point"",""coordinates"":[109.34185032863341,18.65828003198552]}"
3845,0.0,28.0,323.0,25.049938201904297,203.0,19.340143341429055,109.47073247757538,1878.135009765625,51.0,4.737212657928467,4.0,3.0,0.6219423931934173,12.05781078338623,37.0,"{""type"":""Point"",""coordinates"":[109.47025752074137,19.339253006145082]}"
3846,0.0,22.0,75.0,7.615934371948242,41.0,19.68599472581507,109.62793765229628,1664.927490234375,58.0,0.7509830594062805,3.0,3.0,0.7203994326616185,14.061888694763184,33.0,"{""type"":""Point"",""coordinates"":[109.6278167131439,19.6850776044584]}"
3847,0.0,26.0,199.0,64.95751190185547,180.0,19.084123485454995,110.14446894066504,2338.104736328125,47.0,10.100517272949219,5.0,2.0,0.6010640141358242,11.375734329223633,45.0,"{""type"":""Point"",""coordinates"":[110.14415660294038,19.08510454696476]}"
3848,0.0,20.0,18.0,4.145849227905273,21.0,18.63496584339523,108.7116560624944,1371.27734375,53.0,0.2970498502254486,2.0,1.0,0.6847203853584968,14.932367324829102,43.0,"{""type"":""Point"",""coordinates"":[108.71062756507547,18.633816734191004]}"
3849,0.0,26.0,936.0,36.33586120605469,849.0,18.82810362948093,109.72675233354943,1915.739013671875,45.0,13.290825843811035,6.0,2.0,0.5287220275900749,10.449987411499023,45.0,"{""type"":""Point"",""coordinates"":[109.72521380938285,18.827908031195854]}"
3850,0.0,32.0,431.0,23.87415885925293,377.0,18.944884616416466,109.05301587045977,1570.7598876953125,39.0,7.457293510437012,7.0,2.0,0.5742914300244136,11.5220947265625,41.0,"{""type"":""Point"",""coordinates"":[109.05326321607522,18.94697065307775]}"
3851,0.0,30.0,140.0,29.462844848632812,120.0,18.612507961292245,109.77615967417603,1884.4619140625,43.0,5.248626708984375,5.0,1.0,0.5921265778203768,12.075273513793945,46.0,"{""type"":""Point"",""coordinates"":[109.77549963337474,18.614181662366917]}"
3852,0.0,21.0,9.0,5.956923007965088,9.0,19.65455369087089,109.33598518495745,1499.85693359375,55.0,0.5863712430000305,2.0,3.0,0.7365405652884925,14.347942352294922,36.0,"{""type"":""Point"",""coordinates"":[109.33742477407102,19.6535305103648]}"
3853,0.0,27.0,928.0,43.032691955566406,778.0,19.15598870818455,109.75819336849361,2172.21240234375,47.0,12.406393051147461,5.0,2.0,0.5672246225428107,10.53096866607666,40.0,"{""type"":""Point"",""coordinates"":[109.75667998449308,19.15422423024815]}"
3854,0.0,26.0,31.0,7.412570953369141,16.0,19.061665603352004,110.25675835117994,2095.56103515625,45.0,0.12978270649909973,4.0,2.0,0.7309064494375133,15.843364715576172,44.0,"{""type"":""Point"",""coordinates"":[110.25850347766882,19.062270566882145]}"
3855,0.0,30.0,5.0,4.405318737030029,5.0,20.04981241588348,110.35557303243309,1469.840576171875,42.0,0.3898671865463257,2.0,4.0,0.7224312783264278,13.871996879577637,40.0,"{""type"":""Point"",""coordinates"":[110.35622245496968,20.047594403252063]}"
3856,0.0,30.0,639.0,43.326385498046875,510.0,18.940393039995868,109.843533320485,1981.3450927734375,38.0,11.662421226501465,4.0,2.0,0.5520909401198991,10.895308494567871,45.0,"{""type"":""Point"",""coordinates"":[109.84396290910841,18.941649464031514]}"
3857,0.0,27.0,109.0,34.66426086425781,99.0,18.967342498519457,110.30616569180654,2047.5325927734375,46.0,5.169773578643799,4.0,2.0,0.6168487862764951,12.109543800354004,43.0,"{""type"":""Point"",""coordinates"":[110.30555397944265,18.96848308119584]}"
3858,0.0,26.0,25.0,4.755474090576172,11.0,19.762351524965233,110.12201105856201,1681.2734375,45.0,0.0836959183216095,3.0,4.0,0.7690003656154791,16.023557662963867,31.0,"{""type"":""Point"",""coordinates"":[110.12063085955572,19.76110944454327]}"
3859,0.0,27.0,844.0,25.612459182739258,647.0,18.85056151158392,109.56505558240792,1743.0345458984375,49.0,8.975409507751465,6.0,2.0,0.5367785967629759,10.959341049194336,45.0,"{""type"":""Point"",""coordinates"":[109.56303720156689,18.85050671646158]}"
3860,0.0,28.0,696.0,12.37143611907959,688.0,18.675390031180612,108.85089493153288,1418.91015625,49.0,4.1316657066345215,5.0,1.0,0.5356238469288942,11.89263916015625,46.0,"{""type"":""Point"",""coordinates"":[108.85005673930299,18.675726569845516]}"
3861,0.0,23.0,39.0,8.738813400268555,39.0,19.32666861216726,110.54871081851877,2069.560302734375,52.0,0.36499521136283875,5.0,3.0,0.7208951123899576,14.647597312927246,40.0,"{""type"":""Point"",""coordinates"":[110.5496771608373,19.328752348937815]}"
3862,0.0,25.0,50.0,5.969757080078125,53.0,18.612507961292245,108.80148759090633,1406.5465087890625,49.0,0.7954587340354919,3.0,1.0,0.6395825326053884,14.019143104553223,45.0,"{""type"":""Point"",""coordinates"":[108.80099595836941,18.611838976939865]}"
3863,0.0,26.0,940.0,11.929488182067871,912.0,18.724797371807185,109.89294066111154,1837.78564453125,48.0,1.8704782724380493,5.0,1.0,0.5476555773597053,12.423763275146484,47.0,"{""type"":""Point"",""coordinates"":[109.89194934776813,18.724537968607596]}"
3864,0.0,26.0,2.0,5.961942195892334,5.0,18.284622882588614,109.71327760428761,1774.006103515625,51.0,0.249909907579422,3.0,0.0,0.7332436211672272,15.20483112335205,42.0,"{""type"":""Point"",""coordinates"":[109.71286815401933,18.285514384958525]}"
3865,0.0,24.0,137.0,10.829971313476562,60.0,19.35361807069085,109.78963440343779,1946.9384765625,52.0,0.8619574308395386,4.0,3.0,0.6903995268760563,13.88637638092041,38.0,"{""type"":""Point"",""coordinates"":[109.78998186897718,19.355527205220216]}"
3866,0.0,26.0,18.0,8.907197952270508,21.0,18.90446042863109,110.43192983158326,1966.1087646484375,46.0,0.4884103238582611,3.0,2.0,0.7206485421217018,14.506359100341797,43.0,"{""type"":""Point"",""coordinates"":[110.43036971674061,18.904460182152363]}"
3867,0.0,26.0,61.0,4.579775810241699,60.0,19.582688468141328,109.32251045569564,1572.2099609375,49.0,0.1825314611196518,3.0,3.0,0.6831741665187531,15.484716415405273,36.0,"{""type"":""Point"",""coordinates"":[109.3209083541788,19.581815379000293]}"
3868,0.0,33.0,5.0,4.113610744476318,5.0,19.964472463892122,109.82107543838197,1286.6444091796875,38.0,0.548561692237854,4.0,4.0,0.725610672829638,14.149420738220215,37.0,"{""type"":""Point"",""coordinates"":[109.82022636733836,19.96462274663678]}"
3869,0.0,29.0,210.0,25.326108932495117,32.0,19.18742974312874,109.49319035967835,1817.5972900390625,40.0,4.537193298339844,4.0,2.0,0.7011688604625645,12.17724609375,37.0,"{""type"":""Point"",""coordinates"":[109.49527178689776,19.185870461548532]}"
3870,0.0,30.0,90.0,4.8723859786987305,91.0,19.865657782638976,110.14446894066504,1548.9822998046875,41.0,0.31029096245765686,3.0,4.0,0.6540142035483605,14.653544425964355,34.0,"{""type"":""Point"",""coordinates"":[110.14532761826624,19.866887343046116]}"
3871,0.0,26.0,4.0,3.9586071968078613,5.0,19.982438769574514,110.76430648670748,1453.577392578125,42.0,0.23741750419139862,3.0,4.0,0.6915944266775274,13.909038543701172,47.0,"{""type"":""Point"",""coordinates"":[110.76370462236595,19.98147921171762]}"
3872,0.0,25.0,5.0,6.298457145690918,7.0,19.147005555343355,110.51726978357459,1973.12939453125,44.0,0.060718834400177,2.0,2.0,0.7427793964432805,16.59889793395996,42.0,"{""type"":""Point"",""coordinates"":[110.51632966112851,19.148807987345236]}"
3873,0.0,27.0,190.0,35.96311569213867,113.0,18.890985699369296,110.06811214151486,2042.27783203125,48.0,5.8620734214782715,4.0,2.0,0.5950819570202166,11.932533264160156,46.0,"{""type"":""Point"",""coordinates"":[110.06964633162302,18.89291745272769]}"
3874,0.0,28.0,27.0,4.633732318878174,26.0,19.784809407068217,110.70591599323973,1634.4227294921875,49.0,0.21587808430194855,4.0,4.0,0.7097596408629236,14.370009422302246,40.0,"{""type"":""Point"",""coordinates"":[110.70774314961248,19.785179788857196]}"
3875,0.0,25.0,56.0,9.77026653289795,57.0,18.940393039995868,110.34658987959187,2010.7989501953125,51.0,0.5920339822769165,5.0,2.0,0.6732064577854247,14.310995101928711,45.0,"{""type"":""Point"",""coordinates"":[110.3469388011932,18.938359014397598]}"
3876,0.0,29.0,427.0,24.319883346557617,373.0,19.025732991987226,109.11589794034813,1672.6319580078125,45.0,6.3976263999938965,5.0,2.0,0.5907515653449512,11.679884910583496,39.0,"{""type"":""Point"",""coordinates"":[109.11455832576648,19.024524344023536]}"
3877,0.0,32.0,120.0,10.414116859436035,104.0,19.456924328364593,110.46786244294805,1950.7633056640625,37.0,0.8429293036460876,5.0,3.0,0.6392318097308354,13.753622055053711,40.0,"{""type"":""Point"",""coordinates"":[110.47004040305619,19.454982354403388]}"
3878,0.0,27.0,35.0,24.34870719909668,38.0,18.97183407494005,110.42743825516266,2151.140869140625,47.0,2.5561139583587646,5.0,2.0,0.7184099285979048,12.859993934631348,40.0,"{""type"":""Point"",""coordinates"":[110.42712974101059,18.969833382241568]}"
3879,0.0,28.0,483.0,19.346267700195312,480.0,18.670898454760014,108.83742020227112,1459.837890625,49.0,6.9657416343688965,5.0,1.0,0.5427507225021008,11.550848960876465,46.0,"{""type"":""Point"",""coordinates"":[108.83926608139112,18.670195728527695]}"
3880,0.0,31.0,539.0,34.36533737182617,415.0,19.178446590287543,109.25064523296606,1777.8148193359375,39.0,10.197925567626953,6.0,2.0,0.5883446061475005,11.118841171264648,37.0,"{""type"":""Point"",""coordinates"":[109.25009130882223,19.176562006347435]}"
3881,0.0,23.0,25.0,4.661909580230713,25.0,19.762351524965233,110.87210432080184,1448.2777099609375,52.0,0.6735711097717285,2.0,4.0,0.6746637044439325,12.81897258758545,45.0,"{""type"":""Point"",""coordinates"":[110.87333385442263,19.76363176831925]}"
3882,0.0,33.0,132.0,16.473480224609375,105.0,19.420991716999815,110.33311515033012,2089.788818359375,42.0,1.6182609796524048,5.0,3.0,0.6527008577205853,13.25937557220459,38.0,"{""type"":""Point"",""coordinates"":[110.33344296551023,19.418923289449488]}"
3883,0.0,27.0,219.0,17.67070960998535,69.0,19.313193882905473,109.5515808531461,1841.37890625,46.0,2.522944927215576,7.0,3.0,0.6698670699163193,12.759720802307129,37.0,"{""type"":""Point"",""coordinates"":[109.551666069042,19.31537514219946]}"
3884,0.0,32.0,118.0,12.179919242858887,119.0,19.928539852527344,110.22980889265637,1494.913330078125,34.0,2.8490512371063232,4.0,4.0,0.6140187356223545,12.412880897521973,38.0,"{""type"":""Point"",""coordinates"":[110.23121390038617,19.929676123716355]}"
3885,0.0,28.0,59.0,14.92479419708252,46.0,19.429974869841004,110.5217613599952,2054.74169921875,43.0,1.4790934324264526,4.0,3.0,0.7149906644045114,13.116116523742676,38.0,"{""type"":""Point"",""coordinates"":[110.52216220133144,19.429905182292202]}"
3886,0.0,29.0,101.0,20.69390869140625,74.0,19.483873786888182,110.2073510105534,2049.6015625,48.0,2.4351513385772705,4.0,3.0,0.6862158980171429,12.86933708190918,36.0,"{""type"":""Point"",""coordinates"":[110.20735255548321,19.482650681994432]}"
3887,0.0,33.0,381.0,16.538732528686523,162.0,19.097598214716783,109.33598518495745,1627.8504638671875,36.0,3.5188169479370117,5.0,2.0,0.5952196491244065,12.314724922180176,40.0,"{""type"":""Point"",""coordinates"":[109.33467729522822,19.098210107151267]}"
3888,0.0,29.0,99.0,11.167057037353516,86.0,18.590050079189254,109.73124390997003,1878.4212646484375,41.0,1.0170470476150513,4.0,1.0,0.6280578996942175,13.74415111541748,45.0,"{""type"":""Point"",""coordinates"":[109.73301408874018,18.589531721807045]}"
3889,0.0,29.0,22.0,3.314171314239502,23.0,19.820742018433002,109.29106942075146,1215.3944091796875,38.0,0.29848143458366394,2.0,4.0,0.7172545774700337,15.015727043151855,33.0,"{""type"":""Point"",""coordinates"":[109.29254712852426,19.82028062939448]}"
3890,0.0,31.0,124.0,4.94430685043335,116.0,19.560230586038337,109.42581671336939,1726.7203369140625,46.0,0.13458126783370972,4.0,3.0,0.6540455294997027,15.751504898071289,34.0,"{""type"":""Point"",""coordinates"":[109.42586193352574,19.559585468567583]}"
3891,0.0,23.0,4.0,3.9860692024230957,5.0,19.99142192241571,110.76879806312809,1453.577392578125,46.0,0.22943836450576782,2.0,4.0,0.6953117293044825,13.943224906921387,46.0,"{""type"":""Point"",""coordinates"":[110.76717063533485,19.992376031273604]}"
3892,0.0,22.0,25.0,3.522861957550049,26.0,19.87913251190077,110.87659589722244,1361.5533447265625,53.0,0.2696009874343872,2.0,4.0,0.6516720352236955,13.734661102294922,49.0,"{""type"":""Point"",""coordinates"":[110.87811603731537,19.87781976865991]}"
3893,0.0,22.0,165.0,13.179960250854492,82.0,19.335651765008457,109.77615967417603,1975.3306884765625,54.0,1.1913694143295288,3.0,3.0,0.6594585230738544,13.545165061950684,39.0,"{""type"":""Point"",""coordinates"":[109.7777737253688,19.334250933108976]}"
3894,0.0,27.0,97.0,19.57244300842285,50.0,19.147005555343355,110.02768795372947,2182.0107421875,46.0,1.746934413909912,4.0,2.0,0.6921402775614894,13.204195976257324,43.0,"{""type"":""Point"",""coordinates"":[110.0255646853901,19.14664439266929]}"
3895,0.0,21.0,175.0,12.960589408874512,101.0,19.335651765008457,109.96480588384111,2144.13134765625,54.0,0.842720091342926,4.0,3.0,0.6464669383325181,13.885139465332031,40.0,"{""type"":""Point"",""coordinates"":[109.96310175031958,19.336794066362234]}"
3896,0.0,23.0,8.0,3.1704893112182617,9.0,19.254803389437704,108.65775714544719,1190.839599609375,50.0,0.2930282652378082,2.0,2.0,0.6966484402664411,14.97216796875,41.0,"{""type"":""Point"",""coordinates"":[108.65600653435358,19.25533182042909]}"
3897,0.0,29.0,42.0,8.558754920959473,42.0,19.77133467780643,110.58015185346295,1627.6031494140625,38.0,1.1695244312286377,5.0,4.0,0.705926583248227,13.201676368713379,36.0,"{""type"":""Point"",""coordinates"":[110.57926943695735,19.772363817548456]}"
3898,0.0,30.0,77.0,8.96639633178711,78.0,19.94650615820973,110.18489312845037,1531.1956787109375,40.0,1.5348180532455444,3.0,4.0,0.6553409841813754,13.064988136291504,36.0,"{""type"":""Point"",""coordinates"":[110.18503486439302,19.946197045696223]}"
3899,0.0,29.0,59.0,4.5485100746154785,52.0,19.8252335948536,110.13099421140322,1559.87744140625,39.0,0.18292054533958435,6.0,4.0,0.7069867859183682,15.20646858215332,33.0,"{""type"":""Point"",""coordinates"":[110.13088641629845,19.826570758891584]}"
3900,0.0,28.0,30.0,3.3094916343688965,31.0,19.807267289171207,109.30903572643388,1234.4652099609375,39.0,0.25982576608657837,2.0,4.0,0.7091455534954031,15.14979076385498,33.0,"{""type"":""Point"",""coordinates"":[109.31114227888175,19.80556809973172]}"
3901,0.0,29.0,1167.0,20.079418182373047,997.0,18.96285092209886,109.41683356052818,1758.0074462890625,43.0,8.685365676879883,9.0,2.0,0.539710302434174,10.553083419799805,41.0,"{""type"":""Point"",""coordinates"":[109.4184349755778,18.96312923731489]}"
3902,0.0,24.0,139.0,13.692405700683594,91.0,19.623112655926704,109.78963440343779,1757.8212890625,53.0,1.8746641874313354,4.0,3.0,0.6632433358608185,13.107876777648926,33.0,"{""type"":""Point"",""coordinates"":[109.78818027095993,19.625258884136517]}"
3903,0.0,24.0,125.0,16.093830108642578,78.0,19.209887625231723,110.06811214151486,2153.77001953125,51.0,1.2958322763442993,4.0,2.0,0.6683332733498892,13.485980987548828,41.0,"{""type"":""Point"",""coordinates"":[110.06668062636749,19.21170996376215]}"
3904,0.0,27.0,43.0,7.720952987670898,43.0,19.811758865591806,110.08607844719722,1588.25830078125,39.0,0.9216160178184509,4.0,4.0,0.7201603877665892,13.601702690124512,32.0,"{""type"":""Point"",""coordinates"":[110.08820418042097,19.809552045213575]}"
3905,0.0,24.0,29.0,9.3447847366333,23.0,19.23683708375531,108.88233596647706,1629.544189453125,49.0,1.1261839866638184,2.0,2.0,0.6990034316389964,13.683670997619629,42.0,"{""type"":""Point"",""coordinates"":[108.88080747301895,19.237138586989023]}"
3906,0.0,30.0,14.0,6.391250133514404,11.0,19.739893642862242,110.34209830317133,1823.489013671875,36.0,0.251067578792572,2.0,3.0,0.7813850464017053,14.924267768859863,30.0,"{""type"":""Point"",""coordinates"":[110.34033743966556,19.740933259509028]}"
3907,0.0,28.0,195.0,21.703947067260742,78.0,19.38056752921443,109.58302188809029,1847.4031982421875,46.0,3.4957048892974854,6.0,3.0,0.6710148662077553,12.448551177978516,34.0,"{""type"":""Point"",""coordinates"":[109.58118419822718,19.38134365550737]}"
3908,0.0,25.0,21.0,4.3577070236206055,22.0,19.870149359059575,110.79574752165166,1520.0635986328125,49.0,0.3258156180381775,2.0,4.0,0.6791569930410141,13.554443359375,46.0,"{""type"":""Point"",""coordinates"":[110.79370424488243,19.871596719842657]}"
3909,0.0,28.0,242.0,15.649629592895508,230.0,19.21437920165232,110.21633416339455,2244.465087890625,42.0,1.0964546203613281,4.0,2.0,0.6473005077969742,13.578473091125488,40.0,"{""type"":""Point"",""coordinates"":[110.21717869685709,19.215623519160104]}"
3910,0.0,25.0,658.0,71.79180145263672,648.0,18.6888647604424,109.90192381395275,2108.650146484375,51.0,24.149715423583984,5.0,1.0,0.5090253708864978,10.10233211517334,48.0,"{""type"":""Point"",""coordinates"":[109.901885719968,18.688962713779993]}"
3911,0.0,24.0,22.0,3.6705996990203857,19.0,19.852183053377182,110.81371382733403,1427.0794677734375,51.0,0.21092000603675842,2.0,4.0,0.6771252178114106,13.987016677856445,46.0,"{""type"":""Point"",""coordinates"":[110.81517991097873,19.852838170674396]}"
3912,0.0,24.0,296.0,24.36819839477539,292.0,18.639457419815827,109.99624691878529,1923.6046142578125,52.0,3.873542547225952,3.0,1.0,0.5924035400935,12.278565406799316,45.0,"{""type"":""Point"",""coordinates"":[109.99400764381,18.63852400092151]}"
3913,0.0,26.0,25.0,21.71988296508789,17.0,19.18293816670814,110.3151488446477,2371.44091796875,42.0,1.5096745491027832,4.0,2.0,0.7628310116658922,13.392827987670898,39.0,"{""type"":""Point"",""coordinates"":[110.31370567327164,19.18323973496894]}"
3914,0.0,30.0,46.0,9.298486709594727,45.0,19.69048630223567,110.65201707619252,1757.2255859375,42.0,1.11660897731781,6.0,3.0,0.7110547304772852,13.244362831115723,36.0,"{""type"":""Point"",""coordinates"":[110.64991307495872,19.6907918435645]}"
3915,0.0,26.0,306.0,33.65685272216797,124.0,19.10208979113738,109.70429445144646,2060.595947265625,47.0,5.322348117828369,4.0,2.0,0.622008476765975,11.952571868896484,39.0,"{""type"":""Point"",""coordinates"":[109.70400152241682,19.10357372772484]}"
3916,0.0,27.0,28.0,7.855049133300781,29.0,19.49734851614997,110.75532333386627,1676.824951171875,48.0,0.9198397994041443,5.0,3.0,0.720602048380495,13.454472541809082,37.0,"{""type"":""Point"",""coordinates"":[110.75490991878225,19.49872735507832]}"
3917,0.0,32.0,409.0,31.248882293701172,301.0,18.99429195704304,109.93336484889693,1983.186767578125,41.0,5.898345470428467,4.0,2.0,0.6010961057987553,11.775259971618652,41.0,"{""type"":""Point"",""coordinates"":[109.93519103591613,18.99340152251569]}"
3918,0.0,25.0,49.0,11.702753067016602,28.0,19.51980639825296,110.24777519833873,1939.3856201171875,48.0,0.9754912853240967,4.0,3.0,0.7304466690697449,13.815675735473633,38.0,"{""type"":""Point"",""coordinates"":[110.24987905950255,19.518244194996225]}"
3919,0.0,25.0,34.0,7.489869117736816,34.0,19.57370531530013,109.19674631591892,1565.0616455078125,49.0,0.8587279319763184,3.0,3.0,0.7020832726876841,13.951956748962402,38.0,"{""type"":""Point"",""coordinates"":[109.19687434148518,19.57409493898795]}"
3920,0.0,26.0,36.0,9.6675443649292,36.0,18.93590146357527,110.33760672675072,2010.7989501953125,49.0,0.5722414255142212,4.0,2.0,0.6971053158085675,14.356724739074707,45.0,"{""type"":""Point"",""coordinates"":[110.33541170047559,18.93732872984267]}"
3921,0.0,28.0,336.0,35.589508056640625,293.0,18.760729983171963,109.71327760428761,2001.7784423828125,45.0,6.565495491027832,4.0,1.0,0.5774713822595013,11.720185279846191,47.0,"{""type"":""Point"",""coordinates"":[109.71363370079975,18.762381813612485]}"
3922,0.0,28.0,21.0,7.693399429321289,21.0,19.89260724116256,110.41396352590084,1671.0523681640625,38.0,0.8113967180252075,5.0,4.0,0.7076481650275005,13.560989379882812,42.0,"{""type"":""Point"",""coordinates"":[110.41515740677856,19.89204927872443]}"
3923,0.0,22.0,170.0,8.60806941986084,104.0,19.447941175523397,109.5470892767255,1836.7322998046875,57.0,0.6688444018363953,3.0,3.0,0.6551228072755818,14.119415283203125,34.0,"{""type"":""Point"",""coordinates"":[109.54911994197745,19.447175352535215]}"
3924,0.0,26.0,10.0,8.471312522888184,12.0,19.10658136755798,110.41396352590084,2184.841064453125,45.0,0.1909310668706894,4.0,2.0,0.7639942620380329,15.469440460205078,39.0,"{""type"":""Point"",""coordinates"":[110.41430652995791,19.106201902711216]}"
3926,0.0,31.0,371.0,22.84807014465332,335.0,18.922426734313476,108.89581069573887,1477.794677734375,42.0,8.049365997314453,5.0,2.0,0.5562078387703412,11.48917293548584,44.0,"{""type"":""Point"",""coordinates"":[108.89405451565398,18.92135060865044]}"
3927,0.0,26.0,253.0,27.86481285095215,117.0,19.232345507334713,109.42132513694878,1868.5733642578125,47.0,5.040473461151123,4.0,2.0,0.6242988346818368,12.043281555175781,37.0,"{""type"":""Point"",""coordinates"":[109.42330963793009,19.231398669633112]}"
3928,0.0,23.0,228.0,14.02033519744873,116.0,19.259294965858295,109.35844306706042,1821.4259033203125,55.0,1.8145370483398438,3.0,2.0,0.6198994609539502,13.083741188049316,40.0,"{""type"":""Point"",""coordinates"":[109.35778317222707,19.25847352971217]}"
3929,0.0,25.0,2.0,3.6612448692321777,3.0,20.013879804518695,110.66998338187494,1417.64208984375,46.0,0.19191136956214905,3.0,4.0,0.6963447654016527,14.126213073730469,46.0,"{""type"":""Point"",""coordinates"":[110.67144264431427,20.01240479276739]}"
3930,0.0,24.0,79.0,10.632220268249512,69.0,19.277261271540688,108.93174330710366,1673.9830322265625,52.0,1.3684719800949097,2.0,2.0,0.6599980329392164,13.459300994873047,39.0,"{""type"":""Point"",""coordinates"":[108.93370997330928,19.27919664941517]}"
3931,0.0,25.0,22.0,12.833672523498535,25.0,18.93590146357527,110.39150564379787,1992.500732421875,47.0,1.0450559854507446,3.0,2.0,0.7153393371331567,13.762507438659668,43.0,"{""type"":""Point"",""coordinates"":[110.38942621151955,18.937341389506958]}"
3932,0.0,35.0,24.0,12.357542991638184,24.0,19.897098817583156,109.93785642531753,1538.0738525390625,38.0,2.782031774520874,4.0,4.0,0.7203892235803113,12.510714530944824,35.0,"{""type"":""Point"",""coordinates"":[109.93758467749844,19.894868623794796]}"
3933,0.0,26.0,674.0,21.302703857421875,603.0,18.63047426697463,109.52013981820193,1771.5760498046875,50.0,5.119457244873047,5.0,1.0,0.5543276577494323,11.697959899902344,46.0,"{""type"":""Point"",""coordinates"":[109.51930233647252,18.630416839498537]}"
3934,0.0,25.0,74.0,26.90306282043457,77.0,18.97183407494005,110.39150564379787,2064.3056640625,53.0,3.4762866497039795,3.0,2.0,0.6629878435357486,12.528977394104004,40.0,"{""type"":""Point"",""coordinates"":[110.39105241893168,18.971815634705962]}"
3935,0.0,31.0,139.0,22.859655380249023,115.0,19.003275109884235,110.20285943413279,2079.07958984375,37.0,2.5911457538604736,3.0,2.0,0.6151937683645214,12.783881187438965,45.0,"{""type"":""Point"",""coordinates"":[110.20113846751956,19.00170625583289]}"
3936,0.0,32.0,56.0,7.915050506591797,55.0,19.623112655926704,110.63405077051016,1770.7396240234375,39.0,0.7530584335327148,5.0,3.0,0.7228471051675053,13.629217147827148,31.0,"{""type"":""Point"",""coordinates"":[110.63303821024083,19.62417018624729]}"
3937,0.0,32.0,20.0,5.5167436599731445,18.0,19.811758865591806,110.35557303243309,1665.0712890625,38.0,0.3048398792743683,7.0,4.0,0.7450010776824816,14.725671768188477,35.0,"{""type"":""Point"",""coordinates"":[110.35521802862799,19.80977244620019]}"
3938,0.0,24.0,84.0,7.7357497215271,66.0,19.623112655926704,110.1130279057208,1797.989990234375,50.0,0.5166572332382202,3.0,3.0,0.6963873439037872,14.430541038513184,34.0,"{""type"":""Point"",""coordinates"":[110.11322231729845,19.621734122675505]}"
3939,0.0,26.0,56.0,5.361563205718994,56.0,19.901590394003755,110.3151488446477,1611.625244140625,47.0,0.35020390152931213,4.0,4.0,0.6816244106234501,14.394888877868652,38.0,"{""type"":""Point"",""coordinates"":[110.31296896196937,19.899379670971793]}"
3940,0.0,27.0,287.0,18.553598403930664,156.0,19.322177035746662,109.55607242956671,1841.37890625,46.0,2.8086090087890625,7.0,3.0,0.6347679980986688,12.606931686401367,36.0,"{""type"":""Point"",""coordinates"":[109.5552043260923,19.322925933791577]}"
3941,0.0,31.0,113.0,10.499761581420898,90.0,19.60963792666491,110.0097216480471,1803.9166259765625,42.0,1.0964874029159546,4.0,3.0,0.6714356788773165,13.660419464111328,33.0,"{""type"":""Point"",""coordinates"":[110.00965880988794,19.608014618859347]}"
3942,0.0,28.0,552.0,26.12500762939453,383.0,18.873019393686903,109.44827459547236,1749.24609375,48.0,7.010016441345215,6.0,2.0,0.5510367558164,11.488541603088379,47.0,"{""type"":""Point"",""coordinates"":[109.44799549522784,18.871093715002115]}"
3943,0.0,27.0,362.0,20.07083511352539,149.0,18.998783533463637,109.62344607587568,1833.120849609375,46.0,3.347999095916748,4.0,2.0,0.5990707352661284,12.378369331359863,42.0,"{""type"":""Point"",""coordinates"":[109.62558178756414,18.999392486353287]}"
3944,0.0,29.0,119.0,25.0975399017334,110.0,18.581066926348058,109.85700804974675,1951.382568359375,43.0,3.6109116077423096,4.0,1.0,0.6107157380602971,12.463700294494629,44.0,"{""type"":""Point"",""coordinates"":[109.85697930819678,18.580321217028782]}"
3945,0.0,24.0,139.0,5.113008975982666,123.0,18.581066926348058,109.04852429403917,1636.624755859375,55.0,0.24875898659229279,2.0,1.0,0.5879794778914227,15.127927780151367,47.0,"{""type"":""Point"",""coordinates"":[109.0498038508663,18.581062807487086]}"
3946,0.0,24.0,36.0,5.49979305267334,39.0,18.536151162142083,108.84191177869172,1385.7965087890625,50.0,0.6909388899803162,2.0,1.0,0.6543431889757545,14.168218612670898,45.0,"{""type"":""Point"",""coordinates"":[108.84311937168782,18.53554034294844]}"
3947,0.0,23.0,107.0,8.188285827636719,105.0,19.569213738879533,109.385392525584,1701.239990234375,56.0,0.8117254376411438,4.0,3.0,0.6422403176678139,13.964834213256836,36.0,"{""type"":""Point"",""coordinates"":[109.38665944192869,19.567014802994624]}"
3948,0.0,29.0,90.0,9.958763122558594,78.0,19.694977878656267,110.51277820715399,1771.712646484375,45.0,1.2979419231414795,6.0,3.0,0.6853051505888467,13.053050994873047,33.0,"{""type"":""Point"",""coordinates"":[110.51296629044595,19.693675987222868]}"
3949,0.0,31.0,790.0,17.70363998413086,621.0,18.84606993516332,109.65488711081986,1782.0906982421875,46.0,4.243768692016602,5.0,2.0,0.5507782041504498,11.772543907165527,46.0,"{""type"":""Point"",""coordinates"":[109.65266822715586,18.845212506988318]}"
3950,0.0,30.0,20.0,6.304481029510498,20.0,19.703961031497464,110.70142441681912,1715.18212890625,39.0,0.41959506273269653,5.0,3.0,0.7305989023088887,14.246573448181152,38.0,"{""type"":""Point"",""coordinates"":[110.70317330605246,19.706125943181362]}"
3951,0.0,24.0,41.0,6.1915812492370605,41.0,19.582688468141328,109.12038951676874,1475.60693359375,54.0,0.7481173872947693,3.0,3.0,0.6978020100201205,14.085783958435059,36.0,"{""type"":""Point"",""coordinates"":[109.12211806572392,19.584338641227756]}"
3952,0.0,23.0,147.0,7.427964687347412,120.0,19.4434495991028,109.24166208012491,1745.3204345703125,56.0,0.5852364897727966,2.0,3.0,0.6550722383056156,14.267395973205566,33.0,"{""type"":""Point"",""coordinates"":[109.243712393836,19.443027041502827]}"
3953,0.0,29.0,118.0,17.635356903076172,71.0,19.474890634046986,109.91090696679396,1959.7740478515625,43.0,2.042069673538208,4.0,3.0,0.6801607374804746,13.035210609436035,37.0,"{""type"":""Point"",""coordinates"":[109.90872947763813,19.476878420494614]}"
3954,0.0,26.0,108.0,15.524596214294434,67.0,19.416500140579217,110.17590997560922,2209.65380859375,50.0,1.147409200668335,4.0,3.0,0.7033252417669416,13.618059158325195,37.0,"{""type"":""Point"",""coordinates"":[110.17685325338795,19.414592949883748]}"
3955,0.0,31.0,43.0,8.392423629760742,43.0,19.618621079506106,110.6789665347161,1746.6864013671875,39.0,0.8946243524551392,5.0,3.0,0.7217091810732965,13.468777656555176,34.0,"{""type"":""Point"",""coordinates"":[110.68001693704404,19.61668602174756]}"
3956,0.0,31.0,10.0,5.728538513183594,11.0,19.479382210467584,110.7328654517633,1772.327880859375,45.0,0.2690508961677551,9.0,3.0,0.748206362523167,14.699808120727539,38.0,"{""type"":""Point"",""coordinates"":[110.73510287756024,19.4793409449753]}"
3957,0.0,31.0,78.0,24.474185943603516,55.0,18.608016384871647,109.76717652133482,1884.4619140625,42.0,3.8514795303344727,4.0,1.0,0.649771334805638,12.423818588256836,46.0,"{""type"":""Point"",""coordinates"":[109.7675953940615,18.609887972393842]}"
3958,0.0,23.0,86.0,7.431565284729004,82.0,19.335651765008457,108.99013380057141,1757.42431640625,59.0,0.6018691658973694,3.0,3.0,0.6447281434509716,14.276671409606934,41.0,"{""type"":""Point"",""coordinates"":[108.98791861474302,19.335119379999227]}"
3959,0.0,30.0,666.0,42.99336624145508,496.0,18.760729983171963,109.41683356052818,1849.8798828125,48.0,16.262542724609375,7.0,1.0,0.5376914849542672,10.524833679199219,44.0,"{""type"":""Point"",""coordinates"":[109.41906254825234,18.762703726028597]}"
3960,0.0,24.0,99.0,9.671923637390137,72.0,19.569213738879533,109.99175534236468,1817.73583984375,49.0,0.8355773687362671,3.0,3.0,0.6843514724395889,13.940720558166504,35.0,"{""type"":""Point"",""coordinates"":[109.99211981001415,19.5689379407144]}"
3961,0.0,26.0,264.0,20.1860408782959,127.0,18.666406878339416,109.19225473949831,1719.247802734375,52.0,4.043818950653076,4.0,1.0,0.5830139041365978,12.257148742675781,45.0,"{""type"":""Point"",""coordinates"":[109.1926043946649,18.66442627639373]}"
3962,0.0,27.0,217.0,21.423269271850586,140.0,19.40751698773802,109.798617556279,1949.9219970703125,46.0,2.917188882827759,4.0,3.0,0.6382167078060274,12.615612983703613,37.0,"{""type"":""Point"",""coordinates"":[109.79798316936859,19.40789445286842]}"
3963,0.0,32.0,93.0,9.675102233886719,86.0,19.55573900961774,110.59811815914537,1895.59814453125,43.0,0.9876629114151001,6.0,3.0,0.6802630425697163,13.323474884033203,34.0,"{""type"":""Point"",""coordinates"":[110.59797014175919,19.55714873196302]}"
3964,0.0,29.0,201.0,32.93501281738281,147.0,19.003275109884235,108.94970961278602,1570.812255859375,47.0,11.157797813415527,4.0,2.0,0.5751193970185915,11.272574424743652,41.0,"{""type"":""Point"",""coordinates"":[108.94895016026028,19.00215799244316]}"
3965,0.0,28.0,86.0,47.960548400878906,86.0,18.648440572657023,110.21633416339455,2018.6168212890625,47.0,9.14192008972168,4.0,1.0,0.6137211161629497,11.547585487365723,44.0,"{""type"":""Point"",""coordinates"":[110.2155405706343,18.647515350208565]}"
3966,0.0,29.0,335.0,15.945341110229492,223.0,18.97183407494005,109.90192381395275,1983.186767578125,40.0,1.7525643110275269,4.0,2.0,0.6148568463163611,13.045717239379883,42.0,"{""type"":""Point"",""coordinates"":[109.90019771805785,18.972596991833544]}"
3967,0.0,23.0,53.0,7.822028160095215,51.0,18.79217101811615,108.77453813238276,1348.03369140625,49.0,1.4744622707366943,3.0,1.0,0.62703061063868,13.400093078613281,47.0,"{""type"":""Point"",""coordinates"":[108.7756422937767,18.790356863039833]}"
3968,0.0,22.0,85.0,7.230071544647217,64.0,19.115564520399175,109.0305579883568,1642.14306640625,55.0,0.6681270599365234,2.0,2.0,0.6568141787727302,14.17282485961914,41.0,"{""type"":""Point"",""coordinates"":[109.03031758341218,19.115608220377563]}"
3970,0.0,26.0,226.0,37.20243453979492,189.0,19.32666861216726,110.2073510105534,2218.1337890625,50.0,5.004222393035889,5.0,3.0,0.6418540855558282,12.068387985229492,38.0,"{""type"":""Point"",""coordinates"":[110.2085913042429,19.325235748284]}"
3971,0.0,23.0,9.0,4.169589519500732,10.0,19.950997734630327,110.7732896395487,1453.577392578125,52.0,0.3817470371723175,3.0,4.0,0.6853269749458136,13.423042297363281,47.0,"{""type"":""Point"",""coordinates"":[110.7726043555297,19.95085166525106]}"
3972,0.0,25.0,216.0,12.694009780883789,141.0,19.322177035746662,109.97378903668232,2144.13134765625,48.0,0.8350313305854797,4.0,3.0,0.6440142985720896,13.867963790893555,40.0,"{""type"":""Point"",""coordinates"":[109.97510502620895,19.320764473591446]}"
3973,0.0,27.0,55.0,18.030731201171875,54.0,18.473269092253716,109.66387026366107,1922.37890625,49.0,2.239414930343628,3.0,1.0,0.6682031888421915,12.980705261230469,44.0,"{""type"":""Point"",""coordinates"":[109.66241338393935,18.473548054192587]}"
3974,0.0,27.0,67.0,5.489778995513916,67.0,19.874640935480173,110.31065726822715,1634.347900390625,46.0,0.33490556478500366,5.0,4.0,0.6842091683873138,14.59540843963623,35.0,"{""type"":""Point"",""coordinates"":[110.31077953729795,19.875720828378846]}"
3975,0.0,26.0,54.0,7.9862141609191895,54.0,19.55573900961774,109.20123789233952,1618.345703125,51.0,0.9189883470535278,3.0,3.0,0.6772120869346779,13.872414588928223,39.0,"{""type"":""Point"",""coordinates"":[109.20188571686052,19.555947882709944]}"
3976,0.0,23.0,74.0,7.360637187957764,73.0,19.843199900535986,110.12201105856201,1559.87744140625,51.0,0.9357309937477112,4.0,4.0,0.678762336826555,13.562346458435059,33.0,"{""type"":""Point"",""coordinates"":[110.12316204584249,19.841344982399]}"
3977,0.0,29.0,276.0,19.125728607177734,99.0,19.21887077807292,109.51115666536077,1887.1871337890625,41.0,2.7093324661254883,5.0,2.0,0.6335778521256701,12.650455474853516,37.0,"{""type"":""Point"",""coordinates"":[109.51176595718582,19.21707627619911]}"
3978,0.0,27.0,308.0,15.677852630615234,110.0,19.066157179772603,109.67734499292288,1923.936279296875,49.0,1.9460068941116333,4.0,2.0,0.6213367749329977,12.959819793701172,40.0,"{""type"":""Point"",""coordinates"":[109.67918089085383,19.065266507477716]}"
3979,0.0,27.0,307.0,46.84395980834961,202.0,19.27276969512009,109.69980287502585,1937.529052734375,49.0,11.40424919128418,4.0,2.0,0.600846966025813,11.179361343383789,38.0,"{""type"":""Point"",""coordinates"":[109.69926509383922,19.27335990151356]}"
3980,0.0,26.0,111.0,10.915468215942383,73.0,19.15598870818455,110.04565425941183,2068.39599609375,44.0,0.6490952372550964,5.0,2.0,0.6685269431537111,14.186006546020508,42.0,"{""type"":""Point"",""coordinates"":[110.0468383122863,19.157043152505384]}"
3981,0.0,36.0,640.0,49.3939094543457,598.0,18.48674382151551,109.53361454746374,1837.821044921875,36.0,20.035402297973633,6.0,1.0,0.5270732625125152,10.325263023376465,44.0,"{""type"":""Point"",""coordinates"":[109.53381355900612,18.48839063645398]}"
3982,0.0,29.0,115.0,8.151816368103027,69.0,19.57370531530013,109.60547977019331,1742.6309814453125,47.0,0.7524245977401733,4.0,3.0,0.6833449052812899,14.035829544067383,35.0,"{""type"":""Point"",""coordinates"":[109.60420682885763,19.573944858186977]}"
3983,0.0,29.0,23.0,4.599898338317871,23.0,19.79828413633001,110.70591599323973,1634.4227294921875,44.0,0.1720791757106781,3.0,4.0,0.7127148111052696,14.602849006652832,40.0,"{""type"":""Point"",""coordinates"":[110.70631156889985,19.797980653654456]}"
3984,0.0,22.0,65.0,7.931641101837158,61.0,19.730910490021046,109.6414123815581,1597.5751953125,56.0,0.9211559891700745,3.0,3.0,0.6941466093896062,13.863558769226074,33.0,"{""type"":""Point"",""coordinates"":[109.6432152278883,19.73148688259721]}"
3985,0.0,27.0,39.0,3.335742235183716,40.0,19.87913251190077,110.89456220290481,1361.5533447265625,50.0,0.2511841952800751,2.0,4.0,0.6353393378612483,13.772628784179688,49.0,"{""type"":""Point"",""coordinates"":[110.8924664389678,19.87840630635339]}"
3986,0.0,24.0,213.0,21.65492057800293,111.0,18.612507961292245,109.15183055171292,1741.30517578125,54.0,4.175997734069824,4.0,1.0,0.5824263947258831,12.258573532104492,46.0,"{""type"":""Point"",""coordinates"":[109.15131263882155,18.610490972224646]}"
3987,0.0,32.0,53.0,12.452298164367676,35.0,19.546755856776542,110.24328362191818,1939.3856201171875,39.0,1.1534830331802368,4.0,3.0,0.7218159262197635,13.645686149597168,38.0,"{""type"":""Point"",""coordinates"":[110.24216146891148,19.545926146522053]}"
3988,0.0,31.0,460.0,14.061454772949219,311.0,19.115564520399175,109.25962838580728,1693.499755859375,43.0,2.572566509246826,6.0,2.0,0.5980232036969971,12.569182395935059,40.0,"{""type"":""Point"",""coordinates"":[109.25836042802972,19.113522827395162]}"
3989,0.0,32.0,544.0,35.195045471191406,390.0,19.169463437446346,109.38090094916339,1829.2066650390625,40.0,10.056049346923828,5.0,2.0,0.5861890476389457,11.129016876220703,38.0,"{""type"":""Point"",""coordinates"":[109.3809096213887,19.17153274537204]}"
3990,0.0,25.0,144.0,10.050971984863281,98.0,19.54226428035595,109.5920050409315,1698.8143310546875,54.0,1.2662426233291626,4.0,3.0,0.6449371069750245,13.497342109680176,35.0,"{""type"":""Point"",""coordinates"":[109.59210586506792,19.544248913048484]}"
3991,0.0,29.0,582.0,16.270994186401367,536.0,18.760729983171963,109.798617556279,2038.2491455078125,40.0,1.85921049118042,7.0,1.0,0.5871176012070338,12.79506778717041,46.0,"{""type"":""Point"",""coordinates"":[109.79937350072261,18.76129163759185]}"
3992,0.0,27.0,222.0,41.678096771240234,181.0,18.751746830330767,109.72675233354943,2001.7784423828125,44.0,7.713769435882568,3.0,1.0,0.5706905249543746,11.634760856628418,49.0,"{""type"":""Point"",""coordinates"":[109.72688060655557,18.753935923046072]}"
3993,0.0,22.0,16.0,12.10473918914795,16.0,19.21887077807292,110.45887929010684,2231.53369140625,45.0,0.5422546863555908,2.0,2.0,0.7544608981034104,14.402948379516602,40.0,"{""type"":""Point"",""coordinates"":[110.46025720343133,19.22036313680062]}"
3994,0.0,32.0,27.0,6.0618577003479,27.0,19.955489311050925,109.88844908469093,1383.693359375,39.0,1.0206382274627686,3.0,4.0,0.6990151315473458,13.511870384216309,38.0,"{""type"":""Point"",""coordinates"":[109.8876270752584,19.957379546827514]}"
3995,0.0,27.0,108.0,25.621789932250977,111.0,18.275639729747425,109.61895449945507,1780.9361572265625,53.0,5.132592678070068,4.0,0.0,0.6103329599388532,12.117408752441406,41.0,"{""type"":""Point"",""coordinates"":[109.61785214000888,18.275556996379784]}"
3996,0.0,33.0,19.0,11.558540344238281,19.0,19.807267289171207,109.42132513694878,1265.517333984375,39.0,3.5272133350372314,4.0,4.0,0.7122109896968702,12.546648979187012,34.0,"{""type"":""Point"",""coordinates"":[109.42135414959536,19.807557980098057]}"
3997,0.0,33.0,101.0,10.982560157775879,84.0,19.38056752921443,110.3196404210683,2158.67431640625,37.0,0.5933789610862732,5.0,3.0,0.6759507370890123,14.281834602355957,39.0,"{""type"":""Point"",""coordinates"":[110.3194395861156,19.382194388458235]}"
3998,0.0,27.0,12.0,7.264911651611328,14.0,19.0751403326138,110.55769397135998,1822.966064453125,42.0,0.3817919194698334,4.0,2.0,0.7213296730811719,14.756169319152832,43.0,"{""type"":""Point"",""coordinates"":[110.55792045111815,19.076986455713982]}"
3999,0.0,30.0,43.0,10.625941276550293,29.0,19.757859948544635,110.1624352463474,1730.3988037109375,40.0,1.3862760066986084,5.0,4.0,0.7478823702210272,13.19334602355957,31.0,"{""type"":""Point"",""coordinates"":[110.1638060204132,19.7598441592508]}"
